time, x0, y0, x1, y1...
2.482215642929077, 27.027673387690317, 1264.0562118156456
2.9850716590881348, 3.5923438198964366, 20.0
3.485778331756592, -1077.4689305878971, 985.9743760489104
4.021425724029541, 39.885195629038385, 491.999746912523
4.552045822143555, 238.40037010139807, 1205.7322642907927
5.016798734664917, 172.82591616834586, 1165.216690860898
5.52854323387146, 174.63402270355303, 347.9849531136698
6.005414962768555, 56.073422128606225, 1216.9312687515028
6.5022056102752686, 0.3201126310340898, 752.0080651412007
7.153508424758911, -8.780267902917704, 1406.5725931930826
7.5265419483184814, -1102.1107332045374, 20.0
8.025273084640503, 20.579356211430397, 20.0
8.532083511352539, 253.30952006961834, 1272.4783181780313
9.046757936477661, 378.982991422613, 1275.0479579205037
9.449819803237915, 378.982991422613, 1275.0479579205037
10.05440616607666, 1057.0292414916507, 1270.9233782507633
10.555265665054321, 1126.2107273067577, 1273.4629319925675
11.08308744430542, 1226.2614898439037, 1272.93625780532
11.609884262084961, 1313.397043281359, 1273.9724436093777
12.105793237686157, 1696.497775291243, 1269.5230965018739
12.620510339736938, 2150.6329418908304, 1264.9915561328494
13.1332368850708, 2145.4694143897123, 1265.2249732122484
13.631994724273682, 2138.8819991742703, 1264.2084136353724
14.13282561302185, 2134.4339616495413, 1263.3644023833763
14.629722595214844, 2173.343289330612, 1265.0396284286812
15.143457412719727, 2114.3603525847147, 1264.4646936640497
15.646301031112671, 2117.333642104697, 1264.118272032324
16.14813542366028, 2107.98620511826, 1264.3761745731426
16.81653881072998, 2977.012566585273, 193.99994457383644
17.16763663291931, 2977.012566585273, 193.99994457383644
17.75927710533142, 822.9725718915786, 89.99986191613633
18.169215440750122, 20.0, 20.0
18.859493732452393, 216.01050873428215, 1264.990038569488
19.228554487228394, 216.01050873428215, 1264.990038569488
19.701435804367065, 3895.0124944140653, 20.0
20.2073655128479, 3195.012516454722, 298.99512633656843
20.87864351272583, 96.00133999768137, 70.99919398596387
21.189807653427124, 20.0, 20.0
21.74449396133423, 20.0, 837.9750068370356
22.244282245635986, 468.03082753366385, 1231.9755580358976
22.75506067276001, 20.0, 2099.751377713759
23.253873109817505, 1110.0384278229253, 137.99746413200424
23.665849924087524, 1110.0384278229253, 137.99746413200424
24.256502628326416, 112.00144498950304, 874.0011994715533
24.80209493637085, 2099.000757198274, 589.0135669738831
25.168195486068726, 2099.000757198274, 589.0135669738831
25.839460372924805, 3495.0098367453165, 622.9770554760172
26.376096963882446, 159.00172179015604, 108.00049739362485
26.805076122283936, 159.00172179015604, 108.00049739362485
27.297879934310913, 413.9816071262787, 2144.0195377474565
27.81464385986328, 20.0, 1775.9999999999213
28.188741207122803, 20.0, 1775.9999999999213
28.830018997192383, 20.0, 20.0
29.439382791519165, 883.0042298520684, 1929.437990830406
29.80842876434326, 20.0, 20.0
30.495546102523804, 2330.0191355787924, 182.0022093754444
30.848599433898926, 1487.0012248839498, 20.0
31.33431887626648, 1725.9987607944627, 20.0
31.81220293045044, 641.2524878706704, 1042.1114936635142
32.38294863700867, 270.00008873571585, 953.9981412460738
33.00242495536804, 805.8537506400897, 441.99949288860387
33.545987606048584, 913.0099874993408, 2181.9977845378685
33.939929246902466, 913.0099874993408, 2181.9977845378685
34.562371015548706, 3970.012195672678, 20.0
34.90748906135559, 3744.008390734643, 330.0316280391631
35.39035439491272, 420.9912441863733, 1271.9985540544271
35.9668493270874, 3044.9984509545698, 1479.9970107621764
36.37281632423401, 3044.9984509545698, 1479.9970107621764
37.072153091430664, 3154.0115313040187, 255.00556335472743
37.48106908798218, 2689.9964381255795, 20.0
37.93299603462219, 2458.0128799308586, 126.00030216950167
38.44573783874512, 2824.018572449558, 1494.9986194540434
39.422306060791016, 976.999920742057, 1774.0220535550459
41.055264472961426, 109.1797427974112, 403.20149364478175
41.43227767944336, 499.118750438799, 114.17968467897973
41.83327007293701, 499.118750438799, 114.17968467897973
42.31811785697937, 499.118750438799, 114.17968467897973
42.82878541946411, 499.118750438799, 114.17968467897973
43.464226961135864, 538.3198566411216, 338.33141305443894
43.99888372421265, 602.7529354248447, -8.173945788622383
44.4965922832489, 484.283243762884, 151.03869872737747
44.86963868141174, 484.283243762884, 151.03869872737747
45.50405263900757, 65.43942127122547, 850.7898104040801
45.92596888542175, 65.43942127122547, 850.7898104040801
46.533409118652344, 174.84686175307021, 36.267579873184104
47.02708458900452, 37534.3810343799, 822.5904873283636
47.55675172805786, 757.828869319502, 341.16603686316273
48.07457375526428, 18202.535814600196, -183.37754250641913
48.593278884887695, 915.3623612734273, 1369.344519458605
49.05014681816101, 715.1323581764935, 78.21214183373391
49.542911529541016, 219.808555048679, -20704.036115018676
50.04478645324707, 423.50948367736447, 66.93910520643871
50.56163239479065, 849.062978989668, 251.567607329106
51.06837344169617, 138.4265214985498, 464.1355922169247
51.457481145858765, 138.4265214985498, 464.1355922169247
52.05404806137085, 186.60488568485502, 353.67192290134744
53.05866527557373, 544.066748619146, 243.5004842408648
53.46176362037659, 544.066748619146, 243.5004842408648
53.97057843208313, 544.066748619146, 243.5004842408648
55.824063539505005, 2982.9468327053905, 250.9999979020517
56.33764696121216, 1298.6189997287763, 41.01187814917717
56.6956844329834, 1298.6189997287763, 41.01187814917717
57.17450952529907, 2728.9277484873514, 468.5004716558828
57.83785343170166, 274.65844626168945, -16864.579903068927
58.24681115150452, 274.65844626168945, -16864.579903068927
58.7355170249939, 274.65844626168945, -16864.579903068927
59.28609490394592, 1669.0245163529648, 1398.9999876423894
59.63528919219971, 3313.014010866078, 654.0001203686998
60.03248071670532, 3313.014010866078, 654.0001203686998
61.04204177856445, 3738.002525053531, 206.48315810571452
61.80728554725647, 1367.6272017466035, 102.98972312561035
62.46257162094116, 2269.990894132309, 895.0128707134245
63.336403608322144, 2162.9410286721522, 984.8835488825512
63.871986865997314, 3150.000000000204, 2945.992236593833
64.34574604034424, 3449.986381983798, 602.5992394829649
64.8613932132721, 2340.499999999985, 2954.9929883084064
65.221426486969, 955.3354864610113, 1622.9384231555414
66.08316850662231, 381.3437279536369, 39.01165353113238
66.79947018623352, 703.8086448183502, 530.5581335168805
67.17078852653503, 703.8086448183502, 530.5581335168805
67.77044892311096, 587.4630301244704, 613.999987106407
68.65523171424866, 1930.987544452395, 41.01268895810163
69.65679883956909, 2239.9929085351055, 373.98994760268874
70.42994451522827, 1594.0080635091877, 2353.2322136322896
70.95154356956482, 3405.5848722898995, 40.99953482226255
71.5589714050293, 3314.313611953047, 1902.8941333584187
72.24046969413757, 5055.1860116875405, 1710.621408784918
73.07037425041199, 1414.0092315497577, 1284.0100205048404
73.99696707725525, 1414.0092315497577, 1284.0100205048404
74.49569249153137, 1280.486340943041, 1151.500000000022
75.08215022087097, 127.00000002708845, 490.76200878433673
75.97188663482666, 2462.010135742566, 1288.9888114684209
76.35884833335876, 2462.010135742566, 1288.9888114684209
77.04606080055237, 3147.000000000117, 283.4981744606142
77.43501710891724, 2264.819178143792, 2560.8994760767014
77.842041015625, 2264.819178143792, 2560.8994760767014
78.57210946083069, 1387.9923854070275, 1261.9999368976034
78.86332774162292, 654.999996828736, 272.00012102240663
79.7231867313385, 433.5416700730973, 477.990405105316
80.51622200012207, 874.435718611634, -119.06541443040275
80.92414164543152, 874.435718611634, -119.06541443040275
81.37001395225525, 1638.188721911932, 603.4726624968552
82.02736282348633, 2187.5268892619138, 705.7497602080673
82.61684608459473, 622.9972609039523, 101.99294069434843
83.34706211090088, 55.65456330379892, 2523.216492046979
83.89669394493103, 225.2085366798963, 154.99991561226093
84.36356353759766, 96.63485678454418, 2524.794843532554
86.7278196811676, 164.00316696865252, 556.0108250399536
87.37725472450256, 1191.0901160802377, 2531.0663247505945
87.88206124305725, 1470.0792045415456, 2530.9251798659316
88.39569664001465, 1367.539328335057, 2531.0610531727857
88.89934420585632, 1572.9486861531818, 2522.9008849675447
89.2783260345459, 1572.9486861531818, 2522.9008849675447
89.89666700363159, 1541.43353378643, 2527.8478415542704
90.39436149597168, 1493.7263494456683, 2530.5026056395577
90.79731321334839, 1493.7263494456683, 2530.5026056395577
91.45669984817505, 2490.7486558830287, 2448.846122901585
91.74814057350159, 2490.7486558830287, 2448.846122901585
91.82294058799744, 2490.7486558830287, 2448.846122901585
92.31480383872986, 2490.7486558830287, 2448.846122901585
92.92931389808655, 2539.357296347615, 1796.2313513627284
93.43306636810303, 2499.4905183365286, 1873.550606243764
93.48891592025757, 2499.4905183365286, 1873.550606243764
93.9458429813385, 2514.2291963588773, 1871.7077761296453
94.47349643707275, 2518.2604099950427, 1871.7113348186786
94.93426775932312, 2535.552880040519, 1889.7481006737542
95.10290026664734, 2535.552880040519, 1889.7481006737542
95.31946873664856, 2535.552880040519, 1889.7481006737542
95.96202445030212, 2514.1528058683202, 1886.4095956979615
96.47175121307373, 1993.5301691926948, 1896.0058845350277
96.97060465812683, 2115.822619390436, 1893.3357615543384
97.46934485435486, 2029.7846439070595, 1902.97707988907
97.8705587387085, 2029.7846439070595, 1902.97707988907
98.4960458278656, 2001.0377370524927, 1901.1804566637122
99.01064920425415, 2051.6241788727875, 1903.2824740595852
99.5163221359253, 2128.2083236947037, 1896.3900262601708
100.01603841781616, 2112.1383351482077, 1899.963053468644
100.55375981330872, 2087.8652375986717, 1899.7715500946385
100.64754009246826, 2087.8652375986717, 1899.7715500946385
101.0116674900055, 2087.053085165113, 1899.154745352903
101.52548146247864, 2017.20332402139, 1897.7739036896135
102.01721954345703, 2023.6991681391087, 1896.5359742220137
102.51898574829102, 2020.7644044196384, 1898.2556592638794
103.01875281333923, 1965.9659584817448, 1920.9804798051716
103.51945638656616, 2340.8028262172593, 2134.0197102081515
104.01526665687561, 2180.507361456046, 2403.5105040265876
104.52496671676636, 2127.131256197836, 2494.3750826115665
105.019700050354, 2424.1760910997414, 2499.811969547298
105.5216052532196, 2462.3445879196743, 2499.186037664397
106.03323030471802, 2538.363527751009, 2499.809458089773
106.5180971622467, 2554.787062763726, 2499.524660653056
107.0139229297638, 2631.636792061926, 2500.2312654485154
107.5117871761322, 2536.624377660669, 2501.8041801816926
108.03144979476929, 2580.3218179442183, 2499.6556982427433
108.56609296798706, 2446.802851347585, 2495.508495200203
109.0518479347229, 2227.18902284629, 2489.6848809159205
109.5655288696289, 2133.663738168114, 2488.594814371722
110.06822943687439, 1999.2622422238928, 2484.587499390054
110.56697821617126, 1892.8123293888882, 2480.7096437472565
111.06863164901733, 1832.3865935340366, 2479.8933025544206
111.47957730293274, 1832.3865935340366, 2479.8933025544206
112.10798120498657, 1867.2885211637738, 2476.9977582743595
112.61263227462769, 1913.8417264539005, 2480.8037185416492
113.11340093612671, 1904.6221714919386, 2482.1955301375783
113.5115418434143, 1904.6221714919386, 2482.1955301375783
114.11910843849182, 1780.822513549159, 2478.166711887606
114.62282276153564, 1299.2329142260974, 2467.5251424482235
115.1335301399231, 999.9135294988811, 2462.1201784800364
115.64819431304932, 1151.8492267613813, 2400.5321003837566
116.3643274307251, 560.5603180119707, 433.2398180624765
116.68448734283447, 483.3586593289274, 251.65540370956055
117.19027614593506, 245.41730626111027, 1574.6833954100432
118.71539831161499, 971.3303622938793, 134.14726114001755
119.10637283325195, 971.3303622938793, 134.14726114001755
119.76289057731628, 1255.1869651479226, 1147.8330904409818
120.33841156959534, 2729.1039557377294, 169.98269665176713
120.90591835975647, 2644.9916117677667, 113.00004679634021
121.40367412567139, -4398.829098078883, 740.0755611412296
121.98309087753296, 828.9690422183699, 609.4920579952365
122.79811429977417, 647.6161042114171, 1351.9999903130165
123.80461955070496, 1603.5651799378886, 655.7765979337728
124.32941126823425, 428.95178058985675, 726.1356839263009
124.79318594932556, 1168.3195049248213, 858.980214668846
125.36076855659485, 712.332526906209, 778.7027614577712
125.75578451156616, 712.332526906209, 778.7027614577712
126.55278396606445, 828.4879481024304, 740.0028757407775
126.8499858379364, 953.434636154207, 1642.5281551528353
127.42161130905151, 668.4999999999985, 614.5569308110514
127.84865856170654, 668.4999999999985, 614.5569308110514
128.5039291381836, 1979.8982041058734, 916.837487041419
128.8310821056366, 1909.1151999795366, 1991.1438803642789
129.37672233581543, 943.0248463798627, 99.00237776563532
130.24746656417847, 1551.046979564041, 1638.6191486720932
130.89792394638062, 1910.7614976523976, 3279.9742317096157
131.37673449516296, 1697.9190610830838, 658.0026043595091
131.97528171539307, 5428.874021905682, 58.67056148790768
132.51788139343262, -2516.8513741866427, 211.00000000107602
132.91783475875854, -2516.8513741866427, 211.00000000107602
133.9622187614441, 1175.0649675990717, 1022.4999659319557
134.29733729362488, 1175.0649675990717, 1022.4999659319557
135.11424493789673, 946.0057192911607, 490.98757488192854
135.44340467453003, 946.0057192911607, 490.98757488192854
136.20640563964844, 739.4742461918305, 374.3946880905821
137.23989605903625, 283.49999999999886, 374.51066136509723
137.93325781822205, 1120.75911098361, 267.8347020801413
138.68339252471924, 1638.9820860519599, 898.4999999999948
139.07833218574524, 3469.2470267857198, 315.69612514735894
140.17860412597656, 1663.1221106981511, 528.1422275945705
140.45486211776733, 609.7924913544967, 1107.6119405140087
141.04438972473145, 414.59074583752636, 1486.4212760282248
141.58999013900757, 925.1221935009424, 1002.7277158583579
141.99091267585754, 925.1221935009424, 1002.7277158583579
142.50064063072205, 925.1221935009424, 1002.7277158583579
143.11413192749023, 756.9232961072049, 58.19384264304204
143.74347972869873, 599.5595816591841, 1342.837601047696
144.07459092140198, 70.50000000171549, 807.2922752239211
144.65117073059082, 1164.6098103315444, 23.468680681455005
145.05520939826965, 1619.4312294070196, -17.30770562872567
145.85516333580017, 804.6786297296655, 2865.9291286634825
146.9095814228058, 693.9919588095903, 530.2654152587494
147.6008825302124, 3342.417732298327, 903.8466805683113
148.19236063957214, 1326.00098472342, 690.9840253210411
148.63218021392822, 900.0000400567286, 1071.0190154753907
149.22957587242126, 2645.5599577507096, 1398.0000014052234
149.73920702934265, 2232.0000218815967, 2930.999999999989
150.24285292625427, 934.4999999999659, 127.14373545942853
150.8611924648285, 2349.9862347326825, 475.0000203008464
151.6971080303192, 98.78704002679787, 1365.999331246955
152.09709358215332, 1358.179565462262, 815.0390220461735
152.69753527641296, 438.56648302191905, 641.1089349506664
153.23321175575256, 932.5118521533325, 1202.4120604193408
153.58130168914795, 587.4999999999928, 583.0660675201462
154.24165058135986, 353.49999999999335, 498.64519091340674
154.71447777748108, 1443.2058157722474, 224.53910091418092
155.21715450286865, 496.22319504377174, 132.92561781910996
155.7578580379486, 53.58925564404675, 764.677206703069
156.24760055541992, 1001.0125480928806, 732.602096645167
156.64849734306335, 1001.0125480928806, 732.602096645167
157.16124510765076, 1566.1167396791493, 23.43756087097376
157.81953716278076, 642.9999999987746, 1521.645196000765
158.0519416332245, 1431.7916177314153, 2266.6414746868318
158.56863927841187, 1516.6631498188563, 2284.616056521528
159.08234119415283, 1742.4568390271966, 2281.097045544982
159.57809400558472, 2782.52988931445, 2238.8755082476528
160.2723045349121, 3683.0000000005125, 1288.0096748903827
160.60241723060608, 3631.3072859463714, 2824.4309808422854
161.1352732181549, 2477.88934128863, 2876.582154773858
161.61315870285034, 2435.764167931745, 2621.339895578993
162.00326895713806, 2435.764167931745, 2621.339895578993
162.63966965675354, 2520.7843692241754, 2281.323265098347
163.15727829933167, 2770.2100414616643, 2272.332281763196
163.6880898475647, 2787.3830504862217, 2286.4224802271074
164.16001081466675, 2756.774627124268, 1711.8461227118005
164.69274353981018, 2751.083165737541, 1711.6080660367973
165.17570662498474, 2752.4005014249456, 1715.039892720527
165.69048500061035, 2693.5574514400582, 1689.767844377837
166.18725061416626, 2653.3649413617354, 1622.6143461367349
166.7129008769989, 2662.8566084337126, 1618.037794608244
167.1997218132019, 2708.7463101348103, 1619.393893003089
167.7335615158081, 2770.0051792321483, 1622.7560587707565
168.21836042404175, 2751.2210758009624, 1617.2432086524818
168.7440903186798, 2727.241490559312, 1622.0868987361637
169.24186873435974, 2706.6311102851064, 1621.0523213787753
169.74556231498718, 2722.4660014870974, 1618.5736451846576
170.21942496299744, 2641.5770338089787, 1622.2154778770464
170.62851524353027, 2641.5770338089787, 1622.2154778770464
171.21715760231018, 2614.918291603454, 1623.392976317559
171.74788355827332, 2633.919021783745, 1622.6161008776676
172.229633808136, 2655.6176598273846, 1621.367848584355
172.78226494789124, 2642.618172910414, 1621.827588235828
173.24523162841797, 2638.502031719428, 1621.869787216354
173.81884908676147, 2648.9890945163074, 1621.319446179947
174.2666573524475, 2643.3316245875367, 1621.1740168563738
174.82841157913208, 2649.9386635526357, 1621.8614957758198
175.28638625144958, 2655.2646889321377, 1621.4237326316097
175.81699323654175, 2623.1420928898015, 1622.2397549822751
176.2968373298645, 2615.3499091581516, 1622.7479726371241
176.84246182441711, 2627.4884501298116, 1622.2704177105607
177.34928822517395, 2609.3535167224563, 1622.2453589677013
177.8350715637207, 2631.3458600495132, 1621.7425928621558
178.3158838748932, 2646.837628541855, 1620.9460704657877
178.8625304698944, 2613.423027767518, 1621.8814487307322
179.33830571174622, 2614.6133992273676, 1622.0557440647822
179.85115122795105, 2618.458986044123, 1621.708488315481
180.3458755016327, 2609.9978179429518, 1622.5218501961842
180.850670337677, 2615.1289459435047, 1621.931222797752
181.3415105342865, 2613.6760764022547, 1622.4399551473118
181.85930013656616, 2620.54790616845, 1621.0207026862608
182.35703682899475, 2620.901212527279, 1621.0741265213508
182.87177562713623, 2588.910445573726, 1623.0382448401665
183.36859726905823, 2525.5758507336477, 1623.5288081654035
183.89546394348145, 2676.370238372396, 1623.0877131868367
184.38230967521667, 2692.99403397471, 1624.0875186969286
184.8930926322937, 2719.4493341631687, 1622.817580609536
185.38394379615784, 2741.0363636878824, 1622.9074240896089
185.77405881881714, 2741.0363636878824, 1622.9074240896089
186.39262318611145, 2769.1836344144103, 1622.806353608938
186.9173355102539, 2771.218175024335, 1622.7886218619221
187.4251537322998, 2771.94920816343, 1622.4815981084641
187.9259614944458, 2771.764278039771, 1622.3207146668344
188.4307210445404, 2772.104366021634, 1623.159386954413
188.94655513763428, 2771.741654505414, 1622.9964718215415
189.45041155815125, 2772.4207322577304, 1622.8338713213864
189.94612884521484, 2772.662389086185, 1622.8600201910174
190.46704244613647, 2772.9699016894406, 1622.6537922939751
190.9488170146942, 2773.196548299754, 1622.4103421723473
191.47164511680603, 2773.6752255648794, 1622.5840246882756
191.9684271812439, 2773.400749412837, 1622.3256257189457
192.46932411193848, 2774.0780848142604, 1622.1049795257543
192.96905755996704, 2795.9407340983557, 1622.1080126035176
193.47503185272217, 2796.7218952423514, 1622.6517732993857
193.9818034172058, 2797.051013586225, 1622.8482185123478
194.49064946174622, 2796.835827171466, 1622.6826250085714
194.99643969535828, 2796.441013700313, 1622.472524288999
195.5011646747589, 2796.919230036892, 1622.41334575177
196.0139479637146, 2797.210403097481, 1622.049387084876
196.52270698547363, 2796.7082531668866, 1621.9565612768622
197.03340935707092, 2797.054379269047, 1622.6145213994976
197.53726959228516, 2796.5860149470445, 1622.064393382421
197.9284975528717, 2796.5860149470445, 1622.064393382421
198.5380096435547, 2796.8246576235642, 1622.0037702741204
199.06580543518066, 2797.282165603641, 1621.8432066342411
199.55050444602966, 2796.908301722439, 1621.771282818916
200.08806109428406, 2796.6768259457926, 1621.9226381420672
200.4573028087616, 2796.6768259457926, 1621.9226381420672
201.06694412231445, 2796.959287745851, 1622.1388388821938
201.57558608055115, 2797.468488002678, 1621.4386694905727
201.94280004501343, 2797.468488002678, 1621.4386694905727
202.57826495170593, 2797.371982911968, 1621.372985432747
203.07605004310608, 2797.336794856306, 1621.1982573879047
203.5848581790924, 2797.48264748575, 1621.5811712668724
204.07865524291992, 2797.6591697939857, 1621.3317677087077
204.59261059761047, 2797.895694126204, 1621.5140265125947
205.09942317008972, 2800.5196064555325, 1622.0277690733765
205.6312279701233, 2800.6423253180633, 1622.0379712961355
206.12921380996704, 2800.8158686198985, 1620.9347943784787
206.6389286518097, 2800.1353248666865, 1622.0756996415003
207.13476395606995, 2800.382445556219, 1621.8704139852252
207.65642380714417, 2801.3890004404057, 1621.8206279309995
208.16121292114258, 2800.5578021573965, 1621.480072646045
208.6658799648285, 2800.989334757778, 1621.3738357139518
209.17251825332642, 2800.268918244697, 1622.2250502820111
209.7569489479065, 2800.4802520202243, 1622.1340815881229
210.09603810310364, 2800.4802520202243, 1622.1340815881229
210.68964433670044, 2800.47688405353, 1621.3723382759947
211.17748999595642, 2800.4082461238877, 1621.5881437740416
211.68735480308533, 2800.2059006004656, 1621.24792199904
212.07945919036865, 2800.2059006004656, 1621.24792199904
212.6952064037323, 2800.5789423739902, 1621.7120050380217
213.08536076545715, 2800.5789423739902, 1621.7120050380217
213.71386885643005, 2800.235023504375, 1621.6431069485843
214.08502960205078, 2800.235023504375, 1621.6431069485843
214.70850944519043, 2800.2325384711817, 1621.137888776038
215.21036338806152, 2799.603111378414, 1622.0065678690248
215.73814225196838, 2799.5977879520437, 1620.9810138949906
216.22804021835327, 2800.260671048499, 1621.6760167120553
216.98429989814758, 991.0240358068329, 790.1542258135446
217.24260544776917, 2944.6421808709524, 1946.7599685860594
217.7603087425232, 2798.595825389807, 1622.6639193381254
218.2482295036316, 2798.70994683384, 1622.2925137476982
218.77507042884827, 2798.8864078600354, 1622.3854607594685
219.30480241775513, 588.3734575235712, 386.0912576923192
219.92226386070251, 771.3833594381816, 499.0381101312832
220.28134107589722, 2798.381234443893, 1620.7975042597432
220.88088274002075, 647.1045137466898, 425.1834770965329
221.36365389823914, 57.38066826801002, 1488.5181314919337
221.8126609325409, 2799.134730055453, 1619.9583349128388
222.29552936553955, 2797.559943626438, 1622.6932724983733
222.70569133758545, 2797.559943626438, 1622.6932724983733
223.31723403930664, 2799.1516548411114, 1621.0078980797457
223.82808256149292, 2797.4112646659064, 1621.364943508716
224.30393433570862, 2797.7812417319105, 1621.2657471114635
224.87971472740173, 2797.0565058958855, 1621.1820077061802
225.30366015434265, 2797.0514269953096, 1621.4711003402217
225.8494257926941, 2797.8773389462503, 1621.1732732863506
226.31435227394104, 2796.8223926564065, 1621.8814163326488
226.85313177108765, 2796.1587071772133, 1621.5706764110532
227.3220226764679, 2796.557929734975, 1621.3735057499528
227.84882068634033, 2796.475566404203, 1621.5356307528
228.33558869361877, 2795.9397216470607, 1621.7801234070275
228.85936307907104, 2796.178192172143, 1621.1512281895634
229.3503086566925, 2795.8428315680358, 1621.3079260463055
229.86502313613892, 2795.6984155441596, 1621.466744508614
230.34599804878235, 2795.6915962348185, 1621.4307428847299
230.87275743484497, 2796.358940219116, 1621.9670539834697
231.3556010723114, 2795.5918370302757, 1621.810673871325
231.87741684913635, 2794.8566746408646, 1621.2136445567903
232.37421011924744, 2795.322802653855, 1621.534743672836
232.87190747261047, 2794.906612791994, 1621.2504563628047
233.39657425880432, 2794.5728821805715, 1621.4229791293662
233.88447999954224, 2794.810264782994, 1621.2943745623425
234.3872411251068, 2794.6574233238644, 1621.6351373147113
234.88396859169006, 2790.606056726637, 1623.4236284499934
235.3978796005249, 2790.302014071208, 1623.329536565553
235.91074442863464, 2792.2778649383818, 1622.5932644881243
236.41661047935486, 2369.861051127114, 1701.8205395318696
237.0031087398529, 635.720196809072, 327.37264328903717
237.56575465202332, 1106.0093455125389, 849.685513073948
237.93482041358948, 1106.0093455125389, 849.685513073948
239.0033881664276, 585.302740773516, 305.2940902367624
239.70762419700623, 626.848340412472, 362.08049966412835
240.03374814987183, 626.848340412472, 362.08049966412835
240.74399518966675, 426.95307671496175, 458.1791607481077
241.13893365859985, 426.95307671496175, 458.1791607481077
241.5857343673706, 781.9233815131624, 991.6739890277618
242.21504616737366, 480.02498618385476, 338.2058892795814
242.63790893554688, 1035.1408418673511, 596.7324449901688
243.10066628456116, 845.1696638503041, 683.838694110391
243.57248735427856, 1155.853703859114, 921.8888013792549
244.1270878314972, 536.5896657432322, 761.6161041926414
244.543936252594, 950.2685557515046, 232.7332387820274
245.08249139785767, 1045.0825646560754, 626.6929280783119
245.43459677696228, 1045.0825646560754, 626.6929280783119
246.76729106903076, 994.7472721216918, 474.9606757078546
247.3227984905243, 1734.6672316907964, 105.19764215317913
248.10883140563965, 1497.4836316863673, 555.563747426023
248.60457301139832, 1165.1980138013403, 598.826305941101
251.13350439071655, 638.178436993938, 338.48931965281315
251.6053807735443, 1074.7537573994325, 181.46785614179515
252.17699074745178, 1187.771579031554, -108.35036591975381
252.64476871490479, 1642.4081462525876, 604.1446276307947
253.16142916679382, 1130.4493672189599, 184.11513072968287
253.6731152534485, 236.05746008068655, 1150.1035910365144
254.06916689872742, 236.05746008068655, 1150.1035910365144
254.56896948814392, 236.05746008068655, 1150.1035910365144
255.3140971660614, 1226.8424014819002, 984.4429422058153
255.73001146316528, 580.4414149839406, 32.78967572313714
256.18978571891785, 573.6447434479619, 80.00016116510568
256.82327032089233, 297.6939505925576, 112.5255752645026
257.15545535087585, 885.601155970963, 817.0251998963188
257.54455971717834, 885.601155970963, 817.0251998963188
258.08810091018677, 885.601155970963, 817.0251998963188
258.80528473854065, 3210.4999999999773, 662.5486161642328
259.19224643707275, 641.5730078480187, 543.8687664111601
259.8186571598053, 2154.010713064362, 846.857552854365
260.3941123485565, 1275.0722393544504, 793.0052619456656
260.89676213264465, 604.4406742206833, 214.40437623403437
261.25679564476013, 1292.986216071198, -67.93499710908189
261.8881003856659, 1896.1741055311184, -82.35624132535617
262.4535810947418, 3851.930369867983, 1296.1695997512845
263.19365644454956, 983.3195090661758, 692.9548134323836
263.7243814468384, 1026.9402531467779, 1049.2494144150778
264.23005723953247, 2166.825788253973, 243.00000000003268
264.8135633468628, 1414.1199437728872, 98.49999999999602
265.4329843521118, 503.8735651546925, 1235.5916868299614
266.0123977661133, 1352.8671148175733, 1002.9653271900911
266.74871253967285, 2044.360681587042, 2080.10331119297
267.322336435318, 205.45955668435508, 321.12812039255897
267.94677567481995, 1240.373880147471, 26.84743831150809
268.42349553108215, 5467.200449478405, 165.1787537921508
268.8513460159302, 576.7224703503445, 2338.753440903154
269.3410315513611, 281.24586122575926, 411.4260017232691
269.8027911186218, 940.7126067459386, 416.4999999999975
270.47797894477844, 87155.87439016707, 373.62132190392435
270.97763681411743, 2296.499959823324, 315.4250357479106
271.5860028266907, 707.7558435182146, 740.4366101952132
272.48885583877563, 1676.8978432223246, 525.6685340108083
273.12219285964966, 2530.4945159878553, 2899.377347163988
273.8453137874603, 1859.8303099026962, 983.6265846860805
274.3591196537018, 471.0072062358118, 327.6972656693227
274.7491788864136, 471.0072062358118, 327.6972656693227
275.247953414917, 471.0072062358118, 327.6972656693227
275.909419298172, 623.4227606050044, 139.7084909568311
276.3643093109131, 647.3417572633948, 807.2173055851207
276.7723767757416, 647.3417572633948, 807.2173055851207
277.5475549697876, 267.5731017653767, 388.8446424589787
277.9016237258911, 995.0228912395884, -25036.446483419786
278.4103662967682, 259.8777137010201, 55.37765982682025
278.9290952682495, -17383.496314568598, 669.1079062625977
279.46174120903015, 1002.0963186212841, 1070.1897379488812
279.8558406829834, 1002.0963186212841, 1070.1897379488812
280.50725531578064, 1866.7008586304053, 84.46889700058438
280.8903787136078, 1866.7008586304053, 84.46889700058438
281.5219521522522, 66.68066033960625, 539.1339967442535
282.2730004787445, 831.1359646958987, 17.543374997160377
283.015239238739, 254.8709906751837, 2143.000466573324
283.6017246246338, 502.0424187940348, 92.16718300241588
284.070570230484, 259.2327589858612, 27.59372702721864
284.5663261413574, 901.6055500984878, -2259.1461466547216
285.05208587646484, 80.59207004426042, 708.4942217786888
285.4372179508209, 80.59207004426042, 708.4942217786888
286.0907316207886, -3731.483618824303, 915.0000000000065
286.68515253067017, 168.93150525264554, 552.2380782683432
287.04318594932556, 635.4734003809031, 328.5413255376708
287.78042459487915, 1433.2411107380524, 277.87867625428163
288.7421307563782, 565.5886677696412, 274.8300284837794
289.0942130088806, 511.2853053808511, 88.49999999999966
289.56597924232483, 361.50125579241245, 1370.4999999999031
290.11655616760254, 228.00011146389508, 1069.2778167536433
290.733948469162, 560.5028337697966, 374.4087953715706
291.00422286987305, 752.6623125304635, 6.010121123257513
291.68948006629944, 609.239750159944, 444.70301095157083
292.04358768463135, 1176.967311986633, 779.499980873298
292.5682716369629, 1104.3107691530515, 362.20411671407646
293.066020488739, 148.03062571547923, 849.5383463278906
293.46905612945557, 148.03062571547923, 849.5383463278906
294.12155747413635, 1435.396563203466, 429.95627525817326
294.5994381904602, 640.5152888655269, 1180.5900706476393
295.13803362846375, 494.26376417623186, 1300.0799892016944
295.61790108680725, 644.0297256788205, 27.597575423163303
296.11862444877625, 1282.4724077150183, 141.48869205145888
296.6952712535858, 792.2109184391514, 468.9134219248894
297.1261947154999, 457.2861759505006, 553.6789363332106
297.6228733062744, 1093.5182423936826, 1105.0123764921575
298.0746922492981, 571.0457650755075, 1238.6382574639117
298.61731362342834, 1074.349062703396, 103.51427012466128
299.1160821914673, 821.1868651296218, 884.4144354521928
299.62278056144714, 1621.300264866811, -76.03174618560925
300.1086513996124, 749.7525797230929, 2093.881096046828
300.599401473999, 372.99161005158277, 2904.7562483690203
301.1092071533203, 334.12070664521434, 1032.83409822023
302.1147770881653, 70.84716447970347, 360.65646005789586
302.61672377586365, 352.0341139237351, 531.367238280018
303.13147234916687, 507.0614684416843, 65.52122685171508
303.6092851161957, 30.500000000292154, 107.47210554187718
304.14013385772705, 1141.0292708855734, 213.3740124193289
304.6648907661438, 864.9270206898588, 267.33913591831924
305.0548450946808, 864.9270206898588, 267.33913591831924
305.69512248039246, 447.62486349792215, 117.81466254321708
306.1848073005676, 380.8613826628989, 114.80834230267241
306.73532938957214, 416.0372013126404, 126.68074662164372
307.17714381217957, 829.4022237606792, 92.7020911286256
307.7327666282654, 621.6267369058735, 63.257331804877516
308.27929878234863, 442.5077669248334, 466.4113830808032
308.8377990722656, 1200.5587101350673, 1358.1058765718867
309.2716336250305, 301.999999983952, 18.066138193022173
309.7833831310272, 626.9037033846852, 850.8362665307146
310.3300223350525, 547.2681960627049, 491.0141988685678
310.802818775177, 1125.4872933244303, 2119.683074861488
311.2915711402893, 1001.2724303647582, 1740.499999999989
311.85217452049255, 504.4412876113313, 93.00592260133251
312.36891531944275, 137.99949322810593, 1207.0039781382477
312.9384903907776, 929.0044601425052, 342.4644930645642
313.510945558548, 1167.16687526487, 2602.570915874659
314.03254437446594, 1220.9253925273533, 1941.4999999999513
314.6020154953003, 594.9999999999483, 1656.991474823461
315.4779324531555, 2922.745491535521, 2816.987362556755
316.02752137184143, 396.499999999999, 2340.659818910002
316.35267424583435, 361.21771821701213, 1410.7215632613568
316.7706425189972, 361.21771821701213, 1410.7215632613568
317.5447406768799, 234.01945173565002, 584.744550546327
318.05139207839966, 24912.676993447123, 224.87972608128743
318.4124114513397, 1618.9367341273498, 933.872686667252
318.84342980384827, 1618.9367341273498, 933.872686667252
319.38310956954956, 419.98691359652287, 1439.8542765442874
320.16810941696167, 1112.3825224652815, 1479.3560284560165
320.9192044734955, 278.9493822412087, 1461.3532946976607
321.5456221103668, 12.173227122435229, 605.1769598442605
321.9226105213165, 291.1079168444657, 2605.917448687682
322.6786026954651, 1809.4999999999873, 1074.0225769119024
323.39694237709045, 891.4669681953578, 1948.9340673378993
324.094181060791, 1012.6190527681446, 677.4999999999593
325.33797240257263, 248.60050245881146, 1634.4983919500612
326.05122900009155, 173.5922668871206, 164.99618399184752
326.6088333129883, 378.10982599784825, 886.5803338353502
327.1304454803467, 1193.201344077829, 148.257690568673
327.45158338546753, 1029.2992199939345, 1074.7108849292035
327.8446433544159, 1029.2992199939345, 1074.7108849292035
328.5249729156494, 477.03132560955146, 1552.786729660793
329.1861972808838, 1448.8087193268211, 54.61109738961637
329.5462305545807, 1393.499999999966, 2921.499999999969
330.0189609527588, 1418.6428352274895, 838.4542918784759
330.516624212265, -117.11476648683261, 17358.61661174031
331.1967978477478, 816.5051940229697, 5181.674634820372
331.6934642791748, 397.36572979171837, 2960.9999999999864
332.0914263725281, 1300.4972634184805, 9.999414903264338
332.57022857666016, 53838.21427386569, 551.407700642382
333.4000668525696, 1635.204598120878, 2096.8704539871146
334.03646421432495, 833.9999999999902, 430.95650099458607
335.88253831863403, 40.018710223879054, 374.44106133276154
336.78118896484375, 1054.0088943606095, 1661.0259932611048
337.38656282424927, 194.92631623696133, -238.9442885641018
338.13059639930725, 881.7425012617364, 227.00320900775938
338.57939195632935, 1172.0000161368655, 651.9451658601716
339.09101819992065, 956.6217563879927, 1778.9161707882784
339.61064434051514, 1544.7961237965649, 1717.1999783595945
340.394540309906, 835.0001915419962, 419.3543682188028
341.16280937194824, 1018.876114931228, 740.9961937240589
341.55082535743713, 1018.876114931228, 740.9961937240589
342.40251898765564, 22.39363792046803, 375.0109213932673
343.2602844238281, 3822.499999999986, 874.6319364511593
344.10204672813416, 1388.9978204215001, 489.9999874499742
344.6238167285919, 3351.4660784510706, 1923.760160852936
345.1525764465332, 2434.982109605766, 1666.261936982346
345.67816615104675, 706.3290380582667, 2470.72629886862
346.2675824165344, 355.65754529143135, 1269.04828740673
346.71240520477295, 2694.6017940174906, 2261.4739484832394
347.19823932647705, 3580.517973273754, 2981.730497153599
347.67200446128845, 3110.0725803853, 1579.1693572118454
348.1618149280548, -1267.200702033384, 1076.7790880060902
348.74535298347473, 3768.3697240035644, 715.720668099284
349.3018901348114, 3042.831454116017, 2775.951911518267
349.7138161659241, 3388.875445075525, 836.0692101385733
350.80208015441895, 3169.9996138999613, 58.42765276475601
351.1800651550293, 3169.9996138999613, 58.42765276475601
352.0739276409149, -18374.445261440367, 453.0275077502259
352.90575766563416, 1930.047776170285, 40.98654051169006
353.2927756309509, 1930.047776170285, 40.98654051169006
353.8004357814789, 1930.047776170285, 40.98654051169006
354.27835845947266, 3725.00000001077, 1092.0703864794204
355.02939891815186, 2582.9931019175365, 446.2893135194979
355.43530893325806, 3457.0187742544585, 1217.0098796739474
356.2072494029999, 1930.0074618440851, 39.98720025923478
356.9535005092621, 3288.657157841421, 1980.0094241952197
357.3424565792084, 3480.895171394872, 1045.4327126654891
357.73449182510376, 3480.895171394872, 1045.4327126654891
358.50571846961975, 1930.9999230816934, 1603.4570930113612
359.1101007461548, 2986.9999997083837, 962.7261335815116
360.060608625412, 1059.9999999840854, 52.010487486200404
360.35884833335876, 3214.9851957840806, 1775.9388728730976
360.97722935676575, 3519.117541089831, 2389.4999999999736
361.37025475502014, 3174.9946122099523, 2001.0214495303485
362.477459192276, 2955.002831089324, 2125.4999999999513
363.1048367023468, 3381.827808342895, 577.4999999998213
363.6942546367645, 2324.764827392941, 1517.3395241974347
364.50436305999756, -5804.795219930398, 153.00000000006523
364.89738631248474, -5804.795219930398, 153.00000000006523
365.4031729698181, -5804.795219930398, 153.00000000006523
365.89219188690186, -5804.795219930398, 153.00000000006523
366.96839427948, 2965.9999432976547, 1512.559753775472
367.35539746284485, 2965.9999432976547, 1512.559753775472
368.1803529262543, 2594.707530290219, 1346.5910447324457
369.06924271583557, 2594.707530290219, 1346.5910447324457
369.5899329185486, 820.5620007390087, 1662.0000000000075
369.9350323677063, 3297.7162105317157, 386.7944995472098
370.44279623031616, 3871.2836291073036, 12862.882214746482
370.98438572883606, 3219.208276179964, 859.5781550537423
371.6716682910919, 1930.4367122805336, 1706.0000000034245
372.221164226532, 2129.6660393494817, 389.9999335006715
372.60912251472473, 2129.6660393494817, 389.9999335006715
373.1646304130554, 3268.3427042148146, 23.216496494929373
373.7052538394928, 3564.1917627859275, 2815.9999991417894
374.0702724456787, 3564.1917627859275, 2815.9999991417894
374.66470432281494, 3564.1917627859275, 2815.9999991417894
375.0566520690918, 3314.2907821743443, 836.8590888189592
375.5784378051758, 3547.5595816087807, 126.29698750702164
376.0463056564331, 2715.6499366806484, 549.5044105275123
376.59689831733704, 2492.731003010772, -171.84463572633362
377.0916292667389, 1283.8227564600113, 275.57908173200457
377.57437801361084, 1871.4465913596853, 21.805440546637723
378.0501551628113, 1663.7572804701479, 70.99996699647531
378.55589270591736, 1987.0917507454758, 357.863049760229
379.11343264579773, 1734.0994750165562, 32016.06636656264
379.5752899646759, 2031.1832213472435, 426.3659476057037
380.0880346298218, 2362.163939158075, 279.7715033138727
380.5968179702759, 3640.656068360164, 270.8106276015471
381.1015074253082, 3293.0639227160073, 49.298401729793554
382.1100318431854, 3413.7018043964003, 192.61021799566615
382.6078281402588, 3084.5373382868197, 566.0492693705556
383.11067962646484, 3067.9901762553586, 240.24010264461984
383.6294574737549, 3434.8500803469183, 4.481006354908936
384.1182851791382, 3148.2650027623154, 3.999999999427866
384.60711097717285, 3390.6161315304566, 961.7510518763285
385.1357398033142, 3442.697229067793, 1941.2233211081984
385.6165871620178, 3404.7765803375123, 204.73195303370355
386.0944309234619, 3700.695384126047, 1370.4882394027707
386.6310284137726, 3372.2522564236783, 457.9883076505834
387.119752407074, 2403.1099650868264, 196.15698132179375
387.6305582523346, 3367.020990162517, 451.00726908397706
388.1202800273895, 3369.521178909063, 184.37407148900976
388.6508948802948, 3322.845882698779, 95.09042042971878
389.1515431404114, 3744.7500289680156, 248.70939766020385
390.1777868270874, 3471.7552273810643, 391.80522810293473
390.68841552734375, 3723.667668920456, 275.57815817912416
391.71964716911316, 3432.0765139255327, 470.1040971650694
392.21152567863464, 3465.0630509886514, 449.4682114366712
393.7569143772125, 3536.7190745422404, 488.2062916339694
394.259690284729, 2995.0691101269167, 355.8250653479106
394.7983343601227, 2419.886980348938, 266.8299116537945
395.24526596069336, 3556.482855120271, 63.45884214788901
395.64441204071045, 3556.482855120271, 63.45884214788901
396.2579870223999, 3541.4532173253483, 10109.491383922605
396.8166868686676, 3682.4958539766885, 424.68013924299527
397.2756142616272, 2675.964790889228, 66.28767195663659
397.6797196865082, 2675.964790889228, 66.28767195663659
398.29329895973206, 3426.754884387361, 134.66066720034777
398.7920458316803, 2649.781557367729, 273.55138851343133
399.3147485256195, 3585.442743357245, 104.2990710130355
399.8493700027466, 3569.416496339537, 439.78433521888337
400.29623460769653, 3866.186923346905, 354.38513781065217
400.8398997783661, 3347.2008459528556, 312.1753525478801
401.31878328323364, 3387.5831953293396, 44.17190602134356
401.8506269454956, 3378.3445784454257, 495.14820932122836
402.3694453239441, 3274.9947099799106, 352.50000000002666
402.84420108795166, 3867.2455197004097, 512.0202171791793
403.2104070186615, 3867.2455197004097, 512.0202171791793
403.8441047668457, 3725.1802541546263, 257.80112139933027
404.2451469898224, 3725.1802541546263, 257.80112139933027
404.88170409202576, 3603.421261087803, 526.6542955803219
405.3546118736267, 3454.6149270838087, 340.98081667373776
405.8973824977875, 3430.5447003534887, 541.2840134212485
406.37722992897034, 3587.5624840077326, 128.62684674417167
406.88200092315674, 2896.1810147237193, -38666.33572542462
407.3538360595703, 3192.4210716479283, 458.4677851713111
407.891574382782, 3527.3127890414867, 552.9176131210511
408.37249422073364, 3459.270079625799, 190.50518250954357
409.9127848148346, 3432.028229102964, 548.4625137976136
410.41853618621826, 3722.074131850877, 220.76014768935676
410.81658458709717, 3722.074131850877, 220.76014768935676
411.9419548511505, 3429.0429964402856, 306.1320777873031
412.4207947254181, 3329.613841981953, 441.56073604049595
413.46023869514465, -119736.21778107624, 46197.420826772846
413.9561731815338, 3561.09713765561, 998.0634569266062
414.47096371650696, 3231.303500273603, 442.43268743987034
414.99259638786316, 3100.635567535329, 1658.1857022689153
415.5033450126648, 2058.025634006514, 602.9180334659395
416.0091426372528, 2031.1105900611951, 464.0675070984415
416.6028332710266, 2239.9097305598966, 1898.0309848726258
417.00272154808044, 1860.7852165160523, 1826.3801529378457
417.9923448562622, 3034.272966055313, 670.6237037772003
418.99689507484436, 1902.7918529554738, 669.5907590831883
419.52257442474365, 3316.117583235823, 240.58110543895307
419.9934010505676, 3308.137412412949, 58.130285008840445
420.5461711883545, 3418.5525861009733, 2.2441480813268293
421.02703499794006, 2815.2150376071186, 275.2740591983687
421.57762932777405, 1794.7039654007988, 2396.9643278912486
421.9745948314667, 1794.7039654007988, 2396.9643278912486
422.541268825531, 3329.0889403793885, 147.19135596201878
423.0779414176941, 417.0939143102333, 56.159914084812236
424.0764489173889, 2358.501393443417, 694.1137889889097
424.5732774734497, 2303.5092495369063, 34.43705259512756
425.0760498046875, 1212.9626631550084, 118.31565179202465
425.59381580352783, 1408.1232990735375, 229.00710630203127
426.1365239620209, 1301.62878556781, 23.316012659844237
426.62337851524353, 905.6764615598435, 88.99998387914994
427.12723898887634, 969.4009450484489, 70.05466649118938
427.6380240917206, 1319.2549966787933, 343.11254824686716
428.1326894760132, 586.5691073911588, 92.70267921064614
428.5297763347626, 586.5691073911588, 92.70267921064614
429.0356488227844, 586.5691073911588, 92.70267921064614
429.6830966472626, 3264.4313516350603, -9.580903730110828
430.1888921260834, 130.98891983410763, 2652.089853543514
430.98785495758057, 369.3706144418676, 477.99220505048777
431.72400403022766, 2110.5454593617737, 153.0000159153038
432.19894790649414, 8860.147471222559, 467.5540994198071
432.7235679626465, 2599.7815161147932, 29759.699749561572
433.200475692749, 2675.4829997254983, 33.24194660574657
433.7243902683258, 1774.5163972065134, 53.78843649926674
434.2221384048462, 3511.297720942082, 684.913283176408
434.8386206626892, -84153.74636308198, 91.43442198778351
435.31434988975525, 3267.000031861277, 75.50000000109196
435.8619191646576, 2241.62958780022, 490.43731821133787
436.67784309387207, 423.00000000058503, 1012.9891986494828
437.3890745639801, 3131.989825421347, 996.9999999999978
437.91466760635376, 901.9999999999438, 2044.500000004646
438.5160536766052, 46856.1310129682, 1747.5000000000296
439.528448343277, 1960.488301321552, 1901.5000000000243
440.5089862346649, 3124.176192219803, 940.9921843427896
440.87101435661316, 3058.559509170283, 2470.0528486510716
441.5023989677429, 3774.981852016092, 3076.641742370789
442.5027759075165, 962.4999999989186, 1689.5796048920508
443.3036255836487, 1388.9947086146963, 102.99514256188493
444.19727635383606, 1388.9947086146963, 102.99514256188493
444.80386114120483, 1112.004769897657, 593.5000000009433
445.296635389328, 2479.4999999999877, 2222.568745954309
445.81832933425903, 2681.2640773569415, 513.8549329299625
446.2812192440033, 2193.153533905368, 207.9960782763107
446.7758996486664, 2087.981151599994, 596.6279366914789
447.15804624557495, 2087.981151599994, 596.6279366914789
447.8524799346924, 1851.7647120591741, 768.9098426721321
448.3103187084198, 3585.999418012517, 457.4181468564357
448.9835116863251, 3449.3217798604082, 81.03365722386528
449.3415493965149, 3247.990390955928, 674.6841156555197
449.89406514167786, 3545.3919329730597, 178.43134080629667
450.893728017807, 2314.994261239216, 419.77042427483536
451.36452412605286, 3337.9431331846217, 1309.694342618069
451.90909242630005, 3474.910373901003, 1111.6940665029233
452.39398407936096, 3408.5204091222604, 4292.17791111206
452.9276964664459, 3634.284737897069, 925.0199427873455
453.3795094490051, 3556.8216243824963, 1428.5294660217057
454.42498779296875, 3545.4891036891668, 655.822887530729
454.9437327384949, 3274.0928668534866, 802.3206601139049
455.4204788208008, 3583.5669364221253, -555.1473790732027
455.8314652442932, 3583.5669364221253, -555.1473790732027
456.6664500236511, 3527.896297233831, 153.85036322390474
457.437659740448, 3152.4999999999804, 2338.1179236813146
458.1208894252777, 1435.4526567861747, 783.8266784786533
458.7541892528534, 1313.000000000365, 2474.007196300873
459.47567343711853, 2270.4337309802813, 1455.2881015445091
459.9463782310486, 3180.499999997908, 97.99630446677968
460.7353608608246, 3064.101635353094, 121.98985864591833
461.59422540664673, 2149.992911934048, 919.8281796391609
462.21456003189087, 3230.9879462272015, 658.993447256627
463.20023226737976, 3346.4999999999773, 52.55517970493725
463.57522559165955, 3122.8953179940195, 2630.999999999997
464.0529646873474, 2123.69252121087, 1057.010049407922
464.48885345458984, 3761.437052513242, 1396.4999999999923
465.2318913936615, 2832.002078502699, 1539.5327006060372
465.79138827323914, 2773.999994911695, 2370.9999999651354
466.682341337204, 2773.999994911695, 2370.9999999651354
467.32860589027405, 1476.9927576969717, 885.4999999999912
468.24036931991577, 272.1063273238467, 489.9937982246753
468.7639639377594, 3118.0034596384285, 2776.09380137623
469.78943610191345, 122.00077836125924, 893.9919230935827
470.61243987083435, 2193.8480832954556, 462.5762463955122
471.033314704895, 3501.499999999987, 348.1316143073277
471.84526777267456, 3047.0116259857427, 1844.9859913714436
472.6593475341797, 3420.0432842253404, 1490.8381109696352
473.03435730934143, 3320.169132126885, 51.50591488430973
473.59787368774414, 2904.034926577045, 473.4999999999844
474.0716025829315, 3248.4506582152776, 1366.1893726149924
474.59220480918884, 2119.2597738227314, 1476.6530870358608
475.11579990386963, 2537.890095431456, 353.32271663392805
475.83691787719727, 3583.3454183687004, 905.1468317436909
476.7576439380646, 2491.5730075247616, 998.8446214499567
477.1465995311737, 3609.00265958043, 290.1678022222721
477.554527759552, 3609.00265958043, 290.1678022222721
478.06824374198914, 2757.968286308033, 630.0066604229135
478.59987568855286, 3043.690255269529, 952.9996317519939
479.19242453575134, 1056.2478760624808, 1611.0086594116501
479.9474196434021, 1930.9997370908886, 2051.583001563447
480.8342533111572, 1930.9997370908886, 2051.583001563447
481.62054681777954, 2712.873579563794, 913.8157964569153
482.12228751182556, 3313.0920096677114, 390.9358784574081
482.60402274131775, 3197.3033333163244, 1322.3204971277962
483.1247229576111, 2776.8300231552485, 1080.5195895750785
483.6075839996338, 3376.540650753712, 1121.546166958367
484.1412696838379, 719.9694629628214, 554.3469294289065
484.73173213005066, 3045.0644200502174, 70.96114740440602
485.29233622550964, 3679.4033783842906, 366.73042059887626
486.1321442127228, 3258.351206572146, 1229.652234830414
486.75955414772034, 91.31610216190643, 4301.341740913961
487.7151780128479, 1227.3526056517114, 2955.9779974923513
488.2947142124176, 367.4493519845553, 2257.9405511917785
488.7674996852875, 3729.9014446023903, 2612.214560410492
489.22639060020447, 3145.2125643821437, 2312.959528852686
489.79298543930054, 115.37885579078292, 1756.9280381626622
490.1839528083801, 668.2725891424283, 1646.804362878188
490.72563672065735, -98.48553674128628, 287.88618658608607
491.2114689350128, 1059.0114687839218, 178.33758010596353
491.73614740371704, 203.04981983564772, 81.31718096818759
492.2129616737366, 559.9016267556036, 419.4953190788854
492.79146695137024, 439.284795304647, 745.4966476178116
493.24430751800537, 392.39065650347186, 782.356303399282
494.2369735240936, 113.70512870179408, 90.65341344799113
494.89535546302795, 186.10332457112108, 439.7294420134141
495.4199469089508, 112.6230645549982, 691.1917977746261
495.8039152622223, -658.9107821364211, 84.74422041224284
496.4652054309845, 1959.506329315921, 1191.5601459104744
496.97891068458557, 1536.6668039569515, 677.8953052979525
497.28810834884644, 1667.6648774575508, 1782.0545601452473
498.0860810279846, 3238.990351088428, 2726.6050555980823
498.91711688041687, 3238.990351088428, 2726.6050555980823
499.3589873313904, 2270.563567199539, 3013.9286764654585
499.8427333831787, 1677.6727384576025, 354.41282056365884
500.5968234539032, 2413.0244064155445, 1665.6326477619402
501.1563210487366, 2567.4326969670738, 425.9167016099594
502.02214002609253, 1659.5255912191462, 2257.000000000016
502.42010593414307, 1659.5255912191462, 2257.000000000016
502.87694120407104, 1474.060268325101, 488.97729620925816
503.3956823348999, 1355.329756144371, 509.89700340588155
503.8903806209564, 1058.9782162209099, 839.3832924996444
504.37214946746826, 3575.0428933982744, 160.62421746830896
504.91668796539307, 1104.5703487076853, 468.4620709084898
505.7495038509369, 3270.934711954243, 851.9992650897786
506.63936829566956, 3270.934711954243, 851.9992650897786
507.55319023132324, 2142.907165724644, 601.2868149002463
507.8684313297272, 379.1279260969586, 82.56527108363134
508.2664227485657, 379.1279260969586, 82.56527108363134
508.9027135372162, 115.10506142904272, 43.97598392894846
509.4013743400574, 2310.246548433909, 21.6816999380984
509.92097997665405, 218.32335117177166, 38.68074448299233
510.2630624771118, 218.32335117177166, 38.68074448299233
510.9564473628998, 950.3220466762622, 1526.7424850634031
511.424191236496, 1822.9363897981784, 2181.1809023865994
511.96691727638245, 1992.302465893596, 203.68552112909742
512.4377987384796, 1208.0386005990474, 674.0535992320744
512.9115700721741, 1529.6070364444697, 2626.1979201653526
513.4063112735748, 1909.8418789085913, 661.5329164093774
513.9120538234711, 1924.2796496065585, 674.3583578583618
514.3978395462036, 1967.700637061931, 680.0937124921719
514.914576292038, 1937.3304502477663, 684.0550660000132
515.4273755550385, 2012.4671475955754, 683.0668023794808
515.92107629776, 2157.1089087356463, 683.0942247470631
516.440774679184, 2169.3578215657003, 682.7857286669146
516.9425029754639, 2198.4604115291954, 683.091949463108
517.4682464599609, 2232.359137326406, 683.5422135674712
517.9760632514954, 2222.558883567664, 683.5154418883556
518.4869351387024, 2226.375686370979, 683.6017266817436
518.994658946991, 2232.331168376867, 684.0074407689144
519.0594868659973, 2232.331168376867, 684.0074407689144
519.5202474594116, 2230.9893096844658, 684.1978149364734
520.0109491348267, 2239.855359641911, 683.9474053620291
520.5196862220764, 2263.2599666825354, 683.2890587761846
521.0404164791107, 2284.817852906361, 682.7525509954809
521.5472047328949, 2310.25912176795, 683.9694410137869
521.9371900558472, 2310.25912176795, 683.9694410137869
522.5627100467682, 2368.4431726150824, 683.7551700611622
523.0613865852356, 2391.2072933212266, 683.3036165711018
523.564295053482, 2391.7962289209395, 682.1708978893364
524.0860459804535, 2406.2381697175565, 682.7358687529351
524.5938649177551, 2407.520957116428, 682.460698615922
525.1035783290863, 2416.8001341100007, 682.7283982477179
525.6083116531372, 2417.5664173737273, 682.5588271715434
526.1151599884033, 2418.128493881218, 682.9393402579769
526.5031931400299, 2418.128493881218, 682.9393402579769
527.1256275177002, 2436.178196708403, 682.1549806467392
527.6432421207428, 2433.0574204968198, 682.4801150721938
528.1400234699249, 2434.482646521257, 682.2871956130168
528.6288132667542, 2434.025273391563, 682.8469711559017
528.8673052787781, 2434.025273391563, 682.8469711559017
529.1316313743591, 2441.7645038183614, 682.7132987044535
529.6314029693604, 2436.0737319528353, 682.5310057103578
530.1383080482483, 2444.704173502593, 682.44712996301
530.6351437568665, 2442.5025041575054, 682.8059446233132
531.1419568061829, 2444.592542674876, 682.6447597651231
531.6336808204651, 2447.5506081376466, 682.555795855033
532.158417224884, 2447.5780014087827, 682.5401080633352
532.3400068283081, 2447.5780014087827, 682.5401080633352
532.6692667007446, 2462.825477879308, 682.525278519005
533.1949491500854, 2455.606316405564, 682.5698796478378
533.698698759079, 2455.981953797388, 682.2348861370572
534.0869052410126, 2455.981953797388, 682.2348861370572
534.6036825180054, 2455.981953797388, 682.2348861370572
535.2121748924255, 2466.8256807027747, 681.9533688624117
535.752781867981, 2467.801584831626, 682.0771345192866
536.2075998783112, 2460.4464179057245, 681.8048736669251
536.7263491153717, 1825.0046526777571, 683.7227955168169
537.2190582752228, 1523.9607997823898, 684.2225342054066
537.7238123416901, 1309.2983374220455, 686.3043213535799
538.2245926856995, 1111.1827717686256, 691.1571886447232
538.7163360118866, 921.0884339079879, 693.4666586632757
539.1093046665192, 921.0884339079879, 693.4666586632757
539.7238688468933, 795.7028784012012, 697.8424867322454
540.221756696701, 833.1243435979995, 698.4769830096122
540.7633945941925, 813.1177742593991, 698.2749553508839
541.2732944488525, 799.1402016593769, 699.1645152184486
541.761105298996, 791.4344431407635, 697.7078348478423
542.2558310031891, 782.1408540058305, 696.8608306985266
542.6530137062073, 782.1408540058305, 696.8608306985266
543.2565219402313, 793.1433194818902, 697.9259918069158
543.7853689193726, 799.8100876572465, 699.8105162912339
544.0078003406525, 796.4441924709877, 698.068389834499
544.2681310176849, 788.9199373440754, 697.6502008296347
544.8057312965393, 774.1629375197336, 697.3947563175453
545.2515952587128, 763.2816064692062, 697.3805802729009
545.6606142520905, 763.2816064692062, 697.3805802729009
546.2781329154968, 781.4894231073508, 698.6995653497548
546.8059561252594, 626.2575178999779, 701.013211622913
547.2958190441132, 636.3531257204177, 700.538841045344
547.8384974002838, 646.2798061027095, 700.4682223417369
548.3103549480438, 624.1870200651853, 700.2085588888606
548.8202123641968, 564.1591554601317, 699.4399402658233
549.3330075740814, 605.6797301205816, 699.9949189042802
549.8427879810333, 566.486057392326, 699.6564538045645
550.2048752307892, 566.486057392326, 699.6564538045645
550.8336055278778, 549.4183745510385, 698.818179371144
551.7224023342133, 3519.999983033492, 1366.0010444276527
552.5306231975555, 2768.4332340217215, 1991.9999999935576
552.8238415718079, 597.572424947069, 688.2162451847805
553.3475434780121, 233.38124163396537, 2240.4565424566063
553.863245010376, 2182.6671052497827, -937.5348083768748
554.7291212081909, 3156.8570974376385, 258.5000046780028
555.6519632339478, 1856.9379323061135, 2290.011319223166
556.3103747367859, 1278.4266164655673, 698.4900213117422
556.8232352733612, 1368.4351052249276, 699.2936235964165
557.3250460624695, 1330.6244634122081, 697.2794678291503
557.8767325878143, 1336.9991682571022, 697.5764214187288
558.338677406311, 1336.5717038732557, 697.2636661679352
558.8784091472626, 1336.4070578250523, 697.2988060376334
559.3532645702362, 1336.5975126528772, 697.0936824982012
559.8988964557648, 1336.3590318876206, 697.2312968079503
560.3827605247498, 1336.1974718958513, 697.0008445239685
560.9084355831146, 1336.79763552672, 697.1674581288516
561.3863384723663, 1334.454835688871, 691.3924960939448
561.9368615150452, 1336.0244404503012, 683.9211647453056
562.4156537055969, 1332.99344990711, 683.983920158742
562.9363031387329, 1352.027058049621, 658.7768335966259
564.7397003173828, 1931.018682785536, 964.6638761526876
565.5137598514557, 3156.433807311551, 1532.2435277633504
566.2248966693878, -7268.299265875119, 192.44135992459942
566.8413708209991, 2017.173909083153, 1070.4359997636277
567.5295975208282, 2130.707243399607, 1325.9889403381728
568.0722048282623, 607.0043561560597, 348.74008930961
568.5620152950287, 875.6438065979166, 91.39630558241903
569.1314854621887, -1326.0610395668295, 5985.724059226406
569.6241633892059, 206.88027968350434, 544.9561840083298
571.1032257080078, 3545.4129372412917, 2506.557962986613
571.4633090496063, 3545.4129372412917, 2506.557962986613
572.0847136974335, -14170.861193009627, 2039.7111988445956
572.6054060459137, 1052.7466979667468, 171.27602238311823
573.3316688537598, 1930.9796530828348, 1510.394410581181
573.6268763542175, 1437.2649478526073, 738.5525091914687
574.1176459789276, 1329.1272299964912, 2383.6042308544975
574.9236044883728, 778.3752553376604, 839.8160627588733
575.8544297218323, 3477.2085944135533, 725.4387882952803
576.1386668682098, 3353.8321283296073, 648.8827467467917
576.6993336677551, 3524.0194545692584, 2074.2953950704627
577.1810734272003, 1431.0804635602206, 811.064344627293
577.6548721790314, 1923.1875730711056, -0.26112718370351634
578.6514096260071, 2084.141755710432, 1239.9079367530774
579.1541178226471, 2075.9122438595273, 1495.8400528873515
579.5472366809845, 2075.9122438595273, 1495.8400528873515
580.1916215419769, 2929.176236232306, 1494.4014601615092
580.7273328304291, 1995.9521231506005, 131.958566109199
581.2190418243408, 3142.233516458127, 1841.4659236799278
581.7606384754181, 3331.0744035946286, 1148.4800996370243
582.2215368747711, 3587.491226363522, 785.0245899432405
582.7084445953369, 1167.6646223376247, 852.1232052450193
583.2441031932831, 1147.1485271345007, 55.44225232869026
583.7578039169312, 3909.7249292274005, 1200.121467701635
584.334329366684, 1947.5411680152765, 2299.7147620567666
584.7452375888824, 1947.5411680152765, 2299.7147620567666
585.254064321518, 3432.824149820114, 149.70521005656823
586.2645921707153, 1595.3723148394681, 161.52864137484036
586.8042373657227, 2209.261630464113, 1046.2795848311057
587.1744096279144, 2209.261630464113, 1046.2795848311057
587.7820835113525, 1272.8561256651224, 701.3320883170894
588.4215264320374, 319.7441034932191, 478.4793816391364
588.8055336475372, 319.7441034932191, 478.4793816391364
589.3072919845581, 3164.8254312198965, 1309.893742755126
589.965639591217, 3143.2854288036947, 508.86583784421333
590.3047769069672, 3404.0004329953385, 737.1280394224989
590.8234243392944, 4025.7383979582664, 1051.0638680218347
591.8629419803619, 275.80940093003454, 95.33908719982867
592.5471966266632, 423.4999999999824, 473.4976409169793
593.4570348262787, 1794.1711940813439, 1198.1277300439378
594.3388061523438, 2729.7889041651183, 1322.9306827864095
594.8146176338196, 2111.3178561917275, 40.59299151951332
595.330500125885, 1972.3191674015886, 268.3010211624227
597.3149745464325, 1211.5613407045616, 395.94233696269316
597.8925049304962, 668.8303986929833, 486.19839354591824
598.3443348407745, 1243.7803236868494, 939.2776264306148
598.8641622066498, 156.04343472675765, 177.39256558265652
599.5074908733368, 1930.0812008285488, 1253.4700447780845
599.9104454517365, 1930.0812008285488, 1253.4700447780845
600.3962359428406, 2107.917342630136, 148.45338393701806
601.0665731430054, 1173.158767946189, -65766.47577961495
601.9304163455963, 1254.700017861808, 670.8135010612659
602.5209395885468, 1965.2328090010628, 1407.0831032421372
602.9229238033295, 2073.272724516446, 10.567632598307405
603.729873418808, 1930.0136783182256, 40.00644009831669
604.6654951572418, 2031.9890808889552, 489.9920463988166
605.5474333763123, 3738.0122455009414, 1617.3223053298962
605.9623484611511, 1234.9298723026752, 1630.9885959237315
606.516045331955, 1382.6692971654063, 101.02547811306087
606.9419021606445, 2008.9999690932714, 1580.7381850503878
607.5324199199677, 3652.004193793172, 235.99385751411953
608.1119244098663, 2643.990449932029, 366.09105365950376
608.4480226039886, 3082.4067273210444, 1227.716860459806
608.9567692279816, 3110.499999989769, 96.50306785531419
609.6031537055969, 112.00000000229608, 543.999999999177
610.252438545227, 1930.0102024823623, 307.03532314979446
611.3537020683289, 3342.9893171595677, 110.9877777789269
612.258246421814, 3342.9893171595677, 110.9877777789269
612.9324805736542, 173.54423700214895, 1220.9627264228702
613.605875492096, 1006.499999998972, 176.51501796728652
613.9629230499268, 1086.8525784866792, 2941.1807432192145
614.9413995742798, 3868.0085227068857, 2226.988284207792
615.6766655445099, 77.99999999735667, 132.00016359857491
616.0547106266022, 77.99999999735667, 132.00016359857491
616.895681142807, 2270.9910770547303, 375.00886861850387
617.6110217571259, 1315.5024408460833, 374.9997347584668
618.2054800987244, 1159.013390963727, 2196.2155611329613
618.6323349475861, 762.9999999961707, 1921.2413836670949
619.2567980289459, 1124.4999999999995, 2227.005954180036
619.8502051830292, 1389.0096332883281, 102.43880548333837
620.5866830348969, 1016.671423848613, 398.3027672981005
621.2778284549713, 2811.15503937587, 505.0000239566416
621.6647894382477, 2811.15503937587, 505.0000239566416
622.2023456096649, 3144.1182189673113, 2181.0468505819877
622.642293214798, 3250.0111364502445, 1879.4386381478882
623.0292541980743, 3250.0111364502445, 1879.4386381478882
623.5670037269592, 3250.0111364502445, 1879.4386381478882
624.1006207466125, 539.922026551647, 1.2145341065198583
624.643373966217, 2088.5408351774545, 292.8130859775739
625.1290755271912, 1706.4246703358172, 1459.1632686051491
625.834342956543, 3515.363908486165, 2289.99022849965
626.3150532245636, 2031.9638921837577, 1114.7384992804327
626.9373822212219, 2595.1459799057957, 2815.9903030693495
627.9178919792175, 2748.988661763328, 2733.991149839044
628.6072096824646, 629.4553761523941, 667.1837575134108
629.0998859405518, 674.8770592670315, 662.9769855195191
629.5875766277313, 674.2494658785056, 668.0029219226365
630.1071827411652, 673.3454393096449, 665.8452131642283
630.6787874698639, 3150.499999999999, 665.8066474877313
631.284241437912, 1731.494795675121, 17362.813672731958
631.7320787906647, 2966.115086979533, 2051.28123621107
632.1540205478668, 3743.4645388498934, 1839.5882158367067
632.7973511219025, 2759.4016474774126, 2629.989320539956
633.5274040699005, 3293.01027064857, 2599.002792226392
634.0969562530518, 585.4086079818909, 665.0587839463963
634.5936906337738, 580.6051182891149, 666.8004238767675
635.1264085769653, 580.8746132778108, 667.4723528074803
635.5892038345337, 579.6165339994479, 669.1944548744957
636.1179068088531, 582.7470994079158, 668.4926347661922
636.6106336116791, 579.4589199171625, 668.1082852594808
637.1134016513824, 551.7235934897877, 659.5177949101119
637.6160705089569, 522.6424726375685, 652.7870159047143
637.991108417511, 522.6424726375685, 652.7870159047143
638.4929068088531, 522.6424726375685, 652.7870159047143
639.3248414993286, 1389.0116463863205, 3789.2958489189555
639.704822063446, 1389.0116463863205, 3789.2958489189555
640.320202589035, 2082.785531882047, 1934.0570464864034
640.6762912273407, 2082.785531882047, 1934.0570464864034
641.1799781322479, 535.2678036876208, 672.6748869908143
641.7415080070496, 532.098959210169, 652.2179689425591
642.2841973304749, 3317.655905789276, 669.6601038242762
642.671279668808, 535.1408949483271, 664.5104672511142
643.1300480365753, 586.5189407513667, 675.3222466599652
643.628900051117, 581.0965085355427, 673.5985200844739
644.1256983280182, 589.9388674926167, 676.661377510534
644.64044713974, 584.7622290037904, 674.4083265694834
645.4005300998688, 2078.056570564666, 646.0
645.870269536972, 779.0000540675549, 774.5000000060372
646.1694812774658, 1497.9917876296151, 20.0
646.9784052371979, 2416.5527480674427, 40.782889487268314
647.7874853610992, 3482.369478167691, 1351.0387817864525
648.310209274292, 3778.02082010845, 223.19381977485017
648.775985956192, 3551.1479330724064, 1259.5744801700878
649.2188241481781, 8622.515308033006, -29083.208847087444
649.8761644363403, 982.9360545579841, 982.9999882325408
650.2102971076965, 1176.926344613147, 793.4548586523731
650.925532579422, 2572.548351222659, 1382.9843753966543
651.5369167327881, 620.4291824900337, 618.4486574466748
652.338011264801, 1656.966710938204, 406.5732452442336
652.7479751110077, 1970.9956069899326, 273.91732389159773
653.2207791805267, 3716.76399728348, 52.28187471670757
653.7565360069275, 729.8353584870143, 2016.4822984061127
654.2632369995117, 1339.30100617884, 1388.4676464043262
654.7740187644958, 2071.843743856044, 3098.3753050936652
655.2747418880463, 53013.699832334365, 665.2902473096336
655.886164188385, 3458.3705676042155, 641.0684326983654
656.3419413566589, 64.86239165813085, 11542.013040108799
656.8476314544678, 1511.2506975636927, -135.68184984144264
657.3045029640198, 575.3320961656902, 130460.20752545088
657.7892997264862, 561.973601223131, 1158.0478860839744
658.2740657329559, 159.9999999025652, 664.5664793388505
658.8068645000458, 602.9999999236124, 460.55501212816205
659.3803701400757, 2089.179921349407, 1480.494814533678
659.8820888996124, 998.9264578401067, 2543.857049721701
660.2830719947815, 248.93176095367696, 1742.5642230113187
660.8437585830688, 425.75971856899025, 2761.5124033469733
661.4222779273987, 242.78030085023636, 2857.6888280505755
661.9528548717499, 196.4999999999612, 30.865905763588795
662.4874565601349, 1438.4991936968106, 151.15115376286064
662.8594686985016, -123.78854402213655, 868.4368153549889
663.49476313591, 5769.758178443939, 1452.7331081110765
663.9515430927277, 2472.1022716135612, 2026.009270927237
664.3265521526337, 1785.4732150406248, 1115.7075063466214
664.8611989021301, 3580.40550839801, 1854.6275655387935
665.6072092056274, 2173.579401968455, 118.87982180363494
666.5020532608032, 2396.4999999999864, 2170.098888597892
666.8651070594788, 3320.6287084024866, 1483.843443443055
667.1912076473236, 3320.6287084024866, 1483.843443443055
668.2037832736969, 2979.7541562593974, 2517.7020523768647
669.027715921402, 2979.7541562593974, 2517.7020523768647
669.2930500507355, 717.9160352109062, 649.7026772475077
669.8198509216309, 715.0283144943376, 641.1747065090241
670.482314825058, 2308.2369567887067, 182.98799084681113
671.2134509086609, 2180.249836089597, 232.81878851404394
671.866776227951, 560.4663123706285, 1405.1124394600777
672.5968582630157, 106.49999999992473, 344.60952091552133
673.3350818157196, 704.6291918639926, 652.9196047403453
673.8489394187927, 715.4363718480662, 639.7755415069159
674.3277916908264, 715.4658288271607, 638.7708232398254
674.860518693924, 759.8676456963418, 624.0379085270307
675.3363482952118, 862.5399391719186, 475.98688724759774
675.9000327587128, 861.763839718896, 485.4866273557644
676.353937625885, 850.0457869996734, 484.7553548446919
676.879798412323, 838.5168600516035, 484.04529637599995
677.4454696178436, 382.04422597949923, 695.3898063768374
677.9461483955383, 577.9491888567767, 752.8667536153345
678.2992858886719, 577.9491888567767, 752.8667536153345
679.1083500385284, 2429.500000000007, 1376.8099015371336
679.9262402057648, 2761.3334141783453, 687.4469604797371
680.3044853210449, 2761.3334141783453, 687.4469604797371
680.9868235588074, -2608.321598571319, 2948.004243245037
681.4716701507568, 526.2474511112894, 586.6714210887625
682.4412498474121, 1907.187913728566, 2841.210023703585
683.0068826675415, 3661.0279851948203, 1565.5675431439126
683.5994310379028, 1170.7905980075323, 869.7250894343208
684.399284362793, 2302.4399049498707, 872.0097421359548
685.1623928546906, 2622.8356335876006, 2237.5754087180494
685.4456481933594, 3296.2776952806366, 999.669906662217
686.1897571086884, 2821.502784940869, 2157.084549575106
686.4789805412292, 3627.4628343655236, 1836.8688300432043
687.2809364795685, 3099.2592142519647, 2964.4999999999886
688.0859990119934, 2160.923294486056, 820.3584297826816
688.5049028396606, 3242.9361126269696, 2261.247420892978
689.4164271354675, 1833.7237739617678, 1655.9981576193873
690.0487291812897, 2021.4006930431724, 374.00002380982687
690.493542432785, 2056.8976693934515, 1027.4539487199959
691.1827635765076, 2185.9281778376753, 2678.746999400263
691.9836711883545, 2016.5697423458057, 1184.00237873763
692.5473101139069, 3232.203275711192, 496.99999999715897
692.943418264389, 3232.203275711192, 496.99999999715897
693.5959026813507, -132924.73019924792, 1767.562522361202
694.2891237735748, 2472.627239899783, 1898.382896383331
694.6691348552704, 2472.627239899783, 1898.382896383331
695.2077209949493, 2720.00021026141, 2666.9999995392086
695.7463388442993, 2316.614930498014, 1324.0192663724797
696.4364852905273, 761.0862643034402, 20.007751100573834
697.0520370006561, 766.4412232254625, 1052.9730350976693
697.553854227066, 768.3089253099919, 1052.2891957563966
698.0606677532196, 764.6722347685912, 1052.5893099354757
698.5525872707367, 768.9954219857082, 1051.761006130171
699.0553262233734, 765.1410235311901, 1053.4789295924263
699.54918217659, 769.5239820729345, 1054.5875417247025
700.051983833313, 772.0999990525523, 1086.4579471572474
700.5587770938873, 776.4874561585901, 1091.3242687609938
701.0803489685059, 775.2620981151588, 1091.4195796654817
701.5720572471619, 775.6861840421681, 1091.4551359020415
702.0988352298737, 775.2349088121437, 1092.026400327872
702.6326014995575, 771.697434281824, 1084.103857328348
703.1143736839294, 773.7407946663536, 1085.7821721197624
703.498407125473, 773.7407946663536, 1085.7821721197624
704.1339204311371, 775.6297120342009, 1088.1386151717843
704.6327238082886, 772.4006203637769, 1089.5950779397206
705.1444833278656, 776.2766947472695, 1091.3529747509494
705.6661202907562, 772.7694697968982, 1090.9984217662225
706.1698932647705, 780.9198520440265, 1086.0538909638267
706.6688339710236, 781.0346798075891, 1085.1941147015552
707.2334296703339, 2784.009285706094, 775.9634988260484
707.840883731842, 1050.4999999999905, 1133.0712391428565
708.2698369026184, 1769.0031227118507, 10576.466366663017
709.0817382335663, 2600.3821903894573, 993.4766646428412
709.918704032898, 2253.688572612708, 898.9983843108416
710.4612970352173, 2363.547964591791, 1666.147407780953
710.9709289073944, 3308.8233292441173, 2312.962027163244
711.2980804443359, 4163.20413512165, 1227.9702591049383
711.781905412674, 783.0879772355335, 1086.501424002705
712.2658059597015, 780.3104133435381, 1085.8207716921663
712.8125636577606, 783.4189739093417, 1086.6870177516514
713.1807367801666, 783.4189739093417, 1086.6870177516514
713.8311924934387, 783.0712303170955, 1086.3995921105436
714.1892535686493, 783.0712303170955, 1086.3995921105436
714.8236875534058, 782.3402916722714, 1085.8378607821471
715.3254070281982, 780.8034440031671, 1086.375060278263
715.8551557064056, 781.0530076651046, 1085.9514131365177
716.320004940033, 780.4777909316616, 1086.1365592424238
716.8557374477386, 781.6463599767868, 1086.1208515175476
717.2189359664917, 781.6463599767868, 1086.1208515175476
717.8544306755066, 780.8240789324019, 1085.7875837059785
718.343311548233, 781.8361670638003, 1085.698431533963
718.869127035141, 780.2787970924894, 1086.803952846766
719.3369319438934, 783.2384890725134, 1086.1518475626876
719.8636169433594, 780.8151752433035, 1085.9328961729266
720.3455655574799, 782.9499656090182, 1085.4879466169298
720.8901791572571, 779.5773449792454, 1085.9871430787996
721.3600597381592, 958.3536145225951, 1071.2737724186366
721.7701945304871, 958.3536145225951, 1071.2737724186366
722.3808395862579, 928.640720524802, 1079.6156494270356
722.7819702625275, 928.640720524802, 1079.6156494270356
723.3875918388367, 929.5324156750576, 1079.6357846535445
723.8952751159668, 927.2725686155127, 1079.7906117040357
724.417103767395, 926.6592089425142, 1079.0764482244617
724.9308121204376, 899.9558468552376, 1062.1315658027645
725.396737575531, 849.5696679447409, 1076.9151927084558
726.0969898700714, 1563.9999999820016, 2227.010553655788
726.3951933383942, 715.2545676634105, 1097.6100118085258
726.9208838939667, 720.0960204415138, 1098.4171301547105
727.4396939277649, 716.3261281851461, 1097.558249733621
727.9325134754181, 721.3111911927953, 1097.7116866530105
728.444324016571, 724.8465996493641, 1096.3999135282918
728.9381062984467, 788.0313642087875, 1088.885260727796
729.4378547668457, 865.2767098818922, 1075.5180220344491
729.9746060371399, 886.103252124117, 1067.4929405604614
730.482451915741, 903.3561304665592, 1072.3860377357441
730.9802103042603, 915.4435129945784, 1077.5207078404394
731.4930140972137, 915.2146589678908, 1079.528933642255
731.9927859306335, 920.5797822693892, 1082.3384051055405
732.494658946991, 929.0763346116984, 1089.209751349077
733.0235052108765, 946.6022477087744, 1097.9321247633281
733.5053417682648, 956.0019091832478, 1099.9977719351891
734.0022101402283, 954.3522320269192, 1101.7375345855266
734.5060405731201, 956.6630417310757, 1100.9368108737958
735.0067756175995, 952.021117795534, 1099.5090081512026
735.5205361843109, 955.7407105891788, 1099.3319418138783
736.0372021198273, 952.3492634576478, 1098.6434970467856
736.5419940948486, 955.6126850104586, 1098.4230843451905
737.3977873325348, 1283.0079520628308, 1226.3641648719445
738.0651099681854, 953.5793610288767, 1098.822038549821
738.5579252243042, 954.6980677945454, 1098.9508311967427
739.0587048530579, 1097.6137697822785, 929.7981326517761
739.6043374538422, 1349.50005468273, 446.4995142425715
740.4432854652405, 2737.1734218065913, 2289.9936129156586
741.2593495845795, 2379.000000007875, 272.9858534259989
741.6562836170197, 2907.0000000006635, 145.99999534123938
742.277749300003, 1824.9999999634697, 818.7881645862192
742.9370279312134, 1794.6303391937822, 491.0066707562946
744.2097535133362, 1930.9880953169102, 40.011428806425094
744.7873141765594, 2989.0102955281145, 3386.8319931383166
745.305979013443, 3104.881587699259, 622.9999715100176
745.6930060386658, 231.99921405183863, 188.9980589476201
746.4631354808807, 3763.99228604143, 43.00068998782721
747.3401210308075, 2917.9920257920157, 1366.4523340666212
747.6752524375916, 133.97160677715218, 857.5737378448073
748.6616363525391, 1994.9891665821262, 2598.0110782922843
749.2380883693695, 1389.0007177144778, 102.54010312928865
750.0967836380005, 3341.9958690236685, 2680.9213211800343
750.634435415268, 968.4930262034705, 1051.8226451791286
751.1362855434418, 964.290673458668, 1051.567329819794
751.6482586860657, 968.2856941072977, 1052.261376881267
752.142993927002, 964.4016750211753, 1052.1185211716506
752.6637103557587, 967.8491923866062, 1051.5558498585287
753.2032616138458, 965.3969432690744, 1052.200108564747
753.6691226959229, 968.009352033968, 1051.9201022781324
754.1798124313354, 964.8150231535774, 1050.7391996823967
754.6956408023834, 968.193467469654, 1051.9491333251235
755.1926155090332, 965.7275756877111, 1051.3672262003806
755.6923668384552, 967.1889213693704, 1052.305122790436
756.1861045360565, 966.2927396415184, 1051.338591596409
756.7028472423553, 966.1485679942439, 1051.4398112782867
757.104894399643, 966.1485679942439, 1051.4398112782867
757.7235126495361, 965.6258719519847, 1051.6695350613807
758.2502551078796, 967.7644801360487, 1050.7411768440459
758.7910413742065, 964.6250260827206, 1049.702013646072
759.2419543266296, 968.6018031025637, 1052.4214481270023
759.7516553401947, 946.312613694726, 1054.2578623233917
760.2574334144592, 940.2606386613406, 1054.1727630205596
760.6375255584717, 940.2606386613406, 1054.1727630205596
761.2530872821808, 938.3880303370842, 1055.341217727738
761.7889199256897, 936.9323422355391, 1055.7264758055842
762.3216333389282, 937.75797049056, 1055.1611974219434
762.8094203472137, 938.3867515326983, 1056.098332529573
763.2953634262085, 935.6962801328183, 1056.820570121153
763.8221876621246, 934.7516097017103, 1057.1819096270228
764.2930629253387, 930.7761010918936, 1056.9022837006178
764.8266294002533, 931.0664558862546, 1056.5843765461473
765.2905406951904, 929.6873614505129, 1056.6659156146384
765.8272120952606, 931.8813130911939, 1056.9893152803954
766.3052666187286, 931.8750834971713, 1053.6020628753413
766.8768875598907, 933.2558467098182, 1055.904199603577
767.3407061100006, 931.5173311145952, 1055.242870608271
767.8843231201172, 933.248205166204, 1056.0225499170442
768.3381323814392, 929.1718477848505, 1056.2516757676478
768.8777918815613, 931.7500213267122, 1056.6656623137476
769.3654625415802, 928.6193257849792, 1055.9269278353377
769.9080655574799, 929.5642137529101, 1056.5929367681915
770.28311419487, 929.5642137529101, 1056.5929367681915
771.3613469600677, 3130.562298899055, 1768.9910465279263
772.0295531749725, 2175.1832792375917, 374.43956214658874
772.4155163764954, 931.1282634664614, 1047.986324401178
772.9361989498138, 926.9498360343151, 1056.8104996072732
773.4289112091064, 929.7989566084156, 1057.2420538538872
773.9286987781525, 928.7593127792749, 1047.219837891826
774.9041569232941, 2988.5616634860903, 776.0102683615183
775.4089472293854, 929.9288574557463, 1057.3864965111484
776.3186092376709, 1482.008406457483, 940.0097365373678
777.0127885341644, 314.9999999951157, 1384.4478572367557
777.8147716522217, 546.4999999974625, 375.01233262019514
778.7874507904053, 1178.677605424782, 110.0031760405271
779.4528422355652, 928.4964346430276, 1057.2525827716042
779.9655902385712, 928.4766470187742, 1057.1173900396604
780.4824342727661, 928.0581246191745, 1055.6921450844918
780.9722633361816, 929.3603074226351, 1059.3608280675583
781.4830787181854, 928.2529785327223, 1059.6480441927015
781.9869432449341, 959.4826241393112, 1084.3556722455296
782.5016255378723, 953.7886890969527, 1084.5940402150081
783.0273406505585, 952.8036549344407, 1083.253910166766
783.5223081111908, 935.0724110687518, 1076.2214713745611
784.022096157074, 930.5772342552783, 1075.6122633480597
784.5318922996521, 922.6645647148001, 1073.013970798018
784.9407680034637, 922.6645647148001, 1073.013970798018
785.5572943687439, 900.2149105113466, 1052.0840505387764
786.0561723709106, 900.026325604262, 1051.6730429772117
786.5670013427734, 899.9135772512959, 1051.949883979501
787.0787982940674, 898.3723002903224, 1052.8409792018708
787.591605424881, 899.9375151812997, 1052.8067283210755
788.0895550251007, 898.5287348187969, 1052.6050655480678
788.5803866386414, 893.9263589278581, 1055.4378412663468
789.0851271152496, 887.9656724477618, 1057.4743167384938
789.5838811397552, 885.7591948567388, 1059.9469861758485
790.0916588306427, 876.9651914430993, 1061.9489530338549
790.5974426269531, 869.1026459339005, 1063.5294270193874
791.1151819229126, 866.235715647583, 1063.592409919062
791.6239855289459, 866.7136354101965, 1062.450896380642
792.0121328830719, 866.7136354101965, 1062.450896380642
792.6248202323914, 841.1734777975028, 1064.3685338585533
793.1405589580536, 839.9581656824985, 1064.3796301829732
793.6353805065155, 781.739965778096, 1067.5090770807294
794.0164568424225, 781.739965778096, 1067.5090770807294
794.6280403137207, 785.9729869812535, 1066.9224360458397
795.126805305481, 850.9321780373131, 1062.7095421192544
795.6544826030731, 859.3844971527831, 1063.5388736990333
796.1512362957001, 870.495515765691, 1062.6410764372679
796.6449158191681, 879.1455306862389, 1059.5250883610177
797.1676940917969, 896.5729951990612, 1056.0117460176891
797.6664245128632, 907.3449014222157, 1051.9535394243844
798.1632461547852, 909.7110732897725, 1052.4117666458199
798.6988320350647, 910.8672092694286, 1052.4635581015928
799.1816275119781, 923.3690059241878, 1054.446694082724
799.6744620800018, 928.9934812041524, 1061.0074809163143
800.1883080005646, 943.775602442156, 1069.9537482631479
800.7219970226288, 942.3870901481894, 1070.8869914211336
801.2158298492432, 942.9815544428017, 1069.783797665863
801.692770242691, 943.5570959169265, 1070.3761750593987
802.2105000019073, 942.5410170767043, 1069.7750934868068
802.7142453193665, 941.7759017317193, 1069.164383529619
803.2201006412506, 941.4670415667671, 1069.8993326871118
803.7078580856323, 941.8071640988416, 1070.460503898194
804.220606803894, 940.9415582280017, 1069.965070011775
804.6225683689117, 940.9415582280017, 1069.965070011775
805.2321343421936, 940.8496650641943, 1069.8807617379616
805.7560048103333, 942.426371954588, 1070.1818143565633
806.2458157539368, 904.5693109923437, 1073.3799284030442
806.7627239227295, 844.9218445974682, 1081.0301415058473
807.2635228633881, 840.8894441582015, 1080.9221727996887
807.7641837596893, 831.4631638529545, 1084.3697153882617
808.255006313324, 797.792160223364, 1087.5540784234536
808.7895712852478, 799.3419135119019, 1087.8893478312953
809.2882323265076, 797.5204840558395, 1088.2723870676084
809.8058433532715, 799.5027210394006, 1088.2472394222693
810.3254480361938, 798.176068578565, 1088.389363723889
810.8610382080078, 797.6589610398388, 1088.342602932255
811.308839559555, 799.8914812509388, 1088.3964154083924
811.8354914188385, 798.5783823796213, 1088.3826220640626
812.3063011169434, 799.4269571855614, 1088.1063364448448
812.6893496513367, 799.4269571855614, 1088.1063364448448
813.3019156455994, 800.3736554005505, 1088.486451024156
813.8345632553101, 797.7533340651812, 1088.307435346928
814.208728313446, 797.7533340651812, 1088.307435346928
814.8371579647064, 797.817725584791, 1088.828250548024
815.3338255882263, 799.9372373110021, 1087.8861902860099
815.8625812530518, 798.2258528406196, 1088.3999521876137
816.3414318561554, 799.1062500452457, 1088.9055157917069
816.8630845546722, 798.5916643180882, 1088.7741095370843
817.3519139289856, 798.5076476538302, 1088.180787606784
817.8746230602264, 798.4627028931851, 1088.17012645711
818.3705155849457, 797.8141408899628, 1088.5680773016322
818.892359495163, 799.3955343447682, 1088.3388947550648
819.3710725307465, 798.1758914554604, 1088.5105730300547
819.8888292312622, 798.559791918057, 1088.2452893725992
820.3586928844452, 798.2048843331636, 1088.4519622094094
820.9063603878021, 800.0719590253308, 1088.6100123786737
821.3952171802521, 798.1784936198301, 1088.6226534699144
821.7863206863403, 798.1784936198301, 1088.6226534699144
822.2741763591766, 798.1784936198301, 1088.6226534699144
822.8916711807251, 799.9397084011919, 1088.2225509785837
823.3825619220734, 797.7716049490446, 1088.8341905086413
823.9092788696289, 799.2207782769948, 1088.863850326057
824.2653934955597, 799.2207782769948, 1088.863850326057
824.9078629016876, 799.7045063669208, 1089.1331159923086
825.4027464389801, 797.8213939977171, 1088.4964811052885
825.9344894886017, 799.0597078489913, 1089.136737323046
826.4272592067719, 797.6433596099338, 1089.0305399048077
826.9690141677856, 798.080906732051, 1089.0501664230371
827.4448094367981, 799.3191008519074, 1087.6811848504453
828.250862121582, 1930.0086907492785, 167.0000386624461
829.2147192955017, 629.9999994958001, 871.9874326835013
829.5707640647888, 629.9999994958001, 871.9874326835013
829.9557359218597, 796.9384519778802, 1089.0719676424344
830.468513250351, 799.2091581679953, 1088.752487496441
830.953320980072, 796.9798458274156, 1088.6855276559268
831.4411060810089, 798.7216496473818, 1088.6882600843492
831.9758265018463, 797.905115294945, 1089.0390310208186
832.3659672737122, 797.905115294945, 1089.0390310208186
833.0053782463074, 797.6958547536252, 1088.4445360226337
833.5251126289368, 797.2966012113461, 1088.1304556697187
834.0058724880219, 798.8822511143875, 1088.6191197061332
834.5175671577454, 797.5693756812657, 1088.425216342071
835.0043566226959, 798.1127403578952, 1088.9682777232474
835.5280048847198, 796.9003728403901, 1088.7319922538668
836.0336470603943, 798.8271041605869, 1088.6893525479911
836.5502910614014, 797.217269511426, 1088.4697661098967
837.0650360584259, 798.1329582895781, 1088.729637986985
837.5479071140289, 796.793248960281, 1088.5807906475736
838.0496912002563, 798.5756457538332, 1089.0261111192326
838.5565757751465, 796.6047890017868, 1088.5462249933926
839.0604059696198, 798.155540789873, 1088.9767169202032
839.5741693973541, 797.4700322700529, 1088.92118994909
840.0709335803986, 797.0799202729058, 1089.0189865434897
840.5717012882233, 797.916194492121, 1088.863262358373
841.0735564231873, 797.4198027315209, 1088.8998307538022
841.571298122406, 797.0755510412599, 1088.8876938605847
842.0721864700317, 796.7532313100662, 1088.28456736106
842.578964471817, 798.1436017065344, 1088.6981489398245
843.0746722221375, 797.0261334780647, 1088.539026477176
843.4636914730072, 797.0261334780647, 1088.539026477176
844.0812413692474, 796.2977393896862, 1088.139020682748
844.5770554542542, 797.6725026713559, 1088.2403219258454
845.0967795848846, 796.2558292573834, 1088.0248187489647
845.6106452941895, 798.8140971801228, 1088.5495937630133
846.1373345851898, 797.1239820792532, 1088.7731934933747
846.6411371231079, 798.4013447446112, 1088.4072130433665
847.1109278202057, 796.55703818328, 1088.1074396376705
847.6256382465363, 797.6868675700673, 1087.986060291849
848.1315097808838, 798.5299224136975, 1087.6567069224761
848.634363412857, 798.9501533736154, 1088.0514254558225
849.1372213363647, 799.4783842521185, 1088.695949958861
850.1626787185669, 3130.995036127486, 1162.0090822585953
850.8689360618591, 1694.0087058890454, 196.56960204912096
851.1362442970276, 799.9731976467799, 1093.8675289295204
851.6400301456451, 798.4803959032105, 1093.5160255766632
852.133974313736, 799.2172148251757, 1096.0445848772804
852.6287045478821, 797.4588912920595, 1103.883286443476
853.1365509033203, 799.5203174362603, 1104.8411462060087
853.6333649158478, 797.7222388429407, 1105.9927664471738
854.1292827129364, 799.383463477852, 1106.909501815056
854.6289434432983, 798.0287517894799, 1106.8329608976064
855.1366906166077, 799.8544974059005, 1107.290887720249
855.629643201828, 798.3407632641462, 1107.4262241402687
856.1333913803101, 799.2293893637176, 1107.6736692495153
856.6460812091827, 797.4472900144995, 1107.8540240491304
857.1369276046753, 798.6798506032209, 1108.0911411175168
857.6348209381104, 797.8045147305743, 1107.9397781893963
858.1384990215302, 799.0134274561583, 1108.1403066851435
858.5227253437042, 799.0134274561583, 1108.1403066851435
859.1393284797668, 798.4359225691546, 1108.371074660975
859.6402788162231, 798.7204463403633, 1108.151391215994
860.1611039638519, 797.9710533752411, 1108.5284593758854
860.6480123996735, 799.0503106916611, 1108.1953634500887
861.1457850933075, 797.6191065423192, 1108.8058583576194
861.6395592689514, 799.3214085730606, 1109.082091663022
862.1952028274536, 796.654743504458, 1108.545016041161
862.5454106330872, 796.654743504458, 1108.545016041161
863.1670684814453, 797.0343485838547, 1109.054437504095
863.6749048233032, 799.3443515102917, 1109.735310851036
864.1796810626984, 797.5610041388315, 1108.7708169982598
864.743168592453, 3472.8842133349076, 155.66153006704485
865.3106453418732, 3399.3230390754197, 1796.7748898610657
865.9070436954498, 3664.0076076349146, 611.7617565148711
866.4964618682861, 3366.9882651881126, 2293.000430995833
867.3840789794922, 3366.9882651881126, 2293.000430995833
867.9615287780762, 537.9782760009375, 112.62753114364429
868.2896482944489, 1250.0282020516886, 173.37264174364887
869.1114406585693, 3532.999999562158, 2955.0130649608113
870.3012473583221, 1930.9924663122845, 40.01000283008524
870.931554555893, 3639.245540444917, 1236.706131448994
871.6286835670471, 3404.9851646673155, 490.0000000000004
872.5741465091705, 3261.3663407976833, 654.248003447828
873.2702767848969, 1610.6698504068097, 1794.5936084409407
873.7898812294006, 944.999999999961, 49.80892196565029
874.2765765190125, 2246.9234415380815, 548.8220121739622
875.0814476013184, 2769.802249274614, 33268.80700266237
875.7925381660461, 2069.999839149506, 755.0000191862487
876.5485084056854, 2830.4999999999854, 259.9878710719251
877.5829241275787, 2270.0085910902494, 866.9890570775905
878.4894893169403, -2665.459285971232, 477.9887736537084
878.9981243610382, 2270.987410874324, 375.0000202064811
879.3661360740662, 2270.987410874324, 375.0000202064811
879.9944496154785, 2658.027809143778, 1305.3910105582227
880.3285782337189, 2753.5487781098373, 469.9984634736015
881.194274187088, 2270.991566021765, 22.00669120820759
882.0938589572906, 1941.870684822055, 1122.010112755985
883.4323523044586, 1930.0070948101818, 39.99020771308642
884.3149542808533, 1930.0070948101818, 39.99020771308642
885.3364262580872, 2270.421317482948, 182.27710319269744
885.8981602191925, 773.0000000020244, 779.4999999991334
886.5424425601959, 3560.987063124308, 1433.4999956263578
886.9414663314819, 3560.987063124308, 1433.4999956263578
887.896900177002, 3268.040163526278, 478.7329385411964
888.4235744476318, 1369.0892851115648, 581.0000000023589
889.1466331481934, 2032.56792108696, 541.4352870297558
889.9105832576752, 1214.4999999931445, 14.166352474648397
890.5528581142426, 3561.999967902838, 991.5290754737874
891.167248249054, 1766.5000000000502, 726.6950507680893
892.0791220664978, 1964.321806306099, 2091.5188083837365
892.6276495456696, 864.008870772235, 2682.8284488926524
893.2470707893372, 3341.992022407807, 1771.8601741753644
894.0931396484375, 3424.65659776557, 2376.026732996719
894.6167843341827, 1982.1078791372322, 2445.502734634893
895.6102020740509, 1930.9903951537665, 1122.009745920139
896.1517817974091, 2972.500736798346, 374.01088300356446
896.559686422348, 3114.153316228474, 121.00175172199297
897.002551317215, 2596.076418636447, 985.5000177462225
897.597118139267, 1938.0262912287715, 1980.988435496654
898.4548163414001, 1930.0127963179368, 40.0100492620886
899.2128207683563, 2068.500000008539, 2120.988652179708
899.6506462097168, 1897.721881192924, 1121.9905309539247
900.3756995201111, 939.0033678093531, 1993.4680961096947
901.200690984726, 3451.499999999979, 102.9870655209385
901.8070905208588, 2271.0092547390136, 1204.993064187192
902.9112396240234, 559.9999999888925, 2713.993421222652
903.8238761425018, 559.9999999888925, 2713.993421222652
904.8273947238922, 1388.9908117186653, 1878.9262297919086
905.8736982345581, 1697.4999999923234, 1056.0002708840275
906.999843120575, 2645.011558011361, 283.986325337062
907.7141411304474, 2868.56027851094, 1550.0001717927082
908.3365001678467, 3165.4870015137676, 837.0082259560952
908.6376912593842, 3264.999999999115, 1063.7785767097773
909.3159010410309, 1566.265787504274, 163.99844075590082
909.8804142475128, 3154.0000000009604, 1065.9845780515473
910.9168779850006, 1720.2172282320719, 1560.8515629579895
911.6432008743286, 744.6662565633462, 2688.073988287875
912.2565462589264, 2208.353106473778, 2551.9884237198416
912.6405608654022, 2208.353106473778, 2551.9884237198416
913.3218698501587, 3067.666826103668, 2814.8885525605942
913.709862947464, 3067.666826103668, 2814.8885525605942
914.3382890224457, 3251.4999999999754, 277.499951814917
914.7312052249908, 2296.9653212690323, 535.968965628904
915.0803699493408, 2296.9653212690323, 535.968965628904
915.6011917591095, 2296.9653212690323, 535.968965628904
916.4022188186646, 1333.9802849024106, 291.7550167521111
916.8340590000153, 3099.4886238979325, 1057.0132404009755
917.2978141307831, 1387.9996547529827, 103.00836424025492
917.7625961303711, 2083.6887281310333, 1980.0151184681085
918.14666223526, 2036.0000000004632, 2225.9999999898996
918.9674737453461, 3314.0107621407724, 2909.992007789709
919.7126634120941, 2164.762082581616, 151.5320746367279
920.4108245372772, 2768.9873751462555, 99.99372416330804
921.032155752182, 3248.4999999999313, 39.991871099766335
922.0256884098053, 2270.0125314025877, 374.441744262141
923.0952286720276, 2270.999323676139, 1220.9805724961077
924.1018133163452, 1565.0095574813938, 1123.0068209983494
925.3776757717133, 873.9996807423142, 51.988329851648864
925.9971244335175, 2048.00392084427, 1656.5697270206163
926.3980822563171, 2048.00392084427, 1656.5697270206163
927.1970374584198, 3642.9682486224274, 477.9907630384991
928.0081448554993, 1833.9615183531782, 2226.9896751174483
928.7771408557892, 1135.1965426506267, 69.0259349967206
929.8233323097229, 2085.2837592783544, 375.00840942031937
930.7149376869202, 2085.2837592783544, 375.00840942031937
931.6603996753693, 710.025895795558, 2252.004586184234
931.9725620746613, 3137.9769477792734, 2947.752062626499
932.6437611579895, 1769.999557121537, 955.0673300591392
932.994818687439, 3268.6143431198952, 686.0079534311022
933.359837770462, 3268.6143431198952, 686.0079534311022
934.0170736312866, 1921.192132041861, 374.4392543745268
934.914665222168, 2932.9936103139053, 490.9918347085967
935.6608843803406, 1271.9896067317375, 923.9199421489166
936.0837497711182, 865.0011489294161, 2217.5000000049663
936.6523530483246, 2269.994678227124, 560.004759661827
937.0413098335266, 2269.994678227124, 560.004759661827
937.5391092300415, 3061.9999999811753, 1344.9999868884515
938.2692403793335, 2140.0066733981303, 1248.9999999980553
939.161064863205, 3044.992547737937, 1502.107119881349
939.5250594615936, 3642.0201273321945, 767.7220605975629
940.1055381298065, 320.00000000444237, 284.0122645530243
940.6791269779205, 873.9911732507711, 2402.167994659043
941.0311825275421, 1106.7140343933488, 1309.2145744048312
941.466153383255, 2493.500000014191, 353.4999999961259
942.2641401290894, 3775.013107443041, 62792.08194145501
943.1609451770782, 3775.013107443041, 62792.08194145501
943.8022236824036, 2716.9900476489843, 672.8189887961669
944.5992085933685, 3375.7038521776435, 1349.999999999987
945.0501477718353, 1271.9849853549201, -592.3573183864245
945.6925315856934, 1351.9928327484133, 1102.407933590045
946.4634890556335, 1553.010317361797, 427.0050757153623
947.3631858825684, 1553.010317361797, 427.0050757153623
948.264194726944, 2270.500000000003, 753.4999999973429
948.6800785064697, 2146.4440656684565, 2290.9881449904587
949.2575407028198, 25.992781962198496, 1111.9999999963438
949.7063663005829, 2260.075741188925, 444.500000009981
950.0943698883057, 2260.075741188925, 444.500000009981
950.9451284408569, 1564.0114384455821, 51.989041413936924
951.6445770263672, 2317.5177003561294, 575.8639250030274
952.1453952789307, 2720.8511621429243, 1684.0943831646528
952.6181855201721, 1937.4002273203141, 2718.3653999391267
953.1737470626831, 2692.7367563878047, 3339.4246084449524
953.6725084781647, 3703.7371628986675, 1356.7147675143183
954.1712131500244, 3841.9999999965867, 183.99999800955501
954.6330373287201, 3324.9999999732963, 1751.3944517802088
956.654060125351, 705.4059761155186, 135.6890820825763
957.1079030036926, 322.98825028301957, 277.68367018412596
957.6286835670471, 1779.587006621959, 1648.5426936166225
958.1154489517212, 950.1172337353632, 999.7946706210528
958.6252386569977, 56.7427153357702, 311.243838952546
959.0072190761566, 56.7427153357702, 311.243838952546
959.6467216014862, 290.5546127477679, 194.47269642037432
960.0137367248535, 290.5546127477679, 194.47269642037432
960.5972235202789, 777.8116856419141, 1106.5867718141096
961.0819215774536, 1036.5526261944253, 1106.7228754374844
961.5987794399261, 2318.992393786054, 1101.4016920861654
962.0816242694855, 2560.283996352931, 1023.7802557922018
962.5933659076691, 2461.8744505305867, 1023.390171941379
963.090235710144, 2004.2968153773866, 1024.1978233108698
963.6128435134888, 1952.7931470030474, 1024.820852515418
964.0037970542908, 1952.7931470030474, 1024.820852515418
964.4805433750153, 1952.7931470030474, 1024.820852515418
965.1118829250336, 1954.57420830064, 1026.2734365549695
965.6265015602112, 1843.5347919849044, 1023.4611453933047
966.1052284240723, 1580.8322948228936, 1026.1094053438865
966.5979385375977, 1709.1289515428978, 1027.917620439519
967.1704378128052, 3053.500002268314, 920.1732235791724
967.6501641273499, 327.2557717429345, 1020.9651768765304
968.037112236023, 327.2557717429345, 1020.9651768765304
968.8250298500061, 3341.986539179739, 1581.9878424270714
969.1282005310059, 672.4105356996112, 1031.6710453887918
969.6699800491333, 1584.222472503261, 954.7203644635587
970.1307668685913, 1329.1176732076508, 1024.0157963887664
970.6275205612183, 1189.556221685747, 1004.6283052992594
971.1721487045288, 404.97375888829356, 895.3293568350675
971.651862859726, 1601.944801989505, 1687.2500033719987
972.0567739009857, 1601.944801989505, 1687.2500033719987
972.6771161556244, 1462.3198695556425, 62.17614701440391
973.194846868515, 1204.5703871620033, 1056.997394206287
973.700600862503, 1202.5337015479217, 1045.2992723484758
974.2153398990631, 1332.7457409462254, 1036.7854319705013
974.6073915958405, 1332.7457409462254, 1036.7854319705013
975.1120080947876, 1332.7457409462254, 1036.7854319705013
975.7314269542694, 929.3116248602839, 1049.5679295374782
976.2152214050293, 913.9970915535348, 1049.8254619948814
976.7228887081146, 894.1214375223431, 1048.5957660836327
977.2345144748688, 876.2871272669183, 1048.899048867331
977.7612586021423, 876.4924767708585, 1048.383532811394
978.3208668231964, 875.9377645257067, 1047.946307971649
978.801577091217, 876.0284713648731, 1048.2273540234567
979.291291475296, 876.2063350904135, 1048.0130402490777
979.810879945755, 876.2386763503639, 1047.9911240760107
980.2938859462738, 876.9391464520193, 1048.2012390643777
980.6919276714325, 876.9391464520193, 1048.2012390643777
981.3214066028595, 877.8618243808271, 1048.0671699790112
981.7165124416351, 877.8618243808271, 1048.0671699790112
982.3318927288055, 879.4141400826045, 1048.0051764356767
982.736937046051, 879.4141400826045, 1048.0051764356767
983.3565447330475, 879.7834360755953, 1048.719480181348
984.2114145755768, 1239.1887748608706, 192.0046124608941
985.0502572059631, 1424.8777661533502, 2060.900387167544
985.5180244445801, 579.8074981578043, 355.77093486286935
986.1852505207062, 1388.66797886333, 1600.7917153132416
987.1071352958679, 3159.00000000002, 1886.9480180087742
987.4362995624542, 3036.49999999997, 1463.6396376299192
987.8263926506042, 3036.49999999997, 1463.6396376299192
988.7142357826233, 2282.4468179872233, 374.04422030549335
989.7763876914978, 2299.370589364471, 1429.482634245294
990.5612788200378, 349.0000045596164, 388.0869969342309
991.113795042038, 1853.5165678567635, 121.99980679945756
991.4239616394043, 1853.5165678567635, 121.99980679945756
992.0074276924133, 1326.4999999800675, 589.0316551065636
992.558976650238, 2053.6074269564547, 1585.9933282315938
993.1813089847565, 2036.4999999999895, 623.4999999999882
993.5532779693604, 2220.1498706515163, 362.7163813153933
994.1068696975708, 99720.90014011774, 439.39647602385844
994.4978897571564, 3687.499999882615, 2912.011939936417
995.2939064502716, 1334.0120720005636, 81.00890066268086
996.1687350273132, 1334.0120720005636, 81.00890066268086
996.4369885921478, 1026.037153514344, 2987.9264513635762
996.946834564209, 1025.9188154286396, 2988.2052483661523
997.4505343437195, 1026.3290111146828, 2990.558579739271
997.974205493927, 1027.8251901998642, 2991.2388905333214
998.4679198265076, 1027.2735003890014, 2991.5707054210297
998.9726808071136, 1027.974345965325, 2990.7731898747243
999.4666345119476, 1027.3045819566087, 2991.9826647883206
999.9694714546204, 1028.9819712182616, 2988.4671634953766
1000.5430760383606, 538.9232647403114, 2508.1042025716697
1000.9889495372772, 892.33655903144, 1042.8757398903294
1001.5256628990173, 52.99999999974853, 2845.49999998395
1002.3147044181824, 1930.4343058519044, 40.011874349833256
1003.2193903923035, 2469.988565504317, 2240.4384349407856
1003.5145971775055, 1597.8520854757874, 2217.987105314054
1004.1799395084381, 2155.563525338388, 776.0106435138252
1004.5449593067169, 2155.563525338388, 776.0106435138252
1004.9818570613861, 1824.0329260903559, 1618.1167383092302
1005.4806609153748, 738.2514292552233, 1626.832785119173
1006.1590223312378, 279.13001725809534, 5349.818619233874
1006.5050942897797, 134.49684186715373, 1255.5055562559285
1007.0019075870514, 98.7577073138707, 1238.7529894761303
1007.509712934494, 80.32616715379433, 1236.2679918789704
1008.0175678730011, 133.2792875218484, 1223.6441366769193
1008.5574054718018, 600.8402932804405, 197069.80090635602
1009.0922725200653, 72.25794843035226, 1260.39251041262
1009.582014799118, 961.172453238312, 1300.3401267107674
1010.0677833557129, 2133.6210116149555, 1296.7200537874132
1010.4530432224274, 2133.6210116149555, 1296.7200537874132
1011.0575506687164, 2136.435648834242, 1297.1566863291216
1011.5533323287964, 1803.9452859341238, 1294.0047166758054
1012.0511231422424, 1214.992075937223, 1299.530299914585
1012.5598819255829, 1219.8274268856017, 1300.0940107018343
1012.9530355930328, 1219.8274268856017, 1300.0940107018343
1013.4639139175415, 1219.8274268856017, 1300.0940107018343
1014.0763845443726, 1151.3964583786928, 1585.585729209115
1014.4954769611359, 1151.3964583786928, 1585.585729209115
1015.0980212688446, 1129.4532858110847, 1708.0269823247759
1015.6357035636902, 1121.9676431943506, 1707.7845059680303
1016.1443946361542, 982.9200824728739, 1669.8755505542026
1016.5185260772705, 982.9200824728739, 1669.8755505542026
1017.1261568069458, 1538.6357369206248, 1565.0747474041577
1017.6430058479309, 958.9356775934319, 1343.2104549295977
1018.1556570529938, 936.6698039193557, 1194.7004279441192
1018.654351234436, 892.3979684177007, 1041.4384745596965
1019.134181022644, 892.6590670323536, 860.4810238658705
1019.6279368400574, 874.8801122175328, 860.8104736498202
1020.1256589889526, 982.8989049348202, 848.2761836463926
1020.6245296001434, 1009.5466858881331, 859.5024387385749
1021.1412391662598, 1059.3517467701101, 859.029722106276
1021.6290040016174, 2122.2536841336882, 853.9890886491361
1022.1466352939606, 2086.9611751602306, 871.7411595768499
1022.6904356479645, 2111.83375529953, 1062.0602475784358
1023.0127108097076, 2111.83375529953, 1062.0602475784358
1023.6422991752625, 2105.5916860573475, 1769.51466277016
1024.1391324996948, 2057.8872461710794, 1770.0147643581931
1024.6399703025818, 2043.001842921514, 1770.2939152021195
1025.1407358646393, 1947.3865981832153, 1770.941062638018
1025.6474997997284, 1950.323527153747, 1770.0894621157054
1026.145293712616, 1967.3607619037891, 1769.6315938785272
1026.6451115608215, 1888.6896271168405, 1769.9759563017112
1027.1578967571259, 1925.666837364621, 1770.7129092184202
1027.6645679473877, 1911.8354976115227, 1770.2367233030138
1028.2081952095032, 1899.5141995101253, 1770.0337444438112
1028.267037153244, 1899.5141995101253, 1770.0337444438112
1028.675056219101, 1903.4107197412836, 1770.7600724659983
1029.1777954101562, 1890.2677348926707, 1770.9424281504926
1029.6984913349152, 1926.195928508554, 1770.706533483085
1030.1831901073456, 1909.7570989339513, 1771.1555482052272
1030.44149684906, 1911.315776673058, 1771.2837289850122
1030.6858763694763, 1895.0447219907053, 1771.5149557529169
1030.931182384491, 1929.315443753551, 1771.04412991743
1031.0897879600525, 1929.315443753551, 1771.04412991743
1031.705129146576, 1908.5925539388525, 1771.490481841412
1032.2338638305664, 1816.0806230651497, 1771.0169948115467
1032.7096424102783, 1860.2771315962261, 1771.3727754711024
1033.2272810935974, 1842.8276778712484, 1771.8517335753409
1033.7192323207855, 1866.492522151506, 1771.5249394866905
1034.2089729309082, 1860.4569203193753, 1771.2948519030488
1034.7346770763397, 1849.9816750115274, 1771.4470467631656
1035.2772541046143, 1408.8103984825166, 1773.3906424440545
1035.7431304454803, 866.830766533545, 1773.6958940261293
1036.2628791332245, 817.2321793921711, 1772.9338424807295
1036.7506206035614, 852.876571190221, 1774.3518586363275
1037.2923002243042, 806.9365105461354, 1773.1848566237727
1037.7830364704132, 812.6553265060772, 1773.0489308577487
1038.300853729248, 1086.9043072121287, 1772.7156948982445
1038.8114919662476, 1070.8491702027286, 1771.8665568343602
1039.2953114509583, 1076.5364187441692, 1772.6423802337363
1039.8241176605225, 1076.5953817668378, 1772.7603396768816
1040.3238852024078, 1067.634654809321, 1771.9011431416159
1040.6581168174744, 1067.634654809321, 1771.9011431416159
1040.8695492744446, 1064.5849446249167, 1772.311521080511
1041.3354227542877, 1068.4989740977278, 1772.538088314237
1041.8641505241394, 1064.2871198975056, 1772.6073812494938
1042.3499791622162, 1067.9028897659202, 1772.7563176941737
1042.8847494125366, 1064.7947787911796, 1772.5365629671714
1043.750655889511, 1185.9870678809484, 2359.5129889591053
1044.4740030765533, 3270.981012821278, 278.0571967628797
1045.0584952831268, 3074.999999998108, 94.9960977092441
1045.5622050762177, 645.0643417554961, 274.4339380104583
1046.118712902069, 1966.4999999999854, 646.8616985891416
1046.7360694408417, 1155.0221706448485, 568.009973608905
1047.739646434784, 3222.880681470394, 358.70605484228713
1048.7172739505768, 1227.1241083609398, 692.2541388085755
1049.7275614738464, 3704.155247633022, 78029.46538157221
1050.680265903473, 3457.197147360345, 51.990550362670916
1051.3265311717987, 3778.644969576439, 41.00131387104054
1052.0837955474854, 3364.0121822391416, 765.3750187587689
1052.6673593521118, 3387.4139484843577, 1109.5829687114565
1053.063295841217, 3590.9999960837677, 288.9596496324777
1053.8024101257324, 2904.9903555980923, 835.2106065357582
1054.75514626503, 2820.8929920359747, 53.00381917297694
1055.1879851818085, 2659.012003523061, 607.5430086498079
1055.7105956077576, 3355.258931581079, 1237.1411686651913
1056.1105206012726, 3355.258931581079, 1237.1411686651913
1056.5653424263, 3244.939310786711, 202.33002126260473
1056.952377796173, 3244.939310786711, 202.33002126260473
1057.7514243125916, 2543.4557406572453, 2657.7101396909543
1058.2470939159393, 2269.9908252344185, 1052.9998194910886
1058.625144481659, 43.12363897760404, 63.00000000010066
1059.010163784027, 43.12363897760404, 63.00000000010066
1059.5718660354614, 2131.9272144861475, 2920.0339047861994
1060.270126581192, 752.0055819187776, 968.9742705549681
1060.5812916755676, 20.0, 546.9989073102498
1060.9672882556915, 20.0, 546.9989073102498
1061.7723350524902, 3663.010831058723, 150.00918031245212
1062.1373310089111, 399.99544514823276, 126.99400818261014
1062.736881494522, 1845.9885508563923, 509.99913637301006
1063.1477825641632, 1186.4999999999923, 707.5350641583242
1063.7643337249756, 2458.321752775327, 1142.1205523155897
1064.322871685028, 173.3175281211239, 980.595028436649
1064.962154865265, 590.5652379178689, 1830.329945188401
1065.673416852951, 1352.3545979725811, 1128.0842981925111
1066.4713451862335, 75.08692267730515, 1682.6209949935014
1067.3222587108612, 227.99987677003745, 251.01005203820893
1067.7003128528595, 741.1078453042039, 2028.4999999853376
1068.5860092639923, 1388.0132535241091, 1868.4101892697518
1069.5586042404175, 2033.0107454982326, 37765.87479012334
1070.3995246887207, 533.9535836523372, 772.3797704779105
1070.997918844223, 2492.9969762111505, 697.0000000100591
1071.7163457870483, -69949.51087999788, 1327.379307735172
1072.1084275245667, -69949.51087999788, 1327.379307735172
1072.9393510818481, 1788.0794311201328, 802.2016354271409
1073.4240787029266, 488.99629304265176, 1248.0000382572728
1073.9137585163116, 26.28415479546479, 625.0000000001256
1074.5360896587372, 790.0568571731824, 461.55203770971707
1075.3322372436523, 1845.4242376338389, 1889.871828290845
1075.7621474266052, 1638.7637140626725, 818.8409892424044
1076.6009747982025, 856.4925404728248, 2816.9870941674735
1077.2335367202759, 40.77490675858599, 381.1112510557618
1077.7422561645508, 1150.0498638802292, 455.18806259515645
1078.2460889816284, 1149.6391263640205, 455.2712944158155
1078.7528920173645, 1149.0958492116358, 455.3444341374198
1079.260499238968, 1147.8314465037083, 455.585841584041
1079.7952601909637, 1147.7486161482877, 455.40980212470276
1080.273999452591, 1146.9450605044274, 455.644483192962
1080.7878160476685, 1149.6634217306246, 455.66788712752486
1081.53098487854, 351.00000000268034, 236.82104338095093
1081.969806432724, 84.15331265749806, 293.1310918874915
1082.331835269928, -99049.19481103364, 314.5837118186674
1083.0351843833923, 2270.0106753750642, 357.5924473907992
1083.5408506393433, 2255.0742650921816, 374.56650701156144
1084.046493768692, 2946.0123008824335, 35.49999999465794
1084.495347738266, 1424.4554560343702, 165.01157170579242
1085.127718448639, 1365.0153215562073, 7.993664027798867
1085.8838889598846, 3017.012145730512, 483.49999999605114
1086.3637013435364, 1960.2309322753358, 475.60090521459455
1086.9862196445465, 2391.425085551982, 482.9999999985785
1087.5228052139282, 1257.0798076879153, 514.2308411282752
1088.0853517055511, 3317.126441768836, 745.3485618626078
1088.4214851856232, 3572.062089236115, 936.6449394947252
1089.0767259597778, 2269.9897773170665, 1647.331884461858
1089.951378583908, 2135.988877716418, 478.80704176615797
1090.5906901359558, 2653.5791076481287, 490.0107249250265
1091.0644180774689, 1120.5000000000216, 374.5647633800871
1091.433427810669, 1120.5000000000216, 374.5647633800871
1092.2144656181335, 1493.4727443685847, 178.16348134517196
1092.9866862297058, 855.2645002918313, 776.5650101378598
1093.9831178188324, 3738.4510680368917, 2559.010838734549
1094.719227552414, 3186.2372252936625, 512.9870637288587
1095.647943496704, 1745.4729714684572, 11.997277091310654
1096.2044887542725, 784.0105621799722, 707.999150805877
1097.0901856422424, 1855.2721422500524, -58699.89905859619
1097.7573945522308, 1231.9999999951074, 265.98678486988535
1098.5036127567291, 3540.9161960137385, 258.0021472009758
1099.083110332489, 1676.1904103578759, 829.9978126701227
1099.4792041778564, 1287.799475826222, -293.9002698767677
1100.4635758399963, 2904.0011348654584, 873.0144500953929
1100.9523627758026, 2611.261930823011, 1984.9427116721927
1101.4471333026886, 2633.881812225073, 1710.7714936010025
1101.963805437088, 2790.3213028873606, 1472.300771519284
1102.4516744613647, 2516.7768021508523, 342.1332288229111
1102.9863121509552, 2307.670114718019, 1208.9797443692285
1103.4710340499878, 2198.4124419464583, 1199.9486924244216
1103.9819943904877, 805.6140749034397, 734.8093874448037
1104.5008618831635, 1569.6345458062447, 1193.7748040561185
1104.9945800304413, 1915.4377188709238, 1260.2862944015471
1105.5472655296326, 1846.0157026840518, 1261.561559827709
1105.997193813324, 1801.2924875568995, 1266.2773124264045
1106.498033285141, 1806.818194728431, 1265.769545100232
1106.9977669715881, 1804.0527742980964, 1265.3037419836385
1107.5494229793549, 1805.4320204833482, 1265.5499712003207
1107.8996200561523, 1805.4320204833482, 1265.5499712003207
1108.5212528705597, 1817.5151036636928, 1266.6237919689825
1109.0388691425323, 1815.6601388224406, 1266.7123340413996
1109.5754036903381, 1819.6842562083384, 1267.2748863893946
1109.934467792511, 1819.6842562083384, 1267.2748863893946
1110.5469853878021, 1916.3564904592727, 1265.2522725333454
1111.0868039131165, 1910.168517522392, 1264.944272383389
1111.4409840106964, 1910.168517522392, 1264.944272383389
1111.9577226638794, 1910.168517522392, 1264.944272383389
1112.578233718872, 1911.1183508982226, 1264.9098971585822
1113.0790684223175, 1902.6135897414272, 1266.9092953047077
1113.5687510967255, 1914.36561711949, 1263.869271125864
1114.0884654521942, 1941.06743239817, 1263.8718642824333
1114.6011972427368, 1946.117873189163, 1265.1422195314394
1115.0969276428223, 1953.6210337434109, 1263.2474045107022
1115.616702079773, 1957.8017953819658, 1261.0391331185917
1116.1493790149689, 1958.9528855170172, 1260.7139078665286
1116.4985077381134, 1958.9528855170172, 1260.7139078665286
1117.1062524318695, 1943.5831261845058, 1260.6854122670577
1117.60405087471, 1942.3554398204217, 1262.999008287091
1118.1377251148224, 1880.783480612504, 1262.260696266521
1118.6035335063934, 1813.3058144264508, 1258.0175312713234
1119.1321790218353, 1785.182112762866, 1263.1646273439578
1119.612889289856, 1782.7306758513819, 1260.921315073569
1120.1206369400024, 1781.5473982058002, 1263.6259902262577
1120.6344034671783, 1783.7822852832157, 1266.145742449294
1121.1391451358795, 1800.7754797922792, 1260.3866200413147
1121.62792801857, 1837.7712744427313, 1250.221201550192
1122.1266067028046, 1796.2988325327308, 1260.8255331617963
1122.6403138637543, 1794.840960860077, 1254.2187418884798
1123.135139465332, 1779.783352588787, 1245.4901278005757
1123.6498494148254, 1623.2793228762869, 1241.821559880833
1124.1925356388092, 1622.2436386423192, 1247.4287003339402
1124.687360048294, 1834.5099922736547, 1182.304254911552
1125.1911463737488, 1591.634054450286, 1253.1561543098417
1125.7088401317596, 1539.121501479307, 1256.2871523578606
1126.190547466278, 1748.5617394579547, 1213.3626747722953
1126.6752710342407, 1746.123909845011, 1210.6818693937691
1127.1731197834015, 1758.2146246933278, 1195.0490884279413
1127.6750197410583, 1810.8746486580765, 1181.5329887365053
1128.1738708019257, 1972.8521636807814, 1144.2809905963638
1128.678590297699, 2190.4161498964777, 1182.5613618994919
1129.2152638435364, 2500.0135525599853, 20.0
1129.868534564972, 1752.02008528664, 53.00536509190042
1130.2675430774689, 1752.02008528664, 53.00536509190042
1131.0326347351074, 630.9879649009392, 2565.985815853841
1132.812649011612, 618.9829061302318, 20.0
1133.3104810714722, 549.0000663226239, 2562.0126722155583
1133.9828281402588, 3032.999567875962, 659.9905637670629
1134.2860479354858, 1193.0138515569986, 822.9972411490548
1135.1310336589813, 152.98880751806416, 200.0000285394925
1135.8362815380096, 958.0766989754023, 2638.0222749124064
1136.4466834068298, 229.00433044202015, 427.0048147150753
1137.0940027236938, 2269.9932025824874, 178.99340360044522
1137.933104276657, 186.04091295679214, 326.9954303869939
1138.3061888217926, 1799.9642496873112, 968.9977923396174
1138.9345397949219, 3038.011164925388, 1149.9985894545962
1139.4661130905151, 877.0223161564275, 1893.984775375685
1140.0116534233093, 355.9955552732913, 1416.0236588626346
1140.4625053405762, 599.9959476033, 20.00719002966895
1140.973156452179, 66.99603122766831, 20.0
1141.541630744934, 1929.9905287164777, 2812.0149386568764
1141.901664018631, 708.9952456617989, 20.0
1142.4881620407104, 19.9911739945737, 798.9819156020811
1142.8352856636047, 1091.9997937559372, 545.9982628202072
1144.0954113006592, 3166.997866062161, 1980.0100515617462
1144.4823727607727, 20.0, 351.9959967847815
1144.9242355823517, 174.98459299072178, 2752.5000000000296
1145.4480409622192, 2144.4136492890098, 862.0001686807977
1146.0405688285828, 1292.0119581482134, 20.0
1146.361766576767, 20.0, 20.0
1146.882428407669, 737.989252574498, 2490.019306930618
1147.3821513652802, 3337.0122879629107, 20.0
1147.910858631134, 1145.0039352767217, 277.99966616085976
1148.5303165912628, 2097.960907056313, 1271.9847995103864
1148.9073429107666, 1179.036243046211, 20.0
1149.4071834087372, 3158.0109037334355, 432.9827902082429
1149.9547111988068, 732.0000000040121, 2348.018751417893
1150.4145874977112, 3050.015253725787, 20.0
1150.9413034915924, 3787.010396732216, 20.0
1151.4769139289856, 129.0015118115388, 1111.9997485846602
1151.9397411346436, 659.0116098721536, 1516.0203912211407
1152.419489145279, 3312.0100534903654, 1298.0309737377388
1152.9093344211578, 1311.9924527316186, 20.0
1153.5696382522583, 1057.000042453726, 1497.999999999472
1154.0363850593567, 2583.287353102578, 154.01173729509247
1154.4813077449799, 197.99573865794412, 556.9860241398279
1154.9631345272064, 869.9972578829938, 210.9999643767678
1155.4439706802368, 443.9909457358106, 376.9996147552694
1155.9348165988922, 2992.664445838316, 1328.8225171206227
1156.4245944023132, 2690.2557559599754, 1330.5944855991313
1156.9572806358337, 2688.467552121847, 1330.31573630431
1157.4272155761719, 2686.0592450803056, 1330.4551885251326
1157.9667928218842, 2720.6113793695913, 1330.905021973886
1158.4576210975647, 2791.744652573337, 1329.099862187741
1158.9942865371704, 2978.094513428761, 1317.7335127538206
1159.481132030487, 2780.043146582771, 1327.247784452058
1160.0646159648895, 1025.9830662005138, 2170.0050503847274
1160.6650836467743, 3147.013457181158, 2935.0121960797032
1161.0900106430054, 20.0, 542.9988855271075
1161.56276512146, 318.9943193396645, 604.9922815966451
1162.122326850891, 181.99989133520177, 316.9882016560648
1162.493331193924, 181.99989133520177, 316.9882016560648
1163.1098051071167, 3642.4999999998245, 714.997970499049
1163.7462112903595, 1480.988143847491, 28.01154252957151
1164.0523886680603, 20.0, 2286.0170275548844
1164.6199042797089, 2795.351085578006, 1564.9182576946284
1165.0427713394165, 2872.605401452314, 1338.4890271026986
1165.5485560894012, 2899.0925628404057, 1342.1648082084128
1166.0682499408722, 2843.69622033502, 1338.3602356213623
1166.551019191742, 2823.7155008049217, 1337.4892006224118
1167.059830904007, 2873.593623514768, 1338.9088086001339
1167.549640417099, 2756.917424558408, 1341.732247465062
1168.2838628292084, 3764.0079510562123, 419.22585968716766
1168.5571291446686, 2752.84163583838, 1339.8208867023407
1169.0717475414276, 2715.6006953159304, 1340.6503541409782
1169.596340417862, 2715.423860778649, 1335.7116224178262
1170.0959985256195, 2712.4796023074964, 1339.1842937612842
1170.4640905857086, 2712.4796023074964, 1339.1842937612842
1171.0895926952362, 2705.086748494726, 1331.3808285425487
1171.6042709350586, 2681.1549817535088, 1340.3431668402916
1172.1079716682434, 2696.9286681223616, 1332.8360892385747
1172.701574087143, 1973.1040435114285, 546.9989073102114
1173.0367186069489, 1973.1040435114285, 546.9989073102114
1173.7319502830505, 3356.0002872989553, 1656.0251736963855
1174.248583316803, 2718.998613481543, 1564.013615565877
1175.232983827591, 2715.499999993747, 1132.0000000002678
1175.704835653305, 956.9999289145464, 1621.9961858345137
1176.3781197071075, 1717.9999499613189, 2178.000027159483
1176.8638434410095, 3453.000000003133, 510.00002125170994
1177.3246319293976, 885.9853186994094, 158.01015877901781
1177.7305376529694, 2120.999035930501, 72.99999361991628
1178.378035068512, 262.0000628389693, 481.9992966061276
1178.6772599220276, 595.9999913617453, 20.0
1179.435254573822, 1929.991719899021, 594.9872743520699
1179.8122444152832, 1929.991719899021, 594.9872743520699
1180.3817262649536, 687.9939762279492, 2025.9876503249448
1180.9741859436035, 2270.018487001667, 2669.014108503193
1181.763385295868, 1557.9997693664704, 654.500000256262
1182.170328617096, 1557.9997693664704, 654.500000256262
1182.7071301937103, 1747.764659591375, 593.9983862161372
1183.268713235855, 566.0109425700845, 139.00158285320072
1183.9589734077454, 149.01332857952727, 1257.000000071936
1184.2551777362823, 427.99999999575596, 267.99459286815085
1184.7290675640106, 713.9884899647659, 20.0
1185.25381398201, 1523.0182341470409, 1411.9999999985675
1185.6738159656525, 1523.0182341470409, 1411.9999999985675
1186.408052444458, 2256.9447400659355, 302.9995644810052
1186.8428931236267, 2357.0000677427993, 267.0000125000193
1187.6258656978607, 873.9868979605388, 182.00003734492057
1188.4150006771088, 3130.093345762649, 266.99104439024325
1188.8169293403625, 3617.9999999922943, 825.9896515296181
1189.4552793502808, 3158.6071489282954, 1297.9973210723874
1189.8572871685028, 3158.6071489282954, 1297.9973210723874
1190.4826152324677, 1010.000747503989, 1341.013174959024
1190.8845691680908, 1010.000747503989, 1341.013174959024
1191.3683683872223, 1711.0000422768765, 744.9990098571736
1191.849244594574, 2623.4920563282617, 111.00690170526958
1192.4208581447601, 761.5000001964494, 631.9891011394983
1193.0492360591888, 2042.9999334275685, 158.38508879318186
1193.552883863449, 2947.005899671961, 20.0
1193.856070280075, 188.99998544629406, 489.0212711121284
1194.5852653980255, 2703.9913920060867, 121.0000102165543
1194.9921734333038, 2703.9913920060867, 121.0000102165543
1195.3941566944122, 2804.0006562912013, 137.99999653226297
1195.8678848743439, 380.9970441162797, 167.99964848774331
1196.436449289322, 2611.962908559053, 591.0037807645195
1197.1237363815308, 3341.987913293553, 20.0
1197.8839848041534, 1730.9999999974907, 20.0
1198.561252117157, 1931.0004114436322, 993.9996609960905
1198.9891045093536, 2270.4541959474536, 328.9979422932166
1199.5396659374237, 504.99109004197214, 519.000022637922
1199.9396250247955, 194.99989731102116, 606.9927447350492
1200.6277794837952, 1929.9933282167153, 1832.0002446538274
1201.3599689006805, 1618.9901897346379, 20.0
1201.9325218200684, 272.99999562968407, 20.0
1202.5030944347382, 3868.7474180573786, 460.0000585221507
1203.1554026603699, 2568.51829282031, 491.00718317943983
1204.0920944213867, 2156.008763075417, 1355.0320401438778
1204.525930404663, 1388.5662705308348, 1831.0186047263762
1204.9308769702911, 1388.5662705308348, 1831.0186047263762
1205.9662771224976, 3705.999999999984, 1229.00686151298
1206.5079369544983, 965.0640380827095, 2056.4999999999973
1207.1622941493988, 1977.4897014637709, 2514.3618316897637
1207.6090762615204, 694.008081944674, 1280.998376404068
1207.9970936775208, 108.0000399264931, 20.0
1208.363196849823, 108.0000399264931, 20.0
1209.1372745037079, 119.99717333807429, 853.9769978273531
1209.7725689411163, 1311.9931614025961, 2517.0010258768825
1210.7362010478973, 3385.992000571496, 2474.0000929195576
1211.6460263729095, 3117.9992027870117, 1840.001104851801
1211.971182346344, 420.99054913508166, 608.9999932700802
1213.0006966590881, 447.0001114516892, 1248.996461602378
1213.7916147708893, 1259.986656136128, 5.985520081556039
1214.4820761680603, 3765.011678114954, 441.9994928889047
1215.0974662303925, 965.9999860292692, 46.964772810486565
1215.6590857505798, 283.9999709744947, 20.0
1216.058988571167, 2949.0016924089855, 777.9773854763262
1216.5987462997437, 1930.5664646630908, 171.01589961095803
1217.068592786789, 2386.4719169886685, 611.9981818662204
1217.4944851398468, 759.003331428735, 347.9999981461927
1218.0879509449005, 2199.0000370842417, 1804.9973745420923
1218.5238816738129, 3004.0000000092964, 556.5000000052215
1219.0425209999084, 657.9991685347088, 1760.0000000033265
1219.65891623497, 232.01025586490036, 20.0
1220.0379354953766, 2019.4080795207753, 1800.004779352467
1220.8567430973053, 569.9904595599065, 40.98586751287113
1221.6806437969208, 3130.4326018222155, 443.99999538220095
1222.8087441921234, 575.0032737551937, 160.00000111228502
1223.7692892551422, 3137.988212396023, 578.9935995767868
1224.0954134464264, 3532.9948511776265, 912.977584149224
1224.8265047073364, 1635.0040526821026, 169.99642302965415
1225.7392995357513, 2436.0009607956304, 730.9789678362819
1226.3078026771545, 1387.9949667811518, 815.9734593185337
1226.74662733078, 2837.9983089460916, 1794.0230857812876
1227.4637007713318, 2269.9995612022917, 175.99889364739207
1228.143060684204, 157.97896677848615, 801.9989013130457
1228.8910205364227, 2597.8989453905324, 1233.987435016709
1229.884354352951, 1931.007730808161, 1383.9767370705301
1230.267326116562, 1436.9999817828839, 1011.9970497409905
1230.7610013484955, 2270.4318636724856, 593.9981733557557
1231.2656755447388, 979.9999999996978, 978.0000001515527
1231.8770937919617, 3816.9866895753844, 883.9999934493484
1232.2550795078278, 3816.9866895753844, 883.9999934493484
1232.8515319824219, 1363.5456179229686, 19.98838483673174
1233.2843856811523, 2636.0000000000105, 20.0
1233.9018161296844, 3343.004980782053, 830.9788926645382
1234.3705594539642, 3844.5453804448503, 974.9801119298415
1234.7196514606476, 77.99998816021052, 107.99972144072682
1235.3630270957947, 737.0018385995062, 128.99969603394462
1235.914547920227, 81.99999426059466, 1086.0098201831606
1236.223724603653, 337.00016930267947, 234.9996656618437
1236.8770470619202, 1220.9999406132379, 1975.986923056692
1237.4266214370728, 85.9964094281674, 1129.0001953044982
1237.7347946166992, 1094.9999565273931, 372.99944718018367
1238.2674896717072, 432.0000330612704, 2361.999999981905
1239.3468887805939, 927.9502108421711, 1701.9954228758445
1239.8475449085236, 20.0, 963.9990672125488
1240.376187801361, 3210.0118204748846, 2676.4999999929237
1241.130190372467, 2091.0029397970634, 293.00002699376637
1241.844572544098, 2232.186563238733, 1198.0243097042267
1242.313419342041, -30513.12405737185, 936.0321487794397
1242.6975145339966, -30513.12405737185, 936.0321487794397
1243.426696062088, 2291.47846726648, 266.00166294592236
1243.8276810646057, 2291.47846726648, 266.00166294592236
1244.6495778560638, 217.00333606682483, 262.00144325320855
1245.313943862915, 493.9999887337498, 20.0
1245.7171630859375, 493.9999887337498, 20.0
1246.7276418209076, 1389.0072293935348, 219.99997495006863
1247.4448201656342, -2081.6215369564934, 533.9994114569952
1248.1180636882782, 1931.0089487195303, 448.00147705220513
1248.87721657753, 677.9975421962641, 650.9780069157227
1249.2674067020416, 677.9975421962641, 650.9780069157227
1249.8967039585114, 331.9990392767857, 613.9925483678403
1250.4154453277588, 1404.9999999997663, 2614.5000000006808
1250.8782737255096, -2562.4999150603808, 440.9999950913867
1251.262379169464, -2562.4999150603808, 440.9999950913867
1252.4683377742767, 336.00000259181223, 850.7364761551644
1253.0827169418335, 173.97702055585597, 1462.0215294707607
1253.4636957645416, 2848.2941727516363, 609.9985916836728
1254.0621905326843, 1738.3157803256354, 351.0031670481099
1254.4950587749481, 503.5000000948858, 837.9976228368989
1255.0436716079712, 900.5000000002857, 1146.9878108270143
1255.6312336921692, 40.99407052629691, 20.0
1256.0900220870972, 1039.999999998339, 1243.9963781923204
1256.5129470825195, 1081.0000198780328, 279.9999945375034
1257.2749874591827, 3130.0099028742957, 1865.0210954460993
1258.3383266925812, 3670.499999999987, 351.00002543964666
1259.0935852527618, 1788.997076372871, 1140.0293612273636
1259.694100856781, 440.008706806919, 300.00295841074905
1260.3214404582977, 2311.995274991903, 151.00000575747362
1261.351954460144, 515.9997788839673, 452.0000292679728
1262.2487833499908, 3343.007234914853, 135.9996958253718
1262.9060492515564, 633.000048981545, 1101.9999404393607
1263.7460708618164, 2938.4504385614537, 287.49972816600035
1264.212818622589, 3470.473721209655, 411.9999999986147
1264.6157369613647, 3470.473721209655, 411.9999999986147
1265.4287204742432, 2270.994861885074, 1354.0006822680004
1266.1420662403107, 3374.0000122808606, 246.00055381620083
1266.6617424488068, 2270.5644787635315, 589.9804187933198
1267.2003598213196, 694.5631274587239, 2695.987506897483
1267.6581008434296, -968.0411294552174, 212.99978143369134
1268.3942539691925, 1783.9897605961917, 166.9999642751549
1269.1395404338837, 78.03834854397569, 828.998042284649
1269.9444153308868, 686.0070623723389, 1094.994267339816
1270.6258487701416, 3031.000021256306, 935.9652333893898
1271.1335842609406, 2048.50819619621, 288.99999693930533
1271.9922504425049, 578.0003559499063, 179.00005898651327
1272.8721482753754, 578.0003559499063, 179.00005898651327
1273.9287033081055, 3733.0103821881426, 647.9728406479303
1274.7975435256958, 935.0002522901865, 1925.0091637158591
1275.5166509151459, 3343.0105457885356, 482.99951757921883
1276.4014475345612, 1605.013175026432, 213.804310830048
1276.8253104686737, 408.0000952500369, 983.0140781297004
1277.300035238266, 2534.5370800917945, 1718.9990562193716
1278.0201406478882, 126.99990434005701, 2969.9841169672563
1279.0774126052856, 2844.4459189108825, 1448.9999596290406
1279.9751434326172, 2270.011402927357, 264.0003394828581
1280.7154347896576, 494.0001389175707, 248.00009342963008
1281.3497984409332, 20.0, 20.0
1281.82954287529, 325.99999999871847, 1076.9983784628807
1282.375081539154, 693.9998388696836, 629.9992402839111
1282.8528308868408, 2270.433393563422, 1800.4396030860617
1283.2907228469849, 2031.9511526712845, 450.99936194387817
1283.905266046524, 2901.999197638216, 52.500000015051654
1284.646287202835, 26.982688265231562, 292.0062549030209
1285.477220773697, 2270.0068253310283, 2340.0180201570265
1285.9938340187073, 136.0011964841945, 399.9999971676865
1286.2870481014252, 1519.0275946849558, 256.9996120441571
1286.9923720359802, 40.023415868026255, 545.9842903140197
1287.4990758895874, 2801.988427469031, 285.9999899706358
1287.8710763454437, 1813.0200466953195, 603.9916955092549
1288.5413100719452, 499.9999239822747, 2284.018758341623
1289.0240144729614, 2270.432696786385, 427.99855779396444
1289.441893339157, 2270.432696786385, 427.99855779396444
1289.8857018947601, 293.00000096257185, 503.99824758435807
1290.8052685260773, 874.9878687272953, 391.99709620444446
1291.7169253826141, 874.9878687272953, 391.99709620444446
1292.417235136032, 3868.546514513239, 1287.024110237786
1292.8222179412842, 3868.546514513239, 1287.024110237786
1293.793672800064, 3868.004480637604, 315.01642190389447
1294.5058197975159, 1286.9822485401212, 20.0
1295.034598827362, 2770.0671850645613, 1219.9983339713062
1295.4975130558014, 2025.9762295537118, 20.0
1296.0252635478973, 1112.0001905341667, 800.9671122474061
1296.5329744815826, 694.4501897649676, 405.98458056956514
1297.132494211197, 1929.9926106567596, 341.9994340621761
1297.675038576126, 1022.9911190733136, 2892.5000000001837
1298.0560162067413, 2238.5782867739267, 323.99999736155127
1298.5287926197052, 1087.9707982631164, 805.997560950298
1299.193157672882, 3342.013256507331, 528.9817082650802
1299.602061510086, 2270.432583504159, 903.5000000010542
1300.0588660240173, 1383.4999998579449, 1187.9870942776922
1300.6533620357513, 2165.5819393084334, 1032.2423313814816
1301.5020840168, 26.008771565935657, 873.0060331475461
1302.1416051387787, 407.0000019139735, 20.0
1302.8108825683594, 1640.992783023039, 909.000000001206
1303.511334657669, 170.9998879794928, 448.000000036814
1303.903443813324, 170.9998879794928, 448.000000036814
1304.8291728496552, 3464.999999968325, 24.015036748056346
1305.6819331645966, 2454.0116891881216, 161.99999878875326
1306.1098382472992, 2454.0116891881216, 161.99999878875326
1306.6255548000336, 1087.9999999994957, 1852.898400348669
1307.4074892997742, 2269.98951752283, 303.0000105845902
1308.212564945221, 3130.5653710672436, 1123.9873950799288
1308.601580619812, 451.99427946617175, 20.0
1309.224986076355, 560.0006764900971, 1926.99809401956
1309.7446784973145, 3868.434492731564, 105.99999908776819
1310.1366312503815, 998.9922690524165, 981.0000000017563
1310.652280330658, 2566.4999999902843, 1406.0231517040286
1311.227816104889, -4336.464072831642, 251.99990364865025
1311.9349529743195, 2643.992687459869, 182.99992360989808
1312.8318655490875, 2643.992687459869, 182.99992360989808
1313.6287274360657, 2032.9909416879245, 490.43488982217946
1314.2471480369568, 2222.0144355186353, 837.0318650551377
1314.9543781280518, 1198.67340789386, -416.64314267241053
1315.7364933490753, 559.9761900261818, 372.9999959363352
1316.199316740036, 2269.968448376394, 1248.3465885172818
1317.0821561813354, 14.007492423796874, 283.98922617366946
1317.7226059436798, 643.9999917933676, 1455.0077655046978
1318.1205885410309, 643.9999917933676, 1455.0077655046978
1318.7271196842194, 564.024089482442, 1358.000016983828
1319.239890575409, 3331.506037644704, 487.9999947849513
1319.8513762950897, 2388.9728531787146, 692.9987010530681
1320.2114670276642, 2388.9728531787146, 692.9987010530681
1321.1092202663422, 1388.0057707550548, 102.43804224275112
1321.7556827068329, 725.9999999942997, 369.9995173569197
1322.89670920372, 2338.4786399859604, 152.99999821881966
1323.4463086128235, 1319.0163644818679, 1084.0000894887842
1323.9699518680573, 2989.0151767052407, 182.00034749958928
1324.3619003295898, 2989.0151767052407, 182.00034749958928
1325.1220197677612, 1334.987795956008, 171.00035923338086
1325.9829766750336, 2270.9904954063763, 582.0001196909545
1326.370935201645, 2270.9904954063763, 582.0001196909545
1326.877771139145, 3588.0000000003156, 567.9561138653445
1327.3087923526764, 3588.0000000003156, 567.9561138653445
1327.9921367168427, 3118.0021791575127, 257.0000920006738
1328.6274280548096, 2269.985821367335, 871.9733162094544
1329.7386791706085, 1929.9944180071884, 40.24887270619564
1330.6823103427887, 3046.0111086039155, 127.00000004323711
1331.6398947238922, 2643.9903884365463, 1749.9909493308623
1332.6345989704132, 1606.0001224778778, 2134.9889170423935
1333.6202020645142, 3581.4035228662115, 1311.996673218423
1333.918431520462, 2236.0154067434582, 43.94115765257972
1334.6814124584198, 1860.9924250417187, 121.01273576155666
1335.5691525936127, 2270.987670731304, 482.5000431982674
1336.1057133674622, 3130.565555049714, 2308.0135876368327
1336.3959665298462, 2975.9028549476666, 243.99999631985787
1336.942641735077, 468.00016874572265, 462.98570498757107
1337.4345042705536, 2032.5, 704.9988874459573
1338.120740890503, 2904.0076368723794, 294.0000412588077
1338.5535867214203, 3505.989446476277, 481.9992802450893
1339.1151111125946, 497.01185465238876, 1870.9999999974007
1339.8561215400696, 1929.9971005105958, 40.00908301632732
1340.7310206890106, 823.0000384673791, 1093.9892703150686
1341.699744462967, 1335.0090500637036, 269.9999977511586
1342.7272336483002, 2874.262214749812, 525.0000273589955
1343.465428352356, 1799.00000000004, 381.5000002821352
1343.9153456687927, 727.999999128427, 2528.0000000057457
1345.698003768921, 3773.990692747103, 58.00438219008403
1346.6436290740967, 1388.0069429665652, 2159.00000026866
1347.0784630775452, 1617.4999999998881, 1366.0234058617546
1347.4844348430634, 3070.0000017807497, 573.0736463704372
1348.2504768371582, 3774.993661382272, 178.99999788179304
1349.2827067375183, 1931.0114963672067, 40.000901165584544
1350.2929947376251, 2307.2063252423786, 137.98797830368994
1351.1568853855133, 2869.006555952128, 747.9999865696799
1351.6326401233673, 1930.5686231301295, 209.99999792229474
1352.1692101955414, 2455.8897631425916, 1519.9203846040496
1352.6250121593475, 2199.8650158659507, 20.0
1353.1705951690674, 974.0000000000656, 809.99999047856
1353.560589313507, 531.0007415805579, 226.00006291100928
1354.1980109214783, 2881.987750227571, 717.0328516664396
1354.5749986171722, 2881.987750227571, 717.0328516664396
1355.3988211154938, 3516.99252165494, 2093.98819784592
1356.2047832012177, 2218.999999998995, 20.00859575534386
1356.6077654361725, 2751.0569189563253, 2592.000000072689
1357.3368995189667, 2271.0084274025935, 1367.0346351539754
1358.4661328792572, 1931.0132401759033, 41.00901420174001
1359.2360939979553, 730.0001015681523, 310.0032269638261
1359.7737121582031, 3130.9971506228435, 1197.5000000007294
1360.1387042999268, 204.99993278372008, 381.9999960561571
1360.939553976059, 3867.997796535459, 80.00002992276313
1361.5930120944977, 1873.4803076029277, 260.5000023962136
1362.1506206989288, 3485.9999999999914, 20.01985330555708
1362.939569234848, 2582.00792550837, 2121.010115482756
1363.8922595977783, 2582.00792550837, 2121.010115482756
1364.6854829788208, 2583.99985408331, 799.0000000373878
1365.3687245845795, 2270.500000000001, 419.50080216043926
1366.1209263801575, 66.01857312693474, 1117.9895873040493
1366.9686827659607, 3117.988527811857, 57.986136093596166
1367.6561257839203, 299.9999961157888, 1179.278986242124
1368.176898241043, 1715.0721632805335, 41.95708453585298
1368.9130411148071, 1335.0135363824052, 492.99933462799186
1369.635323524475, 1083.0000000213645, 477.96236030121935
1370.3205268383026, 67.999446564974, 914.5000000005731
1370.6347138881683, 3516.453485064577, 1013.9986061095607
1371.4147460460663, 1996.4961308889744, 101.99010311190126
1372.5108058452606, 2023.9909596392408, 373.9916604401301
1373.575959444046, 2156.0108115556477, 69.00606569974347
1374.4827167987823, 2156.0108115556477, 69.00606569974347
1375.376528263092, 1259.9990275510042, 1272.581556162661
1375.7096347808838, 1259.9990275510042, 1272.581556162661
1376.402801990509, 3119.0139348031635, 194.99999996780437
1377.2238283157349, 3270.5000000000423, 503.50000439281496
1377.965841293335, 3059.594160283892, 107.98833619895245
1378.7071888446808, 3925.0081682543, 20.0
1379.1699786186218, 3272.0131785092926, 1499.99670875067
1379.6527698040009, 300.99740220368784, 20.0
1380.2782204151154, 20.0, 1764.0114353336587
1380.6533143520355, 2082.0017803369283, 1154.0279336143176
1381.345647096634, 3218.0133827973855, 116.97926299730706
1381.7187275886536, 3232.0122380013227, 373.9835926855842
1382.1964526176453, 505.98238007396327, 69.01081464953548
1382.718118429184, 2424.017700816749, 52.935765849907774
1383.2179000377655, 3395.0103848327417, 526.9999535425881
1383.6808009147644, 2854.013548692647, 20.0
1384.2104089260101, 327.99293650492234, 20.0
1384.6164412498474, 327.99293650492234, 20.0
1385.2259221076965, 2222.999944843448, 868.9978326522419
1385.853353023529, 20.0, 2961.989324324401
1386.3710708618164, 1986.9829127728058, 101.98689295949022
1387.02836561203, 193.01002654049907, 1891.000270964546
1387.8835127353668, 348.9954349154159, 490.98350960038357
1388.4180479049683, 163.01531732840024, 20.0
1388.9127297401428, 149.00121194933175, 2382.9886512921717
1389.273797750473, 20.0, 1312.9773520986312
1389.9221692085266, 20.0, 61.00932412750017
1390.325204372406, 1103.0152532551774, 1516.0203912211407
1390.7930645942688, 20.0, 2110.024700585283
1391.4464688301086, 971.0160266924602, 833.9896630979557
1391.8284990787506, 971.0160266924602, 833.9896630979557
1392.5246798992157, 613.9963201672467, 2933.004177808059
1392.837839126587, 1882.9991551327778, 229.00003116821713
1393.2977015972137, 20.0, 517.9789738353497
1393.84135389328, 2691.9954813913214, 382.9829285205677
1394.345298051834, 1111.9730650275076, 1538.0213915463705
1394.8601188659668, 715.9728311559203, 20.0
1395.369886636734, 3693.011004371542, 2673.013240227249
1396.0034000873566, 3390.0137402192418, 2370.9887062698676
1396.5829865932465, 3802.0119388403155, 76.97115732174768
1396.8502452373505, 20.0, 20.0
1397.3430426120758, 316.00012540119593, 20.0
1397.7273058891296, 316.00012540119593, 20.0
1398.3688762187958, 3203.011177943406, 353.99990784490643
1398.9004492759705, 2584.019077803478, 20.0
1399.968866109848, 3174.013501037442, 691.9963694731211
1400.3958122730255, 3690.012059578151, 20.0
1401.1508679389954, 2978.0124822569014, 2979.994263730406
1401.4271264076233, 3047.0123708064666, 2626.018147137773
1401.9259321689606, 3500.014784732112, 1100.0309745162313
1402.4137749671936, 578.9822830339856, 20.0
1403.0053696632385, 3544.9999999810807, 1465.0252045704663
1403.4572217464447, 864.9882843876422, 2341.019602286894
1403.9839334487915, 3248.0115159397046, 1355.0320401438778
1404.4397931098938, 1374.0271439369217, 2693.0140474611244
1404.9844465255737, 20.0, 2602.0135703269652
1405.6008121967316, 3774.00880122377, 56.0536595531874
1405.9718401432037, 20.0, 1713.027746003817
1406.635202407837, 1288.9810865379354, 51.00619656348676
1407.4901678562164, 715.991316923695, 2060.0087438068504
1408.014996290207, 548.9847850524424, 1874.0213176217353
1408.5466277599335, 3024.011714880983, 20.0
1409.0383381843567, 1458.9720365358837, 248.98836686687827
1409.457211971283, 20.0, 1802.0216542061776
1410.5234155654907, 330.9740876921473, 1612.0195556872989
1411.0431113243103, 1203.9998438117607, 20.0
1411.4761278629303, 20.0, 20.0
1412.0068337917328, 1639.997592619084, 2149.020311636195
1413.037326335907, 20.0, 737.9782763053512
1413.5052807331085, 602.9745764951381, 20.0
1414.001041173935, 20.0, 1760.0137912939313
1414.3841307163239, 20.0, 1760.0137912939313
1414.9767994880676, 2611.262373808198, 1442.2801772698895
1415.4675960540771, 2609.707123765395, 1440.2098924773286
1415.8675847053528, 2609.707123765395, 1440.2098924773286
1416.5340478420258, 1429.2888822290004, 1431.2482672088013
1417.0307142734528, 672.8174888278603, 1429.9162993286513
1417.5125620365143, 672.3458915665954, 1432.007043468702
1418.0352382659912, 4.083784719148454, 1413.596088974234
1418.5908479690552, 125.9998261301194, 20.0
1419.0327644348145, 260.03203122144356, 1433.0851910391445
1419.531474351883, 258.1043100297714, 1433.908690067071
1420.0313065052032, 257.35644137009166, 1433.3476270643127
1420.5050718784332, 257.9893722293561, 1433.4834177435253
1421.0546905994415, 259.2417574630954, 1432.3968572474168
1421.5185589790344, 259.2541280343377, 1429.7041091750095
1421.9205663204193, 259.2541280343377, 1429.7041091750095
1422.5539054870605, 258.4719657314826, 1431.6572850180282
1423.0556571483612, 259.0112848086793, 1485.3510350648364
1423.5164194107056, 259.23804859789595, 1431.390137765325
1424.0620384216309, 260.36824441782085, 1432.1245903300662
1424.443078994751, 260.36824441782085, 1432.1245903300662
1424.9647223949432, 260.36824441782085, 1432.1245903300662
1425.5562272071838, 139.99765321402762, 1430.6177038188223
1426.11887550354, -213.77055241805215, 283.98667318178633
1426.1807038784027, -213.77055241805215, 283.98667318178633
1426.6086382865906, -28.220928863900173, 1045.9720666170783
1427.094369649887, 335.588242244894, 1433.3025715338342
1427.5442655086517, 873.5830290146098, 1433.5356275581719
1428.083901643753, 874.5286164379935, 1433.12112887627
1428.5517783164978, 1181.5267762541482, 1435.157205195911
1429.1096405982971, 1566.8462548035438, 1436.5298376794108
1429.5854349136353, 1567.1040146126995, 1437.4697822679402
1430.0891408920288, 1631.016227087288, 1433.7589611826716
1430.5529656410217, 1638.0810639812853, 1435.2115161522663
1431.074683189392, 1636.8749607386487, 1435.3940605896917
1431.3141887187958, 1636.8749607386487, 1435.3940605896917
1431.5465655326843, 1637.4471813043951, 1435.2501835343403
1432.0832796096802, 1639.1718226990088, 1434.3737817904505
1432.5460765361786, 1636.7616475132788, 1431.6293634473147
1433.0758693218231, 1640.0565262372725, 1434.5265817634684
1433.5726292133331, 1645.4611580593735, 1433.0846678663975
1434.094279050827, 1646.4599625369453, 1431.7314631206993
1434.5771811008453, 1647.8407399961634, 1430.4859560672003
1435.0998520851135, 1647.6381819123837, 1433.5751085232328
1435.6185970306396, 1647.0520578459405, 1429.6433136693486
1436.1262919902802, 1651.7721447898743, 1437.8051839225107
1436.5134675502777, 1651.7721447898743, 1437.8051839225107
1437.0112025737762, 1651.7721447898743, 1437.8051839225107
1437.5262112617493, 1651.7721447898743, 1437.8051839225107
1438.1397569179535, 1652.8493544111548, 1439.7305616181768
1438.6554610729218, 1651.7852124220171, 1439.6031630020627
1439.1392459869385, 1650.8354718060143, 1439.6629146004816
1439.6339845657349, 1651.511090021399, 1440.105267644937
1440.1447539329529, 1651.6053361784482, 1441.3299432142446
1440.6554732322693, 1651.6948694745922, 1440.774935480286
1441.0465068817139, 1651.6948694745922, 1440.774935480286
1441.650996685028, 1650.0776972941435, 1441.683533960406
1442.148689508438, 1652.241910601938, 1441.1314861518615
1442.6575133800507, 1651.3282253021464, 1440.6073047086593
1443.1552033424377, 1651.7280908873536, 1441.1566174230372
1443.640942811966, 1651.4091796389037, 1441.4689339774905
1444.154571056366, 1651.8662377645014, 1440.799430855035
1444.6873199939728, 1653.4371517365657, 1441.2653009613182
1445.1512522697449, 1652.1040417523875, 1440.6904368221612
1445.6399207115173, 1652.8756574518525, 1442.720710446052
1446.1557250022888, 1654.299535897955, 1441.667457732828
1446.655499458313, 1653.0216778295933, 1442.7161841729887
1447.0575211048126, 1653.0216778295933, 1442.7161841729887
1447.6690356731415, 1655.0750190752894, 1443.1090785626504
1448.1838178634644, 1654.749770495371, 1443.2829455857677
1448.5977566242218, 1654.749770495371, 1443.2829455857677
1449.2002651691437, 1654.1126967522912, 1442.561821544298
1449.768955230713, 1653.6967139974804, 1442.5479241719288
1450.214819431305, 1655.0167926294152, 1443.1696829630607
1450.3903832435608, 1655.0167926294152, 1443.1696829630607
1450.7843868732452, 1654.127252246711, 1443.3952451059342
1451.2541527748108, 1654.2259305204286, 1442.6464181999304
1451.736926317215, 1653.5016823007193, 1442.5115172694855
1452.256630897522, 1654.469490323539, 1443.2188135054466
1452.75852060318, 1654.3483199613188, 1442.964654359534
1453.2582867145538, 1653.9341866533941, 1442.389110928392
1453.7490019798279, 1653.9280128015969, 1443.3432650690613
1454.2676892280579, 1654.4775282197895, 1443.1281456696156
1454.3225135803223, 1654.4775282197895, 1443.1281456696156
1454.7505614757538, 1653.9811283771728, 1442.9910029212615
1455.1397531032562, 1653.9811283771728, 1442.9910029212615
1455.7553465366364, 1654.5573312687475, 1443.1860178797172
1456.2630977630615, 1654.7852854551982, 1443.1025791078616
1456.7957971096039, 1654.9199702653636, 1442.06356473959
1457.3014624118805, 1654.242158735016, 1441.9713406831954
1457.690532207489, 1654.242158735016, 1441.9713406831954
1458.2990226745605, 1654.9973688427062, 1442.389464728373
1458.8228206634521, 1654.810072807814, 1441.5630197634594
1459.1868455410004, 1654.810072807814, 1441.5630197634594
1459.8011951446533, 1654.0663708459883, 1442.744189635566
1460.3367578983307, 1654.987728903633, 1442.765362311607
1460.812480688095, 1654.9985040656227, 1443.4878494166246
1461.3021664619446, 1655.298072613793, 1442.5037198106882
1461.8257608413696, 1654.9418553260934, 1441.8879016848398
1462.2027487754822, 1654.9418553260934, 1441.8879016848398
1462.8103113174438, 1654.129774841499, 1443.9386421835898
1463.3230957984924, 2252.168082562187, 1435.6525179734704
1463.817919254303, 3539.852906909693, 1452.2622526206662
1464.3335604667664, 3561.9363354345246, 1454.5531687413077
1464.8743026256561, 2998.229240729819, 1443.5771960903066
1465.3502638339996, 1941.5859374015715, 1454.4870441579712
1465.8589944839478, 1772.5630994470193, 1445.6142732573512
1466.3417224884033, 1172.3379343371116, 1477.9689280825564
1466.842432975769, 1536.6958806057835, 1482.369190707699
1467.353316783905, 1612.4515208957193, 1480.6582898186366
1467.8641560077667, 1722.838260874625, 1483.0166310102347
1468.3778607845306, 1932.053364147829, 1490.6174228087325
1468.8835034370422, 2709.1372626439907, 1490.272069824882
1469.4260473251343, 3160.9566188844324, 1507.7199653796092
1469.8858134746552, 3167.8263187618822, 1515.986341687652
1470.3834793567657, 3166.494806449313, 1516.4491651365647
1470.8693771362305, 3127.4636701833265, 1516.1155561955215
1471.3722484111786, 3262.445505063219, 1535.9652733200612
1471.9270222187042, 3272.867656649798, 1536.414080524665
1472.3968260288239, 3292.6875188588433, 1538.1436349264025
1472.9096398353577, 3352.8959249075974, 1540.963667191281
1473.4084560871124, 3334.54521361323, 1539.918189481076
1473.8113808631897, 3334.54521361323, 1539.918189481076
1474.4337410926819, 3444.9952542535098, 1558.7373390197454
1474.9305264949799, 3521.485647510059, 1565.5879859227664
1475.4303023815155, 3564.2048357538115, 1570.4502988333513
1475.961966753006, 3565.456660497647, 1572.6203742612036
1476.4297678470612, 3590.342504219424, 1574.1972106232533
1476.9186799526215, 3584.6739874546206, 1574.6772354274888
1477.4373950958252, 3254.6852190319933, 1576.0454666455319
1478.0169887542725, 1639.5219669648359, 1578.468418875412
1478.4160244464874, 1466.1341546682863, 1583.9425695927875
1478.8269879817963, 1466.1341546682863, 1583.9425695927875
1479.4525921344757, 1398.6240100499874, 1588.7058590139159
1480.0143837928772, 1397.9750225761488, 1588.8942337384128
1480.455325126648, 1398.9634808364722, 1588.412104749364
1480.8603739738464, 1398.9634808364722, 1588.412104749364
1481.4847798347473, 1483.0219411840765, 1607.3061376728122
1482.014690876007, 1300.2053386708708, 1618.5017180806046
1482.5553531646729, 1320.39732968706, 1618.1589209535316
1482.9135587215424, 1320.39732968706, 1618.1589209535316
1483.524082183838, 1261.8878803220737, 1619.116309142362
1484.0597920417786, 1305.4212147172439, 1622.917776817069
1484.5875978469849, 1242.5263747690997, 1631.007779817521
1485.0753445625305, 1272.868676479295, 1630.040171144755
1485.5622527599335, 1274.8332402577007, 1630.6484119887728
1486.077985048294, 1222.6053316856185, 1634.914436434266
1486.4751644134521, 1222.6053316856185, 1634.914436434266
1487.1036632061005, 1252.5940634966792, 1636.143280702911
1487.594468832016, 1251.874993405823, 1636.7354086529774
1488.1282501220703, 1161.5553270948405, 1642.672565957443
1488.578221321106, 1067.1643521470435, 1655.2591318591176
1489.1239528656006, 1113.6996465680895, 1655.7217045218617
1489.5948321819305, 1072.0666916878338, 1653.859202778248
1490.1236989498138, 839.554728499239, 1674.032691570948
1490.6463005542755, 455.04754400790216, 1704.8908528671407
1491.148053407669, 594.2896826453442, 1731.409362973282
1491.6299047470093, 717.5567837871886, 1740.716110616048
1492.136533498764, 698.3862829754382, 1743.0889278913105
1492.6511685848236, 739.1762909079797, 1745.7942772330837
1493.0271685123444, 739.1762909079797, 1745.7942772330837
1493.6545584201813, 1069.748976250811, 1789.3820390676588
1494.0176367759705, 1069.748976250811, 1789.3820390676588
1494.6310517787933, 1070.185250103437, 1789.7144715981813
1495.2026221752167, 1053.5340955583556, 1791.039346013379
1495.6436667442322, 699.9965918720168, 1811.4207202496793
1496.1424703598022, 676.6577717379492, 1814.5065918514372
1496.6353178024292, 638.2319847571663, 1826.0424293141627
1497.1401410102844, 620.4948841193313, 1835.8076563162633
1497.6400187015533, 618.0883696039247, 1836.8492790331482
1498.136730670929, 618.521644003939, 1836.783140415579
1498.5238857269287, 618.521644003939, 1836.783140415579
1499.1483845710754, 628.7649634912234, 1837.797990105155
1499.6782002449036, 627.4298326136835, 1837.6811616039768
1500.157945394516, 406.68433288009214, 1753.624781766662
1500.6726868152618, 262.60239745370035, 1788.6714567249553
1501.173579454422, 1623.4637932215107, 1593.778031412623
1501.7242283821106, 965.9768732934463, 406.00546192125324
1502.1960608959198, 3711.9255565218073, 1659.8904090512492
1502.8913614749908, 52.00489913934034, 20.0
1503.6963484287262, 3941.4999999897345, 1603.5324795262134
1504.1751821041107, 2020.7934433569656, 1443.6641495958459
1504.6800282001495, 2562.6711053440067, 1626.0297211148086
1505.1797420978546, 3338.235694131788, 1608.1696828039514
1505.6816446781158, 3540.137901013031, 1603.7631153931404
1506.178346157074, 3464.1281247173383, 1616.1749528522741
1506.7430686950684, 3643.3382246504043, 1623.389182748386
1507.208999633789, 3644.879682947815, 1624.903872462843
1507.7227537631989, 3805.554106369762, 1623.010950375658
1508.2255370616913, 3663.9767843703994, 1630.9099947223299
1508.7283101081848, 3533.8813592372585, 1619.8175310037336
1509.2491686344147, 3606.811967020257, 1614.5206533063533
1509.7510454654694, 3625.051099529358, 1609.9199677317604
1510.2477588653564, 3833.5566736348414, 1593.523286335146
1510.74058675766, 3886.908071788451, 1592.3554628954132
1511.2612617015839, 3684.316191325477, 1593.7492424036036
1511.7601046562195, 3619.119751476315, 1595.7035083957683
1512.3028693199158, 3718.4533868997237, 1599.6599401957758
1512.8905189037323, 3116.9871273755402, 1218.9941629899147
1513.343335866928, 3204.0131943636593, 924.9579826067747
1513.7503929138184, 3204.0131943636593, 924.9579826067747
1514.3440647125244, 3750.4478468372026, 1611.544368141327
1514.857875585556, 2866.754948282034, 1614.3062549395386
1515.3846762180328, 2853.2760454644385, 1614.300730723069
1515.765033006668, 2853.2760454644385, 1614.300730723069
1516.3707253932953, 2064.6354857773254, 1618.3537670802923
1516.883537530899, 2057.429697830232, 1617.8985181621003
1517.3842749595642, 2045.217959498002, 1617.8546815725997
1517.920036315918, 2122.392093367742, 1615.5244874886198
1518.3949043750763, 2131.9720752745598, 1614.6946704012703
1518.9576046466827, 1913.0624437324193, 1618.669437928161
1519.3026769161224, 1913.0624437324193, 1618.669437928161
1519.9274291992188, 1896.2319474950539, 1618.7538371403448
1520.429230928421, 1895.3525644704862, 1618.4493722443078
1520.9410326480865, 1913.0408374424158, 1619.4365302552205
1521.313176393509, 1913.0408374424158, 1619.4365302552205
1521.8181459903717, 1913.0408374424158, 1619.4365302552205
1522.4406666755676, 1925.0813740583267, 1619.744176456233
1522.964438199997, 1924.728849086188, 1620.4781637927897
1523.35750746727, 1924.728849086188, 1620.4781637927897
1524.001143693924, 1925.724438703279, 1619.9453120683204
1524.4919002056122, 1926.1724183940332, 1618.9298941421096
1525.03049826622, 1925.505530870181, 1618.9084110982174
1525.504338979721, 1925.2295961922678, 1619.3090468581186
1525.9152829647064, 1925.2295961922678, 1619.3090468581186
1526.4081680774689, 1925.2295961922678, 1619.3090468581186
1526.8940832614899, 1925.2295961922678, 1619.3090468581186
1527.5057079792023, 1926.999705933683, 1619.9730819863196
1528.0214841365814, 1928.6755611913393, 1619.2396459631723
1528.566158771515, 1926.7066846954885, 1618.2539517060545
1529.0698075294495, 1926.772333050969, 1619.4651438366839
1529.5215940475464, 1926.6884250681865, 1618.9347047542524
1530.0661334991455, 1926.7504087865311, 1619.023728235674
1530.5339448451996, 1926.7887691030455, 1619.0050410410686
1531.0656728744507, 1926.60435853929, 1618.6021068980303
1531.5614652633667, 1926.351623939953, 1618.0323651121673
1532.077293395996, 1926.2967667560856, 1619.0069700517327
1532.537160873413, 1926.7422218482693, 1619.2257301990683
1533.1086957454681, 1926.1983119578738, 1619.2287587555495
1533.5746886730194, 1926.7786973168595, 1619.3860728076038
1534.1014618873596, 1927.0855775659454, 1620.2476406945502
1534.5683119297028, 1927.5096069131448, 1620.5716612137949
1535.1021039485931, 1928.0590440736369, 1620.761901142656
1535.5898575782776, 1926.8241921548183, 1620.4397497304549
1536.1515080928802, 1927.044662481076, 1619.8209375287238
1536.5924954414368, 1927.2186753722672, 1619.2894785907831
1537.128256559372, 1926.445761795807, 1620.20025671007
1537.5981261730194, 1927.2797759767177, 1619.0032882108128
1538.1238942146301, 1927.1594957191771, 1619.572371136253
1538.6027960777283, 1926.9034901618213, 1619.6778509425365
1539.010823726654, 1926.9034901618213, 1619.6778509425365
1539.6064417362213, 1927.6045952282211, 1619.5300533998204
1540.1362855434418, 1927.6882013119443, 1619.7320852153625
1540.608209848404, 1927.1816227416537, 1620.1395298780933
1541.1399385929108, 1927.381546084204, 1619.8325564801623
1541.6077542304993, 1927.6155995805993, 1619.9272213797278
1542.1455845832825, 1928.1813050771893, 1619.597755939923
1542.6203751564026, 1928.1791916445627, 1619.9216743518068
1543.1491301059723, 1928.3875554347433, 1619.9235890757989
1543.6299154758453, 1927.5133379219158, 1620.0601295669906
1544.1497147083282, 1928.1302025029486, 1620.0368929239662
1544.625601053238, 1928.204097095092, 1620.2994999605978
1545.1503200531006, 1928.3566826683737, 1619.8686268179576
1545.6541357040405, 1927.74584790068, 1620.0354001360295
1546.1659288406372, 1928.6279591957143, 1620.044446328734
1546.6667649745941, 1927.827288166259, 1620.6179421126503
1547.2173917293549, 1928.2674852822313, 1620.3618401926522
1547.57554769516, 1928.2674852822313, 1620.3618401926522
1548.203996181488, 1927.7006297719006, 1619.8343346280615
1548.7217817306519, 1928.2534753106343, 1619.8636158794168
1549.2125580310822, 1928.4864840803434, 1620.023062745836
1549.7344198226929, 1928.3149607417827, 1619.6902718684387
1550.2392230033875, 1928.1630614599433, 1620.194599855282
1550.7380573749542, 1928.437619230751, 1620.3291281842633
1551.2628002166748, 1928.4413276029002, 1620.5401935110442
1551.750640630722, 1928.2766742315782, 1620.3174003085
1552.136703968048, 1928.2766742315782, 1620.3174003085
1552.76122713089, 1927.981238131577, 1619.545398996898
1553.2679696083069, 1928.3695386213947, 1619.8709584119586
1553.7847800254822, 1928.470471514945, 1620.2107212523188
1554.2676451206207, 1928.906602726904, 1619.8325362496128
1554.7823610305786, 1928.7085387323627, 1619.5320335034953
1555.3200824260712, 1928.7764681088242, 1619.3865891685562
1555.79589509964, 1928.7779782006075, 1619.332059151397
1556.3176045417786, 1928.6813148759388, 1620.0845403208682
1556.8253741264343, 1929.2937863678394, 1620.1769238989846
1557.3370282649994, 1928.343270055954, 1620.3798592486896
1557.8008341789246, 1929.064537995442, 1619.0034108348893
1558.3075125217438, 1928.6830489486445, 1620.0385637790173
1558.8581125736237, 1928.493915672713, 1620.8314075378332
1559.3278810977936, 1928.4878297896762, 1620.8709537832776
1559.7339572906494, 1928.4878297896762, 1620.8709537832776
1560.3306357860565, 1928.8481170762052, 1619.6781498806743
1560.828463792801, 1929.2464121112587, 1619.8135462241903
1561.3273177146912, 1928.9365714598187, 1619.8949443702095
1561.8908417224884, 1929.053544496279, 1619.831757469081
1562.3467478752136, 1928.81997557929, 1620.0481083002521
1562.8625962734222, 1929.024824211858, 1620.9661893771117
1563.354338645935, 1927.7484008828853, 1619.2723661122411
1563.8601858615875, 1928.9546309449136, 1620.2518151184565
1564.3529543876648, 1929.682872969693, 1619.9425222864388
1564.7569477558136, 1929.682872969693, 1619.9425222864388
1565.3845355510712, 1929.5591594273453, 1620.4176722670181
1565.8793721199036, 1928.2765953618018, 1620.7132090635391
1566.3951079845428, 1928.4696807746095, 1621.4446907321058
1566.8721935749054, 1929.290932408432, 1621.1992433331202
1567.3909318447113, 1928.7830037458345, 1620.39784803036
1567.9006288051605, 1928.863430371631, 1621.8550783470191
1568.4392895698547, 1928.8201554209818, 1621.6221576891585
1568.9052665233612, 1929.6635288119223, 1620.2303046552747
1569.4060566425323, 1929.4270717654344, 1620.3588211274327
1569.9008119106293, 1929.6078834027637, 1620.7276301059755
1570.4154708385468, 1929.4472105701375, 1620.7714241604392
1570.9253203868866, 1929.1817713833875, 1620.5104346574808
1571.4271552562714, 1929.5016093166093, 1619.405216202952
1571.9430141448975, 1929.7036131031093, 1619.6953300679165
1572.4376969337463, 1929.7041850785488, 1620.0954888738097
1572.9385347366333, 1929.251249566336, 1620.3083672923199
1573.4772591590881, 1929.3537540972934, 1619.652607545381
1573.9731810092926, 1929.698826567512, 1619.652975183409
1574.4940009117126, 1928.7295436791862, 1620.2311934964284
1575.0197350978851, 1928.9003561311483, 1619.2231469518547
1575.4855163097382, 1929.176664851321, 1619.7396590185213
1576.0172448158264, 1929.3189607234233, 1620.270853744079
1576.5030279159546, 1929.019133442038, 1620.1758082815722
1577.0367143154144, 1929.691059012155, 1619.3239095427875
1577.5186042785645, 1929.9877592021528, 1619.2250649544378
1578.0344569683075, 1929.737465199966, 1619.9882006605349
1578.5202190876007, 1928.6648329146362, 1619.1166083227267
1579.0559957027435, 1929.1096797796179, 1620.7316363749442
1579.5387864112854, 1929.561894617063, 1622.8923928232625
1580.0765688419342, 1930.0938914407495, 1624.1722466024098
1580.5395109653473, 1929.8155006308864, 1625.1239079059828
1581.056361913681, 1930.292672087532, 1626.1620657571634
1581.5451588630676, 1931.5045720730052, 1629.2997901064266
1582.0728642940521, 1931.1581951024543, 1628.2513585099568
1582.564608335495, 1931.8748569456993, 1629.619995760714
1583.0823435783386, 1933.894330895906, 1629.87953902809
1583.458485841751, 1933.894330895906, 1629.87953902809
1584.062090396881, 1929.0088004479576, 1621.7617573068637
1584.566999912262, 1931.3486376500853, 1627.4199612372258
1585.1117067337036, 1932.5462514199205, 1629.2585931225747
1585.572505235672, 1932.9986867716166, 1629.8091363255323
1586.123292684555, 1933.4076638977874, 1628.8718675222763
1586.591145992279, 1932.5321904119266, 1631.182850690429
1587.1289439201355, 1931.0012416086156, 1624.9376651317148
1587.4750142097473, 1931.0012416086156, 1624.9376651317148
1588.127334356308, 1931.1733183828082, 1624.1959301646798
1588.6180167198181, 1932.2718565526452, 1627.8283953512253
1589.1635525226593, 1930.5422546581112, 1624.6418453235656
1589.6701927185059, 1930.8590797946763, 1619.4033775984883
1590.140929698944, 1930.2953570828743, 1619.6759801647222
1590.6017773151398, 1930.3849756984303, 1619.5045865219033
1591.1493077278137, 1931.0074628826428, 1619.8422683149588
1591.6240339279175, 1929.9209141649912, 1620.8773468866125
1592.1845293045044, 1930.1327383965613, 1619.650227180762
1592.6523668766022, 1930.1297737173063, 1620.1183307745496
1593.1681725978851, 1930.6988425473698, 1620.2713511048855
1593.5422224998474, 1930.6988425473698, 1620.2713511048855
1594.1777873039246, 1931.1722045797974, 1620.455095840084
1594.6726355552673, 1930.3268598200425, 1619.8018395976615
1595.193370103836, 1931.2904605431524, 1620.1199705634517
1595.7140748500824, 1931.3267003340125, 1620.3073606816263
1596.2357523441315, 1930.041845784864, 1619.836303378986
1596.71745967865, 1931.3941908633788, 1619.8862656323586
1597.2470378875732, 1930.037106327856, 1619.7284569837993
1597.6092898845673, 1930.037106327856, 1619.7284569837993
1598.21395945549, 1931.2059886778793, 1620.043814987736
1598.615080356598, 1931.2059886778793, 1620.043814987736
1599.228645324707, 1927.600000907405, 1618.3769605805044
1599.6245877742767, 1927.600000907405, 1618.3769605805044
1600.2868950366974, 2112.0034401603803, 20.0
1600.8284418582916, 440.9906592798133, 20.0
1601.2034349441528, 440.9906592798133, 20.0
1601.872769832611, 3543.9547961154753, 1061.030806178561
1602.2628049850464, 1919.0704887698867, 1559.7649155258632
1602.7835595607758, 20.0, 940.9975347492058
1603.3282458782196, 1916.0009215446428, 312.9968839597651
1603.7730526924133, 20.0, 525.9984693720488
1604.1690125465393, 20.0, 525.9984693720488
1604.7564964294434, 1929.2975457158927, 1615.890602642442
1605.3042035102844, 1930.506155228599, 1612.5027585325947
1605.7600674629211, 1931.3827808671183, 1617.1297481139277
1606.279799938202, 1930.4753828430369, 1617.300319946129
1606.798709154129, 1930.7002674821879, 1616.0680485377181
1607.3213763237, 1931.7988407776932, 1619.5891733026592
1607.6824057102203, 1931.7988407776932, 1619.5891733026592
1608.3077630996704, 1929.8915902957574, 1618.6378945931033
1608.8164596557617, 1931.808857086811, 1621.3784121904298
1609.325208902359, 1930.8455946215984, 1621.1214127043065
1609.7092549800873, 1930.8455946215984, 1621.1214127043065
1610.2041010856628, 1930.8455946215984, 1621.1214127043065
1610.8187205791473, 1930.8614621072068, 1620.3949283154473
1611.3214044570923, 1930.929171222981, 1620.2729402541445
1611.8451085090637, 1932.0514714095882, 1620.3646621746175
1612.3359098434448, 1933.5153697900053, 1621.6795061403618
1612.852706670761, 1931.5627717226894, 1620.8110537366988
1613.220779657364, 1931.5627717226894, 1620.8110537366988
1613.7474391460419, 1931.5627717226894, 1620.8110537366988
1614.3469607830048, 1931.9750296394047, 1621.0721200896069
1614.8348178863525, 1931.9877568282386, 1620.1366181102073
1615.3295967578888, 1931.5897353356197, 1620.4640183519705
1615.8423788547516, 1931.2173240949214, 1620.084151935816
1616.234398841858, 1931.2173240949214, 1620.084151935816
1616.8489549160004, 1930.8521209899236, 1620.4457683932053
1617.3566982746124, 1932.235212956142, 1620.5025842168204
1617.8745398521423, 1930.9622467952868, 1621.092479135856
1618.4161694049835, 1931.1848919176384, 1620.9011956044794
1618.9138524532318, 1931.005775107274, 1620.64732146205
1619.3238475322723, 1931.005775107274, 1620.64732146205
1619.9143221378326, 1931.367036507545, 1620.7002985757936
1620.4280941486359, 1931.1870761161879, 1621.0150664973462
1620.9298012256622, 1931.2531206892172, 1621.4163308140155
1621.4586515426636, 1931.4742790396642, 1620.60439460053
1621.9522981643677, 1932.1156811464548, 1620.874428237051
1622.049039363861, 1932.1156811464548, 1620.874428237051
1622.4599876403809, 1931.5826477041317, 1619.1381678433277
1622.8070878982544, 1931.5826477041317, 1619.1381678433277
1623.4464337825775, 1931.8802907974823, 1619.217203739991
1623.9561531543732, 1931.6198464753045, 1618.7121231595988
1624.4529733657837, 1932.0269793155537, 1619.92683272265
1624.9526855945587, 1932.0975743788945, 1619.8810495193404
1625.3546071052551, 1932.0975743788945, 1619.8810495193404
1626.057721376419, 1931.764350198713, 1619.2279080411674
1626.474739074707, 1931.572566609472, 1620.0214639229807
1626.9775831699371, 1931.5745120537338, 1619.643824854613
1627.47549700737, 1931.7726434732376, 1619.9019066282053
1627.965307712555, 1932.2748098301117, 1619.8238789357056
1628.4780580997467, 1931.8648191929447, 1618.7204605686798
1629.009801864624, 1932.4511412351387, 1619.518873565776
1629.5125789642334, 1932.2331542783625, 1620.5361122431518
1630.0243635177612, 1931.6467473926482, 1620.2991347912673
1630.536099910736, 1932.29547963014, 1619.9267898949363
1631.0707297325134, 1931.7222772488788, 1619.8008969420218
1631.5336170196533, 1931.9633503063471, 1620.2557817886961
1632.0754866600037, 1931.5924562725477, 1619.9859700954
1632.546305656433, 1932.5608557701557, 1620.169700952683
1633.0739316940308, 1932.01123526407, 1620.9706010270265
1633.562688589096, 1931.758574036978, 1620.7319049142852
1634.0964226722717, 1931.380561120456, 1619.902729335411
1634.5752623081207, 1931.8967408993249, 1619.18135102645
1635.1099486351013, 1932.118055368051, 1620.200629608329
1635.5827248096466, 1931.9707603670854, 1620.4370865651697
1636.1036140918732, 1931.8720057867542, 1620.3156085975286
1636.5783877372742, 1932.3795812403757, 1620.2801882197514
1637.1180400848389, 1932.82560550901, 1619.8463962439819
1637.6238331794739, 1931.4209731708338, 1619.434996390572
1638.1166243553162, 1932.3860512753467, 1619.7532355871742
1638.6035459041595, 1931.8659819412603, 1620.1731639915859
1639.1194169521332, 1931.8547318617923, 1619.7217856017867
1639.600314617157, 1931.7099141426036, 1620.0121637133757
1639.9844830036163, 1931.7099141426036, 1620.0121637133757
1640.619859457016, 1932.2105519927222, 1619.825818504352
1641.114699602127, 1932.0383924491753, 1619.9279720783834
1641.6015343666077, 1931.4492778784352, 1620.1936157313983
1642.127203464508, 1932.0731844470542, 1619.2237046176222
1642.6100325584412, 1932.0453961857327, 1619.6870485402528
1643.1418085098267, 1932.2068642672675, 1620.1580053659877
1643.6086432933807, 1932.748515623644, 1619.8455735550376
1644.1343615055084, 1931.8001049696716, 1618.5144425328172
1644.5016191005707, 1931.8001049696716, 1618.5144425328172
1645.1410200595856, 1932.0015527906103, 1619.9604552367132
1645.622947216034, 1932.0660145728448, 1619.7363650659483
1646.1797087192535, 1932.068910310427, 1620.427461064907
1646.6604490280151, 1932.0505164193703, 1620.0092945549243
1647.1821887493134, 1931.9010863202911, 1619.5917918871614
1647.6510491371155, 1931.8915771207728, 1619.3740290507212
1648.1817982196808, 1931.8762133739083, 1619.322091861586
1648.7253031730652, 1932.0782241135553, 1619.8011371263233
1649.2000284194946, 1932.1461315842823, 1620.0645868162885
1649.697692155838, 1931.9808699377606, 1620.0701563368762
1650.1993460655212, 1932.8718483860057, 1620.3857804357294
1650.709977388382, 1932.5343870752768, 1620.8502424911942
1651.2086372375488, 1931.9125308101993, 1620.3629886755646
1651.7102925777435, 1932.2061432267728, 1620.476767375984
1652.1960272789001, 1931.9648438852305, 1619.912826261311
1652.7247500419617, 1931.5391062950232, 1620.6808908072553
1653.0948269367218, 1931.5391062950232, 1620.6808908072553
1653.706217288971, 1932.5269444753692, 1620.4471484915296
1654.1999366283417, 1932.4942356279184, 1620.1422817350438
1654.697726726532, 1931.2664773082674, 1620.2519426131018
1655.0987949371338, 1931.2664773082674, 1620.2519426131018
1655.7143812179565, 1932.594291243012, 1620.6763451699653
1656.2082471847534, 1932.4265753095228, 1620.016964356065
1656.705096244812, 1932.3812921849167, 1619.9732891286176
1657.2028419971466, 1932.6767562049174, 1620.3154635759158
1657.697669506073, 1932.084751101651, 1620.5380316112828
1658.2133486270905, 1932.5032345183736, 1620.2820509619257
1658.7161614894867, 1931.6603033625381, 1620.76907755101
1659.234911441803, 1932.2506401375003, 1620.8654939987764
1659.7337679862976, 1932.4314244780794, 1620.3763447273366
1660.2374160289764, 1933.5886587607017, 1620.496047647907
1660.7571659088135, 1931.8879083179309, 1621.0524815294123
1661.2519330978394, 1932.0016651171188, 1619.838436625375
1661.744698047638, 1931.5923542478433, 1619.6716631030731
1662.147714138031, 1931.5923542478433, 1619.6716631030731
1662.7722465991974, 1931.8778921971575, 1619.9343383666894
1663.1653008460999, 1931.8778921971575, 1619.9343383666894
1663.7658405303955, 1932.0015469376626, 1619.8507469231508
1664.284526348114, 1931.8669886689604, 1620.27201430205
1664.7844548225403, 1932.2457071000567, 1619.899190795917
1665.2852137088776, 1933.8921032359297, 1619.366334719684
1665.7831127643585, 1932.7697534236352, 1619.9531880193515
1666.293915271759, 1932.5517212615057, 1619.2944870640554
1666.7986710071564, 1932.0637943087554, 1620.2385563352777
1667.3003833293915, 1931.343281461404, 1621.7428676536995
1667.796273946762, 1931.7333709999275, 1620.000945276766
1668.3060579299927, 1931.6028998934407, 1620.557102862545
1668.8057804107666, 1932.8798801125931, 1620.1728888687123
1669.3184258937836, 1932.785022098984, 1619.7049262629018
1669.8342275619507, 1932.4172831810515, 1620.127870785947
1670.3369829654694, 1932.5365281503136, 1619.964878690607
1670.869648694992, 1932.4733556311876, 1620.0438322167151
1671.3255951404572, 1931.6596306357087, 1620.3062702888458
1671.8243763446808, 1932.624213610228, 1619.953177398685
1672.3232488632202, 1932.7149429465917, 1619.4587970005196
1672.8380057811737, 1932.5765655195792, 1618.7896259343077
1673.3358073234558, 1933.1545195050378, 1620.072926043756
1673.8366980552673, 1932.744527169028, 1620.5962096161272
1674.3445270061493, 1931.9325467987571, 1620.6463171376975
1674.8482959270477, 1932.6169511700484, 1620.674725867226
1675.2124140262604, 1932.6169511700484, 1620.674725867226
1675.8319079875946, 1932.5559976440404, 1620.5816559247107
1676.3346297740936, 1933.1987339041725, 1620.2195746884547
1676.8283050060272, 1932.574263882803, 1620.2700529697559
1677.3550617694855, 1932.344124498402, 1619.6068252918874
1677.8358340263367, 1932.628789198183, 1619.9978674144224
1678.3495860099792, 1932.6929754975877, 1619.4521171309343
1678.8334803581238, 1932.9073018689078, 1619.7827770963752
1679.3581094741821, 1932.9278137536578, 1619.9450663737307
1679.845158815384, 1932.9846291761776, 1620.2318568504902
1680.3439881801605, 1932.5803137400283, 1620.8863882735736
1680.8386566638947, 1932.8901756354521, 1620.250613620153
1681.3513815402985, 1932.9676118849, 1620.433018326038
1681.852154493332, 1933.0100020489513, 1620.0005876406703
1682.3479511737823, 1932.168928196191, 1620.028180471342
1682.8468017578125, 1932.4211281522762, 1620.6661631233237
1683.3446974754333, 1932.339322677723, 1620.986612583137
1683.843567609787, 1933.156296916376, 1620.3288147386631
1684.351316690445, 1932.2090482355256, 1619.8440309653904
1684.8532123565674, 1933.0654178659856, 1620.526540401575
1685.3669924736023, 1933.273256728096, 1620.144323450521
1685.8747470378876, 1933.2547735985802, 1620.4941987151306
1686.3905210494995, 1933.2975904678347, 1620.9050623323922
1686.9292187690735, 1932.2896235913934, 1620.8065854574347
1687.4229743480682, 1932.9772187270344, 1620.1771357726648
1687.9516487121582, 1932.5506700605208, 1620.3310623843502
1688.4343535900116, 1932.852130344267, 1618.4885843912436
1688.8343317508698, 1932.852130344267, 1618.4885843912436
1689.4478001594543, 1932.154698687215, 1621.3660980319744
1689.9485223293304, 1932.2310521241423, 1621.0198279025126
1690.4882423877716, 1932.3526394642674, 1620.9144391163738
1691.0148711204529, 1932.2010621936608, 1620.8198284745106
1691.3720216751099, 1932.2010621936608, 1620.8198284745106
1692.0164790153503, 1932.497761872339, 1621.3733576386649
1692.5132553577423, 1932.4714030130583, 1620.8766081620943
1693.061954498291, 1932.4348081326418, 1621.7023015894165
1693.5489506721497, 1932.7325801816746, 1621.040072509428
1694.0697689056396, 1932.8186668254543, 1621.0515320773998
1694.584573507309, 1932.995538982391, 1620.812115145707
1695.0893166065216, 1933.1031862611521, 1620.3238411097464
1695.5691440105438, 1933.301332830742, 1620.11822714904
1695.9632861614227, 1933.301332830742, 1620.11822714904
1696.5709104537964, 1932.9836893266377, 1620.727946105081
1697.0827209949493, 1932.5296780114572, 1619.727884847069
1697.5874772071838, 1933.8215008063037, 1620.5622456339954
1698.1262397766113, 1934.0732955247747, 1621.2345899993943
1698.5970323085785, 1933.3274533970598, 1621.1422891707275
1699.136813402176, 1932.6773338574656, 1621.1835328272966
1699.618546962738, 1933.159779241233, 1620.8345499308284
1700.0534789562225, 1933.159779241233, 1620.8345499308284
1700.5344285964966, 1933.159779241233, 1620.8345499308284
1701.1529443264008, 1933.3728183373141, 1621.3494306883406
1701.6956520080566, 1933.6419361749063, 1620.8930863049854
1702.1774940490723, 1933.5403278568228, 1621.18945629065
1702.6453607082367, 1933.2429365692756, 1620.8730193666336
1703.1920194625854, 1933.245481484163, 1620.9279951830886
1703.6678521633148, 1933.067091320539, 1620.68787224367
1704.1866137981415, 1933.3819756799817, 1621.1083811872577
1704.6963601112366, 1932.979055057621, 1620.8709454719965
1705.1932027339935, 1932.6900170247036, 1620.7957259640602
1705.691065788269, 1932.8180084744552, 1621.4320863613152
1706.190913438797, 1933.2932124645943, 1621.2003582417724
1706.7246580123901, 1933.0304295136605, 1620.882872008113
1707.2004334926605, 1933.0234296799633, 1620.8689114842184
1707.7173099517822, 1933.2384621755202, 1620.0833229586995
1708.2350869178772, 1933.3651671730368, 1620.5119694659913
1708.778627872467, 1934.5210121974826, 1621.3344107346793
1709.1187148094177, 1934.5210121974826, 1621.3344107346793
1709.7570021152496, 1932.727414855929, 1620.6715165493556
1710.2666993141174, 1933.7011126412033, 1620.5546195477605
1710.7755045890808, 1932.9311341558928, 1620.41011782388
1711.269275188446, 1932.975045158601, 1620.389722584035
1711.786982536316, 1932.9562484318558, 1620.1755075148546
1712.261877298355, 1932.736461261007, 1620.8954148770165
1712.7747654914856, 1933.1682448268252, 1621.2179208494972
1713.2907085418701, 1933.425247372086, 1621.0311073838004
1713.6996898651123, 1933.425247372086, 1621.0311073838004
1714.3251373767853, 1933.5835349061713, 1620.6059645276582
1714.8699295520782, 1933.1513009341068, 1619.767793513945
1715.330821275711, 1933.6038436013948, 1621.141817174748
1715.8346621990204, 1933.4389625936155, 1620.5692713244043
1716.334495306015, 1934.3850419928845, 1619.8882208189086
1716.8433079719543, 1933.3303063992018, 1619.1460215228758
1717.3621125221252, 1933.8638139408658, 1620.1214751109862
1717.8698813915253, 1933.9405368865948, 1620.782138964573
1718.3257036209106, 1933.5141384660005, 1621.0199525421444
1718.843507528305, 1932.3064800268676, 1620.965029211854
1719.3623464107513, 1933.5260076781262, 1621.2182207172405
1719.8611297607422, 1933.0355592652068, 1621.709677302688
1720.3729331493378, 1933.4100259555767, 1621.3428559335268
1720.8697369098663, 1933.4772164940925, 1620.6342954198385
1721.3795409202576, 1933.4271975411955, 1621.4718379191406
1721.8824067115784, 1933.8356976084542, 1620.787742819604
1722.3811235427856, 1933.3269960189452, 1621.03792379597
1722.887857913971, 1933.1364332244752, 1621.2009061293065
1723.3917140960693, 1933.4981422385097, 1620.947225300279
1723.9065370559692, 1933.1204233052963, 1620.277090427114
1724.4193131923676, 1934.058423844878, 1619.7462072860642
1724.9321579933167, 1933.7022904170774, 1620.54394169004
1725.4259538650513, 1933.769951915387, 1620.8772071051128
1725.921931028366, 1933.7092559393855, 1619.059468630594
1726.4196803569794, 1933.764547562075, 1620.4803619620852
1726.927595615387, 1933.584270829514, 1619.7602551566772
1727.4691424369812, 1933.4285984771207, 1619.8399032214436
1727.9230556488037, 1933.9180047553255, 1620.2149301952604
1728.4178748130798, 1933.3362922408892, 1620.530317156375
1728.952469587326, 1932.926936649487, 1619.913395168527
1729.4302594661713, 1933.2599048690602, 1620.3919263820876
1729.9460227489471, 1932.901314857968, 1620.0413792917889
1730.443806886673, 1932.5136153902088, 1620.4687104175416
1730.957626581192, 1933.5004254231858, 1620.937954246457
1731.4953682422638, 1932.8112765096641, 1620.4828067424073
1731.963300704956, 1933.349567312815, 1621.0039967373257
1732.4541194438934, 1934.4188053730738, 1621.1996575904418
1732.9698605537415, 1933.9452658109067, 1620.0867884116349
1733.485685825348, 1933.8558071273162, 1620.5406476049818
1733.995450258255, 1933.7629676769266, 1620.77717074802
1734.5173079967499, 1933.9385880854784, 1620.996639015436
1734.9863379001617, 1933.563008903724, 1620.9511479830778
1735.4791905879974, 1933.9699815939402, 1620.3716289449198
1736.0130054950714, 1933.3516815645735, 1621.2784996202106
1736.5128166675568, 1933.6667440955484, 1621.850015581515
1736.9148335456848, 1933.6667440955484, 1621.850015581515
1737.5242104530334, 1936.2081272704875, 1620.5198157089972
1738.05898976326, 3207.4969408786365, 1637.6779187525506
1738.5488390922546, 2995.4352214982073, 1604.2913230131412
1739.1214084625244, 2026.4157454485642, 106.00018454540717
1739.797672510147, 559.4133777911636, 573.999952184675
1740.4489586353302, 833.9914123701953, -412.83543262097606
1741.0943880081177, 119.9999977315228, 322.99709404906486
1741.6241011619568, 1851.3283482452714, 267.99999531952324
1742.1198754310608, 1796.2658178776114, 332.00035630113115
1742.8848941326141, 1929.9942632364202, 511.0000271838536
1743.777668952942, 600.8917662476132, 848.9774001763668
1744.1626415252686, 79.99936278085084, 1620.9999841968122
1744.734252691269, 1015.0000341000608, 311.00309125481624
1745.382550239563, 32.98945792362546, 28.01052496286784
1746.1436376571655, 710.000136788335, 1391.0245531978196
1746.843976020813, 1930.9925266730174, 124.00000694477767
1747.4593255519867, 1930.0052541001278, 19.00666473925413
1748.4688942432404, 136.99355957779815, 63.985518179996156
1749.6788823604584, 2032.4482432157724, 491.00660072574743
1750.2625286579132, 3005.999965358673, 549.9951548740553
1750.8181490898132, 3365.991815877933, 934.9999956656038
1751.5402109622955, 1355.6934904386494, 102.03004216311781
1752.3792281150818, 168.51870312658835, 805.989417653876
1752.9357228279114, 2138.739492807069, 490.56313432242166
1753.799661397934, 2138.739492807069, 490.56313432242166
1754.3910744190216, 709.9715165665848, 667.0003192987793
1754.9046955108643, 1489.00716531932, 659.9987202463468
1755.344515800476, 1489.00716531932, 659.9987202463468
1755.952889919281, 77.00164621157543, 358.00918982369575
1756.3588004112244, 77.00164621157543, 358.00918982369575
1756.7976524829865, 636.9976831921982, 189.99947495189525
1757.4230103492737, 3485.294386495394, 199.99987485626306
1757.821940422058, 289.9971774895416, 1289.0000683397068
1758.650921344757, 2643.9946564942716, 193.00127946468209
1759.5475838184357, 2235.285159741644, 21.978245804371262
1760.3793857097626, 2573.9358591665186, 869.9999996649849
1761.0067253112793, 2988.9940723767972, 2003.499999999988
1761.439570426941, 2988.9940723767972, 2003.499999999988
1761.8585057258606, 2558.564970332151, 1058.9890222460133
1762.7571630477905, 990.0073544312776, 2011.9903062036053
1763.4413313865662, 3290.6574306285584, 914.5000000003257
1763.8253202438354, 3290.6574306285584, 914.5000000003257
1764.4197554588318, 1388.5631269291823, 110.99999893158662
1765.0970017910004, 3342.9903812805987, 111.00003611402984
1765.901041507721, 978.7777045521353, 576.9998626588754
1766.3847827911377, 648.7656706031519, 465.0008945917126
1766.948314666748, 2940.9925613014457, -1.5392503978310268
1767.557677745819, 2124.0000721264037, 1750.000035064908
1768.0194380283356, 1754.1160634404778, 1357.026261999424
1768.5679676532745, 2223.0000000000846, 387.00002932480595
1768.9818563461304, 229.99999382594387, 2603.998913181092
1769.3528599739075, 229.99999382594387, 2603.998913181092
1770.0220642089844, 2283.99937463771, 1923.5000000032562
1770.8648040294647, 340.0155798054007, 40.00542248501431
1771.4243013858795, 1338.5557035142212, 816.0003018793193
1773.3443629741669, 588.0013088318775, 2816.0011206931126
1773.9489657878876, 2891.000000004092, 2658.9999999913744
1774.4696643352509, 1930.4346629799995, 143.99793953549798
1775.179854631424, 193.0027897440695, 728.0010409290448
1775.915297985077, 65.99864455603884, 1873.0066727744659
1776.7422440052032, 3775.0115964987517, 2368.0109792372664
1777.784892320633, 1929.9881753585275, 479.0000581481454
1778.8112671375275, 1476.0080371992926, 23.99163615671102
1779.6283218860626, 504.00329556624877, 2432.000803547705
1780.165006160736, 25.986955653247833, 976.9198043311825
1780.6956157684326, 61.00121692178979, 489.98675797500283
1781.1493968963623, 694.9874190157627, 136.996437299451
1781.6909761428833, 2852.4354784365923, 187.00002469477388
1781.9902245998383, 622.5089038209735, 1654.014394792942
1782.6994919776917, 3121.8711715932122, 170.9984742341348
1783.0774772167206, 1861.3239229409387, 1065.9730143548366
1783.5542163848877, 2270.437610644959, 327.0024276679672
1784.18963098526, 174.00001833520426, 1560.9864754793248
1784.5726034641266, 174.00001833520426, 1560.9864754793248
1785.0553076267242, 3937.99999999438, 402.99998819905346
1785.8511848449707, 1578.9884699979427, 2376.4344805650335
1786.7768278121948, 2293.654201119397, 2916.5000000000036
1787.1039502620697, 2270.4999999999786, 1025.0000000243394
1787.491040945053, 2270.4999999999786, 1025.0000000243394
1788.0696313381195, 610.0000773391768, 300.0000698515051
1788.819675207138, 162.9980152932938, 20.0
1789.8053667545319, 1107.3807697082757, 2290.0069963989745
1790.0906007289886, 588.0000140938903, 570.0003343300401
1790.7089703083038, 3058.9879978598215, 2071.500000118463
1791.1099300384521, 3058.9879978598215, 2071.500000118463
1791.8900046348572, 2514.0089190243825, 1200.9984511088967
1792.7479662895203, 258.003458374595, 163.99651216780038
1793.15696144104, 2170.0528349896945, 264.01180361895524
1793.730461359024, 44.99776750403547, 1310.0059001101338
1794.3308823108673, 2135.988702860252, 264.9995962950221
1794.9911403656006, 117.9891191620556, 2523.992131158584
1795.8828797340393, 117.9891191620556, 2523.992131158584
1796.8286936283112, 583.9999176595586, 354.00004294416925
1797.5138623714447, 2269.9972025664806, 491.011213659993
1798.2082929611206, 3345.5000039264105, 1360.9999986695468
1798.6930146217346, 509.01483268246886, 971.9752205253147
1799.4022028446198, 3225.5000000000277, 48.99386584111826
1799.8619692325592, 1694.0083898572225, 1274.9993297729102
1800.391548871994, 527.0008421548208, 148.02013568188892
1800.9351551532745, 1691.453520300537, 335.9898537883365
1801.8607368469238, 98.00000000324351, 125.99588457132988
1802.4351975917816, 1713.0116920234884, 290.49999999823586
1803.2204284667969, 1892.999999991405, 225.00045435601342
1804.0582213401794, 122.99771257774408, 382.99999999930577
1804.8693239688873, 1159.99966597885, 40.990864133903266
1805.3849396705627, 3170.490955002332, 35.12119057778287
1805.8566975593567, 690.999999998469, 20.0
1806.6705441474915, 1124.015236654225, 859.0003537416148
1807.4784207344055, 142.0020249967504, 1354.0004573448762
1807.8963282108307, 3816.008051918296, 802.0325708221515
1808.3311657905579, 3816.008051918296, 802.0325708221515
1808.8199861049652, 49.014331940309596, 2833.0000000080827
1809.61195230484, 1454.1240171875122, 865.9927163734891
1810.501713514328, 2881.9936448029725, 163.0000293545937
1811.228762626648, 2270.012030408725, 375.0066136974219
1812.0088217258453, 2033.0086781383443, 137.00003204972884
1812.5244681835175, 1127.9768555885844, 1346.0038944474363
1813.0550136566162, 170.99682428254377, 730.4527085391727
1813.496829032898, 1775.2654192593127, 1795.992124324397
1814.2588765621185, 1388.9902223126414, 672.0000190585948
1814.944254875183, 12.372519792482473, 1405.999999980155
1815.4279799461365, 1289.2880818907047, 245.99999731897663
1816.1441795825958, 2031.9922375273095, 456.29509769047337
1816.4344005584717, 207.00000373017548, 149.00002591999313
1817.1745972633362, 3257.0000000055265, 508.000195983877
1817.6702959537506, 2583.009164780304, 363.999405159724
1818.0582554340363, 2583.009164780304, 363.999405159724
1818.6836125850677, 474.0127849082092, 403.004160982521
1819.128419160843, 474.0127849082092, 403.004160982521
1819.803608417511, 2906.000000007437, 478.01035545557374
1821.1140909194946, 2349.989804777186, 2817.001560822359
1821.7862889766693, 3117.986927635519, 2407.018773049312
1822.8614027500153, 1392.9893899435385, 1538.0213915463705
1823.6094543933868, 544.9994652033705, 1545.9999916104462
1824.0841805934906, 3474.863425056128, 373.9994900074476
1824.8850314617157, -1298.5750890283566, 41.01291696595886
1825.8038184642792, -1298.5750890283566, 41.01291696595886
1826.8106224536896, -1298.5750890283566, 41.01291696595886
1827.4479131698608, 1389.0126847687816, 101.98904659251137
1828.1133031845093, 2143.999999997332, 874.9983734226114
1828.670806646347, 1046.9999999986208, 144.00002891045335
1829.2073678970337, 3442.4738226963127, 625.9480926354521
1829.877569437027, 3130.5607252637506, 2225.9943844054246
1830.770173549652, 3130.5607252637506, 2225.9943844054246
1831.4962260723114, 1642.0822976037716, 2955.0071522410876
1832.3321764469147, 1800.9858364264237, 1210.9990629227045
1833.0662353038788, 2271.0032347689707, 373.9906387002573
1833.7046449184418, 3466.000000000003, 2079.99999999962
1834.090746641159, 3466.000000000003, 2079.99999999962
1834.9147112369537, 2690.0009880316384, 1598.0000045119264
1835.9861207008362, 1520.9893868675265, 137.01478751137157
1836.9866950511932, 2270.9887021217514, 73.01392750722178
1837.9323279857635, 2271.009517894949, 1205.9079633387273
1838.9659523963928, 2254.463147514459, 996.3763034944442
1839.8716776371002, 1520.9983894997263, 20.0
1840.656613111496, 2137.0117272147495, 422.9906843852742
1841.5073986053467, 2804.9982175866276, 2290.994154992531
1842.3922894001007, 2804.9982175866276, 2290.994154992531
1842.8940119743347, 3341.9886937977053, 1181.0067624536655
1843.3009135723114, 3341.9886937977053, 1181.0067624536655
1843.953192949295, 2643.985976388285, 1457.02794409323
1845.0066285133362, 3778.41747592458, 1463.71678150333
1845.845731496811, 1442.0000000000139, 1084.017894078779
1846.2566282749176, 1472.9999983458024, 150.99988108521597
1847.5424544811249, 1032.0120615855078, 2376.0112396589298
1848.439202785492, 1032.0120615855078, 2376.0112396589298
1848.7972116470337, 659.732925108874, 869.9999903475277
1849.4714024066925, 66.0020790545194, 300.0117279839674
1849.918203830719, 2940.9875575271917, 420.98410871421254
1850.5455205440521, 1931.0082536696284, 446.9999951918354
1851.4034132957458, 3645.777326779278, 2289.988071375232
1851.8004081249237, 3645.777326779278, 2289.988071375232
1852.3011617660522, 3645.777326779278, 2289.988071375232
1853.1551084518433, 2032.9907104136478, 1771.9378250911554
1854.0378909111023, 2748.435478431837, 490.9877060601278
1855.2238409519196, 1931.0098187880244, 40.88991394507717
1855.777538061142, 2070.8719092327324, 947.9640818561898
1856.4109671115875, 3176.9588934575067, 905.9996564856018
1856.8758137226105, 396.0013948070025, 191.99963041295587
1857.2248766422272, 396.0013948070025, 191.99963041295587
1857.735756635666, 396.0013948070025, 191.99963041295587
1858.6753108501434, 2270.762777724995, 375.0101531729999
1859.5930669307709, 2270.762777724995, 375.0101531729999
1860.4788496494293, 2270.9998291389347, 1180.9999454352524
1860.8428783416748, 2199.5000000000036, 548.999267076082
1861.4154314994812, 2876.61838165891, 2047.004941933954
1861.9131603240967, 1930.4277173652517, 40.01067414892479
1862.2891817092896, 293.9999980025857, 1467.8164292477727
1862.8009748458862, 1579.9115562733157, 1172.0023226079584
1863.6039340496063, 3337.5000000033924, 19.006180889004963
1864.5286321640015, 2163.0000103861025, 103.01073399423309
1864.8447852134705, 2997.4999999920124, 848.9983486800204
1865.6048738956451, 2270.546515387761, 374.9917235939754
1866.437955379486, 2875.5120341563957, 538.9838775198999
1867.0184943675995, 2917.9821526470023, 3563.552746783948
1867.3735539913177, 3568.999999999949, 180.99975952525173
1868.175466299057, 2270.987013639067, 127.9999897432468
1869.0962181091309, 3404.9937078871576, 20.0
1869.4821827411652, 3404.9937078871576, 20.0
1870.3509368896484, 695.0116489054939, 479.0123754692503
1870.9335715770721, -0.008718875125108383, 957.960506392657
1872.120486497879, 875.0065463057642, 1023.9971466517613
1872.473539352417, 2032.4504383525148, 123.99999904889917
1873.3902065753937, 2827.9909114373886, 558.9999521547476
1874.1085193157196, 3138.0119369918093, 744.9979388898975
1874.6081790924072, 2937.9875077380625, 817.8344153077539
1875.352216720581, 1799.992288654375, 800.0028730850175
1876.4404640197754, 1789.5909053172143, 1767.9995553088686
1877.1915357112885, 1375.2295306157623, 58.01340892933617
1877.7320847511292, 3404.012198359098, 898.999978689674
1878.501413345337, 1173.174655241074, 1370.9999999994764
1879.0919439792633, 2270.436870355934, 1076.998378462825
1880.1652328968048, 131.00022815111566, 757.9973033717935
1880.6958498954773, 2032.4337308395045, 489.9881158751362
1881.154676914215, 64.98646976033376, 686.4042692422441
1881.8717277050018, 874.0124207634541, 52.009495944123195
1882.9309425354004, 2263.4073071191774, 2159.010990614053
1883.826676607132, 2263.4073071191774, 2159.010990614053
1884.657732963562, 2942.99999998715, 485.99999615605833
1885.2921667099, 1571.3237408571053, 2166.003716031137
1886.0351734161377, 2070.985853300818, 307.98948768074496
1886.826210975647, 1387.9871157317211, 365.9915724161469
1887.8366968631744, 2282.7861110123017, 374.437716479667
1889.1045117378235, 3816.989314494067, 20.009712358954197
1889.786682844162, 821.9999662809176, -113.2418201008984
1890.3202502727509, 2634.0022362602076, 63.988599643817345
1891.0765626430511, 191.99999798242447, 107.00004333863794
1891.8535132408142, 2032.990511913441, 490.99812826736485
1892.7514679431915, 2877.999991055967, 1792.9929712289515
1893.6711196899414, 100.99817110443459, 1528.010090199056
1894.3952476978302, 2572.6537398907844, 192.00863868083547
1895.289046049118, 1978.0203909162537, 20.0
1895.9333896636963, 1930.007320516266, -1762.3057574827585
1896.815330505371, 2271.004847804291, 110.99999714422931
1897.3548834323883, 3868.5638404494703, 123.00415200245142
1898.0510156154633, 11.005987749201836, 2843.010542201133
1898.876972913742, 3374.4344717973363, 2475.014896869907
1899.4394636154175, 35.99124171144985, 2133.7466638705637
1900.3262531757355, 35.99124171144985, 2133.7466638705637
1900.8618252277374, 3594.0000003199684, -2226.431511016313
1901.434289932251, 2270.9905758145555, 908.7932348782662
1902.3882961273193, 475.00000001013376, 678.0000199930648
1902.7134246826172, 3403.999999964884, 1077.9983703608525
1903.4934339523315, 2496.011949873607, 119.00000351030802
1904.3673083782196, 2270.437680353248, 1240.999954714429
1904.710387468338, 442.99975663674405, 114.03213460377886
1905.6110191345215, 2269.9887030195964, 1803.0000171962386
1906.2992720603943, 3159.410700356394, 490.4357322646702
1907.1680560112, 346.00199699335724, 195.00195208525307
1908.0418636798859, 346.00199699335724, 195.00195208525307
1909.0555138587952, 3314.9937081786265, 907.9999656283471
1909.7720487117767, 44.99776731861989, 512.0000586938321
1910.3706130981445, 1995.0048886004195, 225.9997726451571
1910.7447435855865, 1995.0048886004195, 225.9997726451571
1911.5136811733246, 3460.9888135705814, 307.99999853936527
1912.6138939857483, 866.0086038831116, 1017.494492178404
1913.4948153495789, 866.0086038831116, 1017.494492178404
1913.789025068283, 318.0000008552466, 663.9663566157568
1914.3167340755463, 2238.507286948516, 346.99999753427477
1914.7099523544312, 2238.507286948516, 346.99999753427477
1915.751407623291, 2657.7805651586577, 1892.9944040993412
1916.6521549224854, 2657.7805651586577, 1892.9944040993412
1917.3505101203918, 574.8310359127862, 328.1529436678412
1917.796312570572, 1243.9999572617926, 450.0000075191094
1918.79669547081, 2748.008151304459, 2223.6697040723043
1919.6923606395721, 1631.7006611554089, 103.00758018313083
1920.5073835849762, 1450.4727081003173, 975.4061285158707
1921.118808746338, 1770.268537680571, 1123.012876242764
1922.1454346179962, 3131.018949694736, 512.3053083323416
1922.8647356033325, 2874.4386657223135, 60.959203334725196
1923.5210764408112, 1985.525246588019, 490.008913612817
1924.20823264122, 1732.0001738097183, 32.98506426764096
1925.2067103385925, 2270.2368177785993, 740.9951028843373
1926.0927975177765, 2270.2368177785993, 740.9951028843373
1926.889659166336, 3293.0091051090994, 1216.993019064926
1927.6028916835785, 2831.9628082917907, 1996.0287778169693
1928.2571289539337, 1356.6032536695072, 40.56514299670844
1929.1200196743011, 2270.5626782891945, 1100.2417148442246
1929.4650943279266, 2989.103627766563, 381.84243995367297
1929.9507913589478, 2147.9894568165414, 2282.499999994666
1930.4456622600555, 587.018009161857, 283.9997183155763
1930.9243774414062, 2439.0000000082296, 660.9988648568527
1931.712401151657, 3737.9908939500133, 14.008054613311169
1932.5314593315125, 3205.9999999982965, 176.00000581244507
1932.9535012245178, 1949.837127178882, 1710.9927661757376
1933.813292503357, 3755.011469045556, 1981.0107934946489
1934.6584014892578, 547.0031273440229, 188.9999979010756
1935.4184291362762, 3017.9872755291585, 871.9880457257917
1936.444834947586, 3070.0078050142292, 70.00770177094557
1937.2278821468353, 3743.3435576105694, 1541.689012093835
1938.129477739334, 3550.989616587676, 1533.9932112735053
1939.029105424881, 3550.989616587676, 1533.9932112735053
1939.7413189411163, 2270.572110594256, 2458.001105114738
1940.2789039611816, 946.2956441931526, 52.011494472757406
1941.2494902610779, 2747.99716065602, 133.0041492283012
1941.9336841106415, 389.4999999999978, 2928.004440344986
1942.8971984386444, 246.0025167993501, 2660.0112862855713
1943.7681066989899, 246.0025167993501, 2660.0112862855713
1944.3026723861694, 246.0025167993501, 2660.0112862855713
1945.1984117031097, 3344.9973490027737, 763.0132672668217
1946.0791809558868, 2358.423538712909, 77.00319475799371
1947.0277254581451, 1389.0051687449238, 101.9901198689037
1948.1099607944489, 568.0074881879034, 531.9914690885821
1948.987604856491, 568.0074881879034, 531.9914690885821
1949.9859268665314, 568.0074881879034, 531.9914690885821
1950.9179062843323, 4355.156511494553, 491.0076711829801
1951.7796399593353, 1857.999999994301, 47.022062926635506
1952.1567466259003, 1857.999999994301, 47.022062926635506
1953.227403640747, 1286.010936751767, 1845.0346906068382
1954.0846450328827, 2270.988125915737, 374.54620555035604
1954.7014701366425, 3250.703067432846, 2888.0146409951562
1955.5275478363037, 1074.0004571283816, 800.0097853145999
1956.1782114505768, 3674.999999642911, 574.9999939509448
1956.5767619609833, 3674.999999642911, 574.9999939509448
1957.173360824585, 1585.0000397862202, 321.99989088257973
1957.6771137714386, 1770.4368837720563, 340.9999963934923
1958.5888106822968, 1870.5000000049833, 656.0109833374731
1959.3971853256226, 2060.745792058672, 2733.9900193053904
1960.2246680259705, 874.4611432184661, 2920.000000003075
1960.9900515079498, 3117.9875814747325, 622.0146398068101
1961.8836102485657, 2270.0093890375406, 357.4999999914489
1962.548283815384, 1389.0048942024457, 101.98929376312098
1963.4282641410828, 1389.0048942024457, 101.98929376312098
1964.2249143123627, 266.9999987337747, 1284.8877427851
1964.8331789970398, 1359.0091182831782, 524.9999999515713
1965.370453119278, 1388.0126485628625, 395.9076605653724
1965.908294916153, 1323.4636211042368, 374.0077895968963
1966.2326726913452, 2287.155821688238, 260.8659724081531
1966.9043507575989, 353.9874438280711, 744.0038210297101
1967.3587567806244, 26.009109317136097, 1408.9896113652333
1967.8306472301483, 2643.9972570679947, 1544.3410343650626
1968.3842780590057, 49.98938287813262, 169.9999983747658
1968.7533094882965, 480.9991128643509, 69.00000000501963
1969.4504308700562, 375.9987717448018, 490.49999999999955
1969.8856568336487, 2530.5929443877744, 373.9899219908252
1970.3926973342896, 2454.1545880869076, 374.9915203079273
1970.9411845207214, 2937.98724502142, 2104.4382123159203
1971.3730444908142, 2937.98724502142, 2104.4382123159203
1972.1018197536469, 1577.9872062628483, 163.99101725926232
1972.9261891841888, 2851.9999999854235, 36.01501224920365
1973.422856092453, 3941.9298049470967, 373.99231249866455
1973.9215171337128, 3046.270930260071, 1103.0096592734496
1974.325700044632, 3046.270930260071, 1103.0096592734496
1974.8117232322693, 1814.9700032286596, 638.9657563340431
1975.3624136447906, 3006.481595362652, 2922.4380626229035
1976.0770025253296, 2490.431344782775, 2550.437684507199
1977.1763548851013, 2080.367782709375, 373.99485079135565
1978.0623259544373, 2080.367782709375, 373.99485079135565
1978.4779856204987, 27.990574548055285, 1631.000000021958
1978.8524849414825, 27.990574548055285, 1631.000000021958
1979.6015350818634, 2012.9897555135235, 2234.301886727104
1980.4809415340424, 2012.9897555135235, 2234.301886727104
1980.9347240924835, 1257.962568661255, 111.00400313638399
1981.3783931732178, 3036.4999999997663, 232.00000307404247
1982.0002615451813, 2881.9882898831097, 1858.9679902573098
1982.4002468585968, 2881.9882898831097, 1858.9679902573098
1982.924902677536, 2881.9882898831097, 1858.9679902573098
1983.8709361553192, 1554.010030855603, 1004.9925708431596
1984.713185787201, 1929.9870850814864, 1155.462534372636
1985.650588274002, 1929.9870850814864, 1155.462534372636
1986.7228944301605, 1936.1599898666964, 165.00205711411115
1987.845252752304, 1592.9868226366364, 2290.993381658243
1988.7330675125122, 1251.280891350064, 24.011987196255244
1989.669465303421, 3130.5601753618744, 261.0000002901772
1990.2594740390778, 3767.368912723559, 1891.990756821142
1990.9891068935394, 2121.8820308035374, 188.00004215688753
1991.843047618866, 601.9924522792658, 2226.429924695691
1992.683489561081, 2270.9905259628213, 234.208563357509
1992.993162870407, 299.99999806148617, 143.99999995582678
1993.9569392204285, 1668.8510984148436, 2458.0144598627508
1994.6231217384338, 1233.705252315038, 102.01160493071845
1994.9934768676758, 1233.705252315038, 102.01160493071845
1995.5062940120697, 502.00015490056427, 52.002098235005924
1996.3687303066254, 2643.3247805247356, 92.01293982421801
1997.1967713832855, 1956.93171527332, 101.99196052068851
1997.6458497047424, 1172.946666982167, 1617.8853091528235
1998.4110357761383, 2882.010329834255, 724.0020630099909
1999.3060910701752, 2882.010329834255, 724.0020630099909
1999.9129581451416, 3315.511222449015, 2376.9875558843855
2000.8438539505005, 1389.010477708129, 42.23296204167619
2001.5849492549896, 2674.6840033471785, 2607.8631102746995
2002.3976030349731, 1930.9885845531453, 926.9999893808537
2003.2818965911865, 2270.500000000001, 373.99370913325447
2003.8428270816803, 2270.500000000006, 374.43624439864277
2004.162968158722, 1365.7655958063567, 110.99354102282531
2004.864093542099, 1186.5631271154964, 454.56540994057787
2005.9125776290894, 484.612354139516, 164.4374944333678
2006.789760351181, 105.00014526728954, 745.991450129843
2007.2836298942566, 2744.92296734291, 477.98609984758036
2007.8077609539032, 693.933196777285, 478.34245405205695
2008.1534106731415, 2080.549025618296, 1112.37671630796
2008.8274421691895, 1474.0205480727532, 296.5000533575562
2009.2014372348785, 2886.783366712712, 50.020309966879516
2009.9693765640259, 160.98625294393676, 2279.0261371515667
2010.6908931732178, 2251.8321633432065, 2380.534981557932
2011.424732208252, 2270.989475625691, 1151.1000629357006
2012.3505702018738, 2270.989475625691, 1151.1000629357006
2012.702799320221, 2960.9999999986144, 245.49999996636956
2013.3583390712738, 2957.743098756715, 2661.007453214599
2013.7557473182678, 2957.743098756715, 2661.007453214599
2014.2098886966705, 2601.5319913878816, 204.0000001411634
2015.132393360138, 3365.997149430595, 2323.9903387681356
2015.9005734920502, 2183.4733060501994, 375.00781641291184
2016.5064358711243, 834.9894213303622, 1243.9999999987024
2017.6866495609283, 3371.500000017689, 41.01465910305546
2018.2520804405212, 2010.9999855009148, 197.50000003933766
2018.9051954746246, 1890.8844259864782, 629.3464951253732
2019.3619697093964, 851.4999999999893, 1190.999999999599
2019.9374995231628, 1388.5704173505371, 102.55647097315357
2020.7439453601837, 3441.38282366942, 141.99999838233455
2021.2569148540497, 2270.4376805307134, 1325.4999998289534
2021.9352440834045, 3343.008202927916, 744.0465791081799
2022.8202722072601, 2270.0178703044157, 640.9980014522155
2023.4751386642456, 1447.3306400197828, 102.01184382060468
2024.4000282287598, 1447.3306400197828, 102.01184382060468
2024.7458226680756, 3388.0703102598386, 1108.862531378778
2025.665343761444, 752.0126881426941, 134.9903410727081
2026.2450189590454, 2062.9999999959123, 153.000970303088
2026.9009301662445, 602.9904863698217, 2226.4332860380596
2027.4990410804749, 1983.9929175621146, 2816.008107056901
2028.2881999015808, 561.9536105589614, 395.9999999996004
2029.0986971855164, 2031.9951399775007, 490.4507649108218
2029.876428604126, 3774.997917131529, 254.98504577625374
2030.603542804718, 2226.0099860078535, 1060.7789845143743
2031.527468919754, 2271.004048134381, 597.9999609798027
2032.4084355831146, 2091.1603360148606, 152.99707076788232
2032.730115890503, 3521.499999999854, 321.99959390828343
2033.3044486045837, 2270.5593681516066, 418.9994155483791
2034.0724668502808, 2918.5712595572313, 2546.0109866975945
2034.9857423305511, 816.0151207058705, 164.99911132115307
2036.0298545360565, 2270.5673431185082, 76.0000678992583
2037.0056285858154, 3237.9884423260823, 98.99986162732317
2037.9082391262054, 3237.9884423260823, 98.99986162732317
2038.407113313675, 3237.9884423260823, 98.99986162732317
2038.7071468830109, 554.0000077640865, 1107.030820057359
2039.3786189556122, 3499.996132765833, 163.00140212551824
2039.903523683548, 3277.995133632206, 1134.029427034564
2040.403813123703, 1501.9992427020081, 91.00003671932917
2040.7730820178986, 175.9974194560549, 745.9976582562867
2041.1352536678314, 175.9974194560549, 745.9976582562867
2041.8053350448608, 680.9973192742297, 6.928449108344892
2042.2319331169128, 74.00164660013057, 2030.0194789820118
2042.759714603424, 542.9998777627974, 440.9996305430723
2043.2263450622559, 2534.001088803895, 20.0
2043.7247536182404, 386.99555111928385, 1483.9999998866583
2044.7858567237854, 835.000418540552, 1869.000215521666
2045.3553216457367, 916.9826615868133, 26.99668002208422
2045.7906203269958, 916.9826615868133, 26.99668002208422
2046.3412652015686, 203.4999999982292, 1109.376233521312
2047.0079247951508, 72.97834620642104, 243.99700573569433
2047.3011379241943, 961.5000000082747, 640.9980032803279
2047.6625137329102, 961.5000000082747, 640.9980032803279
2048.264271736145, 20.0, 550.9988888544389
2048.7700667381287, 419.99421648937704, 610.998457365469
2049.562399864197, 2270.9936688715643, 876.9924909386503
2050.4980845451355, 1929.9976621149744, 1457.0183206538384
2050.889861345291, 1929.9976621149744, 1457.0183206538384
2051.613714694977, 941.9952996629956, 131.9921138075891
2052.5711274147034, 1694.011874692661, 196.5640589842775
2053.5095155239105, 3117.9976661460305, 1253.1958574444861
2053.9084787368774, 3117.9976661460305, 1253.1958574444861
2054.4165427684784, 3117.9976661460305, 1253.1958574444861
2054.8497734069824, 682.3871707720963, 134.00000001725292
2055.3565587997437, 365.94289527764073, 231.06505498553943
2055.97989320755, 721.937213671999, 94.76003628956673
2056.642571210861, 1930.430615950068, 177.55329563371626
2057.522263765335, 1930.430615950068, 177.55329563371626
2058.0269334316254, 1930.430615950068, 177.55329563371626
2058.5239260196686, 1930.430615950068, 177.55329563371626
2058.9443566799164, 78.50572310325875, 245.3965336903753
2059.3337647914886, 955.9573008168816, 438.5757056743462
2059.9250552654266, 1417.7695478219498, 555.5687036857686
2060.458780527115, 70.62920400023417, 15.10641859519319
2060.842430830002, 70.62920400023417, 15.10641859519319
2061.413319826126, 1775.8716906598563, 774.8464861312348
2061.7669548988342, 1775.8716906598563, 774.8464861312348
2062.590875864029, 753.4605414956833, 296.90455698681245
2063.6091210842133, 423.1908785648649, 41.01165204674026
2064.021325111389, 423.1908785648649, 41.01165204674026
2064.6130533218384, 253.4999999999933, 531.0137796530564
2065.0946843624115, 366.46108088266527, 2.1133823436793935
2065.426285505295, 354.0361232044235, 39.0139035363223
2066.068455696106, 36.01307389397708, 351.17747739989744
2066.409806728363, 244.88345566251616, 136.5000007052988
2066.797538757324, 244.88345566251616, 136.5000007052988
2067.330892801285, 244.88345566251616, 136.5000007052988
2067.8934774398804, 23.009361237876117, 389.49782468177244
2068.7034463882446, 243.0635600486511, 93.49111065850857
2069.541198015213, 20.49999999999952, 49.7547564187835
2069.925167322159, 20.49999999999952, 49.7547564187835
2070.3845751285553, 746.181829831963, 237.31432426417678
2070.9020025730133, 47.5653351895553, 721.0002294006348
2071.436440706253, 763.1056651382597, 403.2603848082264
2071.938694000244, 451.6479652469427, 141.00003344247708
2072.629045724869, 177.55064611381314, 8665.659770877883
2073.014079809189, 177.55064611381314, 8665.659770877883
2073.4700338840485, 3006.0000000003556, 869.5
2074.0589456558228, 176.4700454513434, 769.9476964312735
2074.4388892650604, 176.4700454513434, 769.9476964312735
2074.9652292728424, 176.4700454513434, 769.9476964312735
2075.7569675445557, 601.4884972681624, 701.4230181565329
2076.596295595169, 518.2612070268933, 220.87757856608454
2077.110019683838, 726.7850637787618, 707.4179369728531
2077.5359268188477, 423.3214734679041, 211.99999999380114
2077.9098274707794, 423.3214734679041, 211.99999999380114
2078.662116289139, 243.4999999999945, 363.85230558507345
2079.0451469421387, 243.4999999999945, 363.85230558507345
2079.6751806735992, 1641.1320775757097, 2041.7365453486561
2080.2262592315674, 149.37015707261895, 389.00348052954195
2080.6745965480804, 209.82327975240048, 159.3711393881715
2081.046241044998, 209.82327975240048, 159.3711393881715
2081.6995775699615, 414.853898179295, 2594.0000000044265
2082.2660567760468, 15574.543213302495, 78.91871008235356
2083.270031452179, 65.09363213301434, 1937.4999999999968
2084.1244220733643, 65.09363213301434, 1937.4999999999968
2084.608985185623, 65.09363213301434, 1937.4999999999968
2085.082462310791, 2501.020109549417, 124.00061605291666
2085.556460618973, 489.9775527012132, 372.1155353999345
2086.0611774921417, 296.99801952427435, 2032.0194893376718
2086.7646718025208, 45.971698639054594, 20.0
2087.099427461624, 725.9995914717931, 1108.979378270372
2087.557272195816, 873.002927979221, 1323.9998454745225
2088.0771934986115, 2941.0142307804235, 777.9773854763262
2088.553309440613, 949.0353886179354, 20.0
2089.2429118156433, 213.00050720743994, 51.98918761234593
2089.5421612262726, 1812.0219518522777, 608.0036425999693
2089.966408729553, 1812.0219518522777, 608.0036425999693
2090.7613422870636, 3966.0136567709606, 1808.0210446433202
2091.1530406475067, 3069.998594579881, 20.0
2091.6047110557556, 1513.391910889248, 588.0000000092149
2092.0157527923584, 1513.391910889248, 588.0000000092149
2092.4981977939606, 1513.391910889248, 588.0000000092149
2093.0669898986816, 558.9676087049788, 616.0608324891855
2093.670662164688, 302.0000542489071, 486.48682609536877
2094.050877571106, 302.0000542489071, 486.48682609536877
2094.6408994197845, 49.000399560488894, 637.1269691502371
2095.292048215866, 419.0529106910349, 40.3650529527392
2095.737671136856, 613.7570524816788, 730.9238086874117
2096.243315219879, 12.999687007177872, 40.50000000001228
2096.7250216007233, 43.48419846934247, 101.20153787059193
2097.3782691955566, 3770.000000000505, 322.06313987387426
2097.7492740154266, 627.7834525496748, 730.5232131752674
2098.1261117458344, 627.7834525496748, 730.5232131752674
2098.821952342987, 358.7737247214188, 436.4356385823076
2099.141844034195, 472.0151596413744, 52.44833563449486
2099.6574516296387, 488.5422529003893, 336.62995132625116
2100.165947675705, 737.5096071727882, 155.0097956690468
2100.565381526947, 737.5096071727882, 155.0097956690468
2101.2419214248657, 194.9999999997299, -2753.253734176818
2101.8609943389893, 177.6098490345284, 948.5727060571389
2102.3786284923553, 354.100126628861, 268.98777040105284
2102.7049322128296, -4673.401930016102, 394.94589605020894
2103.3787615299225, 821.0875612802968, 122.47924029941947
2104.00820851326, 203.97613466596542, 335.9906206246266
2104.8927109241486, 345.4995036171028, 2417.999999987425
2105.271686077118, 244.4999999999951, 59.99999997259503
2106.0467257499695, 665.6074833852754, 866.1609199485357
2107.034126520157, 392.49054424902135, 19.998391893915862
2107.7081122398376, 804.9884429771639, 874.9983734225943
2108.212499856949, 3392.0088807184343, 2213.025494743814
2108.7072088718414, 20.0, 275.9963677856429
2109.0797271728516, 20.0, 275.9963677856429
2109.7560584545135, 2932.009613119353, 1479.9645218439202
2110.208318710327, 20.0, 1086.9717550773162
2112.2171375751495, 841.9851168843917, 1052.9785748747365
2112.8259994983673, 2991.999671959977, 2172.0180289650752
2113.238904953003, 1937.0241203338583, 20.0
2113.592470884323, 1937.0241203338583, 20.0
2114.2492785453796, 20.0, 158.99749600433552
2114.6982085704803, 911.9767039871971, 1117.9785564059748
2115.231136083603, 771.985936934782, 1508.0302240352632
2115.7079372406006, 2455.0145926934756, 20.0
2116.1982655525208, 831.9864541292376, 801.9989169359267
2116.7210745811462, 20.0, 869.9989047817475
2117.205407857895, 576.964491935223, 204.00001736072986
2117.745957136154, 2661.0000195191024, 1103.9972589909391
2118.381251335144, 1053.9883959851509, 373.9835926855842
2119.249922990799, 3477.011546857121, 1709.0306644657144
2119.834451198578, 1165.5000000168432, 20.0
2120.3281967639923, 3497.0115315501257, 376.0067611006251
2120.7152428627014, 3497.0115315501257, 376.0067611006251
2121.3158605098724, 20.0, 592.9979164985455
2121.686865091324, 20.0, 592.9979164985455
2122.230626106262, 174.00010533846864, 406.9819991884361
