time, x0, y0, x1, y1...
2.8284261226654053, 20.0, 20.0
3.324099540710449, 20.0, 20.0
4.081071853637695, 3411.360154267032, 1111.3990995693048
4.330403804779053, 3411.360154267032, 1111.3990995693048
5.040503978729248, 3411.0752331736817, 1112.8516416102648
5.3147687911987305, 3411.0752331736817, 1112.8516416102648
6.068751096725464, 3411.2743268074682, 1108.5098943027106
6.829714059829712, 3411.2743268074682, 1108.5098943027106
7.314413785934448, 3411.2743268074682, 1108.5098943027106
7.623587131500244, 3411.2743268074682, 1108.5098943027106
8.080363750457764, 3408.602602111945, 1107.0865313565164
8.31174373626709, 3408.602602111945, 1107.0865313565164
8.441399097442627, 3408.602602111945, 1107.0865313565164
8.791460514068604, 3408.602602111945, 1107.0865313565164
9.311069250106812, 3408.602602111945, 1107.0865313565164
9.806742429733276, 3408.602602111945, 1107.0865313565164
10.314382314682007, 3408.602602111945, 1107.0865313565164
10.443036794662476, 3408.602602111945, 1107.0865313565164
10.806065320968628, 3408.602602111945, 1107.0865313565164
11.30373239517212, 3408.602602111945, 1107.0865313565164
11.81336784362793, 3408.602602111945, 1107.0865313565164
12.542416334152222, 3405.8884341826342, 1107.5019708579882
12.823662996292114, 3405.8884341826342, 1107.5019708579882
13.310359716415405, 3405.8884341826342, 1107.5019708579882
13.81700348854065, 3405.8884341826342, 1107.5019708579882
14.312676191329956, 3405.8884341826342, 1107.5019708579882
14.814331769943237, 3405.8884341826342, 1107.5019708579882
15.308010816574097, 3405.8884341826342, 1107.5019708579882
15.809667348861694, 3405.8884341826342, 1107.5019708579882
16.306337356567383, 3405.8884341826342, 1107.5019708579882
16.80799388885498, 3405.8884341826342, 1107.5019708579882
17.317630767822266, 3405.8884341826342, 1107.5019708579882
18.051664352416992, 3414.0625752563606, 1108.4535721037535
18.30797839164734, 3414.0625752563606, 1108.4535721037535
18.818610668182373, 3414.0625752563606, 1108.4535721037535
19.312288761138916, 3414.0625752563606, 1108.4535721037535
19.793002367019653, 3414.0625752563606, 1108.4535721037535
20.317596912384033, 3414.0625752563606, 1108.4535721037535
21.03567409515381, 3410.182503503642, 1110.1051495855993
21.31392812728882, 3410.182503503642, 1110.1051495855993
21.800625324249268, 3410.182503503642, 1110.1051495855993
22.310261487960815, 3410.182503503642, 1110.1051495855993
22.801944255828857, 3410.182503503642, 1110.1051495855993
23.3065927028656, 3410.182503503642, 1110.1051495855993
23.803263187408447, 3410.182503503642, 1110.1051495855993
24.31389617919922, 3410.182503503642, 1110.1051495855993
24.827520608901978, 3410.182503503642, 1110.1051495855993
25.5964617729187, 3403.5815115650967, 1109.0159515762175
25.825849056243896, 3403.5815115650967, 1109.0159515762175
26.326507091522217, 3403.5815115650967, 1109.0159515762175
26.832152843475342, 3403.5815115650967, 1109.0159515762175
27.607078075408936, 3406.7227872969834, 1107.1906434335679
27.84444260597229, 3406.7227872969834, 1107.1906434335679
28.59343695640564, 3404.23700655777, 1109.1199399398956
28.828808069229126, 3404.23700655777, 1109.1199399398956
29.31749939918518, 3404.23700655777, 1109.1199399398956
29.806190013885498, 3404.23700655777, 1109.1199399398956
30.276930570602417, 3404.23700655777, 1109.1199399398956
30.807508945465088, 3404.23700655777, 1109.1199399398956
31.569467782974243, 3411.1467682876228, 1110.5796585481219
31.801846027374268, 3411.1467682876228, 1110.5796585481219
32.31846356391907, 3411.1467682876228, 1110.5796585481219
32.82111716270447, 3411.1467682876228, 1110.5796585481219
33.541189193725586, 3411.555885659253, 1108.034233280853
33.815454959869385, 3411.555885659253, 1108.034233280853
34.30514335632324, 3411.555885659253, 1108.034233280853
35.01125240325928, 3409.5906058324663, 1107.4621038283788
35.29449415206909, 3409.5906058324663, 1107.4621038283788
35.82407569885254, 3409.5906058324663, 1107.4621038283788
36.33371114730835, 3409.5906058324663, 1107.4621038283788
36.80844020843506, 3409.5906058324663, 1107.4621038283788
37.327051877975464, 3409.5906058324663, 1107.4621038283788
37.80078387260437, 3409.5906058324663, 1107.4621038283788
38.30642914772034, 3409.5906058324663, 1107.4621038283788
38.813072681427, 3409.5906058324663, 1107.4621038283788
39.32570004463196, 3409.5906058324663, 1107.4621038283788
39.80940532684326, 3409.5906058324663, 1107.4621038283788
40.54643177986145, 3405.931049100802, 1109.1441931481731
40.81571102142334, 3405.931049100802, 1109.1441931481731
41.536781549453735, 3404.8905665772068, 1106.8012725435412
41.81403732299805, 3404.8905665772068, 1106.8012725435412
42.568018436431885, 3406.138631556366, 1107.0359122985528
42.82134008407593, 3406.138631556366, 1107.0359122985528
43.592276096343994, 3412.021137561752, 1108.465652680291
43.832632303237915, 3412.021137561752, 1108.465652680291
44.30935573577881, 3412.021137561752, 1108.465652680291
44.80602741241455, 3412.021137561752, 1108.465652680291
45.3236403465271, 3412.021137561752, 1108.465652680291
45.80734395980835, 3412.021137561752, 1108.465652680291
46.324960231781006, 3412.021137561752, 1108.465652680291
46.81065773963928, 3412.021137561752, 1108.465652680291
47.32029414176941, 3412.021137561752, 1108.465652680291
48.04934120178223, 3405.162772954271, 1108.2417915580943
48.33158612251282, 3405.162772954271, 1108.2417915580943
48.8232696056366, 3405.162772954271, 1108.2417915580943
49.54832744598389, 3409.7524745963196, 1108.9554213625065
49.80863046646118, 3409.7524745963196, 1108.9554213625065
50.32325291633606, 3409.7524745963196, 1108.9554213625065
50.81593465805054, 3409.7524745963196, 1108.9554213625065
51.31659293174744, 3409.7524745963196, 1108.9554213625065
52.05661201477051, 3408.7312999548412, 1112.1995635409003
52.33486604690552, 3408.7312999548412, 1112.1995635409003
52.81458377838135, 3408.7312999548412, 1112.1995635409003
53.558589696884155, 3404.6175776176106, 1108.654671449863
53.81989073753357, 3404.6175776176106, 1108.654671449863
54.56290054321289, 3404.229575692655, 1107.24162397922
54.8232045173645, 3404.229575692655, 1107.24162397922
55.31588411331177, 3404.229575692655, 1107.24162397922
55.81055951118469, 3404.229575692655, 1107.24162397922
56.317203998565674, 3404.229575692655, 1107.24162397922
56.82484412193298, 3404.229575692655, 1107.24162397922
57.328495502471924, 3404.229575692655, 1107.24162397922
57.83015155792236, 3404.229575692655, 1107.24162397922
58.57316279411316, 3406.0460096440993, 1104.8287864085669
58.83246874809265, 3406.0460096440993, 1104.8287864085669
59.33611869812012, 3406.0460096440993, 1104.8287864085669
59.84276294708252, 3406.0460096440993, 1104.8287864085669
60.60272812843323, 3406.9388292751787, 1107.9260695016073
60.83809804916382, 3406.9388292751787, 1107.9260695016073
61.32579302787781, 3406.9388292751787, 1107.9260695016073
62.077778816223145, 3403.542825804318, 1107.9153859663943
62.32711100578308, 3403.542825804318, 1107.9153859663943
62.83475112915039, 3403.542825804318, 1107.9153859663943
63.32543706893921, 3403.542825804318, 1107.9153859663943
63.826096534729004, 3403.542825804318, 1107.9153859663943
64.32675647735596, 3403.542825804318, 1107.9153859663943
64.82641887664795, 3403.542825804318, 1107.9153859663943
65.3320643901825, 3403.542825804318, 1107.9153859663943
65.83172607421875, 3403.542825804318, 1107.9153859663943
66.33039236068726, 3403.542825804318, 1107.9153859663943
67.1063141822815, 3403.4036296412687, 1107.4763059729642
67.3347020149231, 3403.4036296412687, 1107.4763059729642
67.8423433303833, 3403.4036296412687, 1107.4763059729642
68.32305574417114, 3403.4036296412687, 1107.4763059729642
68.83269119262695, 3403.4036296412687, 1107.4763059729642
69.56772327423096, 3405.3694629188044, 1107.874857075679
69.8439838886261, 3405.3694629188044, 1107.874857075679
70.34364557266235, 3405.3694629188044, 1107.874857075679
70.84729647636414, 3405.3694629188044, 1107.874857075679
71.31604170799255, 3405.3694629188044, 1107.874857075679
72.06403923034668, 3399.2068842715316, 1110.053234600868
72.32932949066162, 3399.2068842715316, 1110.053234600868
72.83297967910767, 3399.2068842715316, 1110.053234600868
73.33663153648376, 3399.2068842715316, 1110.053234600868
73.83230400085449, 3399.2068842715316, 1110.053234600868
74.31900072097778, 3399.2068842715316, 1110.053234600868
75.07796931266785, 3406.8984088223688, 1104.9575008843221
75.33926963806152, 3406.8984088223688, 1104.9575008843221
75.82297348976135, 3406.8984088223688, 1104.9575008843221
76.34657216072083, 3406.8984088223688, 1104.9575008843221
76.8312737941742, 3406.8984088223688, 1104.9575008843221
77.32395458221436, 3406.8984088223688, 1104.9575008843221
78.08990478515625, 3404.1427884770974, 1107.6707909164272
78.34721422195435, 3404.1427884770974, 1107.6707909164272
78.83391284942627, 3404.1427884770974, 1107.6707909164272
79.33457064628601, 3404.1427884770974, 1107.6707909164272
80.060626745224, 3403.2115862628043, 1107.1683053895144
80.33489298820496, 3403.2115862628043, 1107.1683053895144
81.05695986747742, 3403.6755131941295, 1109.790351613786
81.3282322883606, 3403.6755131941295, 1109.790351613786
81.8249032497406, 3403.6755131941295, 1109.790351613786
82.3285551071167, 3403.6755131941295, 1109.790351613786
82.81924057006836, 3403.6755131941295, 1109.790351613786
83.33585715293884, 3403.6755131941295, 1109.790351613786
83.82754039764404, 3403.6755131941295, 1109.790351613786
84.33617830276489, 3403.6755131941295, 1109.790351613786
84.82786178588867, 3403.6755131941295, 1109.790351613786
85.32353520393372, 3403.6755131941295, 1109.790351613786
85.82718586921692, 3403.6755131941295, 1109.790351613786
86.55623507499695, 3408.3021666771174, 1111.5481104223084
86.83050012588501, 3408.3021666771174, 1111.5481104223084
87.33215618133545, 3408.3021666771174, 1111.5481104223084
87.82982397079468, 3408.3021666771174, 1111.5481104223084
88.32848930358887, 3408.3021666771174, 1111.5481104223084
88.82615566253662, 3408.3021666771174, 1111.5481104223084
89.57614779472351, 3400.156032222658, 1107.0667878872628
89.82647705078125, 3400.156032222658, 1107.0667878872628
90.35107254981995, 3400.156032222658, 1107.0667878872628
90.8287935256958, 3400.156032222658, 1107.0667878872628
91.59673690795898, 3404.866324974617, 1109.8840602844327
91.83510065078735, 3404.866324974617, 1109.8840602844327
92.5820996761322, 3396.2254680413394, 1108.5647230877078
92.83940982818604, 3396.2254680413394, 1108.5647230877078
93.32610702514648, 3396.2254680413394, 1108.5647230877078
93.82876110076904, 3396.2254680413394, 1108.5647230877078
94.62662529945374, 3405.427101619739, 1110.6114699306142
94.83905744552612, 3405.427101619739, 1110.6114699306142
95.32375836372375, 3405.427101619739, 1110.6114699306142
95.8304009437561, 3405.427101619739, 1110.6114699306142
96.33504986763, 3405.427101619739, 1110.6114699306142
97.10000205039978, 3398.294201534891, 1110.8792746150275
97.33836388587952, 3398.294201534891, 1110.8792746150275
97.8330397605896, 3398.294201534891, 1110.8792746150275
98.33669090270996, 3398.294201534891, 1110.8792746150275
99.07770657539368, 3403.875244995067, 1110.0292026623779
99.34898042678833, 3403.875244995067, 1110.0292026623779
99.85163450241089, 3403.875244995067, 1110.0292026623779
100.33633613586426, 3403.875244995067, 1110.0292026623779
100.83101224899292, 3403.875244995067, 1110.0292026623779
101.31870579719543, 3403.875244995067, 1110.0292026623779
102.10061264038086, 3402.2200357141205, 1110.401926018978
102.31802892684937, 3402.2200357141205, 1110.401926018978
103.11689043045044, 3402.1672712781806, 1110.4883115721552
103.82300066947937, 3402.1672712781806, 1110.4883115721552
104.58097004890442, 3404.8046956426056, 1107.423252955693
104.81833529472351, 3404.8046956426056, 1107.423252955693
105.56932353973389, 3409.5731331435554, 1106.2526511115582
105.83162117004395, 3409.5731331435554, 1106.2526511115582
106.33028841018677, 3409.5731331435554, 1106.2526511115582
107.07429504394531, 3402.267956353046, 1106.466275672502
107.59390306472778, 3404.1048102141553, 1103.2028704123834
107.82328820228577, 3404.1048102141553, 1103.2028704123834
108.31995892524719, 3404.1048102141553, 1103.2028704123834
108.83158874511719, 3404.1048102141553, 1103.2028704123834
109.31828618049622, 3404.1048102141553, 1103.2028704123834
109.83589935302734, 3404.1048102141553, 1103.2028704123834
110.32060241699219, 3404.1048102141553, 1103.2028704123834
110.83422636985779, 3404.1048102141553, 1103.2028704123834
111.33089685440063, 3404.1048102141553, 1103.2028704123834
112.07490420341492, 3405.3933696820673, 1107.654308794742
112.33421063423157, 3405.3933696820673, 1107.654308794742
113.0463035106659, 3406.725717734803, 1110.2664607249976
113.3285481929779, 3406.725717734803, 1110.2664607249976
113.84316921234131, 3406.725717734803, 1110.2664607249976
114.32787203788757, 3406.725717734803, 1110.2664607249976
115.0838475227356, 3400.6239356569886, 1107.6302411348806
115.34315371513367, 3400.6239356569886, 1107.6302411348806
115.82785558700562, 3400.6239356569886, 1107.6302411348806
116.32452511787415, 3400.6239356569886, 1107.6302411348806
116.8241879940033, 3400.6239356569886, 1107.6302411348806
117.33282566070557, 3400.6239356569886, 1107.6302411348806
117.83149099349976, 3400.6239356569886, 1107.6302411348806
118.5745005607605, 3403.5117404285734, 1111.0619201852523
118.83181262016296, 3403.5117404285734, 1111.0619201852523
119.57083320617676, 3399.3256646666146, 1108.182256561752
119.82116341590881, 3399.3256646666146, 1108.182256561752
120.315838098526, 3399.3256646666146, 1108.182256561752
120.8224823474884, 3399.3256646666146, 1108.182256561752
121.55153107643127, 3399.683687021743, 1108.4897159717862
121.83576965332031, 3399.683687021743, 1108.4897159717862
122.316481590271, 3399.683687021743, 1108.4897159717862
122.83908247947693, 3399.683687021743, 1108.4897159717862
123.32976746559143, 3399.683687021743, 1108.4897159717862
123.82942938804626, 3399.683687021743, 1108.4897159717862
124.31712555885315, 3399.683687021743, 1108.4897159717862
124.82476615905762, 3399.683687021743, 1108.4897159717862
125.32642269134521, 3399.683687021743, 1108.4897159717862
126.06245112419128, 441.38993064694125, 1110.2110501063516
126.3317301273346, 441.38993064694125, 1110.2110501063516
126.83039498329163, 441.38993064694125, 1110.2110501063516
127.32806253433228, 441.38993064694125, 1110.2110501063516
128.05910444259644, 439.90669186479835, 1111.8661158162447
128.323397397995, 439.90669186479835, 1111.8661158162447
128.8290433883667, 439.90669186479835, 1111.8661158162447
129.33867931365967, 439.90669186479835, 1111.8661158162447
129.8313591480255, 439.90669186479835, 1111.8661158162447
130.34598183631897, 439.90669186479835, 1111.8661158162447
131.09697031974792, 3395.204939724163, 1103.6956941673716
131.3353316783905, 3395.204939724163, 1103.6956941673716
131.82502150535583, 3395.204939724163, 1103.6956941673716
132.33565306663513, 3395.204939724163, 1103.6956941673716
133.0736768245697, 3404.990328782188, 1108.5603241137574
133.33398151397705, 3404.990328782188, 1108.5603241137574
133.82366919517517, 3404.990328782188, 1108.5603241137574
134.339289188385, 3404.990328782188, 1108.5603241137574
134.826984167099, 3404.990328782188, 1108.5603241137574
135.561017036438, 3403.8865185345912, 1110.9094703921742
135.82630705833435, 3403.8865185345912, 1110.9094703921742
136.55435800552368, 3405.0226083053676, 1108.5208423204863
136.8256311416626, 3405.0226083053676, 1108.5208423204863
137.32728815078735, 3405.0226083053676, 1108.5208423204863
137.82595252990723, 3405.0226083053676, 1108.5208423204863
138.59888339042664, 3401.9029708972225, 1107.6070870006097
138.86616683006287, 3401.9029708972225, 1107.6070870006097
139.32992577552795, 3401.9029708972225, 1107.6070870006097
139.83856463432312, 3401.9029708972225, 1107.6070870006097
140.3152871131897, 3401.9029708972225, 1107.6070870006097
140.8448691368103, 3401.9029708972225, 1107.6070870006097
141.33156561851501, 3401.9029708972225, 1107.6070870006097
141.83222579956055, 3401.9029708972225, 1107.6070870006097
142.32390880584717, 3401.9029708972225, 1107.6070870006097
143.04497814178467, 3397.606001628562, 1106.4377281183936
143.3222358226776, 3397.606001628562, 1106.4377281183936
144.0901792049408, 3402.1646509036714, 1106.9213970843557
144.35147976875305, 3402.1646509036714, 1106.9213970843557
144.82920169830322, 3402.1646509036714, 1106.9213970843557
145.35379648208618, 3402.1646509036714, 1106.9213970843557
145.81755447387695, 3402.1646509036714, 1106.9213970843557
146.33117961883545, 3402.1646509036714, 1106.9213970843557
146.82784867286682, 3402.1646509036714, 1106.9213970843557
147.3374843597412, 3402.1646509036714, 1106.9213970843557
147.838143825531, 3402.1646509036714, 1106.9213970843557
148.32982730865479, 3402.1646509036714, 1106.9213970843557
148.81951642036438, 3402.1646509036714, 1106.9213970843557
149.3241651058197, 3402.1646509036714, 1106.9213970843557
149.82282948493958, 3402.1646509036714, 1106.9213970843557
150.33146810531616, 3402.1646509036714, 1106.9213970843557
151.09243083000183, 3401.3058422511826, 1106.5220271664505
151.3617103099823, 3401.3058422511826, 1106.5220271664505
151.82746195793152, 3401.3058422511826, 1106.5220271664505
152.32313537597656, 3401.3058422511826, 1106.5220271664505
152.84074878692627, 3401.3058422511826, 1106.5220271664505
153.60171175003052, 3397.6456447735104, 1105.292982201577
153.82910227775574, 3397.6456447735104, 1105.292982201577
154.3277666568756, 3397.6456447735104, 1105.292982201577
154.844384431839, 3397.6456447735104, 1105.292982201577
155.32110691070557, 3397.6456447735104, 1105.292982201577
155.84470510482788, 3397.6456447735104, 1105.292982201577
156.32741451263428, 3397.6456447735104, 1105.292982201577
156.8320620059967, 3397.6456447735104, 1105.292982201577
157.32274723052979, 3397.6456447735104, 1105.292982201577
157.84933733940125, 3397.6456447735104, 1105.292982201577
158.33902621269226, 3397.6456447735104, 1105.292982201577
158.83270454406738, 3397.6456447735104, 1105.292982201577
159.32737970352173, 3397.6456447735104, 1105.292982201577
160.0933289527893, 3405.1364579968517, 1110.4268535772128
160.33966946601868, 3405.1364579968517, 1110.4268535772128
160.82636666297913, 3405.1364579968517, 1110.4268535772128
161.58134508132935, 3403.060111858421, 1108.503238520649
161.82868242263794, 3403.060111858421, 1108.503238520649
162.3213632106781, 3403.060111858421, 1108.503238520649
163.06936025619507, 3404.3940285384533, 1106.4716389160967
163.3236801624298, 3404.3940285384533, 1106.4716389160967
163.82733154296875, 3404.3940285384533, 1106.4716389160967
164.56834650039673, 3403.1393573334103, 1107.1533922193198
164.8276515007019, 3403.1393573334103, 1107.1533922193198
165.3253207206726, 3403.1393573334103, 1107.1533922193198
166.03541803359985, 3401.798708122905, 1107.2644318140333
166.32464361190796, 3401.798708122905, 1107.2644318140333
166.81433176994324, 3401.798708122905, 1107.2644318140333
167.32795691490173, 3401.798708122905, 1107.2644318140333
167.84257912635803, 3401.798708122905, 1107.2644318140333
168.6085283756256, 3398.995015529612, 1109.0397526428414
168.84888577461243, 3398.995015529612, 1109.0397526428414
169.61084508895874, 3393.344083811522, 1106.8776982751642
169.82925939559937, 3393.344083811522, 1106.8776982751642
170.33191442489624, 3393.344083811522, 1106.8776982751642
171.07791590690613, 3394.935131392979, 1105.6616154097892
171.33123898506165, 3394.935131392979, 1105.6616154097892
171.8678014278412, 3394.935131392979, 1105.6616154097892
172.33255672454834, 3394.935131392979, 1105.6616154097892
172.81925344467163, 3394.935131392979, 1105.6616154097892
173.55428504943848, 3403.4497096510063, 1108.1765872256647
174.04796361923218, 3396.4727212022926, 1106.6879200267228
174.33419728279114, 3396.4727212022926, 1106.6879200267228
174.8258810043335, 3396.4727212022926, 1106.6879200267228
175.3345193862915, 3396.4727212022926, 1106.6879200267228
175.8242073059082, 3396.4727212022926, 1106.6879200267228
176.32187628746033, 3396.4727212022926, 1106.6879200267228
176.82453060150146, 3396.4727212022926, 1106.6879200267228
177.56255292892456, 3403.2301594841965, 1107.3464128960475
177.82784247398376, 3403.2301594841965, 1107.3464128960475
178.33149337768555, 3403.2301594841965, 1107.3464128960475
178.83414816856384, 3403.2301594841965, 1107.3464128960475
179.33779907226562, 3403.2301594841965, 1107.3464128960475
179.82549262046814, 3403.2301594841965, 1107.3464128960475
180.55753326416016, 3394.2398801183745, 1108.694768428219
180.8298053741455, 3394.2398801183745, 1108.694768428219
181.56383848190308, 3394.9470031028786, 1107.8012391281982
182.05452513694763, 3394.9091615589177, 1105.4001644997754
182.32579827308655, 3394.9091615589177, 1105.4001644997754
182.8354344367981, 3394.9091615589177, 1105.4001644997754
183.61833786964417, 3398.3408005951414, 1108.9373027538056
183.84672617912292, 3398.3408005951414, 1108.9373027538056
184.32444715499878, 3398.3408005951414, 1108.9373027538056
184.8350796699524, 3398.3408005951414, 1108.9373027538056
185.32277536392212, 3398.3408005951414, 1108.9373027538056
186.06977438926697, 3394.2787741201955, 1106.989043940284
186.32509016990662, 3394.2787741201955, 1106.989043940284
186.82574892044067, 3394.2787741201955, 1106.989043940284
187.3274064064026, 3394.2787741201955, 1106.989043940284
188.0704164505005, 3398.4846123100056, 1108.1238502754475
188.33371210098267, 3398.4846123100056, 1108.1238502754475
189.09666872024536, 3392.319412048532, 1105.8669108247802
189.34400701522827, 3392.319412048532, 1105.8669108247802
190.06906461715698, 3400.2142337899604, 1108.483059508131
190.32338500022888, 3400.2142337899604, 1108.483059508131
191.1032955646515, 3404.730791734435, 1109.5842213608228
191.32869243621826, 3404.730791734435, 1109.5842213608228
192.06970834732056, 3397.627882225798, 1104.314642914364
192.33100819587708, 3397.627882225798, 1104.314642914364
192.81970047950745, 3397.627882225798, 1104.314642914364
193.32634282112122, 3397.627882225798, 1104.314642914364
193.82800102233887, 3397.627882225798, 1104.314642914364
194.32965636253357, 3397.627882225798, 1104.314642914364
194.8133614063263, 3397.627882225798, 1104.314642914364
195.3319752216339, 3397.627882225798, 1104.314642914364
195.84160923957825, 3397.627882225798, 1104.314642914364
196.5826234817505, 3397.1991045474024, 1109.065219325246
196.8339512348175, 3397.1991045474024, 1109.065219325246
197.3276286125183, 3397.1991045474024, 1109.065219325246
197.83427238464355, 3397.1991045474024, 1109.065219325246
198.32894825935364, 3397.1991045474024, 1109.065219325246
198.84456706047058, 3397.1991045474024, 1109.065219325246
199.59655451774597, 3397.6600273821377, 1107.9224593887564
199.82992935180664, 3397.6600273821377, 1107.9224593887564
200.56396317481995, 3396.992061675558, 1108.8859023210734
200.83623456954956, 3396.992061675558, 1108.8859023210734
201.32791805267334, 3396.992061675558, 1108.8859023210734
201.8235902786255, 3396.992061675558, 1108.8859023210734
202.54366302490234, 3406.3087494046713, 1110.6688937389688
202.83189058303833, 3406.3087494046713, 1110.6688937389688
203.56791996955872, 3398.8058215438577, 1108.9200006196397
203.82323670387268, 3398.8058215438577, 1108.9200006196397
204.32888269424438, 3398.8058215438577, 1108.9200006196397
205.06092166900635, 3398.6685978316523, 1109.3590329740155
205.3252148628235, 3398.6685978316523, 1109.3590329740155
205.82288122177124, 3398.6685978316523, 1109.3590329740155
206.32653331756592, 3398.6685978316523, 1109.3590329740155
207.05757594108582, 3396.529594371546, 1107.1102382122135
207.32885098457336, 3396.529594371546, 1107.1102382122135
208.0828309059143, 3401.280919632543, 1104.9482045942327
208.33317065238953, 3401.280919632543, 1104.9482045942327
208.817862033844, 3401.280919632543, 1104.9482045942327
209.3324840068817, 3401.280919632543, 1104.9482045942327
209.81020665168762, 3401.280919632543, 1104.9482045942327
210.32682156562805, 3401.280919632543, 1104.9482045942327
210.82947611808777, 3401.280919632543, 1104.9482045942327
211.5595211982727, 3394.813323736695, 1106.1496261736459
211.81982350349426, 3394.813323736695, 1106.1496261736459
212.31549763679504, 3394.813323736695, 1106.1496261736459
212.8251338005066, 3394.813323736695, 1106.1496261736459
213.33576560020447, 3394.813323736695, 1106.1496261736459
213.82545518875122, 3394.813323736695, 1106.1496261736459
214.33309483528137, 3394.813323736695, 1106.1496261736459
214.82078981399536, 3394.813323736695, 1106.1496261736459
215.55183172225952, 3404.5880345019564, 1108.6030207665556
215.8290891647339, 3404.5880345019564, 1108.6030207665556
216.58506512641907, 3401.6138123996056, 1111.591063395701
216.8254210948944, 3401.6138123996056, 1111.591063395701
217.5664370059967, 3405.0385528303846, 1110.5973388755847
218.06210947036743, 3403.3885861783383, 1109.365621745372
218.3383710384369, 3403.3885861783383, 1109.365621745372
219.07439947128296, 3397.4395430920235, 1108.373194485635
219.3197422027588, 3397.4395430920235, 1108.373194485635
219.83037543296814, 3397.4395430920235, 1108.373194485635
220.33003759384155, 3397.4395430920235, 1108.373194485635
220.82571029663086, 3397.4395430920235, 1108.373194485635
221.33235430717468, 3397.4395430920235, 1108.373194485635
221.83002352714539, 3397.4395430920235, 1108.373194485635
222.3336730003357, 3397.4395430920235, 1108.373194485635
222.84530448913574, 3397.4395430920235, 1108.373194485635
223.32701325416565, 3397.4395430920235, 1108.373194485635
224.11290979385376, 3400.431171009054, 1106.7264190330643
225.1002652645111, 3400.8890820288643, 1105.0828992082236
225.33064913749695, 3400.8890820288643, 1105.0828992082236
225.82831692695618, 3400.8890820288643, 1105.0828992082236
226.31900262832642, 3400.8890820288643, 1105.0828992082236
226.82664322853088, 3400.8890820288643, 1105.0828992082236
227.32431077957153, 3400.8890820288643, 1105.0828992082236
227.83394575119019, 3400.8890820288643, 1105.0828992082236
228.34158754348755, 3400.8890820288643, 1105.0828992082236
228.82828497886658, 3400.8890820288643, 1105.0828992082236
229.58725357055664, 3400.887953332577, 1110.208651862075
229.82860660552979, 3400.887953332577, 1110.208651862075
230.33225774765015, 3400.887953332577, 1110.208651862075
230.83989882469177, 3400.887953332577, 1110.208651862075
231.58590078353882, 3400.759032974564, 1109.3407067661904
231.8302459716797, 3400.759032974564, 1109.3407067661904
232.32791447639465, 3400.759032974564, 1109.3407067661904
232.83355975151062, 3400.759032974564, 1109.3407067661904
233.32125520706177, 3400.759032974564, 1109.3407067661904
233.83886814117432, 3400.759032974564, 1109.3407067661904
234.3185851573944, 3400.759032974564, 1109.3407067661904
235.06059789657593, 3403.1922739168845, 1107.707007921574
235.33586049079895, 3403.1922739168845, 1107.707007921574
236.08285999298096, 3401.06274146357, 1108.0656612605908
236.33318972587585, 3401.06274146357, 1108.0656612605908
237.06822156906128, 3401.9226031638414, 1105.975345925581
237.33151721954346, 3401.9226031638414, 1105.975345925581
238.10444855690002, 3404.267534475149, 1106.5146321880247
238.34879302978516, 3404.267534475149, 1106.5146321880247
239.09479594230652, 3404.3895508689125, 1104.643550099554
239.33415508270264, 3404.3895508689125, 1104.643550099554
239.8198549747467, 3404.3895508689125, 1104.643550099554
240.3255009651184, 3404.3895508689125, 1104.643550099554
240.81718397140503, 3404.3895508689125, 1104.643550099554
241.55820059776306, 3402.000546564041, 1105.8483205659254
241.82648372650146, 3402.000546564041, 1105.8483205659254
242.33512043952942, 3402.000546564041, 1105.8483205659254
243.07114934921265, 3404.6131186989883, 1106.7727033547844
243.32945847511292, 3404.6131186989883, 1106.7727033547844
243.82513213157654, 3404.6131186989883, 1106.7727033547844
244.5581693649292, 3403.483863010815, 1108.8415569499991
244.82944297790527, 3403.483863010815, 1108.8415569499991
245.55549788475037, 3407.700114215858, 1108.8612222990087
245.8437261581421, 3407.700114215858, 1108.8612222990087
246.32842922210693, 3407.700114215858, 1108.8612222990087
246.82609605789185, 3407.700114215858, 1108.8612222990087
247.31877779960632, 3407.700114215858, 1108.8612222990087
249.17680287361145, 1949.5387533218868, 160.09881636867468
249.96768522262573, 1949.5387533218868, 160.09881636867468
250.4483983516693, 1949.5387533218868, 160.09881636867468
250.94207644462585, 1949.5387533218868, 160.09881636867468
251.4596917629242, 1949.5387533218868, 160.09881636867468
253.20402026176453, 2462.830138447217, 5623.155669450369
254.22628259658813, 2220.9407883436875, 52.078137069622414
254.97826886177063, 2220.9407883436875, 52.078137069622414
255.481920003891, 2220.9407883436875, 52.078137069622414
255.97859168052673, 2220.9407883436875, 52.078137069622414
256.4822428226471, 2220.9407883436875, 52.078137069622414
256.95597434043884, 2220.9407883436875, 52.078137069622414
257.4785747528076, 2220.9407883436875, 52.078137069622414
258.21360635757446, 1633.118837697585, 112.09274173838679
258.9037592411041, 1633.118837697585, 112.09274173838679
259.4004282951355, 1633.118837697585, 112.09274173838679
259.88313698768616, 1633.118837697585, 112.09274173838679
260.4137170314789, 1633.118837697585, 112.09274173838679
260.9103865623474, 1633.118837697585, 112.09274173838679
261.6833167076111, 3151.199762707495, 226.65310471712144
262.7325077056885, 3011.7564133395263, 84.05575178328014
268.6765925884247, 183.56462851469595, 101.5665880305864
269.45949697494507, 183.56462851469595, 101.5665880305864
270.2663369178772, 3216.8652160446522, -61813.476237284645
271.0153315067291, 3216.8652160446522, -61813.476237284645
271.51499342918396, 3216.8652160446522, -61813.476237284645
272.200159072876, 2780.280596851357, 556.7295744542843
272.9990198612213, 2780.280596851357, 556.7295744542843
273.47873616218567, 2780.280596851357, 556.7295744542843
273.9644351005554, 2780.280596851357, 556.7295744542843
274.47307419776917, 2780.280596851357, 556.7295744542843
274.98969078063965, 2780.280596851357, 556.7295744542843
275.4923448562622, 2780.280596851357, 556.7295744542843
275.9979898929596, 2780.280596851357, 556.7295744542843
276.48668241500854, 2780.280596851357, 556.7295744542843
277.1329529285431, -588.3396753223881, 291.77435776647843
277.9278235435486, -588.3396753223881, 291.77435776647843
278.6409146785736, 2190.726878031303, 203.07899307510456
279.6631770133972, 3045.156738693638, 457.6554373661668
280.6156270503998, 2502.714678979567, 16.280178950915793
280.9238018989563, 2502.714678979567, 16.280178950915793
281.451388835907, 2502.714678979567, 16.280178950915793
281.93110489845276, 2502.714678979567, 16.280178950915793
282.41979694366455, 2502.714678979567, 16.280178950915793
282.91846227645874, 2502.714678979567, 16.280178950915793
283.3941881656647, 2502.714678979567, 16.280178950915793
283.92676162719727, 2502.714678979567, 16.280178950915793
284.7106649875641, 1810.9006145262128, 156.98923814190516
285.4506821632385, 1810.9006145262128, 156.98923814190516
287.1850378513336, 554.966450626879, 37.92685031614665
287.9799106121063, 554.966450626879, 37.92685031614665
288.4496524333954, 554.966450626879, 37.92685031614665
288.9822256565094, 554.966450626879, 37.92685031614665
289.4679250717163, 554.966450626879, 37.92685031614665
290.25880885124207, 1167.1293245304505, 320.6560438146215
290.97788310050964, 1167.1293245304505, 320.6560438146215
291.4805362224579, 1167.1293245304505, 320.6560438146215
291.95227456092834, 1167.1293245304505, 320.6560438146215
292.4668958187103, 1167.1293245304505, 320.6560438146215
292.9695508480072, 1167.1293245304505, 320.6560438146215
293.661696434021, 1983.2197818967086, -0.7909659831873544
294.4256522655487, 1983.2197818967086, -0.7909659831873544
294.9322955608368, 1983.2197818967086, -0.7909659831873544
295.42896580696106, 1983.2197818967086, -0.7909659831873544
295.93062233924866, 1983.2197818967086, -0.7909659831873544
296.43028450012207, 1983.2197818967086, -0.7909659831873544
296.90999960899353, 1983.2197818967086, -0.7909659831873544
300.2480628490448, 3154.3596326967645, -530.9687878759779
301.0299696922302, 3154.3596326967645, -530.9687878759779
301.6732485294342, 2156.1128018532318, 252.21137993195723
302.44119143486023, 2156.1128018532318, 252.21137993195723
302.9408540725708, 2156.1128018532318, 252.21137993195723
303.4385197162628, 2156.1128018532318, 252.21137993195723
303.93419337272644, 2156.1128018532318, 252.21137993195723
304.70712327957153, 3923.183139450575, 193.3080005771595
305.43517446517944, 3923.183139450575, 193.3080005771595
305.9388256072998, 3923.183139450575, 193.3080005771595
306.68881845474243, 2678.639470421525, 529.3575643308925
307.42085814476013, 2678.639470421525, 529.3575643308925
307.91653060913086, 2678.639470421525, 529.3575643308925
308.41419792175293, 2678.639470421525, 529.3575643308925
308.9078760147095, 2678.639470421525, 529.3575643308925
309.40255212783813, 2678.639470421525, 529.3575643308925
310.199419260025, 3010.7042468290315, 334.1104365904715
311.30047059059143, 2372.555209429837, 270.4055671877257
312.03649950027466, 2372.555209429837, 270.4055671877257
312.51222586631775, 2372.555209429837, 270.4055671877257
313.0457971096039, 2372.555209429837, 270.4055671877257
313.5205268859863, 2372.555209429837, 270.4055671877257
314.2236442565918, 2978.3818613946632, 198.2747536047345
314.96964621543884, 2978.3818613946632, 198.2747536047345
315.667777299881, 2336.935694007386, 41.245229538325276
316.4387128353119, 2336.935694007386, 41.245229538325276
316.96131348609924, 2336.935694007386, 41.245229538325276
317.468955039978, 2336.935694007386, 41.245229538325276
317.95465445518494, 2336.935694007386, 41.245229538325276
318.4682788848877, 2336.935694007386, 41.245229538325276
318.9489920139313, 2336.935694007386, 41.245229538325276
319.61520862579346, 3478.5546283578274, 1078.7657175936608
319.8705246448517, 3478.5546283578274, 1078.7657175936608
320.34724974632263, 3478.5546283578274, 1078.7657175936608
320.8668577671051, 3478.5546283578274, 1078.7657175936608
321.3525562286377, 3478.5546283578274, 1078.7657175936608
321.8422462940216, 3478.5546283578274, 1078.7657175936608
322.35088324546814, 3478.5546283578274, 1078.7657175936608
323.21855998039246, 2227.407960694938, 278.52084521146844
323.9954810142517, 2227.407960694938, 278.52084521146844
324.5011262893677, 2227.407960694938, 278.52084521146844
324.97186613082886, 2227.407960694938, 278.52084521146844
325.4815013408661, 2227.407960694938, 278.52084521146844
326.0699257850647, 3407.944596704192, 1106.2103226471265
326.3172640800476, 3407.944596704192, 1106.2103226471265
326.832884311676, 3407.944596704192, 1106.2103226471265
327.3235692977905, 3407.944596704192, 1106.2103226471265
327.82223534584045, 3407.944596704192, 1106.2103226471265
328.32588601112366, 3407.944596704192, 1106.2103226471265
328.81856751441956, 3407.944596704192, 1106.2103226471265
329.56556701660156, 419.9544437135884, 1117.0260551648726
329.84880924224854, 419.9544437135884, 1117.0260551648726
330.3225405216217, 419.9544437135884, 1117.0260551648726
330.8471357822418, 419.9544437135884, 1117.0260551648726
331.5961308479309, 422.4076139048399, 1126.6300958239
331.82850885391235, 422.4076139048399, 1126.6300958239
332.5954542160034, 415.3645182559743, 1113.0513720753268
332.83581137657166, 415.3645182559743, 1113.0513720753268
333.3165237903595, 415.3645182559743, 1113.0513720753268
333.86106634140015, 415.3645182559743, 1113.0513720753268
334.3188405036926, 415.3645182559743, 1113.0513720753268
334.8254837989807, 415.3645182559743, 1113.0513720753268
335.55752515792847, 417.70937212319194, 1117.675058318855
336.0631699562073, 419.9577120040008, 1117.6639179729905
336.3324496746063, 419.9577120040008, 1117.6639179729905
336.8331081867218, 419.9577120040008, 1117.6639179729905
337.3227970600128, 419.9577120040008, 1117.6639179729905
338.0368854999542, 424.0502211996836, 1125.9864759173288
338.32511472702026, 424.0502211996836, 1125.9864759173288
339.0551588535309, 420.24391979873576, 1121.650701246997
339.3334138393402, 420.24391979873576, 1121.650701246997
339.8340735435486, 420.24391979873576, 1121.650701246997
340.33074402809143, 420.24391979873576, 1121.650701246997
341.1016800403595, 416.4364466619446, 1120.560718910391
341.32508158683777, 416.4364466619446, 1120.560718910391
341.82075476646423, 416.4364466619446, 1120.560718910391
342.58470916748047, 418.39398388889157, 1115.6848368390245
342.8170876502991, 418.39398388889157, 1115.6848368390245
343.3287169933319, 418.39398388889157, 1115.6848368390245
343.82339310646057, 418.39398388889157, 1115.6848368390245
344.577374458313, 417.68618229315183, 1113.5842539643195
344.8267059326172, 417.68618229315183, 1113.5842539643195
345.5697166919708, 416.8090683052986, 1118.944692774881
345.8160583972931, 416.8090683052986, 1118.944692774881
346.57801723480225, 415.4499544502793, 1116.2114736207889
346.82535552978516, 415.4499544502793, 1116.2114736207889
347.3300042152405, 415.4499544502793, 1116.2114736207889
347.8356502056122, 415.4499544502793, 1116.2114736207889
348.31835746765137, 415.4499544502793, 1116.2114736207889
348.8299880027771, 415.4499544502793, 1116.2114736207889
349.3386263847351, 415.4499544502793, 1116.2114736207889
349.83828806877136, 415.4499544502793, 1116.2114736207889
350.31900358200073, 415.4499544502793, 1116.2114736207889
350.8266417980194, 415.4499544502793, 1116.2114736207889
351.57264494895935, 418.61474922780064, 1121.8638062779094
351.8269634246826, 418.61474922780064, 1121.8638062779094
352.3106691837311, 418.61474922780064, 1121.8638062779094
352.8213007450104, 418.61474922780064, 1121.8638062779094
353.5304036140442, 417.75153155288257, 1121.773932431184
353.84057569503784, 417.75153155288257, 1121.773932431184
354.35220170021057, 417.75153155288257, 1121.773932431184
355.1281249523163, 417.81007265380094, 1119.2962754205544
356.1134865283966, 420.7135350902808, 1114.8530478289
356.35783314704895, 420.7135350902808, 1114.8530478289
357.1237816810608, 418.2041745085631, 1117.6157784648751
358.12210869789124, 417.1947304149344, 1116.2418649121032
358.82024002075195, 417.1947304149344, 1116.2418649121032
359.56923389434814, 418.58248083722225, 1118.6294422254223
359.82155895233154, 418.58248083722225, 1118.6294422254223
360.58451533317566, 417.2867080980361, 1114.670828566224
360.83983278274536, 417.2867080980361, 1114.670828566224
361.3365020751953, 417.2867080980361, 1114.670828566224
361.8341703414917, 417.2867080980361, 1114.670828566224
362.32286167144775, 417.2867080980361, 1114.670828566224
362.817538022995, 417.2867080980361, 1114.670828566224
363.59345984458923, 419.1933590488163, 1116.9773767795264
363.83481431007385, 419.1933590488163, 1116.9773767795264
364.3155269622803, 419.1933590488163, 1116.9773767795264
364.8311457633972, 419.1933590488163, 1116.9773767795264
365.33080887794495, 419.1933590488163, 1116.9773767795264
365.8274781703949, 419.1933590488163, 1116.9773767795264
366.3091893196106, 419.1933590488163, 1116.9773767795264
367.07414054870605, 414.11092876868736, 1124.4708566535485
367.32147789001465, 414.11092876868736, 1124.4708566535485
367.83410573005676, 414.11092876868736, 1124.4708566535485
368.32579016685486, 414.11092876868736, 1124.4708566535485
369.056832075119, 418.98938823842076, 1122.861322016438
369.33209443092346, 418.98938823842076, 1122.861322016438
369.8497097492218, 418.98938823842076, 1122.861322016438
370.32244324684143, 418.98938823842076, 1122.861322016438
371.0664508342743, 418.0484610013123, 1122.9532429121687
371.336727142334, 418.0484610013123, 1122.9532429121687
372.05380725860596, 418.60635515624466, 1114.8427894545564
372.31909680366516, 418.60635515624466, 1114.8427894545564
372.8307271003723, 418.60635515624466, 1114.8427894545564
373.3214135169983, 418.60635515624466, 1114.8427894545564
374.0694110393524, 418.70712908599694, 1122.0584490833558
374.335697889328, 418.70712908599694, 1122.0584490833558
375.0797061920166, 419.06683318837776, 1118.9390643468569
375.3290386199951, 419.06683318837776, 1118.9390643468569
375.8316922187805, 419.06683318837776, 1118.9390643468569
376.31639432907104, 419.06683318837776, 1118.9390643468569
376.83101654052734, 419.06683318837776, 1118.9390643468569
377.56704592704773, 417.5987721307114, 1118.617116252054
377.8323357105255, 417.5987721307114, 1118.617116252054
378.3260147571564, 417.5987721307114, 1118.617116252054
379.07401156425476, 417.5053442969356, 1117.519600048099
379.54774260520935, 419.36824293013564, 1121.0347469243757
379.83497405052185, 419.36824293013564, 1121.0347469243757
380.32466292381287, 419.36824293013564, 1121.0347469243757
380.83230352401733, 419.36824293013564, 1121.0347469243757
381.3130168914795, 419.36824293013564, 1121.0347469243757
381.83262515068054, 419.36824293013564, 1121.0347469243757
382.3213164806366, 419.36824293013564, 1121.0347469243757
382.83194947242737, 419.36824293013564, 1121.0347469243757
383.52808594703674, 418.39566287106044, 1117.01659621362
383.83127427101135, 418.39566287106044, 1117.01659621362
384.34090995788574, 418.39566287106044, 1117.01659621362
384.84954810142517, 418.39566287106044, 1117.01659621362
385.3362467288971, 418.39566287106044, 1117.01659621362
386.0822467803955, 417.7906215982613, 1115.7110505552935
386.326593875885, 417.7906215982613, 1115.7110505552935
387.07359290122986, 415.40520684908205, 1115.1332386539118
387.33090472221375, 415.40520684908205, 1115.1332386539118
388.076908826828, 416.2370835826306, 1120.4702805014936
388.33521461486816, 416.2370835826306, 1120.4702805014936
388.8438537120819, 416.2370835826306, 1120.4702805014936
389.3425180912018, 416.2370835826306, 1120.4702805014936
389.8332049846649, 416.2370835826306, 1120.4702805014936
390.32887721061707, 416.2370835826306, 1120.4702805014936
391.1137764453888, 418.0585089000974, 1124.521470441121
391.35812306404114, 418.0585089000974, 1124.521470441121
391.82886123657227, 418.0585089000974, 1124.521470441121
392.32852387428284, 418.0585089000974, 1124.521470441121
392.828186750412, 418.0585089000974, 1124.521470441121
393.32884550094604, 418.0585089000974, 1124.521470441121
393.83149909973145, 418.0585089000974, 1124.521470441121
394.56054759025574, 421.1884428410765, 1121.9417167023648
394.812872171402, 421.1884428410765, 1121.9417167023648
395.3294885158539, 421.1884428410765, 1121.9417167023648
395.81319308280945, 421.1884428410765, 1121.9417167023648
396.58213472366333, 419.9607136267822, 1116.718581458965
396.8324646949768, 419.9607136267822, 1116.718581458965
397.5954222679138, 440.25450312553505, 1116.807773775642
397.8547275066376, 440.25450312553505, 1116.807773775642
398.30951023101807, 440.25450312553505, 1116.807773775642
399.16522002220154, 2260.7279749497966, 96.96000380466745
399.94712567329407, 2260.7279749497966, 96.96000380466745
400.44678831100464, 2260.7279749497966, 96.96000380466745
400.94944167137146, 2260.7279749497966, 96.96000380466745
401.42915654182434, 2260.7279749497966, 96.96000380466745
401.9427819252014, 2260.7279749497966, 96.96000380466745
402.44344091415405, 2260.7279749497966, 96.96000380466745
402.9381182193756, 2260.7279749497966, 96.96000380466745
403.4477527141571, 2260.7279749497966, 96.96000380466745
403.95140314102173, 2260.7279749497966, 96.96000380466745
404.45405769348145, 2260.7279749497966, 96.96000380466745
405.0913519859314, 443.72050814725736, 1114.0565844820333
405.3137571811676, 443.72050814725736, 1114.0565844820333
405.8263840675354, 443.72050814725736, 1114.0565844820333
406.3190658092499, 443.72050814725736, 1114.0565844820333
406.83468437194824, 443.72050814725736, 1114.0565844820333
407.3303575515747, 443.72050814725736, 1114.0565844820333
407.82603001594543, 443.72050814725736, 1114.0565844820333
408.32070541381836, 443.72050814725736, 1114.0565844820333
408.83034086227417, 443.72050814725736, 1114.0565844820333
409.32202434539795, 443.72050814725736, 1114.0565844820333
410.2226138114929, 3977.1858946477523, 21.190789024360654
411.033442735672, 3977.1858946477523, 21.190789024360654
411.5710027217865, 442.38132703308906, 1118.0015560816116
411.83429765701294, 442.38132703308906, 1118.0015560816116
412.3279764652252, 442.38132703308906, 1118.0015560816116
412.83162808418274, 442.38132703308906, 1118.0015560816116
413.5856101512909, 440.98633205130596, 1113.9093851739256
413.8289577960968, 440.98633205130596, 1113.9093851739256
414.3226361274719, 440.98633205130596, 1113.9093851739256
414.8362600803375, 440.98633205130596, 1113.9093851739256
415.31896924972534, 440.98633205130596, 1113.9093851739256
416.06197905540466, 441.16168313698597, 1116.1853371452928
416.33125948905945, 441.16168313698597, 1116.1853371452928
416.8329155445099, 441.16168313698597, 1116.1853371452928
417.32160687446594, 441.16168313698597, 1116.1853371452928
417.8511881828308, 441.16168313698597, 1116.1853371452928
418.32192826271057, 441.16168313698597, 1116.1853371452928
418.82557916641235, 441.16168313698597, 1116.1853371452928
419.3352155685425, 441.16168313698597, 1116.1853371452928
420.05429005622864, 442.4638677836284, 1115.999913643384
420.33154702186584, 442.4638677836284, 1115.999913643384
420.8332042694092, 442.4638677836284, 1115.999913643384
421.3228933811188, 442.4638677836284, 1115.999913643384
421.8464922904968, 442.4638677836284, 1115.999913643384
422.3331880569458, 442.4638677836284, 1115.999913643384
422.81988525390625, 442.4638677836284, 1115.999913643384
423.33151483535767, 442.4638677836284, 1115.999913643384
423.824196100235, 442.4638677836284, 1115.999913643384
424.33283400535583, 442.4638677836284, 1115.999913643384
424.8285074234009, 442.4638677836284, 1115.999913643384
425.3201913833618, 442.4638677836284, 1115.999913643384
425.8218469619751, 442.4638677836284, 1115.999913643384
426.3254985809326, 442.4638677836284, 1115.999913643384
426.8291506767273, 442.4638677836284, 1115.999913643384
427.33080768585205, 442.4638677836284, 1115.999913643384
427.83146691322327, 442.4638677836284, 1115.999913643384
428.33013224601746, 442.4638677836284, 1115.999913643384
428.8228132724762, 442.4638677836284, 1115.999913643384
429.57180643081665, 438.0026695149256, 1114.6459730474592
429.81814765930176, 438.0026695149256, 1114.6459730474592
430.3417458534241, 438.0026695149256, 1114.6459730474592
430.82046461105347, 438.0026695149256, 1114.6459730474592
431.56147956848145, 440.02027576080485, 1117.1661806539948
431.81181025505066, 440.02027576080485, 1117.1661806539948
432.5667881965637, 441.77098064473097, 1114.229193634739
432.8300836086273, 441.77098064473097, 1114.229193634739
433.5411789417267, 444.97910393594776, 1116.1441334048598
433.8254179954529, 444.97910393594776, 1116.1441334048598
434.3180994987488, 444.97910393594776, 1116.1441334048598
434.8227479457855, 444.97910393594776, 1116.1441334048598
435.32340812683105, 444.97910393594776, 1116.1441334048598
436.0654208660126, 446.8711453151912, 1117.8134688586736
436.32373046875, 446.8711453151912, 1117.8134688586736
436.81441593170166, 446.8711453151912, 1117.8134688586736
437.33302664756775, 446.8711453151912, 1117.8134688586736
438.0660638809204, 444.2023566410364, 1113.2290122731392
438.3273651599884, 444.2023566410364, 1113.2290122731392
438.82104301452637, 444.2023566410364, 1113.2290122731392
439.32469487190247, 444.2023566410364, 1113.2290122731392
439.8203670978546, 444.2023566410364, 1113.2290122731392
440.3160402774811, 444.2023566410364, 1113.2290122731392
440.8236815929413, 444.2023566410364, 1113.2290122731392
441.32533836364746, 444.2023566410364, 1113.2290122731392
441.83497428894043, 444.2023566410364, 1113.2290122731392
442.330646276474, 444.2023566410364, 1113.2290122731392
442.8522491455078, 444.2023566410364, 1113.2290122731392
443.31800293922424, 444.2023566410364, 1113.2290122731392
444.043062210083, 442.11712905785373, 1114.3730338953378
444.5676565170288, 442.75297838440787, 1111.6166924665883
444.8219769001007, 442.75297838440787, 1111.6166924665883
445.58094477653503, 440.9510577928701, 1109.6128545163847
445.83526277542114, 440.9510577928701, 1109.6128545163847
446.5712933540344, 441.57724651780313, 1112.070424614456
447.1048638820648, 439.66806875241747, 1114.8537705531344
447.83091950416565, 439.66806875241747, 1114.8537705531344
448.3275899887085, 439.66806875241747, 1114.8537705531344
448.82824897766113, 439.66806875241747, 1114.8537705531344
449.32192754745483, 439.66806875241747, 1114.8537705531344
449.8295681476593, 439.66806875241747, 1114.8537705531344
450.5725793838501, 445.1467409321677, 1114.2975319089537
450.83288288116455, 445.1467409321677, 1114.2975319089537
451.3375322818756, 445.1467409321677, 1114.2975319089537
451.83220624923706, 445.1467409321677, 1114.2975319089537
452.5472922325134, 443.9863754644702, 1117.9839663873304
452.8245508670807, 443.9863754644702, 1117.9839663873304
453.5575873851776, 439.4980137414693, 1117.0461959494282
454.06123876571655, 442.04170817842885, 1115.6268782548893
454.33251309394836, 442.04170817842885, 1115.6268782548893
454.8371613025665, 442.04170817842885, 1115.6268782548893
455.3358254432678, 442.04170817842885, 1115.6268782548893
455.8374824523926, 442.04170817842885, 1115.6268782548893
456.3341534137726, 442.04170817842885, 1115.6268782548893
457.0522298812866, 444.7123924813749, 1114.1860972483523
457.34444761276245, 444.7123924813749, 1114.1860972483523
458.0635221004486, 445.08938576815444, 1114.7468532682124
458.34377217292786, 445.08938576815444, 1114.7468532682124
458.82847452163696, 445.08938576815444, 1114.7468532682124
459.5744779109955, 443.33138263692786, 1115.9240379386422
459.85273146629333, 443.33138263692786, 1115.9240379386422
460.3324489593506, 443.33138263692786, 1115.9240379386422
460.84507513046265, 443.33138263692786, 1115.9240379386422
461.55417799949646, 440.4137141899231, 1115.6922127685862
461.83243203163147, 440.4137141899231, 1115.6922127685862
462.32012581825256, 440.4137141899231, 1115.6922127685862
463.0830829143524, 444.1971531517869, 1115.1133128743777
463.32044863700867, 444.1971531517869, 1115.1133128743777
464.0554802417755, 447.9741093219972, 1116.7054012756503
464.3237614631653, 447.9741093219972, 1116.7054012756503
464.81444811820984, 447.9741093219972, 1116.7054012756503
465.33405566215515, 447.9741093219972, 1116.7054012756503
465.83072662353516, 447.9741093219972, 1116.7054012756503
466.3353750705719, 447.9741093219972, 1116.7054012756503
466.82705903053284, 447.9741093219972, 1116.7054012756503
467.3247261047363, 447.9741093219972, 1116.7054012756503
467.8263840675354, 447.9741093219972, 1116.7054012756503
468.58136200904846, 442.67691717808617, 1117.1032351160484
469.0530984401703, 440.0276024238185, 1116.5492612660032
469.3213803768158, 440.0276024238185, 1116.5492612660032
470.06339406967163, 441.00351188324396, 1120.3310038996144
470.5660479068756, 443.24431941238703, 1117.4191456124229
470.8213646411896, 443.24431941238703, 1117.4191456124229
471.32202553749084, 443.24431941238703, 1117.4191456124229
472.0680260658264, 442.58643951208296, 1114.632146667494
472.32932806015015, 442.58643951208296, 1114.632146667494
473.0773253440857, 443.23062050182415, 1116.1193500873117
473.3416166305542, 443.23062050182415, 1116.1193500873117
474.08063864707947, 442.94878218315125, 1118.062597366721
474.59226870536804, 445.1974482464451, 1119.1916526901064
475.0689914226532, 441.055265318404, 1115.1062630837964
475.33029222488403, 441.055265318404, 1115.1062630837964
476.08826422691345, 443.23945341803756, 1115.8213218558817
476.33659768104553, 443.23945341803756, 1115.8213218558817
476.83526372909546, 443.23945341803756, 1115.8213218558817
477.32894134521484, 443.23945341803756, 1115.8213218558817
477.81464099884033, 443.23945341803756, 1115.8213218558817
478.5805902481079, 443.4228127642369, 1114.6433721476853
478.8179533481598, 443.4228127642369, 1114.6433721476853
479.3365662097931, 443.4228127642369, 1114.6433721476853
479.8172779083252, 443.4228127642369, 1114.6433721476853
480.58821415901184, 440.80038388215473, 1117.3908346136852
480.8215901851654, 440.80038388215473, 1117.3908346136852
481.33321928977966, 440.80038388215473, 1117.3908346136852
481.8249042034149, 440.80038388215473, 1117.3908346136852
482.57489585876465, 443.6683779598398, 1116.5781649848946
482.83120942115784, 443.6683779598398, 1116.5781649848946
483.3278796672821, 443.6683779598398, 1116.5781649848946
483.8245496749878, 443.6683779598398, 1116.5781649848946
484.32620644569397, 443.6683779598398, 1116.5781649848946
485.07320618629456, 443.35727834671803, 1120.0153313117532
485.33450627326965, 443.35727834671803, 1120.0153313117532
485.8321740627289, 443.35727834671803, 1120.0153313117532
486.64300322532654, 443.97511391782, 1114.8543060457148
487.3321578502655, 443.97511391782, 1114.8543060457148
488.1010990142822, 443.8486156915866, 1115.1776330969863
488.34145641326904, 443.8486156915866, 1115.1776330969863
488.8281526565552, 443.8486156915866, 1115.1776330969863
489.3238260746002, 443.8486156915866, 1115.1776330969863
489.85639929771423, 443.8486156915866, 1115.1776330969863
490.3301320075989, 443.8486156915866, 1115.1776330969863
490.81383633613586, 443.8486156915866, 1115.1776330969863
491.31748723983765, 443.8486156915866, 1115.1776330969863
491.80418491363525, 443.8486156915866, 1115.1776330969863
492.56016063690186, 442.3865676116131, 1116.0143248337147
492.8224575519562, 442.3865676116131, 1116.0143248337147
493.34505820274353, 442.3865676116131, 1116.0143248337147
493.8018355369568, 442.3865676116131, 1116.0143248337147
494.33341217041016, 442.3865676116131, 1116.0143248337147
495.10035967826843, 437.84696882505585, 1118.7788187468582
495.58406376838684, 440.45284346242454, 1113.721175025909
495.83040499687195, 440.45284346242454, 1113.721175025909
496.57541012763977, 440.6837346022589, 1114.4445629959341
496.82274746894836, 440.6837346022589, 1114.4445629959341
497.586701631546, 442.8964440183191, 1118.2387462570161
497.8340394496918, 442.8964440183191, 1118.2387462570161
498.6009886264801, 446.4659825250689, 1112.4211862892487
498.8263831138611, 446.4659825250689, 1112.4211862892487
499.3230528831482, 446.4659825250689, 1112.4211862892487
499.8227162361145, 446.4659825250689, 1112.4211862892487
500.32935905456543, 446.4659825250689, 1112.4211862892487
501.06638622283936, 439.30417155457496, 1113.3728585678173
501.5770196914673, 445.4269526696102, 1111.5027935815565
501.8223612308502, 445.4269526696102, 1111.5027935815565
502.33299469947815, 445.4269526696102, 1111.5027935815565
502.83564853668213, 445.4269526696102, 1111.5027935815565
503.32134890556335, 445.4269526696102, 1111.5027935815565
504.0563795566559, 442.3549764356647, 1111.2614676055275
504.31568598747253, 442.3549764356647, 1111.2614676055275
504.832302570343, 442.3549764356647, 1111.2614676055275
505.3180024623871, 442.3549764356647, 1111.2614676055275
506.0759732723236, 440.19470787365225, 1107.8467559160047
506.3412621021271, 440.19470787365225, 1107.8467559160047
506.83095121383667, 440.19470787365225, 1107.8467559160047
507.33161091804504, 440.19470787365225, 1107.8467559160047
507.841246843338, 440.19470787365225, 1107.8467559160047
508.3229568004608, 440.19470787365225, 1107.8467559160047
508.81663489341736, 440.19470787365225, 1107.8467559160047
509.5536615848541, 447.2260185614852, 1114.9547656498298
509.8309235572815, 447.2260185614852, 1114.9547656498298
510.5729320049286, 447.6338310815819, 1114.654858641428
510.834233045578, 447.6338310815819, 1114.654858641428
511.58422446250916, 445.3334907694572, 1112.9049470766765
511.8415365219116, 445.3334907694572, 1112.9049470766765
512.5805568695068, 444.2054655974918, 1107.9825055868544
512.8358736038208, 444.2054655974918, 1107.9825055868544
513.335535287857, 444.2054655974918, 1107.9825055868544
514.0635867118835, 444.8763626455164, 1113.26736199033
514.3358573913574, 444.8763626455164, 1113.26736199033
514.8365170955658, 444.8763626455164, 1113.26736199033
515.3232135772705, 444.8763626455164, 1113.26736199033
515.8228752613068, 444.8763626455164, 1113.26736199033
516.3285231590271, 444.8763626455164, 1113.26736199033
517.0864923000336, 443.34474061499327, 1115.3559409648637
517.3258521556854, 443.34474061499327, 1115.3559409648637
517.8334934711456, 443.34474061499327, 1115.3559409648637
518.3241786956787, 443.34474061499327, 1115.3559409648637
519.0522303581238, 444.9522985906097, 1115.5663161854309
519.3284900188446, 444.9522985906097, 1115.5663161854309
520.0665142536163, 444.90851846890956, 1113.8484041423387
520.3328013420105, 444.90851846890956, 1113.8484041423387
521.095760345459, 3416.1132750285124, 1110.3074039272444
521.53857254982, 3411.9741274363287, 1107.6805531854304
521.8337824344635, 3411.9741274363287, 1107.6805531854304
522.3414235115051, 3411.9741274363287, 1107.6805531854304
522.832109451294, 3411.9741274363287, 1107.6805531854304
523.5641498565674, 3412.8003935230113, 1107.8699670597232
523.8374176025391, 3412.8003935230113, 1107.8699670597232
524.5594851970673, 3414.0895300169755, 1111.3230696237104
525.0940535068512, 3407.6961949027454, 1109.1240679658517
525.5737681388855, 3409.6500054225926, 1107.8215750917702
525.8330743312836, 3409.6500054225926, 1107.8215750917702
526.322762966156, 3409.6500054225926, 1107.8215750917702
526.8174390792847, 3409.6500054225926, 1107.8215750917702
527.3220875263214, 3409.6500054225926, 1107.8215750917702
528.0670924186707, 3416.5782956702774, 1110.339727348937
528.312436580658, 3416.5782956702774, 1110.339727348937
528.8410215377808, 3416.5782956702774, 1110.339727348937
529.3307094573975, 3416.5782956702774, 1110.339727348937
529.8164095878601, 3416.5782956702774, 1110.339727348937
530.3230547904968, 3416.5782956702774, 1110.339727348937
531.0690557956696, 3413.40395926713, 1106.7821855618338
531.3213796615601, 3413.40395926713, 1106.7821855618338
532.0514254570007, 3414.2102848141153, 1109.4671709212914
532.3256919384003, 3414.2102848141153, 1109.4671709212914
533.0936346054077, 3411.4193372733466, 1105.1957200318136
533.3190312385559, 3411.4193372733466, 1105.1957200318136
534.0829911231995, 3411.1873191829295, 1107.6134341527713
534.3183562755585, 3411.1873191829295, 1107.6134341527713
535.0713396072388, 3414.1931909574273, 1109.0796848462824
535.3186774253845, 3414.1931909574273, 1109.0796848462824
535.8123548030853, 3414.1931909574273, 1109.0796848462824
536.3199965953827, 3414.1931909574273, 1109.0796848462824
537.0849497318268, 3410.0756523519, 1108.9540771869338
537.3372728824615, 3410.0756523519, 1108.9540771869338
537.8090093135834, 3410.0756523519, 1108.9540771869338
538.5709693431854, 3410.3673765507588, 1111.1538865050084
538.8322701454163, 3410.3673765507588, 1111.1538865050084
539.3249506950378, 3410.3673765507588, 1111.1538865050084
539.8176329135895, 3410.3673765507588, 1111.1538865050084
540.3332514762878, 3410.3673765507588, 1111.1538865050084
540.8349092006683, 3410.3673765507588, 1111.1538865050084
541.3166184425354, 3410.3673765507588, 1111.1538865050084
541.8302435874939, 3410.3673765507588, 1111.1538865050084
542.5503144264221, 3412.8454183558893, 1107.791661333928
542.8315618038177, 3412.8454183558893, 1107.791661333928
543.5815536975861, 3412.841369743005, 1108.4462158866152
543.8298890590668, 3412.841369743005, 1108.4462158866152
544.5828750133514, 3411.758330464216, 1108.5315467557741
544.8421785831451, 3411.758330464216, 1108.5315467557741
545.3189024925232, 3411.758330464216, 1108.5315467557741
545.8215568065643, 3411.758330464216, 1108.5315467557741
546.3182265758514, 3411.758330464216, 1108.5315467557741
546.8178884983063, 3411.758330464216, 1108.5315467557741
547.3205423355103, 3411.758330464216, 1108.5315467557741
548.0725302696228, 3416.813581107305, 1108.9377083238644
548.33482837677, 3416.813581107305, 1108.9377083238644
549.1077580451965, 3411.780856389002, 1108.8314985710942
549.3540990352631, 3411.780856389002, 1108.8314985710942
549.8467791080475, 3411.780856389002, 1108.8314985710942
550.3723719120026, 3411.780856389002, 1108.8314985710942
550.8301486968994, 3411.780856389002, 1108.8314985710942
551.3427734375, 3411.780856389002, 1108.8314985710942
551.8414385318756, 3411.780856389002, 1108.8314985710942
552.3211543560028, 3411.780856389002, 1108.8314985710942
552.8397660255432, 3411.780856389002, 1108.8314985710942
553.3254656791687, 3411.780856389002, 1108.8314985710942
553.830114364624, 3411.780856389002, 1108.8314985710942
554.3217980861664, 3411.780856389002, 1108.8314985710942
554.8214604854584, 3411.780856389002, 1108.8314985710942
555.3291008472443, 3411.780856389002, 1108.8314985710942
555.8347473144531, 3411.780856389002, 1108.8314985710942
556.5618002414703, 3411.2802600556843, 1108.57901344328
556.8330743312836, 3411.2802600556843, 1108.57901344328
557.3287467956543, 3411.2802600556843, 1108.57901344328
557.8264155387878, 3411.2802600556843, 1108.57901344328
558.3350520133972, 3411.2802600556843, 1108.57901344328
558.8347158432007, 3411.2802600556843, 1108.57901344328
559.3293902873993, 3411.2802600556843, 1108.57901344328
559.8330419063568, 3411.2802600556843, 1108.57901344328
560.5421431064606, 3409.9090557922996, 1108.3942810047638
560.8333625793457, 3409.9090557922996, 1108.3942810047638
561.3210580348969, 3409.9090557922996, 1108.3942810047638
561.8386716842651, 3409.9090557922996, 1108.3942810047638
562.343320608139, 3409.9090557922996, 1108.3942810047638
562.8419852256775, 3409.9090557922996, 1108.3942810047638
563.3306775093079, 3409.9090557922996, 1108.3942810047638
564.0866537094116, 3410.08976659375, 1107.2258408367175
564.3389778137207, 3410.08976659375, 1107.2258408367175
564.8157021999359, 3410.08976659375, 1107.2258408367175
565.325336933136, 3410.08976659375, 1107.2258408367175
565.8220062255859, 3410.08976659375, 1107.2258408367175
566.3256578445435, 3410.08976659375, 1107.2258408367175
566.824324131012, 3410.08976659375, 1107.2258408367175
567.5713229179382, 3409.6848623091437, 1107.1465668927892
567.8326234817505, 3409.6848623091437, 1107.1465668927892
568.578626871109, 3410.8006888833634, 1111.368767119134
568.8339421749115, 3410.8006888833634, 1111.368767119134
569.3326077461243, 3410.8006888833634, 1111.368767119134
569.8462319374084, 3410.8006888833634, 1111.368767119134
570.3289406299591, 3410.8006888833634, 1111.368767119134
571.0649693012238, 3412.832232214549, 1111.3644303820167
571.3332517147064, 3412.832232214549, 1111.3644303820167
571.829921245575, 3412.832232214549, 1111.3644303820167
572.339555978775, 3412.832232214549, 1111.3644303820167
573.1055061817169, 3410.1179261830634, 1111.7856679791062
573.3328969478607, 3410.1179261830634, 1111.7856679791062
574.0818912982941, 3410.8611091534704, 1108.5379116687138
574.3411974906921, 3410.8611091534704, 1108.5379116687138
574.8249018192291, 3410.8611091534704, 1108.5379116687138
575.3285536766052, 3410.8611091534704, 1108.5379116687138
576.0805404186249, 3409.5029717049333, 1109.828247821843
576.3348596096039, 3409.5029717049333, 1109.828247821843
576.8215560913086, 3409.5029717049333, 1109.828247821843
577.543622970581, 3414.5888304069435, 1107.0995246349473
577.8458135128021, 3414.5888304069435, 1107.0995246349473
578.3424837589264, 3414.5888304069435, 1107.0995246349473
578.8471336364746, 3414.5888304069435, 1107.0995246349473
579.3208658695221, 3414.5888304069435, 1107.0995246349473
580.0818283557892, 3412.344494292261, 1103.270743315079
580.5585505962372, 3414.8526824091755, 1105.4292342231333
581.0701811313629, 3415.6718233963425, 1107.9329855698375
581.3304841518402, 3415.6718233963425, 1107.9329855698375
581.8121943473816, 3415.6718233963425, 1107.9329855698375
582.3427739143372, 3415.6718233963425, 1107.9329855698375
582.8573949337006, 3415.6718233963425, 1107.9329855698375
583.6043949127197, 3412.034243622129, 1109.1790234361633
583.8387689590454, 3412.034243622129, 1109.1790234361633
584.3254647254944, 3412.034243622129, 1109.1790234361633
585.0834367275238, 3413.1116486141905, 1109.6964434378062
585.3287789821625, 3413.1116486141905, 1109.6964434378062
585.8214597702026, 3413.1116486141905, 1109.6964434378062
586.5505077838898, 3410.7760101505505, 1109.1073245483938
586.834746837616, 3410.7760101505505, 1109.1073245483938
587.600695848465, 3416.2987224100716, 1113.8163820998388
587.8250946998596, 3416.2987224100716, 1113.8163820998388
588.3217661380768, 3416.2987224100716, 1113.8163820998388
588.8214280605316, 3416.2987224100716, 1113.8163820998388
589.3230843544006, 3416.2987224100716, 1113.8163820998388
589.825737953186, 3416.2987224100716, 1113.8163820998388
590.5577790737152, 3410.32702378293, 1105.3396988949778
590.8290524482727, 3410.32702378293, 1105.3396988949778
591.5959990024567, 3412.350541753482, 1108.2812487175427
591.8333623409271, 3412.350541753482, 1108.2812487175427
592.5843532085419, 3409.634633511089, 1108.9935715339068
592.8416645526886, 3409.634633511089, 1108.9935715339068
593.3114068508148, 3409.634633511089, 1108.9935715339068
593.846971988678, 3409.634633511089, 1108.9935715339068
594.3197064399719, 3409.634633511089, 1108.9935715339068
594.8233573436737, 3409.634633511089, 1108.9935715339068
595.32302069664, 3409.634633511089, 1108.9935715339068
595.8356478214264, 3409.634633511089, 1108.9935715339068
596.3163604736328, 3409.634633511089, 1108.9935715339068
596.803056716919, 3409.634633511089, 1108.9935715339068
597.3386235237122, 3409.634633511089, 1108.9935715339068
597.8283123970032, 3409.634633511089, 1108.9935715339068
598.5952603816986, 3417.8315099416914, 1107.8376967511388
598.8266408443451, 3417.8315099416914, 1107.8376967511388
599.335277557373, 3417.8315099416914, 1107.8376967511388
600.074298620224, 3417.9093187003496, 1109.6971827470545
600.3336038589478, 3417.9093187003496, 1109.6971827470545
600.8332679271698, 3417.9093187003496, 1109.6971827470545
601.5553333759308, 3410.6082044812447, 1108.0475113370085
602.08491563797, 3412.325980490926, 1107.175097215257
602.3272657394409, 3412.325980490926, 1107.175097215257
602.8388962745667, 3412.325980490926, 1107.175097215257
603.317615032196, 3412.325980490926, 1107.175097215257
603.8422110080719, 3412.325980490926, 1107.175097215257
604.3309020996094, 3412.325980490926, 1107.175097215257
604.8295669555664, 3412.325980490926, 1107.175097215257
605.565595626831, 3413.8331135099984, 1106.5009212324744
605.8229084014893, 3413.8331135099984, 1106.5009212324744
606.3335390090942, 3413.8331135099984, 1106.5009212324744
607.073558807373, 3416.987033837651, 1104.2683937501788
607.3298723697662, 3416.987033837651, 1104.2683937501788
608.0808613300323, 3419.451255360107, 1104.889229056139
608.59747838974, 3413.9647246496306, 1105.5799271728677
608.8278615474701, 3413.9647246496306, 1105.5799271728677
609.3325111865997, 3413.9647246496306, 1105.5799271728677
609.8331699371338, 3413.9647246496306, 1105.5799271728677
610.3418078422546, 3413.9647246496306, 1105.5799271728677
610.8364841938019, 3413.9647246496306, 1105.5799271728677
611.5615422725677, 3417.7979752427873, 1106.689798684341
611.830822467804, 3417.7979752427873, 1106.689798684341
612.578818321228, 3417.0275905917233, 1104.066954742654
612.8600656986237, 3417.0275905917233, 1104.066954742654
613.5542068481445, 3417.216407704609, 1104.8595090500362
614.0718216896057, 3414.1699151846615, 1104.764231941716
614.3251438140869, 3414.1699151846615, 1104.764231941716
614.8387680053711, 3414.1699151846615, 1104.764231941716
615.5658218860626, 3414.798821139575, 1107.6396772857222
615.8131592273712, 3414.798821139575, 1107.6396772857222
616.3198020458221, 3414.798821139575, 1107.6396772857222
617.1017098426819, 3414.297730782854, 1110.0456683134637
617.3420648574829, 3414.297730782854, 1110.0456683134637
617.8367412090302, 3414.297730782854, 1110.0456683134637
618.5777587890625, 3417.8080040810346, 1108.3454553622628
618.8520233631134, 3417.8080040810346, 1108.3454553622628
619.3297436237335, 3417.8080040810346, 1108.3454553622628
619.8363876342773, 3417.8080040810346, 1108.3454553622628
620.3330569267273, 3417.8080040810346, 1108.3454553622628
620.8307249546051, 3417.8080040810346, 1108.3454553622628
621.3423547744751, 3417.8080040810346, 1108.3454553622628
621.8230674266815, 3417.8080040810346, 1108.3454553622628
622.318740606308, 3417.8080040810346, 1108.3454553622628
622.8303713798523, 3417.8080040810346, 1108.3454553622628
623.3240482807159, 3417.8080040810346, 1108.3454553622628
624.0550916194916, 3416.127407184007, 1108.3875007720064
624.3323516845703, 3416.127407184007, 1108.3875007720064
625.0613975524902, 3410.503926391021, 1110.1979836991095
625.3286836147308, 3410.503926391021, 1110.1979836991095
626.07568192482, 3414.8681386795793, 1107.963202650447
626.3130466938019, 3414.8681386795793, 1107.963202650447
627.0530643463135, 3415.090082044269, 1108.6937662288526
627.3223452568054, 3415.090082044269, 1108.6937662288526
628.066351890564, 3410.661356152756, 1105.7331158876275
628.3236622810364, 3410.661356152756, 1105.7331158876275
628.8133521080017, 3410.661356152756, 1105.7331158876275
629.3359532356262, 3410.661356152756, 1105.7331158876275
629.8286337852478, 3410.661356152756, 1105.7331158876275
630.3233096599579, 3410.661356152756, 1105.7331158876275
630.819979429245, 3410.661356152756, 1105.7331158876275
631.5510218143463, 3411.4529675290723, 1106.615296121959
631.8432393074036, 3411.4529675290723, 1106.615296121959
632.5802664756775, 3412.4308045295243, 1108.563211082862
632.8286020755768, 3412.4308045295243, 1108.563211082862
633.617488861084, 442.19429147340196, 1115.5136203065526
633.8748002052307, 442.19429147340196, 1115.5136203065526
634.3325753211975, 442.19429147340196, 1115.5136203065526
634.8242580890656, 442.19429147340196, 1115.5136203065526
635.3229234218597, 442.19429147340196, 1115.5136203065526
636.0669310092926, 444.06381751593, 1113.5646309874314
636.332221031189, 444.06381751593, 1113.5646309874314
636.8258988857269, 444.06381751593, 1113.5646309874314
637.3315448760986, 444.06381751593, 1113.5646309874314
638.0745553970337, 3412.38384096307, 1108.399593889159
638.3238883018494, 3412.38384096307, 1108.399593889159
638.8305315971375, 3412.38384096307, 1108.399593889159
639.3461508750916, 3412.38384096307, 1108.399593889159
640.0851728916168, 3409.987228568368, 1106.7781512143163
640.3514595031738, 3409.987228568368, 1106.7781512143163
640.8391532897949, 3409.987228568368, 1106.7781512143163
641.3597590923309, 3409.987228568368, 1106.7781512143163
642.0888080596924, 3414.1685230878415, 1107.0946088043281
642.3331532478333, 3414.1685230878415, 1107.0946088043281
643.096111536026, 3414.6053188187093, 1106.0628872117327
643.328488111496, 3414.6053188187093, 1106.0628872117327
643.8391211032867, 3414.6053188187093, 1106.0628872117327
644.5841271877289, 3410.0499008946795, 1105.8304025960388
644.8194978237152, 3410.0499008946795, 1105.8304025960388
645.3331217765808, 3410.0499008946795, 1105.8304025960388
645.8327834606171, 3410.0499008946795, 1105.8304025960388
646.324467420578, 3410.0499008946795, 1105.8304025960388
646.8161518573761, 3410.0499008946795, 1105.8304025960388
647.543203830719, 3408.210455864411, 1107.6024590519128
647.8174695968628, 3408.210455864411, 1107.6024590519128
648.5365433692932, 3409.0348870025623, 1102.1054913013115
648.830756187439, 3409.0348870025623, 1102.1054913013115
649.3274273872375, 3409.0348870025623, 1102.1054913013115
649.8370621204376, 3409.0348870025623, 1102.1054913013115
650.5581319332123, 3413.449122543486, 1106.7027507260634
650.8413729667664, 3413.449122543486, 1106.7027507260634
651.5724160671234, 3419.4099222095742, 1109.884010706084
651.8317222595215, 3419.4099222095742, 1109.884010706084
652.5926847457886, 3412.3270821064325, 1107.5291287067403
653.0564422607422, 3410.498330596528, 1107.7833188495563
653.3267192840576, 3410.498330596528, 1107.7833188495563
653.8533091545105, 3410.498330596528, 1107.7833188495563
654.3340215682983, 3410.498330596528, 1107.7833188495563
654.8486444950104, 3410.498330596528, 1107.7833188495563
655.3303551673889, 3410.498330596528, 1107.7833188495563
656.0703737735748, 3409.2384814465904, 1106.7519437223154
656.3256895542145, 3409.2384814465904, 1106.7519437223154
656.8123872280121, 3409.2384814465904, 1106.7519437223154
657.3180320262909, 3409.2384814465904, 1106.7519437223154
658.0859770774841, 3409.525398195929, 1101.8509048610777
658.3233420848846, 3409.525398195929, 1101.8509048610777
658.8240008354187, 3409.525398195929, 1101.8509048610777
659.3216676712036, 3409.525398195929, 1101.8509048610777
659.832300901413, 3409.525398195929, 1101.8509048610777
660.3199949264526, 3409.525398195929, 1101.8509048610777
660.8216514587402, 3409.525398195929, 1101.8509048610777
661.5696494579315, 3410.6286493297075, 1102.228869715065
661.8299522399902, 3410.6286493297075, 1102.228869715065
662.5839331150055, 3410.799322042871, 1104.0327017424815
662.8382523059845, 3410.799322042871, 1104.0327017424815
663.607194185257, 3414.697942730633, 1106.2188537236927
663.8226180076599, 3414.697942730633, 1106.2188537236927
664.3292610645294, 3414.697942730633, 1106.2188537236927
665.0583083629608, 3414.500953636865, 1107.5958686058686
665.3235981464386, 3414.500953636865, 1107.5958686058686
665.8342304229736, 3414.500953636865, 1107.5958686058686
666.3229224681854, 3414.500953636865, 1107.5958686058686
666.846521615982, 3414.500953636865, 1107.5958686058686
667.3302257061005, 3414.500953636865, 1107.5958686058686
667.8408591747284, 3414.500953636865, 1107.5958686058686
668.3305478096008, 3414.500953636865, 1107.5958686058686
668.8252229690552, 3414.500953636865, 1107.5958686058686
669.3308701515198, 3414.500953636865, 1107.5958686058686
670.0539333820343, 3431.8261547892175, 1106.0120475712652
670.3202195167542, 3431.8261547892175, 1106.0120475712652
672.0735259056091, 3429.2696690759067, 1108.5224643175152
672.3198659420013, 3429.2696690759067, 1108.5224643175152
672.825511932373, 3429.2696690759067, 1108.5224643175152
673.3171956539154, 3429.2696690759067, 1108.5224643175152
673.826831817627, 3429.2696690759067, 1108.5224643175152
674.3244984149933, 3429.2696690759067, 1108.5224643175152
674.823163986206, 3429.2696690759067, 1108.5224643175152
675.8165037631989, 2071.907948215647, 855.2373442082538
676.6393015384674, 3430.313837907587, 1098.5812086528426
677.5857665538788, 3433.403157061869, 1075.1098135286284
677.8261241912842, 3433.403157061869, 1075.1098135286284
678.6020464897156, 3418.094394739546, 1095.5082733957322
678.8244500160217, 3418.094394739546, 1095.5082733957322
679.5634722709656, 3432.738082888927, 1104.504736338852
679.8377377986908, 3432.738082888927, 1104.504736338852
680.325432062149, 3432.738082888927, 1104.504736338852
680.8310775756836, 3432.738082888927, 1104.504736338852
681.3287456035614, 3432.738082888927, 1104.504736338852
681.8304026126862, 3432.738082888927, 1104.504736338852
682.3330566883087, 3432.738082888927, 1104.504736338852
683.1169576644897, 3426.3868170069554, 1102.6229479772396
684.1033165454865, 458.993901542387, 1104.1347843026451
684.3346967697144, 458.993901542387, 1104.1347843026451
684.8483216762543, 458.993901542387, 1104.1347843026451
685.340005159378, 458.993901542387, 1104.1347843026451
685.8446545600891, 458.993901542387, 1104.1347843026451
686.3383324146271, 458.993901542387, 1104.1347843026451
687.2897849082947, 3369.5520495993333, -1828.4689888279997
687.9649777412415, 3369.5520495993333, -1828.4689888279997
688.5434291362762, 3441.171449661252, 1106.7842368894817
688.8147029876709, 3441.171449661252, 1106.7842368894817
689.555718421936, 459.04477355541377, 1132.7710662797865
689.8239998817444, 459.04477355541377, 1132.7710662797865
690.3276517391205, 459.04477355541377, 1132.7710662797865
690.8173406124115, 459.04477355541377, 1132.7710662797865
691.7179291248322, 3787.1536554204463, 396.4345962053458
692.5716433525085, 3383.606459207774, 1120.8291536917538
692.8269598484039, 3383.606459207774, 1120.8291536917538
695.6085124015808, 3441.0512849376278, 1104.8029418684205
695.8359043598175, 3441.0512849376278, 1104.8029418684205
696.3235976696014, 3441.0512849376278, 1104.8029418684205
696.829244852066, 3441.0512849376278, 1104.8029418684205
697.3119516372681, 3441.0512849376278, 1104.8029418684205
697.8445272445679, 3441.0512849376278, 1104.8029418684205
698.3202531337738, 3441.0512849376278, 1104.8029418684205
698.8448476791382, 3441.0512849376278, 1104.8029418684205
699.3305473327637, 3441.0512849376278, 1104.8029418684205
700.0994884967804, 3447.4439050407555, 1112.191564136691
700.3348581790924, 3447.4439050407555, 1112.191564136691
701.072881937027, 472.11744595952524, 1110.4649514771318
701.3361773490906, 472.11744595952524, 1110.4649514771318
701.8378345966339, 472.11744595952524, 1110.4649514771318
702.3265256881714, 472.11744595952524, 1110.4649514771318
702.8331694602966, 472.11744595952524, 1110.4649514771318
703.3248522281647, 472.11744595952524, 1110.4649514771318
703.8354856967926, 472.11744595952524, 1110.4649514771318
704.7450501918793, 3743.389414231308, 22209.22034111942
705.4900550842285, 3743.389414231308, 22209.22034111942
706.1024158000946, 1851.9510597755566, 79.12232272068775
706.4006180763245, 1851.9510597755566, 79.12232272068775
706.8952927589417, 1851.9510597755566, 79.12232272068775
707.3959527015686, 1851.9510597755566, 79.12232272068775
708.2726051807404, 2190.3401557769885, 805.7912124519156
709.0864260196686, 3433.196189484082, 1109.8691181150423
709.3357589244843, 3433.196189484082, 1109.8691181150423
709.8244497776031, 3433.196189484082, 1109.8691181150423
710.7659296989441, 2647.570847244141, 114.36092858266694
711.5169184207916, 2647.570847244141, 114.36092858266694
712.0225646495819, 2647.570847244141, 114.36092858266694
712.5850582122803, 3396.414125159126, 1101.256203588645
712.8234212398529, 3396.414125159126, 1101.256203588645
713.5604474544525, 3396.357779388876, 1106.187292122006
713.8197524547577, 3396.357779388876, 1106.187292122006
714.3303859233856, 3396.357779388876, 1106.187292122006
715.2678763866425, 1927.3885092582368, 60.85970861944796
716.0358200073242, 1927.3885092582368, 60.85970861944796
716.5065591335297, 1927.3885092582368, 60.85970861944796
717.0311546325684, 1927.3885092582368, 60.85970861944796
717.4989035129547, 1927.3885092582368, 60.85970861944796
718.0414500236511, 1927.3885092582368, 60.85970861944796
718.5191707611084, 1927.3885092582368, 60.85970861944796
719.0178363323212, 1927.3885092582368, 60.85970861944796
719.505530834198, 1927.3885092582368, 60.85970861944796
720.0201516151428, 1927.3885092582368, 60.85970861944796
720.496876001358, 1927.3885092582368, 60.85970861944796
721.2229306697845, 2168.0731174713296, 621.745967312069
722.202309846878, 2064.4812625593986, 217.58441897360032
722.9762380123138, 2064.4812625593986, 217.58441897360032
723.4988400936127, 2064.4812625593986, 217.58441897360032
723.9855349063873, 2064.4812625593986, 217.58441897360032
724.488189458847, 2064.4812625593986, 217.58441897360032
724.9768815040588, 2064.4812625593986, 217.58441897360032
725.475545167923, 2064.4812625593986, 217.58441897360032
725.9512720108032, 2064.4812625593986, 217.58441897360032
726.4539258480072, 2064.4812625593986, 217.58441897360032
726.9535887241364, 2064.4812625593986, 217.58441897360032
727.467212677002, 2064.4812625593986, 217.58441897360032
728.0017817020416, 2064.4812625593986, 217.58441897360032
728.47252202034, 2064.4812625593986, 217.58441897360032
728.9871430397034, 2064.4812625593986, 217.58441897360032
729.6014986038208, 3392.725140076426, 1103.4920317488113
730.0782227516174, 3393.215935677138, 1107.0689741209308
730.3265569210052, 3393.215935677138, 1107.0689741209308
730.8222312927246, 3393.215935677138, 1107.0689741209308
731.5522756576538, 3393.0913055437186, 1106.3158675447526
731.837512254715, 3393.0913055437186, 1106.3158675447526
732.6174232959747, 3395.011966907546, 1104.7494420079602
732.8398280143738, 3395.011966907546, 1104.7494420079602
733.5638906955719, 3392.48653535076, 1104.5950329040015
733.8321714401245, 3392.48653535076, 1104.5950329040015
734.3268473148346, 3392.48653535076, 1104.5950329040015
734.8235170841217, 3392.48653535076, 1104.5950329040015
735.3251731395721, 3392.48653535076, 1104.5950329040015
736.0891282558441, 3393.277238541628, 1106.8574268131226
736.8261559009552, 3393.277238541628, 1106.8574268131226
737.577143907547, 3395.7404441419085, 1104.7731176059776
738.0478839874268, 3397.5300486017077, 1109.315496027455
738.3131730556488, 3397.5300486017077, 1109.315496027455
739.0880994796753, 3395.6293078893623, 1108.598352408769
739.3284549713135, 3395.6293078893623, 1108.598352408769
740.0714657306671, 3395.2446336288185, 1108.6866395276606
740.329775094986, 3395.2446336288185, 1108.6866395276606
741.0658042430878, 3399.0674102845196, 1108.389952154094
741.3271043300629, 3399.0674102845196, 1108.389952154094
742.0800879001617, 3389.0295222839286, 1106.4718064201184
742.3523588180542, 3389.0295222839286, 1106.4718064201184
742.8380584716797, 3389.0295222839286, 1106.4718064201184
743.3317368030548, 3389.0295222839286, 1106.4718064201184
744.0887122154236, 3396.0226061480553, 1104.1120615942796
744.3370459079742, 3396.0226061480553, 1104.1120615942796
745.0910270214081, 3390.360754956493, 1103.3233610008422
745.820074558258, 3390.360754956493, 1103.3233610008422
746.3297100067139, 3390.360754956493, 1103.3233610008422
747.0537719726562, 3392.8084762403064, 1102.9101536837309
747.5683944225311, 3390.7857869286795, 1101.4259852782207
747.8177258968353, 3390.7857869286795, 1101.4259852782207
748.5876643657684, 3391.8060674433536, 1101.6488236517769
748.836998462677, 3391.8060674433536, 1101.6488236517769
749.556070804596, 3390.241094651623, 1103.071919338449
749.8353235721588, 3390.241094651623, 1103.071919338449
750.5723519325256, 3393.584129612367, 1106.02005975512
750.8266696929932, 3393.584129612367, 1106.02005975512
751.3392972946167, 3393.584129612367, 1106.02005975512
752.1182117462158, 3390.578199892438, 1104.8874094512246
752.3525841236115, 3390.578199892438, 1104.8874094512246
752.8332977294922, 3390.578199892438, 1104.8874094512246
753.5922646522522, 3399.870008404964, 1106.6302909997555
753.8276345729828, 3399.870008404964, 1106.6302909997555
754.614527463913, 3393.862103443645, 1109.536100336294
755.0862655639648, 3397.3097386546724, 1108.7816285596134
755.3615291118622, 3397.3097386546724, 1108.7816285596134
755.8272817134857, 3397.3097386546724, 1108.7816285596134
756.5633103847504, 3392.787869459004, 1103.0267751649214
757.0649673938751, 3392.0300982348626, 1105.9799024704564
757.3232750892639, 3392.0300982348626, 1105.9799024704564
758.0991983413696, 3394.623400230368, 1101.5416189161137
758.3405516147614, 3394.623400230368, 1101.5416189161137
758.8272483348846, 3394.623400230368, 1101.5416189161137
759.3548369407654, 3394.623400230368, 1101.5416189161137
759.819591999054, 3394.623400230368, 1101.5416189161137
760.5935201644897, 3389.758048676048, 1103.1472150738423
760.8418543338776, 3389.758048676048, 1103.1472150738423
761.3395223617554, 3389.758048676048, 1103.1472150738423
761.8461654186249, 3389.758048676048, 1103.1472150738423
762.3358552455902, 3389.758048676048, 1103.1472150738423
762.8424983024597, 3389.758048676048, 1103.1472150738423
763.3351783752441, 3389.758048676048, 1103.1472150738423
763.8278591632843, 3389.758048676048, 1103.1472150738423
764.5678787231445, 3390.0843518841616, 1108.509413644763
764.8321704864502, 3390.0843518841616, 1108.509413644763
765.8045675754547, 3174.9156494216504, 413.66228294143775
766.5435886383057, 3174.9156494216504, 413.66228294143775
767.03826379776, 3174.9156494216504, 413.66228294143775
767.5379266738892, 3174.9156494216504, 413.66228294143775
768.0365905761719, 3174.9156494216504, 413.66228294143775
768.5282747745514, 3174.9156494216504, 413.66228294143775
771.1731929779053, 1159.7593630805113, 395.14419776809603
771.9620809555054, 1159.7593630805113, 395.14419776809603
772.4547619819641, 1159.7593630805113, 395.14419776809603
773.3553509712219, 3764.5061930870856, 441.3291968398546
774.1073379516602, 3764.5061930870856, 441.3291968398546
774.6109883785248, 3764.5061930870856, 441.3291968398546
775.140570640564, 3764.5061930870856, 441.3291968398546
776.1019973754883, 3764.5061930870856, 441.3291968398546
776.600661277771, 3454.8913249493335, 1104.4829407028058
777.1192727088928, 3457.4353049112237, 1100.288422502487
777.6159434318542, 3452.9864429703543, 1103.434210032064
778.0657393932343, 3449.098448799722, 1105.0804862046195
778.3350183963776, 3449.098448799722, 1105.0804862046195
778.8207168579102, 3449.098448799722, 1105.0804862046195
779.6205768585205, 3464.0475151560104, 1107.8063586386018
779.8549489974976, 3464.0475151560104, 1107.8063586386018
780.321699142456, 3464.0475151560104, 1107.8063586386018
780.837317943573, 3464.0475151560104, 1107.8063586386018
781.3250133991241, 3464.0475151560104, 1107.8063586386018
782.0550587177277, 3478.9495036098274, 1108.0641592885643
782.3243384361267, 3478.9495036098274, 1108.0641592885643
782.831978559494, 3478.9495036098274, 1108.0641592885643
783.3266541957855, 3478.9495036098274, 1108.0641592885643
784.0427360534668, 3480.2968469509765, 1104.0341910089542
784.3279721736908, 3480.2968469509765, 1104.0341910089542
785.0819535255432, 3525.524123732205, 1105.7438792678051
785.3253016471863, 3525.524123732205, 1105.7438792678051
786.0772886276245, 3521.9405715580842, 1105.1319735061677
786.3345992565155, 3521.9405715580842, 1105.1319735061677
786.8472273349762, 3521.9405715580842, 1105.1319735061677
787.327939748764, 3521.9405715580842, 1105.1319735061677
787.8281121253967, 3521.9405715580842, 1105.1319735061677
788.340738773346, 3521.9405715580842, 1105.1319735061677
788.8274359703064, 3521.9405715580842, 1105.1319735061677
789.3261001110077, 3521.9405715580842, 1105.1319735061677
789.8297522068024, 3521.9405715580842, 1105.1319735061677
790.324428319931, 3521.9405715580842, 1105.1319735061677
790.8230931758881, 3521.9405715580842, 1105.1319735061677
791.3247509002686, 3521.9405715580842, 1105.1319735061677
791.8393716812134, 3521.9405715580842, 1105.1319735061677
792.5614380836487, 3456.254396015684, 1111.1903800138998
793.0670845508575, 3395.7906409044776, 1109.5473354810097
793.3144233226776, 3395.7906409044776, 1109.5473354810097
793.8230602741241, 3395.7906409044776, 1109.5473354810097
794.3297038078308, 3395.7906409044776, 1109.5473354810097
794.822384595871, 3395.7906409044776, 1109.5473354810097
795.327033996582, 3395.7906409044776, 1109.5473354810097
795.8276937007904, 3395.7906409044776, 1109.5473354810097
796.3353335857391, 3395.7906409044776, 1109.5473354810097
796.8320045471191, 3395.7906409044776, 1109.5473354810097
797.3456287384033, 3395.7906409044776, 1109.5473354810097
797.8213574886322, 3395.7906409044776, 1109.5473354810097
798.4885828495026, 3427.07471369607, 1112.730459197001
798.8416237831116, 3427.07471369607, 1112.730459197001
799.3233344554901, 3427.07471369607, 1112.730459197001
799.8219985961914, 3427.07471369607, 1112.730459197001
800.3236567974091, 3427.07471369607, 1112.730459197001
800.8372805118561, 3427.07471369607, 1112.730459197001
801.3339502811432, 3427.07471369607, 1112.730459197001
801.847576379776, 3427.07471369607, 1112.730459197001
802.3342728614807, 3427.07471369607, 1112.730459197001
802.8409159183502, 3427.07471369607, 1112.730459197001
803.3435697555542, 3427.07471369607, 1112.730459197001
803.8312640190125, 3427.07471369607, 1112.730459197001
804.3468840122223, 3427.07471369607, 1112.730459197001
804.8206148147583, 3427.07471369607, 1112.730459197001
805.330251455307, 3427.07471369607, 1112.730459197001
806.2398152351379, 2104.069443838479, 71928.828977877
806.9648740291595, 2104.069443838479, 71928.828977877
807.4784996509552, 2104.069443838479, 71928.828977877
807.9522314071655, 2104.069443838479, 71928.828977877
808.483806848526, 2104.069443838479, 71928.828977877
808.9665148258209, 2104.069443838479, 71928.828977877
809.8222234249115, 3413.499857168063, 91.74588075467106
810.5991435050964, 3829.982985286485, 1120.3712862214904
810.8315212726593, 3829.982985286485, 1120.3712862214904
811.3271949291229, 3829.982985286485, 1120.3712862214904
811.8308458328247, 3829.982985286485, 1120.3712862214904
812.3085663318634, 3829.982985286485, 1120.3712862214904
812.8182022571564, 3829.982985286485, 1120.3712862214904
813.3178646564484, 3829.982985286485, 1120.3712862214904
813.8364760875702, 3829.982985286485, 1120.3712862214904
814.3201813697815, 3829.982985286485, 1120.3712862214904
814.8118650913239, 3829.982985286485, 1120.3712862214904
815.5818040370941, 3732.1159485946055, 1110.5433270261992
815.8311364650726, 3732.1159485946055, 1110.5433270261992
816.3298003673553, 3732.1159485946055, 1110.5433270261992
816.8414301872253, 3732.1159485946055, 1110.5433270261992
817.3261325359344, 3732.1159485946055, 1110.5433270261992
817.8088400363922, 3732.1159485946055, 1110.5433270261992
818.3404169082642, 3732.1159485946055, 1110.5433270261992
818.8380851745605, 3732.1159485946055, 1110.5433270261992
819.3287703990936, 3732.1159485946055, 1110.5433270261992
820.1166615486145, 3537.564778611425, 1104.0518832093137
820.827757358551, 3537.564778611425, 1104.0518832093137
821.5777485370636, 560.4751916404929, 1109.975559179838
821.8360579013824, 560.4751916404929, 1109.975559179838
822.3217568397522, 560.4751916404929, 1109.975559179838
822.8423628807068, 560.4751916404929, 1109.975559179838
823.3240723609924, 560.4751916404929, 1109.975559179838
824.0660879611969, 3527.8363031026083, 1102.713108327075
824.3164167404175, 3527.8363031026083, 1102.713108327075
824.8300402164459, 3527.8363031026083, 1102.713108327075
825.6009764671326, 3526.722190285872, 1100.5534901295
825.8373429775238, 3526.722190285872, 1100.5534901295
826.3040933609009, 3526.722190285872, 1100.5534901295
826.8326785564423, 3526.722190285872, 1100.5534901295
827.3253600597382, 3526.722190285872, 1100.5534901295
828.3127155303955, 2060.9803621304054, 504.5517783314689
829.0567228794098, 3419.7904129287745, 1107.9030390986877
829.3349785804749, 3419.7904129287745, 1107.9030390986877
830.267481803894, 3782.824280261468, 320.1584008841079
831.2299041748047, 2079.330869607058, 207.64120474208966
832.205292224884, 1264.5210082429317, 224.8275044567306
833.203619480133, 1875.3126316863597, 194.03693244288314
834.293699502945, 1892.1099028021413, -20.603810780045336
835.0087854862213, 1892.1099028021413, -20.603810780045336
835.5204153060913, 1892.1099028021413, -20.603810780045336
836.035037279129, 1892.1099028021413, -20.603810780045336
836.5157504081726, 1892.1099028021413, -20.603810780045336
837.1949315071106, 2119.0726027018864, 66.60817303488076
837.9179968833923, 2119.0726027018864, 66.60817303488076
838.4296269416809, 2119.0726027018864, 66.60817303488076
838.9173202514648, 2119.0726027018864, 66.60817303488076
839.4299476146698, 2119.0726027018864, 66.60817303488076
839.9196357727051, 2119.0726027018864, 66.60817303488076
840.7224860191345, 2868.887827358151, 300.3760450680798
841.5482757091522, 3393.40239273507, 1104.2944105008232
841.8404922485352, 3393.40239273507, 1104.2944105008232
842.5416152477264, 3397.6726656020614, 1106.766370359307
842.837822675705, 3397.6726656020614, 1106.766370359307
843.5898087024689, 3398.376165244669, 1110.0064803509495
843.8221862316132, 3398.376165244669, 1110.0064803509495
844.315865278244, 3398.376165244669, 1110.0064803509495
844.8354735374451, 3398.376165244669, 1110.0064803509495
845.3600687980652, 3398.376165244669, 1110.0064803509495
845.8397846221924, 3398.376165244669, 1110.0064803509495
846.325484752655, 3398.376165244669, 1110.0064803509495
846.8131775856018, 3398.376165244669, 1110.0064803509495
847.3407649993896, 3398.376165244669, 1110.0064803509495
848.0708107948303, 3397.4450048198187, 1105.3114113733002
848.3211405277252, 3397.4450048198187, 1105.3114113733002
848.8058431148529, 3397.4450048198187, 1105.3114113733002
849.3264474868774, 3397.4450048198187, 1105.3114113733002
849.8191289901733, 3397.4450048198187, 1105.3114113733002
850.3327538967133, 3397.4450048198187, 1105.3114113733002
850.8184530735016, 3397.4450048198187, 1105.3114113733002
851.3240985870361, 3397.4450048198187, 1105.3114113733002
851.826753616333, 3397.4450048198187, 1105.3114113733002
852.337385892868, 3397.4450048198187, 1105.3114113733002
852.8190968036652, 3397.4450048198187, 1105.3114113733002
853.5810565948486, 3420.3853819479727, 1107.9742619711806
853.829391002655, 3420.3853819479727, 1107.9742619711806
854.5604329109192, 3419.285303144971, 1105.754866826385
854.8356964588165, 3419.285303144971, 1105.754866826385
855.5707280635834, 3417.8742649910864, 1110.447145033711
855.8370144367218, 3417.8742649910864, 1110.447145033711
856.3177280426025, 3417.8742649910864, 1110.447145033711
856.8313536643982, 3417.8742649910864, 1110.447145033711
857.571371793747, 3417.716952005336, 1106.7309304411592
857.8276846408844, 3417.716952005336, 1106.7309304411592
858.5766794681549, 3416.500161312832, 1109.7309833598347
858.8250143527985, 3416.500161312832, 1109.7309833598347
859.3186948299408, 3416.500161312832, 1109.7309833598347
860.0507328510284, 3419.080278729501, 1106.5466174919206
860.3269920349121, 3419.080278729501, 1106.5466174919206
860.8366277217865, 3419.080278729501, 1106.5466174919206
861.5517137050629, 3418.6278516802467, 1104.4448833189235
861.8249821662903, 3418.6278516802467, 1104.4448833189235
862.3176624774933, 3418.6278516802467, 1104.4448833189235
862.8312890529633, 3418.6278516802467, 1104.4448833189235
863.5862650871277, 3415.027145424795, 1108.300792635364
864.0929083824158, 3415.5113665464423, 1106.5866992945494
864.3432381153107, 3415.5113665464423, 1106.5866992945494
864.8259465694427, 3415.5113665464423, 1106.5866992945494
865.338573217392, 3415.5113665464423, 1106.5866992945494
866.0875675678253, 3410.3061256771684, 1107.5235791686573
866.3359026908875, 3410.3061256771684, 1107.5235791686573
866.8226006031036, 3410.3061256771684, 1107.5235791686573
867.3192698955536, 3410.3061256771684, 1107.5235791686573
867.8059666156769, 3410.3061256771684, 1107.5235791686573
868.5489776134491, 3423.1349145272347, 1108.3791245645914
868.8322186470032, 3423.1349145272347, 1108.3791245645914
869.3239023685455, 3423.1349145272347, 1108.3791245645914
870.0499575138092, 3418.478836519768, 1112.383223125507
870.3312048912048, 3418.478836519768, 1112.383223125507
871.0692291259766, 3415.7633399998795, 1112.56598565328
871.5629086494446, 3419.0263089792884, 1109.2312967001508
871.822212934494, 3419.0263089792884, 1109.2312967001508
872.5761935710907, 3416.419428646155, 1110.3687502876214
872.8225347995758, 3416.419428646155, 1110.3687502876214
873.3182075023651, 3416.419428646155, 1110.3687502876214
873.8428025245667, 3416.419428646155, 1110.3687502876214
874.5249760150909, 3416.2358495372905, 1108.2969740156832
874.8351449966431, 3416.2358495372905, 1108.2969740156832
875.3268280029297, 3416.2358495372905, 1108.2969740156832
875.8294823169708, 3416.2358495372905, 1108.2969740156832
876.3171782493591, 3416.2358495372905, 1108.2969740156832
876.8218257427216, 3416.2358495372905, 1108.2969740156832
877.3175003528595, 3416.2358495372905, 1108.2969740156832
877.8331174850464, 3416.2358495372905, 1108.2969740156832
878.3437497615814, 3416.2358495372905, 1108.2969740156832
879.091747045517, 3416.7819049218174, 1110.6523548087468
879.3540470600128, 3416.7819049218174, 1110.6523548087468
880.0980525016785, 3417.8367527104856, 1109.893227555207
880.3832900524139, 3417.8367527104856, 1109.893227555207
880.8191215991974, 3417.8367527104856, 1109.893227555207
881.3497023582458, 3417.8367527104856, 1109.893227555207
881.8244304656982, 3417.8367527104856, 1109.893227555207
882.3420469760895, 3417.8367527104856, 1109.893227555207
882.8536748886108, 3417.8367527104856, 1109.893227555207
883.3553314208984, 3417.8367527104856, 1109.893227555207
883.8390357494354, 3417.8367527104856, 1109.893227555207
884.6049847602844, 3416.2216579541, 1107.6242282392284
884.8573091030121, 3416.2216579541, 1107.6242282392284
885.3280501365662, 3416.2216579541, 1107.6242282392284
885.8376848697662, 3416.2216579541, 1107.6242282392284
886.550775051117, 3415.722855914806, 1108.0574143492572
886.829029083252, 3415.722855914806, 1108.0574143492572
887.3207137584686, 3415.722855914806, 1108.0574143492572
887.860268831253, 3415.722855914806, 1108.0574143492572
888.6032791137695, 3420.7548741033847, 1107.9179105244434
888.8446321487427, 3420.7548741033847, 1107.9179105244434
889.3333246707916, 3420.7548741033847, 1107.9179105244434
889.8399679660797, 3420.7548741033847, 1107.9179105244434
890.3246695995331, 3420.7548741033847, 1107.9179105244434
890.8343050479889, 3420.7548741033847, 1107.9179105244434
891.3449385166168, 3420.7548741033847, 1107.9179105244434
892.0540392398834, 3415.09648626757, 1106.8478335411828
892.331297159195, 3415.09648626757, 1106.8478335411828
892.8150022029877, 3415.09648626757, 1106.8478335411828
893.3376023769379, 3415.09648626757, 1106.8478335411828
893.7963743209839, 3415.09648626757, 1106.8478335411828
894.3249580860138, 3415.09648626757, 1106.8478335411828
894.8196341991425, 3415.09648626757, 1106.8478335411828
895.5696251392365, 3420.77150154156, 1112.1721147354378
895.8259394168854, 3420.77150154156, 1112.1721147354378
896.5898950099945, 3424.1487661860706, 1109.2089579209053
896.827258348465, 3424.1487661860706, 1109.2089579209053
897.5952022075653, 3414.5152725394814, 1104.9004542444086
897.8315699100494, 3414.5152725394814, 1104.9004542444086
898.5905365943909, 3416.294969946541, 1105.427556393907
898.8348824977875, 3416.294969946541, 1105.427556393907
899.6118018627167, 3416.454683708973, 1107.6765117657233
899.8332092761993, 3416.454683708973, 1107.6765117657233
900.3089356422424, 3416.454683708973, 1107.6765117657233
900.8395159244537, 3416.454683708973, 1107.6765117657233
901.316239118576, 3416.454683708973, 1107.6765117657233
901.8288662433624, 3416.454683708973, 1107.6765117657233
902.3145651817322, 3416.454683708973, 1107.6765117657233
902.8361685276031, 3416.454683708973, 1107.6765117657233
903.3178791999817, 3416.454683708973, 1107.6765117657233
903.8364901542664, 3416.454683708973, 1107.6765117657233
904.5386106967926, 3414.2686309171477, 1103.8954219735924
904.8447916507721, 3414.2686309171477, 1103.8954219735924
905.325502872467, 3414.2686309171477, 1103.8954219735924
906.058541059494, 3417.660089713515, 1109.761916965059
906.3308112621307, 3417.660089713515, 1109.761916965059
906.8085334300995, 3417.660089713515, 1109.761916965059
907.5335915088654, 3410.6748715835993, 1108.634112092638
908.0741429328918, 3413.3776373005976, 1106.4627943265398
908.3344459533691, 3413.3776373005976, 1106.4627943265398
908.8101732730865, 3413.3776373005976, 1106.4627943265398
909.3307793140411, 3413.3776373005976, 1106.4627943265398
909.8374226093292, 3413.3776373005976, 1106.4627943265398
910.3430678844452, 3413.3776373005976, 1106.4627943265398
910.8287680149078, 3413.3776373005976, 1106.4627943265398
911.3214480876923, 3413.3776373005976, 1106.4627943265398
911.8191163539886, 3413.3776373005976, 1106.4627943265398
912.3387246131897, 3413.3776373005976, 1106.4627943265398
912.8244245052338, 3413.3776373005976, 1106.4627943265398
913.3171055316925, 3413.3776373005976, 1106.4627943265398
913.8217532634735, 3413.3776373005976, 1106.4627943265398
914.5428230762482, 3415.4200362314646, 1109.477519316738
914.8250670433044, 3415.4200362314646, 1109.477519316738
915.322735786438, 3415.4200362314646, 1109.477519316738
915.8204023838043, 3415.4200362314646, 1109.477519316738
916.3220584392548, 3415.4200362314646, 1109.477519316738
917.0860140323639, 3414.9375028456, 1110.7080622020067
917.3084180355072, 3414.9375028456, 1110.7080622020067
917.8360056877136, 3414.9375028456, 1110.7080622020067
918.726619720459, 2277.79509844224, 88.36231654779252
919.4177691936493, 2277.79509844224, 88.36231654779252
919.973281621933, 2277.79509844224, 88.36231654779252
920.4559886455536, 2277.79509844224, 88.36231654779252
921.1371655464172, -122471.77095294009, 16.126691121897093
921.9350292682648, -122471.77095294009, 16.126691121897093
922.5972566604614, -122.00235441693994, 106.634920509615
923.122848033905, 2062.8587753108395, 347.3058602433808
924.2229027748108, 1786.7984809752052, 26.844126067309606
925.0915780067444, 3391.039159253732, 1104.7081446739242
925.324952840805, 3391.039159253732, 1104.7081446739242
925.8246145248413, 3391.039159253732, 1104.7081446739242
926.3272681236267, 3391.039159253732, 1104.7081446739242
926.8269307613373, 3391.039159253732, 1104.7081446739242
927.559966802597, 3394.6102395752528, 1102.288575706828
927.828250169754, 3394.6102395752528, 1102.288575706828
928.3328983783722, 3394.6102395752528, 1102.288575706828
928.8235855102539, 3394.6102395752528, 1102.288575706828
929.5735793113708, 3400.75618875148, 1105.5482594519574
929.8278961181641, 3400.75618875148, 1105.5482594519574
930.5768890380859, 3394.53546565519, 1106.1517782285189
930.8252241611481, 3394.53546565519, 1106.1517782285189
931.3059368133545, 3394.53546565519, 1106.1517782285189
931.8265426158905, 3394.53546565519, 1106.1517782285189
932.3262054920197, 3394.53546565519, 1106.1517782285189
932.8218784332275, 3394.53546565519, 1106.1517782285189
933.2936143875122, 3394.53546565519, 1106.1517782285189
933.8281831741333, 3394.53546565519, 1106.1517782285189
934.3278465270996, 3394.53546565519, 1106.1517782285189
934.8245165348053, 3394.53546565519, 1106.1517782285189
935.3132073879242, 3394.53546565519, 1106.1517782285189
937.3677060604095, 3672.858028862848, -144.10639949908264
938.1147055625916, 1600.82633750663, 238.98123286437075
938.4946880340576, 1600.82633750663, 238.98123286437075
938.9843776226044, 1600.82633750663, 238.98123286437075
939.5019924640656, 1600.82633750663, 238.98123286437075
939.9408168792725, 1600.82633750663, 238.98123286437075
940.5033106803894, 1600.82633750663, 238.98123286437075
940.9541049003601, 1600.82633750663, 238.98123286437075
941.4956521987915, 1600.82633750663, 238.98123286437075
941.9574158191681, 1600.82633750663, 238.98123286437075
942.5428493022919, 3405.138542494148, 1110.1794886277062
942.8191092014313, 3405.138542494148, 1110.1794886277062
943.331737279892, 3405.138542494148, 1110.1794886277062
943.8134469985962, 3405.138542494148, 1110.1794886277062
944.5454862117767, 3406.4027140448975, 1110.287955385274
944.8227438926697, 3406.4027140448975, 1110.287955385274
945.5398240089417, 3402.824811908075, 1105.1021087290042
945.8340380191803, 3402.824811908075, 1105.1021087290042
946.3366906642914, 3402.824811908075, 1105.1021087290042
946.8353552818298, 3402.824811908075, 1105.1021087290042
947.3290345668793, 3402.824811908075, 1105.1021087290042
947.8426575660706, 3402.824811908075, 1105.1021087290042
948.3353385925293, 3402.824811908075, 1105.1021087290042
948.8230335712433, 3402.824811908075, 1105.1021087290042
949.3266844749451, 3402.824811908075, 1105.1021087290042
949.8303368091583, 3402.824811908075, 1105.1021087290042
950.3369801044464, 3402.824811908075, 1105.1021087290042
950.8356447219849, 3402.824811908075, 1105.1021087290042
951.3313174247742, 3402.824811908075, 1105.1021087290042
951.8239982128143, 3402.824811908075, 1105.1021087290042
952.3186728954315, 3402.824811908075, 1105.1021087290042
953.0666701793671, 3408.384001767822, 1110.145560618709
953.3349521160126, 3408.384001767822, 1110.145560618709
953.824640750885, 3408.384001767822, 1110.145560618709
954.5546870231628, 3410.0694464856915, 1108.2284720107757
955.0982298851013, 3413.367012002248, 1109.3722408174583
955.3445706367493, 3413.367012002248, 1109.3722408174583
956.0885787010193, 3407.456209185125, 1106.8001760207953
956.3339211940765, 3407.456209185125, 1106.8001760207953
957.0619738101959, 3404.645442794757, 1107.349459247889
957.3282585144043, 3404.645442794757, 1107.349459247889
957.8269248008728, 3404.645442794757, 1107.349459247889
958.329577922821, 3404.645442794757, 1107.349459247889
958.8202638626099, 3404.645442794757, 1107.349459247889
959.3259103298187, 3404.645442794757, 1107.349459247889
959.815598487854, 3404.645442794757, 1107.349459247889
960.3322162628174, 3404.645442794757, 1107.349459247889
960.8388590812683, 3404.645442794757, 1107.349459247889
961.5828666687012, 3405.545105522618, 1104.3330119680895
961.8421726226807, 3405.545105522618, 1104.3330119680895
962.5821917057037, 3408.9259061630573, 1106.7520251518556
962.8315243721008, 3408.9259061630573, 1106.7520251518556
963.2982738018036, 3408.9259061630573, 1106.7520251518556
963.8278558254242, 3408.9259061630573, 1106.7520251518556
964.3245272636414, 3408.9259061630573, 1106.7520251518556
965.0416049957275, 3406.7580790722814, 1107.8313886922242
965.3288366794586, 3406.7580790722814, 1107.8313886922242
965.839469909668, 3406.7580790722814, 1107.8313886922242
966.5864689350128, 3407.5747121622735, 1108.5955753913026
967.0671815872192, 3413.349357713049, 1106.7920378560912
967.3374583721161, 3413.349357713049, 1106.7920378560912
967.8381178379059, 3413.349357713049, 1106.7920378560912
968.3268091678619, 3413.349357713049, 1106.7920378560912
969.0668275356293, 3407.284391941601, 1103.7094083078982
969.3191525936127, 3407.284391941601, 1103.7094083078982
970.0741307735443, 3410.4783705893665, 1107.008283769501
970.3254578113556, 3410.4783705893665, 1107.008283769501
970.8251190185547, 3410.4783705893665, 1107.008283769501
971.3287706375122, 3410.4783705893665, 1107.008283769501
972.0887362957001, 3408.8426683774696, 1110.3437786711008
972.3440515995026, 3408.8426683774696, 1110.3437786711008
972.817785024643, 3408.8426683774696, 1110.3437786711008
973.3353979587555, 3408.8426683774696, 1110.3437786711008
973.8300731182098, 3408.8426683774696, 1110.3437786711008
974.3317310810089, 3408.8426683774696, 1110.3437786711008
974.8234133720398, 3408.8426683774696, 1110.3437786711008
975.3280630111694, 3408.8426683774696, 1110.3437786711008
976.0920169353485, 3405.982202401491, 1109.6740736757622
976.3373603820801, 3405.982202401491, 1109.6740736757622
976.8350276947021, 3405.982202401491, 1109.6740736757622
977.3336930274963, 3405.982202401491, 1109.6740736757622
977.8293647766113, 3405.982202401491, 1109.6740736757622
978.3300242424011, 3405.982202401491, 1109.6740736757622
979.070042848587, 3407.815959396831, 1107.953598669141
979.5587332248688, 3408.2939124798786, 1110.3722896059494
979.8260204792023, 3408.2939124798786, 1110.3722896059494
980.5530729293823, 3408.6505472899635, 1110.628624582583
980.8293323516846, 3408.6505472899635, 1110.628624582583
981.3499391078949, 3408.6505472899635, 1110.628624582583
981.8466079235077, 3408.6505472899635, 1110.628624582583
982.3482649326324, 3408.6505472899635, 1110.628624582583
982.831969499588, 3408.6505472899635, 1110.628624582583
983.5899403095245, 3408.258017056983, 1107.604255573506
983.8302962779999, 3408.258017056983, 1107.604255573506
984.3419268131256, 3408.258017056983, 1107.604255573506
985.1048831939697, 3408.0508204650287, 1105.2008943440333
985.3282849788666, 3408.0508204650287, 1105.2008943440333
985.8279478549957, 3408.0508204650287, 1105.2008943440333
986.3276102542877, 3408.0508204650287, 1105.2008943440333
986.839239358902, 3408.0508204650287, 1105.2008943440333
987.3249397277832, 3408.0508204650287, 1105.2008943440333
987.8275935649872, 3408.0508204650287, 1105.2008943440333
988.3212718963623, 3408.0508204650287, 1105.2008943440333
988.8299095630646, 3408.0508204650287, 1105.2008943440333
989.3285737037659, 3408.0508204650287, 1105.2008943440333
990.0426614284515, 3403.974314061973, 1109.7662092374735
990.3219139575958, 3403.974314061973, 1109.7662092374735
991.0549511909485, 3406.6686130731887, 1110.6950967134069
991.3202414512634, 3406.6686130731887, 1110.6950967134069
992.0732252597809, 3409.2379734891, 1109.970383315053
992.3265466690063, 3409.2379734891, 1109.970383315053
992.8252108097076, 3409.2379734891, 1109.970383315053
993.5432877540588, 3409.2367499389425, 1110.0473576610925
993.8275294303894, 3409.2367499389425, 1110.0473576610925
994.3241975307465, 3409.2367499389425, 1110.0473576610925
994.8218655586243, 3409.2367499389425, 1110.0473576610925
995.660619020462, 1491.305358777874, 50.17345438440058
996.4365422725677, 1491.305358777874, 50.17345438440058
996.9312169551849, 1491.305358777874, 50.17345438440058
997.4438443183899, 1491.305358777874, 50.17345438440058
997.9544780254364, 1491.305358777874, 50.17345438440058
998.4341924190521, 1491.305358777874, 50.17345438440058
998.9318611621857, 1491.305358777874, 50.17345438440058
999.4305248260498, 1491.305358777874, 50.17345438440058
999.9301869869232, 1491.305358777874, 50.17345438440058
1000.695139169693, 632.2807369205078, 155.7148265392561
1001.6585593223572, 1807.0123959944242, 390.0035589690578
1002.4065554141998, 1807.0123959944242, 390.0035589690578
1002.9131991863251, 1807.0123959944242, 390.0035589690578
1003.3929147720337, 1807.0123959944242, 390.0035589690578
1003.9045445919037, 1807.0123959944242, 390.0035589690578
1005.7525970935822, 1157.8318875802534, 226.81319056472972
1006.4597029685974, 1157.8318875802534, 226.81319056472972
1006.968341588974, 1157.8318875802534, 226.81319056472972
1007.4590284824371, 1157.8318875802534, 226.81319056472972
1008.2249763011932, 1084.8414172430014, 19.819820121790393
1008.9610059261322, 1084.8414172430014, 19.819820121790393
1009.469645023346, 1084.8414172430014, 19.819820121790393
1009.9832680225372, 1084.8414172430014, 19.819820121790393
1010.4889152050018, 1084.8414172430014, 19.819820121790393
1010.9786036014557, 1084.8414172430014, 19.819820121790393
1011.4742765426636, 1084.8414172430014, 19.819820121790393
1012.163430929184, 1911.3359687350423, 279.1159390671541
1012.9343662261963, 1911.3359687350423, 279.1159390671541
1013.4390153884888, 1911.3359687350423, 279.1159390671541
1013.9546370506287, 1911.3359687350423, 279.1159390671541
1014.4572882652283, 1911.3359687350423, 279.1159390671541
1014.9818847179413, 1911.3359687350423, 279.1159390671541
1015.455616235733, 1911.3359687350423, 279.1159390671541
1015.9293491840363, 1911.3359687350423, 279.1159390671541
1016.4399807453156, 1911.3359687350423, 279.1159390671541
1016.9346554279327, 1911.3359687350423, 279.1159390671541
1017.4403011798859, 1911.3359687350423, 279.1159390671541
1017.9339792728424, 1911.3359687350423, 279.1159390671541
1018.4416198730469, 1911.3359687350423, 279.1159390671541
1018.9303116798401, 1911.3359687350423, 279.1159390671541
1019.437952041626, 1911.3359687350423, 279.1159390671541
1019.9286389350891, 1911.3359687350423, 279.1159390671541
1020.7494418621063, 1511.098871438908, 255.12715745079961
1021.6789507865906, 3391.696139586779, 85.58121471811198
1022.4598608016968, 3391.696139586779, 85.58121471811198
1022.9435658454895, 3391.696139586779, 85.58121471811198
1023.4192922115326, 3391.696139586779, 85.58121471811198
1023.9388999938965, 3391.696139586779, 85.58121471811198
1024.4335770606995, 3391.696139586779, 85.58121471811198
1024.9472002983093, 3391.696139586779, 85.58121471811198
1025.4508531093597, 3391.696139586779, 85.58121471811198
1025.9415378570557, 3391.696139586779, 85.58121471811198
1026.451173067093, 3391.696139586779, 85.58121471811198
1027.1413249969482, 1831.164335627197, 351.64783251877986
1028.4877219200134, -11556.130343818593, 196.0063082275635
1029.1768746376038, 767.4519753930214, 2993.415539795846
1029.9079172611237, 767.4519753930214, 2993.415539795846
1030.4375002384186, 767.4519753930214, 2993.415539795846
1030.9192099571228, 767.4519753930214, 2993.415539795846
1031.41388463974, 767.4519753930214, 2993.415539795846
1031.9205293655396, 767.4519753930214, 2993.415539795846
1032.418196439743, 767.4519753930214, 2993.415539795846
1033.154226064682, 3935.636072128415, 635.7833776391356
1033.9241633415222, 3935.636072128415, 635.7833776391356
1034.6611897945404, 2791.400092404802, 297.01153389056327
1035.9656977653503, 1579.0122905683027, 536.5117777701196
1036.9360992908478, 2945.507100051581, 972.0031816620249
1037.6382186412811, 1535.6639361912785, 1891.3637761186453
1038.7263052463531, 1334.3230033235466, 28359.06633111513
1039.4204471111298, 1334.3230033235466, 28359.06633111513
1039.9689772129059, 1334.3230033235466, 28359.06633111513
1040.445701122284, 1334.3230033235466, 28359.06633111513
1040.958328962326, 1334.3230033235466, 28359.06633111513
1041.454999446869, 1334.3230033235466, 28359.06633111513
1042.178062915802, 3406.613380225826, 209.4737371512123
1042.9400231838226, 3406.613380225826, 209.4737371512123
1043.4446709156036, 3406.613380225826, 209.4737371512123
1045.3595440387726, 2351.18212194073, 574.6693164602984
1046.2222335338593, 1562.8393731644912, 1493.0228193318662
1046.9472918510437, 1562.8393731644912, 1493.0228193318662
1047.4549329280853, 1562.8393731644912, 1493.0228193318662
1047.9406328201294, 1562.8393731644912, 1493.0228193318662
1048.431319475174, 1562.8393731644912, 1493.0228193318662
1049.2610964775085, 3870.4656021480014, 898.7297765022334
1049.9971256256104, 3870.4656021480014, 898.7297765022334
1050.4947936534882, 3870.4656021480014, 898.7297765022334
1050.989470243454, 3870.4656021480014, 898.7297765022334
1051.5030934810638, 3870.4656021480014, 898.7297765022334
1051.9967713356018, 3870.4656021480014, 898.7297765022334
1052.687922000885, 3296.380310144855, 961.5300419417331
1053.439908027649, 3296.380310144855, 961.5300419417331
1053.9425616264343, 3296.380310144855, 961.5300419417331
1054.4402301311493, 3296.380310144855, 961.5300419417331
1054.964823961258, 3296.380310144855, 961.5300419417331
1055.4385559558868, 3296.380310144855, 961.5300419417331
1056.1815667152405, 2373.1298145426017, 1859.176326894767
1056.9175956249237, 2373.1298145426017, 1859.176326894767
1057.4391989707947, 2373.1298145426017, 1859.176326894767
1057.9219062328339, 2373.1298145426017, 1859.176326894767
1058.4335367679596, 2373.1298145426017, 1859.176326894767
1058.936191558838, 2373.1298145426017, 1859.176326894767
1059.4218895435333, 2373.1298145426017, 1859.176326894767
1059.8986144065857, 2373.1298145426017, 1859.176326894767
1060.4451496601105, 2373.1298145426017, 1859.176326894767
1060.9258632659912, 2373.1298145426017, 1859.176326894767
1061.692809343338, 940.1595701734733, 2980.097709254597
1062.3660070896149, 940.1595701734733, 2980.097709254597
1062.9414670467377, 940.1595701734733, 2980.097709254597
1063.5408627986908, 2131.49838970538, 8436.301187868647
1064.173167705536, 731.575207751317, 2657.79030084059
1064.9520823955536, 731.575207751317, 2657.79030084059
1065.4447619915009, 731.575207751317, 2657.79030084059
1066.2186913490295, 288.1947634217233, 1275.2007686231543
1067.1691462993622, 964.3016403636119, 1154.1553365651373
1067.9051752090454, 964.3016403636119, 1154.1553365651373
1068.726974248886, 2491.474668632936, 2762.97901315271
1069.4360756874084, 2491.474668632936, 2762.97901315271
1069.9596738815308, 2491.474668632936, 2762.97901315271
1070.4603328704834, 2491.474668632936, 2762.97901315271
1071.2272791862488, 2126.653159349797, 2506.9817670810817
1071.975276708603, 2126.653159349797, 2506.9817670810817
1072.4789280891418, 2126.653159349797, 2506.9817670810817
1073.0204782485962, 2126.653159349797, 2506.9817670810817
1073.475260734558, 2126.653159349797, 2506.9817670810817
1074.2601583003998, 249.51986243324902, 1577.8027958715418
1075.1437921524048, 1947.0273106689872, 1448.2521444812514
1075.8977732658386, 1947.0273106689872, 1448.2521444812514
1076.4034206867218, 1947.0273106689872, 1448.2521444812514
1078.7451498508453, 381.0130689411511, -890.0710256617342
1079.5120956897736, 381.0130689411511, -890.0710256617342
1080.0187404155731, 381.0130689411511, -890.0710256617342
1080.5233895778656, 381.0130689411511, -890.0710256617342
1081.0041007995605, 381.0130689411511, -890.0710256617342
1081.5147337913513, 381.0130689411511, -890.0710256617342
1082.218847990036, 657.5649119966812, 2586.5073149199056
1083.2740225791931, 3104.2437691179866, 2758.4249710335575
1083.9651730060577, 3104.2437691179866, 2758.4249710335575
1084.5196874141693, 3104.2437691179866, 2758.4249710335575
1084.9814507961273, 3104.2437691179866, 2758.4249710335575
1085.5100367069244, 3104.2437691179866, 2758.4249710335575
1085.9997255802155, 3104.2437691179866, 2758.4249710335575
1086.510356426239, 3104.2437691179866, 2758.4249710335575
1087.0070271492004, 3104.2437691179866, 2758.4249710335575
1087.6702518463135, 2839.0829308868783, 905.357831267541
1088.4232347011566, 2839.0829308868783, 905.357831267541
1089.1522850990295, 1381.8254790946553, 2024.9704638227706
1089.924216747284, 1381.8254790946553, 2024.9704638227706
1090.6991407871246, 1998.1279014903778, 2436.81165170967
1091.7154195308685, 2537.1686283819154, 2875.4947194153037
1092.4384834766388, 2537.1686283819154, 2875.4947194153037
1092.9580941200256, 2537.1686283819154, 2875.4947194153037
1093.4507739543915, 2537.1686283819154, 2875.4947194153037
1094.225698709488, 659.2593364943315, 894.4942470109919
1095.2389850616455, 3988.6780873013477, 331.1715715767573
1096.2093861103058, 203.99999999780604, 1402.3238991503517
1096.9643666744232, 203.99999999780604, 1402.3238991503517
1097.6465389728546, 2004.0305180165128, 1504.919929685012
1098.4154787063599, 2004.0305180165128, 1504.919929685012
1098.9041719436646, 2004.0305180165128, 1504.919929685012
1099.4277694225311, 2004.0305180165128, 1504.919929685012
1099.924438714981, 2004.0305180165128, 1504.919929685012
1100.4410569667816, 2004.0305180165128, 1504.919929685012
1100.9187767505646, 2004.0305180165128, 1504.919929685012
1101.4274144172668, 2004.0305180165128, 1504.919929685012
1102.1764090061188, 1421.5757740383276, 2724.594823643279
1102.9682893753052, 1421.5757740383276, 2724.594823643279
1103.4938821792603, 1421.5757740383276, 2724.594823643279
1103.9965364933014, 1421.5757740383276, 2724.594823643279
1104.7325642108917, 1767.7212793214433, 2037.3846394405612
1113.148031949997, 3310.7310137534505, 1535.1179798294856
1114.4126451015472, 2576.762631380176, 430.47258337184024
1115.4448812007904, 2949.0109654297494, 1776.5090901077292
1116.1569740772247, 2949.0109654297494, 1776.5090901077292
1117.1682660579681, 2949.0109654297494, 1776.5090901077292
1118.161605834961, 2949.0109654297494, 1776.5090901077292
1119.1599342823029, 2949.0109654297494, 1776.5090901077292
1120.2081272602081, 2949.0109654297494, 1776.5090901077292
1121.1895005702972, 2949.0109654297494, 1776.5090901077292
1122.407238483429, 1111.92441307591, 2668.9690865294715
1123.2170701026917, 1111.92441307591, 2668.9690865294715
1124.1655313968658, 1111.92441307591, 2668.9690865294715
1125.1738324165344, 1111.92441307591, 2668.9690865294715
1126.1861226558685, 1111.92441307591, 2668.9690865294715
1127.154529094696, 1111.92441307591, 2668.9690865294715
1128.1817796230316, 3751.7942581466796, 1716.7119564081204
1128.9716639518738, 3751.7942581466796, 1716.7119564081204
1129.4902749061584, 3751.7942581466796, 1716.7119564081204
1130.0208542346954, 3751.7942581466796, 1716.7119564081204
1130.5055558681488, 3751.7942581466796, 1716.7119564081204
1130.9962425231934, 3751.7942581466796, 1716.7119564081204
1131.4749612808228, 3751.7942581466796, 1716.7119564081204
1132.241907119751, 1125.2531267704255, 1507.1098574913683
1132.9470200538635, 1125.2531267704255, 1507.1098574913683
1133.7089796066284, 1758.6984298351458, 774.3030821149613
1134.4649555683136, 1758.6984298351458, 774.3030821149613
1134.9745910167694, 1758.6984298351458, 774.3030821149613
1135.4882154464722, 1758.6984298351458, 774.3030821149613
1135.961947441101, 1758.6984298351458, 774.3030821149613
1136.4655995368958, 1758.6984298351458, 774.3030821149613
1137.2375319004059, 1752.4455088988325, 1759.2546674921805
1137.9825377464294, 1752.4455088988325, 1759.2546674921805
1138.7046048641205, 1157.6412881740396, -12286.774083626544
1139.6829853057861, 2827.3963819640294, 1434.3328287095349
1140.7212052345276, 2175.8854872828033, 1420.383374876702
1141.4911441802979, 2175.8854872828033, 1420.383374876702
1141.9768438339233, 2175.8854872828033, 1420.383374876702
1142.467529296875, 2175.8854872828033, 1420.383374876702
1143.254423379898, 3971.7994522369045, 1211.0525895857504
1143.9894542694092, 3971.7994522369045, 1211.0525895857504
1144.482135772705, 3971.7994522369045, 1211.0525895857504
1144.9987511634827, 3971.7994522369045, 1211.0525895857504
1145.490436553955, 3971.7994522369045, 1211.0525895857504
1145.977133989334, 3971.7994522369045, 1211.0525895857504
1146.7819786071777, 2215.8309125180012, 2924.8454119226863
1147.4870898723602, 2215.8309125180012, 2924.8454119226863
1148.2281057834625, 3336.7397398000116, 634.394644079074
1149.43088555336, 2229.6729626967685, 2095.6082197244414
1150.1230323314667, 2229.6729626967685, 2095.6082197244414
1150.6526138782501, 2229.6729626967685, 2095.6082197244414
1151.1143774986267, 2229.6729626967685, 2095.6082197244414
1151.8095164299011, 1987.5662761554577, 3247.6665850211803
1152.7699451446533, 4227.766551025066, -90482.22523480847
1153.7403466701508, 1767.4937441621566, 903.9248309687623
1154.695788860321, 1216.5034681374248, 521.0559472044232
1157.2150430679321, 2034.898660721116, 2404.539712655799
1157.966034412384, 2034.898660721116, 2404.539712655799
1158.4826493263245, 2034.898660721116, 2404.539712655799
1158.9843065738678, 2034.898660721116, 2404.539712655799
1159.4700062274933, 2034.898660721116, 2404.539712655799
1160.2259817123413, 2245.4580989246942, 1927.8506559985067
1161.2392692565918, 880.069575631691, 20272.994083643014
1161.9972400665283, 880.069575631691, 20272.994083643014
1162.4600007534027, 880.069575631691, 20272.994083643014
1163.2439017295837, 1928.4109986927283, 1979.0194687662947
1164.1644372940063, 2003.2928065698816, 1058.5979127604285
1164.449673652649, 2003.2928065698816, 1058.5979127604285
1164.9443488121033, 2003.2928065698816, 1058.5979127604285
1165.437029838562, 2003.2928065698816, 1058.5979127604285
1165.9386863708496, 2003.2928065698816, 1058.5979127604285
1166.4463272094727, 2003.2928065698816, 1058.5979127604285
1167.197317123413, 3569.3019137747992, 2148.454510728432
1167.9772281646729, 3569.3019137747992, 2148.454510728432
1168.4639251232147, 3569.3019137747992, 2148.454510728432
1168.983533859253, 3569.3019137747992, 2148.454510728432
1169.4772124290466, 3569.3019137747992, 2148.454510728432
1170.2491466999054, 3313.5884194265905, 1635.9634184870376
1170.9851746559143, 3313.5884194265905, 1635.9634184870376
1171.4718730449677, 3313.5884194265905, 1635.9634184870376
1171.9575717449188, 3313.5884194265905, 1635.9634184870376
1172.4711973667145, 3313.5884194265905, 1635.9634184870376
1172.9798352718353, 3313.5884194265905, 1635.9634184870376
1173.8724448680878, 39.55724280443713, 2558.987742306062
1174.624430656433, 39.55724280443713, 2558.987742306062
1175.1230976581573, 39.55724280443713, 2558.987742306062
1175.642704963684, 39.55724280443713, 2558.987742306062
1176.1383776664734, 39.55724280443713, 2558.987742306062
1176.606125831604, 39.55724280443713, 2558.987742306062
1177.115760087967, 39.55724280443713, 2558.987742306062
1177.6064474582672, 39.55724280443713, 2558.987742306062
1178.114087820053, 39.55724280443713, 2558.987742306062
1178.6137504577637, 39.55724280443713, 2558.987742306062
1179.1223874092102, 39.55724280443713, 2558.987742306062
1179.5941245555878, 39.55724280443713, 2558.987742306062
1180.2354090213776, 1591.7471315141286, 2865.0296530973574
1182.18319272995, -5397.107754548675, 4847.670045212081
1182.971084356308, -5397.107754548675, 4847.670045212081
1183.471744298935, -5397.107754548675, 4847.670045212081
1183.976392507553, -5397.107754548675, 4847.670045212081
1184.7732603549957, 3503.0800419185884, 741.2362879536703
1185.5531713962555, 3503.0800419185884, 741.2362879536703
1186.2223789691925, 2494.555024279959, 1962.4697328415077
1186.946439743042, 2494.555024279959, 1962.4697328415077
1187.4620597362518, 2494.555024279959, 1962.4697328415077
1187.9597265720367, 2494.555024279959, 1962.4697328415077
1188.4643759727478, 2494.555024279959, 1962.4697328415077
1188.9580562114716, 2494.555024279959, 1962.4697328415077
1189.7000675201416, 1334.5724414603326, 1196.4733859744401
1190.4989290237427, 1334.5724414603326, 1196.4733859744401
1190.9816360473633, 1334.5724414603326, 1196.4733859744401
1191.4812984466553, 1334.5724414603326, 1196.4733859744401
1191.9769706726074, 1334.5724414603326, 1196.4733859744401
1192.6920568943024, 3689.679041363054, 389.518209189688
1193.4390563964844, 3689.679041363054, 389.518209189688
1193.9437048435211, 3689.679041363054, 389.518209189688
1194.4323961734772, 3689.679041363054, 389.518209189688
1194.9340538978577, 3689.679041363054, 389.518209189688
1195.421748638153, 3689.679041363054, 389.518209189688
1195.944347858429, 3689.679041363054, 389.518209189688
1196.4410192966461, 3689.679041363054, 389.518209189688
1196.93270277977, 3689.679041363054, 389.518209189688
1197.932026386261, 1932.0041835422735, 1662.391631782172
1198.689996957779, 1932.0041835422735, 1662.391631782172
1199.6903188228607, 1932.0041835422735, 1662.391631782172
1200.6726908683777, 1878.5455857002883, 1162.4697582531946
1201.4286649227142, 1878.5455857002883, 1162.4697582531946
1201.9572494029999, 1878.5455857002883, 1162.4697582531946
1202.439956665039, 1878.5455857002883, 1162.4697582531946
1203.2757189273834, 805.9702181912667, 674.6073605725899
1204.00177526474, 805.9702181912667, 674.6073605725899
1204.7288286685944, 1075.58520485852, 286.52151994476844
1205.4768266677856, 1075.58520485852, 286.52151994476844
1206.1909153461456, 1824.247656922616, 1453.6142774149762
1206.9239511489868, 1824.247656922616, 1453.6142774149762
1207.4355816841125, 1824.247656922616, 1453.6142774149762
1207.922278881073, 1824.247656922616, 1453.6142774149762
1208.4369010925293, 1824.247656922616, 1453.6142774149762
1209.291612625122, 2863.0180344072346, 1048.4348279894978
1209.9817640781403, 2863.0180344072346, 1048.4348279894978
1210.4784343242645, 2863.0180344072346, 1048.4348279894978
1210.9591472148895, 2863.0180344072346, 1048.4348279894978
1211.4707770347595, 2863.0180344072346, 1048.4348279894978
1211.967448234558, 2863.0180344072346, 1048.4348279894978
1212.4720964431763, 2863.0180344072346, 1048.4348279894978
1212.9707610607147, 2863.0180344072346, 1048.4348279894978
1213.4504766464233, 2863.0180344072346, 1048.4348279894978
1213.9451529979706, 2863.0180344072346, 1048.4348279894978
1214.424869775772, 2863.0180344072346, 1048.4348279894978
1214.9444766044617, 2863.0180344072346, 1048.4348279894978
1215.4491257667542, 2863.0180344072346, 1048.4348279894978
1221.180780172348, 2987.931686045748, 1593.8881265770435
1221.9547090530396, 2987.931686045748, 1593.8881265770435
1222.479304075241, 2987.931686045748, 1593.8881265770435
1223.2392692565918, 299.54549670744035, 1768.9838272358447
1224.0381293296814, 299.54549670744035, 1768.9838272358447
1224.5427780151367, 299.54549670744035, 1768.9838272358447
1225.0374546051025, 299.54549670744035, 1768.9838272358447
1225.7146413326263, 2175.767748685259, 2255.984893108782
1226.4726114273071, 2175.767748685259, 2255.984893108782
1226.9792547225952, 2175.767748685259, 2255.984893108782
1227.4709384441376, 2175.767748685259, 2255.984893108782
1228.0084986686707, 2175.767748685259, 2255.984893108782
1228.482232093811, 2175.767748685259, 2255.984893108782
1228.9729170799255, 2175.767748685259, 2255.984893108782
1229.466595172882, 2175.767748685259, 2255.984893108782
1229.9712445735931, 2175.767748685259, 2255.984893108782
1230.4748961925507, 2175.767748685259, 2255.984893108782
1231.2388503551483, 2984.9353786265533, 2959.59865545921
1231.9878447055817, 2984.9353786265533, 2959.59865545921
1232.484515428543, 2984.9353786265533, 2959.59865545921
1232.9761986732483, 2984.9353786265533, 2959.59865545921
1233.4938127994537, 2984.9353786265533, 2959.59865545921
1234.2059059143066, 2054.8801610796168, 2791.7039394973513
1234.9379472732544, 2054.8801610796168, 2791.7039394973513
1235.8096117973328, 3698.243373027581, 954.4508021405813
1236.6154556274414, 3698.243373027581, 954.4508021405813
1237.4053401947021, 64.0068472588292, 243.45264310211425
1238.1712896823883, 64.0068472588292, 243.45264310211425
1239.192554473877, 64.0068472588292, 243.45264310211425
1240.1918795108795, 64.0068472588292, 243.45264310211425
1241.2071607112885, 64.0068472588292, 243.45264310211425
1242.1915264129639, 3130.1892942525396, 1761.7467745554504
1242.967447757721, 3130.1892942525396, 1761.7467745554504
1243.466112613678, 3130.1892942525396, 1761.7467745554504
1243.9787395000458, 3130.1892942525396, 1761.7467745554504
1244.475410938263, 3130.1892942525396, 1761.7467745554504
1244.965098619461, 3130.1892942525396, 1761.7467745554504
1245.4577803611755, 3130.1892942525396, 1761.7467745554504
1245.9783856868744, 3130.1892942525396, 1761.7467745554504
1246.4590985774994, 3130.1892942525396, 1761.7467745554504
1246.9677369594574, 3130.1892942525396, 1761.7467745554504
1247.4723858833313, 3130.1892942525396, 1761.7467745554504
1247.9830186367035, 3130.1892942525396, 1761.7467745554504
1248.46173787117, 3130.1892942525396, 1761.7467745554504
1249.259600162506, 55.929882023853544, 2387.615179807455
1249.9916405677795, 55.929882023853544, 2387.615179807455
1250.487315416336, 55.929882023853544, 2387.615179807455
1250.9909648895264, 55.929882023853544, 2387.615179807455
1251.4976086616516, 55.929882023853544, 2387.615179807455
1252.4769866466522, 2836.513283202195, 1534.0012125953679
1253.1910755634308, 2836.513283202195, 1534.0012125953679
1254.1953859329224, 2836.513283202195, 1534.0012125953679
1256.6817278862, 3313.87021245855, 437.9759103190391
1257.7259330749512, 3704.4906130895524, 1542.6827506776003
1258.7102971076965, 1904.5851226774257, 2898.579226496359
1259.4533088207245, 1904.5851226774257, 2898.579226496359
1259.9719195365906, 1904.5851226774257, 2898.579226496359
1260.4616088867188, 1904.5851226774257, 2898.579226496359
1261.3103358745575, 442.68537499359417, 907.1639769017619
1262.0583336353302, 442.68537499359417, 907.1639769017619
1262.746490240097, 1925.9224716164188, 142.22739143053877
1263.4825205802917, 1925.9224716164188, 142.22739143053877
1264.0290567874908, 1925.9224716164188, 142.22739143053877
1264.5027883052826, 1925.9224716164188, 142.22739143053877
1265.0164124965668, 1925.9224716164188, 142.22739143053877
1265.5100910663605, 1925.9224716164188, 142.22739143053877
1266.216200351715, 3208.95266926102, 62.96810707581287
1268.2138526439667, 524.4940246628354, 265.7256219463047
1270.2434179782867, 3350.8341298295645, 473.6778691228388
1270.929580450058, 3350.8341298295645, 473.6778691228388
1271.463152885437, 3350.8341298295645, 473.6778691228388
1272.2271070480347, 357.99693439407594, 1505.8450997379998
1272.9830830097198, 357.99693439407594, 1505.8450997379998
1273.4737696647644, 357.99693439407594, 1505.8450997379998
1274.7214283943176, 333.8837945902568, 1222.7475924563464
1275.4734148979187, 333.8837945902568, 1222.7475924563464
1275.9591147899628, 333.8837945902568, 1222.7475924563464
1276.4368357658386, 333.8837945902568, 1222.7475924563464
1276.9694108963013, 333.8837945902568, 1222.7475924563464
1277.4670786857605, 333.8837945902568, 1222.7475924563464
1277.9597578048706, 333.8837945902568, 1222.7475924563464
1278.4574267864227, 333.8837945902568, 1222.7475924563464
1278.9600818157196, 333.8837945902568, 1222.7475924563464
1279.4617371559143, 333.8837945902568, 1222.7475924563464
1280.2506239414215, 162.49999999999733, 1679.0300173309254
1281.1771438121796, 2587.559139001825, 6526.729057941136
1282.2662272453308, 1334.5196187626718, 993.7105335398679
1283.0012602806091, 1334.5196187626718, 993.7105335398679
1283.544804096222, 1334.5196187626718, 993.7105335398679
1284.1970603466034, 3263.549916496843, 948.015503082082
1284.9640047550201, 3263.549916496843, 948.015503082082
1285.446712732315, 3263.549916496843, 948.015503082082
1285.950364112854, 3263.549916496843, 948.015503082082
1286.7063391208649, 1914.784229183829, 369.20647595468427
1287.6837227344513, 685.967748785199, 834.8110013991804
1288.7568504810333, 2821.000000459007, 2688.885082124582
1289.49587059021, 2821.000000459007, 2688.885082124582
1290.0065052509308, 2821.000000459007, 2688.885082124582
1290.4991855621338, 2821.000000459007, 2688.885082124582
1290.9968519210815, 2821.000000459007, 2688.885082124582
1291.6201829910278, 3415.3827000243987, 1110.303275392568
1291.8844759464264, 3415.3827000243987, 1110.303275392568
1292.3711726665497, 3415.3827000243987, 1110.303275392568
1293.1101939678192, 3410.0468337959, 1115.1814118868808
1293.3704988956451, 3410.0468337959, 1115.1814118868808
1294.126472711563, 3414.719747786184, 1108.60922986524
1294.3698222637177, 3414.719747786184, 1108.60922986524
1295.1058511734009, 3421.3020697488782, 1108.0033898101879
1295.374132156372, 3421.3020697488782, 1108.0033898101879
1296.1091639995575, 3419.7903731635115, 1108.1257257861485
1296.3874206542969, 3419.7903731635115, 1108.1257257861485
1296.8781054019928, 3419.7903731635115, 1108.1257257861485
1297.3847489356995, 3419.7903731635115, 1108.1257257861485
1297.88640666008, 3419.7903731635115, 1108.1257257861485
1298.386067867279, 3419.7903731635115, 1108.1257257861485
1298.8797459602356, 3419.7903731635115, 1108.1257257861485
1299.37242770195, 3419.7903731635115, 1108.1257257861485
1299.8780748844147, 3419.7903731635115, 1108.1257257861485
1300.3946902751923, 3419.7903731635115, 1108.1257257861485
1300.898341178894, 3419.7903731635115, 1108.1257257861485
1301.3930177688599, 3419.7903731635115, 1108.1257257861485
1301.8866956233978, 3419.7903731635115, 1108.1257257861485
1302.3783786296844, 3419.7903731635115, 1108.1257257861485
1302.8989849090576, 3419.7903731635115, 1108.1257257861485
1303.3926627635956, 3419.7903731635115, 1108.1257257861485
1303.9232425689697, 3419.7903731635115, 1108.1257257861485
1304.3830132484436, 3419.7903731635115, 1108.1257257861485
1304.881677865982, 3419.7903731635115, 1108.1257257861485
1305.7473587989807, 1361.4859490992326, 2190.56954697381
1306.4823915958405, 1361.4859490992326, 2190.56954697381
1307.040894985199, 1361.4859490992326, 2190.56954697381
1307.5156247615814, 1361.4859490992326, 2190.56954697381
1307.9973340034485, 1361.4859490992326, 2190.56954697381
1308.7164096832275, 3908.378143605673, 1440.7688358774444
1309.6369452476501, 2344.1032418241816, 1109.4092173159097
1309.9600794315338, 2344.1032418241816, 1109.4092173159097
1310.4677200317383, 2344.1032418241816, 1109.4092173159097
1310.9763586521149, 2344.1032418241816, 1109.4092173159097
1311.477019071579, 2344.1032418241816, 1109.4092173159097
1311.978675365448, 2344.1032418241816, 1109.4092173159097
1312.4743473529816, 2344.1032418241816, 1109.4092173159097
1313.4238059520721, 132.49242719780494, 413.99213879918125
1314.111962556839, 132.49242719780494, 413.99213879918125
1314.6604943275452, 132.49242719780494, 413.99213879918125
1315.1850895881653, 132.49242719780494, 413.99213879918125
1316.1405317783356, 132.49242719780494, 413.99213879918125
1316.6870682239532, 132.49242719780494, 413.99213879918125
1317.6654496192932, 132.49242719780494, 413.99213879918125
1318.1451642513275, 132.49242719780494, 413.99213879918125
1318.6777384281158, 132.49242719780494, 413.99213879918125
1319.1774008274078, 132.49242719780494, 413.99213879918125
1319.6820504665375, 132.49242719780494, 413.99213879918125
1320.2754611968994, 631.9484077414306, 1728.1989666298753
1321.1890153884888, 3431.7925190698893, 1544.7253170328706
1321.8572254180908, 2451.867879060378, 2287.508521780706
1322.5763008594513, 2451.867879060378, 2287.508521780706
1323.0909237861633, 2451.867879060378, 2287.508521780706
1323.573631286621, 2451.867879060378, 2287.508521780706
1324.0942363739014, 2451.867879060378, 2287.508521780706
1324.5729548931122, 2451.867879060378, 2287.508521780706
1325.0815925598145, 2451.867879060378, 2287.508521780706
1325.5373892784119, 2451.867879060378, 2287.508521780706
1326.0888957977295, 2451.867879060378, 2287.508521780706
1326.5765900611877, 2451.867879060378, 2287.508521780706
1327.084230184555, 2451.867879060378, 2287.508521780706
1327.5649449825287, 2451.867879060378, 2287.508521780706
1328.070590019226, 2451.867879060378, 2287.508521780706
1328.5921936035156, 2451.867879060378, 2287.508521780706
1329.0928523540497, 2451.867879060378, 2287.508521780706
1329.5655870437622, 2451.867879060378, 2287.508521780706
1330.2597289085388, 1413.2013801769408, 1711.4875172221077
1331.1603169441223, 3947.77050425888, 122.05962171540558
1331.4445559978485, 3947.77050425888, 122.05962171540558
1332.3032577037811, 2510.044631147089, 1851.3989973020539
1333.0173444747925, 2510.044631147089, 1851.3989973020539
1333.5299725532532, 2510.044631147089, 1851.3989973020539
1334.0076944828033, 2510.044631147089, 1851.3989973020539
1334.7377400398254, 83.30888183745192, 168.63967607027897
1335.7749638557434, 3188.9441832531606, 2046.5922288877337
1336.6625862121582, 3411.752175394237, 1111.358717067986
1336.905933856964, 3411.752175394237, 1111.358717067986
1337.6449551582336, 3409.6238008866644, 1112.672044369008
1337.901269197464, 3409.6238008866644, 1112.672044369008
1338.4039232730865, 3409.6238008866644, 1112.672044369008
1339.1539149284363, 3407.917848035533, 1111.7880659247405
1339.404245853424, 3407.917848035533, 1111.7880659247405
1339.9238541126251, 3407.917848035533, 1111.7880659247405
1340.7626082897186, 2209.0323617262266, 803.7269393014959
1341.49365067482, 2209.0323617262266, 803.7269393014959
1341.9893238544464, 2209.0323617262266, 803.7269393014959
1342.5019512176514, 2209.0323617262266, 803.7269393014959
1343.002610206604, 2209.0323617262266, 803.7269393014959
1343.4903044700623, 2209.0323617262266, 803.7269393014959
1344.1495394706726, 3409.825179867249, 1110.654852514528
1344.4108407497406, 3409.825179867249, 1110.654852514528
1344.9254627227783, 3409.825179867249, 1110.654852514528
1345.41614818573, 3409.825179867249, 1110.654852514528
1345.8998527526855, 3409.825179867249, 1110.654852514528
1346.4104857444763, 3409.825179867249, 1110.654852514528
1346.9101486206055, 3409.825179867249, 1110.654852514528
1347.410807609558, 3409.825179867249, 1110.654852514528
1347.9054834842682, 3409.825179867249, 1110.654852514528
1348.7342646121979, 306.515514790807, 1071.933010516696
1349.5331251621246, 306.515514790807, 1071.933010516696
1350.0307929515839, 306.515514790807, 1071.933010516696
1350.5424237251282, 306.515514790807, 1071.933010516696
1351.0291199684143, 306.515514790807, 1071.933010516696
1351.5287823677063, 306.515514790807, 1071.933010516696
1352.0224602222443, 306.515514790807, 1071.933010516696
1352.503173828125, 306.515514790807, 1071.933010516696
1353.0197911262512, 306.515514790807, 1071.933010516696
1353.5224442481995, 306.515514790807, 1071.933010516696
1354.2315456867218, 3438.5726623955775, 2491.5927047749797
1354.9974946975708, 3438.5726623955775, 2491.5927047749797
1355.5031425952911, 3438.5726623955775, 2491.5927047749797
1356.0087881088257, 3438.5726623955775, 2491.5927047749797
1356.5024654865265, 3438.5726623955775, 2491.5927047749797
1356.994149684906, 3438.5726623955775, 2491.5927047749797
1357.516749382019, 3438.5726623955775, 2491.5927047749797
1358.002448797226, 3438.5726623955775, 2491.5927047749797
1358.5070974826813, 3438.5726623955775, 2491.5927047749797
1359.2760400772095, 2584.3628369480143, 286.54658273845143
1360.0300199985504, 2584.3628369480143, 286.54658273845143
1360.5147228240967, 2584.3628369480143, 286.54658273845143
1361.0283470153809, 2584.3628369480143, 286.54658273845143
1361.5449645519257, 2584.3628369480143, 286.54658273845143
1362.011714220047, 2584.3628369480143, 286.54658273845143
1362.5223474502563, 2584.3628369480143, 286.54658273845143
1363.0250029563904, 2584.3628369480143, 286.54658273845143
1363.522668838501, 2584.3628369480143, 286.54658273845143
1364.0173444747925, 2584.3628369480143, 286.54658273845143
1364.7374184131622, 3457.0966802155426, 646.5018224663056
1365.4874093532562, 3457.0966802155426, 646.5018224663056
1366.0269644260406, 3457.0966802155426, 646.5018224663056
1366.494712114334, 3457.0966802155426, 646.5018224663056
1367.0023531913757, 3457.0966802155426, 646.5018224663056
1367.4581322669983, 3457.0966802155426, 646.5018224663056
1368.2071270942688, 995.6363633350508, 2547.703310842814
1368.9780631065369, 995.6363633350508, 2547.703310842814
1369.4847071170807, 995.6363633350508, 2547.703310842814
1369.9733982086182, 995.6363633350508, 2547.703310842814
1370.4930074214935, 995.6363633350508, 2547.703310842814
1370.9826955795288, 995.6363633350508, 2547.703310842814
1371.4963202476501, 995.6363633350508, 2547.703310842814
1371.994985818863, 995.6363633350508, 2547.703310842814
1372.7998297214508, 3305.0533488607607, 2595.0719491508653
1373.54882478714, 3305.0533488607607, 2595.0719491508653
1374.279867887497, 3101.429037733824, 701.9819767707291
1375.0238766670227, 3101.429037733824, 701.9819767707291
1375.5115711688995, 3101.429037733824, 701.9819767707291
1376.0052473545074, 3101.429037733824, 701.9819767707291
1376.5039138793945, 3101.429037733824, 701.9819767707291
1377.0185358524323, 3101.429037733824, 701.9819767707291
1377.5092208385468, 3101.429037733824, 701.9819767707291
1378.008885383606, 3101.429037733824, 701.9819767707291
1378.5165243148804, 3101.429037733824, 701.9819767707291
1378.9922504425049, 3101.429037733824, 701.9819767707291
1379.5028829574585, 3101.429037733824, 701.9819767707291
1380.002545118332, 3101.429037733824, 701.9819767707291
1380.5052001476288, 3101.429037733824, 701.9819767707291
1381.0108461380005, 3101.429037733824, 701.9819767707291
1381.5035264492035, 3101.429037733824, 701.9819767707291
1382.0161547660828, 3101.429037733824, 701.9819767707291
1382.5178112983704, 3101.429037733824, 701.9819767707291
1383.0244553089142, 3101.429037733824, 701.9819767707291
1383.5141434669495, 3101.429037733824, 701.9819767707291
1384.0177948474884, 3101.429037733824, 701.9819767707291
1384.533414363861, 3101.429037733824, 701.9819767707291
1385.0280900001526, 3101.429037733824, 701.9819767707291
1385.5157854557037, 3101.429037733824, 701.9819767707291
1386.0114569664001, 3101.429037733824, 701.9819767707291
1386.518100976944, 3101.429037733824, 701.9819767707291
1387.025741815567, 3101.429037733824, 701.9819767707291
1387.5224115848541, 3101.429037733824, 701.9819767707291
1388.022073507309, 3101.429037733824, 701.9819767707291
1388.7800462245941, 604.2491843082992, 1765.8841976506937
1389.790339231491, 3249.5994434104227, 2032.679672311443
1390.5403316020966, 3249.5994434104227, 2032.679672311443
1391.0439836978912, 3249.5994434104227, 2032.679672311443
1391.560599565506, 3249.5994434104227, 2032.679672311443
1392.0592648983002, 3249.5994434104227, 2032.679672311443
1392.5509486198425, 3249.5994434104227, 2032.679672311443
1393.0426325798035, 3249.5994434104227, 2032.679672311443
1394.7201402187347, 3652.952931530002, 1007.1076330444738
1395.4721274375916, 3652.952931530002, 1007.1076330444738
1395.9937303066254, 3652.952931530002, 1007.1076330444738
1396.4804272651672, 3652.952931530002, 1007.1076330444738
1397.5475709438324, 3819.602188484279, 2799.2810110229166
1398.311524629593, 3819.602188484279, 2799.2810110229166
1399.3128440380096, 3819.602188484279, 2799.2810110229166
1400.256318807602, 166.56332041051894, 1282.1943652065397
1401.3803081512451, 3828.6953180179607, 709.3072839033272
1402.2160699367523, 1850.5126746719868, 632.5784521389056
1403.2353410720825, 1483.3066389291573, 1356.6818311218658
1403.9763576984406, 1483.3066389291573, 1356.6818311218658
1404.483998298645, 1483.3066389291573, 1356.6818311218658
1405.2449605464935, 79.2099576109634, 1135.5446317061387
1406.012904882431, 79.2099576109634, 1135.5446317061387
1406.5255329608917, 79.2099576109634, 1135.5446317061387
1407.0261926651, 79.2099576109634, 1135.5446317061387
1409.7498989105225, 443.8852651969851, 1222.0192456594189
1410.523827791214, 443.8852651969851, 1222.0192456594189
1411.0125184059143, 443.8852651969851, 1222.0192456594189
1411.527140378952, 443.8852651969851, 1222.0192456594189
1411.996883392334, 443.8852651969851, 1222.0192456594189
1412.8535890579224, 893.9971361143168, 475.53606629360115
1413.5916142463684, 893.9971361143168, 475.53606629360115
1414.0982568264008, 893.9971361143168, 475.53606629360115
1414.5859515666962, 893.9971361143168, 475.53606629360115
1415.083617925644, 893.9971361143168, 475.53606629360115
1415.5822830200195, 893.9971361143168, 475.53606629360115
1416.091919183731, 893.9971361143168, 475.53606629360115
1416.579613685608, 893.9971361143168, 475.53606629360115
1417.1052067279816, 893.9971361143168, 475.53606629360115
1417.5963082313538, 893.9971361143168, 475.53606629360115
1418.0840022563934, 893.9971361143168, 475.53606629360115
1418.5916438102722, 893.9971361143168, 475.53606629360115
1419.0972895622253, 893.9971361143168, 475.53606629360115
1419.5909678936005, 893.9971361143168, 475.53606629360115
1420.2133026123047, 656.7478707242142, 751.1537090408875
1421.0001945495605, 656.7478707242142, 751.1537090408875
1421.4868915081024, 656.7478707242142, 751.1537090408875
1422.225913286209, 2690.7202427617317, 2139.438432759837
1423.0118091106415, 2690.7202427617317, 2139.438432759837
1423.7368659973145, 1610.0712744080158, 1324.0700955249617
1424.4998235702515, 1610.0712744080158, 1324.0700955249617
1424.975549697876, 1610.0712744080158, 1324.0700955249617
1426.3379015922546, 544.9635447004162, 2554.3685686482872
1427.092880487442, 544.9635447004162, 2554.3685686482872
1427.5865578651428, 544.9635447004162, 2554.3685686482872
1428.0892128944397, 544.9635447004162, 2554.3685686482872
1428.5818932056427, 544.9635447004162, 2554.3685686482872
1429.080558538437, 544.9635447004162, 2554.3685686482872
1429.5852065086365, 544.9635447004162, 2554.3685686482872
1430.065919160843, 544.9635447004162, 2554.3685686482872
1430.5875222682953, 544.9635447004162, 2554.3685686482872
1431.0582637786865, 544.9635447004162, 2554.3685686482872
1431.7803292274475, 2326.9149103928307, 786.027347844756
1432.7357697486877, 3934.5477150083225, 1672.594212777122
1433.4757914543152, 3934.5477150083225, 1672.594212777122
1434.0153441429138, 3934.5477150083225, 1672.594212777122
1437.4790711402893, 2516.9483802844957, 1504.9927089545815
1438.3068532943726, 2516.9483802844957, 1504.9927089545815
1439.2144238948822, 986.5993936038219, 2359.7863672007497
1440.2676029205322, 55262.17079252807, 493.2923516897239
1441.2130718231201, 1334.700139542526, 1457.3920444599273
1441.99098944664, 1334.700139542526, 1457.3920444599273
1442.481674671173, 1334.700139542526, 1457.3920444599273
1443.244631767273, 2274.6811467090406, -35418.74516180729
1443.9896376132965, 2274.6811467090406, -35418.74516180729
1444.4922919273376, 2274.6811467090406, -35418.74516180729
1445.0188810825348, 2274.6811467090406, -35418.74516180729
1445.4826402664185, 2274.6811467090406, -35418.74516180729
1445.9813044071198, 2274.6811467090406, -35418.74516180729
1446.4829614162445, 2274.6811467090406, -35418.74516180729
1446.9796316623688, 2274.6811467090406, -35418.74516180729
1447.4773001670837, 2274.6811467090406, -35418.74516180729
1447.9829440116882, 2274.6811467090406, -35418.74516180729
1448.4836049079895, 2274.6811467090406, -35418.74516180729
1448.9922420978546, 2274.6811467090406, -35418.74516180729
1449.4669713974, 2274.6811467090406, -35418.74516180729
1449.9795989990234, 2274.6811467090406, -35418.74516180729
1450.4752717018127, 2274.6811467090406, -35418.74516180729
1453.2029671669006, 3178.9442987866223, 1611.0835474777073
1454.2790863513947, 3789.837407587973, 962.3318247431916
1455.025089263916, 3789.837407587973, 962.3318247431916
1455.524751663208, 3789.837407587973, 962.3318247431916
1464.70716381073, 2482.95642525825, 2330.7847316510065
1465.0283036231995, 2482.95642525825, 2330.7847316510065
1467.1047439575195, 1360.7466540091439, 1493.1036795143812
1467.9524729251862, 1360.7466540091439, 1493.1036795143812
1468.9517977237701, 1368.5165703664047, 1127.002163046541
1469.7406868934631, 1368.5165703664047, 1127.002163046541
1470.7878830432892, 1368.5165703664047, 1127.002163046541
1471.7443199157715, 1368.5165703664047, 1127.002163046541
1472.7576079368591, 1368.5165703664047, 1127.002163046541
1473.7838582992554, 1368.5165703664047, 1127.002163046541
1474.7582514286041, 1368.5165703664047, 1127.002163046541
1475.7545828819275, 1368.5165703664047, 1127.002163046541
1476.7539069652557, 1368.5165703664047, 1127.002163046541
1477.7502386569977, 1368.5165703664047, 1127.002163046541
1478.7445759773254, 1368.5165703664047, 1127.002163046541
1479.8595900535583, 608.9980262162636, 615.9910345194143
1480.607587814331, 608.9980262162636, 615.9910345194143
1481.104258298874, 608.9980262162636, 615.9910345194143
1481.6099033355713, 608.9980262162636, 615.9910345194143
1482.1095662117004, 608.9980262162636, 615.9910345194143
1482.6092286109924, 608.9980262162636, 615.9910345194143
1483.0959255695343, 608.9980262162636, 615.9910345194143
1483.6035661697388, 608.9980262162636, 615.9910345194143
1484.1112082004547, 608.9980262162636, 615.9910345194143
1484.573966741562, 608.9980262162636, 615.9910345194143
1485.098563671112, 608.9980262162636, 615.9910345194143
1485.6101927757263, 608.9980262162636, 615.9910345194143
1486.2933642864227, 3674.5635301002294, 2843.5534159002773
1487.048341035843, 3674.5635301002294, 2843.5534159002773
1487.568948507309, 3674.5635301002294, 2843.5534159002773
1488.0267219543457, 3674.5635301002294, 2843.5534159002773
1488.5702674388885, 3674.5635301002294, 2843.5534159002773
1489.0559663772583, 3674.5635301002294, 2843.5534159002773
1489.5725831985474, 3674.5635301002294, 2843.5534159002773
1490.2487721443176, 2155.919479217561, 2112.2637228155368
1491.2391204833984, 1835.9195789398975, 140.50002080454814
1492.0000824928284, 1835.9195789398975, 140.50002080454814
1492.5037353038788, 1835.9195789398975, 140.50002080454814
1492.9934237003326, 1835.9195789398975, 140.50002080454814
1493.5030589103699, 1835.9195789398975, 140.50002080454814
1494.25803732872, 2793.5125232216687, 2353.2524340978416
1494.994065284729, 2793.5125232216687, 2353.2524340978416
1495.4917333126068, 2793.5125232216687, 2353.2524340978416
1495.9973802566528, 2793.5125232216687, 2353.2524340978416
1496.8002297878265, 3749.8179161510857, 1324.814788852423
1500.430510520935, 2129.2311566283897, 991.210204239047
1501.167536020279, 2129.2311566283897, 991.210204239047
1501.683155298233, 2129.2311566283897, 991.210204239047
1502.1917929649353, 2129.2311566283897, 991.210204239047
1502.701428413391, 2129.2311566283897, 991.210204239047
1503.755606174469, 3829.5240021139425, 1204.0082938256883
1504.5046002864838, 3829.5240021139425, 1204.0082938256883
1505.0112442970276, 3829.5240021139425, 1204.0082938256883
1505.5029277801514, 3829.5240021139425, 1204.0082938256883
1506.0145571231842, 3829.5240021139425, 1204.0082938256883
1506.5132234096527, 3829.5240021139425, 1204.0082938256883
1507.0158758163452, 3829.5240021139425, 1204.0082938256883
1507.5155377388, 3829.5240021139425, 1204.0082938256883
1508.0321555137634, 3829.5240021139425, 1204.0082938256883
1508.530818939209, 3829.5240021139425, 1204.0082938256883
1509.260864496231, 3216.9157033393226, 1446.9619189875964
1509.9929049015045, 3216.9157033393226, 1446.9619189875964
1510.5065290927887, 3216.9157033393226, 1446.9619189875964
1511.008186340332, 3216.9157033393226, 1446.9619189875964
1511.50385928154, 3216.9157033393226, 1446.9619189875964
1512.0015263557434, 3216.9157033393226, 1446.9619189875964
1512.5011880397797, 3216.9157033393226, 1446.9619189875964
1512.9988560676575, 3216.9157033393226, 1446.9619189875964
1513.4875473976135, 3216.9157033393226, 1446.9619189875964
1513.9931936264038, 3216.9157033393226, 1446.9619189875964
1514.8070154190063, 1997.9192589676024, 2368.570359734552
1515.5081369876862, 1997.9192589676024, 2368.570359734552
1516.4725563526154, 42.000395312243086, 7242.109658304238
1517.260445356369, 42.000395312243086, 7242.109658304238
1518.2537851333618, 42.000395312243086, 7242.109658304238
1519.2271802425385, 42.000395312243086, 7242.109658304238
1520.2444548606873, 42.000395312243086, 7242.109658304238
1521.247769832611, 2384.629853579831, -4020.632645839358
1522.2052047252655, 2143.3388779552747, 1457.6056541909068
1522.9332554340363, 2143.3388779552747, 1457.6056541909068
1523.4528651237488, 2143.3388779552747, 1457.6056541909068
1523.9435505867004, 2143.3388779552747, 1457.6056541909068
1524.4481983184814, 2143.3388779552747, 1457.6056541909068
1524.955840587616, 2143.3388779552747, 1457.6056541909068
1525.451512336731, 2143.3388779552747, 1457.6056541909068
1525.9421985149384, 2143.3388779552747, 1457.6056541909068
1526.450835466385, 2143.3388779552747, 1457.6056541909068
1526.949500322342, 2143.3388779552747, 1457.6056541909068
1527.4641234874725, 2143.3388779552747, 1457.6056541909068
1527.9597971439362, 2143.3388779552747, 1457.6056541909068
1528.9591200351715, 2310.3301228241457, 1152.4346938114752
1529.749005317688, 27580.449412963062, 149.6622587451157
1530.473067998886, 27580.449412963062, 149.6622587451157
1530.986691236496, 27580.449412963062, 149.6622587451157
1531.4843592643738, 27580.449412963062, 149.6622587451157
1531.9850175380707, 27580.449412963062, 149.6622587451157
1532.4886705875397, 27580.449412963062, 149.6622587451157
1533.2326776981354, 3666.379342692289, 1522.839887641535
1534.0115926265717, 3666.379342692289, 1522.839887641535
1534.5002839565277, 3666.379342692289, 1522.839887641535
1535.2223498821259, 2518.6564943724156, 143.51053681159186
1535.9593758583069, 2518.6564943724156, 143.51053681159186
1536.4929475784302, 2518.6564943724156, 143.51053681159186
1537.2539093494415, 1754.0838282902782, 1526.9530609158883
1538.2831530570984, 492.2953037041918, 297.1888636774122
1539.0211775302887, 492.2953037041918, 297.1888636774122
1539.501889705658, 492.2953037041918, 297.1888636774122
1540.0105292797089, 492.2953037041918, 297.1888636774122
1540.5161752700806, 492.2953037041918, 297.1888636774122
1541.0098536014557, 492.2953037041918, 297.1888636774122
1541.511512041092, 492.2953037041918, 297.1888636774122
1542.0231401920319, 492.2953037041918, 297.1888636774122
1542.5487325191498, 492.2953037041918, 297.1888636774122
1543.0214674472809, 492.2953037041918, 297.1888636774122
1543.5141475200653, 492.2953037041918, 297.1888636774122
1544.0227847099304, 492.2953037041918, 297.1888636774122
1544.505493402481, 492.2953037041918, 297.1888636774122
1545.2195808887482, 3161.543017029499, 982.7087419895004
1545.9905161857605, 3161.543017029499, 982.7087419895004
1546.4951648712158, 3161.543017029499, 982.7087419895004
1547.4296638965607, 2948.1248249052487, 2545.2866922836647
1548.1816492080688, 2948.1248249052487, 2545.2866922836647
1549.280705690384, 1761.761926533294, 878.5061984754918
1550.3099501132965, 1434.3475429649475, 1392.2465732203038
1551.036006450653, 1434.3475429649475, 1392.2465732203038
1551.534670829773, 1434.3475429649475, 1392.2465732203038
1552.0383236408234, 1434.3475429649475, 1392.2465732203038
1552.5529453754425, 1434.3475429649475, 1392.2465732203038
1553.0346558094025, 1434.3475429649475, 1392.2465732203038
1553.5343170166016, 1434.3475429649475, 1392.2465732203038
1554.0319848060608, 1434.3475429649475, 1392.2465732203038
1554.7021901607513, -443.51633592778387, 1847.688284694938
1556.843456029892, 810.9963221005592, -20779.93742628321
1557.7829422950745, 2704.081658551238, 2790.539861328029
1559.0944290161133, 3992.9185909964767, 1498.4925220657426
1559.8324527740479, 3992.9185909964767, 1498.4925220657426
1560.8098373413086, 3992.9185909964767, 1498.4925220657426
1561.85005068779, 3992.9185909964767, 1498.4925220657426
1562.770586013794, 3591.1790067210613, 1777.721289601423
1563.5145931243896, 3591.1790067210613, 1777.721289601423
1564.2426435947418, 2156.780223954276, 2986.4809439209216
1564.9906418323517, 2156.780223954276, 2986.4809439209216
1565.5062601566315, 2156.780223954276, 2986.4809439209216
1565.9799916744232, 2156.780223954276, 2986.4809439209216
1566.5085763931274, 2156.780223954276, 2986.4809439209216
1566.9783191680908, 2156.780223954276, 2986.4809439209216
1567.4929401874542, 2156.780223954276, 2986.4809439209216
1567.98961186409, 2156.780223954276, 2986.4809439209216
1568.4922649860382, 2156.780223954276, 2986.4809439209216
1568.9979107379913, 2156.780223954276, 2986.4809439209216
1569.7598712444305, 3250.0071263044715, 1490.122697391815
1570.5587327480316, 3250.0071263044715, 1490.122697391815
1571.2817952632904, 1135.8198650909703, 1221.6472304992296
1571.98690867424, 1135.8198650909703, 1221.6472304992296
1573.0211391448975, 1706.0059103823232, 1306.7584772002122
1575.779751777649, 570.796204532307, 2670.983142092565
1578.9432809352875, 2140.4999999983597, 1158.9403886614348
1579.7321691513062, 2140.4999999983597, 1158.9403886614348
1580.7185275554657, 2140.4999999983597, 1158.9403886614348
1581.721841096878, 2140.4999999983597, 1158.9403886614348
1582.7301416397095, 2140.4999999983597, 1158.9403886614348
1583.7284684181213, 2140.4999999983597, 1158.9403886614348
1584.7228071689606, 2140.4999999983597, 1158.9403886614348
1585.7141513824463, 2140.4999999983597, 1158.9403886614348
1586.7254445552826, 2140.4999999983597, 1158.9403886614348
1587.7187831401825, 2140.4999999983597, 1158.9403886614348
1588.7161135673523, 2140.4999999983597, 1158.9403886614348
1589.8201570510864, 391.5821979902721, 1227.2327173085714
1590.727725982666, 2609.335232394076, 2372.3369282935805
1591.4767208099365, 2609.335232394076, 2372.3369282935805
1591.9813702106476, 2609.335232394076, 2372.3369282935805
1592.4750480651855, 2609.335232394076, 2372.3369282935805
1592.9886727333069, 2609.335232394076, 2372.3369282935805
1593.4793589115143, 2609.335232394076, 2372.3369282935805
1593.9860017299652, 2609.335232394076, 2372.3369282935805
1594.6980950832367, -153.6883451786287, -783.5178287629136
1594.9783449172974, -153.6883451786287, -783.5178287629136
1595.4421038627625, -153.6883451786287, -783.5178287629136
1595.9238138198853, -153.6883451786287, -783.5178287629136
1596.782514333725, 239.14724849796661, 585.0375203800787
1597.5125589370728, 239.14724849796661, 585.0375203800787
1598.2366201877594, 1289.1527525459828, 620.8141252273844
1598.9856147766113, 1289.1527525459828, 620.8141252273844
1599.4942531585693, 1289.1527525459828, 620.8141252273844
1599.999899148941, 1289.1527525459828, 620.8141252273844
1600.4995641708374, 1289.1527525459828, 620.8141252273844
1600.992241859436, 1289.1527525459828, 620.8141252273844
1601.491904258728, 1289.1527525459828, 620.8141252273844
1602.2279331684113, 584.1267522429524, 18174.496039112906
1603.0098402500153, 584.1267522429524, 18174.496039112906
1603.7339007854462, 2664.3538831808673, -23056.11136042602
1604.5088274478912, 2664.3538831808673, -23056.11136042602
1605.0184617042542, 2664.3538831808673, -23056.11136042602
1605.501169204712, 2664.3538831808673, -23056.11136042602
1605.9938492774963, 2664.3538831808673, -23056.11136042602
1606.48952293396, 2664.3538831808673, -23056.11136042602
1606.9851944446564, 2664.3538831808673, -23056.11136042602
1607.496824979782, 2664.3538831808673, -23056.11136042602
1607.993495464325, 2664.3538831808673, -23056.11136042602
1608.5001382827759, 2664.3538831808673, -23056.11136042602
1608.9898281097412, 2664.3538831808673, -23056.11136042602
1609.4974689483643, 2664.3538831808673, -23056.11136042602
1610.3073008060455, 1359.6927187071126, 1476.1569605500586
1611.0173983573914, 1359.6927187071126, 1476.1569605500586
1611.5330173969269, 1359.6927187071126, 1476.1569605500586
1612.0087447166443, 1359.6927187071126, 1476.1569605500586
1612.4964382648468, 1359.6927187071126, 1476.1569605500586
1612.9961009025574, 1359.6927187071126, 1476.1569605500586
1613.4917731285095, 1359.6927187071126, 1476.1569605500586
1614.000411272049, 1359.6927187071126, 1476.1569605500586
1614.4831190109253, 1359.6927187071126, 1476.1569605500586
1614.9997351169586, 1359.6927187071126, 1476.1569605500586
1615.5023894309998, 1359.6927187071126, 1476.1569605500586
1615.9980628490448, 1359.6927187071126, 1476.1569605500586
1616.4977235794067, 1359.6927187071126, 1476.1569605500586
1616.98442029953, 1359.6927187071126, 1476.1569605500586
1617.5110111236572, 1359.6927187071126, 1476.1569605500586
1618.0046894550323, 1359.6927187071126, 1476.1569605500586
1618.9950397014618, 1925.0270747227778, 1085.997156092034
1619.7659747600555, 1925.0270747227778, 1085.997156092034
1620.745350599289, 1925.0270747227778, 1085.997156092034
1621.750658750534, 1925.0270747227778, 1085.997156092034
1622.7818975448608, 1925.0270747227778, 1085.997156092034
1623.7144000530243, 1925.0270747227778, 1085.997156092034
1624.7476336956024, 1925.0270747227778, 1085.997156092034
1625.7280097007751, 1925.0270747227778, 1085.997156092034
1626.7502708435059, 1925.0270747227778, 1085.997156092034
1627.7416174411774, 1925.0270747227778, 1085.997156092034
1628.7339599132538, 1925.0270747227778, 1085.997156092034
1629.7332842350006, 1925.0270747227778, 1085.997156092034
1630.695707321167, 3622.4592613148834, 1152.7098908537962
1630.9909179210663, 3622.4592613148834, 1152.7098908537962
1631.4686374664307, 3622.4592613148834, 1152.7098908537962
1631.96231508255, 3622.4592613148834, 1152.7098908537962
1632.710312128067, 3010.6226041860064, 802.990671637567
1633.7305810451508, 3651.0574628869545, -2190.5756776843564
1634.4696018695831, 3651.0574628869545, -2190.5756776843564
1635.0041699409485, 3651.0574628869545, -2190.5756776843564
1635.476904630661, 3651.0574628869545, -2190.5756776843564
1636.2308866977692, 2065.2726076335625, 1363.87356340102
1636.9978325366974, 2065.2726076335625, 1363.87356340102
1637.4815373420715, 2065.2726076335625, 1363.87356340102
1638.0001485347748, 2065.2726076335625, 1363.87356340102
1638.4878425598145, 2065.2726076335625, 1363.87356340102
1638.9775326251984, 2065.2726076335625, 1363.87356340102
1639.4831774234772, 2065.2726076335625, 1363.87356340102
1639.9948077201843, 2065.2726076335625, 1363.87356340102
1640.492475271225, 2065.2726076335625, 1363.87356340102
1641.2035710811615, 2967.6940084177572, 1499.5645142145174
1642.19491648674, 2714.3235125704896, 1135.43934049771
1642.47815990448, 2714.3235125704896, 1135.43934049771
1643.2869923114777, 3764.5244984685587, 546.898387950751
1644.206530570984, 2142.0319412537824, 1004.8247515930263
1645.011374950409, 2142.0319412537824, 1004.8247515930263
1645.6965401172638, 2154.3400646045666, 1057.1509552526152
1646.493407011032, 458.3448644644154, 713.0048725505417
1647.2304337024689, 458.3448644644154, 713.0048725505417
1648.2546906471252, 458.3448644644154, 713.0048725505417
1649.225091934204, 458.3448644644154, 713.0048725505417
1650.208458662033, 458.3448644644154, 713.0048725505417
1651.2367062568665, 458.3448644644154, 713.0048725505417
1652.2460038661957, 458.3448644644154, 713.0048725505417
1653.2074308395386, 458.3448644644154, 713.0048725505417
1654.2286942005157, 458.3448644644154, 713.0048725505417
1655.225026845932, 458.3448644644154, 713.0048725505417
1656.2393131256104, 458.3448644644154, 713.0048725505417
1657.2266669273376, 458.3448644644154, 713.0048725505417
1658.264886856079, 3874.006324552802, 2933.617062972078
1659.2312986850739, 1910.6523826714504, 408.8515574474296
1659.989269733429, 1910.6523826714504, 408.8515574474296
1660.707347869873, 2219.492519696752, 1279.5400769193063
1661.48725938797, 2219.492519696752, 1279.5400769193063
1662.2173035144806, 2524.1940097413913, 1258.9669076734067
1665.7079577445984, 3956.373495024567, 2163.2660587558576
1666.7092764377594, 3858.474068951298, 1474.7393330218995
1667.7185735702515, 3256.5487013211696, 1002.9867260012587
1668.7996788024902, 45.30858170682628, 1391.3460317658169
1669.5087807178497, 45.30858170682628, 1391.3460317658169
1670.081247329712, 45.30858170682628, 1391.3460317658169
1670.5549783706665, 45.30858170682628, 1391.3460317658169
1671.06760597229, 45.30858170682628, 1391.3460317658169
1671.5483195781708, 45.30858170682628, 1391.3460317658169
1672.04399228096, 45.30858170682628, 1391.3460317658169
1672.5616064071655, 45.30858170682628, 1391.3460317658169
1673.0512955188751, 45.30858170682628, 1391.3460317658169
1673.573895931244, 45.30858170682628, 1391.3460317658169
1674.0396478176117, 45.30858170682628, 1391.3460317658169
1674.5423018932343, 45.30858170682628, 1391.3460317658169
1675.035980939865, 45.30858170682628, 1391.3460317658169
1675.7989382743835, 3844.983318789808, 979.7456693704775
1676.7803092002869, 6239.694167282565, 2787.0018309087145
1677.7606859207153, 3755.9505091948945, 1187.1597655476355
1678.497712135315, 3755.9505091948945, 1187.1597655476355
1678.994381904602, 3755.9505091948945, 1187.1597655476355
1679.7324047088623, 2784.591784119031, 2054.7139692888795
1680.497356891632, 2784.591784119031, 2054.7139692888795
1680.9980156421661, 2784.591784119031, 2054.7139692888795
1681.7529940605164, 3086.667852799855, 2226.7506403314133
1682.4979996681213, 3086.667852799855, 2226.7506403314133
1683.2589633464813, 2224.3605793065267, 2420.8995087693615
1684.2114114761353, 3156.540054779433, 1457.4397675048326
1684.9813504219055, 3156.540054779433, 1457.4397675048326
1685.493978023529, 3156.540054779433, 1457.4397675048326
1685.980674982071, 3156.540054779433, 1457.4397675048326
1686.4763479232788, 3156.540054779433, 1457.4397675048326
1686.996953010559, 3156.540054779433, 1457.4397675048326
1687.4826526641846, 3156.540054779433, 1457.4397675048326
1687.9773285388947, 3156.540054779433, 1457.4397675048326
1688.48397231102, 3156.540054779433, 1457.4397675048326
1688.9816393852234, 3156.540054779433, 1457.4397675048326
1689.4803049564362, 3156.540054779433, 1457.4397675048326
1689.9809625148773, 3156.540054779433, 1457.4397675048326
1690.4756393432617, 3156.540054779433, 1457.4397675048326
1690.9772951602936, 3156.540054779433, 1457.4397675048326
1691.4959065914154, 3156.540054779433, 1457.4397675048326
1691.9826033115387, 3156.540054779433, 1457.4397675048326
1694.7063097953796, 395.99995888851447, 1169.0542734635617
1695.4872200489044, 395.99995888851447, 1169.0542734635617
1695.9888763427734, 395.99995888851447, 1169.0542734635617
1696.4845490455627, 395.99995888851447, 1169.0542734635617
1697.19664144516, -531.7506798985314, 338.13520539388446
1698.2498219013214, 1044.0473973459864, 1290.3355910141202
1699.3568589687347, 242.28981132611054, 534.5866494743731
1700.0898962020874, 242.28981132611054, 534.5866494743731
1700.7212042808533, -1770.837870879481, 870.1820912069848
1701.4692018032074, -1770.837870879481, 870.1820912069848
1701.9768435955048, -1770.837870879481, 870.1820912069848
1702.4605486392975, -1770.837870879481, 870.1820912069848
1702.974172592163, -1770.837870879481, 870.1820912069848
1703.4628653526306, -1770.837870879481, 870.1820912069848
1703.9834706783295, -1770.837870879481, 870.1820912069848
1704.4871203899384, -1770.837870879481, 870.1820912069848
1704.968831062317, -1770.837870879481, 870.1820912069848
1705.754726409912, 750.8395532754025, 1999.3520804781526
1706.9604995250702, 1672.6592363363623, 1255.1931836395647
1707.6935353279114, 1672.6592363363623, 1255.1931836395647
1708.2320930957794, 1672.6592363363623, 1255.1931836395647
1709.1755678653717, 1672.6592363363623, 1255.1931836395647
1709.6941785812378, 1672.6592363363623, 1255.1931836395647
1710.2137870788574, 1672.6592363363623, 1255.1931836395647
1711.1991493701935, 1672.6592363363623, 1255.1931836395647
1712.1825156211853, 1672.6592363363623, 1255.1931836395647
1712.7300519943237, 1672.6592363363623, 1255.1931836395647
1713.7054371833801, 1672.6592363363623, 1255.1931836395647
1714.2330248355865, 1672.6592363363623, 1255.1931836395647
1715.1894643306732, 1672.6592363363623, 1255.1931836395647
1715.710072517395, 1672.6592363363623, 1255.1931836395647
1716.7881827354431, 3377.1332901663436, 1424.9315866514753
1717.4962871074677, 3377.1332901663436, 1424.9315866514753
1718.0148990154266, 3377.1332901663436, 1424.9315866514753
1718.5005979537964, 3377.1332901663436, 1424.9315866514753
1719.0132257938385, 3377.1332901663436, 1424.9315866514753
1719.512887954712, 3377.1332901663436, 1424.9315866514753
1719.9995856285095, 3377.1332901663436, 1424.9315866514753
1720.4962549209595, 3377.1332901663436, 1424.9315866514753
1721.0028991699219, 3377.1332901663436, 1424.9315866514753
1721.5145280361176, 3377.1332901663436, 1424.9315866514753
1722.0221691131592, 3377.1332901663436, 1424.9315866514753
1722.5248246192932, 3377.1332901663436, 1424.9315866514753
1722.9975566864014, 3377.1332901663436, 1424.9315866514753
1723.7295973300934, 2098.0332511747333, 188.48656197633528
1724.5254678726196, 2098.0332511747333, 188.48656197633528
1725.0151555538177, 2098.0332511747333, 188.48656197633528
1725.5098326206207, 2098.0332511747333, 188.48656197633528
1726.0154778957367, 2098.0332511747333, 188.48656197633528
1726.8243119716644, 1441.9606075036966, 1486.096253236939
1727.5354075431824, 1441.9606075036966, 1486.096253236939
1728.0250971317291, 1441.9606075036966, 1486.096253236939
1728.5177781581879, 1441.9606075036966, 1486.096253236939
1729.0324003696442, 1441.9606075036966, 1486.096253236939
1729.5480198860168, 1441.9606075036966, 1486.096253236939
1730.0397033691406, 1441.9606075036966, 1486.096253236939
1730.5214130878448, 1441.9606075036966, 1486.096253236939
1731.0340402126312, 1441.9606075036966, 1486.096253236939
1731.546668291092, 1441.9606075036966, 1486.096253236939
1732.0273809432983, 1441.9606075036966, 1486.096253236939
1732.5220561027527, 1441.9606075036966, 1486.096253236939
1733.0316922664642, 1441.9606075036966, 1486.096253236939
1733.527364730835, 1441.9606075036966, 1486.096253236939
1734.2793517112732, 2509.2263305375513, 995.8073898383931
1735.0133860111237, 2509.2263305375513, 995.8073898383931
1735.544962644577, 2509.2263305375513, 995.8073898383931
1736.0246803760529, 2509.2263305375513, 995.8073898383931
1736.5572533607483, 2509.2263305375513, 995.8073898383931
1737.029986858368, 2509.2263305375513, 995.8073898383931
1737.5406203269958, 2509.2263305375513, 995.8073898383931
1738.0233271121979, 2509.2263305375513, 995.8073898383931
1738.5399446487427, 2509.2263305375513, 995.8073898383931
1739.003702878952, 2509.2263305375513, 995.8073898383931
1739.5681903362274, 2509.2263305375513, 995.8073898383931
1740.0728406906128, 2509.2263305375513, 995.8073898383931
1740.5535519123077, 2509.2263305375513, 995.8073898383931
1741.0522181987762, 2509.2263305375513, 995.8073898383931
1741.5458953380585, 2509.2263305375513, 995.8073898383931
1742.0485503673553, 2509.2263305375513, 995.8073898383931
1742.564169883728, 2509.2263305375513, 995.8073898383931
1743.043885231018, 2509.2263305375513, 995.8073898383931
1743.518614768982, 2509.2263305375513, 995.8073898383931
1744.0132892131805, 2509.2263305375513, 995.8073898383931
1744.525916814804, 2509.2263305375513, 995.8073898383931
1745.2140753269196, 1015.2197257407283, 3240.714804861349
1745.982017993927, 1015.2197257407283, 3240.714804861349
1746.4756963253021, 1015.2197257407283, 3240.714804861349
1747.2396516799927, 3231.2858116685825, 1707.7804076834873
1747.9826617240906, 3231.2858116685825, 1707.7804076834873
1748.4873101711273, 3231.2858116685825, 1707.7804076834873
1748.9730098247528, 3231.2858116685825, 1707.7804076834873
1749.4816484451294, 3231.2858116685825, 1707.7804076834873
1749.9763238430023, 3231.2858116685825, 1707.7804076834873
1750.4789788722992, 3231.2858116685825, 1707.7804076834873
1750.969664812088, 3231.2858116685825, 1707.7804076834873
1751.4822919368744, 3231.2858116685825, 1707.7804076834873
1751.970983505249, 3231.2858116685825, 1707.7804076834873
1752.7937808036804, 2006.941153408669, -4518.477648282738
1753.5427749156952, 2006.941153408669, -4518.477648282738
1754.0334615707397, 2006.941153408669, -4518.477648282738
1754.7355811595917, 289.6907396707379, 1238.6601544914276
1755.4835789203644, 289.6907396707379, 1238.6601544914276
1755.9962058067322, 289.6907396707379, 1238.6601544914276
1756.7631530761719, 804.915650679253, 1627.7885163704025
1757.8173303604126, 934.526447038994, 749.6378418306095
1758.5403943061829, 934.526447038994, 749.6378418306095
1759.0390586853027, 934.526447038994, 749.6378418306095
1759.5327370166779, 934.526447038994, 749.6378418306095
1760.031401872635, 934.526447038994, 749.6378418306095
1760.543033361435, 934.526447038994, 749.6378418306095
1761.031723499298, 934.526447038994, 749.6378418306095
1761.6650276184082, 469.9189064664561, 635.7188373622307
1761.9632291793823, 469.9189064664561, 635.7188373622307
1762.7301778793335, 2008.1970143227375, 360.89382508841936
1763.8052983283997, 3679.356368940917, 614.263001463198
1764.5662605762482, 3679.356368940917, 614.263001463198
1765.0649259090424, 3679.356368940917, 614.263001463198
1765.572565793991, 3679.356368940917, 614.263001463198
1766.0542769432068, 3679.356368940917, 614.263001463198
1766.5519442558289, 3679.356368940917, 614.263001463198
1767.0476167201996, 3679.356368940917, 614.263001463198
1767.5722115039825, 3679.356368940917, 614.263001463198
1768.066888332367, 3679.356368940917, 614.263001463198
1768.565553188324, 3679.356368940917, 614.263001463198
1769.0462656021118, 3679.356368940917, 614.263001463198
1769.5479218959808, 3679.356368940917, 614.263001463198
1770.0804960727692, 3679.356368940917, 614.263001463198
1770.6090812683105, 3679.356368940917, 614.263001463198
1771.0848071575165, 3679.356368940917, 614.263001463198
1771.5974357128143, 3679.356368940917, 614.263001463198
1772.0282816886902, 3679.356368940917, 614.263001463198
1772.5857903957367, 3679.356368940917, 614.263001463198
1773.127338886261, 3679.356368940917, 614.263001463198
1773.556189775467, 3679.356368940917, 614.263001463198
1774.0528597831726, 3679.356368940917, 614.263001463198
1774.5555148124695, 3679.356368940917, 614.263001463198
1775.0402173995972, 3679.356368940917, 614.263001463198
1775.584759235382, 3679.356368940917, 614.263001463198
1776.047521352768, 3679.356368940917, 614.263001463198
1776.5481791496277, 3679.356368940917, 614.263001463198
1777.0777614116669, 3679.356368940917, 614.263001463198
1777.5395255088806, 3679.356368940917, 614.263001463198
1778.2346642017365, 3109.3080202138726, 2113.2918604816314
1779.221024274826, 122.90845256795238, 2455.975899819522
1780.2203469276428, 1691.017923862146, 2092.9741641110154
1780.9773211479187, 1691.017923862146, 2092.9741641110154
1781.4670102596283, 1691.017923862146, 2092.9741641110154
1781.9806361198425, 1691.017923862146, 2092.9741641110154
1782.4713215827942, 1691.017923862146, 2092.9741641110154
1782.971979856491, 1691.017923862146, 2092.9741641110154
1783.77383351326, 515.3937133120426, 1123.402911241778
1784.4988918304443, 515.3937133120426, 1123.402911241778
1785.0065326690674, 515.3937133120426, 1123.402911241778
1785.773479938507, 138.67942218038039, 2313.669669107259
1786.4885663986206, 138.67942218038039, 2313.669669107259
1787.2335698604584, 1993.8199533470222, 2352.367858087081
1787.9995188713074, 1993.8199533470222, 2352.367858087081
1788.4902050495148, 1993.8199533470222, 2352.367858087081
1788.9828860759735, 1993.8199533470222, 2352.367858087081
1789.7458460330963, 3983.9999983836515, 20.146279467855976
1790.5387206077576, 3983.9999983836515, 20.146279467855976
1791.0294070243835, 3983.9999983836515, 20.146279467855976
1791.5230853557587, 3983.9999983836515, 20.146279467855976
1792.0257399082184, 3983.9999983836515, 20.146279467855976
1792.5214128494263, 3983.9999983836515, 20.146279467855976
1793.0170850753784, 3983.9999983836515, 20.146279467855976
1793.5386888980865, 3983.9999983836515, 20.146279467855976
1794.0393481254578, 3983.9999983836515, 20.146279467855976
1794.5330274105072, 3983.9999983836515, 20.146279467855976
1795.034682750702, 3983.9999983836515, 20.146279467855976
1795.7976410388947, 2873.3323545930484, 1293.5154918718645
1796.5167155265808, 2873.3323545930484, 1293.5154918718645
1797.0323350429535, 2873.3323545930484, 1293.5154918718645
1797.5210268497467, 2873.3323545930484, 1293.5154918718645
1798.0266721248627, 2873.3323545930484, 1293.5154918718645
1798.5233418941498, 2873.3323545930484, 1293.5154918718645
1799.239425420761, 3803.449666959282, 1330.0022513818863
1800.0043768882751, 3803.449666959282, 1330.0022513818863
1800.4910740852356, 3803.449666959282, 1330.0022513818863
1801.0346188545227, 3803.449666959282, 1330.0022513818863
1801.5223121643066, 3803.449666959282, 1330.0022513818863
1801.9960451126099, 3803.449666959282, 1330.0022513818863
1802.5007002353668, 3803.449666959282, 1330.0022513818863
1802.986394405365, 3803.449666959282, 1330.0022513818863
1803.5030105113983, 3803.449666959282, 1330.0022513818863
1804.0196270942688, 3803.449666959282, 1330.0022513818863
1804.491364479065, 3803.449666959282, 1330.0022513818863
1805.0049891471863, 3803.449666959282, 1330.0022513818863
1805.5285875797272, 3803.449666959282, 1330.0022513818863
1805.9873583316803, 3803.449666959282, 1330.0022513818863
1806.5029776096344, 3803.449666959282, 1330.0022513818863
1807.0046346187592, 3803.449666959282, 1330.0022513818863
1807.499310016632, 3803.449666959282, 1330.0022513818863
1807.9979755878448, 3803.449666959282, 1330.0022513818863
1808.5215730667114, 3803.449666959282, 1330.0022513818863
1808.996301651001, 3803.449666959282, 1330.0022513818863
1809.5049407482147, 3803.449666959282, 1330.0022513818863
1810.025547504425, 3803.449666959282, 1330.0022513818863
1810.503268480301, 3803.449666959282, 1330.0022513818863
1811.0148978233337, 3803.449666959282, 1330.0022513818863
1811.5175516605377, 3803.449666959282, 1330.0022513818863
1812.0072412490845, 3803.449666959282, 1330.0022513818863
1812.5079011917114, 3803.449666959282, 1330.0022513818863
1813.0364861488342, 3803.449666959282, 1330.0022513818863
1813.5550968647003, 3803.449666959282, 1330.0022513818863
1814.0667266845703, 3803.449666959282, 1330.0022513818863
1814.5534229278564, 3803.449666959282, 1330.0022513818863
1815.0560779571533, 3803.449666959282, 1330.0022513818863
1815.5726940631866, 3803.449666959282, 1330.0022513818863
1816.0444314479828, 3803.449666959282, 1330.0022513818863
1816.5730164051056, 3803.449666959282, 1330.0022513818863
1817.032785654068, 3803.449666959282, 1330.0022513818863
1817.5454115867615, 3803.449666959282, 1330.0022513818863
1818.0570430755615, 3803.449666959282, 1330.0022513818863
1818.5287795066833, 3803.449666959282, 1330.0022513818863
1819.0264468193054, 3803.449666959282, 1330.0022513818863
1819.5490486621857, 3803.449666959282, 1330.0022513818863
1820.0198085308075, 3803.449666959282, 1330.0022513818863
1820.527449131012, 3803.449666959282, 1330.0022513818863
1821.038083076477, 3803.449666959282, 1330.0022513818863
1821.4988486766815, 3803.449666959282, 1330.0022513818863
1822.6318151950836, 1844.3138628885795, 287.00403558489
1823.317979812622, 1844.3138628885795, 287.00403558489
1824.3611850738525, 3344.4575090814665, -1763.177980002075
1825.0373737812042, 3344.4575090814665, -1763.177980002075
1825.5130999088287, 3344.4575090814665, -1763.177980002075
1826.0057814121246, 3344.4575090814665, -1763.177980002075
1826.519406080246, 3344.4575090814665, -1763.177980002075
1827.0140821933746, 3344.4575090814665, -1763.177980002075
1827.5486509799957, 3344.4575090814665, -1763.177980002075
1827.960547208786, 3344.4575090814665, -1763.177980002075
1828.8172538280487, 1965.303230045396, 3664.224660474367
1829.503416776657, 1965.303230045396, 3664.224660474367
1830.3202304840088, 1647.1052296415667, 74.93369066226124
1831.0053951740265, 1647.1052296415667, 74.93369066226124
1831.550934791565, 1647.1052296415667, 74.93369066226124
1832.3059124946594, 1893.6064857812084, 1245.3226130029784
1833.0389504432678, 1893.6064857812084, 1245.3226130029784
1833.572522163391, 1893.6064857812084, 1245.3226130029784
1834.0572242736816, 1893.6064857812084, 1245.3226130029784
1834.5369396209717, 1893.6064857812084, 1245.3226130029784
1835.0485708713531, 1893.6064857812084, 1245.3226130029784
1835.5402541160583, 1893.6064857812084, 1245.3226130029784
1836.057867527008, 1893.6064857812084, 1245.3226130029784
1836.5365858078003, 1893.6064857812084, 1245.3226130029784
1837.0651700496674, 1893.6064857812084, 1245.3226130029784
1837.5538625717163, 1893.6064857812084, 1245.3226130029784
1838.0694813728333, 1893.6064857812084, 1245.3226130029784
1838.8673448562622, 1745.014815001072, 1739.6763774916637
1839.5385482311249, 1745.014815001072, 1739.6763774916637
1840.074115037918, 1745.014815001072, 1739.6763774916637
1840.5578215122223, 1745.014815001072, 1739.6763774916637
1841.1013650894165, 1745.014815001072, 1739.6763774916637
1841.5491654872894, 1745.014815001072, 1739.6763774916637
1842.3071355819702, 1812.3414108565858, 622.8340259209248
1843.0521404743195, 1812.3414108565858, 622.8340259209248
1843.5368440151215, 1812.3414108565858, 622.8340259209248
1844.0454819202423, 1812.3414108565858, 622.8340259209248
1844.5012612342834, 1812.3414108565858, 622.8340259209248
1845.0657498836517, 1812.3414108565858, 622.8340259209248
1845.5215287208557, 1812.3414108565858, 622.8340259209248
1846.5936586856842, 2244.4404763369535, -28660.11353636779
1847.3197152614594, 2244.4404763369535, -28660.11353636779
1848.2761540412903, 2244.4404763369535, -28660.11353636779
1849.3273401260376, 2244.4404763369535, -28660.11353636779
1850.264829158783, 2244.4404763369535, -28660.11353636779
1851.310031414032, 2244.4404763369535, -28660.11353636779
1852.2176015377045, 2244.4404763369535, -28660.11353636779
1853.280757188797, 2244.4404763369535, -28660.11353636779
1854.2721016407013, 2244.4404763369535, -28660.11353636779
1855.2006151676178, 2244.4404763369535, -28660.11353636779
1855.6743450164795, 156.78284876214767, 443.87411705972164
1856.2488074302673, 2532.1004408577037, 6369.577733581666
1857.0177493095398, 2532.1004408577037, 6369.577733581666
1857.8066368103027, 2582.566509065053, 1242.5449625104416
1858.494796037674, 2582.566509065053, 1242.5449625104416
1859.2956502437592, 3849.0461084160233, 1773.4796163772012
1860.5363297462463, 1517.3852521315175, 124.99710654495698
1861.2015480995178, 1517.3852521315175, 124.99710654495698
1866.7756242752075, 1940.0243503674346, 343.4829849146725
1867.4597916603088, 1940.0243503674346, 343.4829849146725
1868.0053300857544, 1940.0243503674346, 343.4829849146725
1868.503996372223, 1940.0243503674346, 343.4829849146725
1869.0016660690308, 1940.0243503674346, 343.4829849146725
1869.5003275871277, 1940.0243503674346, 343.4829849146725
1870.0139532089233, 1940.0243503674346, 343.4829849146725
1870.9155387878418, 1334.534537164275, -251.89404017982417
1872.2539551258087, 2084.640618331738, 1483.3609715280757
1873.3131186962128, -4401.16120198758, 902.2311482036964
1874.237643480301, 64.74587472431784, 1424.720441305981
1875.3586421012878, 3150.5491441339536, 1263.7666716057531
1876.414814710617, 562.6511380277764, 595.5256228927967
1877.073052406311, 562.6511380277764, 595.5256228927967
1877.5637390613556, 562.6511380277764, 595.5256228927967
1878.020515680313, 562.6511380277764, 595.5256228927967
1878.565057516098, 562.6511380277764, 595.5256228927967
1879.0347995758057, 562.6511380277764, 595.5256228927967
1879.5673744678497, 562.6511380277764, 595.5256228927967
1880.0251483917236, 562.6511380277764, 595.5256228927967
1881.166093826294, 3906.0195463374976, 3139.3414538009893
1881.9400210380554, 3906.0195463374976, 3139.3414538009893
1882.9592928886414, 3213.375650825381, 2920.6693003480264
1883.8319556713104, -48124.26525646987, 2840.538732052253
1884.5231053829193, -48124.26525646987, 2840.538732052253
1885.0496954917908, -48124.26525646987, 2840.538732052253
1885.54536819458, -48124.26525646987, 2840.538732052253
1886.0290756225586, -48124.26525646987, 2840.538732052253
1886.528736591339, -48124.26525646987, 2840.538732052253
1887.3644979000092, 221.81425804895773, 1190.983796875608
1888.2511231899261, 1261.2883477504865, 2357.7265567677155
1888.991142988205, 1261.2883477504865, 2357.7265567677155
1889.5356855392456, 1261.2883477504865, 2357.7265567677155
1890.0203874111176, 1261.2883477504865, 2357.7265567677155
1890.501100063324, 1261.2883477504865, 2357.7265567677155
1891.0057482719421, 1261.2883477504865, 2357.7265567677155
1891.499427318573, 1261.2883477504865, 2357.7265567677155
1892.0180385112762, 1261.2883477504865, 2357.7265567677155
1892.501743555069, 1261.2883477504865, 2357.7265567677155
1892.9984138011932, 1261.2883477504865, 2357.7265567677155
1893.821210861206, 420.31361844295486, 55.33030383361861
1894.600124835968, 420.31361844295486, 55.33030383361861
1895.0987899303436, 420.31361844295486, 55.33030383361861
1895.58149766922, 420.31361844295486, 55.33030383361861
1896.1140711307526, 420.31361844295486, 55.33030383361861
1896.566859960556, 420.31361844295486, 55.33030383361861
1897.10142827034, 420.31361844295486, 55.33030383361861
1897.6300129890442, 420.31361844295486, 55.33030383361861
1898.0808055400848, 420.31361844295486, 55.33030383361861
1898.5545377731323, 420.31361844295486, 55.33030383361861
1899.4800589084625, 387.14738455808697, 197.7349749699746
1900.1751980781555, 387.14738455808697, 197.7349749699746
1900.7157518863678, 387.14738455808697, 197.7349749699746
1901.6691982746124, 387.14738455808697, 197.7349749699746
1902.1728489398956, 387.14738455808697, 197.7349749699746
1902.6894657611847, 387.14738455808697, 197.7349749699746
1903.2220404148102, 387.14738455808697, 197.7349749699746
1904.3240895271301, 3082.25787798061, 10072.043139660173
1905.034188747406, 3082.25787798061, 10072.043139660173
1905.541829586029, 3082.25787798061, 10072.043139660173
1906.0554540157318, 3082.25787798061, 10072.043139660173
1906.5371644496918, 3082.25787798061, 10072.043139660173
1907.015883922577, 3082.25787798061, 10072.043139660173
1907.8097567558289, 2006.8772809126572, 1936.8574654299707
1908.542795419693, 2006.8772809126572, 1936.8574654299707
1909.0215137004852, 2006.8772809126572, 1936.8574654299707
1909.5481028556824, 2006.8772809126572, 1936.8574654299707
1910.372894525528, 3454.8547603932802, 393.1622615691191
1911.0421028137207, 3454.8547603932802, 393.1622615691191
1911.570687532425, 3454.8547603932802, 393.1622615691191
1912.0244722366333, 3454.8547603932802, 393.1622615691191
1912.5580439567566, 3454.8547603932802, 393.1622615691191
1913.0237963199615, 3454.8547603932802, 393.1622615691191
1913.5284461975098, 3454.8547603932802, 393.1622615691191
1914.06401181221, 3454.8547603932802, 393.1622615691191
1914.5656690597534, 3454.8547603932802, 393.1622615691191
1915.3286259174347, 1203.7860327321243, 438.4743352326075
1916.458599805832, 3938.1232625637454, 2340.004495649363
1917.1866507530212, 3938.1232625637454, 2340.004495649363
1917.7082540988922, 3938.1232625637454, 2340.004495649363
1918.6477386951447, 3938.1232625637454, 2340.004495649363
1919.1424143314362, 3938.1232625637454, 2340.004495649363
1919.6789774894714, 3938.1232625637454, 2340.004495649363
1920.17764377594, 3938.1232625637454, 2340.004495649363
1920.6922643184662, 3938.1232625637454, 2340.004495649363
1921.1420605182648, 3938.1232625637454, 2340.004495649363
1921.8721070289612, 525.9376785454997, 835.21614601741
1922.521368265152, 525.9376785454997, 835.21614601741
1923.01305103302, 525.9376785454997, 835.21614601741
1923.8258743286133, 750.3939253587088, 1614.207243472898
1924.7882978916168, 3630.9499509779753, -3901.650090561235
1925.9382195472717, 2095.7150974499145, 535.9892781152768
1926.8368139266968, 1805.444611413968, 2343.021414909017
1927.5469131469727, 1805.444611413968, 2343.021414909017
1928.051560640335, 1805.444611413968, 2343.021414909017
1928.5342681407928, 1805.444611413968, 2343.021414909017
1929.0648486614227, 1805.444611413968, 2343.021414909017
1929.517635345459, 1805.444611413968, 2343.021414909017
1930.03923869133, 1805.444611413968, 2343.021414909017
1930.53391456604, 1805.444611413968, 2343.021414909017
1931.035572052002, 1805.444611413968, 2343.021414909017
1931.4993300437927, 1805.444611413968, 2343.021414909017
1932.031903743744, 1805.444611413968, 2343.021414909017
1932.5235888957977, 1805.444611413968, 2343.021414909017
1933.057158946991, 1805.444611413968, 2343.021414909017
1933.5717811584473, 1805.444611413968, 2343.021414909017
1934.0445160865784, 1805.444611413968, 2343.021414909017
1934.5820760726929, 1805.444611413968, 2343.021414909017
1935.0947043895721, 1805.444611413968, 2343.021414909017
1935.5385146141052, 1805.444611413968, 2343.021414909017
1936.0391743183136, 1805.444611413968, 2343.021414909017
1936.817092180252, 1689.0852508370515, 1585.2197274191542
1938.0368251800537, 1970.6663935316535, 2056.1775025603592
1938.700050830841, 1970.6663935316535, 2056.1775025603592
1939.719321012497, 1970.6663935316535, 2056.1775025603592
1940.69570851326, 1970.6663935316535, 2056.1775025603592
1941.225289106369, 1970.6663935316535, 2056.1775025603592
1942.2186295986176, 1970.6663935316535, 2056.1775025603592
1943.3087105751038, 2400.43968283905, 842.682341428282
1944.2950706481934, 2219.050817806483, 1460.1096167628018
1945.3372795581818, 476.71608024170934, 1512.9792222002004
1947.2162494659424, 2864.305661120986, 1613.299942755451
1947.989179611206, 2864.305661120986, 1613.299942755451
1948.8369100093842, 321.56984140778184, 1145.3624741385395
1949.5509979724884, 321.56984140778184, 1145.3624741385395
1950.032707452774, 321.56984140778184, 1145.3624741385395
1950.850517988205, 2184.66842743104, 987.4517262046285
1951.5646064281464, 2184.66842743104, 987.4517262046285
1952.0802254676819, 2184.66842743104, 987.4517262046285
1952.5150628089905, 2184.66842743104, 987.4517262046285
1953.0675823688507, 2184.66842743104, 987.4517262046285
1953.550291776657, 2184.66842743104, 987.4517262046285
1954.0689008235931, 2184.66842743104, 987.4517262046285
1954.5735502243042, 2184.66842743104, 987.4517262046285
1955.0732123851776, 2184.66842743104, 987.4517262046285
1955.5339784622192, 2184.66842743104, 987.4517262046285
1956.0725364685059, 2184.66842743104, 987.4517262046285
1956.5502579212189, 2184.66842743104, 987.4517262046285
1957.3481223583221, 3402.892394038452, 1493.8518959449664
1960.250351190567, 1004.102987807907, 1897.6889952048127
1960.9973509311676, 1004.102987807907, 1897.6889952048127
1961.5169599056244, 1004.102987807907, 1897.6889952048127
1962.3297836780548, 867.1549182711573, 2932.364953701327
1963.0109601020813, 867.1549182711573, 2932.364953701327
1963.5445308685303, 867.1549182711573, 2932.364953701327
1964.040205001831, 867.1549182711573, 2932.364953701327
1964.539865732193, 867.1549182711573, 2932.364953701327
1965.0235712528229, 867.1549182711573, 2932.364953701327
1965.9530827999115, 1285.5000000000014, 2987.291125843388
1966.658194065094, 1285.5000000000014, 2987.291125843388
1967.2196905612946, 1285.5000000000014, 2987.291125843388
1968.1990685462952, 1285.5000000000014, 2987.291125843388
1968.703718662262, 1285.5000000000014, 2987.291125843388
1969.8626148700714, 2934.7451686946806, 1930.6349980775522
1970.486942768097, 2934.7451686946806, 1930.6349980775522
1971.017522573471, 2934.7451686946806, 1930.6349980775522
1971.502224445343, 2934.7451686946806, 1930.6349980775522
1972.3310062885284, 825.3019309175231, 1542.4121368327503
1973.046091079712, 825.3019309175231, 1542.4121368327503
1973.575672864914, 825.3019309175231, 1542.4121368327503
1974.0035285949707, 825.3019309175231, 1542.4121368327503
1974.5271265506744, 825.3019309175231, 1542.4121368327503
1975.0128262043, 825.3019309175231, 1542.4121368327503
1975.5533781051636, 825.3019309175231, 1542.4121368327503
1976.0181329250336, 825.3019309175231, 1542.4121368327503
1976.8249742984772, 2034.071958740828, 1507.369371319569
1977.5380640029907, 2034.071958740828, 1507.369371319569
1977.997832775116, 2034.071958740828, 1507.369371319569
1978.4964978694916, 2034.071958740828, 1507.369371319569
1978.991173028946, 2034.071958740828, 1507.369371319569
1979.4728848934174, 2034.071958740828, 1507.369371319569
1980.3335800170898, 2407.4284911418217, 1741.6052724330714
1981.0476677417755, 2407.4284911418217, 1741.6052724330714
1981.5363595485687, 2407.4284911418217, 1741.6052724330714
1982.023056268692, 2407.4284911418217, 1741.6052724330714
1982.5137434005737, 2407.4284911418217, 1741.6052724330714
1983.015398979187, 2407.4284911418217, 1741.6052724330714
1983.4841463565826, 2407.4284911418217, 1741.6052724330714
1999.8184118270874, 823.3236720345493, 1503.9416112150604
2000.8715908527374, 1967.7285010071005, 1668.42365707304
2001.5816893577576, 1967.7285010071005, 1668.42365707304
2002.075367450714, 1967.7285010071005, 1668.42365707304
2002.5311470031738, 1967.7285010071005, 1668.42365707304
2003.07768368721, 1967.7285010071005, 1668.42365707304
2003.5544097423553, 1967.7285010071005, 1668.42365707304
2004.0879790782928, 1967.7285010071005, 1668.42365707304
2004.5527353286743, 1967.7285010071005, 1668.42365707304
2005.0713458061218, 1967.7285010071005, 1668.42365707304
2005.556048154831, 1967.7285010071005, 1668.42365707304
2006.0596997737885, 1967.7285010071005, 1668.42365707304
2006.5643491744995, 1967.7285010071005, 1668.42365707304
2007.06600522995, 1967.7285010071005, 1668.42365707304
2007.5935926437378, 1967.7285010071005, 1668.42365707304
2008.5001657009125, 3088.7198009124213, 1190.9997818949828
2009.1873261928558, 3088.7198009124213, 1190.9997818949828
2009.6570677757263, 3088.7198009124213, 1190.9997818949828
2010.352205991745, 3316.069342181512, 1451.8554653390422
2011.0662958621979, 3316.069342181512, 1451.8554653390422
2011.5978717803955, 3316.069342181512, 1451.8554653390422
2012.0835711956024, 3316.069342181512, 1451.8554653390422
2012.8584954738617, 2007.4244983986569, 2038.4048214505467
2013.5785686969757, 2007.4244983986569, 2038.4048214505467
2014.0642683506012, 2007.4244983986569, 2038.4048214505467
2014.84916639328, 2440.1437439082893, 327.3875647013731
2015.582203388214, 2440.1437439082893, 327.3875647013731
2016.0828635692596, 2440.1437439082893, 327.3875647013731
2016.6054637432098, 2440.1437439082893, 327.3875647013731
2017.0363101959229, 2440.1437439082893, 327.3875647013731
2017.5559210777283, 2440.1437439082893, 327.3875647013731
2018.0575759410858, 2440.1437439082893, 327.3875647013731
2018.5702033042908, 2440.1437439082893, 327.3875647013731
2019.053908109665, 2440.1437439082893, 327.3875647013731
2019.5605521202087, 2440.1437439082893, 327.3875647013731
2020.052235364914, 2440.1437439082893, 327.3875647013731
2020.5608739852905, 2440.1437439082893, 327.3875647013731
2021.0844719409943, 2440.1437439082893, 327.3875647013731
2021.8514177799225, 2890.3298700183527, 5853.947683148191
2022.5186314582825, 2890.3298700183527, 5853.947683148191
2023.0561926364899, 2890.3298700183527, 5853.947683148191
2023.5359086990356, 2890.3298700183527, 5853.947683148191
2024.043548822403, 2890.3298700183527, 5853.947683148191
2024.5472009181976, 2890.3298700183527, 5853.947683148191
2025.101716041565, 2890.3298700183527, 5853.947683148191
2025.552510023117, 2890.3298700183527, 5853.947683148191
2026.0651371479034, 2890.3298700183527, 5853.947683148191
2026.5418603420258, 2890.3298700183527, 5853.947683148191
2027.036535024643, 2890.3298700183527, 5853.947683148191
2027.6010248661041, 2890.3298700183527, 5853.947683148191
2028.0976943969727, 2890.3298700183527, 5853.947683148191
2028.5295386314392, 2890.3298700183527, 5853.947683148191
2029.056128025055, 2890.3298700183527, 5853.947683148191
2029.5388367176056, 2890.3298700183527, 5853.947683148191
2030.024534702301, 2890.3298700183527, 5853.947683148191
2030.5501277446747, 2890.3298700183527, 5853.947683148191
2031.0497901439667, 2890.3298700183527, 5853.947683148191
2031.5434679985046, 2890.3298700183527, 5853.947683148191
2032.084022283554, 2890.3298700183527, 5853.947683148191
2032.5427923202515, 2890.3298700183527, 5853.947683148191
2033.0264978408813, 2890.3298700183527, 5853.947683148191
2033.5540857315063, 2890.3298700183527, 5853.947683148191
2034.0746915340424, 2890.3298700183527, 5853.947683148191
2035.8519332408905, 1218.6431620460855, 941.2411107111358
2036.5321123600006, 1218.6431620460855, 941.2411107111358
2037.0387547016144, 1218.6431620460855, 941.2411107111358
2037.5733251571655, 1218.6431620460855, 941.2411107111358
2038.0490503311157, 1218.6431620460855, 941.2411107111358
2038.8638701438904, 3870.195882613246, 989.9527264112161
2039.8272898197174, 2345.7195822176145, 2129.5519127247176
2040.5084660053253, 2345.7195822176145, 2129.5519127247176
2041.004137992859, 2345.7195822176145, 2129.5519127247176
2041.5047979354858, 2345.7195822176145, 2129.5519127247176
2042.0154314041138, 2345.7195822176145, 2129.5519127247176
2042.845209121704, 13469.379134111354, 1929.5047518023296
2043.5553069114685, 13469.379134111354, 1929.5047518023296
2044.0380251407623, 13469.379134111354, 1929.5047518023296
2044.5496447086334, 13469.379134111354, 1929.5047518023296
2045.3016321659088, 2959.1623491953137, 1832.386208622674
2046.075560092926, 2959.1623491953137, 1832.386208622674
2046.5802080631256, 2959.1623491953137, 1832.386208622674
2047.0589265823364, 2959.1623491953137, 1832.386208622674
2047.556594133377, 2959.1623491953137, 1832.386208622674
2048.0652329921722, 2959.1623491953137, 1832.386208622674
2048.5379679203033, 2959.1623491953137, 1832.386208622674
2049.3577723503113, 888.8021682007292, 2507.0608376795963
2050.074851512909, 888.8021682007292, 2507.0608376795963
2050.934550046921, 1209.3423839590039, 2554.0030810884427
2051.6017639636993, 1209.3423839590039, 2554.0030810884427
2052.1592712402344, 1209.3423839590039, 2554.0030810884427
2052.6250233650208, 1209.3423839590039, 2554.0030810884427
2053.153609275818, 1209.3423839590039, 2554.0030810884427
2053.625345468521, 1209.3423839590039, 2554.0030810884427
2054.1419625282288, 1209.3423839590039, 2554.0030810884427
2058.413526535034, 1697.7742799668038, 185.34103013017645
2059.1545417308807, 1697.7742799668038, 185.34103013017645
2059.6512117385864, 1697.7742799668038, 185.34103013017645
2060.1229486465454, 1697.7742799668038, 185.34103013017645
2060.629592895508, 1697.7742799668038, 185.34103013017645
2061.343680381775, -225.40638907357973, 696.8758046058839
2062.0338320732117, -225.40638907357973, 696.8758046058839
2062.5334947109222, -225.40638907357973, 696.8758046058839
2062.9962594509125, -225.40638907357973, 696.8758046058839
2063.5358107089996, -225.40638907357973, 696.8758046058839
2064.039463043213, -225.40638907357973, 696.8758046058839
2064.573033809662, -225.40638907357973, 696.8758046058839
2065.026818752289, -225.40638907357973, 696.8758046058839
2065.5803368091583, -225.40638907357973, 696.8758046058839
2066.065039873123, -225.40638907357973, 696.8758046058839
2066.555725336075, -225.40638907357973, 696.8758046058839
2067.0553872585297, -225.40638907357973, 696.8758046058839
2067.5989334583282, -225.40638907357973, 696.8758046058839
2068.0916135311127, -225.40638907357973, 696.8758046058839
2068.5473930835724, -225.40638907357973, 696.8758046058839
2069.046057701111, -225.40638907357973, 696.8758046058839
2069.4788994789124, -225.40638907357973, 696.8758046058839
2070.035409450531, -225.40638907357973, 696.8758046058839
2070.552026748657, -225.40638907357973, 696.8758046058839
2071.0516884326935, -225.40638907357973, 696.8758046058839
2071.5094623565674, -225.40638907357973, 696.8758046058839
2072.0151085853577, -225.40638907357973, 696.8758046058839
2072.532722711563, -225.40638907357973, 696.8758046058839
2073.0373713970184, -225.40638907357973, 696.8758046058839
2073.5250656604767, -225.40638907357973, 696.8758046058839
2074.430640935898, 3366.447100187767, 2170.8792903115223
2075.1527075767517, 3366.447100187767, 2170.8792903115223
2075.649379491806, 3366.447100187767, 2170.8792903115223
2076.154027938843, 3366.447100187767, 2170.8792903115223
2076.61878323555, 3366.447100187767, 2170.8792903115223
2077.3747577667236, 1528.0132631754402, 2354.21929567972
2078.3611171245575, 9643.821260732178, 1586.7773802318175
2083.010669231415, 2947.0187707888604, 1333.1145527440558
2083.808532476425, 2947.0187707888604, 1333.1145527440558
2084.812843322754, 2947.0187707888604, 1333.1145527440558
2085.804188489914, 2040.9812401211582, 1448.6535787436599
2086.5112960338593, 2040.9812401211582, 1448.6535787436599
2087.027912378311, 2040.9812401211582, 1448.6535787436599
2088.0082874298096, 3052.2654675370627, 654.0106708677131
2088.7343442440033, 3052.2654675370627, 654.0106708677131
2089.666847229004, 3052.2654675370627, 654.0106708677131
2090.2452986240387, 3052.2654675370627, 654.0106708677131
2091.3323879241943, 2999.2440102401965, 1372.8288860053078
2092.0205450057983, 2999.2440102401965, 1372.8288860053078
2092.550127506256, 2999.2440102401965, 1372.8288860053078
2093.016877889633, 2999.2440102401965, 1372.8288860053078
2093.5474576950073, 2999.2440102401965, 1372.8288860053078
2096.3310041427612, -35573.21011807054, 746.9556260060929
2097.0540692806244, -35573.21011807054, 746.9556260060929
2097.5756719112396, -35573.21011807054, 746.9556260060929
2098.0703477859497, -35573.21011807054, 746.9556260060929
2098.5999295711517, -35573.21011807054, 746.9556260060929
2099.0557091236115, -35573.21011807054, 746.9556260060929
2099.6182029247284, -35573.21011807054, 746.9556260060929
2100.0500473976135, -35573.21011807054, 746.9556260060929
2100.5517032146454, -35573.21011807054, 746.9556260060929
2101.0314202308655, -35573.21011807054, 746.9556260060929
2101.8821415901184, 2064.582620367572, 2961.808039902101
2102.5722942352295, 2064.582620367572, 2961.808039902101
2103.086916446686, 2064.582620367572, 2961.808039902101
2103.58159160614, 2064.582620367572, 2961.808039902101
2104.118155479431, 2064.582620367572, 2961.808039902101
2104.572938680649, 2064.582620367572, 2961.808039902101
2105.3319053649902, 104.50774433684425, 1127.849830174337
2110.824200153351, 2047.1681014433173, -2.4145087708415858
2111.7676742076874, 1297.3329334089299, 1766.7408859097657
2112.5396065711975, 1297.3329334089299, 1766.7408859097657
2113.0273020267487, 1297.3329334089299, 1766.7408859097657
2113.817188501358, 2748.6402781908573, 719.4693521269583
2114.8264837265015, 1325.4779725729318, 311.2713287836265
2116.182852745056, 3906.312958433495, 2933.9008088477476
2116.8241357803345, 1254.627350038901, 942.0345543702333
2117.511295557022, 1254.627350038901, 942.0345543702333
2118.024920463562, 1254.627350038901, 942.0345543702333
2118.5265765190125, 1254.627350038901, 942.0345543702333
2119.038207054138, 1254.627350038901, 942.0345543702333
2119.5249049663544, 1254.627350038901, 942.0345543702333
2120.048502445221, 1254.627350038901, 942.0345543702333
2120.541183948517, 1254.627350038901, 942.0345543702333
2121.0328669548035, 1254.627350038901, 942.0345543702333
2121.52255654335, 1254.627350038901, 942.0345543702333
2122.3084514141083, 2457.6744386852197, 641.6573522405299
2123.3097710609436, 2289.008552369946, 1414.6160055863118
2124.2921409606934, 702.6403705209311, 1083.439276137893
2125.0411343574524, 702.6403705209311, 1083.439276137893
2125.560743331909, 702.6403705209311, 1083.439276137893
2126.062401533127, 702.6403705209311, 1083.439276137893
2126.5530877113342, 702.6403705209311, 1083.439276137893
2127.3599264621735, 3346.8456357601253, 633.2540367977368
2128.079001188278, 3346.8456357601253, 633.2540367977368
2128.605591773987, 3346.8456357601253, 633.2540367977368
2129.06835436821, 3346.8456357601253, 633.2540367977368
2129.5869636535645, 3346.8456357601253, 633.2540367977368
2130.10059094429, 3346.8456357601253, 633.2540367977368
2130.5723280906677, 3346.8456357601253, 633.2540367977368
2131.1029059886932, 3346.8456357601253, 633.2540367977368
2131.582620859146, 3346.8456357601253, 633.2540367977368
2132.1421234607697, 3346.8456357601253, 633.2540367977368
2132.5889303684235, 3346.8456357601253, 633.2540367977368
2133.0736293792725, 3346.8456357601253, 633.2540367977368
2133.5702986717224, 3346.8456357601253, 633.2540367977368
2134.0739500522614, 3346.8456357601253, 633.2540367977368
2134.592561483383, 3346.8456357601253, 633.2540367977368
2135.090229988098, 3346.8456357601253, 633.2540367977368
2135.56396150589, 3346.8456357601253, 633.2540367977368
2136.0855643749237, 3346.8456357601253, 633.2540367977368
2136.595199584961, 3346.8456357601253, 633.2540367977368
2137.067935228348, 3346.8456357601253, 633.2540367977368
2137.581558704376, 3346.8456357601253, 633.2540367977368
2138.0901970863342, 3346.8456357601253, 633.2540367977368
2138.5439817905426, 3346.8456357601253, 633.2540367977368
2145.5103306770325, 1239.2216595381976, 298.4020073349525
2146.302209377289, 1239.2216595381976, 298.4020073349525
2147.224739551544, 1239.2216595381976, 298.4020073349525
2148.1901552677155, 1239.2216595381976, 298.4020073349525
2148.7137529850006, 1239.2216595381976, 298.4020073349525
2149.2563002109528, 1239.2216595381976, 298.4020073349525
2150.2027666568756, 1239.2216595381976, 298.4020073349525
2151.2170519828796, 1239.2216595381976, 298.4020073349525
2152.233329296112, 1239.2216595381976, 298.4020073349525
2153.183785200119, 1239.2216595381976, 298.4020073349525
2154.2269921302795, 1239.2216595381976, 298.4020073349525
2155.213351249695, 1239.2216595381976, 298.4020073349525
2156.2206547260284, 1239.2216595381976, 298.4020073349525
2157.2179844379425, 1239.2216595381976, 298.4020073349525
2158.223291873932, 1239.2216595381976, 298.4020073349525
2159.3323233127594, 3811.6829509657396, 2320.5399057687164
2160.061371088028, 3811.6829509657396, 2320.5399057687164
2160.556046485901, 3811.6829509657396, 2320.5399057687164
2161.042743206024, 3811.6829509657396, 2320.5399057687164
2161.5334300994873, 3811.6829509657396, 2320.5399057687164
2162.3452553749084, 3051.3416385586565, 1216.1580879583548
2163.0403945446014, 3051.3416385586565, 1216.1580879583548
2163.5280888080597, 3051.3416385586565, 1216.1580879583548
2164.041713476181, 3051.3416385586565, 1216.1580879583548
2164.5024795532227, 3051.3416385586565, 1216.1580879583548
2165.3302636146545, 319.37866650091615, 581.6621721615311
2166.048341035843, 319.37866650091615, 581.6621721615311
2166.5938804149628, 319.37866650091615, 581.6621721615311
2167.0127589702606, 319.37866650091615, 581.6621721615311
2167.564282655716, 319.37866650091615, 581.6621721615311
2168.0041065216064, 319.37866650091615, 581.6621721615311
2168.52770280838, 319.37866650091615, 581.6621721615311
2169.320579767227, 2224.564252688243, 1321.1173847986981
2170.2700374126434, -6627.103748886673, 1247.8863875851623
2171.009058713913, -6627.103748886673, 1247.8863875851623
2171.558587551117, -6627.103748886673, 1247.8863875851623
2172.0522656440735, -6627.103748886673, 1247.8863875851623
2172.816220998764, 670.6611021039123, 2114.153404714748
2173.6081001758575, 670.6611021039123, 2114.153404714748
2174.0409412384033, 670.6611021039123, 2114.153404714748
2174.570524454117, 670.6611021039123, 2114.153404714748
2175.0811562538147, 670.6611021039123, 2114.153404714748
2175.569848060608, 670.6611021039123, 2114.153404714748
2176.0615322589874, 670.6611021039123, 2114.153404714748
2176.540249824524, 670.6611021039123, 2114.153404714748
2177.0538742542267, 670.6611021039123, 2114.153404714748
2177.5694947242737, 670.6611021039123, 2114.153404714748
2178.0871090888977, 670.6611021039123, 2114.153404714748
2178.5379016399384, 670.6611021039123, 2114.153404714748
2179.2898874282837, 33.44811667690889, 1475.9838149430386
2180.0428726673126, 33.44811667690889, 1475.9838149430386
2180.5854189395905, 33.44811667690889, 1475.9838149430386
2181.0531675815582, 33.44811667690889, 1475.9838149430386
2181.556818008423, 33.44811667690889, 1475.9838149430386
2182.057477712631, 33.44811667690889, 1475.9838149430386
2182.5780835151672, 33.44811667690889, 1475.9838149430386
2183.3001503944397, 2390.4601447514683, 2211.887285027046
2184.060117006302, 2390.4601447514683, 2211.887285027046
2184.549804210663, 2390.4601447514683, 2211.887285027046
2185.0753977298737, 2390.4601447514683, 2211.887285027046
2185.5381586551666, 2390.4601447514683, 2211.887285027046
2205.821851015091, 1978.9037887685718, 1605.1522451056614
2206.5419228076935, 1978.9037887685718, 1605.1522451056614
2207.05255651474, 1978.9037887685718, 1605.1522451056614
2207.5641856193542, 1978.9037887685718, 1605.1522451056614
2208.329137325287, 3811.9928329024115, 1340.1202336517315
2209.129993200302, 3811.9928329024115, 1340.1202336517315
2209.6146953105927, 3811.9928329024115, 1340.1202336517315
2210.0934133529663, 3811.9928329024115, 1340.1202336517315
2210.5641536712646, 3811.9928329024115, 1340.1202336517315
2211.1037085056305, 3811.9928329024115, 1340.1202336517315
2211.579435110092, 3811.9928329024115, 1340.1202336517315
2212.101037979126, 3811.9928329024115, 1340.1202336517315
2212.5787587165833, 3811.9928329024115, 1340.1202336517315
2213.0863995552063, 3811.9928329024115, 1340.1202336517315
2213.5890548229218, 3811.9928329024115, 1340.1202336517315
2214.115644931793, 3811.9928329024115, 1340.1202336517315
2214.5843901634216, 3811.9928329024115, 1340.1202336517315
2215.1069898605347, 3811.9928329024115, 1340.1202336517315
2215.5877039432526, 3811.9928329024115, 1340.1202336517315
2216.112297773361, 3811.9928329024115, 1340.1202336517315
2216.5920135974884, 3811.9928329024115, 1340.1202336517315
2217.0916764736176, 3811.9928329024115, 1340.1202336517315
2217.574383497238, 3811.9928329024115, 1340.1202336517315
2218.4051604270935, 712.2962330860184, 1338.8250843046717
2219.0703785419464, 712.2962330860184, 1338.8250843046717
2219.6268882751465, 712.2962330860184, 1338.8250843046717
2220.056738138199, 712.2962330860184, 1338.8250843046717
2220.591306209564, 712.2962330860184, 1338.8250843046717
2221.0819923877716, 712.2962330860184, 1338.8250843046717
2221.575670480728, 712.2962330860184, 1338.8250843046717
2222.086303949356, 712.2962330860184, 1338.8250843046717
2222.5700080394745, 712.2962330860184, 1338.8250843046717
2223.0896179676056, 712.2962330860184, 1338.8250843046717
2223.5763142108917, 712.2962330860184, 1338.8250843046717
2224.0849528312683, 712.2962330860184, 1338.8250843046717
2224.566663503647, 712.2962330860184, 1338.8250843046717
2225.061338663101, 712.2962330860184, 1338.8250843046717
2225.562995195389, 712.2962330860184, 1338.8250843046717
2226.075621843338, 712.2962330860184, 1338.8250843046717
2226.5942339897156, 712.2962330860184, 1338.8250843046717
2227.0869147777557, 712.2962330860184, 1338.8250843046717
2227.5915644168854, 712.2962330860184, 1338.8250843046717
2228.1011991500854, 712.2962330860184, 1338.8250843046717
2228.585900783539, 712.2962330860184, 1338.8250843046717
2229.066614151001, 712.2962330860184, 1338.8250843046717
2229.5772473812103, 712.2962330860184, 1338.8250843046717
2230.310284614563, 1612.9251749441414, 428.13464817128533
2231.049305677414, 1612.9251749441414, 428.13464817128533
2231.5589413642883, 1612.9251749441414, 428.13464817128533
2232.034667491913, 1612.9251749441414, 428.13464817128533
2232.5841958522797, 1612.9251749441414, 428.13464817128533
2233.0310003757477, 1612.9251749441414, 428.13464817128533
2233.5805280208588, 1612.9251749441414, 428.13464817128533
2234.0073857307434, 1612.9251749441414, 428.13464817128533
2234.8072443008423, 191.2851500973196, 1371.0116984163242
2235.886354446411, 471.40800754361055, 909.8667216550448
2238.869367837906, 1865.307276675126, 1564.1798276067718
2239.608388900757, 1865.307276675126, 1564.1798276067718
2240.109048843384, 1865.307276675126, 1564.1798276067718
2240.572808742523, 1865.307276675126, 1564.1798276067718
2241.076457977295, 1865.307276675126, 1564.1798276067718
2241.601054430008, 1865.307276675126, 1564.1798276067718
2242.3091576099396, 4513.192725253898, 1482.751390988622
2243.077102661133, 4513.192725253898, 1482.751390988622
2243.5558207035065, 4513.192725253898, 1482.751390988622
2244.0764260292053, 4513.192725253898, 1482.751390988622
2244.568109512329, 4513.192725253898, 1482.751390988622
2245.0617883205414, 4513.192725253898, 1482.751390988622
2245.5644431114197, 4513.192725253898, 1482.751390988622
2246.073080301285, 4513.192725253898, 1482.751390988622
2246.5767323970795, 4513.192725253898, 1482.751390988622
2247.0614335536957, 4513.192725253898, 1482.751390988622
2247.5880234241486, 4513.192725253898, 1482.751390988622
2248.072726726532, 4513.192725253898, 1482.751390988622
2248.618266105652, 4513.192725253898, 1482.751390988622
2249.088007926941, 4513.192725253898, 1482.751390988622
2249.5657296180725, 4513.192725253898, 1482.751390988622
2250.2838065624237, 3495.6173808187045, 746.9826199952213
2251.359925508499, 3847.6026263134663, 1101.2432722187548
2252.08797621727, 3847.6026263134663, 1101.2432722187548
2252.8788583278656, 1135.5564021678817, 972.8472955229621
2257.3419086933136, 3397.596562035145, 1514.3795886512407
2258.100876569748, 3397.596562035145, 1514.3795886512407
2258.576604127884, 3397.596562035145, 1514.3795886512407
2259.3724734783173, 3027.902009318366, 1256.6891017823023
2260.3588316440582, 3765.254288203823, 962.6405985280201
2261.691264152527, 745.1898482026172, 2769.7960340858504
2262.404354572296, 745.1898482026172, 2769.7960340858504
2263.382735013962, 745.1898482026172, 2769.7960340858504
2264.396021604538, 745.1898482026172, 2769.7960340858504
2265.2766649723053, 745.1898482026172, 2769.7960340858504
2266.4515192508698, 745.1898482026172, 2769.7960340858504
2267.4488480091095, 745.1898482026172, 2769.7960340858504
2268.36639213562, 745.1898482026172, 2769.7960340858504
2269.383668422699, 745.1898482026172, 2769.7960340858504
2270.4169023036957, 745.1898482026172, 2769.7960340858504
2271.421213388443, 745.1898482026172, 2769.7960340858504
2272.325790643692, 3161.117042095475, 1729.6619623073966
2273.0618216991425, 3161.117042095475, 1729.6619623073966
2273.5395410060883, 3161.117042095475, 1729.6619623073966
2274.3433878421783, 1705.3149572655982, 1424.8873201365477
2275.0485005378723, 1705.3149572655982, 1424.8873201365477
2275.573096513748, 1705.3149572655982, 1424.8873201365477
2276.0488228797913, 1705.3149572655982, 1424.8873201365477
2276.5614495277405, 1705.3149572655982, 1424.8873201365477
2277.0192244052887, 1705.3149572655982, 1424.8873201365477
2277.8350405693054, 1689.8264267445445, 2321.597989886421
2279.8995130062103, 3557.73887219388, 1076.815238006768
2280.571713209152, 3557.73887219388, 1076.815238006768
2281.0933163166046, 3557.73887219388, 1076.815238006768
2281.5690429210663, 3557.73887219388, 1076.815238006768
2282.07568526268, 3557.73887219388, 1076.815238006768
2282.5703608989716, 3557.73887219388, 1076.815238006768
2283.422081232071, 2654.7544611799835, 2932.884377037056
2284.4273896217346, 3428.7571790062807, 2933.992823876234
2285.1414783000946, 3428.7571790062807, 2933.992823876234
2285.650116443634, 3428.7571790062807, 2933.992823876234
2286.404096841812, 554.6776892202548, 1995.3609543386167
2287.339591741562, -118.68063465700841, 2750.9433669399455
2288.045701265335, -118.68063465700841, 2750.9433669399455
2288.5663080215454, -118.68063465700841, 2750.9433669399455
2289.0360498428345, -118.68063465700841, 2750.9433669399455
2289.5546610355377, -118.68063465700841, 2750.9433669399455
2290.03337931633, -118.68063465700841, 2750.9433669399455
2290.6148228645325, -118.68063465700841, 2750.9433669399455
2291.360825777054, 3344.5970252721345, 18.69535877740009
2292.0589566230774, 3344.5970252721345, 18.69535877740009
2292.54266166687, 3344.5970252721345, 18.69535877740009
2293.027363061905, 3344.5970252721345, 18.69535877740009
2293.9040162563324, 131086.16063873662, 1302.3806223839845
2294.903340816498, 3465.9460301371155, 131.47489651293847
2295.647348880768, 3465.9460301371155, 131.47489651293847
2296.139032125473, 3465.9460301371155, 131.47489651293847
2296.8710749149323, 5059.95955591705, 457.0310658774365
2297.711820602417, 5059.95955591705, 457.0310658774365
2298.1287059783936, 5059.95955591705, 457.0310658774365
2298.586479663849, 5059.95955591705, 457.0310658774365
2299.112072467804, 5059.95955591705, 457.0310658774365
2299.6296861171722, 5059.95955591705, 457.0310658774365
2300.123365163803, 5059.95955591705, 457.0310658774365
2300.5921115875244, 5059.95955591705, 457.0310658774365
2301.0997512340546, 5059.95955591705, 457.0310658774365
2301.617364168167, 5059.95955591705, 457.0310658774365
2302.407249689102, 177.59492126341357, 1225.6385857887904
2303.1133584976196, 177.59492126341357, 1225.6385857887904
2303.5611612796783, 177.59492126341357, 1225.6385857887904
2304.282230615616, 3084.0028374158046, 974.493141710315
2305.399238586426, 3937.4999999999886, 1883.0103368278715
2306.0943784713745, 3937.4999999999886, 1883.0103368278715
2306.5760881900787, 3937.4999999999886, 1883.0103368278715
2307.353007555008, 1784.523317623341, 2613.3437855668626
2308.091032266617, 1784.523317623341, 2613.3437855668626
2308.5757336616516, 1784.523317623341, 2613.3437855668626
2310.866601705551, 137.19410353942288, 882.134250117921
2311.867920398712, 1659.4637056088163, 2262.998836426034
2312.6169147491455, 1659.4637056088163, 2262.998836426034
2313.0617237091064, 1659.4637056088163, 2262.998836426034
2313.815704345703, 173.15556348441888, 1412.8029211436437
2314.558714866638, 173.15556348441888, 1412.8029211436437
2315.0474066734314, 173.15556348441888, 1412.8029211436437
2315.507175207138, 173.15556348441888, 1412.8029211436437
2316.0327689647675, 173.15556348441888, 1412.8029211436437
2316.4606218338013, 173.15556348441888, 1412.8029211436437
2317.0340876579285, 173.15556348441888, 1412.8029211436437
2320.0210905075073, 424.5108242160227, 1291.1636911262658
2320.7581157684326, 424.5108242160227, 1291.1636911262658
2321.6856341362, 424.5108242160227, 1291.1636911262658
2322.307965993881, 2482.283036502145, 1338.163480907316
2323.039009332657, 2482.283036502145, 1338.163480907316
2323.556622505188, 2482.283036502145, 1338.163480907316
2324.323569059372, 356.40261929214984, 31597.659754958702
2325.061592578888, 356.40261929214984, 31597.659754958702
2325.5831973552704, 356.40261929214984, 31597.659754958702
2326.3222181797028, 433.7575053021885, 1953.897699012819
2333.948796749115, 424.4999999999968, 1.8812558462101068
2334.6549055576324, 424.4999999999968, 1.8812558462101068
2335.200446128845, 424.4999999999968, 1.8812558462101068
2335.725040435791, 424.4999999999968, 1.8812558462101068
2336.8211047649384, 2573.6418044259517, 799.0157824335231
2337.556137084961, 2573.6418044259517, 799.0157824335231
2338.080732822418, 2573.6418044259517, 799.0157824335231
2338.599344730377, 2573.6418044259517, 799.0157824335231
2339.3034591674805, 2973.7919005939107, 1535.5185144274092
2340.0245277881622, 2973.7919005939107, 1535.5185144274092
2340.5401470661163, 2973.7919005939107, 1535.5185144274092
2341.055766582489, 2973.7919005939107, 1535.5185144274092
2341.5773701667786, 2973.7919005939107, 1535.5185144274092
2342.0481102466583, 2973.7919005939107, 1535.5185144274092
2342.55774474144, 2973.7919005939107, 1535.5185144274092
2343.040455341339, 2973.7919005939107, 1535.5185144274092
2343.5750207901, 2973.7919005939107, 1535.5185144274092
2344.05872631073, 2973.7919005939107, 1535.5185144274092
2344.9283967018127, 1233.8273347352892, 536.5284801871442
2345.8987979888916, 2908.1513191164945, 1375.1626592515415
2346.5610253810883, 2908.1513191164945, 1375.1626592515415
2347.107562303543, 2908.1513191164945, 1375.1626592515415
2347.583287715912, 2908.1513191164945, 1375.1626592515415
2348.139797925949, 2908.1513191164945, 1375.1626592515415
2348.5686502456665, 2908.1513191164945, 1375.1626592515415
2349.1421134471893, 2908.1513191164945, 1375.1626592515415
2349.5899155139923, 2908.1513191164945, 1375.1626592515415
2350.145427942276, 2908.1513191164945, 1375.1626592515415
2350.5613152980804, 2908.1513191164945, 1375.1626592515415
2351.085909128189, 2908.1513191164945, 1375.1626592515415
2351.5656259059906, 2908.1513191164945, 1375.1626592515415
2352.077255010605, 2908.1513191164945, 1375.1626592515415
2352.5280475616455, 2908.1513191164945, 1375.1626592515415
2353.358822822571, 3934.5925513360535, 2588.0883035518714
2354.395050048828, 3539.8483300364105, 707.5936039102617
2355.0253612995148, 3539.8483300364105, 707.5936039102617
2355.5629217624664, 3539.8483300364105, 707.5936039102617
2356.0566000938416, 3539.8483300364105, 707.5936039102617
2356.566235303879, 3539.8483300364105, 707.5936039102617
2357.0010726451874, 3539.8483300364105, 707.5936039102617
2357.5775265693665, 3539.8483300364105, 707.5936039102617
2358.054251909256, 3539.8483300364105, 707.5936039102617
2359.903300046921, 120.60723371772528, -4416.745125375107
2360.6004338264465, 120.60723371772528, -4416.745125375107
2361.0831413269043, 120.60723371772528, -4416.745125375107
2361.860060453415, 1609.539780093505, 2484.1577269220634
2362.893293619156, 1985.714783139507, 1839.6504822015368
2363.500669002533, 1985.714783139507, 1839.6504822015368
2364.068148136139, 1985.714783139507, 1839.6504822015368
2369.642221927643, 1974.4999999999866, 2056.108817049678
2370.3543162345886, 1974.4999999999866, 2056.108817049678
2371.3885459899902, 558.1804100639453, 1711.2282077086134
2372.3070871829987, 2058.341298802743, 1572.74785586506
2373.071042060852, 2058.341298802743, 1572.74785586506
2373.5946395397186, 2058.341298802743, 1572.74785586506
2374.035459280014, 2058.341298802743, 1572.74785586506
2374.8682293891907, 3764.5554095293955, 1293.8442225049541
2375.6142313480377, 3764.5554095293955, 1293.8442225049541
2376.101927757263, 3764.5554095293955, 1293.8442225049541
2376.6095662117004, 3764.5554095293955, 1293.8442225049541
2377.095265865326, 3764.5554095293955, 1293.8442225049541
2377.9090864658356, 3523.109714852045, 2599.5438448264376
2378.9802186489105, 5.677870465421115, 2226.143502964663
2379.6803438663483, 5.677870465421115, 2226.143502964663
2380.190977573395, 5.677870465421115, 2226.143502964663
2380.596889734268, 5.677870465421115, 2226.143502964663
2381.1553947925568, 5.677870465421115, 2226.143502964663
2381.633115530014, 5.677870465421115, 2226.143502964663
2382.2235338687897, 5.677870465421115, 2226.143502964663
2382.6573729515076, 5.677870465421115, 2226.143502964663
2383.168004989624, 5.677870465421115, 2226.143502964663
2383.634756565094, 5.677870465421115, 2226.143502964663
2384.160348176956, 5.677870465421115, 2226.143502964663
2384.6101446151733, 5.677870465421115, 2226.143502964663
2385.149698972702, 5.677870465421115, 2226.143502964663
2385.6204397678375, 5.677870465421115, 2226.143502964663
2386.142042160034, 5.677870465421115, 2226.143502964663
2386.646690607071, 5.677870465421115, 2226.143502964663
2387.36177611351, 3862.593916160859, 2634.4625822325675
2388.3850371837616, 1591.067925864758, 838.948330871578
2389.341474533081, 169.07505764096436, -2560.8386916632853
2390.3368105888367, 1869.8838434980305, 2253.708472765098
2391.0329473018646, 1869.8838434980305, 2253.708472765098
2391.553552865982, 1869.8838434980305, 2253.708472765098
2392.678539991379, 311.4683458384615, 1400.0033699395503
2393.4574542045593, 311.4683458384615, 1400.0033699395503
2394.391951084137, 311.4683458384615, 1400.0033699395503
2395.339415550232, 311.4683458384615, 1400.0033699395503
2396.3497099876404, 311.4683458384615, 1400.0033699395503
2397.372969865799, 311.4683458384615, 1400.0033699395503
2398.3882513046265, 311.4683458384615, 1400.0033699395503
2399.3476824760437, 311.4683458384615, 1400.0033699395503
2400.4178171157837, 311.4683458384615, 1400.0033699395503
2401.274522781372, 3932.1406516482216, 1003.6647774458746
2402.0344886779785, 3932.1406516482216, 1003.6647774458746
2402.543126106262, 3932.1406516482216, 1003.6647774458746
2403.2891280651093, 3563.5497735709782, 187.26638097920716
2404.0780165195465, 3563.5497735709782, 187.26638097920716
2404.5328001976013, 3563.5497735709782, 187.26638097920716
2406.599266767502, 2350.3988417689707, 970.423323915671
2408.3575575351715, 3046.1990690871808, 2082.766415142265
2409.023772716522, 3046.1990690871808, 2082.766415142265
2409.526426553726, 3046.1990690871808, 2082.766415142265
2410.0450398921967, 3046.1990690871808, 2082.766415142265
2410.571628332138, 3046.1990690871808, 2082.766415142265
2411.0313980579376, 3046.1990690871808, 2082.766415142265
2412.016760110855, 1055.9947476165798, 549.5266024925643
2412.7537863254547, 1055.9947476165798, 549.5266024925643
2413.2773842811584, 1055.9947476165798, 549.5266024925643
2414.2178659439087, 1055.9947476165798, 549.5266024925643
2415.028694629669, 2175.438612945379, 1438.0678199283134
2415.7118651866913, 2175.438612945379, 1438.0678199283134
2416.252418279648, 2175.438612945379, 1438.0678199283134
2417.205864429474, 2175.438612945379, 1438.0678199283134
2417.688574552536, 2175.438612945379, 1438.0678199283134
2418.211173057556, 2175.438612945379, 1438.0678199283134
2418.7128303050995, 2175.438612945379, 1438.0678199283134
2419.22346162796, 2175.438612945379, 1438.0678199283134
2419.6582984924316, 2175.438612945379, 1438.0678199283134
2420.2317628860474, 2175.438612945379, 1438.0678199283134
2420.664603471756, 2175.438612945379, 1438.0678199283134
2421.2919232845306, 15124.22437083639, 1409.5435725306893
2422.055877685547, 15124.22437083639, 1409.5435725306893
2422.531605243683, 15124.22437083639, 1409.5435725306893
2423.380331516266, 1168.789087867396, 1497.388542829275
2424.110376358032, 1168.789087867396, 1497.388542829275
2424.617020845413, 1168.789087867396, 1497.388542829275
2425.435827255249, 2946.8549091094364, 2179.619060820372
2426.428171157837, 2227.960308060539, 1200.6658411776605
2427.1272990703583, 2227.960308060539, 1200.6658411776605
2427.6698455810547, 2227.960308060539, 1200.6658411776605
2428.1296145915985, 2227.960308060539, 1200.6658411776605
2428.818769454956, 2572.162370664906, -2525.1726290890915
2429.5438277721405, 2572.162370664906, -2525.1726290890915
2430.0594482421875, 2572.162370664906, -2525.1726290890915
2430.565094232559, 2572.162370664906, -2525.1726290890915
2431.0597693920135, 2572.162370664906, -2525.1726290890915
2431.549457550049, 2572.162370664906, -2525.1726290890915
2432.067074537277, 2572.162370664906, -2525.1726290890915
2432.5806963443756, 2572.162370664906, -2525.1726290890915
2433.0474457740784, 2572.162370664906, -2525.1726290890915
2433.872237920761, -15376.565942536467, 1433.6285657319795
2434.8615894317627, 153.93815972945865, 2830.4812258961015
2435.8429605960846, 3194.376054853962, 1558.1779300160144
2436.874200105667, -9333.114304960416, 2734.5184935882803
2437.565349817276, -9333.114304960416, 2734.5184935882803
2438.0789744853973, -9333.114304960416, 2734.5184935882803
2438.6085574626923, -9333.114304960416, 2734.5184935882803
2439.3784942626953, 2788.14779652962, -12383.404243090617
2440.349894285202, 2695.4488940186566, 2299.851589881919
2441.082930088043, 2695.4488940186566, 2299.851589881919
2441.570625066757, 2695.4488940186566, 2299.851589881919
2445.837201356888, 2138.76523227565, 2713.797066449419
2446.9741563796997, 14.577006187965715, 1572.4844415466087
2447.7450919151306, 14.577006187965715, 1572.4844415466087
2448.223811149597, 14.577006187965715, 1572.4844415466087
2448.7304537296295, 14.577006187965715, 1572.4844415466087
2449.2241320610046, 14.577006187965715, 1572.4844415466087
2449.6240611076355, 14.577006187965715, 1572.4844415466087
2450.245396375656, 14.577006187965715, 1572.4844415466087
2450.7281053066254, 14.577006187965715, 1572.4844415466087
2451.2437238693237, 14.577006187965715, 1572.4844415466087
2451.7364044189453, 14.577006187965715, 1572.4844415466087
2452.398631334305, 812.311231647551, 1427.3659158733858
2453.32914018631, 1024.9522855217897, 2076.8808187947207
2454.0631737709045, 1024.9522855217897, 2076.8808187947207
2454.562849521637, 1024.9522855217897, 2076.8808187947207
2455.0535221099854, 1024.9522855217897, 2076.8808187947207
2455.5751254558563, 1024.9522855217897, 2076.8808187947207
2456.5953946113586, 1421.425204210997, 1407.3746814214771
2457.2965166568756, 1421.425204210997, 1407.3746814214771
2458.2419848442078, 1421.425204210997, 1407.3746814214771
2458.9341316223145, 1421.425204210997, 1407.3746814214771
2459.8726193904877, 5814.163573514912, 1228.3165279745717
2460.545816898346, 5814.163573514912, 1228.3165279745717
2461.0295219421387, 5814.163573514912, 1228.3165279745717
2461.8134229183197, 394.833495408737, 986.6503928751004
2462.531499147415, 394.833495408737, 986.6503928751004
2463.0251767635345, 394.833495408737, 986.6503928751004
2463.511875152588, 394.833495408737, 986.6503928751004
2464.0304851531982, 394.833495408737, 986.6503928751004
2464.489256620407, 394.833495408737, 986.6503928751004
2465.0457673072815, 394.833495408737, 986.6503928751004
2465.5314667224884, 394.833495408737, 986.6503928751004
2466.0261421203613, 394.833495408737, 986.6503928751004
2466.5437564849854, 394.833495408737, 986.6503928751004
2467.0404257774353, 394.833495408737, 986.6503928751004
2467.54407787323, 394.833495408737, 986.6503928751004
2468.460623025894, 3350.098870424368, 1986.1810214079887
2469.117863178253, 3350.098870424368, 1986.1810214079887
2469.662405729294, 3350.098870424368, 1986.1810214079887
2470.1261637210846, 3350.098870424368, 1986.1810214079887
2470.6437776088715, 3350.098870424368, 1986.1810214079887
2471.09357380867, 3350.098870424368, 1986.1810214079887
2471.810653448105, 2273.3582905276617, 2578.343625419306
2472.6145005226135, 2273.3582905276617, 2578.343625419306
2473.05033493042, 2273.3582905276617, 2578.343625419306
2473.579915046692, 2273.3582905276617, 2578.343625419306
2474.07558965683, 2273.3582905276617, 2578.343625419306
2475.076908349991, 2011.6077202720123, 483.9514341066104
2475.860808610916, 3101.5587938895696, 1159.4534356084373
2476.587861776352, 3101.5587938895696, 1159.4534356084373
2477.054611682892, 3101.5587938895696, 1159.4534356084373
2477.551281929016, 3101.5587938895696, 1159.4534356084373
2478.0798699855804, 3101.5587938895696, 1159.4534356084373
2478.872756958008, 2126.9442503869595, 4.984995985215595
2479.5469381809235, 2126.9442503869595, 4.984995985215595
2480.100455760956, 2126.9442503869595, 4.984995985215595
2480.582166671753, 2126.9442503869595, 4.984995985215595
2481.1177322864532, 2126.9442503869595, 4.984995985215595
2481.561544418335, 2126.9442503869595, 4.984995985215595
2482.142988204956, 2126.9442503869595, 4.984995985215595
2482.598766565323, 2126.9442503869595, 4.984995985215595
2483.4255533218384, -608.9405319818917, 1259.6483551329213
2484.4587857723236, 3817.401478796478, 470.9642276511832
2485.2097749710083, 3817.401478796478, 470.9642276511832
2485.7064456939697, 3817.401478796478, 470.9642276511832
2486.1263217926025, 3817.401478796478, 470.9642276511832
2486.6858229637146, 3817.401478796478, 470.9642276511832
2487.151575565338, 3817.401478796478, 470.9642276511832
2487.6991097927094, 3817.401478796478, 470.9642276511832
2488.142921924591, 3817.401478796478, 470.9642276511832
2488.693447113037, 3817.401478796478, 470.9642276511832
2489.1891210079193, 3817.401478796478, 470.9642276511832
2489.7546060085297, 3817.401478796478, 470.9642276511832
2490.7279992103577, 3817.401478796478, 470.9642276511832
2491.208711862564, 3817.401478796478, 470.9642276511832
2491.7003960609436, 3817.401478796478, 470.9642276511832
2492.200058698654, 3817.401478796478, 470.9642276511832
2492.9610204696655, 2139.9392509430836, 582.0761218729848
2493.8586163520813, 2869.5839153002366, 418.3155401768011
2494.8798825740814, 996.0017195569214, 2341.7784858756895
2495.5361263751984, 996.0017195569214, 2341.7784858756895
2496.3020741939545, 1933.0793735104073, -499.16925629066395
2497.06104183197, 1933.0793735104073, -499.16925629066395
2497.549733400345, 1933.0793735104073, -499.16925629066395
2498.082307577133, 1933.0793735104073, -499.16925629066395
2498.5540449619293, 1933.0793735104073, -499.16925629066395
2499.0716576576233, 1933.0793735104073, -499.16925629066395
2499.5643401145935, 1933.0793735104073, -499.16925629066395
2500.430021047592, 504.4806696131818, 1800.830819269566
2501.092247724533, 504.4806696131818, 1800.830819269566
2501.6148488521576, 504.4806696131818, 1800.830819269566
2502.4356508255005, 2415.192575963385, 1906.7723741256152
2503.136773109436, 2415.192575963385, 1906.7723741256152
2503.6404252052307, 2415.192575963385, 1906.7723741256152
2504.12512755394, 2415.192575963385, 1906.7723741256152
2504.623791694641, 2415.192575963385, 1906.7723741256152
2505.115476131439, 2415.192575963385, 1906.7723741256152
2505.6410677433014, 2415.192575963385, 1906.7723741256152
2506.1347455978394, 2415.192575963385, 1906.7723741256152
2506.624434709549, 2415.192575963385, 1906.7723741256152
2507.103152990341, 2415.192575963385, 1906.7723741256152
2507.615781068802, 2415.192575963385, 1906.7723741256152
2508.1204290390015, 2415.192575963385, 1906.7723741256152
2508.8654358386993, 2370.66302723254, 852.0316924659429
2509.902656316757, 1883.0858578188697, 684.0842541441987
2510.554911136627, 1883.0858578188697, 684.0842541441987
2511.1124172210693, 1883.0858578188697, 684.0842541441987
2511.578169822693, 1883.0858578188697, 684.0842541441987
2512.1296937465668, 1883.0858578188697, 684.0842541441987
2512.5595433712006, 1883.0858578188697, 684.0842541441987
2513.1140580177307, 1883.0858578188697, 684.0842541441987
2513.5857956409454, 1883.0858578188697, 684.0842541441987
2514.1183688640594, 1883.0858578188697, 684.0842541441987
2514.597086906433, 1883.0858578188697, 684.0842541441987
2515.131655693054, 1883.0858578188697, 684.0842541441987
2515.5854411125183, 1883.0858578188697, 684.0842541441987
2516.3693413734436, 2476.571838608444, 2489.8636851497527
2517.0953969955444, 2476.571838608444, 2489.8636851497527
2517.619993686676, 2476.571838608444, 2489.8636851497527
2518.5295584201813, 3527.541858582237, 1890.1501723780498
2519.1289529800415, 3527.541858582237, 1890.1501723780498
2519.6864597797394, 3527.541858582237, 1890.1501723780498
2520.172159910202, 3527.541858582237, 1890.1501723780498
2520.8613164424896, 2096.3481068948568, 1915.1916894389442
2521.5813851356506, 2096.3481068948568, 1915.1916894389442
2522.063095331192, 2096.3481068948568, 1915.1916894389442
2522.8809056282043, 245.22171244126054, 2095.0192987593778
2523.9390716552734, 2282.12821268194, 2845.8898256325183
2524.971307992935, 2002.068764834398, 734.2726229093886
2525.58167386055, 2002.068764834398, 734.2726229093886
2526.07634973526, 2002.068764834398, 734.2726229093886
2526.544098138809, 2002.068764834398, 734.2726229093886
2527.098612308502, 2002.068764834398, 734.2726229093886
2527.5753371715546, 2002.068764834398, 734.2726229093886
2528.0490679740906, 2002.068764834398, 734.2726229093886
2528.5686757564545, 2002.068764834398, 734.2726229093886
2529.060359477997, 2002.068764834398, 734.2726229093886
2529.556032896042, 2002.068764834398, 734.2726229093886
2530.311010837555, 2500.7169132366585, 1743.6778956499895
2533.7986714839935, 3986.5000941700036, 402.68377276036074
2534.6404178142548, 3986.5000941700036, 402.68377276036074
2535.0832324028015, 3986.5000941700036, 402.68377276036074
2535.585886001587, 3986.5000941700036, 402.68377276036074
2536.0915331840515, 3986.5000941700036, 402.68377276036074
2536.8534922599792, 2030.964019136969, 1587.700252846296
2537.948560476303, 3862.3834913071264, 282.9237555886563
2538.9129774570465, 1984.429187658858, 1476.225462511086
2539.9182872772217, 657.5922180357852, 2294.078740970222
2540.581510782242, 657.5922180357852, 2294.078740970222
2541.1130867004395, 657.5922180357852, 2294.078740970222
2541.845127105713, 2007.6769082111964, 1491.3288391699757
2542.5462489128113, 2007.6769082111964, 1491.3288391699757
2543.087798833847, 2007.6769082111964, 1491.3288391699757
2543.55654501915, 2007.6769082111964, 1491.3288391699757
2544.067176580429, 2007.6769082111964, 1491.3288391699757
2544.5558688640594, 2007.6769082111964, 1491.3288391699757
2545.341763973236, 2598.109883802503, 1020.8879347388363
2546.327125787735, 3189.677751473936, 1691.6652813630394
2547.054181098938, 3189.677751473936, 1691.6652813630394
2547.548853635788, 3189.677751473936, 1691.6652813630394
2548.7426583766937, 1477.0349581920057, 929.1957004162865
2549.9693746566772, 1477.0349581920057, 929.1957004162865
2550.9527406692505, 2946.4892812643984, 977.0608212484503
2551.640897512436, 2946.4892812643984, 977.0608212484503
2552.15452170372, 2946.4892812643984, 977.0608212484503
2552.658174753189, 2946.4892812643984, 977.0608212484503
2553.1797778606415, 2946.4892812643984, 977.0608212484503
2553.864943265915, 4321.1023859204815, 1613.1020672485115
2554.602966070175, 4321.1023859204815, 1613.1020672485115
2555.1495020389557, 4321.1023859204815, 1613.1020672485115
2555.577356815338, 4321.1023859204815, 1613.1020672485115
2556.1209015846252, 4321.1023859204815, 1613.1020672485115
2556.579673051834, 4321.1023859204815, 1613.1020672485115
2557.098284482956, 4321.1023859204815, 1613.1020672485115
2557.5530688762665, 4321.1023859204815, 1613.1020672485115
2558.1015980243683, 4321.1023859204815, 1613.1020672485115
2558.5743322372437, 4321.1023859204815, 1613.1020672485115
2559.069007396698, 4321.1023859204815, 1613.1020672485115
2559.5896139144897, 4321.1023859204815, 1613.1020672485115
2560.4213874340057, 3602.046824621767, 1230.943787909165
2563.3475506305695, 1793.362097821766, 1880.967109844009
2564.0436868667603, 1793.362097821766, 1880.967109844009
2564.5752635002136, 1793.362097821766, 1880.967109844009
2565.0569734573364, 1793.362097821766, 1880.967109844009
2565.577580690384, 1793.362097821766, 1880.967109844009
2566.048320055008, 1793.362097821766, 1880.967109844009
2566.931953191757, 37.165060398553344, 1386.250253666193
2567.6749641895294, 37.165060398553344, 1386.250253666193
2568.1616609096527, 37.165060398553344, 1386.250253666193
2568.6882507801056, 37.165060398553344, 1386.250253666193
2569.1779391765594, 37.165060398553344, 1386.250253666193
2569.688572406769, 37.165060398553344, 1386.250253666193
2570.190229177475, 37.165060398553344, 1386.250253666193
2570.8484659194946, 2789.777877510513, 1167.530505443751
2571.9924037456512, 162.5278458494285, 1429.7937711363002
2572.8451199531555, 2525.883749667994, 965.9037909217676
2573.549235343933, 2525.883749667994, 965.9037909217676
2574.6572680473328, 705.089470093606, 825.4040490228925
2575.449147939682, 705.089470093606, 825.4040490228925
2576.4833784103394, 705.089470093606, 825.4040490228925
2577.571464538574, 1792.9867535074636, 637.0426827737394
2578.3593549728394, 1792.9867535074636, 637.0426827737394
2579.356685400009, 1792.9867535074636, 637.0426827737394
2580.3550119400024, 1665.3268765416567, 1566.1404026108034
2581.050150156021, 1665.3268765416567, 1566.1404026108034
2581.8988769054413, 1069.654285069898, 797.1163819045844
2582.634906768799, 1069.654285069898, 797.1163819045844
2583.04780125618, 1069.654285069898, 797.1163819045844
2583.621265411377, 1069.654285069898, 797.1163819045844
2584.1179354190826, 1069.654285069898, 797.1163819045844
2584.8749091625214, 991.1756043683715, 453.1907253749117
2585.571045398712, 991.1756043683715, 453.1907253749117
2586.0547499656677, 991.1756043683715, 453.1907253749117
2586.994233608246, 3737.990541707814, 0.31736716613595944
2587.9257395267487, 5725.099375913655, 2809.466698597519
2588.8831770420074, 3838.4658168953015, 98.70886978322119
2589.6401488780975, 3838.4658168953015, 98.70886978322119
2590.1278445720673, 3838.4658168953015, 98.70886978322119
2590.6554305553436, 3838.4658168953015, 98.70886978322119
2591.127167224884, 3838.4658168953015, 98.70886978322119
2591.6417891979218, 3838.4658168953015, 98.70886978322119
2592.154417991638, 3838.4658168953015, 98.70886978322119
2592.577285051346, 3838.4658168953015, 98.70886978322119
2593.129805088043, 3838.4658168953015, 98.70886978322119
2593.627472639084, 3838.4658168953015, 98.70886978322119
2594.170021057129, 3838.4658168953015, 98.70886978322119
2594.630786895752, 3838.4658168953015, 98.70886978322119
2595.1464064121246, 3838.4658168953015, 98.70886978322119
2595.5593008995056, 3838.4658168953015, 98.70886978322119
2596.1158096790314, 3838.4658168953015, 98.70886978322119
2596.5935311317444, 3838.4658168953015, 98.70886978322119
2597.1091504096985, 3838.4658168953015, 98.70886978322119
2597.6098103523254, 3838.4658168953015, 98.70886978322119
2598.36478805542, 3045.485097344792, 2525.7848158415904
2599.412981033325, 2542.5858108438165, 1769.4238343994286
2600.3494737148285, 1560.6053782322542, 734.9445881449245
2601.115422964096, 1560.6053782322542, 734.9445881449245
2601.6001250743866, 1560.6053782322542, 734.9445881449245
2602.315210580826, 113.08299602228209, 1513.7331287800928
2603.07816696167, 113.08299602228209, 1513.7331287800928
2603.8311507701874, 3425.9829689420726, 1653.7107765470278
2604.839450597763, 2202.8712901141284, 2496.6183252656083
2611.636253118515, 2619.7553127914944, 144.005596557643
2612.3423619270325, 1984.847284350514, -3216.779852736888
2613.3406875133514, 765.5121292635814, 420.8278259205078
2614.401846408844, 236855.19345846574, 856.2589901616484
2617.7628467082977, 2021.5364394185683, 377.60537335276973
2618.345287322998, 1639.4517550819933, 1397.0001227882542
2619.0404262542725, 1639.4517550819933, 1397.0001227882542
2619.5710051059723, 1639.4517550819933, 1397.0001227882542
2620.0497238636017, 1639.4517550819933, 1397.0001227882542
2620.574320793152, 1639.4517550819933, 1397.0001227882542
2621.0739822387695, 1639.4517550819933, 1397.0001227882542
2621.864865064621, 3806.0004604725355, 598.1030357102728
2622.931009531021, 2671.934477694676, 1631.9976462143495
2623.648089170456, 2671.934477694676, 1631.9976462143495
2624.130796432495, 2671.934477694676, 1631.9976462143495
2624.6464171409607, 2671.934477694676, 1631.9976462143495
2625.1600403785706, 2671.934477694676, 1631.9976462143495
2625.877121448517, 3908.809849810197, 524.2750734260644
2626.548324584961, 3908.809849810197, 524.2750734260644
2627.4359481334686, 2087.5418317268663, 2260.9986080647914
2628.0712463855743, 2087.5418317268663, 2260.9986080647914
2628.5739018917084, 2087.5418317268663, 2260.9986080647914
2629.3687732219696, 2735.441449729148, 3018.910270183615
2630.083858728409, 2735.441449729148, 3018.910270183615
2630.5506086349487, 2735.441449729148, 3018.910270183615
2631.050269842148, 2735.441449729148, 3018.910270183615
2631.571874856949, 2735.441449729148, 3018.910270183615
2632.0436120033264, 2735.441449729148, 3018.910270183615
2632.559230566025, 2735.441449729148, 3018.910270183615
2633.022988796234, 2735.441449729148, 3018.910270183615
2633.885678768158, 1531.3732838523367, 1037.139184311137
2634.611734867096, 1531.3732838523367, 1037.139184311137
2635.067514896393, 1531.3732838523367, 1037.139184311137
2635.904275417328, 654.2616481457399, 2673.293529505117
2636.58943939209, 654.2616481457399, 2673.293529505117
2637.072147130966, 654.2616481457399, 2673.293529505117
2638.8224613666534, 687.9768849273213, 1676.9768506134092
2639.5395410060883, 687.9768849273213, 1676.9768506134092
2640.0481798648834, 687.9768849273213, 1676.9768506134092
2640.5488390922546, 687.9768849273213, 1676.9768506134092
2641.0385279655457, 687.9768849273213, 1676.9768506134092
2641.5431776046753, 687.9768849273213, 1676.9768506134092
2642.0448343753815, 687.9768849273213, 1676.9768506134092
2642.945422410965, 1835.5268268964148, 2874.731412289085
2643.646544933319, 1835.5268268964148, 2874.731412289085
2644.122273206711, 1835.5268268964148, 2874.731412289085
2644.64786362648, 1835.5268268964148, 2874.731412289085
2645.14453458786, 1835.5268268964148, 2874.731412289085
2645.638212442398, 1835.5268268964148, 2874.731412289085
2646.149842739105, 1835.5268268964148, 2874.731412289085
2646.6515004634857, 1835.5268268964148, 2874.731412289085
2647.368580341339, 1223.3035143573088, -1027.150050188086
2648.104609489441, 1223.3035143573088, -1027.150050188086
2648.6122496128082, 1223.3035143573088, -1027.150050188086
2649.1248772144318, 1223.3035143573088, -1027.150050188086
2649.5317873954773, 1223.3035143573088, -1027.150050188086
2650.1092431545258, 1223.3035143573088, -1027.150050188086
2650.7565088272095, 873.8530836738756, 156.22234440004243
2651.1634187698364, 873.8530836738756, 156.22234440004243
2651.6541056632996, 873.8530836738756, 156.22234440004243
2652.154765844345, 873.8530836738756, 156.22234440004243
2652.6574223041534, 873.8530836738756, 156.22234440004243
2653.1790232658386, 873.8530836738756, 156.22234440004243
2653.8153190612793, 3333.775766369052, 1041.4671423251375
2654.952276468277, 782.3452628246232, 1427.782912915362
2655.6753389835358, 782.3452628246232, 1427.782912915362
2656.193950176239, 782.3452628246232, 1427.782912915362
2656.7205407619476, 782.3452628246232, 1427.782912915362
2657.2790451049805, 782.3452628246232, 1427.782912915362
2658.3182628154755, 1776.7457719121767, 1591.0685407481467
2659.0263657569885, 1776.7457719121767, 1591.0685407481467
2659.564924478531, 1776.7457719121767, 1591.0685407481467
2660.040650367737, 1776.7457719121767, 1591.0685407481467
2660.564249277115, 1776.7457719121767, 1591.0685407481467
2661.062913417816, 1776.7457719121767, 1591.0685407481467
2661.5545988082886, 1776.7457719121767, 1591.0685407481467
2662.039299726486, 1776.7457719121767, 1591.0685407481467
2662.540956735611, 1776.7457719121767, 1591.0685407481467
2663.013691186905, 1776.7457719121767, 1591.0685407481467
2663.568205356598, 1776.7457719121767, 1591.0685407481467
2664.0549030303955, 1776.7457719121767, 1591.0685407481467
2664.5495779514313, 1776.7457719121767, 1591.0685407481467
2665.029294490814, 1776.7457719121767, 1591.0685407481467
2665.8610665798187, 1414.7144773599985, 2864.20496376822
2667.809849023819, 2301.317220908569, 634.716410997421
2668.6027269363403, 2301.317220908569, 634.716410997421
2669.0964045524597, 2301.317220908569, 634.716410997421
2669.5761201381683, 2301.317220908569, 634.716410997421
2670.166540622711, 2301.317220908569, 634.716410997421
2670.611349582672, 2301.317220908569, 634.716410997421
2671.462071418762, 3639.935801679594, 1639.0448046997356
2672.491314649582, 423.98978111551025, 2372.581040895088
2673.1824650764465, 423.98978111551025, 2372.581040895088
2673.7479496002197, 423.98978111551025, 2372.581040895088
2674.181789636612, 423.98978111551025, 2372.581040895088
2674.7512645721436, 423.98978111551025, 2372.581040895088
2675.2329738140106, 423.98978111551025, 2372.581040895088
2675.7126893997192, 423.98978111551025, 2372.581040895088
2676.151516199112, 423.98978111551025, 2372.581040895088
2676.698051929474, 423.98978111551025, 2372.581040895088
2677.175773859024, 423.98978111551025, 2372.581040895088
2677.740261554718, 423.98978111551025, 2372.581040895088
2678.1890604496, 423.98978111551025, 2372.581040895088
2678.7266199588776, 423.98978111551025, 2372.581040895088
2679.2103250026703, 423.98978111551025, 2372.581040895088
2679.73192858696, 423.98978111551025, 2372.581040895088
2680.205661058426, 423.98978111551025, 2372.581040895088
2680.9227409362793, 283.9359676654971, 2842.116954298934
2681.6787164211273, 283.9359676654971, 2842.116954298934
2682.1773810386658, 283.9359676654971, 2842.116954298934
2682.6221899986267, 283.9359676654971, 2842.116954298934
2683.1537668704987, 283.9359676654971, 2842.116954298934
2683.6574189662933, 283.9359676654971, 2842.116954298934
2684.203955411911, 283.9359676654971, 2842.116954298934
2684.612860441208, 283.9359676654971, 2842.116954298934
2685.1703674793243, 283.9359676654971, 2842.116954298934
2685.6281418800354, 283.9359676654971, 2842.116954298934
2686.1637086868286, 283.9359676654971, 2842.116954298934
2686.792026281357, 2597.9625696152857, 367.6516355199674
2687.6098358631134, 2597.9625696152857, 367.6516355199674
2688.3807721138, 156.4726522173544, 697.3227493431331
2689.3751106262207, 2695.4830740242915, 2591.569815790924
2690.412333726883, 1320.172947723933, 2030.8306348402125
2691.3996891975403, 362.29629733375145, 59235.53772234895
2692.389040708542, 1608.596635716727, 1241.0496382731983
2693.090163707733, 1608.596635716727, 1241.0496382731983
2693.6456758975983, 1608.596635716727, 1241.0496382731983
2694.1313755512238, 1608.596635716727, 1241.0496382731983
2694.6310374736786, 1608.596635716727, 1241.0496382731983
2695.1237189769745, 1608.596635716727, 1241.0496382731983
2695.614404439926, 1608.596635716727, 1241.0496382731983
2696.116061925888, 1608.596635716727, 1241.0496382731983
2696.626694202423, 1608.596635716727, 1241.0496382731983
2697.12336397171, 1608.596635716727, 1241.0496382731983
2697.5921099185944, 1608.596635716727, 1241.0496382731983
2698.134656906128, 1608.596635716727, 1241.0496382731983
2698.893623828888, 1144.7452840404935, 298.77184391902966
2699.5728068351746, 1144.7452840404935, 298.77184391902966
2700.1273214817047, 1144.7452840404935, 298.77184391902966
2700.588088274002, 1144.7452840404935, 298.77184391902966
2701.1286408901215, 1144.7452840404935, 298.77184391902966
2701.778899669647, 1929.293560795959, 1531.6336034792632
2702.162871360779, 1929.293560795959, 1531.6336034792632
2702.609675168991, 1929.293560795959, 1531.6336034792632
2703.1771552562714, 1929.293560795959, 1531.6336034792632
2703.621965408325, 1929.293560795959, 1531.6336034792632
2704.4128470420837, 3818.348563660711, 423.99485086889433
2705.103000640869, 3818.348563660711, 423.99485086889433
2705.6475427150726, 3818.348563660711, 423.99485086889433
2706.108307361603, 3818.348563660711, 423.99485086889433
2706.624925136566, 3818.348563660711, 423.99485086889433
2707.4477219581604, 1039.430377579217, 1772.644088551193
2708.3832166194916, 1867.1135237136937, 2514.3643476020834
2709.0813488960266, 1867.1135237136937, 2514.3643476020834
2709.930075645447, 3409.6849125098533, 13596.412392646098
2710.8964879512787, 1665.3952198120176, 396.5148468034427
2713.9323592185974, 3175.222311341997, 1768.0125064226477
2714.870847940445, 3383.450545692222, 12.537787729799312
2715.556012868881, 3383.450545692222, 12.537787729799312
2716.1145169734955, 3383.450545692222, 12.537787729799312
2716.8784716129303, 2201.0160130894496, 686.829462024524
2717.5656311511993, 2201.0160130894496, 686.829462024524
2718.592881679535, 1515.9482116797496, -15.66727863135069
2719.3678064346313, 1515.9482116797496, -15.66727863135069
2720.752099752426, 950.6535094574996, 2077.7329330148254
2721.4661886692047, 950.6535094574996, 2077.7329330148254
2722.4006860256195, 950.6535094574996, 2077.7329330148254
2723.475806951523, 950.6535094574996, 2077.7329330148254
2724.450199842453, 950.6535094574996, 2077.7329330148254
2725.4664781093597, 950.6535094574996, 2077.7329330148254
2726.4697914123535, 950.6535094574996, 2077.7329330148254
2727.459143638611, 950.6535094574996, 2077.7329330148254
2728.4235610961914, 950.6535094574996, 2077.7329330148254
2729.476741552353, 950.6535094574996, 2077.7329330148254
2730.4142322540283, 950.6535094574996, 2077.7329330148254
2731.344739675522, 887.8458956906744, 3180.1468990051426
2732.108694076538, 887.8458956906744, 3180.1468990051426
2732.604367017746, 887.8458956906744, 3180.1468990051426
2733.098044157028, 887.8458956906744, 3180.1468990051426
2733.5897290706635, 887.8458956906744, 3180.1468990051426
2734.3636572360992, -20561.922843849607, 1497.9236127256943
2735.092704296112, -20561.922843849607, 1497.9236127256943
2735.6202917099, -20561.922843849607, 1497.9236127256943
2736.0970146656036, -20561.922843849607, 1497.9236127256943
2736.8340413570404, -56870.647568253546, 811.6234836703866
2737.607970714569, -56870.647568253546, 811.6234836703866
2738.14453291893, -56870.647568253546, 811.6234836703866
2738.6252460479736, -56870.647568253546, 811.6234836703866
2739.079031229019, -56870.647568253546, 811.6234836703866
2739.6255683898926, -56870.647568253546, 811.6234836703866
2740.5500922203064, 712.4980586654393, 438.38986423040154
2741.1774139404297, 712.4980586654393, 438.38986423040154
2741.7379128932953, 712.4980586654393, 438.38986423040154
2742.1936922073364, 712.4980586654393, 438.38986423040154
2742.752196788788, 712.4980586654393, 438.38986423040154
2743.1980028152466, 712.4980586654393, 438.38986423040154
2743.7216007709503, 712.4980586654393, 438.38986423040154
2744.2092957496643, 712.4980586654393, 438.38986423040154
2744.8974521160126, 1882.2336218852267, 2891.9058704824424
2745.598575115204, 1882.2336218852267, 2891.9058704824424
2746.137134075165, 1882.2336218852267, 2891.9058704824424
2746.6138565540314, 1882.2336218852267, 2891.9058704824424
2747.11052775383, 1882.2336218852267, 2891.9058704824424
2747.5802710056305, 1882.2336218852267, 2891.9058704824424
2748.11683344841, 1882.2336218852267, 2891.9058704824424
2748.5466825962067, 1882.2336218852267, 2891.9058704824424
2749.148072242737, 1882.2336218852267, 2891.9058704824424
2749.6178150177, 1882.2336218852267, 2891.9058704824424
2750.3937363624573, 2214.1837346309812, 1647.445276781073
2751.3282341957092, 459.27738965373163, -854.3590674805187
2752.3923852443695, 3862.268296027068, 1629.4936430647424
2753.411656141281, 3922.3394289407, 1508.5829666087595
2754.1536707878113, 3922.3394289407, 1508.5829666087595
2754.909645795822, 565.1251462159042, 126.39208946071729
2755.6406881809235, 565.1251462159042, 126.39208946071729
2756.4265847206116, 2580.0490675699098, 1270.7741695558236
2757.0728549957275, 2580.0490675699098, 1270.7741695558236
2757.6124091148376, 2580.0490675699098, 1270.7741695558236
2758.392320394516, 267.72697700060274, 1528.093479346467
2759.1253592967987, 267.72697700060274, 1528.093479346467
2759.953141450882, 3676.4341722412964, 141.9618533762981
2760.6482803821564, 3676.4341722412964, 141.9618533762981
2761.1569187641144, 3676.4341722412964, 141.9618533762981
2761.6306517124176, 3676.4341722412964, 141.9618533762981
2762.1712033748627, 3676.4341722412964, 141.9618533762981
2762.64493560791, 3676.4341722412964, 141.9618533762981
2763.184489965439, 3676.4341722412964, 141.9618533762981
2763.6233162879944, 3676.4341722412964, 141.9618533762981
2764.349372625351, 2532.5638929673783, 1230.345311477542
2765.0993633270264, 2532.5638929673783, 1230.345311477542
2765.56312251091, 2532.5638929673783, 1230.345311477542
2766.0847249031067, 2532.5638929673783, 1230.345311477542
2766.551476240158, 2532.5638929673783, 1230.345311477542
2767.0770683288574, 2532.5638929673783, 1230.345311477542
2767.577728033066, 2532.5638929673783, 1230.345311477542
2768.5840339660645, 949.7641950139893, 887.617510935043
2769.3848893642426, 3760.493002318312, 2146.8572679713984
2770.069056749344, 3760.493002318312, 2146.8572679713984
2770.6215801239014, 3760.493002318312, 2146.8572679713984
2771.373565196991, 1483.410207025574, 102084.27735282759
2772.069701910019, 1483.410207025574, 102084.27735282759
2777.867178440094, 2340.5005254815774, 389.76376894845674
2785.664302110672, 2466.003253913331, -429.53263038517053
2786.408311367035, 7634.999465011581, 25038.972331100027
2787.3458001613617, 1603.5129586716164, 2301.369626339126
2788.427903175354, 3313.515279465987, 1048.6034852202451
2789.113071203232, 3313.515279465987, 1048.6034852202451
2789.641653060913, 3313.515279465987, 1048.6034852202451
2790.117379426956, 3313.515279465987, 1048.6034852202451
2790.8962943553925, 3082.984124990336, 6908.55159188606
2791.9085829257965, 2079.1086600355375, 1058.1654360908042
2793.8573660850525, 1980.4475868181707, 1907.6508220149212
2794.5953900814056, 1980.4475868181707, 1907.6508220149212
2795.188801050186, 1980.4475868181707, 1907.6508220149212
2795.6515624523163, 1980.4475868181707, 1907.6508220149212
2796.108339071274, 1980.4475868181707, 1907.6508220149212
2796.881269931793, 2867.6506691916384, 2561.1262796820633
2797.9524018764496, 2410.6131096778936, 71328.2909718979
2798.636570453644, 2410.6131096778936, 71328.2909718979
2799.1671493053436, 2410.6131096778936, 71328.2909718979
2799.6638197898865, 2410.6131096778936, 71328.2909718979
2800.43874502182, 1998.8979019793476, 1569.46543010403
2801.1129398345947, 1998.8979019793476, 1569.46543010403
2801.644515991211, 1998.8979019793476, 1569.46543010403
2802.1162531375885, 1998.8979019793476, 1569.46543010403
2802.6338675022125, 1998.8979019793476, 1569.46543010403
2803.109593629837, 1998.8979019793476, 1569.46543010403
2803.6242156028748, 1998.8979019793476, 1569.46543010403
2804.0949561595917, 1998.8979019793476, 1569.46543010403
2804.6365056037903, 1998.8979019793476, 1569.46543010403
2805.1321783065796, 1998.8979019793476, 1569.46543010403
2805.639818429947, 1998.8979019793476, 1569.46543010403
2806.108565092087, 1998.8979019793476, 1569.46543010403
2806.6301679611206, 1998.8979019793476, 1569.46543010403
2807.1048986911774, 1998.8979019793476, 1569.46543010403
2807.6314861774445, 1998.8979019793476, 1569.46543010403
2808.1112022399902, 1998.8979019793476, 1569.46543010403
2808.6387898921967, 1998.8979019793476, 1569.46543010403
2809.1135199069977, 1998.8979019793476, 1569.46543010403
2809.6022102832794, 1998.8979019793476, 1569.46543010403
2810.091898918152, 1998.8979019793476, 1569.46543010403
2810.630457162857, 1998.8979019793476, 1569.46543010403
2811.1111698150635, 1998.8979019793476, 1569.46543010403
2811.9020528793335, 287.2675383223038, 786.2139951592649
2812.6620173454285, 287.2675383223038, 786.2139951592649
2813.142730474472, 287.2675383223038, 786.2139951592649
2813.627432346344, 287.2675383223038, 786.2139951592649
2814.1639964580536, 287.2675383223038, 786.2139951592649
2814.654683113098, 287.2675383223038, 786.2139951592649
2815.1633212566376, 287.2675383223038, 786.2139951592649
2815.61910033226, 287.2675383223038, 786.2139951592649
2816.398015022278, -16.533538624152367, 1477.8434040141024
2817.094150543213, -16.533538624152367, 1477.8434040141024
2817.582843065262, -16.533538624152367, 1477.8434040141024
2818.103448867798, -16.533538624152367, 1477.8434040141024
2818.5801723003387, -16.533538624152367, 1477.8434040141024
2819.105765581131, -16.533538624152367, 1477.8434040141024
2819.598446369171, -16.533538624152367, 1477.8434040141024
2820.1190514564514, -16.533538624152367, 1477.8434040141024
2820.6197113990784, -16.533538624152367, 1477.8434040141024
2824.2908828258514, 1992.5432826470492, 2150.4606586397035
2825.131632089615, 1992.5432826470492, 2150.4606586397035
2825.631293773651, 1992.5432826470492, 2150.4606586397035
2826.132951259613, 1992.5432826470492, 2150.4606586397035
2826.6356041431427, 1992.5432826470492, 2150.4606586397035
2827.1472339630127, 1992.5432826470492, 2150.4606586397035
2827.9510822296143, 236.49825765974396, 1700.2020893849867
2828.6791331768036, 236.49825765974396, 1700.2020893849867
2829.1957511901855, 236.49825765974396, 1700.2020893849867
2829.6844415664673, 236.49825765974396, 1700.2020893849867
2830.142216682434, 236.49825765974396, 1700.2020893849867
2830.6777822971344, 236.49825765974396, 1700.2020893849867
2831.164478778839, 236.49825765974396, 1700.2020893849867
2831.6791014671326, 236.49825765974396, 1700.2020893849867
2832.2156641483307, 236.49825765974396, 1700.2020893849867
2832.7322821617126, 236.49825765974396, 1700.2020893849867
2833.198033809662, 236.49825765974396, 1700.2020893849867
2834.012851715088, 1760.5755740569755, 2271.3701572591685
2834.764839410782, 1760.5755740569755, 2271.3701572591685
2835.214634180069, 1760.5755740569755, 2271.3701572591685
2835.7113044261932, 1760.5755740569755, 2271.3701572591685
2836.239889860153, 1760.5755740569755, 2271.3701572591685
2836.6428112983704, 1760.5755740569755, 2271.3701572591685
2837.165411710739, 1760.5755740569755, 2271.3701572591685
2837.6760442256927, 1760.5755740569755, 2271.3701572591685
2839.513126373291, 2047.1089347455572, 1498.297815922555
2840.167373895645, 2047.1089347455572, 1498.297815922555
2840.6480877399445, 2047.1089347455572, 1498.297815922555
2841.1836528778076, 2047.1089347455572, 1498.297815922555
2841.6514015197754, 2047.1089347455572, 1498.297815922555
2842.4442777633667, 1132.7979645197968, 1163.7572609438953
2848.2796547412872, 3258.9270156351117, 69241.65240934638
2848.6307139396667, 3258.9270156351117, 69241.65240934638
2849.1273849010468, 3258.9270156351117, 69241.65240934638
2849.9731199741364, 2001.8426592115918, 2450.3498254302285
2850.5914645195007, 2001.8426592115918, 2450.3498254302285
2851.1270310878754, 2001.8426592115918, 2450.3498254302285
2851.6227033138275, 2001.8426592115918, 2450.3498254302285
2852.147298812866, 2001.8426592115918, 2450.3498254302285
2852.5631856918335, 2001.8426592115918, 2450.3498254302285
2853.1585915088654, 2001.8426592115918, 2450.3498254302285
2853.6602482795715, 2001.8426592115918, 2450.3498254302285
2854.2007999420166, 2001.8426592115918, 2450.3498254302285
2855.012626647949, 2181.1121918600097, 877.2114104628038
2855.6828327178955, 2181.1121918600097, 877.2114104628038
2856.2233879566193, 2181.1121918600097, 877.2114104628038
2856.676172018051, 2181.1121918600097, 877.2114104628038
2857.178827047348, 2181.1121918600097, 877.2114104628038
2857.687467098236, 2181.1121918600097, 877.2114104628038
2858.3636541366577, 1916.133805524464, 701.4517765847285
2859.04283618927, 1916.133805524464, 701.4517765847285
2859.5863814353943, 1916.133805524464, 701.4517765847285
2862.97131896019, 3596.7842292193077, 158.99832549379755
2863.727294445038, 3596.7842292193077, 158.99832549379755
2864.241917848587, 3596.7842292193077, 158.99832549379755
2864.700688123703, 3596.7842292193077, 158.99832549379755
2865.216309070587, 3596.7842292193077, 158.99832549379755
2865.7040009498596, 3596.7842292193077, 158.99832549379755
2866.2026660442352, 3596.7842292193077, 158.99832549379755
2866.710307121277, 3596.7842292193077, 158.99832549379755
2867.263824939728, 3596.7842292193077, 158.99832549379755
2867.7315723896027, 3596.7842292193077, 158.99832549379755
2868.2112877368927, 3596.7842292193077, 158.99832549379755
2868.7079598903656, 3596.7842292193077, 158.99832549379755
2869.2136056423187, 3596.7842292193077, 158.99832549379755
2869.7092776298523, 3596.7842292193077, 158.99832549379755
2870.225895166397, 3596.7842292193077, 158.99832549379755
2870.726554632187, 3596.7842292193077, 158.99832549379755
2871.1903128623962, 3596.7842292193077, 158.99832549379755
2871.7059338092804, 3596.7842292193077, 158.99832549379755
2872.220554828644, 3596.7842292193077, 158.99832549379755
2872.7222118377686, 3596.7842292193077, 158.99832549379755
2873.463226556778, 1068.830874145033, 2335.3327515469605
2874.119470357895, 1068.830874145033, 2335.3327515469605
2874.644066095352, 1068.830874145033, 2335.3327515469605
2875.1048345565796, 1068.830874145033, 2335.3327515469605
2875.6394011974335, 1068.830874145033, 2335.3327515469605
2876.1310851573944, 1068.830874145033, 2335.3327515469605
2876.6696417331696, 1068.830874145033, 2335.3327515469605
2877.1154487133026, 1068.830874145033, 2335.3327515469605
2877.638049840927, 1068.830874145033, 2335.3327515469605
2878.112778902054, 1068.830874145033, 2335.3327515469605
2878.650339603424, 1068.830874145033, 2335.3327515469605
2879.122076511383, 1068.830874145033, 2335.3327515469605
2879.640686750412, 1068.830874145033, 2335.3327515469605
2880.10245013237, 1068.830874145033, 2335.3327515469605
2885.5618345737457, 544.3291996520419, 2472.000047905345
2886.387622356415, 2267.3381172741806, 278.88955736021325
2888.4112045764923, 65.92471294584425, 1483.2479805256662
2889.06844496727, 65.92471294584425, 1483.2479805256662
2889.6279470920563, 65.92471294584425, 1483.2479805256662
2890.125615119934, 65.92471294584425, 1483.2479805256662
2890.6482150554657, 65.92471294584425, 1483.2479805256662
2891.107985496521, 65.92471294584425, 1483.2479805256662
2891.6265959739685, 65.92471294584425, 1483.2479805256662
2892.141218185425, 65.92471294584425, 1483.2479805256662
2892.9101598262787, 1181.0575641802259, 1400.3929785651892
2893.8536326885223, 3510.305136530575, 2045.7935493043353
2894.601630449295, 3510.305136530575, 2045.7935493043353
2895.119245290756, 3510.305136530575, 2045.7935493043353
2895.579014778137, 3510.305136530575, 2045.7935493043353
2896.1474924087524, 3510.305136530575, 2045.7935493043353
2897.209648370743, 335.43662698518824, 1109.0037382566695
2897.824999332428, 335.43662698518824, 1109.0037382566695
2898.8702013492584, 335.43662698518824, 1109.0037382566695
2899.79971241951, 335.43662698518824, 1109.0037382566695
2900.8489038944244, 335.43662698518824, 1109.0037382566695
2901.8073375225067, 335.43662698518824, 1109.0037382566695
2902.8286032676697, 335.43662698518824, 1109.0037382566695
2903.817953824997, 335.43662698518824, 1109.0037382566695
2904.867145061493, 335.43662698518824, 1109.0037382566695
2905.820592880249, 335.43662698518824, 1109.0037382566695
2906.830888032913, 335.43662698518824, 1109.0037382566695
2907.8601315021515, 335.43662698518824, 1109.0037382566695
2908.895359516144, 2671.039560038613, 1143.3451376585642
2909.6194202899933, 2671.039560038613, 1143.3451376585642
2910.0941503047943, 2671.039560038613, 1143.3451376585642
2910.63570022583, 2671.039560038613, 1143.3451376585642
2911.1473305225372, 2671.039560038613, 1143.3451376585642
2911.6509816646576, 2671.039560038613, 1143.3451376585642
2912.1616146564484, 2671.039560038613, 1143.3451376585642
2912.878694295883, 310.37548473099406, 641.735310191938
2913.6286866664886, 310.37548473099406, 641.735310191938
2914.1542797088623, 310.37548473099406, 641.735310191938
2914.564181804657, 310.37548473099406, 641.735310191938
2915.153604030609, 310.37548473099406, 641.735310191938
2915.61536693573, 310.37548473099406, 641.735310191938
2917.644933462143, 3418.9434055945203, 972.991706874318
2918.398914575577, 3418.9434055945203, 972.991706874318
2919.4191830158234, 3418.9434055945203, 972.991706874318
2920.4025495052338, 3418.9434055945203, 972.991706874318
2921.3330578804016, 3418.9434055945203, 972.991706874318
2922.383246898651, 3418.9434055945203, 972.991706874318
2923.32173371315, 3418.9434055945203, 972.991706874318
2924.433755874634, 3418.9434055945203, 972.991706874318
2925.320381641388, 3418.9434055945203, 972.991706874318
2926.3217005729675, 3418.9434055945203, 972.991706874318
2927.3439626693726, 3418.9434055945203, 972.991706874318
2928.37619972229, 3418.9434055945203, 972.991706874318
2929.3466012477875, 3418.9434055945203, 972.991706874318
2930.383824110031, 3418.9434055945203, 972.991706874318
2931.386140346527, 3735.3787588191817, 1898.94499454484
2932.103219985962, 3735.3787588191817, 1898.94499454484
2932.590916633606, 3735.3787588191817, 1898.94499454484
2933.178341150284, 3735.3787588191817, 1898.94499454484
2933.6341207027435, 3735.3787588191817, 1898.94499454484
2934.1168279647827, 3735.3787588191817, 1898.94499454484
2934.595545530319, 3735.3787588191817, 1898.94499454484
2935.3734636306763, 2100.3771129856223, 217.09660237755827
2936.072591304779, 2100.3771129856223, 217.09660237755827
2936.624114513397, 2100.3771129856223, 217.09660237755827
2937.0778987407684, 2100.3771129856223, 217.09660237755827
2937.5815505981445, 2100.3771129856223, 217.09660237755827
2938.045308828354, 2100.3771129856223, 217.09660237755827
2938.615781545639, 2100.3771129856223, 217.09660237755827
2939.095497608185, 2100.3771129856223, 217.09660237755827
2939.842496395111, 3161.9537871870734, 1233.0430943103306
2940.8906905651093, 264.6465077144762, 542.141328161656
2941.834163427353, 2072.754983380964, 2381.161254570392
2942.849445581436, 304.66091692960185, 2717.0699067085334
2944.2257599830627, 3837.9947800915584, 609.330666633572
2944.9169092178345, 3837.9947800915584, 609.330666633572
2945.923214673996, 3837.9947800915584, 609.330666633572
2946.869680404663, 3837.9947800915584, 609.330666633572
2949.4208505153656, 1166.6954616827275, 2972.603689375249
2950.134937286377, 1166.6954616827275, 2972.603689375249
2950.861992120743, 2435.7693922138296, 1715.1464503310565
2951.5920372009277, 2435.7693922138296, 1715.1464503310565
2952.110648393631, 2435.7693922138296, 1715.1464503310565
2952.601333141327, 2435.7693922138296, 1715.1464503310565
2953.372268676758, 3073.333772289779, 596.7465587945862
2954.1212635040283, 3073.333772289779, 596.7465587945862
2954.627908706665, 3073.333772289779, 596.7465587945862
2955.095654964447, 3073.333772289779, 596.7465587945862
2955.6631348133087, 3073.333772289779, 596.7465587945862
2956.0909893512726, 3073.333772289779, 596.7465587945862
2956.64749956131, 3073.333772289779, 596.7465587945862
2957.1282126903534, 3073.333772289779, 596.7465587945862
2957.6268780231476, 3073.333772289779, 596.7465587945862
2958.11457157135, 3073.333772289779, 596.7465587945862
2958.6222109794617, 3073.333772289779, 596.7465587945862
2959.1059169769287, 3073.333772289779, 596.7465587945862
2959.632506608963, 3073.333772289779, 596.7465587945862
2960.1471281051636, 3073.333772289779, 596.7465587945862
2960.618865251541, 3073.333772289779, 596.7465587945862
2961.1584203243256, 3073.333772289779, 596.7465587945862
2961.58527803421, 3073.333772289779, 596.7465587945862
2962.1288225650787, 3073.333772289779, 596.7465587945862
2962.5885906219482, 3073.333772289779, 596.7465587945862
2963.4223585128784, -6.310101736288877, 2604.249346063234
2964.1534016132355, -6.310101736288877, 2604.249346063234
2964.6301259994507, -6.310101736288877, 2604.249346063234
2965.662361383438, 835.4099291598643, 469.99624454551787
2966.427311897278, 835.4099291598643, 469.99624454551787
2967.398711681366, 835.4099291598643, 469.99624454551787
2968.3641266822815, 835.4099291598643, 469.99624454551787
2969.398357152939, 835.4099291598643, 469.99624454551787
2970.4006731510162, 835.4099291598643, 469.99624454551787
2971.3162219524384, 835.4099291598643, 469.99624454551787
2972.338484287262, 835.4099291598643, 469.99624454551787
2973.3876745700836, 835.4099291598643, 469.99624454551787
2974.378024339676, 835.4099291598643, 469.99624454551787
2975.3663787841797, 835.4099291598643, 469.99624454551787
2976.420553922653, 835.4099291598643, 469.99624454551787
2977.397937297821, 2414.3071113900555, 1039.573547125898
2978.1090331077576, 2414.3071113900555, 1039.573547125898
2978.6266474723816, 2414.3071113900555, 1039.573547125898
2979.1003782749176, 2414.3071113900555, 1039.573547125898
2979.6239759922028, 2414.3071113900555, 1039.573547125898
2980.1096761226654, 2414.3071113900555, 1039.573547125898
2980.610335826874, 2414.3071113900555, 1039.573547125898
2981.117976665497, 2414.3071113900555, 1039.573547125898
2981.632598400116, 2414.3071113900555, 1039.573547125898
2982.0534722805023, 2414.3071113900555, 1039.573547125898
2982.6010053157806, 2414.3071113900555, 1039.573547125898
2983.085707426071, 2414.3071113900555, 1039.573547125898
2983.624265432358, 2414.3071113900555, 1039.573547125898
2984.1009891033173, 2414.3071113900555, 1039.573547125898
2984.916804075241, 2007.2958958147499, 1094.8559640335777
2985.9121391773224, 985.6078701943287, 1182.0551217057434
2986.9952387809753, 1056.7993312422777, 1443.3862934951972
2987.700350522995, 1056.7993312422777, 1443.3862934951972
2988.2299325466156, 1056.7993312422777, 1443.3862934951972
2988.7375733852386, 1056.7993312422777, 1443.3862934951972
2989.2801213264465, 1056.7993312422777, 1443.3862934951972
2989.6870317459106, 1056.7993312422777, 1443.3862934951972
2990.236560821533, 1056.7993312422777, 1443.3862934951972
2990.7152786254883, 1056.7993312422777, 1443.3862934951972
2991.272784948349, 1056.7993312422777, 1443.3862934951972
2991.7445225715637, 1056.7993312422777, 1443.3862934951972
2992.265128135681, 1056.7993312422777, 1443.3862934951972
2992.7488329410553, 1056.7993312422777, 1443.3862934951972
2993.4679074287415, 1365.955535660349, 287.9343650013019
2995.482512950897, 3320.3440390846745, 1685.7818587149302
2996.1008582115173, 3320.3440390846745, 1685.7818587149302
2996.6683387756348, 3320.3440390846745, 1685.7818587149302
2997.1500482559204, 3320.3440390846745, 1685.7818587149302
2997.63774228096, 3320.3440390846745, 1685.7818587149302
2998.148378133774, 3320.3440390846745, 1685.7818587149302
2998.6689817905426, 3320.3440390846745, 1685.7818587149302
2999.1536836624146, 3320.3440390846745, 1685.7818587149302
2999.6593294143677, 3320.3440390846745, 1685.7818587149302
3000.200880050659, 3320.3440390846745, 1685.7818587149302
3000.617762565613, 3320.3440390846745, 1685.7818587149302
3001.1573202610016, 3320.3440390846745, 1685.7818587149302
3001.6340415477753, 3320.3440390846745, 1685.7818587149302
3002.1606311798096, 3320.3440390846745, 1685.7818587149302
3002.6233932971954, 3320.3440390846745, 1685.7818587149302
3003.163945198059, 3320.3440390846745, 1685.7818587149302
3003.62770318985, 3320.3440390846745, 1685.7818587149302
3004.3707139492035, 3333.7143807575185, 12587.915044215228
3005.3810086250305, 11876.205692763033, 2888.523507954706
3006.4351856708527, 147.8241505578282, 1757.90822071305
3007.525267601013, 2434.5027481389575, 1480.4834607269838
3008.6911454200745, 1982.5518829938928, 2571.000381769371
3009.3623480796814, 1982.5518829938928, 2571.000381769371
3010.402564048767, 682.4040158233233, 1195.2454971434697
3011.094709634781, 682.4040158233233, 1195.2454971434697
3011.56445145607, 682.4040158233233, 1195.2454971434697
3012.0940341949463, 682.4040158233233, 1195.2454971434697
3012.5996799468994, 682.4040158233233, 1195.2454971434697
3013.1133053302765, 682.4040158233233, 1195.2454971434697
3013.6209449768066, 682.4040158233233, 1195.2454971434697
3014.042816400528, 682.4040158233233, 1195.2454971434697
3014.612291097641, 682.4040158233233, 1195.2454971434697
3015.8868777751923, 2980.0791209151034, 265.7667874892771
3017.0886600017548, 1739.4107873073692, 1683.0170132560027
3017.8276813030243, 1739.4107873073692, 1683.0170132560027
3018.8220183849335, 1739.4107873073692, 1683.0170132560027
3019.8033912181854, 1739.4107873073692, 1683.0170132560027
3020.8136863708496, 1739.4107873073692, 1683.0170132560027
3021.7292342185974, 1739.4107873073692, 1683.0170132560027
3022.3196539878845, 1739.4107873073692, 1683.0170132560027
3023.3179800510406, 1739.4107873073692, 1683.0170132560027
3024.402077436447, 3239.3222041298195, 1682.804958912244
3025.4014015197754, 2157.117978820842, 1977.4491906827222
3026.0815818309784, 2157.117978820842, 1977.4491906827222
3026.6321070194244, 2157.117978820842, 1977.4491906827222
3027.1018476486206, 2157.117978820842, 1977.4491906827222
3027.607494354248, 2157.117978820842, 1977.4491906827222
3028.107157230377, 2157.117978820842, 1977.4491906827222
3030.864774465561, 2710.6750246917272, 1111.8359612494048
3032.0107049942017, 1887.335894869037, 346.4783580149866
3032.6878905296326, 1887.335894869037, 346.4783580149866
3033.1965301036835, 1887.335894869037, 346.4783580149866
3033.688212156296, 1887.335894869037, 346.4783580149866
3034.24871134758, 1887.335894869037, 346.4783580149866
3034.6715788841248, 1887.335894869037, 346.4783580149866
3035.197172164917, 1887.335894869037, 346.4783580149866
3035.7018208503723, 1887.335894869037, 346.4783580149866
3036.221429824829, 1887.335894869037, 346.4783580149866
3036.6831941604614, 1887.335894869037, 346.4783580149866
3037.3254737854004, 50.704107236885235, 1414.9116770913827
3038.1123666763306, 50.704107236885235, 1414.9116770913827
3038.61701631546, 50.704107236885235, 1414.9116770913827
3039.155572414398, 50.704107236885235, 1414.9116770913827
3039.61634016037, 50.704107236885235, 1414.9116770913827
3040.150908470154, 50.704107236885235, 1414.9116770913827
3040.6455838680267, 50.704107236885235, 1414.9116770913827
3041.1153259277344, 50.704107236885235, 1414.9116770913827
3041.6299481391907, 50.704107236885235, 1414.9116770913827
3042.119636297226, 50.704107236885235, 1414.9116770913827
3042.6242847442627, 50.704107236885235, 1414.9116770913827
3043.0960233211517, 50.704107236885235, 1414.9116770913827
3043.616628408432, 50.704107236885235, 1414.9116770913827
3044.07440328598, 50.704107236885235, 1414.9116770913827
3045.190415620804, 814.1527710333219, 1960.1373578842336
3045.923450946808, 814.1527710333219, 1960.1373578842336
3046.8998370170593, 814.1527710333219, 1960.1373578842336
3047.9590017795563, 3858.4339359827513, 1732.3201834896056
3048.569366455078, 3858.4339359827513, 1732.3201834896056
3049.107924222946, 3858.4339359827513, 1732.3201834896056
3050.2019958496094, 46837.29014185047, 1590.315974926667
3050.921068429947, 46837.29014185047, 1590.315974926667
3051.8136796951294, 46837.29014185047, 1590.315974926667
3052.8489084243774, 46837.29014185047, 1590.315974926667
3053.9559440612793, 46837.29014185047, 1590.315974926667
3054.861518383026, 46837.29014185047, 1590.315974926667
3055.856854200363, 46837.29014185047, 1590.315974926667
3056.9170138835907, 46837.29014185047, 1590.315974926667
3057.859491586685, 46837.29014185047, 1590.315974926667
3058.8598127365112, 46837.29014185047, 1590.315974926667
3059.8581399917603, 46837.29014185047, 1590.315974926667
3060.8903753757477, 2522.7964335797806, 2689.602929246794
3061.8847126960754, -11806.4777092432, 1309.0943104662829
3062.920938014984, 198.38991962117345, 2984.552663877817
3063.606103181839, 198.38991962117345, 2984.552663877817
3064.1685979366302, 198.38991962117345, 2984.552663877817
3064.6183931827545, 198.38991962117345, 2984.552663877817
3065.1519639492035, 198.38991962117345, 2984.552663877817
3065.5937819480896, 198.38991962117345, 2984.552663877817
3066.125358104706, 198.38991962117345, 2984.552663877817
3066.6310045719147, 198.38991962117345, 2984.552663877817
3067.384984731674, 2295.6771128952146, 1741.8536510939311
3068.4999997615814, 1111.0092698327342, -3967.6366059743787
3069.3168120384216, 3722.1883939395743, 1434.9024236349712
3070.0697960853577, 3722.1883939395743, 1434.9024236349712
3070.6113460063934, 3722.1883939395743, 1434.9024236349712
3071.1329488754272, 3722.1883939395743, 1434.9024236349712
3071.5827448368073, 3722.1883939395743, 1434.9024236349712
3072.103351354599, 3722.1883939395743, 1434.9024236349712
3072.6099939346313, 3722.1883939395743, 1434.9024236349712
3073.1056668758392, 3722.1883939395743, 1434.9024236349712
3073.618294239044, 3722.1883939395743, 1434.9024236349712
3074.4430859088898, 3652.22778202235, 2956.9827683288163
3075.161164045334, 3652.22778202235, 2956.9827683288163
3075.6717958450317, 3652.22778202235, 2956.9827683288163
3076.129570245743, 3652.22778202235, 2956.9827683288163
3076.664139032364, 3652.22778202235, 2956.9827683288163
3077.1538274288177, 3652.22778202235, 2956.9827683288163
3077.654487848282, 3652.22778202235, 2956.9827683288163
3078.145173549652, 3652.22778202235, 2956.9827683288163
3078.671763420105, 3652.22778202235, 2956.9827683288163
3079.117570877075, 3652.22778202235, 2956.9827683288163
3079.6361804008484, 3652.22778202235, 2956.9827683288163
3080.157784461975, 3652.22778202235, 2956.9827683288163
3080.6484723091125, 3652.22778202235, 2956.9827683288163
3081.127188682556, 3652.22778202235, 2956.9827683288163
3081.6856939792633, 3652.22778202235, 2956.9827683288163
3082.1883471012115, 3652.22778202235, 2956.9827683288163
3082.6900041103363, 3652.22778202235, 2956.9827683288163
3083.1916608810425, 3652.22778202235, 2956.9827683288163
3084.090254545212, 262.2427448994293, 1776.497745856375
3084.7375214099884, 262.2427448994293, 1776.497745856375
3085.2641117572784, 262.2427448994293, 1776.497745856375
3085.73784327507, 262.2427448994293, 1776.497745856375
3086.291359901428, 262.2427448994293, 1776.497745856375
3087.38942027092, 149.47855402800542, 342.86462099913746
3088.117470741272, 149.47855402800542, 342.86462099913746
3088.634088039398, 149.47855402800542, 342.86462099913746
3089.0878727436066, 149.47855402800542, 342.86462099913746
3089.6194491386414, 149.47855402800542, 342.86462099913746
3090.1181132793427, 149.47855402800542, 342.86462099913746
3090.6048107147217, 149.47855402800542, 342.86462099913746
3091.0905106067657, 149.47855402800542, 342.86462099913746
3091.6180980205536, 149.47855402800542, 342.86462099913746
3092.115765810013, 149.47855402800542, 342.86462099913746
3092.9016604423523, 67096.98689343406, 1875.8474772968395
3093.5728645324707, 67096.98689343406, 1875.8474772968395
3094.104439496994, 67096.98689343406, 1875.8474772968395
3094.901307106018, 2949.9395248012115, 1609.9071479092884
3095.6423223018646, 2949.9395248012115, 1609.9071479092884
3096.172902584076, 2949.9395248012115, 1609.9071479092884
3096.654611349106, 2949.9395248012115, 1609.9071479092884
3097.1373188495636, 2949.9395248012115, 1609.9071479092884
3097.909252882004, 1737.2336740919436, 680.1321805071346
3098.901596069336, 1823.8414391939423, 2857.551539228932
3099.63662648201, 1823.8414391939423, 2857.551539228932
3100.1552391052246, 1823.8414391939423, 2857.551539228932
3100.6319625377655, 1823.8414391939423, 2857.551539228932
3101.136611223221, 1823.8414391939423, 2857.551539228932
3101.629290819168, 1823.8414391939423, 2857.551539228932
3102.1409211158752, 1823.8414391939423, 2857.551539228932
3102.615650177002, 1823.8414391939423, 2857.551539228932
3103.386586666107, 1885.82875944335, 1512.871299713093
3104.4307899475098, 1777.4152057760764, 175.3595158004702
3105.17080950737, 1777.4152057760764, 175.3595158004702
3105.6066415309906, 1777.4152057760764, 175.3595158004702
3106.128244638443, 1777.4152057760764, 175.3595158004702
3106.6219222545624, 1777.4152057760764, 175.3595158004702
3107.1156013011932, 1777.4152057760764, 175.3595158004702
3111.8728635311127, 1516.309056451016, 2421.345697649097
3112.896122932434, 2200.354038239473, 1464.2333389912144
3113.619187116623, 2200.354038239473, 1464.2333389912144
3114.1358032226562, 2200.354038239473, 1464.2333389912144
3114.899757862091, 2690.239620225388, 1776.759894194218
3115.6198308467865, 2690.239620225388, 1776.759894194218
3116.1115136146545, 2690.239620225388, 1776.759894194218
3116.620151281357, 2690.239620225388, 1776.759894194218
3117.1218094825745, 2690.239620225388, 1776.759894194218
3117.6214742660522, 2690.239620225388, 1776.759894194218
3118.12113237381, 2690.239620225388, 1776.759894194218
3118.648719549179, 2690.239620225388, 1776.759894194218
3119.1194591522217, 2690.239620225388, 1776.759894194218
3119.619121313095, 2690.239620225388, 1776.759894194218
3120.1247675418854, 2690.239620225388, 1776.759894194218
3120.6144564151764, 2690.239620225388, 1776.759894194218
3121.1161127090454, 2690.239620225388, 1776.759894194218
3121.6327295303345, 2690.239620225388, 1776.759894194218
3122.086515188217, 2690.239620225388, 1776.759894194218
3122.966160297394, 2060.02427088173, 2089.858211194353
3123.6593029499054, 2060.02427088173, 2089.858211194353
3124.1390187740326, 2060.02427088173, 2089.858211194353
3124.9677999019623, 2496.540650995765, 142.52168170888638
3125.7068214416504, 2496.540650995765, 142.52168170888638
3126.2174537181854, 2496.540650995765, 142.52168170888638
3126.7011580467224, 2496.540650995765, 142.52168170888638
3127.2177760601044, 2496.540650995765, 142.52168170888638
3127.917900800705, 891.4263226362258, 1521.7322818828534
3128.9511342048645, 165.83442228786518, 2633.290798221701
3129.8706707954407, 3891.746688931772, 238.9061943888251
3130.663549900055, 3891.746688931772, 238.9061943888251
3131.113344669342, 3891.746688931772, 238.9061943888251
3131.6379396915436, 3891.746688931772, 238.9061943888251
3132.1336154937744, 3891.746688931772, 238.9061943888251
3132.6751625537872, 3891.746688931772, 238.9061943888251
3133.158867120743, 3891.746688931772, 238.9061943888251
3133.650550365448, 3891.746688931772, 238.9061943888251
3134.1432337760925, 3891.746688931772, 238.9061943888251
3134.668823480606, 3891.746688931772, 238.9061943888251
3135.152528524399, 3891.746688931772, 238.9061943888251
3135.6631615161896, 3891.746688931772, 238.9061943888251
3136.138887166977, 3891.746688931772, 238.9061943888251
3136.8629488945007, 2035.1082042598384, 2927.145979024282
3137.622913837433, 2035.1082042598384, 2927.145979024282
3138.1285598278046, 2035.1082042598384, 2927.145979024282
3138.6362001895905, 2035.1082042598384, 2927.145979024282
3139.11491894722, 2035.1082042598384, 2927.145979024282
3139.5926399230957, 2035.1082042598384, 2927.145979024282
3140.0932993888855, 2035.1082042598384, 2927.145979024282
3140.597948074341, 2035.1082042598384, 2927.145979024282
3141.149471759796, 2035.1082042598384, 2927.145979024282
3141.6092400550842, 2035.1082042598384, 2927.145979024282
3142.1148858070374, 2035.1082042598384, 2927.145979024282
3142.869864463806, 23243.11803445867, 2683.137550864402
3143.611876964569, 23243.11803445867, 2683.137550864402
3144.1225094795227, 23243.11803445867, 2683.137550864402
3144.6471049785614, 23243.11803445867, 2683.137550864402
3145.1447746753693, 23243.11803445867, 2683.137550864402
3146.236848592758, 130.83420612858205, 213.8845620243574
3146.9678916931152, 130.83420612858205, 213.8845620243574
3147.976191520691, 130.83420612858205, 213.8845620243574
3148.8717935085297, 130.83420612858205, 213.8845620243574
3149.9698536396027, 130.83420612858205, 213.8845620243574
3150.964191675186, 130.83420612858205, 213.8845620243574
3151.992437839508, 130.83420612858205, 213.8845620243574
3152.9897668361664, 130.83420612858205, 213.8845620243574
3154.0000619888306, 130.83420612858205, 213.8845620243574
3154.9674718379974, 130.83420612858205, 213.8845620243574
3158.503003835678, 26.247684382288984, 1245.2137694568316
3159.288900613785, 26.247684382288984, 1245.2137694568316
3160.3251264095306, -1030.8714763010062, 1672.7989815952615
3161.1050374507904, -1030.8714763010062, 1672.7989815952615
3161.553836584091, -1030.8714763010062, 1672.7989815952615
3162.0884041786194, -1030.8714763010062, 1672.7989815952615
3162.5950474739075, -1030.8714763010062, 1672.7989815952615
3163.429813861847, 3366.2464984075477, 2516.228071314343
3164.183794260025, 3366.2464984075477, 2516.228071314343
3164.654533147812, 3366.2464984075477, 2516.228071314343
3165.7256665229797, 889.6886877447499, 501.66387384074204
3166.581374645233, -1880.5090337090367, 2048.280900058925
3167.385222196579, 3274.293091164144, 663.870476914513
3171.3426253795624, 1012.5452261119115, 1299.9300973007482
3172.051726579666, 1012.5452261119115, 1299.9300973007482
3172.624193429947, 1012.5452261119115, 1299.9300973007482
3173.117872953415, 1012.5452261119115, 1299.9300973007482
3173.6295006275177, 1012.5452261119115, 1299.9300973007482
3174.0782992839813, 1012.5452261119115, 1299.9300973007482
3174.631817340851, 1012.5452261119115, 1299.9300973007482
3175.101560115814, 1012.5452261119115, 1299.9300973007482
3175.595237970352, 1012.5452261119115, 1299.9300973007482
3176.100883960724, 1012.5452261119115, 1299.9300973007482
3176.9336535930634, 7787.338413491667, 1262.2992415661745
3177.6577150821686, 7787.338413491667, 1262.2992415661745
3178.1882960796356, 7787.338413491667, 1262.2992415661745
3178.908365726471, 3704.801442382787, 1413.553625293272
3179.918660879135, 15.419279387645167, 1375.4712986458446
3180.594851732254, 15.419279387645167, 1375.4712986458446
3181.167318344116, 15.419279387645167, 1375.4712986458446
3181.9552092552185, 140.00777293607618, 2903.1920318154043
3182.6942296028137, 140.00777293607618, 2903.1920318154043
3183.2347831726074, 140.00777293607618, 2903.1920318154043
3183.7045242786407, 140.00777293607618, 2903.1920318154043
3184.2011938095093, 140.00777293607618, 2903.1920318154043
3184.72878241539, 140.00777293607618, 2903.1920318154043
3185.1905448436737, 140.00777293607618, 2903.1920318154043
3185.894659757614, 2732.7593036352855, 1086.4324691185222
3186.607750892639, 2732.7593036352855, 1086.4324691185222
3187.0984361171722, 2732.7593036352855, 1086.4324691185222
3187.616050720215, 2732.7593036352855, 1086.4324691185222
3188.1187047958374, 2732.7593036352855, 1086.4324691185222
3188.6213595867157, 2732.7593036352855, 1086.4324691185222
3190.267950296402, 1387.9895230241402, 1203.7214615682528
3190.9640860557556, 1387.9895230241402, 1203.7214615682528
3191.954434633255, 1387.9895230241402, 1203.7214615682528
3192.9846761226654, 1387.9895230241402, 1203.7214615682528
3193.8014883995056, 1387.9895230241402, 1203.7214615682528
3194.40886259079, 2098.1662068046203, 315.8463065097506
3195.6854434013367, 2906.6477871113334, 1784.4002799450323
3196.475328683853, 2906.6477871113334, 1784.4002799450323
3197.3529784679413, 2906.6477871113334, 1784.4002799450323
3198.4630060195923, 2906.6477871113334, 1784.4002799450323
3199.378556728363, 2906.6477871113334, 1784.4002799450323
3200.4855904579163, 2906.6477871113334, 1784.4002799450323
3201.445021390915, 2906.6477871113334, 1784.4002799450323
3202.473268032074, 2906.6477871113334, 1784.4002799450323
3203.4157450199127, 2906.6477871113334, 1784.4002799450323
3204.4749085903168, 2906.6477871113334, 1784.4002799450323
3205.477225780487, 2906.6477871113334, 1784.4002799450323
3206.4945018291473, 2906.6477871113334, 1784.4002799450323
3207.5307261943817, 2906.6477871113334, 1784.4002799450323
3210.3711211681366, 692.4401840362929, 1649.9430250475184
3211.5828762054443, 3674.5160596986, 1888.5469494439092
3212.204211950302, 3674.5160596986, 1888.5469494439092
3212.7557361125946, 3674.5160596986, 1888.5469494439092
3213.2334566116333, 3674.5160596986, 1888.5469494439092
3213.7510707378387, 3674.5160596986, 1888.5469494439092
3214.151997089386, 3674.5160596986, 1888.5469494439092
3214.732442855835, 3674.5160596986, 1888.5469494439092
3215.2031824588776, 3674.5160596986, 1888.5469494439092
3215.9232544898987, 3176.6591730023447, 1893.9546346332666
3216.6413316726685, 3176.6591730023447, 1893.9546346332666
3217.128028154373, 3176.6591730023447, 1893.9546346332666
3217.622703552246, 3176.6591730023447, 1893.9546346332666
3218.1482973098755, 3176.6591730023447, 1893.9546346332666
3219.1905064582825, 1931.0109507236648, 632.0716476920808
3219.885645389557, 1931.0109507236648, 632.0716476920808
3220.856046438217, 1931.0109507236648, 632.0716476920808
3221.936154127121, 1931.0109507236648, 632.0716476920808
3222.8696546554565, 1931.0109507236648, 632.0716476920808
3223.857011795044, 1931.0109507236648, 632.0716476920808
3224.89124250412, 1931.0109507236648, 632.0716476920808
3225.9015374183655, 1931.0109507236648, 632.0716476920808
3226.865955591202, 1931.0109507236648, 632.0716476920808
3227.915146112442, 1931.0109507236648, 632.0716476920808
3228.902502298355, 1931.0109507236648, 632.0716476920808
3229.8988349437714, 1931.0109507236648, 632.0716476920808
3231.0956304073334, 2235.0027823716473, 1261.8292357023377
3231.843628883362, 2235.0027823716473, 1261.8292357023377
3232.986568212509, 2032.4765748375412, 1250.167733258529
3234.1973264217377, 222.990456207324, 773.814239004526
3234.922384262085, 222.990456207324, 773.814239004526
3235.928692817688, 222.990456207324, 773.814239004526
3236.931006669998, 222.990456207324, 773.814239004526
3237.815638780594, 222.990456207324, 773.814239004526
3238.4459517002106, 222.990456207324, 773.814239004526
3239.420341491699, 222.990456207324, 773.814239004526
3240.4525787830353, 3548.9869856574187, 1627.5272699482132
3241.4648673534393, 2413.2410321802813, 382.2645901655265
3242.4891250133514, 1483.6879580642803, 12.320502529998404
3243.43160200119, 906.6019830640353, 1374.3935799602675
3244.4787986278534, 3683.8954683641527, 1655.506500140971
3245.487099170685, 415.25743978583563, 849.1279279840762
3251.888958454132, 1066.1687143712052, 1429.620816215932
3252.9271790981293, 3505.776470325351, 1278.6567477723881
3255.33074259758, 3999.0027923241846, 396.99248882423836
3256.565436601639, 3999.0027923241846, 396.99248882423836
3257.5717430114746, 25.818152512847348, 1483.7970445547635
3258.348662853241, 25.818152512847348, 1483.7970445547635
3259.3978548049927, 2469.586176910193, 6398.288530446928
3260.4839448928833, 2288.642366407404, 959.5680925468765
3261.3855311870575, 3136.4205619662353, 2610.099526806125
3262.1075999736786, 3136.4205619662353, 2610.099526806125
3262.627206802368, 3136.4205619662353, 2610.099526806125
3263.094955444336, 3136.4205619662353, 2610.099526806125
3264.005516767502, 3755.8166265267196, 2093.129839363858
3264.707636117935, 3755.8166265267196, 2093.129839363858
3265.163416862488, 3755.8166265267196, 2093.129839363858
3265.695990562439, 3755.8166265267196, 2093.129839363858
3266.1796958446503, 3755.8166265267196, 2093.129839363858
3266.958610534668, 1890.4286315394168, 534.0896632562708
3267.627819776535, 1890.4286315394168, 534.0896632562708
3268.160392999649, 1890.4286315394168, 534.0896632562708
3272.4558913707733, 302.6976549396387, 590.4537646182347
3273.240788936615, 302.6976549396387, 590.4537646182347
3273.721502304077, 302.6976549396387, 590.4537646182347
3274.1962316036224, 302.6976549396387, 590.4537646182347
3274.6929025650024, 302.6976549396387, 590.4537646182347
3275.1496794223785, 302.6976549396387, 590.4537646182347
3275.714169025421, 302.6976549396387, 590.4537646182347
3276.194880962372, 302.6976549396387, 590.4537646182347
3276.7284519672394, 302.6976549396387, 590.4537646182347
3277.1991918087006, 302.6976549396387, 590.4537646182347
3277.7168056964874, 302.6976549396387, 590.4537646182347
3278.201509475708, 302.6976549396387, 590.4537646182347
3278.9365401268005, 1841.5551662089224, 1158.6863887457844
3279.6875290870667, 1841.5551662089224, 1158.6863887457844
3280.1602652072906, 1841.5551662089224, 1158.6863887457844
3280.9461596012115, 530.9561260507545, 1876.1117146970273
3281.8906309604645, 624.8294275830905, 174.33320566808334
3282.9218690395355, 2945.8780584496135, 2813.50661615887
3283.5840966701508, 2945.8780584496135, 2813.50661615887
3284.157560825348, 2945.8780584496135, 2813.50661615887
3285.165861606598, 653.4062624993735, 1497.9879772830095
3285.7672514915466, 653.4062624993735, 1497.9879772830095
3286.3327374458313, 653.4062624993735, 1497.9879772830095
3286.8333966732025, 653.4062624993735, 1497.9879772830095
3287.4926311969757, 3344.657304367897, 1632.178766343238
3288.163834810257, 3344.657304367897, 1632.178766343238
3288.9078431129456, 3727.616230279372, 536.7330861276915
3289.6698026657104, 3727.616230279372, 536.7330861276915
3290.11261677742, 3727.616230279372, 536.7330861276915
3290.6431958675385, 3727.616230279372, 536.7330861276915
3291.1518337726593, 3727.616230279372, 536.7330861276915
3291.665459394455, 3727.616230279372, 536.7330861276915
3292.37655544281, -54134.06166200938, 2461.0014004059035
3293.1454973220825, -54134.06166200938, 2461.0014004059035
3293.934384584427, 1974.3805978534135, 1466.531824319967
3294.654456615448, 1974.3805978534135, 1466.531824319967
3295.1890251636505, 1974.3805978534135, 1466.531824319967
3295.6368265151978, 1974.3805978534135, 1466.531824319967
3296.1514489650726, 1974.3805978534135, 1466.531824319967
3296.5862839221954, 1974.3805978534135, 1466.531824319967
3297.1537640094757, 1974.3805978534135, 1466.531824319967
3297.624504327774, 1974.3805978534135, 1466.531824319967
3298.1730349063873, 1974.3805978534135, 1466.531824319967
3298.6407840251923, 1974.3805978534135, 1466.531824319967
3299.1723601818085, 1974.3805978534135, 1466.531824319967
3299.636118412018, 1974.3805978534135, 1466.531824319967
3300.455922603607, 2449.4227661313, 2139.921374855134
3301.1869657039642, 2449.4227661313, 2139.921374855134
3301.690617799759, 2449.4227661313, 2139.921374855134
3302.5074303150177, 1852.4439092020198, 1506.4163016961336
3304.4352691173553, 731.2778655964487, 3220.5513368690013
3305.7198300361633, 1883.4404152069785, 1972.426199745677
3306.416962623596, 1883.4404152069785, 1972.426199745677
3307.422271490097, 1883.4404152069785, 1972.426199745677
3308.4076340198517, 1883.4404152069785, 1972.426199745677
3309.358088493347, 1883.4404152069785, 1972.426199745677
3310.413263320923, 1883.4404152069785, 1972.426199745677
3311.426551580429, 1883.4404152069785, 1972.426199745677
3312.407922744751, 1883.4404152069785, 1972.426199745677
3313.3962767124176, 1883.4404152069785, 1972.426199745677
3314.4454674720764, 1883.4404152069785, 1972.426199745677
3315.447783946991, 1883.4404152069785, 1972.426199745677
3316.443118572235, 1883.4404152069785, 1972.426199745677
3317.4394521713257, 3445.8227035933123, 685.1821596307318
3318.3520078659058, 1954.8870675055173, 698.8097265932983
3319.3742711544037, 2043.9819317369656, 739.0709567706751
3320.079382419586, 2043.9819317369656, 739.0709567706751
3320.604975938797, 2043.9819317369656, 739.0709567706751
3321.347987174988, 3448.7073691497676, 747.9351624697197
3322.0610785484314, 3448.7073691497676, 747.9351624697197
3322.8549513816833, 3448.14357150088, 166.79573047216536
3323.846297979355, 3447.838979633462, 746.823394476332
3324.9244105815887, 3442.7188388862064, 744.8226175411918
3325.5886328220367, 3442.7188388862064, 744.8226175411918
3326.117218017578, 3442.7188388862064, 744.8226175411918
3326.5839672088623, 3442.7188388862064, 744.8226175411918
3327.074653148651, 3442.7188388862064, 744.8226175411918
3327.8615465164185, 1804.641849326811, 263.8529417600419
3328.653427362442, 1804.641849326811, 263.8529417600419
3329.1969709396362, 1804.641849326811, 263.8529417600419
3329.596901655197, 1804.641849326811, 263.8529417600419
3330.1314692497253, 1804.641849326811, 263.8529417600419
3330.641104698181, 1804.641849326811, 263.8529417600419
3331.1258068084717, 1804.641849326811, 263.8529417600419
3331.620481967926, 1804.641849326811, 263.8529417600419
3332.442282438278, 1981.1359840681775, 817.1859271805358
3333.3747861385345, 1973.8538252811065, 724.1591781875056
3334.103834629059, 1973.8538252811065, 724.1591781875056
3334.6084825992584, 1973.8538252811065, 724.1591781875056
3335.0872011184692, 1973.8538252811065, 724.1591781875056
3335.5988314151764, 1973.8538252811065, 724.1591781875056
3336.4016807079315, 3447.0258813408814, 738.7245457793883
3337.117764234543, 3447.0258813408814, 738.7245457793883
3337.63338303566, 3447.0258813408814, 738.7245457793883
3338.1340436935425, 3447.0258813408814, 738.7245457793883
3338.639689207077, 3447.0258813408814, 738.7245457793883
3339.122397184372, 3447.0258813408814, 738.7245457793883
3339.6310346126556, 3447.0258813408814, 738.7245457793883
3340.1237161159515, 3447.0258813408814, 738.7245457793883
3340.636343717575, 3447.0258813408814, 738.7245457793883
3341.1380002498627, 3447.0258813408814, 738.7245457793883
3341.8500938415527, 1877.2926468212595, 718.8210925563566
3342.093441724777, 1877.2926468212595, 718.8210925563566
3342.6529438495636, 1877.2926468212595, 718.8210925563566
3343.078804254532, 1877.2926468212595, 718.8210925563566
3343.942490339279, 3448.010245260102, 731.496958680515
3344.899927377701, 1983.7112695522512, -986.4188778026011
3345.6559040546417, 1983.7112695522512, -986.4188778026011
3346.161550283432, 1983.7112695522512, -986.4188778026011
3346.6263058185577, 1983.7112695522512, -986.4188778026011
3347.141925096512, 1983.7112695522512, -986.4188778026011
3347.6296195983887, 1983.7112695522512, -986.4188778026011
3348.157206058502, 1983.7112695522512, -986.4188778026011
3348.7705647945404, 1886.5124216617698, 767.1713212411127
3349.410852432251, 1920.4502933867882, 726.1851634840938
3350.151867389679, 1920.4502933867882, 726.1851634840938
3350.6425528526306, 1920.4502933867882, 726.1851634840938
3351.384564638138, 3971.1051686821124, 931.6963341953397
3352.4068279266357, -1.9283227709427142, 1636.839493068885
3353.6205792427063, 257.1838572437993, 1157.5191734126925
3354.4064745903015, 334.3345595556157, 682.2852013273091
3355.4117834568024, 13278.36515984776, 2189.991697829107
3356.1318550109863, 13278.36515984776, 2189.991697829107
3356.6414902210236, 13278.36515984776, 2189.991697829107
3357.1122303009033, 13278.36515984776, 2189.991697829107
3357.8153467178345, 3225.8232371175013, 2479.2775019124488
3358.1125526428223, 3225.8232371175013, 2479.2775019124488
3358.9074234962463, 763.9999999998614, 1505.4933862232642
3359.696311235428, 763.9999999998614, 1505.4933862232642
3360.177023410797, 763.9999999998614, 1505.4933862232642
3360.903080224991, 2899.192021301457, 1695.277480633028
3361.65207529068, 2899.192021301457, 1695.277480633028
3362.160713195801, 2899.192021301457, 1695.277480633028
3367.790640115738, 3090.946111334599, 1657.659248526603
3368.1267399787903, 3090.946111334599, 1657.659248526603
3368.618422985077, 3090.946111334599, 1657.659248526603
3370.39666223526, 43.99998973487586, 1436.7479039612354
3371.134685754776, 43.99998973487586, 1436.7479039612354
3371.634348154068, 43.99998973487586, 1436.7479039612354
3372.1050872802734, 43.99998973487586, 1436.7479039612354
3372.6227016448975, 43.99998973487586, 1436.7479039612354
3373.1084020137787, 43.99998973487586, 1436.7479039612354
3373.870362520218, 363.6851694464963, 14831.524478999689
3374.6363112926483, 363.6851694464963, 14831.524478999689
3375.1250019073486, 363.6851694464963, 14831.524478999689
3375.6356344223022, 363.6851694464963, 14831.524478999689
3376.11634850502, 363.6851694464963, 14831.524478999689
3376.6359565258026, 363.6851694464963, 14831.524478999689
3377.109688282013, 363.6851694464963, 14831.524478999689
3377.638273000717, 363.6851694464963, 14831.524478999689
3378.122975587845, 363.6851694464963, 14831.524478999689
3378.6356024742126, 363.6851694464963, 14831.524478999689
3379.145238161087, 363.6851694464963, 14831.524478999689
3379.6478929519653, 363.6851694464963, 14831.524478999689
3380.151543855667, 363.6851694464963, 14831.524478999689
3380.6681611537933, 363.6851694464963, 14831.524478999689
3381.1558554172516, 363.6851694464963, 14831.524478999689
3381.62858915329, 363.6851694464963, 14831.524478999689
3382.1601660251617, 363.6851694464963, 14831.524478999689
3382.886221885681, 3492.3875903066187, 1310.620827174195
3383.863605260849, 3444.6867534835474, 110.74939924012587
3384.588665008545, 3444.6867534835474, 110.74939924012587
3385.104283809662, 3444.6867534835474, 110.74939924012587
3385.8871870040894, 1945.1260589938909, 726.8145280447126
3386.578337430954, 1945.1260589938909, 726.8145280447126
3387.1288626194, 1945.1260589938909, 726.8145280447126
3387.605586528778, 1945.1260589938909, 726.8145280447126
3388.120208263397, 1945.1260589938909, 726.8145280447126
3388.608899831772, 1945.1260589938909, 726.8145280447126
3389.349915742874, 3445.130711697446, 61.56579848952699
3390.1208515167236, 3445.130711697446, 61.56579848952699
3390.609543323517, 3445.130711697446, 61.56579848952699
3391.120175600052, 3445.130711697446, 61.56579848952699
3391.5919132232666, 3445.130711697446, 61.56579848952699
3392.069634437561, 3445.130711697446, 61.56579848952699
3392.592233657837, 3445.130711697446, 61.56579848952699
3393.1198234558105, 3445.130711697446, 61.56579848952699
3393.6085143089294, 3445.130711697446, 61.56579848952699
3394.1560480594635, 3445.130711697446, 61.56579848952699
3394.6198070049286, 3445.130711697446, 61.56579848952699
3395.36181974411, 3444.055823145634, 840.5080207661994
3396.0818910598755, 3444.055823145634, 840.5080207661994
3396.602497816086, 3444.055823145634, 840.5080207661994
3397.090191602707, 3444.055823145634, 840.5080207661994
3397.8571383953094, 3445.7030267421915, 115.21464668553249
3398.86843085289, 1953.262797525378, 14.806315139652932
3399.8567848205566, 3448.110372266036, 116.63121145203044
3400.597801208496, 3448.110372266036, 116.63121145203044
3401.119404554367, 3448.110372266036, 116.63121145203044
3401.588148355484, 3448.110372266036, 116.63121145203044
3402.1097519397736, 3448.110372266036, 116.63121145203044
3402.582486152649, 3448.110372266036, 116.63121145203044
3403.10408949852, 3448.110372266036, 116.63121145203044
3403.8221666812897, 1945.2287827407451, 819.6891191339921
3404.380672931671, 3449.9338767812137, 217.56425331805866
3405.325143098831, 3445.8616488335306, 108.47092677387417
3405.605393409729, 3445.8616488335306, 108.47092677387417
3406.1010670661926, 3445.8616488335306, 108.47092677387417
3406.6077105998993, 3445.8616488335306, 108.47092677387417
3407.3876209259033, 3448.4872742688344, 161.41333710327427
3408.114674091339, 3448.4872742688344, 161.41333710327427
3408.623312473297, 3448.4872742688344, 161.41333710327427
3409.109012365341, 3448.4872742688344, 161.41333710327427
3409.8370633125305, 3444.4953066132834, 433.8292235356518
3410.1163153648376, 3444.4953066132834, 433.8292235356518
3410.6179723739624, 3444.4953066132834, 433.8292235356518
3411.1166381835938, 3444.4953066132834, 433.8292235356518
3411.8277339935303, 3446.769621878186, 792.6537093810393
3412.086041212082, 3446.769621878186, 792.6537093810393
3412.8499958515167, 1962.6298502950758, 827.972493860747
3413.1342358589172, 1962.6298502950758, 827.972493860747
3413.808429956436, 3445.963924182904, 11.414329864822593
3414.128572702408, 3445.963924182904, 11.414329864822593
3414.628234386444, 3445.963924182904, 11.414329864822593
3415.147844314575, 3445.963924182904, 11.414329864822593
3415.6175861358643, 3445.963924182904, 11.414329864822593
3416.1760907173157, 3445.963924182904, 11.414329864822593
3416.62987613678, 3445.963924182904, 11.414329864822593
3417.1335265636444, 3445.963924182904, 11.414329864822593
3417.6282041072845, 3445.963924182904, 11.414329864822593
3418.348274707794, 3441.115399846772, 1156.4812108666504
3419.3715353012085, 3431.920293164142, 1145.7843756183345
3420.1494529247284, 3431.920293164142, 1145.7843756183345
3420.6580901145935, 3431.920293164142, 1145.7843756183345
3421.1268355846405, 3431.920293164142, 1145.7843756183345
3421.6604075431824, 3431.920293164142, 1145.7843756183345
3422.13014960289, 3431.920293164142, 1145.7843756183345
3422.6377902030945, 3431.920293164142, 1145.7843756183345
3423.1155123710632, 3431.920293164142, 1145.7843756183345
3423.63711476326, 3431.920293164142, 1145.7843756183345
3424.1307921409607, 3431.920293164142, 1145.7843756183345
3424.6414256095886, 3431.920293164142, 1145.7843756183345
3425.1171514987946, 3431.920293164142, 1145.7843756183345
3425.861158847809, 3443.017720765827, 1121.7762639407947
3426.154373884201, 3443.017720765827, 1121.7762639407947
3426.6281056404114, 3443.017720765827, 1121.7762639407947
3427.131757259369, 3443.017720765827, 1121.7762639407947
3427.6264324188232, 3443.017720765827, 1121.7762639407947
3428.1241014003754, 3443.017720765827, 1121.7762639407947
3428.5748932361603, 3443.017720765827, 1121.7762639407947
3429.126417160034, 3443.017720765827, 1121.7762639407947
3429.9532041549683, 3431.664697524706, 851.5381156368924
3430.607451915741, 3431.664697524706, 851.5381156368924
3431.1699447631836, 3431.664697524706, 851.5381156368924
3431.888022661209, 3437.6759776206595, 1179.2610286867941
3432.6110875606537, 3437.6759776206595, 1179.2610286867941
3433.3840186595917, 3437.455938559108, 900.6790584926246
3434.172905445099, 3437.455938559108, 900.6790584926246
3434.6366634368896, 3437.455938559108, 900.6790584926246
3435.35773396492, 3438.9897856539037, 1192.1459491741955
3435.643966436386, 3438.9897856539037, 1192.1459491741955
3436.4069237709045, 3435.733678798376, 1135.56467345769
3437.3813149929047, 3444.576872719752, 843.6739044555842
3438.1642186641693, 3444.576872719752, 843.6739044555842
3438.645931005478, 3444.576872719752, 843.6739044555842
3439.4298305511475, 1436.4035435944136, 1019.6029599081126
3440.143918991089, 1436.4035435944136, 1019.6029599081126
3440.664525270462, 1436.4035435944136, 1019.6029599081126
3441.149227619171, 1436.4035435944136, 1019.6029599081126
3441.6538763046265, 1436.4035435944136, 1019.6029599081126
3442.1545357704163, 1436.4035435944136, 1019.6029599081126
3442.888569831848, 3446.0425666787105, 1137.250604014893
3443.62659406662, 3446.0425666787105, 1137.250604014893
3444.1202731132507, 3446.0425666787105, 1137.250604014893
3444.615944623947, 3446.0425666787105, 1137.250604014893
3445.125581264496, 3446.0425666787105, 1137.250604014893
3445.909481048584, 3440.723517550135, 1175.7420868745105
3446.9147896766663, 3445.4685137405822, 1197.2106450016556
3447.633864402771, 3445.4685137405822, 1197.2106450016556
3448.13951086998, 3445.4685137405822, 1197.2106450016556
3448.641168117523, 3445.4685137405822, 1197.2106450016556
3449.139833211899, 3445.4685137405822, 1197.2106450016556
3449.612568616867, 3445.4685137405822, 1197.2106450016556
3450.1421484947205, 3445.4685137405822, 1197.2106450016556
3450.6487941741943, 3445.4685137405822, 1197.2106450016556
3451.14745759964, 3445.4685137405822, 1197.2106450016556
3451.6211891174316, 3445.4685137405822, 1197.2106450016556
3452.3711807727814, 3441.3423830776674, 1144.9759668577994
3453.125161886215, 3441.3423830776674, 1144.9759668577994
3453.6248247623444, 3441.3423830776674, 1144.9759668577994
3454.386784553528, 3444.9841355975673, 1145.0123045230994
3455.429991006851, 3446.0091347865828, 847.156634260353
3456.3844351768494, 3447.648555548559, 1227.9370612626612
3457.1324331760406, 3447.648555548559, 1227.9370612626612
3457.659022331238, 3447.648555548559, 1227.9370612626612
3458.1098158359528, 3447.648555548559, 1227.9370612626612
3458.6324169635773, 3447.648555548559, 1227.9370612626612
3459.3963718414307, 3444.8713938751907, 1171.7388438854362
3460.100486755371, 3444.8713938751907, 1171.7388438854362
3460.8784046173096, 3432.777731669735, 1226.5433244108463
3461.644352912903, 3432.777731669735, 1226.5433244108463
3462.1420192718506, 3432.777731669735, 1226.5433244108463
3462.588824748993, 3432.777731669735, 1226.5433244108463
3463.127382040024, 3432.777731669735, 1226.5433244108463
3463.6370182037354, 3432.777731669735, 1226.5433244108463
3464.125708580017, 3432.777731669735, 1226.5433244108463
3464.6532969474792, 3432.777731669735, 1226.5433244108463
3465.3175172805786, 3440.9715894785045, 1152.15522388326
3465.604748725891, 3440.9715894785045, 1152.15522388326
3466.3677055835724, 3436.2697456318833, 1179.3868693309407
3466.8863179683685, 3436.87207175107, 1171.2834066982457
3467.868688106537, 3435.616355123919, 1169.1081776601488
3468.6346368789673, 3435.616355123919, 1169.1081776601488
3469.3936042785645, 3436.817600718824, 1128.001368731828
3470.136615753174, 3436.817600718824, 1128.001368731828
3470.632288455963, 3436.817600718824, 1128.001368731828
3471.0950496196747, 3436.817600718824, 1128.001368731828
3471.6356019973755, 3436.817600718824, 1128.001368731828
3472.1123254299164, 3436.817600718824, 1128.001368731828
3472.634925842285, 3436.817600718824, 1128.001368731828
3473.125612258911, 3436.817600718824, 1128.001368731828
3473.945417165756, 3443.5740359858796, 890.9395119600114
3474.878918170929, 3440.187165924746, 1166.1029747181026
3475.6029794216156, 3440.187165924746, 1166.1029747181026
3476.1205928325653, 3440.187165924746, 1166.1029747181026
3476.5953226089478, 3440.187165924746, 1166.1029747181026
3477.1199181079865, 3440.187165924746, 1166.1029747181026
3477.6106033325195, 3440.187165924746, 1166.1029747181026
3478.125225543976, 3440.187165924746, 1166.1029747181026
3478.8532774448395, 3437.641178443267, 1177.2965092920422
3479.35692858696, 3442.9634358981607, 1153.9919140099714
3479.6262078285217, 3442.9634358981607, 1153.9919140099714
3480.1218802928925, 3442.9634358981607, 1153.9919140099714
3480.592621088028, 3442.9634358981607, 1153.9919140099714
3481.1132259368896, 3442.9634358981607, 1153.9919140099714
3481.6128883361816, 3442.9634358981607, 1153.9919140099714
3482.3957924842834, 3437.779429386453, 870.7741913513728
3483.1657297611237, 3437.779429386453, 870.7741913513728
3483.6604068279266, 3437.779429386453, 870.7741913513728
3484.3924469947815, 3432.835093989266, 1161.2854449451945
3485.3867843151093, 3434.294606539285, 1194.078163695736
3486.115832090378, 3434.294606539285, 1194.078163695736
3486.622475385666, 3434.294606539285, 1194.078163695736
3487.098203420639, 3434.294606539285, 1194.078163695736
3487.6287813186646, 3434.294606539285, 1194.078163695736
3488.105504512787, 3434.294606539285, 1194.078163695736
3488.648051261902, 3434.294606539285, 1194.078163695736
3489.124775648117, 3434.294606539285, 1194.078163695736
3489.964527130127, 3452.1556588090734, 1485.19625912488
3490.6985626220703, 3452.1556588090734, 1485.19625912488
3491.1982238292694, 3452.1556588090734, 1485.19625912488
3491.665972471237, 3452.1556588090734, 1485.19625912488
3492.207522392273, 3452.1556588090734, 1485.19625912488
3492.68524312973, 3452.1556588090734, 1485.19625912488
3493.216819524765, 3452.1556588090734, 1485.19625912488
3493.68456697464, 3452.1556588090734, 1485.19625912488
3494.197194814682, 3452.1556588090734, 1485.19625912488
3494.685886621475, 3452.1556588090734, 1485.19625912488
3495.439868450165, 3453.4051632878513, 1449.607789304784
3496.1898589134216, 3453.4051632878513, 1449.607789304784
3496.6596009731293, 3453.4051632878513, 1449.607789304784
3497.4604575634003, -126.70579772462482, 729.088914231918
3498.4158992767334, 3452.289651198276, 1345.130047155919
3499.4391598701477, 3441.2469108607697, 1341.3075924621974
3500.4155457019806, 3451.707898951217, 1310.8493797528529
3501.172518491745, 3451.707898951217, 1310.8493797528529
3501.6941225528717, 3451.707898951217, 1310.8493797528529
3502.181817293167, 3451.707898951217, 1310.8493797528529
3502.920837163925, 3456.3963554739344, 1300.9627630956984
3503.8024768829346, 497.83476165804245, 1631.4040357062954
3504.089708328247, 497.83476165804245, 1631.4040357062954
3504.8157641887665, 496.5384330745669, 1638.171250278677
3505.0880353450775, 496.5384330745669, 1638.171250278677
3505.9467372894287, 1044.2868104567372, 136.96453661707375
3506.6967282295227, 1044.2868104567372, 136.96453661707375
3507.2083582878113, 1044.2868104567372, 136.96453661707375
3507.707022666931, 1044.2868104567372, 136.96453661707375
3508.298440694809, 492.41778504942374, 1625.1286902953705
3508.9367320537567, 3448.3696464300865, 1341.21824952548
3509.9769451618195, 3457.372371661925, 1313.354642036631
3510.7059948444366, 3457.372371661925, 1313.354642036631
3511.262503862381, 3457.372371661925, 1313.354642036631
3511.7641615867615, 3457.372371661925, 1313.354642036631
3512.4892196655273, 3443.692939052634, 1356.7208753423658
3513.1943311691284, 3443.692939052634, 1356.7208753423658
3513.688009738922, 3443.692939052634, 1356.7208753423658
3514.4439854621887, 3441.3571291841445, 1390.4820599463628
3515.4512894153595, 3452.3419685525846, 1359.715025624415
3516.4107189178467, 3440.235185006962, 1339.53404080944
3517.4269981384277, 3452.200832239923, 1377.955357842918
3518.162029981613, 3452.200832239923, 1377.955357842918
3518.6547107696533, 3452.200832239923, 1377.955357842918
3519.1723256111145, 3452.200832239923, 1377.955357842918
3519.661017179489, 3452.200832239923, 1377.955357842918
3520.1566894054413, 3452.200832239923, 1377.955357842918
3520.889727115631, 3441.5808765174716, 1335.3325848022148
3521.6746258735657, 3441.5808765174716, 1335.3325848022148
3522.1742870807648, 3441.5808765174716, 1335.3325848022148
3522.653005838394, 3441.5808765174716, 1335.3325848022148
3523.1576545238495, 3441.5808765174716, 1335.3325848022148
3523.644352197647, 3441.5808765174716, 1335.3325848022148
3524.150995492935, 3441.5808765174716, 1335.3325848022148
3524.647665500641, 3441.5808765174716, 1335.3325848022148
3525.1752529144287, 3441.5808765174716, 1335.3325848022148
3525.6430003643036, 3441.5808765174716, 1335.3325848022148
3526.40296626091, 3443.9864351240903, 1333.3201589981895
3527.3215067386627, 3452.201104920873, 1349.5141477866339
3527.8899853229523, 3454.9115826772, 1356.2711687576673
3528.667901992798, 3454.9115826772, 1356.2711687576673
3529.422891139984, 3453.9515477700793, 1358.401480992516
3530.2267282009125, 3453.9515477700793, 1358.401480992516
3530.667547941208, 3453.9515477700793, 1358.401480992516
3531.153247356415, 3453.9515477700793, 1358.401480992516
3531.6598904132843, 3453.9515477700793, 1358.401480992516
3532.453766107559, 3441.2576152618035, 1336.2161154160665
3533.4271597862244, 3455.8104177748633, 1359.370662246385
3534.4494218826294, 3444.148069174802, 1380.1514608742625
3535.1754808425903, 3444.148069174802, 1380.1514608742625
3535.6901001930237, 3444.148069174802, 1380.1514608742625
3536.1927564144135, 3444.148069174802, 1380.1514608742625
3536.9038507938385, 3455.4765750595943, 1372.2318181336173
3538.118598461151, 123.81940441135924, -300.39630836662025
3538.803763628006, 123.81940441135924, -300.39630836662025
3539.3353407382965, 123.81940441135924, -300.39630836662025
3539.8270242214203, 123.81940441135924, -300.39630836662025
3540.3416481018066, 123.81940441135924, -300.39630836662025
3540.8313372135162, 123.81940441135924, -300.39630836662025
3541.352938890457, 123.81940441135924, -300.39630836662025
3541.817694425583, 123.81940441135924, -300.39630836662025
3542.4579796791077, 412.78454997242153, 104.22326563742673
3543.4074370861053, 446.49820786869805, 51.66605709285058
3544.141473054886, 446.49820786869805, 51.66605709285058
3544.652104616165, 446.49820786869805, 51.66605709285058
3545.149772167206, 446.49820786869805, 51.66605709285058
3545.66140294075, 446.49820786869805, 51.66605709285058
3546.146105527878, 446.49820786869805, 51.66605709285058
3546.7903804779053, 3439.903030559711, 31.721273896491784
3547.093567609787, 3439.903030559711, 31.721273896491784
3547.5922334194183, 3439.903030559711, 31.721273896491784
3548.091896057129, 3439.903030559711, 31.721273896491784
3548.587568283081, 3439.903030559711, 31.721273896491784
3549.0752623081207, 3439.903030559711, 31.721273896491784
3549.7943370342255, 3432.9650594040745, 33.835622742469226
3550.083562374115, 3432.9650594040745, 33.835622742469226
3550.816600084305, 3465.970709901855, 2807.6297425286302
3551.0938577651978, 3465.970709901855, 2807.6297425286302
3551.906681060791, 3466.4814857899914, 2806.7777116222073
3552.588854789734, 3466.4814857899914, 2806.7777116222073
3553.0915098190308, 3466.4814857899914, 2806.7777116222073
3553.5782055854797, 3466.4814857899914, 2806.7777116222073
3554.1047966480255, 3466.4814857899914, 2806.7777116222073
3554.580522298813, 3466.4814857899914, 2806.7777116222073
3555.0861682891846, 3466.4814857899914, 2806.7777116222073
3555.5848338603973, 3466.4814857899914, 2806.7777116222073
3556.0874874591827, 3466.4814857899914, 2806.7777116222073
3556.611086368561, 3466.4814857899914, 2806.7777116222073
3557.099777698517, 3466.4814857899914, 2806.7777116222073
3557.5894663333893, 3466.4814857899914, 2806.7777116222073
3558.34943151474, 3457.5135481275397, 924.9999748128661
3558.6506247520447, 3457.5135481275397, 924.9999748128661
3559.111392259598, 3457.5135481275397, 924.9999748128661
3559.622023820877, 3457.5135481275397, 924.9999748128661
3560.1396379470825, 3457.5135481275397, 924.9999748128661
3560.6363089084625, 3457.5135481275397, 924.9999748128661
3561.3184821605682, 3454.185681102215, 859.9753842206904
3561.605712890625, 3454.185681102215, 859.9753842206904
3562.113354206085, 3454.185681102215, 859.9753842206904
3562.6120178699493, 3454.185681102215, 859.9753842206904
3563.113676548004, 3454.185681102215, 859.9753842206904
3563.6063561439514, 3454.185681102215, 859.9753842206904
3564.1179869174957, 3454.185681102215, 859.9753842206904
3564.6086723804474, 3454.185681102215, 859.9753842206904
3565.136260509491, 3454.185681102215, 859.9753842206904
3565.616973400116, 3454.185681102215, 859.9753842206904
3566.109655857086, 3454.185681102215, 859.9753842206904
3566.641230583191, 3454.185681102215, 859.9753842206904
3567.1349091529846, 3454.185681102215, 859.9753842206904
3567.6016602516174, 3454.185681102215, 859.9753842206904
3568.126254081726, 3454.185681102215, 859.9753842206904
3568.6319024562836, 3454.185681102215, 859.9753842206904
3569.12757396698, 3454.185681102215, 859.9753842206904
3569.6072902679443, 3454.185681102215, 859.9753842206904
3570.12091588974, 3454.185681102215, 859.9753842206904
3570.6145935058594, 3454.185681102215, 859.9753842206904
3571.1282172203064, 3454.185681102215, 859.9753842206904
3571.6149156093597, 3454.185681102215, 859.9753842206904
3572.125547647476, 3454.185681102215, 859.9753842206904
3572.9952187538147, 3447.9924361205285, 1076.541083355966
3573.707312822342, 3447.9924361205285, 1076.541083355966
3574.3605620861053, 3462.146927948784, 1427.2449071174904
3574.6567697525024, 3462.146927948784, 1427.2449071174904
3575.1584260463715, 3462.146927948784, 1427.2449071174904
3575.676041126251, 3462.146927948784, 1427.2449071174904
3576.1647322177887, 3462.146927948784, 1427.2449071174904
3576.6793534755707, 3462.146927948784, 1427.2449071174904
3577.174029827118, 3462.146927948784, 1427.2449071174904
3577.685659646988, 3462.146927948784, 1427.2449071174904
3578.1583936214447, 3462.146927948784, 1427.2449071174904
3578.6640412807465, 3462.146927948784, 1427.2449071174904
3579.1876385211945, 3462.146927948784, 1427.2449071174904
3579.6783249378204, 3462.146927948784, 1427.2449071174904
3580.1700091362, 3462.146927948784, 1427.2449071174904
3580.676654100418, 3462.146927948784, 1427.2449071174904
3581.179306745529, 3462.146927948784, 1427.2449071174904
3581.6829574108124, 3462.146927948784, 1427.2449071174904
3582.186609506607, 3462.146927948784, 1427.2449071174904
3582.89471244812, 3457.8221296287584, 1164.1516943483268
3583.62974524498, 3457.8221296287584, 1164.1516943483268
3584.1683027744293, 3457.8221296287584, 1164.1516943483268
3584.8704228401184, 3454.414623793328, 1142.1200753343046
3585.1606464385986, 3454.414623793328, 1142.1200753343046
3585.632382631302, 3454.414623793328, 1142.1200753343046
3586.1499977111816, 3454.414623793328, 1142.1200753343046
3586.8979947566986, 3452.863266406528, 1106.1671724221433
3587.6340243816376, 3452.863266406528, 1106.1671724221433
3588.1386728286743, 3452.863266406528, 1106.1671724221433
3588.630355834961, 3452.863266406528, 1106.1671724221433
3589.126029253006, 3452.863266406528, 1106.1671724221433
3589.6386573314667, 3452.863266406528, 1106.1671724221433
3590.135326862335, 3452.863266406528, 1106.1671724221433
3590.6399762630463, 3452.863266406528, 1106.1671724221433
3591.132657289505, 3452.863266406528, 1106.1671724221433
3591.9185526371, 3446.830684104968, 1173.1268454700553
3592.6406202316284, 3446.830684104968, 1173.1268454700553
3593.155241727829, 3446.830684104968, 1173.1268454700553
3593.662883758545, 3446.830684104968, 1173.1268454700553
3594.156560897827, 3446.830684104968, 1173.1268454700553
3594.6512365341187, 3446.830684104968, 1173.1268454700553
3595.385270833969, 3444.091085405264, 1169.5012693942795
3596.13725733757, 3444.091085405264, 1169.5012693942795
3596.63791847229, 3444.091085405264, 1169.5012693942795
3597.1296010017395, 3444.091085405264, 1169.5012693942795
3597.649209022522, 3444.091085405264, 1169.5012693942795
3598.1299216747284, 3444.091085405264, 1169.5012693942795
3598.63955783844, 3444.091085405264, 1169.5012693942795
3599.374589920044, 3442.7654718766516, 1170.0591486119786
3599.636887550354, 3442.7654718766516, 1170.0591486119786
3600.3808965682983, 3446.8535352571284, 1145.2146691754392
3600.6571559906006, 3446.8535352571284, 1145.2146691754392
3601.137868642807, 3446.8535352571284, 1145.2146691754392
3601.925758600235, 3450.633112701499, 1190.1602534725948
3602.634860277176, 3450.633112701499, 1190.1602534725948
3603.1325273513794, 3450.633112701499, 1190.1602534725948
3603.6321914196014, 3450.633112701499, 1190.1602534725948
3604.142823457718, 3450.633112701499, 1190.1602534725948
3604.6394929885864, 3450.633112701499, 1190.1602534725948
3605.150125980377, 3450.633112701499, 1190.1602534725948
3605.641809463501, 3450.633112701499, 1190.1602534725948
3606.1464579105377, 3450.633112701499, 1190.1602534725948
3606.639138698578, 3450.633112701499, 1190.1602534725948
3607.1457834243774, 3450.633112701499, 1190.1602534725948
3607.661401987076, 3450.633112701499, 1190.1602534725948
3608.1441094875336, 3450.633112701499, 1190.1602534725948
3608.655739545822, 3450.633112701499, 1190.1602534725948
3609.1733543872833, 3450.633112701499, 1190.1602534725948
3609.6530690193176, 3450.633112701499, 1190.1602534725948
3610.1417615413666, 3450.633112701499, 1190.1602534725948
3610.6244683265686, 3450.633112701499, 1190.1602534725948
3611.1490638256073, 3450.633112701499, 1190.1602534725948
3611.636758327484, 3450.633112701499, 1190.1602534725948
3612.445594072342, 1648.5717949353082, 321.95644267677653
3613.172646045685, 1648.5717949353082, 321.95644267677653
3613.676298379898, 1648.5717949353082, 321.95644267677653
3614.1719722747803, 1648.5717949353082, 321.95644267677653
3614.6706352233887, 1648.5717949353082, 321.95644267677653
3615.1762812137604, 1648.5717949353082, 321.95644267677653
3615.686915397644, 1648.5717949353082, 321.95644267677653
3616.4039964675903, 3441.501546173093, 1169.9409885036162
3617.1270587444305, 3441.501546173093, 1169.9409885036162
3617.6337018013, 3441.501546173093, 1169.9409885036162
3618.1493220329285, 3441.501546173093, 1169.9409885036162
3618.9282360076904, 3448.379209529355, 917.9406266999849
3619.672244310379, 3448.379209529355, 917.9406266999849
3620.1549513339996, 3448.379209529355, 917.9406266999849
3620.8869922161102, 787.4884982101486, 1857.651683373877
3621.8913023471832, 3451.0190234648085, 1174.647315010993
3622.177536010742, 3451.0190234648085, 1174.647315010993
3622.64727807045, 3451.0190234648085, 1174.647315010993
3623.1459443569183, 3451.0190234648085, 1174.647315010993
3623.6645550727844, 3451.0190234648085, 1174.647315010993
3624.154244184494, 3451.0190234648085, 1174.647315010993
3624.8743155002594, 3448.6168389554778, 1177.255535994226
3625.3709857463837, 3462.5166750425674, 1133.712253654442
3625.6582164764404, 3462.5166750425674, 1133.712253654442
3626.155885696411, 3462.5166750425674, 1133.712253654442
3626.6455731391907, 3462.5166750425674, 1133.712253654442
3627.137256383896, 3462.5166750425674, 1133.712253654442
3627.6419055461884, 3462.5166750425674, 1133.712253654442
3628.1455566883087, 3462.5166750425674, 1133.712253654442
3628.65918135643, 3462.5166750425674, 1133.712253654442
3629.1528618335724, 3462.5166750425674, 1133.712253654442
3629.911827325821, 2207.3042298392243, 67.20322548551194
3630.6717932224274, 2207.3042298392243, 67.20322548551194
3631.1694626808167, 2207.3042298392243, 67.20322548551194
3631.8875381946564, 3447.350517664624, 1143.008372351261
3633.0065417289734, 1462.560727093763, 459.8155389224685
3634.0118505954742, 2201.0659061492042, 413.07282782237115
3634.9952178001404, 1820.609331378898, 101.54274554444405
3635.731246948242, 1820.609331378898, 101.54274554444405
3636.2388892173767, 1820.609331378898, 101.54274554444405
3636.701649904251, 1820.609331378898, 101.54274554444405
3637.2352209091187, 1820.609331378898, 101.54274554444405
3637.730893135071, 1820.609331378898, 101.54274554444405
3638.244517803192, 1820.609331378898, 101.54274554444405
3638.728223800659, 1820.609331378898, 101.54274554444405
3639.3864612579346, 3455.4457781380656, 1142.1217569114058
3640.174350976944, 3455.4457781380656, 1142.1217569114058
3640.6740136146545, 3455.4457781380656, 1142.1217569114058
3641.129792690277, 3455.4457781380656, 1142.1217569114058
3641.657380580902, 3455.4457781380656, 1142.1217569114058
3642.4731965065002, 3443.518853034032, 876.5866238323742
3643.1972575187683, 3443.518853034032, 876.5866238323742
3643.7108821868896, 3443.518853034032, 876.5866238323742
3644.1995747089386, 3443.518853034032, 876.5866238323742
3644.6972410678864, 3443.518853034032, 876.5866238323742
3645.201890230179, 3443.518853034032, 876.5866238323742
3645.69157910347, 3443.518853034032, 876.5866238323742
3646.187253475189, 3443.518853034032, 876.5866238323742
3646.9422302246094, 3449.0678374016748, 1180.496735453539
3647.649337530136, 3449.0678374016748, 1180.496735453539
3648.139026403427, 3449.0678374016748, 1180.496735453539
3648.6237280368805, 3449.0678374016748, 1180.496735453539
3649.4235870838165, 3451.7207586785325, 910.6877743074148
3650.1536316871643, 3451.7207586785325, 910.6877743074148
3650.668254852295, 3451.7207586785325, 910.6877743074148
3651.3464386463165, 3446.8096489197187, 1154.6663227864165
3651.6516218185425, 3446.8096489197187, 1154.6663227864165
3652.394631385803, 3446.2909916733392, 1137.767216376923
3653.3670284748077, 3443.4911945004696, 1164.7759192700362
3653.6652307510376, 3443.4911945004696, 1164.7759192700362
3654.1409561634064, 3443.4911945004696, 1164.7759192700362
3654.6705384254456, 3443.4911945004696, 1164.7759192700362
3655.3926043510437, 3444.3158877882684, 1162.5998891136721
3656.12265086174, 3444.3158877882684, 1162.5998891136721
3656.6243073940277, 3444.3158877882684, 1162.5998891136721
3657.322438955307, 3437.5235580233643, 1187.5603118469446
3657.645572900772, 3437.5235580233643, 1187.5603118469446
3658.1352610588074, 3437.5235580233643, 1187.5603118469446
3658.9061975479126, 3446.676186847215, 1166.008206598881
3659.9214794635773, 3449.483700408805, 1173.249071620225
3660.896867990494, 3438.1697531540894, 1132.5789556470127
3661.6408762931824, 3438.1697531540894, 1132.5789556470127
3662.166468858719, 3438.1697531540894, 1132.5789556470127
3662.635214328766, 3438.1697531540894, 1132.5789556470127
3663.144850254059, 3438.1697531540894, 1132.5789556470127
3663.632543325424, 3438.1697531540894, 1132.5789556470127
3664.1381888389587, 3438.1697531540894, 1132.5789556470127
3664.624886035919, 3438.1697531540894, 1132.5789556470127
3665.138512134552, 3438.1697531540894, 1132.5789556470127
3665.63019490242, 3438.1697531540894, 1132.5789556470127
3666.1468119621277, 3438.1697531540894, 1132.5789556470127
3666.627524137497, 3438.1697531540894, 1132.5789556470127
3667.1481308937073, 3438.1697531540894, 1132.5789556470127
3667.7215950489044, 3438.1697531540894, 1132.5789556470127
3668.154436349869, 3438.1697531540894, 1132.5789556470127
3668.6461219787598, 3438.1697531540894, 1132.5789556470127
3669.3532276153564, 3454.031773007823, 1147.3833189684785
3669.70628118515, 3454.031773007823, 1147.3833189684785
3670.146104335785, 3454.031773007823, 1147.3833189684785
3670.634795188904, 3454.031773007823, 1147.3833189684785
3671.116507291794, 3454.031773007823, 1147.3833189684785
3671.636114358902, 3454.031773007823, 1147.3833189684785
3672.142758131027, 3454.031773007823, 1147.3833189684785
3672.637432575226, 3454.031773007823, 1147.3833189684785
3673.1351017951965, 3454.031773007823, 1147.3833189684785
3673.632768392563, 3454.031773007823, 1147.3833189684785
3674.1264474391937, 3454.031773007823, 1147.3833189684785
3674.6480498313904, 3454.031773007823, 1147.3833189684785
3675.4070179462433, 3442.917722476268, 1162.6716832556526
3676.157009601593, 3442.917722476268, 1162.6716832556526
3676.8770821094513, 3452.413769033189, 1145.3379958018882
3677.191240787506, 3452.413769033189, 1145.3379958018882
3677.63006567955, 3452.413769033189, 1145.3379958018882
3678.1367094516754, 3452.413769033189, 1145.3379958018882
3678.841821193695, 3445.839663638925, 1159.7669016016778
3679.139025449753, 3445.839663638925, 1159.7669016016778
3679.6237273216248, 3445.839663638925, 1159.7669016016778
3680.1223924160004, 3445.839663638925, 1159.7669016016778
3680.6280388832092, 3445.839663638925, 1159.7669016016778
3681.3481109142303, 3444.5436629073797, 1182.2716939218133
3681.642323255539, 3444.5436629073797, 1182.2716939218133
3682.3444430828094, 3448.585017389217, 1139.962606118667
3682.636661529541, 3448.585017389217, 1139.962606118667
3683.129341363907, 3448.585017389217, 1139.962606118667
3683.6280069351196, 3448.585017389217, 1139.962606118667
3684.3999400138855, 3438.8261131651993, 1154.382917553526
3685.1289887428284, 3438.8261131651993, 1154.382917553526
3685.6266560554504, 3438.8261131651993, 1154.382917553526
3686.1243228912354, 3438.8261131651993, 1154.382917553526
3686.6349561214447, 3438.8261131651993, 1154.382917553526
3687.1216530799866, 3438.8261131651993, 1154.382917553526
3687.6332833766937, 3438.8261131651993, 1154.382917553526
3688.151895046234, 3438.8261131651993, 1154.382917553526
3688.8769533634186, 3456.019183034661, 1115.6728304701016
3689.1582005023956, 3456.019183034661, 1115.6728304701016
3689.875279903412, 3453.333369317686, 1105.7291295116866
3690.140570640564, 3453.333369317686, 1105.7291295116866
3690.8955478668213, 3446.355066147747, 1126.4344529098805
3691.8709371089935, 3438.5955321943015, 1185.4516807919179
3692.122263431549, 3438.5955321943015, 1185.4516807919179
3692.623920440674, 3438.5955321943015, 1185.4516807919179
3693.1415350437164, 3438.5955321943015, 1185.4516807919179
3693.885542869568, 3449.467450275792, 1202.853381132722
3694.1917231082916, 3449.467450275792, 1202.853381132722
3694.656479358673, 3449.467450275792, 1202.853381132722
3695.1411814689636, 3449.467450275792, 1202.853381132722
3695.628876209259, 3449.467450275792, 1202.853381132722
3696.235252380371, 3449.467450275792, 1202.853381132722
3696.650141477585, 3449.467450275792, 1202.853381132722
3697.143819093704, 3449.467450275792, 1202.853381132722
3697.6564481258392, 3449.467450275792, 1202.853381132722
3698.1531176567078, 3449.467450275792, 1202.853381132722
3698.661754846573, 3449.467450275792, 1202.853381132722
3699.155433654785, 3449.467450275792, 1202.853381132722
3699.658087491989, 3449.467450275792, 1202.853381132722
3700.174704313278, 3449.467450275792, 1202.853381132722
3700.645443677902, 3449.467450275792, 1202.853381132722
3701.138126850128, 3449.467450275792, 1202.853381132722
3701.6477603912354, 3449.467450275792, 1202.853381132722
3702.4147069454193, 3449.178913529197, 1123.39460281738
3703.132784128189, 3449.178913529197, 1123.39460281738
3703.8598370552063, 3438.3692677719414, 1085.1423694337957
3704.1321086883545, 3438.3692677719414, 1085.1423694337957
3704.6357595920563, 3438.3692677719414, 1085.1423694337957
3705.1244518756866, 3438.3692677719414, 1085.1423694337957
3705.879429578781, 3449.00372790281, 1137.5994876555478
3706.6463766098022, 3449.00372790281, 1137.5994876555478
3707.134071111679, 3449.00372790281, 1137.5994876555478
3707.873092651367, 3450.3813715093506, 1156.234621451787
3708.1752829551697, 3450.3813715093506, 1156.234621451787
3708.641035556793, 3450.3813715093506, 1156.234621451787
3709.1456854343414, 3450.3813715093506, 1156.234621451787
3709.886701107025, 3453.8096110253455, 1140.6760673228328
3710.1749296188354, 3453.8096110253455, 1140.6760673228328
3710.650655031204, 3453.8096110253455, 1140.6760673228328
3711.156302690506, 3453.8096110253455, 1140.6760673228328
3711.6230528354645, 3453.8096110253455, 1140.6760673228328
3712.1366765499115, 3453.8096110253455, 1140.6760673228328
3712.6642649173737, 3453.8096110253455, 1140.6760673228328
3713.141984462738, 3453.8096110253455, 1140.6760673228328
3713.6266870498657, 3453.8096110253455, 1140.6760673228328
3714.135325193405, 3453.8096110253455, 1140.6760673228328
3714.6339910030365, 3453.8096110253455, 1140.6760673228328
3715.1526021957397, 3453.8096110253455, 1140.6760673228328
3715.667223215103, 3453.8096110253455, 1140.6760673228328
3716.442149400711, 3448.8634686981163, 530.13853092238
3717.1741893291473, 3448.8634686981163, 530.13853092238
3717.6658732891083, 3448.8634686981163, 530.13853092238
3718.1396050453186, 3448.8634686981163, 530.13853092238
3718.659213066101, 3448.8634686981163, 530.13853092238
3719.1568801403046, 3448.8634686981163, 530.13853092238
3719.674494743347, 3448.8634686981163, 530.13853092238
3720.1412451267242, 3448.8634686981163, 530.13853092238
3720.888247013092, 3458.5725533756345, 868.3173478834758
3721.6871061325073, 3458.5725533756345, 868.3173478834758
3722.1688165664673, 3458.5725533756345, 868.3173478834758
3722.679449081421, 3458.5725533756345, 868.3173478834758
3723.16814160347, 3458.5725533756345, 868.3173478834758
3723.710687160492, 3458.5725533756345, 868.3173478834758
3724.163475751877, 3458.5725533756345, 868.3173478834758
3724.680092573166, 3458.5725533756345, 868.3173478834758
3725.172773838043, 3458.5725533756345, 868.3173478834758
3725.8948397636414, 3450.437519872249, 1172.565159974572
3726.890174627304, 3450.807386024618, 1167.2327817101361
3727.88152050972, 3446.7437707584963, 1172.4661045670587
3728.1587784290314, 3446.7437707584963, 1172.4661045670587
3728.816018819809, 3450.802455044053, 1115.6142481084078
3729.121201276779, 3450.802455044053, 1115.6142481084078
3729.6318352222443, 3450.802455044053, 1115.6142481084078
3730.3838214874268, 3445.6599986702586, 1139.6262885475423
3731.1577486991882, 3445.6599986702586, 1139.6262885475423
3731.6294860839844, 3445.6599986702586, 1139.6262885475423
3732.3854625225067, -112989.18815157667, 469.8413815697433
3732.8621859550476, 1238.6500880052367, 556.648206326871
3733.3658373355865, 426.4307044876264, 2031.6841105633541
3733.621153831482, 426.4307044876264, 2031.6841105633541
3734.096880197525, 426.4307044876264, 2031.6841105633541
3734.611501455307, 426.4307044876264, 2031.6841105633541
3735.090219974518, 426.4307044876264, 2031.6841105633541
3735.5928745269775, 426.4307044876264, 2031.6841105633541
3736.41068482399, 3450.0749683965946, 1132.2627899531897
3737.131753921509, 3450.0749683965946, 1132.2627899531897
3737.6413893699646, 3450.0749683965946, 1132.2627899531897
3738.137063264847, 3450.0749683965946, 1132.2627899531897
3738.8641159534454, 3443.7877656258943, 1115.7267040800277
3739.3807327747345, 3450.356295143746, 822.6024987248367
3739.872416496277, 3447.653296147338, 824.1965662458463
3740.1925587654114, 3447.653296147338, 824.1965662458463
3740.6583127975464, 3447.653296147338, 824.1965662458463
3741.1679480075836, 3447.653296147338, 824.1965662458463
3741.654645204544, 3447.653296147338, 824.1965662458463
3742.206167459488, 3447.653296147338, 824.1965662458463
3742.6609497070312, 3447.653296147338, 824.1965662458463
3743.173578262329, 3447.653296147338, 824.1965662458463
3743.6343433856964, 3447.653296147338, 824.1965662458463
3744.150961637497, 3447.653296147338, 824.1965662458463
3744.6625916957855, 3447.653296147338, 824.1965662458463
3745.3996176719666, 3453.8019841948812, 842.4123874548118
3746.3750059604645, 3446.8414927052963, 1122.9932478785593
3747.380315065384, 3448.934373520312, 1122.9790975238545
3748.1472613811493, 3448.934373520312, 1122.9790975238545
3748.6269764900208, 3448.934373520312, 1122.9790975238545
3749.1176640987396, 3448.934373520312, 1122.9790975238545
3749.63428068161, 3448.934373520312, 1122.9790975238545
3750.112997531891, 3448.934373520312, 1122.9790975238545
3750.638591527939, 3448.934373520312, 1122.9790975238545
3751.1332664489746, 3448.934373520312, 1122.9790975238545
3751.6279418468475, 3448.934373520312, 1122.9790975238545
3752.1286010742188, 3448.934373520312, 1122.9790975238545
3752.6372394561768, 3448.934373520312, 1122.9790975238545
3753.344345808029, 3467.934268441421, 1120.014633669422
3753.6255927085876, 3467.934268441421, 1120.014633669422
3754.1561727523804, 3467.934268441421, 1120.014633669422
3754.651845216751, 3467.934268441421, 1120.014633669422
3755.1415362358093, 3467.934268441421, 1120.014633669422
3755.6312232017517, 3467.934268441421, 1120.014633669422
3756.4240996837616, 3463.4133270034727, 903.9999444092211
3757.168109178543, 3463.4133270034727, 903.9999444092211
3757.916105747223, 3457.7410575429294, 867.0160745456292
3758.898474931717, 3458.5918665037775, 1154.4028766722338
3759.8918154239655, 3465.454700504326, 1135.4235882676826
3760.923054933548, 3459.358027970934, 859.4143295119079
3761.8695204257965, 3456.8667852528374, 1143.594322667034
3762.161737680435, 3456.8667852528374, 1143.594322667034
3762.627491235733, 3456.8667852528374, 1143.594322667034
3763.3754889965057, 3463.8654754570302, 1099.3047002904616
3764.3299334049225, 3457.0975852234606, 1159.8611307439394
3764.6221508979797, 3457.0975852234606, 1159.8611307439394
3765.3342456817627, 3451.8031553334786, 1169.314185896572
3765.6444137096405, 3451.8031553334786, 1169.314185896572
3766.40238404274, 3454.6279541663916, 1179.749272472075
3767.141405582428, 3454.6279541663916, 1179.749272472075
3767.642066001892, 3454.6279541663916, 1179.749272472075
3768.126767396927, 3454.6279541663916, 1179.749272472075
3768.6483705043793, 3454.6279541663916, 1179.749272472075
3769.1310789585114, 3454.6279541663916, 1179.749272472075
3769.6407132148743, 3454.6279541663916, 1179.749272472075
3770.128407716751, 3454.6279541663916, 1179.749272472075
3770.6579892635345, 3454.6279541663916, 1179.749272472075
3771.1337184906006, 3454.6279541663916, 1179.749272472075
3771.6593084335327, 3454.6279541663916, 1179.749272472075
3772.133041381836, 3454.6279541663916, 1179.749272472075
3772.857102394104, 3455.8011591295103, 1189.0073590033824
3773.137353181839, 3455.8011591295103, 1189.0073590033824
3773.950175523758, 3460.5796696732673, 905.1075418259035
3774.6971752643585, 3460.5796696732673, 905.1075418259035
3775.195840358734, 3460.5796696732673, 905.1075418259035
3775.7034816741943, 3460.5796696732673, 905.1075418259035
3776.1931698322296, 3460.5796696732673, 905.1075418259035
3776.901273727417, 3459.4526379830118, 1138.883785331564
3777.644284963608, 3459.4526379830118, 1138.883785331564
3778.180848836899, 3459.4526379830118, 1138.883785331564
3778.6466059684753, 3459.4526379830118, 1138.883785331564
3779.149254798889, 3459.4526379830118, 1138.883785331564
3779.630965948105, 3459.4526379830118, 1138.883785331564
3780.134617328644, 3459.4526379830118, 1138.883785331564
3780.6382689476013, 3459.4526379830118, 1138.883785331564
3781.372303247452, 3451.0450086230708, 1164.5893177390503
3782.121298789978, 3451.0450086230708, 1164.5893177390503
3782.636917591095, 3451.0450086230708, 1164.5893177390503
3783.3899018764496, 3451.211793139142, 1170.7571041294796
3784.132913351059, 3451.211793139142, 1170.7571041294796
3784.6295816898346, 3451.211793139142, 1170.7571041294796
3785.12824678421, 3451.211793139142, 1170.7571041294796
3785.6358880996704, 3451.211793139142, 1170.7571041294796
3786.150509595871, 3451.211793139142, 1170.7571041294796
3786.8665931224823, 3454.022247331641, 1219.6909421243747
3787.144848585129, 3454.022247331641, 1219.6909421243747
3787.863922595978, 3448.831627500076, 1157.5639381827152
3788.1421780586243, 3448.831627500076, 1157.5639381827152
3788.6348581314087, 3448.831627500076, 1157.5639381827152
3789.144493818283, 3448.831627500076, 1157.5639381827152
3789.9214131832123, 3440.2775179069276, 903.4865824866814
3790.903782606125, 3439.4087555645488, 1234.8749785440236
3791.63582444191, 3439.4087555645488, 1234.8749785440236
3792.1554322242737, 3439.4087555645488, 1234.8749785440236
3792.666065454483, 3439.4087555645488, 1234.8749785440236
3793.3761637210846, 3450.2000939399795, 1197.4192767092818
3793.679352045059, 3450.2000939399795, 1197.4192767092818
3794.1371264457703, 3450.2000939399795, 1197.4192767092818
3794.636788368225, 3450.2000939399795, 1197.4192767092818
3795.144429206848, 3450.2000939399795, 1197.4192767092818
3795.655062198639, 3450.2000939399795, 1197.4192767092818
3796.1537272930145, 3450.2000939399795, 1197.4192767092818
3796.654387950897, 3450.2000939399795, 1197.4192767092818
3797.4023838043213, 3441.294784110489, 1212.2996600164113
3798.1424021720886, 3441.294784110489, 1212.2996600164113
3798.6420645713806, 3441.294784110489, 1212.2996600164113
3799.431949853897, 3446.1918839114287, 902.8916703234601
3800.428282022476, 3441.9260094848087, 926.2208425187545
3801.4066619873047, 3433.795885349836, 936.240406457061
3802.1736092567444, 3433.795885349836, 936.240406457061
3802.8837084770203, 3447.9797268981356, 582.0705003509394
3803.670601606369, 3447.9797268981356, 582.0705003509394
3804.1483223438263, 3447.9797268981356, 582.0705003509394
3804.849444627762, 3452.5464934724523, 1209.5260695603245
3805.1606113910675, 3452.5464934724523, 1209.5260695603245
3805.843783378601, 3440.6871948627654, 1230.8799764519342
3806.1529557704926, 3440.6871948627654, 1230.8799764519342
3806.65660738945, 3440.6871948627654, 1230.8799764519342
3807.13831615448, 3440.6871948627654, 1230.8799764519342
3807.6240162849426, 3440.6871948627654, 1230.8799764519342
3808.1476142406464, 3440.6871948627654, 1230.8799764519342
3808.64129281044, 3440.6871948627654, 1230.8799764519342
3809.1459414958954, 3440.6871948627654, 1230.8799764519342
3809.6406185626984, 3440.6871948627654, 1230.8799764519342
3810.4135479927063, 3444.590723930667, 1183.911580375818
3811.3859436511993, 3438.6201524912685, 1209.731152069731
3812.1429176330566, 3438.6201524912685, 1209.731152069731
3812.886925458908, 3438.6780042552987, 1189.7315798615414
3813.6359202861786, 3438.6780042552987, 1189.7315798615414
3814.1355817317963, 3438.6780042552987, 1189.7315798615414
3814.641228199005, 3438.6780042552987, 1189.7315798615414
3815.1339089870453, 3438.6780042552987, 1189.7315798615414
3815.8779163360596, 3433.697094280195, 1206.8822737753285
3816.173126935959, 3433.697094280195, 1206.8822737753285
3816.874248981476, 3425.3977240159215, 1213.5777409957782
3817.1624767780304, 3425.3977240159215, 1213.5777409957782
3817.648176908493, 3425.3977240159215, 1213.5777409957782
3818.160804748535, 3425.3977240159215, 1213.5777409957782
3818.659470319748, 3425.3977240159215, 1213.5777409957782
3819.158138036728, 3425.3977240159215, 1213.5777409957782
3819.6508152484894, 3425.3977240159215, 1213.5777409957782
3820.17840218544, 3425.3977240159215, 1213.5777409957782
3820.6870403289795, 3425.3977240159215, 1213.5777409957782
3821.42506480217, 3415.56106207942, 1247.2090431728225
3822.385493993759, 3421.556706726498, 1177.2137544400514
3823.1424651145935, 3421.556706726498, 1177.2137544400514
3823.646117210388, 3421.556706726498, 1177.2137544400514
3824.162734270096, 3421.556706726498, 1177.2137544400514
3824.645441532135, 3421.556706726498, 1177.2137544400514
3825.151089668274, 3421.556706726498, 1177.2137544400514
3825.8990848064423, 3412.7552451093225, 1212.0536646602352
3826.6490762233734, 3412.7552451093225, 1212.0536646602352
3827.15571975708, 3412.7552451093225, 1212.0536646602352
3827.634437561035, 3412.7552451093225, 1212.0536646602352
3828.147065639496, 3412.7552451093225, 1212.0536646602352
3828.639746904373, 3412.7552451093225, 1212.0536646602352
3829.3957216739655, 3411.235286506311, 1204.9205350473853
3830.391056537628, 3423.527069833889, 1219.9110438191128
3831.156008243561, 3423.527069833889, 1219.9110438191128
3831.647694349289, 3423.527069833889, 1219.9110438191128
3832.450541973114, 2017.7252271195357, 590.7285417763393
3833.21848654747, 2017.7252271195357, 590.7285417763393
3833.7091727256775, 2017.7252271195357, 590.7285417763393
3834.371398448944, 3421.0386671555275, 1174.3921260646998
3835.3896718025208, 3422.1534786689845, 1131.6695381611835
3836.3870012760162, 3415.497168227864, 1184.4814646620348
3837.1330049037933, 3415.497168227864, 1184.4814646620348
3837.65261387825, 3415.497168227864, 1184.4814646620348
3838.143299341202, 3415.497168227864, 1184.4814646620348
3838.6389718055725, 3415.497168227864, 1184.4814646620348
3839.142623901367, 3415.497168227864, 1184.4814646620348
3839.989356279373, 755.8168021605774, 373.20345946955786
3840.731369972229, 755.8168021605774, 373.20345946955786
3841.246989250183, 755.8168021605774, 373.20345946955786
3841.7566242218018, 755.8168021605774, 373.20345946955786
3842.223375082016, 755.8168021605774, 373.20345946955786
3842.749964237213, 755.8168021605774, 373.20345946955786
3843.213727712631, 755.8168021605774, 373.20345946955786
3843.997623205185, 1390.7744176505075, 1795.4600150956342
3844.7077219486237, 1390.7744176505075, 1795.4600150956342
3845.1684880256653, 1390.7744176505075, 1795.4600150956342
3845.6841077804565, 1390.7744176505075, 1795.4600150956342
3846.1897542476654, 1390.7744176505075, 1795.4600150956342
3846.687421321869, 1390.7744176505075, 1795.4600150956342
3847.420458316803, 122.35086248106458, 2950.4032882959955
3849.880869626999, 1288.7499451891447, 1734.9836486713205
3850.698680639267, 1288.7499451891447, 1734.9836486713205
3851.1993408203125, 1288.7499451891447, 1734.9836486713205
3851.7099726200104, 1288.7499451891447, 1734.9836486713205
3852.2086374759674, 1288.7499451891447, 1734.9836486713205
3852.702315092087, 1288.7499451891447, 1734.9836486713205
3853.200980424881, 1288.7499451891447, 1734.9836486713205
3855.8798072338104, 1775.5323435063176, 649.4790575392398
3856.221891641617, 1775.5323435063176, 649.4790575392398
3856.6736817359924, 1775.5323435063176, 649.4790575392398
3857.1593809127808, 1775.5323435063176, 649.4790575392398
3857.665027141571, 1775.5323435063176, 649.4790575392398
3858.1706733703613, 1775.5323435063176, 649.4790575392398
3858.6783163547516, 1775.5323435063176, 649.4790575392398
3859.1590282917023, 1775.5323435063176, 649.4790575392398
3859.6636753082275, 1775.5323435063176, 649.4790575392398
3860.1643345355988, 1775.5323435063176, 649.4790575392398
3860.6689836978912, 1775.5323435063176, 649.4790575392398
3861.1666510105133, 1775.5323435063176, 649.4790575392398
3861.677283525467, 1775.5323435063176, 649.4790575392398
3862.1789407730103, 1775.5323435063176, 649.4790575392398
3862.8830547332764, 1869.8287675651688, 1696.1676361800062
3863.1902327537537, 1869.8287675651688, 1696.1676361800062
3863.676928758621, 1869.8287675651688, 1696.1676361800062
3864.4129586219788, 2436.7700042979764, 1339.7679636937053
3865.1559693813324, 2436.7700042979764, 1339.7679636937053
3865.6496465206146, 2436.7700042979764, 1339.7679636937053
3866.7157924175262, 25.001758110955915, 450.95896011148574
3867.4009573459625, 584.9326329215894, 2299.8258772027557
3868.2167744636536, 584.9326329215894, 2299.8258772027557
3868.6895072460175, 584.9326329215894, 2299.8258772027557
3869.19615149498, 584.9326329215894, 2299.8258772027557
3869.941157102585, 780.9423566159954, 1509.0002743013754
3870.6791796684265, 780.9423566159954, 1509.0002743013754
3871.190809726715, 780.9423566159954, 1509.0002743013754
3872.958078622818, 2886.6433829865646, 2937.668296510342
3873.699093580246, 2886.6433829865646, 2937.668296510342
3874.2137150764465, 2886.6433829865646, 2937.668296510342
3874.7063970565796, 2886.6433829865646, 2937.668296510342
3875.195088148117, 2886.6433829865646, 2937.668296510342
3875.6967449188232, 2886.6433829865646, 2937.668296510342
3876.415819168091, 452.3330827829006, 1434.1905137248052
3885.9373247623444, 798.2162299778639, 1567.7461815670836
3887.168028116226, 3932.532672320918, 1526.5754722696588
3887.9210147857666, 3932.532672320918, 1526.5754722696588
3888.9053766727448, 3932.532672320918, 1526.5754722696588
3890.008422613144, 1195.9815064349598, 1934.9690385043407
3890.723508834839, 1195.9815064349598, 1934.9690385043407
3891.2281577587128, 1195.9815064349598, 1934.9690385043407
3891.7218363285065, 1195.9815064349598, 1934.9690385043407
3892.240447282791, 1195.9815064349598, 1934.9690385043407
3892.7131819725037, 1195.9815064349598, 1934.9690385043407
3893.22381401062, 1195.9815064349598, 1934.9690385043407
3893.9249370098114, 838.2171505020362, 1163.1060331310064
3894.9581713676453, 1813.623719247784, 2693.2503029239506
3895.719132423401, 1813.623719247784, 2693.2503029239506
3896.5548934936523, 345.7504927697091, 662.7298375637733
3897.2590103149414, 345.7504927697091, 662.7298375637733
3897.7806129455566, 345.7504927697091, 662.7298375637733
3898.273294210434, 345.7504927697091, 662.7298375637733
3898.80885887146, 345.7504927697091, 662.7298375637733
3899.3693583011627, 345.7504927697091, 662.7298375637733
3899.802198410034, 345.7504927697091, 662.7298375637733
3900.2898943424225, 345.7504927697091, 662.7298375637733
3900.7815766334534, 345.7504927697091, 662.7298375637733
3901.2732603549957, 345.7504927697091, 662.7298375637733
3901.7998507022858, 345.7504927697091, 662.7298375637733
3902.2925310134888, 345.7504927697091, 662.7298375637733
3902.7941880226135, 345.7504927697091, 662.7298375637733
3903.290858030319, 345.7504927697091, 662.7298375637733
3903.792515039444, 345.7504927697091, 662.7298375637733
3904.284197807312, 345.7504927697091, 662.7298375637733
3904.796825170517, 345.7504927697091, 662.7298375637733
3905.294493675232, 345.7504927697091, 662.7298375637733
3905.7991423606873, 345.7504927697091, 662.7298375637733
3906.2948145866394, 345.7504927697091, 662.7298375637733
3906.7944762706757, 345.7504927697091, 662.7298375637733
3907.301120519638, 345.7504927697091, 662.7298375637733
3907.7768454551697, 345.7504927697091, 662.7298375637733
3908.3223855495453, 345.7504927697091, 662.7298375637733
3908.7931246757507, 345.7504927697091, 662.7298375637733
3909.291790485382, 345.7504927697091, 662.7298375637733
3910.3768842220306, 1863.9979898728157, 920.7808342447295
3910.6870543956757, 1863.9979898728157, 920.7808342447295
3911.1946942806244, 1863.9979898728157, 920.7808342447295
3911.6694226264954, 1863.9979898728157, 920.7808342447295
3912.4154255390167, 2371.487941071006, 1131.0499727176182
3913.4127547740936, 1746.7255999762397, 1861.8741533108114
3914.181697368622, 1746.7255999762397, 1861.8741533108114
3914.664403438568, 1746.7255999762397, 1861.8741533108114
3915.1610736846924, 1746.7255999762397, 1861.8741533108114
3915.679685354233, 1746.7255999762397, 1861.8741533108114
3916.1823394298553, 1746.7255999762397, 1861.8741533108114
3916.909392118454, 2534.4610442635194, 2327.6141887132603
3917.6703543663025, 2534.4610442635194, 2327.6141887132603
3918.1590464115143, 2534.4610442635194, 2327.6141887132603
3918.8870968818665, 3634.0237438422996, 1490.8435672348892
3919.2062423229218, 3634.0237438422996, 1490.8435672348892
3919.6460642814636, 3634.0237438422996, 1490.8435672348892
3920.176644563675, 3634.0237438422996, 1490.8435672348892
3920.635415315628, 3634.0237438422996, 1490.8435672348892
3921.3963775634766, 473.26450368992465, 1369.01887237644
3922.18626332283, 473.26450368992465, 1369.01887237644
3922.6560065746307, 473.26450368992465, 1369.01887237644
3923.190574169159, 473.26450368992465, 1369.01887237644
3923.662311553955, 473.26450368992465, 1369.01887237644
3925.4624905586243, 2077.5457987466157, 350.28146142683084
3926.3989822864532, 1789.2869143447729, 1542.5831602563826
3927.1380047798157, 1789.2869143447729, 1542.5831602563826
3927.6645941734314, 1789.2869143447729, 1542.5831602563826
3928.1482994556427, 1789.2869143447729, 1542.5831602563826
3928.669902086258, 1789.2869143447729, 1542.5831602563826
3929.15261054039, 1789.2869143447729, 1542.5831602563826
3929.6931624412537, 1789.2869143447729, 1542.5831602563826
3930.16090965271, 1789.2869143447729, 1542.5831602563826
3931.0575098991394, 1135.3170385261164, 3035.839277063438
3931.9211966991425, 2149.4345006740873, 718.308963597472
3932.7001106739044, 2149.4345006740873, 718.308963597472
3933.1937897205353, 2149.4345006740873, 718.308963597472
3934.929142475128, 2791.6095693000198, 1193.5354688999757
3935.70606136322, 2791.6095693000198, 1193.5354688999757
3936.191760778427, 2791.6095693000198, 1193.5354688999757
3936.959705591202, 560.7882025477221, 274.4348274153602
3937.9301068782806, 265.3487897491542, -162.46707182990005
3938.6990473270416, 265.3487897491542, -162.46707182990005
3939.191728591919, 265.3487897491542, -162.46707182990005
3939.6794226169586, 265.3487897491542, -162.46707182990005
3940.409467935562, 842.3336430561496, 2337.132463319094
3941.190376996994, 842.3336430561496, 2337.132463319094
3941.9463543891907, 1502.499999999993, 2921.610325147393
3942.7033264636993, 1502.499999999993, 2921.610325147393
3943.7066385746, 588.4140905643555, 19.99470164435906
3944.4636120796204, 588.4140905643555, 19.99470164435906
3945.3941202163696, 588.4140905643555, 19.99470164435906
3946.3924477100372, 588.4140905643555, 19.99470164435906
3947.409723997116, 588.4140905643555, 19.99470164435906
3948.427000761032, 588.4140905643555, 19.99470164435906
3949.442282438278, 588.4140905643555, 19.99470164435906
3950.4326300621033, 588.4140905643555, 19.99470164435906
3951.431955099106, 588.4140905643555, 19.99470164435906
3952.4103338718414, 3459.4955920626485, 1046.0868555364887
3953.5183675289154, 17.37706253352335, 3087.032723660567
3954.4299263954163, 2918.791878031571, 1650.516808122008
3955.1749312877655, 2918.791878031571, 1650.516808122008
3955.6716015338898, 2918.791878031571, 1650.516808122008
3956.1543090343475, 2918.791878031571, 1650.516808122008
3956.6868827342987, 2918.791878031571, 1650.516808122008
3957.169590950012, 2918.791878031571, 1650.516808122008
3957.683214902878, 2918.791878031571, 1650.516808122008
3958.184872150421, 2918.791878031571, 1650.516808122008
3958.661596775055, 2918.791878031571, 1650.516808122008
3959.170234441757, 2918.791878031571, 1650.516808122008
3965.4314680099487, 2953.3599834157826, 2085.0109069933746
3966.4886372089386, 3610.614592113864, 1643.7425364252515
3967.56076669693, 1692.300548471287, 857.0082062780959
3968.462352514267, 3259.0465751638417, 183.66238366860014
3969.477635383606, 1788.9519679356106, 1096.4303667586146
3970.234607934952, 1788.9519679356106, 1096.4303667586146
3970.7262909412384, 1788.9519679356106, 1096.4303667586146
3971.2289447784424, 1788.9519679356106, 1096.4303667586146
3971.740574359894, 1788.9519679356106, 1096.4303667586146
3972.2571914196014, 1788.9519679356106, 1096.4303667586146
3972.7379064559937, 1788.9519679356106, 1096.4303667586146
3973.2734706401825, 1788.9519679356106, 1096.4303667586146
3973.7232661247253, 1788.9519679356106, 1096.4303667586146
3974.2259209156036, 1788.9519679356106, 1096.4303667586146
3974.7425394058228, 1788.9519679356106, 1096.4303667586146
3975.273115634918, 1788.9519679356106, 1096.4303667586146
3975.7338831424713, 1788.9519679356106, 1096.4303667586146
3976.2445170879364, 1788.9519679356106, 1096.4303667586146
3976.738192796707, 1788.9519679356106, 1096.4303667586146
3977.2318711280823, 1788.9519679356106, 1096.4303667586146
3977.901079893112, 719.0669695922539, 1670.614404565757
3978.8684899806976, 2026.790967225016, 1198.166795059085
3979.487830400467, 2329.7736499651073, -84.08529937786201
3980.179976940155, 2329.7736499651073, -84.08529937786201
3980.8222584724426, 612.0460298015406, 1551.4780830964985
3981.454565048218, 3987.407031842369, -29810.395466050304
3982.198572874069, 3987.407031842369, -29810.395466050304
3982.690256357193, 3987.407031842369, -29810.395466050304
3983.200888633728, 3987.407031842369, -29810.395466050304
3983.9688324928284, 1479.035301889692, 2279.5648218789675
3984.659981250763, 1479.035301889692, 2279.5648218789675
3985.172609806061, 1479.035301889692, 2279.5648218789675
3985.672271490097, 1479.035301889692, 2279.5648218789675
3986.457169532776, 2354.431471975417, 1582.942700633501
3987.372717857361, 2043.773515896723, 1489.2373499777505
3987.7427282333374, 2043.773515896723, 1489.2373499777505
3988.1296906471252, 2043.773515896723, 1489.2373499777505
3988.642318248749, 2043.773515896723, 1489.2373499777505
3989.1220343112946, 2043.773515896723, 1489.2373499777505
3989.6346638202667, 2043.773515896723, 1489.2373499777505
3990.5432283878326, 1290.0995427281948, 1054.5213188821465
3991.33211517334, 1290.0995427281948, 1054.5213188821465
3991.8128292560577, 1290.0995427281948, 1054.5213188821465
3992.3254561424255, 1290.0995427281948, 1054.5213188821465
3992.806168317795, 1290.0995427281948, 1054.5213188821465
3993.288876771927, 1290.0995427281948, 1054.5213188821465
3993.8084852695465, 1290.0995427281948, 1054.5213188821465
3994.465724468231, 3140.354731940719, 2587.9411598842626
3995.1778180599213, 3140.354731940719, 2587.9411598842626
3995.8779435157776, 2052.887420381422, 196.73393452259901
3996.167168855667, 2052.887420381422, 196.73393452259901
3996.6478822231293, 2052.887420381422, 196.73393452259901
3997.1605117321014, 2052.887420381422, 196.73393452259901
3997.6761293411255, 2052.887420381422, 196.73393452259901
3998.1767885684967, 2052.887420381422, 196.73393452259901
3998.654509305954, 2052.887420381422, 196.73393452259901
3999.1521787643433, 2052.887420381422, 196.73393452259901
3999.642863035202, 2052.887420381422, 196.73393452259901
4000.14751124382, 2052.887420381422, 196.73393452259901
4000.6481709480286, 2052.887420381422, 196.73393452259901
4001.146837234497, 2052.887420381422, 196.73393452259901
4001.630540370941, 2052.887420381422, 196.73393452259901
4002.4922349452972, 2340.6194050651397, 442.8140690813161
4004.358236551285, 1999.3483054785872, 977.3027411001557
4004.646465778351, 1999.3483054785872, 977.3027411001557
4005.142138004303, 1999.3483054785872, 977.3027411001557
4005.633821249008, 1999.3483054785872, 977.3027411001557
4006.127499103546, 1999.3483054785872, 977.3027411001557
4006.6281595230103, 1999.3483054785872, 977.3027411001557
4007.4549446105957, 2756.8401477531575, 1502.559093842821
4008.2129151821136, 2756.8401477531575, 1502.559093842821
4008.699611902237, 2756.8401477531575, 1502.559093842821
4009.20924782753, 2756.8401477531575, 1502.559093842821
4009.700930595398, 2756.8401477531575, 1502.559093842821
4010.216549873352, 2756.8401477531575, 1502.559093842821
4010.735161781311, 2756.8401477531575, 1502.559093842821
4011.2059013843536, 2756.8401477531575, 1502.559093842821
4011.7155363559723, 2756.8401477531575, 1502.559093842821
4012.2112085819244, 2756.8401477531575, 1502.559093842821
4012.7368030548096, 2756.8401477531575, 1502.559093842821
4013.243444919586, 2756.8401477531575, 1502.559093842821
4013.7271506786346, 2756.8401477531575, 1502.559093842821
4014.208860874176, 2756.8401477531575, 1502.559093842821
4015.153332710266, 4149.076036279978, 806.9914825717219
4015.9122989177704, 3607.558788461039, 2949.55048532171
4016.672265291214, 3607.558788461039, 2949.55048532171
4017.1559686660767, 3607.558788461039, 2949.55048532171
4017.8910002708435, -57861.76416286985, 2359.8329535276666
4018.6968429088593, -57861.76416286985, 2359.8329535276666
4019.186532020569, -57861.76416286985, 2359.8329535276666
4019.6842002868652, -57861.76416286985, 2359.8329535276666
4020.1918404102325, -57861.76416286985, 2359.8329535276666
4020.682527065277, -57861.76416286985, 2359.8329535276666
4021.183185338974, -57861.76416286985, 2359.8329535276666
4021.685840368271, -57861.76416286985, 2359.8329535276666
4022.1964724063873, -57861.76416286985, 2359.8329535276666
4022.6831691265106, -57861.76416286985, 2359.8329535276666
4023.377311229706, 881.6981131070386, 1435.9450711184634
4024.4474465847015, 2888.496373237603, 2389.3499413983686
4025.2153890132904, 2888.496373237603, 2389.3499413983686
4025.7040803432465, 2888.496373237603, 2389.3499413983686
4026.2196991443634, 2888.496373237603, 2389.3499413983686
4026.7113852500916, 2888.496373237603, 2389.3499413983686
4027.2150349617004, 2888.496373237603, 2389.3499413983686
4027.7057209014893, 2888.496373237603, 2389.3499413983686
4028.2253289222717, 2888.496373237603, 2389.3499413983686
4028.707039833069, 2888.496373237603, 2389.3499413983686
4029.216675043106, 2888.496373237603, 2389.3499413983686
4029.699382543564, 2888.496373237603, 2389.3499413983686
4030.413470506668, 1668.8792290698361, 4181.966540187647
4031.18141412735, 1668.8792290698361, 4181.966540187647
4031.6611301898956, 1668.8792290698361, 4181.966540187647
4032.1568036079407, 1668.8792290698361, 4181.966540187647
4033.1252098083496, 2015.0531710418747, 285.88587883658255
4033.9121022224426, 2015.0531710418747, 285.88587883658255
4034.8954696655273, 2015.0531710418747, 285.88587883658255
4035.9227199554443, 1951.5235178828448, 710.7973028573223
4036.641794681549, 1951.5235178828448, 710.7973028573223
4037.4606025218964, 2129.8451582968614, 2691.944654106501
4038.7002816200256, 2005.5517737743844, 2934.006995158059
4039.4632382392883, 1930.1971352485016, 2654.28059417992
4040.386765241623, 1375.5998361245877, 32890.590214159405
4041.169668674469, 1375.5998361245877, 32890.590214159405
4041.6683337688446, 1375.5998361245877, 32890.590214159405
4042.15403342247, 1375.5998361245877, 32890.590214159405
4042.6616744995117, 1375.5998361245877, 32890.590214159405
4043.1792879104614, 1375.5998361245877, 32890.590214159405
4043.6699752807617, 1375.5998361245877, 32890.590214159405
4044.1576688289642, 1375.5998361245877, 32890.590214159405
4044.6712942123413, 1375.5998361245877, 32890.590214159405
4045.1639742851257, 1375.5998361245877, 32890.590214159405
4045.6775991916656, 1375.5998361245877, 32890.590214159405
4046.137367963791, 1375.5998361245877, 32890.590214159405
4046.681909561157, 1375.5998361245877, 32890.590214159405
4047.1626229286194, 1375.5998361245877, 32890.590214159405
4048.0711908340454, 3585.397930402776, 2161.4487682439226
4048.8421261310577, 3585.397930402776, 2161.4487682439226
4049.3258299827576, 3585.397930402776, 2161.4487682439226
4049.8992943763733, 3869.1616836642793, 1423.073706767963
4050.8936319351196, 2203.3986300025654, 2378.400701027108
4051.6456191539764, 2203.3986300025654, 2378.400701027108
4052.1672220230103, 2203.3986300025654, 2378.400701027108
4052.6808471679688, 2203.3986300025654, 2378.400701027108
4053.165548801422, 2203.3986300025654, 2378.400701027108
4053.6542406082153, 2203.3986300025654, 2378.400701027108
4054.145924091339, 2203.3986300025654, 2378.400701027108
4054.6485784053802, 2203.3986300025654, 2378.400701027108
4055.148241043091, 2203.3986300025654, 2378.400701027108
4055.6389269828796, 2203.3986300025654, 2378.400701027108
4056.409862756729, 3004.3919588533927, 831.0646781739488
4057.153870344162, 3004.3919588533927, 831.0646781739488
4057.673478603363, 3004.3919588533927, 831.0646781739488
4058.143221139908, 3004.3919588533927, 831.0646781739488
4058.648866891861, 3004.3919588533927, 831.0646781739488
4059.1545124053955, 3004.3919588533927, 831.0646781739488
4059.670131921768, 3004.3919588533927, 831.0646781739488
4060.1638102531433, 3004.3919588533927, 831.0646781739488
4060.659483194351, 3004.3919588533927, 831.0646781739488
4061.1581478118896, 3004.3919588533927, 831.0646781739488
4061.930079936981, 836.99269488644, 2083.991343493727
4062.9343910217285, 869.5451037573098, 2618.496013470597
4063.8818542957306, 2610.892024201152, 1760.0306780904339
4064.1670899391174, 2610.892024201152, 1760.0306780904339
4065.0088365077972, 1731.2077592108342, 2963.9101328622587
4065.7558369636536, 1731.2077592108342, 2963.9101328622587
4066.229568004608, 1731.2077592108342, 2963.9101328622587
4066.92071723938, 1366.5710520530497, 1225.377399142011
4067.950959444046, 2469.182878096706, 2932.4745626673466
4068.6790096759796, 2469.182878096706, 2932.4745626673466
4069.1946301460266, 2469.182878096706, 2932.4745626673466
4069.901734828949, 3570.445371102711, 1579.6659848656075
4070.6477386951447, 3570.445371102711, 1579.6659848656075
4073.3943836688995, 2283.199851114644, 1487.3833446324572
4074.173297405243, 2283.199851114644, 1487.3833446324572
4074.696895122528, 2283.199851114644, 1487.3833446324572
4075.1796040534973, 2283.199851114644, 1487.3833446324572
4075.677271127701, 2283.199851114644, 1487.3833446324572
4076.1839139461517, 2283.199851114644, 1487.3833446324572
4076.669613599777, 2283.199851114644, 1487.3833446324572
4077.186229944229, 2283.199851114644, 1487.3833446324572
4077.6828997135162, 2283.199851114644, 1487.3833446324572
4078.465805053711, -49781.85906197655, 1484.3813663047738
4079.461138486862, 3868.9192784062207, 690.9576395439309
4080.1921813488007, 3868.9192784062207, 690.9576395439309
4080.6978273391724, 3868.9192784062207, 690.9576395439309
4081.506662130356, 1966.5299256985504, 2830.5339071023577
4082.208781480789, 1966.5299256985504, 2830.5339071023577
4082.726395368576, 1966.5299256985504, 2830.5339071023577
4083.2170820236206, 1966.5299256985504, 2830.5339071023577
4083.7127542495728, 1966.5299256985504, 2830.5339071023577
4084.212417125702, 1966.5299256985504, 2830.5339071023577
4084.7160680294037, 1966.5299256985504, 2830.5339071023577
4085.198776245117, 1966.5299256985504, 2830.5339071023577
4085.7094089984894, 1966.5299256985504, 2830.5339071023577
4086.2369973659515, 1966.5299256985504, 2830.5339071023577
4086.7117249965668, 1966.5299256985504, 2830.5339071023577
4087.1964259147644, 1966.5299256985504, 2830.5339071023577
4087.7120459079742, 1966.5299256985504, 2830.5339071023577
4088.2256710529327, 1966.5299256985504, 2830.5339071023577
4088.70738196373, 1966.5299256985504, 2830.5339071023577
4089.4593687057495, 1842.652092660842, 1737.9735933359814
4090.173454761505, 1842.652092660842, 1737.9735933359814
4090.667132616043, 1842.652092660842, 1737.9735933359814
4091.178764104843, 1842.652092660842, 1737.9735933359814
4091.6644628047943, 1842.652092660842, 1737.9735933359814
4092.458338022232, 783.6872292564088, 1705.6649721354504
4093.1674377918243, 783.6872292564088, 1705.6649721354504
4093.923415184021, 1003.2724296270125, 1167.3572104054808
4094.6883656978607, 1003.2724296270125, 1167.3572104054808
4095.217948436737, 1003.2724296270125, 1167.3572104054808
4095.683701276779, 1003.2724296270125, 1167.3572104054808
4096.168403625488, 1003.2724296270125, 1167.3572104054808
4096.692999124527, 1003.2724296270125, 1167.3572104054808
4097.219588279724, 1003.2724296270125, 1167.3572104054808
4097.694317102432, 1003.2724296270125, 1167.3572104054808
4098.161068677902, 1003.2724296270125, 1167.3572104054808
4098.866180419922, 2510.206537950149, 2196.7910665636236
4099.1564037799835, 2510.206537950149, 2196.7910665636236
4099.651077270508, 2510.206537950149, 2196.7910665636236
4100.1587200164795, 2510.206537950149, 2196.7910665636236
4100.68830037117, 2510.206537950149, 2196.7910665636236
4101.165023803711, 2510.206537950149, 2196.7910665636236
4102.088551521301, 1268.245302522229, 537.0025993419945
4102.840537548065, 1268.245302522229, 537.0025993419945
4103.349175453186, 1268.245302522229, 537.0025993419945
4103.856816291809, 1268.245302522229, 537.0025993419945
4104.332542181015, 1268.245302522229, 537.0025993419945
4104.855143070221, 1268.245302522229, 537.0025993419945
4105.472491025925, 3003.1880383709877, 656.2903816297938
4106.194556713104, 3003.1880383709877, 656.2903816297938
4106.701200008392, 3003.1880383709877, 656.2903816297938
4107.199864864349, 3003.1880383709877, 656.2903816297938
4107.701521873474, 3003.1880383709877, 656.2903816297938
4108.182234287262, 3003.1880383709877, 656.2903816297938
4108.680900096893, 3003.1880383709877, 656.2903816297938
4109.174576997757, 3003.1880383709877, 656.2903816297938
4109.682218074799, 3003.1880383709877, 656.2903816297938
4110.182877063751, 3003.1880383709877, 656.2903816297938
4110.684534788132, 3003.1880383709877, 656.2903816297938
4111.176220178604, 3003.1880383709877, 656.2903816297938
4111.684855699539, 3003.1880383709877, 656.2903816297938
4112.18653011322, 3003.1880383709877, 656.2903816297938
4112.717091560364, 3003.1880383709877, 656.2903816297938
4113.171874284744, 3003.1880383709877, 656.2903816297938
4113.683504343033, 3003.1880383709877, 656.2903816297938
4114.164217948914, 3003.1880383709877, 656.2903816297938
4114.90922164917, 729.1907151953783, 885.2400759243474
4115.673176527023, 729.1907151953783, 885.2400759243474
4116.178822040558, 729.1907151953783, 885.2400759243474
4116.685466527939, 729.1907151953783, 885.2400759243474
4117.183133363724, 729.1907151953783, 885.2400759243474
4117.678806066513, 729.1907151953783, 885.2400759243474
4118.180462598801, 729.1907151953783, 885.2400759243474
4118.687106370926, 729.1907151953783, 885.2400759243474
4119.175797224045, 729.1907151953783, 885.2400759243474
4119.660500049591, 729.1907151953783, 885.2400759243474
4120.4254541397095, 2272.8515737848725, 1734.451269160128
4121.199379682541, 2272.8515737848725, 1734.451269160128
4121.698045015335, 2272.8515737848725, 1734.451269160128
4122.417119264603, 2807.86446166555, 652.2086581656932
4123.165116548538, 2807.86446166555, 652.2086581656932
4123.676747083664, 2807.86446166555, 652.2086581656932
4124.431724786758, 2478.6246121922927, -2945.0282629252683
4125.221611261368, 2478.6246121922927, -2945.0282629252683
4125.684371709824, 2478.6246121922927, -2945.0282629252683
4126.174060821533, 2478.6246121922927, -2945.0282629252683
4126.673722982407, 2478.6246121922927, -2945.0282629252683
4127.157428026199, 2478.6246121922927, -2945.0282629252683
4127.669057607651, 2478.6246121922927, -2945.0282629252683
4128.182682514191, 2478.6246121922927, -2945.0282629252683
4128.665389299393, 2478.6246121922927, -2945.0282629252683
4129.185996770859, 2478.6246121922927, -2945.0282629252683
4129.660724639893, 2478.6246121922927, -2945.0282629252683
4130.9662301540375, 214.16100868384032, 2468.6393324068677
4131.976525306702, 3746.422000111768, 2577.793902329064
4132.708564519882, 3746.422000111768, 2577.793902329064
4133.399714231491, 1210.1297657203245, 1405.095015644752
4134.148708820343, 1210.1297657203245, 1405.095015644752
4134.638400554657, 1210.1297657203245, 1405.095015644752
4135.146039247513, 1210.1297657203245, 1405.095015644752
4135.64071393013, 1210.1297657203245, 1405.095015644752
4136.149353265762, 1210.1297657203245, 1405.095015644752
4136.933252811432, 6891.285914801669, 1697.1709003023884
4137.681250333786, 6891.285914801669, 1697.1709003023884
4138.166949510574, 6891.285914801669, 1697.1709003023884
4138.921929597855, 2269.0426076146987, 399.6289000893904
4139.66494011879, 2269.0426076146987, 399.6289000893904
4140.160612344742, 2269.0426076146987, 399.6289000893904
4140.6662583351135, 2269.0426076146987, 399.6289000893904
4141.404282569885, 3396.0053066489363, 1307.3467667207642
4142.158263683319, 3396.0053066489363, 1307.3467667207642
4142.670892000198, 3396.0053066489363, 1307.3467667207642
4143.164569139481, 3396.0053066489363, 1307.3467667207642
4143.677196741104, 3396.0053066489363, 1307.3467667207642
4144.1718719005585, 3396.0053066489363, 1307.3467667207642
4144.663556337357, 3396.0053066489363, 1307.3467667207642
4145.168205738068, 3396.0053066489363, 1307.3467667207642
4145.902238607407, 4236.802595348127, 619.3956074555354
4146.662204742432, 4236.802595348127, 619.3956074555354
4147.166853904724, 4236.802595348127, 619.3956074555354
4147.648563861847, 4236.802595348127, 619.3956074555354
4148.159197330475, 4236.802595348127, 619.3956074555354
4148.663845539093, 4236.802595348127, 619.3956074555354
4149.150542497635, 4236.802595348127, 619.3956074555354
4149.663169145584, 4236.802595348127, 619.3956074555354
4150.143884420395, 4236.802595348127, 619.3956074555354
4150.659502506256, 4236.802595348127, 619.3956074555354
4151.18808722496, 4236.802595348127, 619.3956074555354
4151.881230592728, 1876.636766461705, 1310.1087868305406
4152.18043088913, 1876.636766461705, 1310.1087868305406
4152.892523288727, 3184.8188042845536, 1223.632826895492
4153.909801244736, 39.84439850969388, 1620.544729109281
4154.703673839569, 39.84439850969388, 1620.544729109281
4155.1973531246185, 39.84439850969388, 1620.544729109281
4156.160772800446, 559.2490780046346, 1790.8924553339418
4156.863889932632, 559.2490780046346, 1790.8924553339418
4157.361557722092, 559.2490780046346, 1790.8924553339418
4157.866207361221, 559.2490780046346, 1790.8924553339418
4158.37185382843, 559.2490780046346, 1790.8924553339418
4159.410073041916, 174.45806754065177, 2367.20300172406
4160.425354719162, 3608.3633621996937, 2410.4845049231803
4161.497483968735, 6129.301630825341, 2871.1746823763333
4162.204591035843, 6129.301630825341, 2871.1746823763333
4162.888759613037, 2350.507241708796, 1378.7751946709805
4163.675652742386, 2350.507241708796, 1378.7751946709805
4164.203240394592, 2350.507241708796, 1378.7751946709805
4164.670988559723, 2350.507241708796, 1378.7751946709805
4165.1536955833435, 2350.507241708796, 1378.7751946709805
4165.680284738541, 2350.507241708796, 1378.7751946709805
4166.169974803925, 2350.507241708796, 1378.7751946709805
4166.6756200790405, 2350.507241708796, 1378.7751946709805
4167.1593244075775, 2350.507241708796, 1378.7751946709805
4167.676940202713, 2350.507241708796, 1378.7751946709805
4168.161642074585, 2350.507241708796, 1378.7751946709805
4168.71216750145, 2350.507241708796, 1378.7751946709805
4169.191885232925, 2350.507241708796, 1378.7751946709805
4169.67259645462, 2350.507241708796, 1378.7751946709805
4170.2161428928375, 2350.507241708796, 1378.7751946709805
4170.708821773529, 2350.507241708796, 1378.7751946709805
4171.200504779816, 2350.507241708796, 1378.7751946709805
4171.684212207794, 2350.507241708796, 1378.7751946709805
4172.184869527817, 2350.507241708796, 1378.7751946709805
4172.6595985889435, 2350.507241708796, 1378.7751946709805
4173.405601978302, 1571.8619216636303, 1473.2944902388438
4174.400936126709, 2753.3644240500603, 813.4708611025508
4175.180848121643, 2753.3644240500603, 813.4708611025508
4175.675523281097, 2753.3644240500603, 813.4708611025508
4176.43150138855, 2321.9723548415013, 1479.1419893953598
4177.17550778389, 2321.9723548415013, 1479.1419893953598
4177.694119691849, 2321.9723548415013, 1479.1419893953598
4178.159871578217, 2321.9723548415013, 1479.1419893953598
4178.912855863571, 1929.8660205030628, 2799.914359725689
4179.702740430832, 1929.8660205030628, 2799.914359725689
4180.167511701584, 1929.8660205030628, 2799.914359725689
4180.910507440567, 2014.522490563965, 2074.735719655858
4181.688424825668, 2014.522490563965, 2074.735719655858
4182.184098243713, 2014.522490563965, 2074.735719655858
4183.892523050308, 2509.675643257213, 1216.0575455461587
4184.660467624664, 2509.675643257213, 1216.0575455461587
4185.157137870789, 2509.675643257213, 1216.0575455461587
4185.632863521576, 2509.675643257213, 1216.0575455461587
4186.14648771286, 2509.675643257213, 1216.0575455461587
4187.071012496948, 2466.479610143513, 1933.999952684011
4187.746205329895, 2466.479610143513, 1933.999952684011
4188.495199680328, 3141.676615800835, 2566.909070952471
4189.287079334259, 3141.676615800835, 2566.909070952471
4189.788737297058, 3141.676615800835, 2566.909070952471
4190.245512962341, 3141.676615800835, 2566.909070952471
4190.787063121796, 3141.676615800835, 2566.909070952471
4191.714580535889, 2936.004988722019, 1333.5154989347016
4192.383787870407, 2936.004988722019, 1333.5154989347016
4193.3831124305725, 2936.004988722019, 1333.5154989347016
4194.34753036499, 2936.004988722019, 1333.5154989347016
4194.916008472443, 2936.004988722019, 1333.5154989347016
4195.910346508026, 2936.004988722019, 1333.5154989347016
4196.933606147766, 3295.6536916190553, 988.7196499703304
4197.695566654205, 3295.6536916190553, 988.7196499703304
4198.180269479752, 3295.6536916190553, 988.7196499703304
4198.933252573013, 66.65008003767564, 1377.7320057538452
4199.649335861206, 66.65008003767564, 1377.7320057538452
4200.16495513916, 66.65008003767564, 1377.7320057538452
4200.658632516861, 66.65008003767564, 1377.7320057538452
4201.447520971298, 1419.4527798738136, 1507.5090051852492
4202.217458963394, 1419.4527798738136, 1507.5090051852492
4202.703159570694, 1419.4527798738136, 1507.5090051852492
4203.381343841553, 3273.9620443961735, 1492.8127185396934
4203.677550077438, 3273.9620443961735, 1492.8127185396934
4204.420560359955, 808.1210494147962, 1224.3613029174517
4205.160579204559, 808.1210494147962, 1224.3613029174517
4205.674205064774, 808.1210494147962, 1224.3613029174517
4206.153919935226, 808.1210494147962, 1224.3613029174517
4206.666547298431, 808.1210494147962, 1224.3613029174517
4207.150252819061, 808.1210494147962, 1224.3613029174517
4207.9850170612335, 1147.9500208110558, 1163.5181929572063
4208.739000558853, 1147.9500208110558, 1163.5181929572063
4209.233674526215, 1147.9500208110558, 1163.5181929572063
4209.72336268425, 1147.9500208110558, 1163.5181929572063
4210.2300062179565, 1147.9500208110558, 1163.5181929572063
4210.73565363884, 1147.9500208110558, 1163.5181929572063
4211.232323169708, 1147.9500208110558, 1163.5181929572063
4211.692093133926, 1147.9500208110558, 1163.5181929572063
4212.228655099869, 1147.9500208110558, 1163.5181929572063
4212.729315280914, 1147.9500208110558, 1163.5181929572063
4213.24692940712, 1147.9500208110558, 1163.5181929572063
4213.7266454696655, 1147.9500208110558, 1163.5181929572063
4214.419788599014, 3786.295700206987, 2014.7919952362888
4215.518847227097, 1255.8889841679586, 2282.9301008964994
4216.296763420105, 1255.8889841679586, 2282.9301008964994
4216.791439294815, 1255.8889841679586, 2282.9301008964994
4217.30007648468, 1255.8889841679586, 2282.9301008964994
4217.7917602062225, 1255.8889841679586, 2282.9301008964994
4218.275465250015, 1255.8889841679586, 2282.9301008964994
4218.793079614639, 1255.8889841679586, 2282.9301008964994
4219.304709434509, 1255.8889841679586, 2282.9301008964994
4219.779438972473, 1255.8889841679586, 2282.9301008964994
4220.277105808258, 1255.8889841679586, 2282.9301008964994
4220.8136694431305, 1255.8889841679586, 2282.9301008964994
4221.271443605423, 1255.8889841679586, 2282.9301008964994
4221.967580795288, 3682.865288705458, 897.0579968629021
4222.702611207962, 3682.865288705458, 897.0579968629021
4223.179336547852, 3682.865288705458, 897.0579968629021
4224.981511116028, 3320.6666667623863, 94.88805583724196
4225.950916051865, 3197.8094823629585, 2011.1083292531082
4226.70290184021, 3197.8094823629585, 2011.1083292531082
4227.208548069, 3197.8094823629585, 2011.1083292531082
4231.403316259384, 2172.312792371832, 1638.7397718776378
4232.462482452393, 764.5193435695304, 2281.0239050022697
4233.161609172821, 764.5193435695304, 2281.0239050022697
4233.674235343933, 764.5193435695304, 2281.0239050022697
4234.176891565323, 764.5193435695304, 2281.0239050022697
4234.68054151535, 764.5193435695304, 2281.0239050022697
4235.177211999893, 764.5193435695304, 2281.0239050022697
4235.896286487579, 3199.476891775161, 1583.3273264451682
4236.968416929245, 3217.6028207762515, 2330.6461086046006
4237.7144186496735, 3217.6028207762515, 2330.6461086046006
4238.216075181961, 3217.6028207762515, 2330.6461086046006
4238.695791006088, 3217.6028207762515, 2330.6461086046006
4239.221384763718, 3217.6028207762515, 2330.6461086046006
4239.675169229507, 3217.6028207762515, 2330.6461086046006
4240.206745147705, 3217.6028207762515, 2330.6461086046006
4240.692444801331, 3217.6028207762515, 2330.6461086046006
4241.19011425972, 3217.6028207762515, 2330.6461086046006
4241.690773010254, 3217.6028207762515, 2330.6461086046006
4242.419820547104, 1631.700641928123, 1452.5156424436263
4243.146874189377, 1631.700641928123, 1452.5156424436263
4243.659502029419, 1631.700641928123, 1452.5156424436263
4244.4015147686005, 1005.6800172246516, 1131.385467134912
4245.1764397621155, 1005.6800172246516, 1131.385467134912
4245.686075687408, 1005.6800172246516, 1131.385467134912
4246.163796424866, 1005.6800172246516, 1131.385467134912
4246.6953728199005, 1005.6800172246516, 1131.385467134912
4247.159131288528, 1005.6800172246516, 1131.385467134912
4247.686717748642, 1005.6800172246516, 1131.385467134912
4248.160449981689, 1005.6800172246516, 1131.385467134912
4249.071012496948, 18449.45554764076, 291.3842954528766
4249.828982830048, 18449.45554764076, 291.3842954528766
4250.348591804504, 18449.45554764076, 291.3842954528766
4250.8622171878815, 18449.45554764076, 291.3842954528766
4251.345921039581, 18449.45554764076, 291.3842954528766
4251.832618236542, 18449.45554764076, 291.3842954528766
4252.912727117538, 3356.2940999054454, 1109.2606227097529
4253.880136489868, 752.2916444210483, 1663.3826658324701
4254.653066158295, 752.2916444210483, 1663.3826658324701
4255.14475107193, 752.2916444210483, 1663.3826658324701
4255.66036939621, 752.2916444210483, 1663.3826658324701
4256.164020776749, 752.2916444210483, 1663.3826658324701
4256.9768443107605, 2644.8790222143834, 460.9635239749955
4257.68195772171, 2644.8790222143834, 460.9635239749955
4258.196579217911, 2644.8790222143834, 460.9635239749955
4260.745754003525, 1520.043031085467, 254.76523459181814
4261.513697147369, 1520.043031085467, 254.76523459181814
4262.5359609127045, 1520.043031085467, 254.76523459181814
4263.496389627457, 1520.043031085467, 254.76523459181814
4264.498706102371, 1520.043031085467, 254.76523459181814
4265.423230409622, 613.0914016962295, 1491.6325510662543
4266.206134557724, 613.0914016962295, 1491.6325510662543
4266.702804327011, 613.0914016962295, 1491.6325510662543
4267.1944880485535, 613.0914016962295, 1491.6325510662543
4267.699137210846, 613.0914016962295, 1491.6325510662543
4268.198800086975, 613.0914016962295, 1491.6325510662543
4268.701453208923, 613.0914016962295, 1491.6325510662543
4269.176181793213, 613.0914016962295, 1491.6325510662543
4269.697786331177, 613.0914016962295, 1491.6325510662543
4270.19744849205, 613.0914016962295, 1491.6325510662543
4270.693120241165, 613.0914016962295, 1491.6325510662543
4271.195777177811, 613.0914016962295, 1491.6325510662543
4271.8978950977325, 522.9134518020102, 1218.2697992150065
4272.665839672089, 522.9134518020102, 1218.2697992150065
4273.379926919937, 1655.5352447939854, 1411.2451846533795
4273.658183336258, 1655.5352447939854, 1411.2451846533795
4274.427122831345, 3007.882302933513, 1495.20191277383
4275.494265794754, 403.1483523310317, 1533.6480705862327
4276.476635456085, 3119.9543076633163, 249.61113846763928
4277.215656280518, 3119.9543076633163, 249.61113846763928
4277.709335327148, 3119.9543076633163, 249.61113846763928
4278.209995269775, 3119.9543076633163, 249.61113846763928
4278.975943565369, 3252.999505781418, 185.37217977786162
4279.658117771149, 3252.999505781418, 185.37217977786162
4280.19268655777, 3252.999505781418, 185.37217977786162
4280.6933472156525, 3252.999505781418, 185.37217977786162
4281.194005250931, 3252.999505781418, 185.37217977786162
4281.640808582306, 3252.999505781418, 185.37217977786162
4282.417728424072, 779.39377761235, 1585.6247741801467
4283.200634002686, 779.39377761235, 1585.6247741801467
4283.70129275322, 779.39377761235, 1585.6247741801467
4284.4283447265625, 3722.037690102939, 1256.5215812149377
4285.467563390732, 2112.57172336316, 1664.8455045622147
4286.15771651268, 2112.57172336316, 1664.8455045622147
4286.979514598846, 2003.8476445169285, 2516.6097114419063
4287.7404770851135, 2003.8476445169285, 2516.6097114419063
4288.230167388916, 2003.8476445169285, 2516.6097114419063
4288.747780561447, 2003.8476445169285, 2516.6097114419063
4289.230487823486, 2003.8476445169285, 2516.6097114419063
4289.729153871536, 2003.8476445169285, 2516.6097114419063
4290.244772434235, 2003.8476445169285, 2516.6097114419063
4290.735458612442, 2003.8476445169285, 2516.6097114419063
4291.2371163368225, 2003.8476445169285, 2516.6097114419063
4291.738771677017, 2003.8476445169285, 2516.6097114419063
4292.2533938884735, 2003.8476445169285, 2516.6097114419063
4296.400290966034, 271.17019647668394, 725.3821459412549
4297.212118625641, 271.17019647668394, 725.3821459412549
4297.681859970093, 271.17019647668394, 725.3821459412549
4298.192493200302, 271.17019647668394, 725.3821459412549
4298.6961443424225, 271.17019647668394, 725.3821459412549
4299.172869443893, 271.17019647668394, 725.3821459412549
4299.694471120834, 271.17019647668394, 725.3821459412549
4300.225051879883, 271.17019647668394, 725.3821459412549
4300.706760644913, 271.17019647668394, 725.3821459412549
4301.219388723373, 271.17019647668394, 725.3821459412549
4302.000297784805, 2644.06115948613, 20.609364910339384
4302.734333992004, 2644.06115948613, 20.609364910339384
4303.256934165955, 2644.06115948613, 20.609364910339384
4303.706729888916, 2644.06115948613, 20.609364910339384
4304.222348451614, 2644.06115948613, 20.609364910339384
4304.69608092308, 2644.06115948613, 20.609364910339384
4305.215688705444, 2644.06115948613, 20.609364910339384
4305.724328279495, 2644.06115948613, 20.609364910339384
4306.220000505447, 2644.06115948613, 20.609364910339384
4306.705699205399, 2644.06115948613, 20.609364910339384
4307.2193241119385, 2644.06115948613, 20.609364910339384
4307.711008071899, 2644.06115948613, 20.609364910339384
4308.210669994354, 2644.06115948613, 20.609364910339384
4308.7173137664795, 2644.06115948613, 20.609364910339384
4309.205008029938, 2644.06115948613, 20.609364910339384
4309.711651325226, 2644.06115948613, 20.609364910339384
4310.232257604599, 2644.06115948613, 20.609364910339384
4310.739898443222, 2644.06115948613, 20.609364910339384
4311.217619419098, 2644.06115948613, 20.609364910339384
4311.718278884888, 2644.06115948613, 20.609364910339384
4312.20098567009, 2644.06115948613, 20.609364910339384
4313.173382997513, 1956.373260254451, 1889.0015944279048
4314.158744812012, 1903.1961557843795, 1765.9960531763538
4314.839920282364, 1903.1961557843795, 1765.9960531763538
4315.3675084114075, 1903.1961557843795, 1765.9960531763538
4315.855201721191, 1903.1961557843795, 1765.9960531763538
4316.348880529404, 1903.1961557843795, 1765.9960531763538
4316.891429185867, 1903.1961557843795, 1765.9960531763538
4317.8488647937775, 1903.1961557843795, 1765.9960531763538
4318.43030834198, 473.19171510693, 812.6144684624146
4319.192268371582, 473.19171510693, 812.6144684624146
4319.695918560028, 473.19171510693, 812.6144684624146
4320.4339427948, 14249.073542572727, 1523.4251587573742
4321.463188171387, 1645.7562944394954, 526.4250778024324
4326.434875488281, 3341.365431002714, 1703.9008769377417
4327.200824975967, 3341.365431002714, 1703.9008769377417
4327.695501089096, 3341.365431002714, 1703.9008769377417
4328.1921718120575, 3341.365431002714, 1703.9008769377417
4328.696820020676, 3341.365431002714, 1703.9008769377417
4329.2014701366425, 3341.365431002714, 1703.9008769377417
4329.868682146072, -591.8190219129887, 433.18268187482596
4330.902913093567, 1563.177677833464, 1106.120339000402
4331.921187162399, 1937.3079096921954, 567.2732036502408
4332.924501180649, 108.58397217467402, 945.7786855322391
4333.964715957642, 3906.0430070782227, 2282.957586241676
4334.743630647659, 3906.0430070782227, 2282.957586241676
4335.253264904022, 3906.0430070782227, 2282.957586241676
4335.73796749115, 3906.0430070782227, 2282.957586241676
4336.474993944168, 1501.3432275839893, 2524.1925975708245
4337.43442606926, 808.7711930642461, 2249.558668431019
4338.713999032974, 604.7155162523927, -1338.9021866441437
4339.46199798584, 604.7155162523927, -1338.9021866441437
4340.401480913162, 604.7155162523927, -1338.9021866441437
4341.444688081741, 604.7155162523927, -1338.9021866441437
4342.378189325333, 604.7155162523927, -1338.9021866441437
4343.420399427414, 604.7155162523927, -1338.9021866441437
4344.40576004982, 604.7155162523927, -1338.9021866441437
4345.456945896149, 604.7155162523927, -1338.9021866441437
4346.430341005325, 604.7155162523927, -1338.9021866441437
4347.455594539642, 604.7155162523927, -1338.9021866441437
4348.488828420639, 604.7155162523927, -1338.9021866441437
4349.462221860886, 2720.8664739032033, 1843.3321248226705
4350.436613082886, 5859.682491882126, 274.20610880987925
4351.199570655823, 5859.682491882126, 274.20610880987925
4351.68626832962, 5859.682491882126, 274.20610880987925
4352.197897672653, 5859.682491882126, 274.20610880987925
4352.694567680359, 5859.682491882126, 274.20610880987925
4353.173286914825, 5859.682491882126, 274.20610880987925
4353.6839191913605, 5859.682491882126, 274.20610880987925
4354.172610044479, 5859.682491882126, 274.20610880987925
4354.7001967430115, 5859.682491882126, 274.20610880987925
4355.171935558319, 5859.682491882126, 274.20610880987925
4355.695532798767, 5859.682491882126, 274.20610880987925
4356.178239583969, 5859.682491882126, 274.20610880987925
4356.701837539673, 5859.682491882126, 274.20610880987925
4357.195517063141, 5859.682491882126, 274.20610880987925
4357.687199831009, 5859.682491882126, 274.20610880987925
4358.192846059799, 5859.682491882126, 274.20610880987925
4358.959792613983, 588.0856977361183, 508.5108809433734
4359.648947238922, 588.0856977361183, 508.5108809433734
4360.178529262543, 588.0856977361183, 508.5108809433734
4360.665228128433, 588.0856977361183, 508.5108809433734
4361.181843042374, 588.0856977361183, 508.5108809433734
4361.656573057175, 588.0856977361183, 508.5108809433734
4362.185157299042, 588.0856977361183, 508.5108809433734
4362.6698586940765, 588.0856977361183, 508.5108809433734
4363.185479402542, 588.0856977361183, 508.5108809433734
4363.659211397171, 588.0856977361183, 508.5108809433734
4364.182808876038, 588.0856977361183, 508.5108809433734
4364.666514158249, 588.0856977361183, 508.5108809433734
4367.423132896423, 5312.120426091699, 83251.05648103078
4368.501245975494, 586.4999999999973, 2921.5053727607874
4369.2133412361145, 586.4999999999973, 2921.5053727607874
4369.740926742554, 586.4999999999973, 2921.5053727607874
4370.224632978439, 586.4999999999973, 2921.5053727607874
4370.717312574387, 586.4999999999973, 2921.5053727607874
4371.2119879722595, 586.4999999999973, 2921.5053727607874
4371.736583709717, 586.4999999999973, 2921.5053727607874
4372.21729683876, 586.4999999999973, 2921.5053727607874
4372.866558074951, 2731.3381351973662, 2755.5962745426073
4373.180718421936, 2731.3381351973662, 2755.5962745426073
4374.905100345612, 1916.9225879520343, 836.5680016206034
4375.924371004105, 1663.163449196214, 1184.2976416268511
4376.6633932590485, 1663.163449196214, 1184.2976416268511
4377.153081417084, 1663.163449196214, 1184.2976416268511
4377.651746273041, 1663.163449196214, 1184.2976416268511
4378.168363332748, 1663.163449196214, 1184.2976416268511
4378.666030883789, 1663.163449196214, 1184.2976416268511
4379.16170334816, 1663.163449196214, 1184.2976416268511
4379.66136598587, 1663.163449196214, 1184.2976416268511
4380.182968854904, 1663.163449196214, 1184.2976416268511
4380.667671442032, 1663.163449196214, 1184.2976416268511
4381.174315214157, 1663.163449196214, 1184.2976416268511
4381.663007736206, 1663.163449196214, 1184.2976416268511
4382.159677028656, 1663.163449196214, 1184.2976416268511
4382.946570634842, 2877.404974291246, 30.140933423671996
4383.705537080765, 2877.404974291246, 30.140933423671996
4384.186250925064, 2877.404974291246, 30.140933423671996
4385.182582855225, 2775.1831744907595, 1182.2429534892567
4385.920606851578, 2445.4653532594943, 900.3185149643922
4386.922924041748, 555.4767022996132, 165.85402835174017
4387.668926715851, 555.4767022996132, 165.85402835174017
4388.111739873886, 555.4767022996132, 165.85402835174017
4388.656282663345, 555.4767022996132, 165.85402835174017
4389.163922786713, 555.4767022996132, 165.85402835174017
4389.675553560257, 555.4767022996132, 165.85402835174017
4390.1682341098785, 555.4767022996132, 165.85402835174017
4390.657923936844, 555.4767022996132, 165.85402835174017
4391.176534414291, 555.4767022996132, 165.85402835174017
4391.662234544754, 555.4767022996132, 165.85402835174017
4392.4192070961, 32.82668094323211, 1014.1076440191275
4393.186153888702, 32.82668094323211, 1014.1076440191275
4393.678835630417, 32.82668094323211, 1014.1076440191275
4394.395915269852, 1285.2091592360616, 1549.6008138205655
4395.409202814102, 1533.6954851252444, 2838.8565130565316
4396.460386991501, 812.9450881638953, 1500.3901315094174
4398.438092470169, 455.0762390717492, 2069.763880482079
4399.155173063278, 455.0762390717492, 2069.763880482079
4399.692733287811, 455.0762390717492, 2069.763880482079
4400.19439291954, 455.0762390717492, 2069.763880482079
4400.698041677475, 455.0762390717492, 2069.763880482079
4401.192718505859, 455.0762390717492, 2069.763880482079
4401.675425767899, 455.0762390717492, 2069.763880482079
4402.187055587769, 455.0762390717492, 2069.763880482079
4402.694696426392, 455.0762390717492, 2069.763880482079
4403.181392192841, 455.0762390717492, 2069.763880482079
4403.687039136887, 455.0762390717492, 2069.763880482079
4404.192685842514, 455.0762390717492, 2069.763880482079
4404.918741226196, 996.1013620195654, 1564.0658950474221
4405.659756183624, 996.1013620195654, 1564.0658950474221
4406.184352397919, 996.1013620195654, 1564.0658950474221
4406.674041509628, 996.1013620195654, 1564.0658950474221
4407.181681632996, 996.1013620195654, 1564.0658950474221
4407.662395477295, 996.1013620195654, 1564.0658950474221
4408.170035600662, 996.1013620195654, 1564.0658950474221
4408.676679611206, 996.1013620195654, 1564.0658950474221
4409.194293022156, 996.1013620195654, 1564.0658950474221
4409.671016454697, 996.1013620195654, 1564.0658950474221
4410.1776604652405, 996.1013620195654, 1564.0658950474221
4410.693280220032, 996.1013620195654, 1564.0658950474221
4411.190947294235, 996.1013620195654, 1564.0658950474221
4411.686619281769, 996.1013620195654, 1564.0658950474221
4412.730825185776, 2465.9998036987804, -70205.77201120867
4413.463861703873, 1656.0535867015415, 2002.4007756341853
4414.420300722122, 1645.7588373950198, 2832.525959989797
4415.178271770477, 1645.7588373950198, 2832.525959989797
4415.681922912598, 1645.7588373950198, 2832.525959989797
4416.18158531189, 1645.7588373950198, 2832.525959989797
4416.686233997345, 1645.7588373950198, 2832.525959989797
4417.1809096336365, 1645.7588373950198, 2832.525959989797
4417.682566404343, 1645.7588373950198, 2832.525959989797
4418.406627893448, 315.9488782581688, 34017.24505238313
4419.188534498215, 315.9488782581688, 34017.24505238313
4419.697172403336, 315.9488782581688, 34017.24505238313
4420.170904874802, 315.9488782581688, 34017.24505238313
4420.665580034256, 315.9488782581688, 34017.24505238313
4421.178206920624, 315.9488782581688, 34017.24505238313
4421.6828553676605, 315.9488782581688, 34017.24505238313
4422.174539804459, 315.9488782581688, 34017.24505238313
4422.679188013077, 315.9488782581688, 34017.24505238313
4423.40524315834, 3317.1437183564194, 758.6074070165056
4424.183160543442, 3317.1437183564194, 758.6074070165056
4424.673846244812, 3317.1437183564194, 758.6074070165056
4425.184479475021, 3317.1437183564194, 758.6074070165056
4425.671175956726, 3317.1437183564194, 758.6074070165056
4426.362326145172, 2276.350242147887, 1211.1010175604904
4426.680475234985, 2276.350242147887, 1211.1010175604904
4427.633920907974, 26.488393020679716, 2317.1644157469827
4429.9088299274445, 2684.5067553575277, 986.9373985378832
4430.675775527954, 2684.5067553575277, 986.9373985378832
4431.700033187866, 3584.7104696180563, 333.0126790825747
4432.463989973068, 3584.7104696180563, 333.0126790825747
4433.406468868256, 3584.7104696180563, 333.0126790825747
4434.412769794464, 3584.7104696180563, 333.0126790825747
4435.410099029541, 3584.7104696180563, 333.0126790825747
4436.403439998627, 3584.7104696180563, 333.0126790825747
4437.395782232285, 3584.7104696180563, 333.0126790825747
4442.436285734177, 3236.5452231507747, 2977.5084255167217
4443.201237916946, 3236.5452231507747, 2977.5084255167217
4443.7098751068115, 3236.5452231507747, 2977.5084255167217
4444.201559305191, 3236.5452231507747, 2977.5084255167217
4444.725157022476, 3236.5452231507747, 2977.5084255167217
4445.20587015152, 3236.5452231507747, 2977.5084255167217
4445.7145075798035, 3236.5452231507747, 2977.5084255167217
4446.198213815689, 3236.5452231507747, 2977.5084255167217
4450.116720914841, -12284.065780645597, 2946.3531943577195
4450.968440771103, 28975.10493055579, 434.3499034932681
4451.688512086868, 28975.10493055579, 434.3499034932681
4452.212109088898, 28975.10493055579, 434.3499034932681
4452.682848453522, 28975.10493055579, 434.3499034932681
4453.238361120224, 28975.10493055579, 434.3499034932681
4453.68017911911, 28975.10493055579, 434.3499034932681
4454.187819480896, 28975.10493055579, 434.3499034932681
4454.686484098434, 28975.10493055579, 434.3499034932681
4455.191132307053, 28975.10493055579, 434.3499034932681
4455.687803268433, 28975.10493055579, 434.3499034932681
4456.19944190979, 28975.10493055579, 434.3499034932681
4456.665188074112, 28975.10493055579, 434.3499034932681
4457.18479514122, 28975.10493055579, 434.3499034932681
4457.6714923381805, 28975.10493055579, 434.3499034932681
4458.18511557579, 28975.10493055579, 434.3499034932681
4458.714698076248, 28975.10493055579, 434.3499034932681
4459.189426422119, 28975.10493055579, 434.3499034932681
4459.687094926834, 28975.10493055579, 434.3499034932681
4460.441077470779, 344.4968853701643, 24.52138484236782
4461.176107645035, 344.4968853701643, 24.52138484236782
4461.697710514069, 344.4968853701643, 24.52138484236782
4462.189393758774, 344.4968853701643, 24.52138484236782
4462.687061786652, 344.4968853701643, 24.52138484236782
4463.184729099274, 344.4968853701643, 24.52138484236782
4463.69137263298, 344.4968853701643, 24.52138484236782
4464.185051202774, 344.4968853701643, 24.52138484236782
4464.679727077484, 344.4968853701643, 24.52138484236782
4465.188364267349, 344.4968853701643, 24.52138484236782
4466.009165763855, 3588.236151397792, 2946.2276524497343
4466.9336903095245, 2759.8510351312534, 1638.6757680397016
4467.679692745209, 2759.8510351312534, 1638.6757680397016
4468.1943163871765, 2759.8510351312534, 1638.6757680397016
4469.0470316410065, 272.5194611715057, 1730.5000000014065
4469.824948310852, 272.5194611715057, 1730.5000000014065
4470.325608253479, 272.5194611715057, 1730.5000000014065
4470.816294908524, 272.5194611715057, 1730.5000000014065
4471.313962221146, 272.5194611715057, 1730.5000000014065
4471.827586889267, 272.5194611715057, 1730.5000000014065
4472.304310083389, 272.5194611715057, 1730.5000000014065
4472.816937685013, 272.5194611715057, 1730.5000000014065
4473.325575351715, 272.5194611715057, 1730.5000000014065
4473.822245121002, 272.5194611715057, 1730.5000000014065
4474.308943033218, 272.5194611715057, 1730.5000000014065
4474.8355321884155, 272.5194611715057, 1730.5000000014065
4475.330207824707, 272.5194611715057, 1730.5000000014065
4475.835854291916, 272.5194611715057, 1730.5000000014065
4476.429264783859, -60898.13671171286, 2384.356824992305
4477.194217205048, -60898.13671171286, 2384.356824992305
4477.744742155075, -60898.13671171286, 2384.356824992305
4478.582500934601, 981.5895241407411, 482.5596940849726
4479.268661975861, 981.5895241407411, 482.5596940849726
4479.86406826973, 981.5895241407411, 482.5596940849726
4480.3846735954285, 981.5895241407411, 482.5596940849726
4481.290248394012, 981.5895241407411, 482.5596940849726
4481.981397628784, 2470.271792391071, 1076.4731557957557
4482.913901090622, 3182.274621161209, 758.4107376439681
4488.422152757645, 1528.8747882502284, 1582.5041532948778
4489.209045410156, 1528.8747882502284, 1582.5041532948778
4489.688760757446, 1528.8747882502284, 1582.5041532948778
4490.184433221817, 1528.8747882502284, 1582.5041532948778
4490.686089992523, 1528.8747882502284, 1582.5041532948778
4491.176776170731, 1528.8747882502284, 1582.5041532948778
4492.188068389893, 2274.4256285757947, 1100.16380600658
4492.969975233078, 2274.4256285757947, 1100.16380600658
4493.961322546005, 2274.4256285757947, 1100.16380600658
4494.9556584358215, 3872.2350943352044, 2610.173743950398
4495.726594686508, 3872.2350943352044, 2610.173743950398
4496.222266197205, 3872.2350943352044, 2610.173743950398
4496.967271327972, 3686.5210153488633, 1712.3103490160765
4497.67338180542, 3686.5210153488633, 1712.3103490160765
4498.172044992447, 3686.5210153488633, 1712.3103490160765
4501.467222690582, 3707.80221898035, 2562.534939746705
4502.252121210098, 3707.80221898035, 2562.534939746705
4502.73183631897, 3707.80221898035, 2562.534939746705
4503.500777482986, 1021.5710142665756, 2599.85127379296
4504.273708820343, 1021.5710142665756, 2599.85127379296
4504.759407758713, 1021.5710142665756, 2599.85127379296
4505.267047405243, 1021.5710142665756, 2599.85127379296
4505.773691654205, 1021.5710142665756, 2599.85127379296
4506.2683663368225, 1021.5710142665756, 2599.85127379296
4506.778002500534, 1021.5710142665756, 2599.85127379296
4507.434244632721, 1912.9933384889705, 648.5316897602645
4508.683898687363, 382.9954586376584, 1727.3165824702753
4509.414942264557, 382.9954586376584, 1727.3165824702753
4510.402299165726, 382.9954586376584, 1727.3165824702753
4511.403616428375, 382.9954586376584, 1727.3165824702753
4512.401943683624, 382.9954586376584, 1727.3165824702753
4513.415230751038, 382.9954586376584, 1727.3165824702753
4514.405578374863, 382.9954586376584, 1727.3165824702753
4515.4178676605225, 382.9954586376584, 1727.3165824702753
4516.430158138275, 382.9954586376584, 1727.3165824702753
4517.424494981766, 382.9954586376584, 1727.3165824702753
4518.405867099762, 382.9954586376584, 1727.3165824702753
4519.481985807419, 1920.5331574657403, 99.6134221144934
4520.273864984512, 1920.5331574657403, 99.6134221144934
4520.769544363022, 1920.5331574657403, 99.6134221144934
4521.271195173264, 1920.5331574657403, 99.6134221144934
4521.785816907883, 1920.5331574657403, 99.6134221144934
4522.70435833931, 3001.6060629000503, 1171.7869011390214
4523.479282140732, 3191.902418963875, 2152.229337650757
4524.205338001251, 3191.902418963875, 2152.229337650757
4524.704999923706, 3191.902418963875, 2152.229337650757
4525.2046620845795, 3191.902418963875, 2152.229337650757
4525.713300943375, 3191.902418963875, 2152.229337650757
4526.2119653224945, 3191.902418963875, 2152.229337650757
4526.665749549866, 3191.902418963875, 2152.229337650757
4527.19632935524, 3191.902418963875, 2152.229337650757
4527.695992469788, 3191.902418963875, 2152.229337650757
4528.172715187073, 3191.902418963875, 2152.229337650757
4528.735209703445, 3191.902418963875, 2152.229337650757
4529.212931156158, 3191.902418963875, 2152.229337650757
4529.722564697266, 3191.902418963875, 2152.229337650757
4530.209262371063, 3191.902418963875, 2152.229337650757
4530.728871822357, 3191.902418963875, 2152.229337650757
4531.199610948563, 3191.902418963875, 2152.229337650757
4531.713235616684, 3191.902418963875, 2152.229337650757
4532.198934078217, 3191.902418963875, 2152.229337650757
4532.715551137924, 3191.902418963875, 2152.229337650757
4533.208231687546, 3191.902418963875, 2152.229337650757
4533.713877916336, 3191.902418963875, 2152.229337650757
4534.220521450043, 3191.902418963875, 2152.229337650757
4534.646381378174, 3191.902418963875, 2152.229337650757
4535.2048852443695, 3191.902418963875, 2152.229337650757
4535.962856769562, 1045.6448517933577, 854.3352588437396
4536.71484208107, 1045.6448517933577, 854.3352588437396
4537.418957710266, 699.0410931583245, 727.481717513361
4538.400330066681, 2367.4002150015476, 1291.271014331656
4539.467471599579, 1757.767721432948, 1985.7327378305279
4540.188540697098, 1757.767721432948, 1985.7327378305279
4540.905621767044, 2019.083983291076, 1610.5624925532468
4541.665586709976, 2019.083983291076, 1610.5624925532468
4542.170234680176, 2019.083983291076, 1610.5624925532468
4542.686851501465, 2019.083983291076, 1610.5624925532468
4543.166567564011, 2019.083983291076, 1610.5624925532468
4543.669220685959, 2019.083983291076, 1610.5624925532468
4544.1708788871765, 2019.083983291076, 1610.5624925532468
4544.668544769287, 2019.083983291076, 1610.5624925532468
4545.183167457581, 2019.083983291076, 1610.5624925532468
4545.68382692337, 2019.083983291076, 1610.5624925532468
4546.173515796661, 2019.083983291076, 1610.5624925532468
4546.96639251709, -4746.1471218108945, 3014.3334462079347
4547.994639158249, 1090.5659366968323, 2345.243724617402
4548.764577150345, 1090.5659366968323, 2345.243724617402
4549.202405691147, 1090.5659366968323, 2345.243724617402
4549.705059051514, 1090.5659366968323, 2345.243724617402
4550.200732707977, 1090.5659366968323, 2345.243724617402
4550.702388763428, 1090.5659366968323, 2345.243724617402
4551.218008518219, 1090.5659366968323, 2345.243724617402
4551.701713323593, 1090.5659366968323, 2345.243724617402
4552.207358598709, 1090.5659366968323, 2345.243724617402
4552.691064119339, 1090.5659366968323, 2345.243724617402
4553.197708368301, 1090.5659366968323, 2345.243724617402
4553.695374250412, 1090.5659366968323, 2345.243724617402
4554.19802904129, 1090.5659366968323, 2345.243724617402
4554.701680898666, 1090.5659366968323, 2345.243724617402
4555.467628955841, 2669.5778116318684, 2854.9918703990875
4556.695342540741, 71.03389443472085, 1918.4491247021053
4557.648789405823, 3620.140690356653, 1478.2878748799276
4558.358886957169, 3620.140690356653, 1478.2878748799276
4558.923376321793, 2686.9350324942047, 1415.1753888882658
4560.052354335785, 529.605026097275, 1121.6473194026419
4560.754473686218, 529.605026097275, 1121.6473194026419
4561.258125305176, 529.605026097275, 1121.6473194026419
4562.196611881256, 2140.9988085519976, 1617.036555459664
4564.916328668594, 2883.1686421533627, 1169.0444408005935
4565.654354572296, 2883.1686421533627, 1169.0444408005935
4569.3614275455475, 419.6332261931397, 1705.3798938712287
4570.395658493042, 1976.215688174028, 1721.7319679994089
4571.165596485138, 1976.215688174028, 1721.7319679994089
4571.665257692337, 1976.215688174028, 1721.7319679994089
4572.1639223098755, 1976.215688174028, 1721.7319679994089
4572.658598899841, 1976.215688174028, 1721.7319679994089
4573.461448192596, 718.1044063861443, 1508.3606895969672
4574.176533699036, 718.1044063861443, 1508.3606895969672
4574.689160585403, 718.1044063861443, 1508.3606895969672
4575.198797225952, 718.1044063861443, 1508.3606895969672
4575.684496164322, 718.1044063861443, 1508.3606895969672
4576.179172039032, 718.1044063861443, 1508.3606895969672
4576.932155609131, 3433.8663154516003, 266.7230441227794
4577.699101686478, 3433.8663154516003, 266.7230441227794
4578.207740068436, 3433.8663154516003, 266.7230441227794
4578.691444635391, 3433.8663154516003, 266.7230441227794
4579.180136919022, 3433.8663154516003, 266.7230441227794
4579.909183979034, 2432.117928663223, 2951.4681410345456
4580.690092563629, 2432.117928663223, 2951.4681410345456
4581.194742202759, 2432.117928663223, 2951.4681410345456
4581.686424970627, 2432.117928663223, 2951.4681410345456
4582.189079284668, 2432.117928663223, 2951.4681410345456
4582.923113822937, 3135.914505161852, 2117.2129593007267
4583.651165008545, 3135.914505161852, 2117.2129593007267
4584.4230971336365, 3595.569201375251, 2507.7628959349126
4585.17508482933, 3595.569201375251, 2507.7628959349126
4585.684718847275, 3595.569201375251, 2507.7628959349126
4586.197346448898, 3595.569201375251, 2507.7628959349126
4586.66908288002, 3595.569201375251, 2507.7628959349126
4587.20165681839, 3595.569201375251, 2507.7628959349126
4587.690348863602, 3595.569201375251, 2507.7628959349126
4588.3884789943695, 1684.011319607975, 332.53244512273085
4589.595248937607, 2397.0067320422904, 743.4207539075882
4590.46990609169, 372.6233345705933, 236.76107522091377
4591.465240716934, 2897.0634828111733, 31.013641427633008
4592.152401208878, 2897.0634828111733, 31.013641427633008
4592.685972452164, 2897.0634828111733, 31.013641427633008
4593.193613290787, 2897.0634828111733, 31.013641427633008
4593.679311752319, 2897.0634828111733, 31.013641427633008
4594.180968761444, 2897.0634828111733, 31.013641427633008
4594.682626247406, 2897.0634828111733, 31.013641427633008
4595.454558372498, 1518.697328972948, 1545.1219551359416
4596.15468454361, 1518.697328972948, 1545.1219551359416
4596.990446090698, 3492.1358090995245, 1597.6176354393256
4598.046618461609, 1135.052990592594, 4030.1162877174893
4598.795612812042, 1135.052990592594, 4030.1162877174893
4599.287296295166, 1135.052990592594, 4030.1162877174893
4599.784964084625, 1135.052990592594, 4030.1162877174893
4600.289612293243, 1135.052990592594, 4030.1162877174893
4600.808224201202, 1135.052990592594, 4030.1162877174893
4601.286942243576, 1135.052990592594, 4030.1162877174893
4601.793586015701, 1135.052990592594, 4030.1162877174893
4602.279286146164, 1135.052990592594, 4030.1162877174893
4602.7530171871185, 1135.052990592594, 4030.1162877174893
4603.421227455139, 1744.8889184959987, 1441.6449179074757
4604.421549320221, 1833.3773460644938, 1759.7887005278842
4605.1825115680695, 1833.3773460644938, 1759.7887005278842
4605.684168100357, 1833.3773460644938, 1759.7887005278842
4606.457098722458, 2466.675752871523, 1111.5791035508057
4607.197117328644, 2466.675752871523, 1111.5791035508057
4607.697776317596, 2466.675752871523, 1111.5791035508057
4608.185470819473, 2466.675752871523, 1111.5791035508057
4608.702086925507, 2466.675752871523, 1111.5791035508057
4609.221695423126, 2466.675752871523, 1111.5791035508057
4609.727342128754, 2466.675752871523, 1111.5791035508057
4610.200076341629, 2466.675752871523, 1111.5791035508057
4610.96502828598, 2844.8932942363735, 455.31532377565856
4611.721003293991, 2844.8932942363735, 455.31532377565856
4612.204708576202, 2844.8932942363735, 455.31532377565856
4613.169127702713, 3791.996193564561, 1568.6755239480146
4614.007880687714, 3791.996193564561, 1568.6755239480146
4614.967311143875, 3791.996193564561, 1568.6755239480146
4615.956661939621, 3791.996193564561, 1568.6755239480146
4616.914098501205, 3791.996193564561, 1568.6755239480146
4617.914419174194, 1117.3160439521885, 2169.800991457707
4618.708293914795, 1117.3160439521885, 2169.800991457707
4619.172052383423, 1117.3160439521885, 2169.800991457707
4619.656754493713, 1117.3160439521885, 2169.800991457707
4620.167386770248, 1117.3160439521885, 2169.800991457707
4620.662063598633, 1117.3160439521885, 2169.800991457707
4621.418039321899, 2078.290575375924, 1490.8598600271118
4622.448281526566, 3509.481096920163, 2355.7979670835493
4623.72286772728, 3774.334926592105, 1902.0205248709465
4624.477845907211, 3774.334926592105, 1902.0205248709465
4625.4352831840515, 3774.334926592105, 1902.0205248709465
4626.423636436462, 3185.052865892619, 2524.359803817727
4627.184597969055, 3185.052865892619, 2524.359803817727
4628.084189176559, 152.98888486943935, 61.89917650350486
4628.941892385483, 569.8336803186742, 2470.4053465828447
4630.175589084625, 3182.520915347578, 196.99008390215778
4638.407547712326, 3695.633313136474, 1627.9689589668953
4639.19344329834, 3695.633313136474, 1627.9689589668953
4639.667175769806, 3695.633313136474, 1627.9689589668953
4640.194761514664, 3695.633313136474, 1627.9689589668953
4640.964699268341, 3616.4509347272574, 183.1593549265902
4641.706712961197, 3616.4509347272574, 183.1593549265902
4642.199394226074, 3616.4509347272574, 183.1593549265902
4642.714015960693, 3616.4509347272574, 183.1593549265902
4643.217666864395, 3616.4509347272574, 183.1593549265902
4643.739270448685, 3616.4509347272574, 183.1593549265902
4644.261871576309, 3616.4509347272574, 183.1593549265902
4644.737597227097, 3616.4509347272574, 183.1593549265902
4645.196369409561, 3616.4509347272574, 183.1593549265902
4645.710991382599, 3616.4509347272574, 183.1593549265902
4646.209657430649, 3616.4509347272574, 183.1593549265902
4648.899453639984, 3481.970494714066, 2646.606710571904
4649.642464160919, 3481.970494714066, 2646.606710571904
4650.1660623550415, 3481.970494714066, 2646.606710571904
4650.909072399139, 2873.224822751168, 2486.7136969659964
4651.647096395493, 2873.224822751168, 2486.7136969659964
4652.169697523117, 2873.224822751168, 2486.7136969659964
4652.670356273651, 2873.224822751168, 2486.7136969659964
4653.169021606445, 2873.224822751168, 2486.7136969659964
4653.667685270309, 2873.224822751168, 2486.7136969659964
4654.358837127686, 162.97438718426685, 1457.2803858073476
4654.65703701973, 162.97438718426685, 1457.2803858073476
4655.145728349686, 162.97438718426685, 1457.2803858073476
4655.643396615982, 162.97438718426685, 1457.2803858073476
4656.159014463425, 162.97438718426685, 1457.2803858073476
4656.637733221054, 162.97438718426685, 1457.2803858073476
4657.141384124756, 162.97438718426685, 1457.2803858073476
4657.647030591965, 162.97438718426685, 1457.2803858073476
4658.396025180817, 2988.033772530875, 262.7157638040488
4659.385376214981, 2483.5426089224366, 2535.159985239338
4660.583168268204, 834.9975849236353, 830.479432005566
4661.290274620056, 834.9975849236353, 830.479432005566
4661.817863702774, 834.9975849236353, 830.479432005566
4662.30455994606, 834.9975849236353, 830.479432005566
4662.811203241348, 834.9975849236353, 830.479432005566
4663.286928892136, 834.9975849236353, 830.479432005566
4663.829476594925, 834.9975849236353, 830.479432005566
4664.3022108078, 834.9975849236353, 830.479432005566
4664.809850931168, 834.9975849236353, 830.479432005566
4665.3025324344635, 834.9975849236353, 830.479432005566
4665.819149017334, 834.9975849236353, 830.479432005566
4666.296870470047, 834.9975849236353, 830.479432005566
4666.8284459114075, 834.9975849236353, 830.479432005566
4667.323121786118, 834.9975849236353, 830.479432005566
4667.917529582977, 2027.0566210964607, 1503.517556221342
4668.616657495499, 2027.0566210964607, 1503.517556221342
4669.158207893372, 2027.0566210964607, 1503.517556221342
4669.647896766663, 2027.0566210964607, 1503.517556221342
4670.153542280197, 2027.0566210964607, 1503.517556221342
4670.6342561244965, 2027.0566210964607, 1503.517556221342
4672.477320194244, 2998.278942190925, 390.51552084516226
4673.226314783096, 2998.278942190925, 390.51552084516226
4673.733957052231, 2998.278942190925, 390.51552084516226
4674.253566503525, 2998.278942190925, 390.51552084516226
4674.725301027298, 2998.278942190925, 390.51552084516226
4677.366230726242, -4203.810227309333, -55999.177057890134
4677.647476434708, -4203.810227309333, -55999.177057890134
4678.148136854172, -4203.810227309333, -55999.177057890134
4678.669739961624, -4203.810227309333, -55999.177057890134
4679.165413618088, -4203.810227309333, -55999.177057890134
4679.987211465836, 1071.1818753902314, 1073.5180146501666
4681.166055202484, 1717.2623899111447, 1937.0472793199624
4681.909065961838, 1717.2623899111447, 1937.0472793199624
4682.887446880341, 1717.2623899111447, 1937.0472793199624
4683.97752904892, 1855.8237542767286, 696.576105162388
4684.725527048111, 1855.8237542767286, 696.576105162388
4685.214215755463, 1855.8237542767286, 696.576105162388
4685.7039041519165, 1855.8237542767286, 696.576105162388
4686.212542772293, 1855.8237542767286, 696.576105162388
4686.690262794495, 1855.8237542767286, 696.576105162388
4687.371440649033, 3408.169276260415, 1449.6877877484624
4687.6836042404175, 3408.169276260415, 1449.6877877484624
4688.427611351013, 3197.5296631085494, 2104.7085083155553
4689.700203418732, 3380.6271895033956, 2944.4650004002765
4690.479118585587, 1445.2695138307658, 2025.408568084083
4691.2211310863495, 1445.2695138307658, 2025.408568084083
4697.99299955368, 3934.0443528015016, 2956.9750163682343
4699.273570299149, 3934.0443528015016, 2956.9750163682343
4700.242974281311, 3934.0443528015016, 2956.9750163682343
4701.217366695404, 3934.0443528015016, 2956.9750163682343
4701.958380699158, 405.6666416033159, 65.23034570109995
4702.6734664440155, 405.6666416033159, 65.23034570109995
4703.386557102203, 3258.573731080745, 350.85650381668586
4704.174446821213, 3258.573731080745, 350.85650381668586
4704.685079336166, 3258.573731080745, 350.85650381668586
4705.484937906265, 2014.3342866643738, 2852.1092045260743
4706.457334280014, 2848.9455168118034, 1180.6291392964135
4707.121556520462, 2848.9455168118034, 1180.6291392964135
4707.716960906982, 2848.9455168118034, 1180.6291392964135
4708.180719614029, 2848.9455168118034, 1180.6291392964135
4708.6963403224945, 2848.9455168118034, 1180.6291392964135
4709.5330991744995, 2028.2618416170517, 1756.731131297791
4710.532422780991, 2844.515500349441, 861.3373796173057
4711.288398981094, 2844.515500349441, 861.3373796173057
4711.774097919464, 2844.515500349441, 861.3373796173057
4712.281739473343, 2844.515500349441, 861.3373796173057
4712.774419546127, 2844.515500349441, 861.3373796173057
4713.273083925247, 2844.515500349441, 861.3373796173057
4713.773744106293, 2844.515500349441, 861.3373796173057
4714.271411657333, 2844.515500349441, 861.3373796173057
4714.791019916534, 2844.515500349441, 861.3373796173057
4715.29766368866, 2844.515500349441, 861.3373796173057
4715.96587395668, 888.4331853876334, 907.4904104298153
4716.9263026714325, 165.68465154469405, 2788.6287237180863
4719.061586141586, 4333.142894192566, 1498.351514174888
4719.799609422684, 4333.142894192566, 1498.351514174888
4720.292290210724, 4333.142894192566, 1498.351514174888
4720.78497004509, 4333.142894192566, 1498.351514174888
4721.286627292633, 4333.142894192566, 1498.351514174888
4721.787287712097, 4333.142894192566, 1498.351514174888
4722.290939331055, 4333.142894192566, 1498.351514174888
4722.823513746262, 4333.142894192566, 1498.351514174888
4723.551563739777, 30.068064824396707, 205.35985518903917
4724.449160575867, 1985.681966710664, 640.4945638236975
4725.195162534714, 1985.681966710664, 640.4945638236975
4725.686849117279, 1985.681966710664, 640.4945638236975
4726.207453012466, 1985.681966710664, 640.4945638236975
4726.703125238419, 1985.681966710664, 640.4945638236975
4727.180847167969, 1985.681966710664, 640.4945638236975
4727.700454950333, 1985.681966710664, 640.4945638236975
4728.192138433456, 1985.681966710664, 640.4945638236975
4728.701773643494, 1985.681966710664, 640.4945638236975
4729.187473297119, 1985.681966710664, 640.4945638236975
4729.697109460831, 1985.681966710664, 640.4945638236975
4730.2167184352875, 1985.681966710664, 640.4945638236975
4730.699425697327, 1985.681966710664, 640.4945638236975
4731.539178371429, 3062.1160831008724, 1815.8933515983952
4732.233318090439, 3062.1160831008724, 1815.8933515983952
4732.721013307571, 3062.1160831008724, 1815.8933515983952
4733.243613958359, 3062.1160831008724, 1815.8933515983952
4733.719340324402, 3062.1160831008724, 1815.8933515983952
4734.235956668854, 3062.1160831008724, 1815.8933515983952
4734.721656084061, 3062.1160831008724, 1815.8933515983952
4735.419787168503, 3039.865653685928, 2247.886911202069
4736.215655326843, 3039.865653685928, 2247.886911202069
4736.702354669571, 3039.865653685928, 2247.886911202069
4737.402478933334, 43.174002685195155, 999.0821438924985
4744.934312582016, 2113.962786196687, 1449.9736411225288
4747.890397787094, 2459.7072377403474, 1759.3786226387303
4748.233478546143, 2459.7072377403474, 1759.3786226387303
4748.687264442444, 2459.7072377403474, 1759.3786226387303
4749.19590306282, 2459.7072377403474, 1759.3786226387303
4749.695566415787, 2459.7072377403474, 1759.3786226387303
4750.203205108643, 2459.7072377403474, 1759.3786226387303
4750.694889545441, 2459.7072377403474, 1759.3786226387303
4751.4518620967865, 31.489519598845238, 2983.399815030747
4752.203848600388, 31.489519598845238, 2983.399815030747
4752.717474460602, 31.489519598845238, 2983.399815030747
4753.238080978394, 31.489519598845238, 2983.399815030747
4753.70383310318, 31.489519598845238, 2983.399815030747
4754.229426145554, 31.489519598845238, 2983.399815030747
4754.716122150421, 31.489519598845238, 2983.399815030747
4755.204813241959, 31.489519598845238, 2983.399815030747
4755.718438625336, 31.489519598845238, 2983.399815030747
4756.16823387146, 31.489519598845238, 2983.399815030747
4756.711779356003, 31.489519598845238, 2983.399815030747
4757.206454515457, 31.489519598845238, 2983.399815030747
4757.726063489914, 31.489519598845238, 2983.399815030747
4758.21475481987, 31.489519598845238, 2983.399815030747
4758.730374336243, 31.489519598845238, 2983.399815030747
4759.217071294785, 31.489519598845238, 2983.399815030747
4759.732691526413, 31.489519598845238, 2983.399815030747
4760.2313594818115, 31.489519598845238, 2983.399815030747
4761.017251491547, 3762.42605630128, 2756.8944765590722
4761.983664274216, -54556.16030636925, 2780.927899569566
4762.741635322571, -54556.16030636925, 2780.927899569566
4763.213371515274, -54556.16030636925, 2780.927899569566
4763.736969232559, -54556.16030636925, 2780.927899569566
4764.251592159271, -54556.16030636925, 2780.927899569566
4764.724327325821, -54556.16030636925, 2780.927899569566
4765.2090280056, -54556.16030636925, 2780.927899569566
4765.70569896698, -54556.16030636925, 2780.927899569566
4766.216332197189, -54556.16030636925, 2780.927899569566
4766.706020832062, -54556.16030636925, 2780.927899569566
4767.440055847168, 2027.3535399914244, 2835.0104041115214
4768.691703796387, 2406.497013009211, 287.0028793662695
4769.445685386658, 2406.497013009211, 287.0028793662695
4770.501856803894, 2406.497013009211, 287.0028793662695
4771.516141653061, 3434.240329233088, 172.9434110435718
4772.239206075668, 3434.240329233088, 172.9434110435718
4772.734878778458, 3434.240329233088, 172.9434110435718
4773.40508389473, 1617.1506874968377, 2214.080332664181
4774.185992717743, 1617.1506874968377, 2214.080332664181
4774.696625709534, 1617.1506874968377, 2214.080332664181
4775.180331707001, 1617.1506874968377, 2214.080332664181
4775.688969373703, 1617.1506874968377, 2214.080332664181
4776.18165063858, 1617.1506874968377, 2214.080332664181
4776.686299324036, 1617.1506874968377, 2214.080332664181
4777.1859612464905, 1617.1506874968377, 2214.080332664181
4778.2550983428955, 2630.9479880623167, 244.0474475131992
4779.020050525665, 2630.9479880623167, 244.0474475131992
4780.00940155983, 2630.9479880623167, 244.0474475131992
4781.017701625824, 2630.9479880623167, 244.0474475131992
4782.02899479866, 2630.9479880623167, 244.0474475131992
4782.992414474487, 2630.9479880623167, 244.0474475131992
4783.9747841358185, 2630.9479880623167, 244.0474475131992
4784.997046709061, 2630.9479880623167, 244.0474475131992
4786.001358270645, 2630.9479880623167, 244.0474475131992
4786.977744579315, 2630.9479880623167, 244.0474475131992
4787.977067947388, 2630.9479880623167, 244.0474475131992
4788.994345903397, 2630.9479880623167, 244.0474475131992
4790.001647949219, 2630.9479880623167, 244.0474475131992
4790.936145544052, 2767.0315404438743, 830.8245405036711
4791.711072206497, 2767.0315404438743, 830.8245405036711
4792.188791751862, 2767.0315404438743, 830.8245405036711
4793.011589765549, 356.3386857668576, 2516.042357174037
4793.723682641983, 356.3386857668576, 2516.042357174037
4794.244288921356, 356.3386857668576, 2516.042357174037
4794.731986522675, 356.3386857668576, 2516.042357174037
4795.24161863327, 356.3386857668576, 2516.042357174037
4795.721333742142, 356.3386857668576, 2516.042357174037
4796.241940021515, 356.3386857668576, 2516.042357174037
4796.69572520256, 356.3386857668576, 2516.042357174037
4797.242261886597, 356.3386857668576, 2516.042357174037
4797.734942436218, 356.3386857668576, 2516.042357174037
4798.74324297905, 3455.007025625873, 1193.9153621783457
4799.468301057816, 1175.2338305790704, 1998.9935220635257
4800.195354938507, 1175.2338305790704, 1998.9935220635257
4800.7000052928925, 1175.2338305790704, 1998.9935220635257
4801.179719686508, 1175.2338305790704, 1998.9935220635257
4801.681378364563, 1175.2338305790704, 1998.9935220635257
4802.188019514084, 1175.2338305790704, 1998.9935220635257
4803.02577662468, 2747.3883968468194, 39188.6638638637
4803.8366050720215, 2747.3883968468194, 39188.6638638637
4804.319313049316, 2747.3883968468194, 39188.6638638637
4805.2428414821625, 776.8685779859686, 2837.9278793314793
4805.953936338425, 776.8685779859686, 2837.9278793314793
4806.952263593674, 2859.7469093292934, 286.49999999998977
4807.690288543701, 2859.7469093292934, 286.49999999998977
4808.222861766815, 2859.7469093292934, 286.49999999998977
4808.700583457947, 2859.7469093292934, 286.49999999998977
4809.204233407974, 2859.7469093292934, 286.49999999998977
4809.695919036865, 2859.7469093292934, 286.49999999998977
4810.213531970978, 2859.7469093292934, 286.49999999998977
4810.679285526276, 2859.7469093292934, 286.49999999998977
4811.40234875679, 3721.5920383967796, 1831.4876148376397
4812.188245296478, 3721.5920383967796, 1831.4876148376397
4812.692894220352, 3721.5920383967796, 1831.4876148376397
4815.418595075607, 1883.1994192778627, 1053.455373600978
4816.186540603638, 1883.1994192778627, 1053.455373600978
4816.967449188232, 31712.671289981667, 1435.5130738608432
4817.916907787323, 1539.0644354441247, 1491.116083175044
4818.909250020981, 1598.0507046313403, 2685.98591759627
4820.006313085556, 2065.9975381357426, 549.9069453155494
4820.732369184494, 2065.9975381357426, 549.9069453155494
4821.419529676437, 1886.3069886663673, 2165.848192597428
4822.189467191696, 1886.3069886663673, 2165.848192597428
4822.671177625656, 1886.3069886663673, 2165.848192597428
4823.191783428192, 1886.3069886663673, 2165.848192597428
4823.657537937164, 1886.3069886663673, 2165.848192597428
4824.17614865303, 1886.3069886663673, 2165.848192597428
4824.680797576904, 1886.3069886663673, 2165.848192597428
4825.370949268341, 81.49335271686995, 503.6154451091639
4825.678126811981, 81.49335271686995, 503.6154451091639
4826.172803163528, 81.49335271686995, 503.6154451091639
4826.657505512238, 81.49335271686995, 503.6154451091639
4827.160158872604, 81.49335271686995, 503.6154451091639
4827.657826185226, 81.49335271686995, 503.6154451091639
4828.141531467438, 81.49335271686995, 503.6154451091639
4828.65914440155, 81.49335271686995, 503.6154451091639
4829.458006858826, 3282.626956231821, 1123.1085693616444
4830.199022054672, 3282.626956231821, 1123.1085693616444
4830.751542329788, 3282.626956231821, 1123.1085693616444
4831.188373088837, 3282.626956231821, 1123.1085693616444
4832.035105705261, 2455.4510238905395, 8812.816234056598
4832.906772375107, 778.6201138978371, 2728.966192220516
4833.976907491684, 1540.8083943034962, 146.5527759475473
4834.7378697395325, 1540.8083943034962, 146.5527759475473
4835.219579935074, 1540.8083943034962, 146.5527759475473
4835.900757312775, 1716.6996599029135, 752.0822793331912
4836.215912103653, 1716.6996599029135, 752.0822793331912
4836.702609539032, 1716.6996599029135, 752.0822793331912
4837.186314821243, 1716.6996599029135, 752.0822793331912
4837.68298459053, 1716.6996599029135, 752.0822793331912
4838.175665378571, 1716.6996599029135, 752.0822793331912
4838.685302257538, 1716.6996599029135, 752.0822793331912
4839.470198869705, 625.4235693081445, 1986.6865979542767
4840.446584701538, 1930.5756447787965, 1458.002263119423
4841.188598394394, 1930.5756447787965, 1458.002263119423
4841.702223300934, 1930.5756447787965, 1458.002263119423
4842.200887680054, 1930.5756447787965, 1458.002263119423
4842.690577507019, 1930.5756447787965, 1458.002263119423
4843.193231105804, 1930.5756447787965, 1458.002263119423
4843.687906503677, 1930.5756447787965, 1458.002263119423
4844.199538707733, 1930.5756447787965, 1458.002263119423
4844.692217826843, 1930.5756447787965, 1458.002263119423
4845.196866989136, 1930.5756447787965, 1458.002263119423
4845.929904222488, 3906.913270069946, 1649.841568677969
4846.687874794006, 3906.913270069946, 1649.841568677969
4847.186539649963, 3906.913270069946, 1649.841568677969
4848.107074737549, 7848.474660617564, 20.02020920577908
4848.816176176071, 7848.474660617564, 20.02020920577908
4853.349039316177, 1072.4576190349617, 1527.0481264491025
4853.674169301987, 1072.4576190349617, 1527.0481264491025
4854.569771766663, 1106.3379208086546, 2864.221725207268
4855.483325958252, 585.1483579908086, 2153.804751045267
4856.496612787247, 2287.7878727782545, 1580.9161550507747
4857.196739196777, 2287.7878727782545, 1580.9161550507747
4857.718341350555, 2287.7878727782545, 1580.9161550507747
4858.210024595261, 2287.7878727782545, 1580.9161550507747
4858.984951734543, 1034.323683802693, 286.5103894432042
4859.727961063385, 1034.323683802693, 286.5103894432042
4860.221638917923, 1034.323683802693, 286.5103894432042
4860.961658239365, 540.6029809215526, 17007.08351277332
4861.6867163181305, 540.6029809215526, 17007.08351277332
4862.41077876091, 1920.6998310703361, 1514.9020527954472
4863.170742988586, 1920.6998310703361, 1514.9020527954472
4863.703316450119, 1920.6998310703361, 1514.9020527954472
4864.167077302933, 1920.6998310703361, 1514.9020527954472
4864.6986536979675, 1920.6998310703361, 1514.9020527954472
4865.169391155243, 1920.6998310703361, 1514.9020527954472
4865.938333272934, 2616.1882400321324, 2122.8154558329443
4866.6683785915375, 2616.1882400321324, 2122.8154558329443
4867.177015542984, 2616.1882400321324, 2122.8154558329443
4867.673686504364, 2616.1882400321324, 2122.8154558329443
4868.18332195282, 2616.1882400321324, 2122.8154558329443
4868.67799782753, 2616.1882400321324, 2122.8154558329443
4869.178657054901, 2616.1882400321324, 2122.8154558329443
4870.038355112076, 1880.118954502492, 1644.4593724024407
4870.7883477211, 1880.118954502492, 1644.4593724024407
4871.456558465958, 1662.5256629841538, 2934.5326323891277
4872.433943271637, 2211.2701145584206, -9459.491257078473
4873.195901155472, 2211.2701145584206, -9459.491257078473
4873.726480722427, 2211.2701145584206, -9459.491257078473
4874.168297529221, 2211.2701145584206, -9459.491257078473
4874.920284509659, -13419.806281712503, 553.9352691118821
4875.685236215591, -13419.806281712503, 553.9352691118821
4876.237756967545, -13419.806281712503, 553.9352691118821
4878.000039100647, 7786.923977152293, 2884.4618324742646
4878.692185163498, 7786.923977152293, 2884.4618324742646
4879.199825763702, 7786.923977152293, 2884.4618324742646
4879.6915102005005, 7786.923977152293, 2884.4618324742646
4880.442499160767, 3060.9942625642166, 812.4584034428169
4883.400578737259, 26499.981599807863, 1994.4210687158602
4884.424837112427, 2499.2205531346744, 2024.401836893152
4885.168844461441, 2499.2205531346744, 2024.401836893152
4885.65953040123, 2499.2205531346744, 2024.401836893152
4886.170163869858, 2499.2205531346744, 2024.401836893152
4886.658854961395, 2499.2205531346744, 2024.401836893152
4887.163503646851, 2499.2205531346744, 2024.401836893152
4887.68211555481, 2499.2205531346744, 2024.401836893152
4890.921442270279, 1724.026594947672, 2341.4399454339996
4891.708334684372, 1724.026594947672, 2341.4399454339996
4892.21298456192, 1724.026594947672, 2341.4399454339996
4892.992896080017, 814.2729917085979, 870.9640686444857
4893.722941160202, 814.2729917085979, 870.9640686444857
4894.210636377335, 814.2729917085979, 870.9640686444857
4894.711295366287, 814.2729917085979, 870.9640686444857
4895.215944766998, 814.2729917085979, 870.9640686444857
4895.712614297867, 814.2729917085979, 870.9640686444857
4896.211280584335, 814.2729917085979, 870.9640686444857
4896.693987131119, 814.2729917085979, 870.9640686444857
4897.204620361328, 814.2729917085979, 870.9640686444857
4897.723232269287, 814.2729917085979, 870.9640686444857
4898.2179074287415, 814.2729917085979, 870.9640686444857
4898.700613975525, 814.2729917085979, 870.9640686444857
4899.2052636146545, 814.2729917085979, 870.9640686444857
4899.7039268016815, 814.2729917085979, 870.9640686444857
4900.452922582626, 442.7845413156543, 1595.0068623578418
4901.1899497509, 442.7845413156543, 1595.0068623578418
4901.675648927689, 442.7845413156543, 1595.0068623578418
4902.182292222977, 442.7845413156543, 1595.0068623578418
4902.97417140007, 1697.6719492556438, 2915.7318538908557
4903.720174789429, 1697.6719492556438, 2915.7318538908557
4904.196897745132, 1697.6719492556438, 2915.7318538908557
4904.701546669006, 1697.6719492556438, 2915.7318538908557
4905.185251235962, 1697.6719492556438, 2915.7318538908557
4905.984114408493, 3473.725957809285, 2299.798653393477
4906.689225435257, 3473.725957809285, 2299.798653393477
4907.20284986496, 3473.725957809285, 2299.798653393477
4907.699521064758, 3473.725957809285, 2299.798653393477
4908.267998218536, 3473.725957809285, 2299.798653393477
4908.736743688583, 3473.725957809285, 2299.798653393477
4909.217455625534, 3473.725957809285, 2299.798653393477
4909.717118740082, 3473.725957809285, 2299.798653393477
4910.240716457367, 3473.725957809285, 2299.798653393477
4910.72741317749, 3473.725957809285, 2299.798653393477
4911.234056711197, 3473.725957809285, 2299.798653393477
4911.705793380737, 3473.725957809285, 2299.798653393477
4912.22739648819, 3473.725957809285, 2299.798653393477
4912.705117464066, 3473.725957809285, 2299.798653393477
4913.208769321442, 3473.725957809285, 2299.798653393477
4913.71641087532, 3473.725957809285, 2299.798653393477
4914.551174879074, 1588.8017263299926, 285.99188086778804
4915.265263795853, 1588.8017263299926, 285.99188086778804
4915.796841621399, 1588.8017263299926, 285.99188086778804
4916.292513370514, 1588.8017263299926, 285.99188086778804
4916.807135105133, 1588.8017263299926, 285.99188086778804
4917.2848563194275, 1588.8017263299926, 285.99188086778804
4917.783520698547, 1588.8017263299926, 285.99188086778804
4918.29016494751, 1588.8017263299926, 285.99188086778804
4918.803788900375, 1588.8017263299926, 285.99188086778804
4919.317414522171, 1588.8017263299926, 285.99188086778804
4919.790148735046, 1588.8017263299926, 285.99188086778804
4920.281831741333, 1588.8017263299926, 285.99188086778804
4920.946053028107, 82451.26435156804, 777.8719286132026
4921.677096128464, 82451.26435156804, 777.8719286132026
4922.224630117416, 82451.26435156804, 777.8719286132026
4922.694372415543, 82451.26435156804, 777.8719286132026
4923.191042661667, 82451.26435156804, 777.8719286132026
4923.689707994461, 82451.26435156804, 777.8719286132026
4924.192362070084, 82451.26435156804, 777.8719286132026
4924.686039686203, 82451.26435156804, 777.8719286132026
4925.405114650726, -29046.74109267624, 1570.9146008763655
4928.470905780792, 3635.332397897853, 999.955721931528
4929.476214170456, 1149.48479395555, 1412.7059317624198
4930.18531537056, 1149.48479395555, 1412.7059317624198
4930.682983636856, 1149.48479395555, 1412.7059317624198
4931.181647777557, 1149.48479395555, 1412.7059317624198
4931.694275379181, 1149.48479395555, 1412.7059317624198
4932.164017677307, 1149.48479395555, 1412.7059317624198
4932.675647735596, 1149.48479395555, 1412.7059317624198
4933.164341449738, 1149.48479395555, 1412.7059317624198
4933.6400673389435, 1149.48479395555, 1412.7059317624198
4934.187599658966, 1149.48479395555, 1412.7059317624198
4934.679283618927, 1149.48479395555, 1412.7059317624198
4935.165980815887, 1149.48479395555, 1412.7059317624198
4936.187246322632, 3778.517253724772, 2808.8880031822905
4936.950203418732, 732.9334957343209, 1688.1803015936378
4937.944541215897, 2270.507450213708, 1113.135050095218
4938.670596837997, 2270.507450213708, 1113.135050095218
4939.217133522034, 2270.507450213708, 1113.135050095218
4939.703832149506, 2270.507450213708, 1113.135050095218
4940.219451904297, 2270.507450213708, 1113.135050095218
4940.716120958328, 2270.507450213708, 1113.135050095218
4941.459131479263, 84983.1035485999, 2341.766638129418
4942.212114810944, 84983.1035485999, 2341.766638129418
4942.713772058487, 84983.1035485999, 2341.766638129418
4943.200469017029, 84983.1035485999, 2341.766638129418
4943.702125549316, 84983.1035485999, 2341.766638129418
4944.183835029602, 84983.1035485999, 2341.766638129418
4944.719402313232, 84983.1035485999, 2341.766638129418
4945.210088968277, 84983.1035485999, 2341.766638129418
4945.891264438629, 29184.271754273785, 2094.387984343091
4946.18647480011, 29184.271754273785, 2094.387984343091
4946.668184757233, 29184.271754273785, 2094.387984343091
4947.5408482551575, 823.2083184371389, 955.0090675358115
4948.269896745682, 823.2083184371389, 955.0090675358115
4948.787509441376, 823.2083184371389, 955.0090675358115
4949.285177946091, 823.2083184371389, 955.0090675358115
4951.094334125519, 186.37848562267766, 1232.0363934184948
4951.835349559784, 186.37848562267766, 1232.0363934184948
4952.325038909912, 186.37848562267766, 1232.0363934184948
4952.936401128769, 2009.2024332320273, 2132.7233073110433
4953.699359416962, 2009.2024332320273, 2132.7233073110433
4954.405468463898, 183.56208324728604, 2177.957460275323
4955.460643768311, 1146.587273310508, 1642.1570821497407
4956.675390720367, 2924.939083568156, 1319.7019962318734
4957.476246833801, 3771.259254052593, 1323.513984236024
4958.218260526657, 3771.259254052593, 1323.513984236024
4958.706951141357, 3771.259254052593, 1323.513984236024
4959.223568201065, 3771.259254052593, 1323.513984236024
4959.956605672836, 840.1236869807245, 3851.746712828365
4961.120489597321, 605.2414400231871, 2071.0576400659875
4961.895414829254, 605.2414400231871, 2071.0576400659875
4962.911692857742, 605.2414400231871, 2071.0576400659875
4963.91799902916, 605.2414400231871, 2071.0576400659875
4964.875434875488, 605.2414400231871, 2071.0576400659875
4965.380084991455, 605.2414400231871, 2071.0576400659875
4965.910663604736, 605.2414400231871, 2071.0576400659875
4966.391376256943, 605.2414400231871, 2071.0576400659875
4967.388705968857, 605.2414400231871, 2071.0576400659875
4968.390025615692, 605.2414400231871, 2071.0576400659875
4969.291611433029, 605.2414400231871, 2071.0576400659875
4969.886019229889, 605.2414400231871, 2071.0576400659875
4970.407623767853, 605.2414400231871, 2071.0576400659875
4971.4907240867615, 2448.716822870124, 2365.9212433987145
4972.183868646622, 2448.716822870124, 2365.9212433987145
4972.691509723663, 2448.716822870124, 2365.9212433987145
4973.2071278095245, 2448.716822870124, 2365.9212433987145
4973.701803445816, 2448.716822870124, 2365.9212433987145
4974.192489147186, 2448.716822870124, 2365.9212433987145
4974.927521944046, 1008.2537017912248, 1778.6033373710516
4975.922856807709, 2919.2505089605047, 693.9920053705655
4976.944123029709, 3961.3396280804363, 2279.0843230170453
4977.707080602646, 3961.3396280804363, 2279.0843230170453
4978.216715097427, 3961.3396280804363, 2279.0843230170453
4978.707401275635, 3961.3396280804363, 2279.0843230170453
4979.228007078171, 3961.3396280804363, 2279.0843230170453
4979.7157027721405, 3961.3396280804363, 2279.0843230170453
4980.237305402756, 3961.3396280804363, 2279.0843230170453
4980.7210104465485, 3961.3396280804363, 2279.0843230170453
4981.389222860336, 3475.7519569871993, 2314.466021939084
4981.694403886795, 3475.7519569871993, 2314.466021939084
4982.1741189956665, 3475.7519569871993, 2314.466021939084
4982.665803909302, 3475.7519569871993, 2314.466021939084
4983.15748667717, 3475.7519569871993, 2314.466021939084
4983.694050073624, 3475.7519569871993, 2314.466021939084
4984.441050052643, 2683.5403100189155, 1559.377126722281
4986.43471288681, 3684.985432277013, 3070.5816563521994
4987.178720235825, 3684.985432277013, 3070.5816563521994
4987.68137550354, 3684.985432277013, 3070.5816563521994
4988.181036233902, 3684.985432277013, 3070.5816563521994
4988.688677310944, 3684.985432277013, 3070.5816563521994
4989.172382116318, 3684.985432277013, 3070.5816563521994
4989.6909947395325, 3684.985432277013, 3070.5816563521994
4990.166719913483, 3684.985432277013, 3070.5816563521994
4990.678352117538, 3684.985432277013, 3070.5816563521994
4991.17701458931, 3684.985432277013, 3070.5816563521994
4992.897408485413, 654.6438021473472, 1258.001448504534
4993.676323890686, 654.6438021473472, 1258.001448504534
4994.175985336304, 654.6438021473472, 1258.001448504534
4994.659691095352, 654.6438021473472, 1258.001448504534
4996.012070178986, 3169.9130779743023, 2454.4246519062826
4996.69923043251, 3169.9130779743023, 2454.4246519062826
4997.200886487961, 3169.9130779743023, 2454.4246519062826
4997.704538345337, 3169.9130779743023, 2454.4246519062826
4998.475473880768, 2563.921416557686, 2837.292952445571
4999.225465774536, 2563.921416557686, 2837.292952445571
4999.718147039413, 2563.921416557686, 2837.292952445571
5000.208832502365, 2563.921416557686, 2837.292952445571
5000.732432603836, 2563.921416557686, 2837.292952445571
5005.931510925293, 609.2106876977866, 2750.4414816100257
5006.939810752869, 2172.6516702740555, 1371.6176066546104
5007.657889127731, 2172.6516702740555, 1371.6176066546104
5008.161540031433, 2172.6516702740555, 1371.6176066546104
5008.655218362808, 2172.6516702740555, 1371.6176066546104
5009.161861658096, 2172.6516702740555, 1371.6176066546104
5009.644569635391, 2172.6516702740555, 1371.6176066546104
5010.173153877258, 2172.6516702740555, 1371.6176066546104
5010.642895936966, 2172.6516702740555, 1371.6176066546104
5011.16749215126, 2172.6516702740555, 1371.6176066546104
5011.658178806305, 2172.6516702740555, 1371.6176066546104
5012.451055049896, 934.1073904376594, 1932.4558532803983
5013.228972196579, 934.1073904376594, 1932.4558532803983
5013.724645614624, 934.1073904376594, 1932.4558532803983
5014.223310470581, 934.1073904376594, 1932.4558532803983
5014.711004495621, 934.1073904376594, 1932.4558532803983
5015.211663246155, 934.1073904376594, 1932.4558532803983
5015.720301866531, 934.1073904376594, 1932.4558532803983
5016.202013254166, 934.1073904376594, 1932.4558532803983
5016.926074504852, 1275.340915014685, 2669.9805900825413
5018.007179260254, 1694.058780699934, 674.9480834259432
5018.947660684586, 1096.3851038484943, 1444.2126411505667
5019.713609695435, 1096.3851038484943, 1444.2126411505667
5020.203299283981, 1096.3851038484943, 1444.2126411505667
5020.690992832184, 1096.3851038484943, 1444.2126411505667
5021.190656423569, 1096.3851038484943, 1444.2126411505667
5021.91272187233, 2306.923967454379, 1389.9098129117115
5023.182322740555, 2093.628892725009, 1345.9147043675932
5023.9722101688385, 2093.628892725009, 1345.9147043675932
5024.942609786987, 2093.628892725009, 1345.9147043675932
5025.9838235378265, 2093.628892725009, 1345.9147043675932
5026.964197635651, 2093.628892725009, 1345.9147043675932
5027.989453077316, 2093.628892725009, 1345.9147043675932
5028.966835021973, 2093.628892725009, 1345.9147043675932
5029.961173534393, 2093.628892725009, 1345.9147043675932
5030.9983959198, 3532.475924213446, 1618.4000132211759
5031.757364988327, 3532.475924213446, 1618.4000132211759
5032.47843337059, 1552.491715136075, 146.03649246372004
5033.227428197861, 1552.491715136075, 146.03649246372004
5033.724098682404, 1552.491715136075, 146.03649246372004
5034.21279001236, 1552.491715136075, 146.03649246372004
5034.977741718292, 1552.491715136075, 146.03649246372004
5035.721749305725, 1552.491715136075, 146.03649246372004
5036.208446264267, 1552.491715136075, 146.03649246372004
5036.7300498485565, 1552.491715136075, 146.03649246372004
5037.225722551346, 1552.491715136075, 146.03649246372004
5037.979703903198, 1701.813210590444, 1657.6811260252352
5038.729696512222, 1701.813210590444, 1657.6811260252352
5039.223375082016, 1701.813210590444, 1657.6811260252352
5039.92050743103, 953.1346521856423, 2331.9548021716596
5040.678478240967, 953.1346521856423, 2331.9548021716596
5041.198087692261, 953.1346521856423, 2331.9548021716596
5041.700741529465, 953.1346521856423, 2331.9548021716596
5042.21436715126, 953.1346521856423, 2331.9548021716596
5042.686104059219, 953.1346521856423, 2331.9548021716596
5043.196735620499, 953.1346521856423, 2331.9548021716596
5043.684430837631, 953.1346521856423, 2331.9548021716596
5044.195062875748, 953.1346521856423, 2331.9548021716596
5044.681760072708, 953.1346521856423, 2331.9548021716596
5045.182419538498, 953.1346521856423, 2331.9548021716596
5045.678092002869, 953.1346521856423, 2331.9548021716596
5046.176756858826, 953.1346521856423, 2331.9548021716596
5046.689385175705, 953.1346521856423, 2331.9548021716596
5047.412448644638, 1859.6536999210452, 1230.5799199281778
5048.175404787064, 1859.6536999210452, 1230.5799199281778
5048.679057121277, 1859.6536999210452, 1230.5799199281778
5049.432041168213, 2966.659532058679, 1019.9598193769273
5050.40343952179, 2005.3102721582552, 1214.0998428154098
5051.152435302734, 2005.3102721582552, 1214.0998428154098
5051.671046733856, 2005.3102721582552, 1214.0998428154098
5052.14178609848, 2005.3102721582552, 1214.0998428154098
5052.8738260269165, 13626.27408290048, 1664.9947726980686
5053.176017284393, 13626.27408290048, 1664.9947726980686
5053.663710594177, 13626.27408290048, 1664.9947726980686
5054.15340089798, 13626.27408290048, 1664.9947726980686
5054.6590456962585, 13626.27408290048, 1664.9947726980686
5055.165689229965, 13626.27408290048, 1664.9947726980686
5056.065282821655, 5012.869845835687, 1982.5933188041388
5056.785354137421, 5012.869845835687, 1982.5933188041388
5057.292994260788, 5012.869845835687, 1982.5933188041388
5058.008079767227, -3245.6509999596674, 1585.8402787914692
5058.739122390747, -3245.6509999596674, 1585.8402787914692
5059.441242456436, 3765.713900327353, 2483.4967383048797
5060.206193447113, 3765.713900327353, 2483.4967383048797
5060.686908006668, 3765.713900327353, 2483.4967383048797
5061.212500095367, 3765.713900327353, 2483.4967383048797
5061.693212509155, 3765.713900327353, 2483.4967383048797
5062.195867538452, 3765.713900327353, 2483.4967383048797
5062.688547849655, 3765.713900327353, 2483.4967383048797
5063.740730047226, 1714.4999910948259, 77.7178561174445
5064.504684925079, 1918.9116516591776, 878.0483131056409
5065.414249658585, 1590.8882586039006, 879.7603219030544
5066.20513176918, 1590.8882586039006, 879.7603219030544
5066.695817947388, 1590.8882586039006, 879.7603219030544
5067.413895845413, 3919.18963872667, 2171.586282747091
5068.619667768478, 684.9563506078058, 1960.8393451320094
5069.575109004974, 20.49490161621692, 1054.4863657755345
5070.277230024338, 20.49490161621692, 1054.4863657755345
5070.768912792206, 20.49490161621692, 1054.4863657755345
5071.258602380753, 20.49490161621692, 1054.4863657755345
5071.7722272872925, 20.49490161621692, 1054.4863657755345
5072.267899274826, 20.49490161621692, 1054.4863657755345
5072.773545742035, 20.49490161621692, 1054.4863657755345
5073.270216226578, 20.49490161621692, 1054.4863657755345
5073.769878864288, 20.49490161621692, 1054.4863657755345
5074.273530244827, 20.49490161621692, 1054.4863657755345
5074.772195100784, 20.49490161621692, 1054.4863657755345
5075.2838253974915, 20.49490161621692, 1054.4863657755345
5075.761545419693, 20.49490161621692, 1054.4863657755345
5076.284147500992, 20.49490161621692, 1054.4863657755345
5076.772838354111, 20.49490161621692, 1054.4863657755345
5077.277486085892, 20.49490161621692, 1054.4863657755345
5077.768173456192, 20.49490161621692, 1054.4863657755345
5078.271824598312, 20.49490161621692, 1054.4863657755345
5078.7734811306, 20.49490161621692, 1054.4863657755345
5079.278130054474, 20.49490161621692, 1054.4863657755345
5079.772805929184, 20.49490161621692, 1054.4863657755345
5080.268478631973, 20.49490161621692, 1054.4863657755345
5080.758167266846, 20.49490161621692, 1054.4863657755345
5081.269797801971, 20.49490161621692, 1054.4863657755345
5081.776442050934, 20.49490161621692, 1054.4863657755345
5082.473575115204, 2510.692390377035, 2405.391176875683
5083.18467092514, 2510.692390377035, 2405.391176875683
5083.70228433609, 2510.692390377035, 2405.391176875683
5084.200949668884, 2510.692390377035, 2405.391176875683
5084.694627761841, 2510.692390377035, 2405.391176875683
5085.1873087883, 2510.692390377035, 2405.391176875683
5085.6909601688385, 2510.692390377035, 2405.391176875683
5086.186633825302, 2510.692390377035, 2405.391176875683
5086.740150928497, 2510.692390377035, 2405.391176875683
5087.192939758301, 2510.692390377035, 2405.391176875683
5087.925976276398, 501.06256409968904, 2688.9561394100015
5088.705888032913, 501.06256409968904, 2688.9561394100015
5089.209539413452, 501.06256409968904, 2688.9561394100015
5089.713190793991, 501.06256409968904, 2688.9561394100015
5090.209862470627, 501.06256409968904, 2688.9561394100015
5090.710520744324, 501.06256409968904, 2688.9561394100015
5091.19921207428, 501.06256409968904, 2688.9561394100015
5092.022009372711, 2635.362193495755, 115.01081580457644
5095.895638227463, 1978.8106562479918, 1704.161824831492
5096.680536746979, 1978.8106562479918, 1704.161824831492
5097.178203821182, 1978.8106562479918, 1704.161824831492
5097.654927492142, 1978.8106562479918, 1704.161824831492
5098.170547246933, 1978.8106562479918, 1704.161824831492
5098.662230968475, 1978.8106562479918, 1704.161824831492
5099.167877435684, 1978.8106562479918, 1704.161824831492
5099.679506778717, 1978.8106562479918, 1704.161824831492
5100.193131446838, 1978.8106562479918, 1704.161824831492
5101.225368022919, 3115.1218383551304, 2168.3371377631647
5101.972368955612, 3115.1218383551304, 2168.3371377631647
5102.983660697937, 3115.1218383551304, 2168.3371377631647
5103.974008560181, 3115.1218383551304, 2168.3371377631647
5104.947402715683, 3115.1218383551304, 2168.3371377631647
5105.956700325012, 3115.1218383551304, 2168.3371377631647
5106.903167247772, 1794.093651759295, 721.2198689337056
5107.971306800842, 3022.1994750724675, 106.59254743171688
5108.7262852191925, 3022.1994750724675, 106.59254743171688
5109.242902040482, 3022.1994750724675, 106.59254743171688
5109.755528688431, 3022.1994750724675, 106.59254743171688
5110.4995374679565, 723.2834391935826, 353.1488698610814
5111.223598718643, 723.2834391935826, 353.1488698610814
5111.741213083267, 723.2834391935826, 353.1488698610814
5112.223920106888, 723.2834391935826, 353.1488698610814
5112.721587896347, 723.2834391935826, 353.1488698610814
5113.617190361023, 3935.3282506930364, 234.51368000304618
5114.444974422455, 628.4246259692983, 11.000236957110083
5115.482196092606, 2988.0219957734203, 2184.4132487717916
5116.453596830368, 114.70147557915409, 195.0101817228763
5117.231512546539, 114.70147557915409, 195.0101817228763
5117.709233760834, 114.70147557915409, 195.0101817228763
5118.543002128601, 3202.9755713248187, 1384.3399912269795
5119.279030799866, 3202.9755713248187, 1384.3399912269795
5119.909342765808, 19318.659123498128, 1257.899956763759
5120.677286624908, 19318.659123498128, 1257.899956763759
5121.1769490242, 19318.659123498128, 1257.899956763759
5121.923949241638, 3909.6191989204535, 963.4575113114219
5122.892356157303, 3804.7455664738345, 752.4890018915726
5123.19255232811, 3804.7455664738345, 752.4890018915726
5123.6772544384, 3804.7455664738345, 752.4890018915726
5124.17592048645, 3804.7455664738345, 752.4890018915726
5124.678574085236, 3804.7455664738345, 752.4890018915726
5125.180230379105, 3804.7455664738345, 752.4890018915726
5125.683881521225, 3804.7455664738345, 752.4890018915726
5126.185539007187, 3804.7455664738345, 752.4890018915726
5126.668246984482, 3804.7455664738345, 752.4890018915726
5127.190847635269, 3804.7455664738345, 752.4890018915726
5127.667572021484, 3804.7455664738345, 752.4890018915726
5128.450476884842, 874.3876849032163, 887.7434823149543
5129.196477651596, 874.3876849032163, 887.7434823149543
5129.69015622139, 874.3876849032163, 887.7434823149543
5130.220736503601, 874.3876849032163, 887.7434823149543
5130.704440116882, 874.3876849032163, 887.7434823149543
5131.21307849884, 874.3876849032163, 887.7434823149543
5131.709748029709, 874.3876849032163, 887.7434823149543
5132.19544839859, 874.3876849032163, 887.7434823149543
5132.6921191215515, 874.3876849032163, 887.7434823149543
5133.18878865242, 874.3876849032163, 887.7434823149543
5133.693438053131, 874.3876849032163, 887.7434823149543
5134.205067396164, 874.3876849032163, 887.7434823149543
5134.694756269455, 874.3876849032163, 887.7434823149543
5135.194417953491, 874.3876849032163, 887.7434823149543
5135.7060487270355, 874.3876849032163, 887.7434823149543
5136.193743228912, 874.3876849032163, 887.7434823149543
5136.692407131195, 874.3876849032163, 887.7434823149543
5137.205035448074, 874.3876849032163, 887.7434823149543
5137.700707912445, 874.3876849032163, 887.7434823149543
5138.218323230743, 874.3876849032163, 887.7434823149543
5138.925429344177, 866.6352976198962, 593.7196903356097
5139.679410457611, 866.6352976198962, 593.7196903356097
5140.192037343979, 866.6352976198962, 593.7196903356097
5140.913106441498, 2359.705843250537, 2222.1260473331035
5141.985237121582, 1141.7354780046676, 1282.6968172589588
5143.028443336487, 1761.237212363328, 56179.80968464217
5143.743530035019, 1761.237212363328, 56179.80968464217
5144.218257427216, 1761.237212363328, 56179.80968464217
5144.704954624176, 1761.237212363328, 56179.80968464217
5145.422034502029, 2247.370368567653, 773.275097863761
5146.1740210056305, 2247.370368567653, 773.275097863761
5146.67667555809, 2247.370368567653, 773.275097863761
5147.18132519722, 2247.370368567653, 773.275097863761
5147.679989337921, 2247.370368567653, 773.275097863761
5148.172669410706, 2247.370368567653, 773.275097863761
5148.897729635239, 2672.7243487700557, 1595.569445858389
5149.476179361343, 2687.41317134273, 600.7880391876196
5150.1852815151215, 2687.41317134273, 600.7880391876196
5150.691925525665, 2687.41317134273, 600.7880391876196
5151.178621768951, 2687.41317134273, 600.7880391876196
5151.677286863327, 2687.41317134273, 600.7880391876196
5152.191909074783, 2687.41317134273, 600.7880391876196
5152.949880361557, 3702.4042868002957, 233.3323047574055
5153.9123022556305, 1236.6314858374035, 2009.5631597802749
5154.967478752136, 2426.861872459654, 2861.068776531002
5155.717469453812, 2426.861872459654, 2861.068776531002
5156.215137720108, 2426.861872459654, 2861.068776531002
5156.757684230804, 2426.861872459654, 2861.068776531002
5157.235404968262, 2426.861872459654, 2861.068776531002
5158.047231674194, 2249.5112482599916, 2515.9978125310026
5159.023617982864, 2454.5898263281706, 166.59913059047443
5159.808515548706, 2454.5898263281706, 166.59913059047443
5160.2952127456665, 2454.5898263281706, 166.59913059047443
5160.744011878967, 2454.5898263281706, 166.59913059047443
5161.23868727684, 2454.5898263281706, 166.59913059047443
5161.735357999802, 2454.5898263281706, 166.59913059047443
5162.261946439743, 2454.5898263281706, 166.59913059047443
5162.741662502289, 2454.5898263281706, 166.59913059047443
5163.51758480072, 1096.2582111185275, 104.92607490216807
5164.220701932907, 1096.2582111185275, 104.92607490216807
5164.706401586533, 1096.2582111185275, 104.92607490216807
5165.208059310913, 1096.2582111185275, 104.92607490216807
5165.9331176280975, 3376.7844703760547, 995.1517666694248
5166.6821122169495, 3376.7844703760547, 995.1517666694248
5167.502914428711, 2129.1798714164697, 2159.0448797126796
5168.254900932312, 2129.1798714164697, 2159.0448797126796
5168.735613584518, 2129.1798714164697, 2159.0448797126796
5169.260209798813, 2129.1798714164697, 2159.0448797126796
5169.741919517517, 2129.1798714164697, 2159.0448797126796
5171.9749410152435, 2941.909649867244, 479.335840005546
5172.996206521988, 490.5247739294495, 59.62666837077748
5173.723261117935, 490.5247739294495, 59.62666837077748
5174.236884355545, 490.5247739294495, 59.62666837077748
5174.90908575058, 1609.5651867220681, 823.5281532926598
5175.652095556259, 1609.5651867220681, 823.5281532926598
5176.181677818298, 1609.5651867220681, 823.5281532926598
5176.673361301422, 1609.5651867220681, 823.5281532926598
5177.183995485306, 1609.5651867220681, 823.5281532926598
5177.6447603702545, 1609.5651867220681, 823.5281532926598
5178.177334785461, 1609.5651867220681, 823.5281532926598
5178.657051086426, 1609.5651867220681, 823.5281532926598
5179.1806490421295, 1609.5651867220681, 823.5281532926598
5179.691281795502, 1609.5651867220681, 823.5281532926598
5180.169002056122, 1609.5651867220681, 823.5281532926598
5180.675645112991, 1609.5651867220681, 823.5281532926598
5181.432620763779, 3589.0065525567525, 2682.813186984878
5182.190590620041, 3589.0065525567525, 2682.813186984878
5182.687259912491, 3589.0065525567525, 2682.813186984878
5183.19490146637, 3589.0065525567525, 2682.813186984878
5183.703540325165, 3589.0065525567525, 2682.813186984878
5184.173281431198, 3589.0065525567525, 2682.813186984878
5184.686906576157, 3589.0065525567525, 2682.813186984878
5185.399996519089, 3086.500298184016, -949.6115805811164
5186.1659462451935, 3086.500298184016, -949.6115805811164
5186.684557437897, 3086.500298184016, -949.6115805811164
5187.172251462936, 3086.500298184016, -949.6115805811164
5187.670916795731, 3086.500298184016, -949.6115805811164
5188.172574043274, 3086.500298184016, -949.6115805811164
5188.671238899231, 3086.500298184016, -949.6115805811164
5189.173892259598, 3086.500298184016, -949.6115805811164
5189.6765468120575, 3086.500298184016, -949.6115805811164
5190.17421412468, 3086.500298184016, -949.6115805811164
5190.927197694778, 1556.6113706697924, 174.07939449310365
5191.931508779526, 1878.5697187555006, 1528.1692474606004
5192.665542840958, 1878.5697187555006, 1528.1692474606004
5193.160218715668, 1878.5697187555006, 1528.1692474606004
5193.665864229202, 1878.5697187555006, 1528.1692474606004
5194.179489850998, 1878.5697187555006, 1528.1692474606004
5194.674165010452, 1878.5697187555006, 1528.1692474606004
5195.178814411163, 1878.5697187555006, 1528.1692474606004
5195.710391283035, 1878.5697187555006, 1528.1692474606004
5196.17614364624, 1878.5697187555006, 1528.1692474606004
5196.68777513504, 1878.5697187555006, 1528.1692474606004
5197.190427780151, 1878.5697187555006, 1528.1692474606004
5197.703056335449, 1878.5697187555006, 1528.1692474606004
5198.5098965168, 927.8310752938422, 2913.0765569843584
5199.223983287811, 927.8310752938422, 2913.0765569843584
5199.71368432045, 927.8310752938422, 2913.0765569843584
5200.210342884064, 927.8310752938422, 2913.0765569843584
5200.7169868946075, 927.8310752938422, 2913.0765569843584
5201.227618455887, 927.8310752938422, 2913.0765569843584
5201.689383268356, 927.8310752938422, 2913.0765569843584
5203.893481254578, 1704.7730490177657, 2523.111253638007
5204.2066423892975, 1704.7730490177657, 2523.111253638007
5204.972592115402, 2841.9275011804198, 109.42410947725276
5205.742530822754, 2841.9275011804198, 109.42410947725276
5206.204294919968, 2841.9275011804198, 109.42410947725276
5206.981214284897, 1205.4728162278968, 666.6488055877886
5207.9067368507385, 2430.3447299920595, 33818.73097408716
5208.960915803909, 49.53699012285251, 1536.351320197343
5209.7188839912415, 49.53699012285251, 1536.351320197343
5210.220541715622, 49.53699012285251, 1536.351320197343
5210.930639743805, 1119.3217922509198, 2128.4505587653102
5211.675645112991, 1119.3217922509198, 2128.4505587653102
5212.19824552536, 1119.3217922509198, 2128.4505587653102
5212.67796254158, 1119.3217922509198, 2128.4505587653102
5213.176627159119, 1119.3217922509198, 2128.4505587653102
5213.655344486237, 1119.3217922509198, 2128.4505587653102
5214.1659779548645, 1119.3217922509198, 2128.4505587653102
5214.662647247314, 1119.3217922509198, 2128.4505587653102
5215.186245679855, 1119.3217922509198, 2128.4505587653102
5215.690894603729, 1119.3217922509198, 2128.4505587653102
5216.175597906113, 1119.3217922509198, 2128.4505587653102
5216.670272827148, 1119.3217922509198, 2128.4505587653102
5217.458163499832, 877.7512404911324, 2300.5465906653253
5218.515333414078, 3301.683252254217, 850.0257999735725
5219.189526796341, 3301.683252254217, 850.0257999735725
5219.713125944138, 3301.683252254217, 850.0257999735725
5220.221768856049, 3301.683252254217, 850.0257999735725
5220.721426963806, 3301.683252254217, 850.0257999735725
5221.216101408005, 3301.683252254217, 850.0257999735725
5221.715764760971, 3301.683252254217, 850.0257999735725
5222.446806192398, 1974.7879942394698, 922.3684506983958
5223.205774068832, 1974.7879942394698, 922.3684506983958
5223.702445268631, 1974.7879942394698, 922.3684506983958
5224.193130493164, 1974.7879942394698, 922.3684506983958
5224.684814214706, 1974.7879942394698, 922.3684506983958
5225.177495241165, 1974.7879942394698, 922.3684506983958
5225.954414129257, 3178.4420372061754, 2563.9338543036556
5226.665511131287, 3178.4420372061754, 2563.9338543036556
5227.213045835495, 3178.4420372061754, 2563.9338543036556
5227.959048032761, 3793.3852577019434, 18394.821922283496
5228.676128387451, 3793.3852577019434, 18394.821922283496
5229.361293315887, 1957.0194321236995, 2098.63799396573
5229.658497095108, 1957.0194321236995, 2098.63799396573
5233.514174699783, 475.34766966212476, 630.7018563840228
5234.232251882553, 475.34766966212476, 630.7018563840228
5234.776793956757, 475.34766966212476, 630.7018563840228
5235.25950217247, 475.34766966212476, 630.7018563840228
5235.761157989502, 475.34766966212476, 630.7018563840228
5236.244862794876, 475.34766966212476, 630.7018563840228
5236.744525194168, 475.34766966212476, 630.7018563840228
5237.2451848983765, 475.34766966212476, 630.7018563840228
5238.015123128891, 2122.397957080137, 211.4999988705852
5239.9649024009705, 3813.5668726820036, 1627.3350319038084
5240.681983232498, 3813.5668726820036, 1627.3350319038084
5241.186631202698, 3813.5668726820036, 1627.3350319038084
5241.677317142487, 3813.5668726820036, 1627.3350319038084
5242.188947916031, 3813.5668726820036, 1627.3350319038084
5242.680631875992, 3813.5668726820036, 1627.3350319038084
5243.4914610385895, 3810.779948348329, 1540.370988145373
5244.497766971588, 75.46208605732473, 1801.3530749080487
5245.446228265762, 2554.715754694164, 52018.81135891303
5246.490432024002, 266.6256458497194, 1666.4266175734067
5247.220476388931, 266.6256458497194, 1666.4266175734067
5247.7670130729675, 266.6256458497194, 1666.4266175734067
5248.494067192078, 607.0714648369471, 2350.0121092728978
5249.193193912506, 607.0714648369471, 2350.0121092728978
5249.6938536167145, 607.0714648369471, 2350.0121092728978
5250.198503255844, 607.0714648369471, 2350.0121092728978
5250.927550792694, 2440.3385030499317, 91.98681067261126
5251.9757442474365, 3841.9757211822166, 1453.342137934036
5252.747677326202, 3841.9757211822166, 1453.342137934036
5253.260304927826, 3841.9757211822166, 1453.342137934036
5253.7769231796265, 3841.9757211822166, 1453.342137934036
5254.241678476334, 3841.9757211822166, 1453.342137934036
5255.1073586940765, 3266.037237626548, 847.3456152194493
5256.011939287186, 3950.2387436121476, 1077.7258208393607
5256.980345010757, 2939.2894469196144, 1530.9919105924532
5257.72634768486, 2939.2894469196144, 1530.9919105924532
5258.207060575485, 2939.2894469196144, 1530.9919105924532
5258.699741840363, 2939.2894469196144, 1530.9919105924532
5259.210373878479, 2939.2894469196144, 1530.9919105924532
5259.681113481522, 2939.2894469196144, 1530.9919105924532
5260.200722455978, 2939.2894469196144, 1530.9919105924532
5260.691409111023, 2939.2894469196144, 1530.9919105924532
5261.61493563652, 2009.2871210162523, 321.1934110373702
5262.420778274536, 3970.4342764678768, -903.9251950612738
5263.1947066783905, 3970.4342764678768, -903.9251950612738
5263.686389684677, 3970.4342764678768, -903.9251950612738
5264.597949504852, 2767.9787650829467, 962.9819069387851
5265.515492677689, 2767.9787650829467, 962.9819069387851
5266.423063278198, 2767.9787650829467, 962.9819069387851
5267.408424377441, 2767.9787650829467, 962.9819069387851
5268.466590881348, 3395.9859158518148, 1319.625367885582
5269.21458864212, 3395.9859158518148, 1319.625367885582
5269.711259126663, 3395.9859158518148, 1319.625367885582
5270.206932067871, 3395.9859158518148, 1319.625367885582
5270.714572191238, 3395.9859158518148, 1319.625367885582
5271.224208831787, 3395.9859158518148, 1319.625367885582
5271.733842611313, 3395.9859158518148, 1319.625367885582
5272.227521181107, 3395.9859158518148, 1319.625367885582
5272.9914762973785, 992.2056407006417, 2011.351223195457
5273.7394733428955, 992.2056407006417, 2011.351223195457
5274.251103878021, 992.2056407006417, 2011.351223195457
5275.035004377365, 284.16981185524253, 2278.2258318426802
5275.7800097465515, 284.16981185524253, 2278.2258318426802
5276.275683403015, 284.16981185524253, 2278.2258318426802
5276.76637005806, 284.16981185524253, 2278.2258318426802
5277.284980773926, 284.16981185524253, 2278.2258318426802
5277.786638259888, 284.16981185524253, 2278.2258318426802
5278.283307790756, 284.16981185524253, 2278.2258318426802
5278.7640209198, 284.16981185524253, 2278.2258318426802
5279.273656606674, 284.16981185524253, 2278.2258318426802
5279.758358716965, 284.16981185524253, 2278.2258318426802
5280.266996145248, 284.16981185524253, 2278.2258318426802
5280.776632070541, 284.16981185524253, 2278.2258318426802
5281.284272909164, 284.16981185524253, 2278.2258318426802
5281.753019571304, 284.16981185524253, 2278.2258318426802
5282.467107057571, 2054.4582305527647, 2456.5517282075675
5283.201141119003, 2054.4582305527647, 2456.5517282075675
5283.707784175873, 2054.4582305527647, 2456.5517282075675
5284.216421842575, 2054.4582305527647, 2456.5517282075675
5284.741018295288, 2054.4582305527647, 2456.5517282075675
5285.220733642578, 2054.4582305527647, 2456.5517282075675
5285.726378917694, 2054.4582305527647, 2456.5517282075675
5286.22105550766, 2054.4582305527647, 2456.5517282075675
5286.713735818863, 2054.4582305527647, 2456.5517282075675
5287.2203805446625, 2054.4582305527647, 2456.5517282075675
5287.717049837112, 2054.4582305527647, 2456.5517282075675
5288.209730863571, 2054.4582305527647, 2456.5517282075675
5288.734325885773, 2054.4582305527647, 2456.5517282075675
5289.22900223732, 2054.4582305527647, 2456.5517282075675
5289.731655359268, 2054.4582305527647, 2456.5517282075675
5290.244284152985, 2054.4582305527647, 2456.5517282075675
5291.022200584412, 405.1154829964608, 6054.558873712049
5292.111284255981, 75.0063228647565, 2071.1907100839508
5292.849309206009, 75.0063228647565, 2071.1907100839508
5293.376898050308, 75.0063228647565, 2071.1907100839508
5294.008206367493, 1006.2457778838708, 115.77624123219842
5294.741242647171, 1006.2457778838708, 115.77624123219842
5295.258857250214, 1006.2457778838708, 115.77624123219842
5295.738573074341, 1006.2457778838708, 115.77624123219842
5296.237237691879, 1006.2457778838708, 115.77624123219842
5296.7658224105835, 1006.2457778838708, 115.77624123219842
5297.2465353012085, 1006.2457778838708, 115.77624123219842
5297.932697534561, 1382.5917461750503, 420.6586525383342
5298.703634262085, 1382.5917461750503, 420.6586525383342
5299.4955134391785, 1508.9662251740974, -263.34736071128543
5300.178684473038, 1508.9662251740974, -263.34736071128543
5300.74516749382, 1508.9662251740974, -263.34736071128543
5301.247822523117, 1508.9662251740974, -263.34736071128543
5301.746487855911, 1508.9662251740974, -263.34736071128543
5302.213237762451, 1508.9662251740974, -263.34736071128543
5302.746808767319, 1508.9662251740974, -263.34736071128543
5303.232508897781, 1508.9662251740974, -263.34736071128543
5303.944602012634, 613.4076025150265, 503.07967583175986
5304.724513053894, 613.4076025150265, 503.07967583175986
5305.220186710358, 613.4076025150265, 503.07967583175986
5309.505711317062, 2745.3198032449236, 1994.8590701479463
5310.466139793396, 424.47973291223065, 1668.032170566802
5313.438182592392, 1441.5921723125675, 3164.58633648383
5314.464435338974, 1407.4854754132064, 587.1753524529603
5315.228390932083, 1407.4854754132064, 587.1753524529603
5315.706110239029, 1407.4854754132064, 587.1753524529603
5316.208765745163, 1407.4854754132064, 587.1753524529603
5316.752310037613, 1407.4854754132064, 587.1753524529603
5317.207092761993, 1407.4854754132064, 587.1753524529603
5317.73767209053, 1407.4854754132064, 587.1753524529603
5318.211402654648, 1407.4854754132064, 587.1753524529603
5318.7050812244415, 1407.4854754132064, 587.1753524529603
5319.208734750748, 1407.4854754132064, 587.1753524529603
5319.704405784607, 1407.4854754132064, 587.1753524529603
5320.209054470062, 1407.4854754132064, 587.1753524529603
5320.710710763931, 1407.4854754132064, 587.1753524529603
5321.210373163223, 1407.4854754132064, 587.1753524529603
5321.713027715683, 1407.4854754132064, 587.1753524529603
5322.209696769714, 1407.4854754132064, 587.1753524529603
5322.712351322174, 1407.4854754132064, 587.1753524529603
5323.198051452637, 1407.4854754132064, 587.1753524529603
5323.7076869010925, 1407.4854754132064, 587.1753524529603
5324.213332414627, 1407.4854754132064, 587.1753524529603
5324.721970319748, 1407.4854754132064, 587.1753524529603
5325.201686143875, 1407.4854754132064, 587.1753524529603
5325.71431350708, 1407.4854754132064, 587.1753524529603
5326.224945306778, 1407.4854754132064, 587.1753524529603
5326.694688796997, 1407.4854754132064, 587.1753524529603
5329.487210988998, 3129.726856688114, 2389.174616204984
5330.22124505043, 3129.726856688114, 2389.174616204984
5330.716917991638, 3129.726856688114, 2389.174616204984
5331.2105967998505, 3129.726856688114, 2389.174616204984
5331.7212290763855, 3129.726856688114, 2389.174616204984
5332.211915016174, 3129.726856688114, 2389.174616204984
5332.72553896904, 3129.726856688114, 2389.174616204984
5333.533376455307, 1901.085626215868, 921.2768785461334
5334.248462438583, 1901.085626215868, 921.2768785461334
5335.072256803513, 84.73090035111804, 2402.301065942153
5335.994786262512, 3456.927371448207, 1872.2565541769018
5336.7756950855255, 3456.927371448207, 1872.2565541769018
5337.275357723236, 3456.927371448207, 1872.2565541769018
5337.74809217453, 3456.927371448207, 1872.2565541769018
5338.262712955475, 3456.927371448207, 1872.2565541769018
5338.73544716835, 3456.927371448207, 1872.2565541769018
5339.235109567642, 3456.927371448207, 1872.2565541769018
5339.733775138855, 3456.927371448207, 1872.2565541769018
5340.493739366531, 79.15457581192449, 678.7550473692618
5341.442199707031, 3713.1858806239634, 1551.8706541520135
5342.1931891441345, 3713.1858806239634, 1551.8706541520135
5342.694846153259, 3713.1858806239634, 1551.8706541520135
5343.26332449913, 3713.1858806239634, 1551.8706541520135
5343.712121486664, 3713.1858806239634, 1551.8706541520135
5344.228738307953, 3713.1858806239634, 1551.8706541520135
5344.716433048248, 3713.1858806239634, 1551.8706541520135
5345.212107181549, 3713.1858806239634, 1551.8706541520135
5345.715756893158, 3713.1858806239634, 1551.8706541520135
5346.19447517395, 3713.1858806239634, 1551.8706541520135
5346.726051807404, 3713.1858806239634, 1551.8706541520135
5347.212748527527, 3713.1858806239634, 1551.8706541520135
5347.715402364731, 3713.1858806239634, 1551.8706541520135
5348.238003492355, 3713.1858806239634, 1551.8706541520135
5348.992981433868, 2176.518420506171, 574.0361946824307
5349.73898434639, 2176.518420506171, 574.0361946824307
5350.249616146088, 2176.518420506171, 574.0361946824307
5351.0265374183655, 1348.7786535271769, 1775.9065179670288
5351.999929904938, 2747.1929279454657, 1501.7697559490684
5352.7449362277985, 2747.1929279454657, 1501.7697559490684
5353.21168589592, 2747.1929279454657, 1501.7697559490684
5355.453683137894, 1545.0039147547648, 1310.501363997687
5356.257529258728, 1545.0039147547648, 1310.501363997687
5356.754199028015, 1545.0039147547648, 1310.501363997687
5357.555056333542, 833.9515506646983, 4232.514047103608
5358.351921796799, 833.9515506646983, 4232.514047103608
5358.816677808762, 833.9515506646983, 4232.514047103608
5359.321325778961, 833.9515506646983, 4232.514047103608
5359.814006567001, 833.9515506646983, 4232.514047103608
5360.773438453674, 2852.0481345825133, 388.4411633671628
5361.548363208771, 2852.0481345825133, 388.4411633671628
5362.557660341263, 2852.0481345825133, 388.4411633671628
5363.641757249832, 2743.2701920152886, 712.0398371658673
5364.39374423027, 2743.2701920152886, 712.0398371658673
5364.894403219223, 2743.2701920152886, 712.0398371658673
5365.425980091095, 2743.2701920152886, 712.0398371658673
5365.887744426727, 2743.2701920152886, 712.0398371658673
5366.4103446006775, 2743.2701920152886, 712.0398371658673
5366.941920757294, 2743.2701920152886, 712.0398371658673
5367.435599803925, 2743.2701920152886, 712.0398371658673
5367.929276704788, 2743.2701920152886, 712.0398371658673
5368.41198515892, 2743.2701920152886, 712.0398371658673
5368.938574790955, 2743.2701920152886, 712.0398371658673
5369.424275875092, 2743.2701920152886, 712.0398371658673
5370.4076409339905, 2743.2701920152886, 712.0398371658673
5370.913286924362, 2743.2701920152886, 712.0398371658673
5371.409957885742, 2743.2701920152886, 712.0398371658673
5371.92258477211, 2743.2701920152886, 712.0398371658673
5372.404295682907, 2743.2701920152886, 712.0398371658673
5372.893984556198, 2743.2701920152886, 712.0398371658673
5373.483406543732, 676.2937489638059, 918.9146939371508
5374.256335258484, 676.2937489638059, 918.9146939371508
5374.760984420776, 676.2937489638059, 918.9146939371508
5375.2606456279755, 676.2937489638059, 918.9146939371508
5375.789231538773, 676.2937489638059, 918.9146939371508
5376.259970188141, 676.2937489638059, 918.9146939371508
5376.747665405273, 676.2937489638059, 918.9146939371508
5377.2942016124725, 676.2937489638059, 918.9146939371508
5377.739010095596, 676.2937489638059, 918.9146939371508
5378.234683275223, 676.2937489638059, 918.9146939371508
5378.754292964935, 676.2937489638059, 918.9146939371508
5379.247970342636, 676.2937489638059, 918.9146939371508
5379.762593507767, 676.2937489638059, 918.9146939371508
5380.244303703308, 676.2937489638059, 918.9146939371508
5380.744961738586, 676.2937489638059, 918.9146939371508
5381.247616291046, 676.2937489638059, 918.9146939371508
5381.756253480911, 676.2937489638059, 918.9146939371508
5382.264891386032, 676.2937489638059, 918.9146939371508
5382.750591278076, 676.2937489638059, 918.9146939371508
5383.250252723694, 676.2937489638059, 918.9146939371508
5383.806762933731, 676.2937489638059, 918.9146939371508
5384.253566741943, 676.2937489638059, 918.9146939371508
5384.763201713562, 676.2937489638059, 918.9146939371508
5385.243915081024, 676.2937489638059, 918.9146939371508
5385.758537530899, 676.2937489638059, 918.9146939371508
5386.251218318939, 676.2937489638059, 918.9146939371508
5386.746890068054, 676.2937489638059, 918.9146939371508
5387.264504909515, 676.2937489638059, 918.9146939371508
5388.332645177841, 1565.943348912705, 2390.5504514559743
5389.084631204605, 1565.943348912705, 2390.5504514559743
5390.067997932434, 1565.943348912705, 2390.5504514559743
5391.051364660263, 1565.943348912705, 2390.5504514559743
5391.971899271011, 1265.8471470739162, 1429.3088344128578
5392.982195138931, 1024.7563184259823, 754.5767381016221
5393.742159605026, 1024.7563184259823, 754.5767381016221
5394.231848716736, 1024.7563184259823, 754.5767381016221
5394.742480993271, 1024.7563184259823, 754.5767381016221
5395.240149736404, 1024.7563184259823, 754.5767381016221
5395.742802619934, 1024.7563184259823, 754.5767381016221
5396.245458126068, 1024.7563184259823, 754.5767381016221
5396.771050453186, 1024.7563184259823, 754.5767381016221
5397.242786407471, 1024.7563184259823, 754.5767381016221
5397.735467910767, 1024.7563184259823, 754.5767381016221
5398.256073951721, 1024.7563184259823, 754.5767381016221
5398.761720895767, 1024.7563184259823, 754.5767381016221
5399.545620918274, 2390.3160026605306, 1468.7494337488458
5400.233777046204, 2390.3160026605306, 1468.7494337488458
5401.036628246307, 2305.9388113039595, 710.8624688995995
5401.797590017319, 2305.9388113039595, 710.8624688995995
5402.316201210022, 2305.9388113039595, 710.8624688995995
5402.806888341904, 2305.9388113039595, 710.8624688995995
5403.302560329437, 2305.9388113039595, 710.8624688995995
5403.7912521362305, 2305.9388113039595, 710.8624688995995
5404.309862852097, 2305.9388113039595, 710.8624688995995
5404.77960562706, 2305.9388113039595, 710.8624688995995
5405.321155309677, 2305.9388113039595, 710.8624688995995
5405.828796386719, 2305.9388113039595, 710.8624688995995
5406.2935526371, 2305.9388113039595, 710.8624688995995
5406.81615281105, 2305.9388113039595, 710.8624688995995
5407.514283180237, 886.9844771860083, 2458.28460565906
5408.2463228702545, 886.9844771860083, 2458.28460565906
5408.752966403961, 886.9844771860083, 2458.28460565906
5409.264596223831, 886.9844771860083, 2458.28460565906
5409.756281852722, 886.9844771860083, 2458.28460565906
5410.242977380753, 886.9844771860083, 2458.28460565906
5410.757598638535, 886.9844771860083, 2458.28460565906
5411.248286008835, 886.9844771860083, 2458.28460565906
5411.747946977615, 886.9844771860083, 2458.28460565906
5412.257582902908, 886.9844771860083, 2458.28460565906
5412.759238481522, 886.9844771860083, 2458.28460565906
5413.260896205902, 886.9844771860083, 2458.28460565906
5413.768536806107, 886.9844771860083, 2458.28460565906
5414.254236698151, 886.9844771860083, 2458.28460565906
5414.800772428513, 886.9844771860083, 2458.28460565906
5415.270516395569, 886.9844771860083, 2458.28460565906
5415.770177602768, 886.9844771860083, 2458.28460565906
5416.258867740631, 886.9844771860083, 2458.28460565906
5416.768503189087, 886.9844771860083, 2458.28460565906
5417.561381340027, 1288.8264458075762, 1448.9094878521319
5418.299406051636, 1288.8264458075762, 1448.9094878521319
5418.7910878658295, 1288.8264458075762, 1448.9094878521319
5419.29972743988, 1288.8264458075762, 1448.9094878521319
5419.8013825416565, 1288.8264458075762, 1448.9094878521319
5420.281098365784, 1288.8264458075762, 1448.9094878521319
5420.794723272324, 1288.8264458075762, 1448.9094878521319
5421.274438381195, 1288.8264458075762, 1448.9094878521319
5421.76412653923, 1288.8264458075762, 1448.9094878521319
5423.497485876083, 2929.5374418917245, 218.19478290001504
5424.547674655914, 2282.7505288159696, 1491.7893795431785
5425.340551376343, 2282.7505288159696, 1491.7893795431785
5425.83123755455, 2282.7505288159696, 1491.7893795431785
5426.490471124649, 3056.7402215043144, 1027.4239265504898
5427.1995730400085, 3056.7402215043144, 1027.4239265504898
5427.7151927948, 3056.7402215043144, 1027.4239265504898
5428.2118628025055, 3056.7402215043144, 1027.4239265504898
5428.719503164291, 3056.7402215043144, 1027.4239265504898
5429.212185382843, 3056.7402215043144, 1027.4239265504898
5429.711845874786, 3056.7402215043144, 1027.4239265504898
5430.213503360748, 3056.7402215043144, 1027.4239265504898
5430.70618391037, 3056.7402215043144, 1027.4239265504898
5431.210832118988, 3056.7402215043144, 1027.4239265504898
5431.722462177277, 3056.7402215043144, 1027.4239265504898
5432.217139005661, 3056.7402215043144, 1027.4239265504898
5432.970122337341, 3709.454937055377, 1713.7542500519519
5433.750033378601, 3709.454937055377, 1713.7542500519519
5434.25168967247, 3709.454937055377, 1713.7542500519519
5434.717444181442, 3709.454937055377, 1713.7542500519519
5436.4398312568665, 1121.2090787784691, 1591.142296656098
5436.741024971008, 1121.2090787784691, 1591.142296656098
5437.232708930969, 1121.2090787784691, 1591.142296656098
5437.728381156921, 1121.2090787784691, 1591.142296656098
5438.234027147293, 1121.2090787784691, 1591.142296656098
5439.344054937363, 1930.961460843293, 1606.5429009915433
5440.064126253128, 1930.961460843293, 1606.5429009915433
5441.081403970718, 1930.961460843293, 1606.5429009915433
5442.032854795456, 2539.852453323585, 531.6619056177069
5442.790825366974, 2539.852453323585, 531.6619056177069
5443.279517889023, 2539.852453323585, 531.6619056177069
5443.779179096222, 2539.852453323585, 531.6619056177069
5444.265876054764, 2539.852453323585, 531.6619056177069
5444.988940238953, 1680.556243205828, 1260.6039941266836
5445.738931179047, 1680.556243205828, 1260.6039941266836
5446.264523983002, 1680.556243205828, 1260.6039941266836
5446.750223636627, 1680.556243205828, 1260.6039941266836
5447.245896577835, 1680.556243205828, 1260.6039941266836
5447.730598449707, 1680.556243205828, 1260.6039941266836
5448.230262041092, 1680.556243205828, 1260.6039941266836
5448.729922056198, 1680.556243205828, 1260.6039941266836
5449.241553544998, 1680.556243205828, 1260.6039941266836
5449.7262551784515, 1680.556243205828, 1260.6039941266836
5450.224920511246, 1680.556243205828, 1260.6039941266836
5450.741537094116, 1680.556243205828, 1260.6039941266836
5451.231226205826, 1680.556243205828, 1260.6039941266836
5451.735874176025, 1680.556243205828, 1260.6039941266836
5452.2245657444, 1680.556243205828, 1260.6039941266836
5452.736195325851, 1680.556243205828, 1260.6039941266836
5453.23485994339, 1680.556243205828, 1260.6039941266836
5453.730533123016, 1680.556243205828, 1260.6039941266836
5454.237176418304, 1680.556243205828, 1260.6039941266836
5454.724870920181, 1680.556243205828, 1260.6039941266836
5455.229519844055, 1680.556243205828, 1260.6039941266836
5455.737161159515, 1680.556243205828, 1260.6039941266836
5456.521061182022, 3560.5892359717764, 1012.8491380593982
5457.265068531036, 3560.5892359717764, 1012.8491380593982
5457.7567529678345, 3560.5892359717764, 1012.8491380593982
5458.537660598755, 3842.391787501229, 2019.7051618287787
5459.2607254981995, 3842.391787501229, 2019.7051618287787
5459.753406763077, 3842.391787501229, 2019.7051618287787
5460.255064487457, 3842.391787501229, 2019.7051618287787
5460.984111070633, 1237.684088602182, 617.6085943604381
5461.9734625816345, 668.1902150675736, -38079.62536849572
5462.7453944683075, 668.1902150675736, -38079.62536849572
5463.25203871727, 668.1902150675736, -38079.62536849572
5463.980089187622, 3512.121463976326, 1220.7963802885497
5464.96245765686, 474.00688540241663, 2363.360381706772
5465.270633220673, 474.00688540241663, 2363.360381706772
5466.011648893356, 1770.3709100088574, 516.0794115163183
5466.774607419968, 1770.3709100088574, 516.0794115163183
5467.539558172226, 1794.4979308147185, 2395.2704727681808
5468.472061872482, 2243.583940462191, 2140.551335885148
5469.207092285156, 2243.583940462191, 2140.551335885148
5469.709746599197, 2243.583940462191, 2140.551335885148
5471.520896434784, 2049.6564314700368, 235.64187088779414
5472.496285200119, 543.1347954081727, 376.0317711607102
5474.552778482437, 2291.4280232968326, 2992.9976566850974
5475.230963468552, 2291.4280232968326, 2992.9976566850974
5475.788470506668, 2291.4280232968326, 2992.9976566850974
5476.268186330795, 2291.4280232968326, 2992.9976566850974
5476.799762010574, 2291.4280232968326, 2992.9976566850974
5477.27449131012, 2291.4280232968326, 2992.9976566850974
5477.972621917725, 2666.604101924029, 891.8619257948144
5478.749540567398, 2666.604101924029, 891.8619257948144
5479.236238241196, 2666.604101924029, 891.8619257948144
5479.9712703228, 736.4505614385275, 2345.6980614751565
5481.0483865737915, 488.009380174846, 764.9870281611868
5481.998841047287, 3481.7806649010627, 1742.6350594290075
5482.734870672226, 3481.7806649010627, 1742.6350594290075
5483.259465932846, 3481.7806649010627, 1742.6350594290075
5483.782065868378, 3481.7806649010627, 1742.6350594290075
5484.240837574005, 3481.7806649010627, 1742.6350594290075
5484.74748134613, 3481.7806649010627, 1742.6350594290075
5485.227197170258, 3481.7806649010627, 1742.6350594290075
5485.726859092712, 3481.7806649010627, 1742.6350594290075
5486.234504699707, 3481.7806649010627, 1742.6350594290075
5486.726183414459, 3481.7806649010627, 1742.6350594290075
5487.25576543808, 3481.7806649010627, 1742.6350594290075
5487.719523668289, 3481.7806649010627, 1742.6350594290075
5488.533344507217, 2385.589355895852, 18.49999999999868
5489.3002898693085, 2385.589355895852, 18.49999999999868
5489.803942203522, 2385.589355895852, 18.49999999999868
5490.316570043564, 2385.589355895852, 18.49999999999868
5490.791298389435, 2385.589355895852, 18.49999999999868
5491.31290102005, 2385.589355895852, 18.49999999999868
5491.822536945343, 2385.589355895852, 18.49999999999868
5492.517674922943, 2681.027934816205, 2931.9627271108066
5493.46613574028, 2002.2966419956242, 2048.39324049763
5494.263999223709, 2002.2966419956242, 2048.39324049763
5495.0189781188965, 3823.2397868196063, 407.80607158524225
5495.809860944748, 3823.2397868196063, 407.80607158524225
5496.266637325287, 3823.2397868196063, 407.80607158524225
5496.764304161072, 3823.2397868196063, 407.80607158524225
5497.285908460617, 3823.2397868196063, 407.80607158524225
5497.766620397568, 3823.2397868196063, 407.80607158524225
5498.2742619514465, 3823.2397868196063, 407.80607158524225
5498.778910398483, 3823.2397868196063, 407.80607158524225
5499.266603946686, 3823.2397868196063, 407.80607158524225
5499.756293296814, 3823.2397868196063, 407.80607158524225
5500.28288269043, 3823.2397868196063, 407.80607158524225
5500.788530349731, 3823.2397868196063, 407.80607158524225
5501.264255285263, 3823.2397868196063, 407.80607158524225
5501.774887561798, 3823.2397868196063, 407.80607158524225
5502.262582063675, 3823.2397868196063, 407.80607158524225
5502.967693805695, 5088.174059326811, 1156.1754584960906
5504.001924276352, 1953.4884084591065, 1059.6535094326057
5504.730973243713, 1953.4884084591065, 1059.6535094326057
5505.247589111328, 1953.4884084591065, 1059.6535094326057
5505.731294393539, 1953.4884084591065, 1059.6535094326057
5506.243921756744, 1953.4884084591065, 1059.6535094326057
5506.750564575195, 1953.4884084591065, 1059.6535094326057
5507.545436382294, 1979.2430498181736, 1614.825033690843
5508.252543449402, 1979.2430498181736, 1614.825033690843
5508.762179136276, 1979.2430498181736, 1614.825033690843
5509.544085741043, 1993.904038057494, 692.7337294704438
5510.262162923813, 1993.904038057494, 692.7337294704438
5511.265475511551, 129.0002052723757, 315.70314177248133
5512.159083843231, 3613.4340546251137, 2471.99286490824
5512.934008836746, 3613.4340546251137, 2471.99286490824
5513.364855766296, 3613.4340546251137, 2471.99286490824
5514.01212143898, 2495.5294527710835, 1704.2736964549904
5514.767099618912, 2495.5294527710835, 1704.2736964549904
5515.2787296772, 2495.5294527710835, 1704.2736964549904
5515.765427350998, 2495.5294527710835, 1704.2736964549904
5516.271072149277, 2495.5294527710835, 1704.2736964549904
5516.982168674469, -3032.3908236292955, 397.9448762550565
5517.717201471329, -3032.3908236292955, 397.9448762550565
5518.495117664337, 3249.3241070521917, 1597.3763937297547
5519.244111776352, 3249.3241070521917, 1597.3763937297547
5519.732803583145, 3249.3241070521917, 1597.3763937297547
5520.49875164032, 1411.9067908460017, 2972.643949183312
5521.484114408493, 1923.003175177979, 1617.7886173267382
5522.238096475601, 1923.003175177979, 1617.7886173267382
5522.896333694458, 3407.4917548506983, 2774.888488691662
5523.247391939163, 3407.4917548506983, 2774.888488691662
5523.7291049957275, 3407.4917548506983, 2774.888488691662
5524.483084201813, 2357.7304368999116, 1254.0387408727788
5525.545239448547, 2001.4578485706397, 874.4008662831773
5526.2144474983215, 2001.4578485706397, 874.4008662831773
5526.780930995941, 2001.4578485706397, 874.4008662831773
5527.251670837402, 2001.4578485706397, 874.4008662831773
5527.971744060516, 2807.251212204931, 1455.3275747367904
5529.2433385849, 1893.9842036110272, 1784.005975745383
5530.012278795242, 1893.9842036110272, 1784.005975745383
5531.015593290329, 1893.9842036110272, 1784.005975745383
5531.971034049988, 2800.7811266752656, 2975.8045262572878
5532.733990907669, 2800.7811266752656, 2975.8045262572878
5533.236645460129, 2800.7811266752656, 2975.8045262572878
5534.002593755722, 166.61170264675027, 1039.410809524977
5534.742614507675, 166.61170264675027, 1039.410809524977
5535.518534898758, 4476.086127309676, 1447.9419641073803
5536.260548591614, 4476.086127309676, 1447.9419641073803
5536.754225969315, 4476.086127309676, 1447.9419641073803
5537.255884170532, 4476.086127309676, 1447.9419641073803
5537.761528253555, 4476.086127309676, 1447.9419641073803
5538.273159980774, 4476.086127309676, 1447.9419641073803
5538.747888088226, 4476.086127309676, 1447.9419641073803
5539.268495082855, 4476.086127309676, 1447.9419641073803
5539.764166355133, 4476.086127309676, 1447.9419641073803
5540.242884874344, 4476.086127309676, 1447.9419641073803
5540.759501457214, 4476.086127309676, 1447.9419641073803
5541.261159420013, 4476.086127309676, 1447.9419641073803
5541.7737865448, 4476.086127309676, 1447.9419641073803
5542.231559991837, 4476.086127309676, 1447.9419641073803
5542.764133691788, 4476.086127309676, 1447.9419641073803
5543.575959682465, 278.5901506846584, 2247.3862900156932
5544.305008888245, 278.5901506846584, 2247.3862900156932
5544.81165099144, 278.5901506846584, 2247.3862900156932
5545.32727098465, 278.5901506846584, 2247.3862900156932
5545.993488073349, 3946.8164013457067, 2325.8752262132807
5546.97386264801, 1614.7345815945757, -585.1659173616738
5548.043996810913, 3354.344921381256, 1814.3198747203558
5552.012370347977, 932.8601174524619, 61.94908127732099
5552.745407581329, 932.8601174524619, 61.94908127732099
5553.269005537033, 932.8601174524619, 61.94908127732099
5553.778641700745, 932.8601174524619, 61.94908127732099
5554.469790697098, 1892.9357935852488, 1451.3649083832868
5555.463131427765, 381.71752183859405, 228.41737153001804
5556.495367050171, 3075.224312167921, 913.3178781753269
5560.653234243393, 1674.8060959579384, 20.03428382391557
5561.517918109894, 1674.8060959579384, 20.03428382391557
5562.460394382477, 1674.8060959579384, 20.03428382391557
5563.384918689728, 1674.8060959579384, 20.03428382391557
5563.923476696014, 1674.8060959579384, 20.03428382391557
5564.569746017456, 13254.667826420156, 1363.5010701412034
5565.258900880814, 13254.667826420156, 1363.5010701412034
5565.759561300278, 13254.667826420156, 1363.5010701412034
5566.265206813812, 13254.667826420156, 1363.5010701412034
5567.981611251831, 512.9573107242987, 2735.3018531422013
5568.722626447678, 512.9573107242987, 2735.3018531422013
5569.219297170639, 512.9573107242987, 2735.3018531422013
5569.7089858055115, 512.9573107242987, 2735.3018531422013
5570.230589151382, 512.9573107242987, 2735.3018531422013
5570.737232685089, 512.9573107242987, 2735.3018531422013
5571.245869874954, 512.9573107242987, 2735.3018531422013
5571.73256778717, 512.9573107242987, 2735.3018531422013
5572.250181436539, 512.9573107242987, 2735.3018531422013
5572.729896783829, 512.9573107242987, 2735.3018531422013
5573.228561162949, 512.9573107242987, 2735.3018531422013
5573.72523188591, 512.9573107242987, 2735.3018531422013
5574.22888302803, 512.9573107242987, 2735.3018531422013
5574.736524820328, 512.9573107242987, 2735.3018531422013
5575.238181114197, 512.9573107242987, 2735.3018531422013
5575.736844778061, 512.9573107242987, 2735.3018531422013
5577.512092113495, 1308.5824857670955, 540.1765991181011
5578.480499505997, 301.5614409045689, 1759.1890853697457
5579.251434087753, 301.5614409045689, 1759.1890853697457
5579.7620677948, 301.5614409045689, 1759.1890853697457
5580.2457728385925, 301.5614409045689, 1759.1890853697457
5580.750420808792, 301.5614409045689, 1759.1890853697457
5581.244099140167, 301.5614409045689, 1759.1890853697457
5581.750741958618, 301.5614409045689, 1759.1890853697457
5582.259381055832, 301.5614409045689, 1759.1890853697457
5583.040290117264, 3466.9405264078414, 980.6347919384568
5583.98575758934, 1952.8400474455193, 2308.422590173255
5585.021984100342, 3238.176401985275, 1930.9441071423178
5585.768983364105, 3238.176401985275, 1930.9441071423178
5586.280612945557, 3238.176401985275, 1930.9441071423178
5586.776285648346, 3238.176401985275, 1930.9441071423178
5587.532261610031, 2573.4936425273513, 313.4926357999554
5588.264301300049, 2573.4936425273513, 313.4926357999554
5588.750998735428, 2573.4936425273513, 313.4926357999554
5589.249662160873, 2573.4936425273513, 313.4926357999554
5589.744338274002, 2573.4936425273513, 313.4926357999554
5590.515273809433, 1516.9111377881034, 2157.9458280184012
5591.253297567368, 1516.9111377881034, 2157.9458280184012
5591.79883646965, 1516.9111377881034, 2157.9458280184012
5592.277556180954, 1516.9111377881034, 2157.9458280184012
5592.780210018158, 1516.9111377881034, 2157.9458280184012
5593.276880264282, 1516.9111377881034, 2157.9458280184012
5593.793495893478, 1516.9111377881034, 2157.9458280184012
5594.266231775284, 1516.9111377881034, 2157.9458280184012
5594.99827003479, 2947.2889170737067, 2720.4531737999955
5595.754245758057, 2947.2889170737067, 2720.4531737999955
5596.2509162425995, 2947.2889170737067, 2720.4531737999955
5596.7625477313995, 2947.2889170737067, 2720.4531737999955
5597.251237869263, 2947.2889170737067, 2720.4531737999955
5597.769849061966, 2947.2889170737067, 2720.4531737999955
5598.256545305252, 2947.2889170737067, 2720.4531737999955
5599.013518571854, 2659.9641920865724, 1429.9250499937093
5599.763510465622, 2659.9641920865724, 1429.9250499937093
5600.269156694412, 2659.9641920865724, 1429.9250499937093
5601.000198602676, 2746.3198606669275, 4958.08165942407
5601.733237028122, 2746.3198606669275, 4958.08165942407
5602.353575468063, 2746.3198606669275, 4958.08165942407
5602.852240085602, 2746.3198606669275, 4958.08165942407
5603.235215187073, 2746.3198606669275, 4958.08165942407
5603.723909139633, 2746.3198606669275, 4958.08165942407
5604.467913866043, 2166.7263868568893, -32848.72426062683
5605.268769979477, 2166.7263868568893, -32848.72426062683
5605.751479625702, 2166.7263868568893, -32848.72426062683
5606.483516454697, 3859.4030010947254, 650.6934638878209
5607.278388738632, 3859.4030010947254, 650.6934638878209
5607.764088869095, 3859.4030010947254, 650.6934638878209
5608.620794057846, 2553.060287516626, 1217.9998231345642
5609.299975633621, 2553.060287516626, 1217.9998231345642
5609.842522859573, 2553.060287516626, 1217.9998231345642
5610.292319059372, 2553.060287516626, 1217.9998231345642
5611.037322998047, 2680.6034700222717, 1038.000054770165
5611.794296264648, 2680.6034700222717, 1038.000054770165
5612.325874567032, 2680.6034700222717, 1038.000054770165
5612.783648014069, 2680.6034700222717, 1038.000054770165
5613.300263643265, 2680.6034700222717, 1038.000054770165
5613.788956165314, 2680.6034700222717, 1038.000054770165
5614.3015832901, 2680.6034700222717, 1038.000054770165
5614.819199323654, 2680.6034700222717, 1038.000054770165
5615.312875032425, 2680.6034700222717, 1038.000054770165
5615.809545278549, 2680.6034700222717, 1038.000054770165
5616.324168682098, 2680.6034700222717, 1038.000054770165
5616.794907331467, 2680.6034700222717, 1038.000054770165
5617.304542541504, 2680.6034700222717, 1038.000054770165
5617.804206132889, 2680.6034700222717, 1038.000054770165
5618.260981082916, 2680.6034700222717, 1038.000054770165
5618.821480035782, 2680.6034700222717, 1038.000054770165
5619.312166452408, 2680.6034700222717, 1038.000054770165
5619.8168160915375, 2680.6034700222717, 1038.000054770165
5620.306505203247, 2680.6034700222717, 1038.000054770165
5620.847057104111, 2680.6034700222717, 1038.000054770165
5621.287876605988, 2680.6034700222717, 1038.000054770165
5621.815464258194, 2680.6034700222717, 1038.000054770165
5622.364994287491, 2680.6034700222717, 1038.000054770165
5622.786863565445, 2680.6034700222717, 1038.000054770165
5623.292509317398, 2680.6034700222717, 1038.000054770165
5623.803142547607, 2680.6034700222717, 1038.000054770165
5624.427474021912, 2743.14899132855, 1508.2443507930197
5624.749608516693, 2743.14899132855, 1508.2443507930197
5625.247275590897, 2743.14899132855, 1508.2443507930197
5626.100989341736, 166.30645920244822, 2748.0540059762775
5626.8430025577545, 166.30645920244822, 2748.0540059762775
5627.327706575394, 166.30645920244822, 2748.0540059762775
5627.837340354919, 166.30645920244822, 2748.0540059762775
5628.3449811935425, 166.30645920244822, 2748.0540059762775
5628.825694561005, 166.30645920244822, 2748.0540059762775
5629.333336114883, 166.30645920244822, 2748.0540059762775
5629.8589289188385, 166.30645920244822, 2748.0540059762775
5630.342633724213, 166.30645920244822, 2748.0540059762775
5630.812376022339, 166.30645920244822, 2748.0540059762775
5631.327994823456, 166.30645920244822, 2748.0540059762775
5631.830649137497, 166.30645920244822, 2748.0540059762775
5632.332305669785, 166.30645920244822, 2748.0540059762775
5632.793073415756, 166.30645920244822, 2748.0540059762775
5633.334622144699, 166.30645920244822, 2748.0540059762775
5633.842264652252, 166.30645920244822, 2748.0540059762775
5634.341925382614, 166.30645920244822, 2748.0540059762775
5634.8126657009125, 166.30645920244822, 2748.0540059762775
5635.743173837662, 978.9423996346371, 430.77155880348
5636.559987068176, 978.9423996346371, 430.77155880348
5637.543354511261, 978.9423996346371, 430.77155880348
5638.534700155258, 766.5570416788684, 852.4457671709279
5639.536018610001, 1966.8790383034468, 516.5527556909387
5640.259082794189, 1966.8790383034468, 516.5527556909387
5640.755752801895, 1966.8790383034468, 516.5527556909387
5641.254418134689, 1966.8790383034468, 516.5527556909387
5641.754079580307, 1966.8790383034468, 516.5527556909387
5642.269699573517, 1966.8790383034468, 516.5527556909387
5642.999744415283, 17054.64984480279, 526.140893157477
5643.75372672081, 17054.64984480279, 526.140893157477
5644.2474048137665, 17054.64984480279, 526.140893157477
5644.760031461716, 17054.64984480279, 526.140893157477
5645.235757827759, 17054.64984480279, 526.140893157477
5645.730433702469, 17054.64984480279, 526.140893157477
5646.265998840332, 17054.64984480279, 526.140893157477
5646.74671292305, 17054.64984480279, 526.140893157477
5647.252359390259, 17054.64984480279, 526.140893157477
5647.7460379600525, 17054.64984480279, 526.140893157477
5648.277612924576, 17054.64984480279, 526.140893157477
5648.745362043381, 17054.64984480279, 526.140893157477
5649.696814060211, 2301.9135182227196, 2373.9811583648
5650.4737339019775, 2301.9135182227196, 2373.9811583648
5651.489014863968, 2301.9135182227196, 2373.9811583648
5652.485347747803, 988.3853855556758, 2238.0228964697044
5653.25927567482, 988.3853855556758, 2238.0228964697044
5653.780878782272, 988.3853855556758, 2238.0228964697044
5654.552812337875, 3906.6436425333563, 1493.8264585434008
5655.711709737778, 2344.499999999944, 2030.561167484486
5656.391889333725, 2344.499999999944, 2030.561167484486
5656.942415237427, 2344.499999999944, 2030.561167484486
5657.377250432968, 2344.499999999944, 2030.561167484486
5658.080367088318, 2986.9644042194036, 1495.0805269581529
5658.793457984924, 2986.9644042194036, 1495.0805269581529
5659.2661921978, 2986.9644042194036, 1495.0805269581529
5659.76386141777, 2986.9644042194036, 1495.0805269581529
5660.277485370636, 2986.9644042194036, 1495.0805269581529
5660.786123037338, 2986.9644042194036, 1495.0805269581529
5661.265838861465, 2986.9644042194036, 1495.0805269581529
5661.746551036835, 2986.9644042194036, 1495.0805269581529
5662.280122756958, 2986.9644042194036, 1495.0805269581529
5662.779785633087, 2986.9644042194036, 1495.0805269581529
5663.280444145203, 2986.9644042194036, 1495.0805269581529
5663.772128820419, 2986.9644042194036, 1495.0805269581529
5664.282760381699, 2986.9644042194036, 1495.0805269581529
5664.783420801163, 2986.9644042194036, 1495.0805269581529
5665.2820863723755, 2986.9644042194036, 1495.0805269581529
5665.814660072327, 2986.9644042194036, 1495.0805269581529
5666.301356077194, 2986.9644042194036, 1495.0805269581529
5666.78506231308, 2986.9644042194036, 1495.0805269581529
5667.290708065033, 2986.9644042194036, 1495.0805269581529
5667.794358730316, 2986.9644042194036, 1495.0805269581529
5668.310975313187, 2986.9644042194036, 1495.0805269581529
5668.781715869904, 2986.9644042194036, 1495.0805269581529
5669.27040719986, 2986.9644042194036, 1495.0805269581529
5670.076249361038, 704.7458672763046, 1323.3740904971594
5670.811281442642, 704.7458672763046, 1323.3740904971594
5671.311941146851, 704.7458672763046, 1323.3740904971594
5671.808611392975, 704.7458672763046, 1323.3740904971594
5672.320241451263, 704.7458672763046, 1323.3740904971594
5672.810927391052, 704.7458672763046, 1323.3740904971594
5673.302611112595, 704.7458672763046, 1323.3740904971594
5674.17627286911, 3244.451771075476, 4417.084109437572
5674.900332450867, 3244.451771075476, 4417.084109437572
5675.380049467087, 3244.451771075476, 4417.084109437572
5676.023327589035, 2150.417021349469, 2644.78904903839
5676.742401123047, 2150.417021349469, 2644.78904903839
5677.229098558426, 2150.417021349469, 2644.78904903839
5677.732749700546, 2150.417021349469, 2644.78904903839
5678.530613899231, 2538.727594231158, -610.6506946495905
5679.26664185524, 2538.727594231158, -610.6506946495905
5679.775280952454, 2538.727594231158, -610.6506946495905
5680.494355916977, 418.761302232077, 2776.086988223882
5681.2632966041565, 418.761302232077, 2776.086988223882
5681.787891626358, 418.761302232077, 2776.086988223882
5682.740342617035, 255.01251385098652, 1294.8085619665603
5683.513272285461, 255.01251385098652, 1294.8085619665603
5684.535535573959, 3358.829632833833, 1750.3282885070792
5685.253612756729, 3358.829632833833, 1750.3282885070792
5685.777210950851, 3358.829632833833, 1750.3282885070792
5686.25293803215, 3358.829632833833, 1750.3282885070792
5686.758583784103, 3358.829632833833, 1750.3282885070792
5687.263232707977, 3358.829632833833, 1750.3282885070792
5687.768878221512, 3358.829632833833, 1750.3282885070792
5688.264550924301, 3358.829632833833, 1750.3282885070792
5688.777180194855, 3358.829632833833, 1750.3282885070792
5689.268862247467, 3358.829632833833, 1750.3282885070792
5689.748578071594, 3358.829632833833, 1750.3282885070792
5690.306085586548, 3358.829632833833, 1750.3282885070792
5690.762863397598, 3358.829632833833, 1750.3282885070792
5691.265516996384, 3358.829632833833, 1750.3282885070792
5691.752214431763, 3358.829632833833, 1750.3282885070792
5692.2478857040405, 3358.829632833833, 1750.3282885070792
5692.749543905258, 3358.829632833833, 1750.3282885070792
5693.268154621124, 3358.829632833833, 1750.3282885070792
5693.757843732834, 3358.829632833833, 1750.3282885070792
5694.263489723206, 3358.829632833833, 1750.3282885070792
5694.984559059143, 2934.0754363358087, 1231.8757823723122
5695.763473510742, 2934.0754363358087, 1231.8757823723122
5696.25415968895, 2934.0754363358087, 1231.8757823723122
5696.760803222656, 2934.0754363358087, 1231.8757823723122
5697.260465145111, 2934.0754363358087, 1231.8757823723122
5697.752149581909, 2934.0754363358087, 1231.8757823723122
5698.259789228439, 2934.0754363358087, 1231.8757823723122
5698.759452342987, 2934.0754363358087, 1231.8757823723122
5699.556319475174, 3583.17564723106, 2289.9490967650086
5707.0532467365265, 3819.994424505239, -1467.1739478432776
5709.095776796341, 2075.371371737448, 1546.5195433465492
5709.832804441452, 2075.371371737448, 1546.5195433465492
5710.325485706329, 2075.371371737448, 1546.5195433465492
5710.81417632103, 2075.371371737448, 1546.5195433465492
5711.60406088829, 225.970163772673, 2203.873611698828
5712.37100815773, 225.970163772673, 2203.873611698828
5712.865684270859, 225.970163772673, 2203.873611698828
5713.358365058899, 225.970163772673, 2203.873611698828
5713.845061302185, 225.970163772673, 2203.873611698828
5714.376639127731, 225.970163772673, 2203.873611698828
5714.856354236603, 225.970163772673, 2203.873611698828
5715.490656137466, 3390.3686200575858, 1141.0101053272797
5716.224690198898, 3390.3686200575858, 1141.0101053272797
5716.7363204956055, 3390.3686200575858, 1141.0101053272797
5717.529198169708, 3459.253696622417, 30811.855621484738
5718.233311891556, 3459.253696622417, 30811.855621484738
5718.739955425262, 3459.253696622417, 30811.855621484738
5719.2515869140625, 3459.253696622417, 30811.855621484738
5719.745263338089, 3459.253696622417, 30811.855621484738
5720.254900455475, 3459.253696622417, 30811.855621484738
5720.968987464905, 973.3224714464051, 1560.7821097300534
5721.750893831253, 973.3224714464051, 1560.7821097300534
5722.258534908295, 973.3224714464051, 1560.7821097300534
5722.734261035919, 973.3224714464051, 1560.7821097300534
5723.519160270691, 466.89899683209643, 2424.200053974172
5726.46626830101, 978.4397943793844, 877.5544715511677
5727.230223655701, 978.4397943793844, 877.5544715511677
5727.727890729904, 978.4397943793844, 877.5544715511677
5728.241515874863, 978.4397943793844, 877.5544715511677
5728.757136106491, 978.4397943793844, 877.5544715511677
5730.626130580902, 3007.3652238747586, 1212.1177105651914
5731.343210935593, 3007.3652238747586, 1212.1177105651914
5731.857833147049, 3007.3652238747586, 1212.1177105651914
5732.3515112400055, 3007.3652238747586, 1212.1177105651914
5732.880096912384, 3007.3652238747586, 1212.1177105651914
5733.366793394089, 3007.3652238747586, 1212.1177105651914
5734.0310163497925, 2175.879350847065, 1472.199614072373
5734.739118337631, 2175.879350847065, 1472.199614072373
5735.2647116184235, 2175.879350847065, 1472.199614072373
5735.995754480362, 6595.127166726902, 1311.011953103627
5736.727795124054, 6595.127166726902, 1311.011953103627
5737.249397993088, 6595.127166726902, 1311.011953103627
5737.754045963287, 6595.127166726902, 1311.011953103627
5738.266674757004, 6595.127166726902, 1311.011953103627
5738.765339374542, 6595.127166726902, 1311.011953103627
5739.254030942917, 6595.127166726902, 1311.011953103627
5739.757682085037, 6595.127166726902, 1311.011953103627
5740.49071931839, 1872.2169365341445, 1551.4296060587967
5741.489046573639, 2365.5963900092693, 2485.8225564576137
5742.266963481903, 2365.5963900092693, 2485.8225564576137
5742.759644985199, 2365.5963900092693, 2485.8225564576137
5743.256315231323, 2365.5963900092693, 2485.8225564576137
5743.76694726944, 2365.5963900092693, 2485.8225564576137
5744.214748382568, 2365.5963900092693, 2485.8225564576137
5744.7553017139435, 2365.5963900092693, 2485.8225564576137
5745.5312242507935, 169.6382604831465, 2815.240248023963
5746.252292871475, 169.6382604831465, 2815.240248023963
5746.773896217346, 169.6382604831465, 2815.240248023963
5747.26757478714, 169.6382604831465, 2815.240248023963
5748.049481630325, 2909.100616182268, 2423.6018086131508
5749.063765048981, 1906.3231681068455, 405.42185316444824
5749.829715251923, 1906.3231681068455, 405.42185316444824
5750.31142783165, 1906.3231681068455, 405.42185316444824
5750.8190660476685, 1906.3231681068455, 405.42185316444824
5751.314739704132, 1906.3231681068455, 405.42185316444824
5751.796449184418, 1906.3231681068455, 405.42185316444824
5752.296110868454, 1906.3231681068455, 405.42185316444824
5752.7678480148315, 1906.3231681068455, 405.42185316444824
5753.2984273433685, 1906.3231681068455, 405.42185316444824
5754.052409172058, 2140.385977050417, 2895.918690397526
5754.7285985946655, 2140.385977050417, 2895.918690397526
5755.247210741043, 2140.385977050417, 2895.918690397526
5755.736898899078, 2140.385977050417, 2895.918690397526
5756.554709196091, 3828.5585764772045, 23.002090678566496
5757.479233264923, 1752.1381385068344, 1485.5926943392892
5762.732169151306, 2717.340534439654, 1105.9911163338718
5763.4632115364075, 2717.340534439654, 1105.9911163338718
5764.012741565704, 2717.340534439654, 1105.9911163338718
5765.148700714111, 807.9957485271266, 1517.628169186844
5765.994435071945, 3824.6395327593996, 106.31649142898301
5767.011712312698, 3185.0766474202096, 1472.0531041512315
5767.9691479206085, 366.5032357604474, 1747.8718371060877
5768.509700298309, 1890.1513035963471, 1407.7496340144266
5769.298588514328, 1890.1513035963471, 1407.7496340144266
5770.081491470337, 194.67884138649416, 1073.7184378896181
5771.067851305008, 483.454587490603, 1524.1366688618236
5771.769971609116, 483.454587490603, 1524.1366688618236
5772.301548480988, 483.454587490603, 1524.1366688618236
5772.793232679367, 483.454587490603, 1524.1366688618236
5773.319822311401, 483.454587490603, 1524.1366688618236
5773.796545267105, 483.454587490603, 1524.1366688618236
5774.5355677604675, 686.5383022175915, 1368.8289095894963
5775.4730570316315, 1675.8383466802932, 1210.8302920679778
5776.242996931076, 1675.8383466802932, 1210.8302920679778
5776.735675811768, 1675.8383466802932, 1210.8302920679778
5777.219381809235, 1675.8383466802932, 1210.8302920679778
5777.756941318512, 1675.8383466802932, 1210.8302920679778
5778.241643667221, 1675.8383466802932, 1210.8302920679778
5778.759258747101, 1675.8383466802932, 1210.8302920679778
5779.227007389069, 1675.8383466802932, 1210.8302920679778
5779.745617389679, 1675.8383466802932, 1210.8302920679778
5780.247274398804, 1675.8383466802932, 1210.8302920679778
5780.73895740509, 1675.8383466802932, 1210.8302920679778
5781.235627651215, 1675.8383466802932, 1210.8302920679778
5781.73828125, 1675.8383466802932, 1210.8302920679778
5782.515202283859, 1574.9972947905942, 832.4634677460622
5783.26619052887, 1574.9972947905942, 832.4634677460622
5783.769842624664, 1574.9972947905942, 832.4634677460622
5784.253548383713, 1574.9972947905942, 832.4634677460622
5784.968632698059, 937.8942631452144, 1307.3025604759405
5785.2628445625305, 937.8942631452144, 1307.3025604759405
5786.002863407135, 631.2824376178343, 2853.6352905669005
5787.121867418289, 3548.540890997879, 1118.8325468618223
5787.887816667557, 3548.540890997879, 1118.8325468618223
5788.388476610184, 3548.540890997879, 1118.8325468618223
5788.838272571564, 3548.540890997879, 1118.8325468618223
5789.406750202179, 3548.540890997879, 1118.8325468618223
5789.861533403397, 3548.540890997879, 1118.8325468618223
5790.388122081757, 3548.540890997879, 1118.8325468618223
5790.899752616882, 3548.540890997879, 1118.8325468618223
5791.395426750183, 3548.540890997879, 1118.8325468618223
5791.882122993469, 3548.540890997879, 1118.8325468618223
5792.393752574921, 3548.540890997879, 1118.8325468618223
5792.876461029053, 3548.540890997879, 1118.8325468618223
5793.563620090485, 500.21898192336783, 1051.8201038270706
5794.315606594086, 500.21898192336783, 1051.8201038270706
5794.811279773712, 500.21898192336783, 1051.8201038270706
5795.543320894241, 2257.430254269809, 2063.1342851152717
5796.557604074478, 200.5211274824411, 534.8407024490908
5797.266706705093, 200.5211274824411, 534.8407024490908
5797.803269147873, 200.5211274824411, 534.8407024490908
5798.297944784164, 200.5211274824411, 534.8407024490908
5798.786636590958, 200.5211274824411, 534.8407024490908
5799.298267126083, 200.5211274824411, 534.8407024490908
5799.785960197449, 200.5211274824411, 534.8407024490908
5800.276647090912, 200.5211274824411, 534.8407024490908
5805.52160358429, 2948.4885488941823, 2854.7676494379416
5806.308496952057, 2948.4885488941823, 2854.7676494379416
5806.790209054947, 2948.4885488941823, 2854.7676494379416
5807.325773715973, 2948.4885488941823, 2854.7676494379416
5807.808481216431, 2948.4885488941823, 2854.7676494379416
5808.596372127533, 3138.512422454057, 705.1082171202033
5809.335392951965, 3138.512422454057, 705.1082171202033
5810.050479650497, 3886.199293246639, -3864.1547222064078
5811.0059196949005, 564.574466059279, 1519.7257340731267
5811.767879486084, 564.574466059279, 1519.7257340731267
5812.266544103622, 564.574466059279, 1519.7257340731267
5812.785155534744, 564.574466059279, 1519.7257340731267
5813.289805650711, 564.574466059279, 1519.7257340731267
5813.789467334747, 564.574466059279, 1519.7257340731267
5814.323039293289, 564.574466059279, 1519.7257340731267
5814.822700738907, 564.574466059279, 1519.7257340731267
5815.301419019699, 564.574466059279, 1519.7257340731267
5815.786121606827, 564.574466059279, 1519.7257340731267
5816.294760227203, 564.574466059279, 1519.7257340731267
5816.795419216156, 564.574466059279, 1519.7257340731267
5817.279125452042, 564.574466059279, 1519.7257340731267
5818.089952468872, 638.1266834611682, 2676.659011602017
5818.823988199234, 638.1266834611682, 2676.659011602017
5819.4961886405945, 1713.2886127254867, 345.9633660732566
5820.263134241104, 1713.2886127254867, 345.9633660732566
5820.7438497543335, 1713.2886127254867, 345.9633660732566
5821.251487970352, 1713.2886127254867, 345.9633660732566
5821.745167016983, 1713.2886127254867, 345.9633660732566
5822.25081205368, 1713.2886127254867, 345.9633660732566
5822.741500377655, 1713.2886127254867, 345.9633660732566
5823.481518030167, 10130.0111832599, 1073.9666158390826
5824.474857807159, 1247.768131905038, 1696.6180764374556
5825.610816240311, 1359.1843252717056, 1685.7013804424605
5827.50474524498, 38269.78367119187, 505.3283017112165
5828.234790802002, 38269.78367119187, 505.3283017112165
5828.742431402206, 38269.78367119187, 505.3283017112165
5829.261043071747, 38269.78367119187, 505.3283017112165
5829.766689538956, 38269.78367119187, 505.3283017112165
5830.241418838501, 38269.78367119187, 505.3283017112165
5830.743074893951, 38269.78367119187, 505.3283017112165
5831.298588514328, 38269.78367119187, 505.3283017112165
5831.756362199783, 38269.78367119187, 505.3283017112165
5832.251039028168, 38269.78367119187, 505.3283017112165
5832.750700712204, 38269.78367119187, 505.3283017112165
5833.497699737549, 2041.9738829334394, 861.3821105255887
5834.27362203598, 2041.9738829334394, 861.3821105255887
5834.751343250275, 2041.9738829334394, 861.3821105255887
5835.2490112781525, 2041.9738829334394, 861.3821105255887
5835.753659486771, 2041.9738829334394, 861.3821105255887
5836.260302305222, 2041.9738829334394, 861.3821105255887
5836.996335744858, 2583.113866149388, 1755.4244338217188
5837.751310586929, 2583.113866149388, 1755.4244338217188
5838.259949207306, 2583.113866149388, 1755.4244338217188
5838.728694200516, 2583.113866149388, 1755.4244338217188
5839.204419851303, 2583.113866149388, 1755.4244338217188
5839.752952814102, 2583.113866149388, 1755.4244338217188
5840.2595953941345, 2583.113866149388, 1755.4244338217188
5840.745295286179, 2583.113866149388, 1755.4244338217188
5841.244957685471, 2583.113866149388, 1755.4244338217188
5841.746613502502, 2583.113866149388, 1755.4244338217188
5842.624264001846, 3363.142066522277, -3943.657866035454
5843.432100534439, 1585.32954420932, 1768.7473034746656
5844.60396361351, 2021.8313226404641, -1123.061590376188
5845.521506547928, 2195.62554251486, 221.81012394573332
5846.551748514175, 3067.3683895052995, 1219.9447366986178
5847.272817373276, 3067.3683895052995, 1219.9447366986178
5847.791429281235, 3067.3683895052995, 1219.9447366986178
5848.278126001358, 3067.3683895052995, 1219.9447366986178
5848.78875875473, 3067.3683895052995, 1219.9447366986178
5849.285430431366, 3067.3683895052995, 1219.9447366986178
5850.036418199539, -29712.95619621567, 921.6024550089468
5850.990862607956, 594.7694451440102, 807.0324657798126
5851.773766279221, 594.7694451440102, 807.0324657798126
5852.282405376434, 594.7694451440102, 807.0324657798126
5853.192966938019, 3129.996562087213, 1765.1654916573038
5853.925006866455, 3129.996562087213, 1765.1654916573038
5854.441624403, 3129.996562087213, 1765.1654916573038
5854.916353464127, 3129.996562087213, 1765.1654916573038
5855.449924230576, 1728.6813991101965, 1574.2012539945897
5855.713220834732, 1728.6813991101965, 1574.2012539945897
5856.481162548065, 2591.339025872566, 738.5266361903613
5857.465528011322, 1763.41733925764, 1522.6452169213158
5858.031014442444, 768.1060949308497, 1545.2189799539758
5858.788984298706, 768.1060949308497, 1545.2189799539758
5859.235787391663, 768.1060949308497, 1545.2189799539758
5859.789306163788, 768.1060949308497, 1545.2189799539758
5860.296945810318, 768.1060949308497, 1545.2189799539758
5860.795611619949, 768.1060949308497, 1545.2189799539758
5861.285301446915, 768.1060949308497, 1545.2189799539758
5861.784961700439, 768.1060949308497, 1545.2189799539758
5862.277643918991, 768.1060949308497, 1545.2189799539758
5862.998713731766, 3149.4002407486937, 246.23545377491618
5863.7846093177795, 3149.4002407486937, 246.23545377491618
5864.269310712814, 3149.4002407486937, 246.23545377491618
5864.772962331772, 3149.4002407486937, 246.23545377491618
5865.259658813477, 3149.4002407486937, 246.23545377491618
5866.014637708664, 2633.1818898857887, 524.6478389176293
5866.752661943436, 2633.1818898857887, 524.6478389176293
5867.522600889206, 2017.2029602432963, 968.5642202071629
5868.532896280289, 984.103183948109, 1980.0033573540682
5869.2988448143005, 984.103183948109, 1980.0033573540682
5869.79651260376, 984.103183948109, 1980.0033573540682
5870.287198543549, 984.103183948109, 1980.0033573540682
5870.786860466003, 984.103183948109, 1980.0033573540682
5871.522889614105, 3227.986267275909, 682.4555281152981
5872.295821905136, 3227.986267275909, 682.4555281152981
5872.772544145584, 3227.986267275909, 682.4555281152981
5873.284173488617, 3227.986267275909, 682.4555281152981
5873.786828517914, 3227.986267275909, 682.4555281152981
5874.512884616852, 2325.5233967513723, 2602.798806881387
5875.749572992325, 1368.0064822831953, 818.9750627550119
5876.436733722687, 1368.0064822831953, 818.9750627550119
5877.092976331711, 2239.4296935274037, 2950.974762688975
5877.866903781891, 2239.4296935274037, 2950.974762688975
5878.381528377533, 2239.4296935274037, 2950.974762688975
5879.006854534149, 636.653978626658, 1247.5327882837814
5879.783772945404, 636.653978626658, 1247.5327882837814
5880.266479253769, 636.653978626658, 1247.5327882837814
5880.763148784637, 636.653978626658, 1247.5327882837814
5881.256828546524, 636.653978626658, 1247.5327882837814
5881.780426025391, 636.653978626658, 1247.5327882837814
5882.288067340851, 636.653978626658, 1247.5327882837814
5882.764790773392, 636.653978626658, 1247.5327882837814
5883.489849805832, 2159.5769766326675, 1379.6272427030647
5884.257792711258, 2159.5769766326675, 1379.6272427030647
5884.723546028137, 2159.5769766326675, 1379.6272427030647
5885.269085645676, 2159.5769766326675, 1379.6272427030647
5885.754785299301, 2159.5769766326675, 1379.6272427030647
5886.269406557083, 2159.5769766326675, 1379.6272427030647
5886.75510597229, 2159.5769766326675, 1379.6272427030647
5887.251777172089, 2159.5769766326675, 1379.6272427030647
5887.737477779388, 2159.5769766326675, 1379.6272427030647
5888.506418228149, 3636.664103178212, 1852.5912992910992
5889.263391017914, 3636.664103178212, 1852.5912992910992
5889.781004667282, 3636.664103178212, 1852.5912992910992
5890.272689819336, 3636.664103178212, 1852.5912992910992
5891.014703035355, 522.3173605440022, 2195.296693013392
5891.80757856369, 522.3173605440022, 2195.296693013392
5892.284302473068, 522.3173605440022, 2195.296693013392
5892.767009735107, 522.3173605440022, 2195.296693013392
5893.534954547882, 3868.8482387587455, 1012.1928501577729
5894.523308515549, 3556.9497016716136, 2870.6206090734954
5895.24338054657, 3556.9497016716136, 2870.6206090734954
5895.757004976273, 3556.9497016716136, 2870.6206090734954
5896.260655879974, 3556.9497016716136, 2870.6206090734954
5897.010650396347, 2467.1070992672476, 183.2281923701726
5897.772608041763, 2467.1070992672476, 183.2281923701726
5898.278256177902, 2467.1070992672476, 183.2281923701726
5898.7799117565155, 2467.1070992672476, 183.2281923701726
5899.270597219467, 2467.1070992672476, 183.2281923701726
5900.01261138916, 262.1441748907389, 1097.9441452461713
5900.774570941925, 262.1441748907389, 1097.9441452461713
5901.283208608627, 262.1441748907389, 1097.9441452461713
5901.765917062759, 262.1441748907389, 1097.9441452461713
5902.276549577713, 262.1441748907389, 1097.9441452461713
5902.781198263168, 262.1441748907389, 1097.9441452461713
5903.2858464717865, 262.1441748907389, 1097.9441452461713
5903.7805235385895, 262.1441748907389, 1097.9441452461713
5904.504583358765, 2232.985569932922, 2545.49874071327
5905.573721170425, 1891.9819091644558, 286.51493912410405
5906.5800268650055, 3288.4267277113513, 2138.0168350092513
5907.327027082443, 3288.4267277113513, 2138.0168350092513
5907.859600782394, 3288.4267277113513, 2138.0168350092513
5908.340314626694, 3288.4267277113513, 2138.0168350092513
5908.8449630737305, 3288.4267277113513, 2138.0168350092513
5909.339637756348, 3288.4267277113513, 2138.0168350092513
5909.846281528473, 3288.4267277113513, 2138.0168350092513
5910.347938299179, 3288.4267277113513, 2138.0168350092513
5910.844609975815, 3288.4267277113513, 2138.0168350092513
5911.346265792847, 3288.4267277113513, 2138.0168350092513
5911.833959579468, 3288.4267277113513, 2138.0168350092513
5912.343595504761, 3288.4267277113513, 2138.0168350092513
5914.069973707199, 3002.5726298660543, 2826.372123546168
5914.789048194885, 3002.5726298660543, 2826.372123546168
5915.302672624588, 3002.5726298660543, 2826.372123546168
5915.803331851959, 3002.5726298660543, 2826.372123546168
5916.519414663315, 2803.6298357510345, 1462.5080592908123
5917.55264878273, 1684.8359034050352, 1572.7051079622788
5918.536015033722, 2148.4026195457313, 18986.20741753164
5919.254092216492, 2148.4026195457313, 18986.20741753164
5919.770710706711, 2148.4026195457313, 18986.20741753164
5920.500755786896, 433.64202027648844, 1462.4619060873201
5921.566900014877, 1340.5272982789284, 1494.4067294054082
5922.2829830646515, 1340.5272982789284, 1494.4067294054082
5922.7906229496, 1340.5272982789284, 1494.4067294054082
5923.292281150818, 1340.5272982789284, 1494.4067294054082
5923.790945291519, 1340.5272982789284, 1494.4067294054082
5924.586813926697, 892.5546713741927, 1700.069107910018
5925.336807966232, 892.5546713741927, 1700.069107910018
5926.016985177994, 3629.0371169485616, 2351.669103455885
5926.770967960358, 3629.0371169485616, 2351.669103455885
5927.2815997600555, 3629.0371169485616, 2351.669103455885
5928.042560577393, 3694.7610412254135, 946.8299706117467
5928.788563013077, 3694.7610412254135, 946.8299706117467
5929.271271944046, 3694.7610412254135, 946.8299706117467
5929.765946388245, 3694.7610412254135, 946.8299706117467
5930.276579380035, 3694.7610412254135, 946.8299706117467
5930.797184944153, 3694.7610412254135, 946.8299706117467
5931.275903463364, 3694.7610412254135, 946.8299706117467
5932.054817199707, 2156.2274749827325, 1658.702508124697
5932.968371629715, 1344.8420939272862, 2119.6680030955818
5934.050473213196, 3249.279741018057, -84.32473225605388
5934.771542787552, 3249.279741018057, -84.32473225605388
5935.271205186844, 3249.279741018057, -84.32473225605388
5936.005239725113, 242.49999999998997, 1301.3197218404462
5936.768196582794, 242.49999999998997, 1301.3197218404462
5937.294787168503, 242.49999999998997, 1301.3197218404462
5937.766523361206, 242.49999999998997, 1301.3197218404462
5938.469640493393, 3286.4200859952143, 1599.7363807140973
5938.77282834053, 3286.4200859952143, 1599.7363807140973
5939.254539728165, 3286.4200859952143, 1599.7363807140973
5939.740239858627, 3286.4200859952143, 1599.7363807140973
5940.230924844742, 3286.4200859952143, 1599.7363807140973
5940.733578681946, 3286.4200859952143, 1599.7363807140973
5941.224265575409, 3286.4200859952143, 1599.7363807140973
5941.742877244949, 3286.4200859952143, 1599.7363807140973
5942.237551689148, 3286.4200859952143, 1599.7363807140973
5943.049378871918, 1126.8686616701616, 292.917729476295
5944.0676527023315, 2071.716648893737, 1843.386667455199
5944.786725282669, 2071.716648893737, 1843.386667455199
5945.286388158798, 2071.716648893737, 1843.386667455199
5945.788044214249, 2071.716648893737, 1843.386667455199
5946.294688463211, 2071.716648893737, 1843.386667455199
5946.790360212326, 2071.716648893737, 1843.386667455199
5947.299996376038, 2071.716648893737, 1843.386667455199
5947.78968501091, 2071.716648893737, 1843.386667455199
5948.2694001197815, 2071.716648893737, 1843.386667455199
5948.771057367325, 2071.716648893737, 1843.386667455199
5949.271717071533, 2071.716648893737, 1843.386667455199
5949.758414030075, 2071.716648893737, 1843.386667455199
5961.996644020081, 1457.1951141562722, 31.242019318184084
5962.774561405182, 1457.1951141562722, 31.242019318184084
5963.268240213394, 1457.1951141562722, 31.242019318184084
5963.778871536255, 1457.1951141562722, 31.242019318184084
5964.284519195557, 1457.1951141562722, 31.242019318184084
5964.770217418671, 1457.1951141562722, 31.242019318184084
5965.269879817963, 1457.1951141562722, 31.242019318184084
5965.7665503025055, 1457.1951141562722, 31.242019318184084
5966.269203424454, 1457.1951141562722, 31.242019318184084
5966.762882947922, 1457.1951141562722, 31.242019318184084
5967.25456571579, 1457.1951141562722, 31.242019318184084
5967.768190145493, 1457.1951141562722, 31.242019318184084
5968.268850326538, 1457.1951141562722, 31.242019318184084
5968.769509553909, 1457.1951141562722, 31.242019318184084
5969.272162914276, 1457.1951141562722, 31.242019318184084
5969.786784410477, 1457.1951141562722, 31.242019318184084
5970.270489692688, 1457.1951141562722, 31.242019318184084
5970.759182929993, 1457.1951141562722, 31.242019318184084
5971.250865936279, 1457.1951141562722, 31.242019318184084
5971.754516124725, 1457.1951141562722, 31.242019318184084
5972.257169723511, 1457.1951141562722, 31.242019318184084
5972.761818885803, 1457.1951141562722, 31.242019318184084
5973.2564952373505, 1457.1951141562722, 31.242019318184084
5974.020449876785, 3867.168820695863, 2516.36933166685
5974.762462377548, 3867.168820695863, 2516.36933166685
5975.254144906998, 3867.168820695863, 2516.36933166685
5975.756799936295, 3867.168820695863, 2516.36933166685
5976.251475811005, 3867.168820695863, 2516.36933166685
5976.755125999451, 3867.168820695863, 2516.36933166685
5977.264762401581, 3867.168820695863, 2516.36933166685
5977.755448102951, 3867.168820695863, 2516.36933166685
5978.523391962051, 1810.2676408387533, 1350.3099668220968
5979.256428480148, 1810.2676408387533, 1350.3099668220968
5979.767061471939, 1810.2676408387533, 1350.3099668220968
5980.287666559219, 1810.2676408387533, 1350.3099668220968
5980.769377708435, 1810.2676408387533, 1350.3099668220968
5981.2879893779755, 1810.2676408387533, 1350.3099668220968
5981.780670166016, 1810.2676408387533, 1350.3099668220968
5982.27534532547, 1810.2676408387533, 1350.3099668220968
5982.772015333176, 1810.2676408387533, 1350.3099668220968
5983.267687559128, 1810.2676408387533, 1350.3099668220968
5983.789292097092, 1810.2676408387533, 1350.3099668220968
5984.628045797348, 2216.635484494914, 2529.987417894838
5985.354101419449, 2216.635484494914, 2529.987417894838
5985.86473441124, 2216.635484494914, 2529.987417894838
5986.368386030197, 2216.635484494914, 2529.987417894838
5986.85508275032, 2216.635484494914, 2529.987417894838
5987.357735872269, 2216.635484494914, 2529.987417894838
5987.870363473892, 2216.635484494914, 2529.987417894838
5988.346091508865, 2216.635484494914, 2529.987417894838
5988.850738525391, 2216.635484494914, 2529.987417894838
5989.350400209427, 2216.635484494914, 2529.987417894838
5990.0664830207825, 2770.143760911671, 1101.4498671005645
5991.0398778915405, 2791.981298582153, 299.573744967505
5992.001302957535, 1648.602829903917, 1667.9285785285638
5992.995640039444, 1304.5959444420923, 2522.30844234453
5993.737653017044, 1304.5959444420923, 2522.30844234453
5994.499613285065, 1937.7436891344453, -64818.59102963373
5995.567753314972, 2721.5405247888866, 1524.4436417730558
5996.299793958664, 2721.5405247888866, 1524.4436417730558
5996.788485050201, 2721.5405247888866, 1524.4436417730558
5997.504567861557, 3509.8781698374237, 1287.7454316114647
5998.258548259735, 3509.8781698374237, 1287.7454316114647
5998.749235868454, 3509.8781698374237, 1287.7454316114647
5999.259867191315, 3509.8781698374237, 1287.7454316114647
5999.741576910019, 3509.8781698374237, 1287.7454316114647
6000.250216007233, 3509.8781698374237, 1287.7454316114647
6000.7708213329315, 3509.8781698374237, 1287.7454316114647
6001.260510921478, 3509.8781698374237, 1287.7454316114647
6003.1245193481445, -881.186230533016, 1279.3386405801566
6003.872516155243, -881.186230533016, 1279.3386405801566
6004.357218742371, -881.186230533016, 1279.3386405801566
6005.053354024887, 1291.071907672425, 2489.169892206042
6005.768439292908, 1291.071907672425, 2489.169892206042
6009.523384571075, 2659.1448763111343, 2561.9193408544434
6010.315265893936, 2659.1448763111343, 2561.9193408544434
6010.8089435100555, 2659.1448763111343, 2561.9193408544434
6011.305612325668, 2659.1448763111343, 2561.9193408544434
6011.790316581726, 2659.1448763111343, 2561.9193408544434
6012.302942276001, 2659.1448763111343, 2561.9193408544434
6012.800610303879, 2659.1448763111343, 2561.9193408544434
6017.955806016922, 1516.3804444373513, 954.4971548813556
6018.275949716568, 1516.3804444373513, 954.4971548813556
6018.77960062027, 1516.3804444373513, 954.4971548813556
6019.265300750732, 1516.3804444373513, 954.4971548813556
6019.751996040344, 1516.3804444373513, 954.4971548813556
6020.286564350128, 1516.3804444373513, 954.4971548813556
6020.744341850281, 1516.3804444373513, 954.4971548813556
6021.265944004059, 1516.3804444373513, 954.4971548813556
6021.766602277756, 1516.3804444373513, 954.4971548813556
6022.274242639542, 1516.3804444373513, 954.4971548813556
6022.749969959259, 1516.3804444373513, 954.4971548813556
6023.263594388962, 1516.3804444373513, 954.4971548813556
6023.758269071579, 1516.3804444373513, 954.4971548813556
6024.520228862762, 1623.9948763663276, 1191.8264280955987
6025.634246826172, 236.65281248572236, 2254.4999999998936
6026.494941711426, 2722.6570620946213, 998.2027668084288
6027.2369549274445, 2722.6570620946213, 998.2027668084288
6027.739608764648, 2722.6570620946213, 998.2027668084288
6028.4736433029175, 2208.2218016847123, 2245.3169099769
6029.251560926437, 2208.2218016847123, 2245.3169099769
6029.988587617874, 2860.3809481020944, 2102.9044562747317
6030.7565305233, 2860.3809481020944, 2102.9044562747317
6031.575338840485, 2417.97978264142, 1770.881062915308
6032.347271442413, 2417.97978264142, 1770.881062915308
6032.870869636536, 2417.97978264142, 1770.881062915308
6033.359561443329, 2417.97978264142, 1770.881062915308
6033.8711903095245, 2417.97978264142, 1770.881062915308
6034.353897571564, 2417.97978264142, 1770.881062915308
6034.8705151081085, 2417.97978264142, 1770.881062915308
6035.36120057106, 2417.97978264142, 1770.881062915308
6035.855875968933, 2417.97978264142, 1770.881062915308
6036.359528064728, 2417.97978264142, 1770.881062915308
6036.873152017593, 2417.97978264142, 1770.881062915308
6037.376804113388, 2417.97978264142, 1770.881062915308
6037.855521917343, 2417.97978264142, 1770.881062915308
6038.352191448212, 2417.97978264142, 1770.881062915308
6038.996466875076, 3275.2814755559143, 419.00015082921135
6039.752442598343, 3275.2814755559143, 419.00015082921135
6040.492460727692, 1613.4472618230857, 2408.0630736795906
6041.2404589653015, 1613.4472618230857, 2408.0630736795906
6041.720174074173, 1613.4472618230857, 2408.0630736795906
6042.230806827545, 1613.4472618230857, 2408.0630736795906
6042.739444971085, 1613.4472618230857, 2408.0630736795906
6043.480461359024, 2765.094566542904, 1574.6212183317275
6044.471806049347, 2659.601298539202, 1015.7549666524474
6045.579838991165, 3300.773072967936, 572.5378528985382
6046.608085632324, 2157.225003896149, 1718.3327454569132
6047.306216478348, 2157.225003896149, 1718.3327454569132
6047.817846536636, 2157.225003896149, 1718.3327454569132
6048.311525344849, 2157.225003896149, 1718.3327454569132
6048.980733156204, 1435.922719115328, 1488.1563583636243
6049.757652521133, 1435.922719115328, 1488.1563583636243
6050.2403609752655, 1435.922719115328, 1488.1563583636243
6050.750992774963, 1435.922719115328, 1488.1563583636243
6051.239683866501, 1435.922719115328, 1488.1563583636243
6054.484993696213, 3939.2314843475556, 871.8473068750933
6055.484318494797, 2009.309952056449, 1942.0409220351526
6056.249270439148, 2009.309952056449, 1942.0409220351526
6056.745940446854, 2009.309952056449, 1942.0409220351526
6057.496930360794, 3722.2803491994755, 2245.969770049417
6058.523180961609, 1196.2933186886703, 2373.4947159851254
6062.979249715805, 3260.453814405877, -25597.753513510634
6063.828974485397, 3260.453814405877, -25597.753513510634
6064.301710605621, 3260.453814405877, -25597.753513510634
6064.967924833298, 2962.060353227974, 2312.3799735720854
6065.746839761734, 2962.060353227974, 2312.3799735720854
6066.224560022354, 2962.060353227974, 2312.3799735720854
6067.312647342682, 2053.001514643182, 1599.6657924455449
6068.0676255226135, 2053.001514643182, 1599.6657924455449
6068.950261592865, 3813.0201732994014, 468.88777434605555
6069.288356542587, 3813.0201732994014, 468.88777434605555
6069.771064281464, 3813.0201732994014, 468.88777434605555
6070.275712013245, 3813.0201732994014, 468.88777434605555
6071.0586178302765, 1878.189006661461, 554.9418843946927
6071.741786956787, 1878.189006661461, 554.9418843946927
6072.507735967636, 3642.3249859821344, 451.800381670001
6073.270692825317, 3642.3249859821344, 451.800381670001
6073.756393671036, 3642.3249859821344, 451.800381670001
6074.2660274505615, 3642.3249859821344, 451.800381670001
6074.769679546356, 3642.3249859821344, 451.800381670001
6075.275326251984, 3642.3249859821344, 451.800381670001
6075.782966852188, 3642.3249859821344, 451.800381670001
6076.279636859894, 3642.3249859821344, 451.800381670001
6076.759351730347, 3642.3249859821344, 451.800381670001
6077.559212684631, 547.6728450303702, 1629.2663834674051
6078.278285264969, 547.6728450303702, 1629.2663834674051
6078.785925865173, 547.6728450303702, 1629.2663834674051
6079.281599998474, 547.6728450303702, 1629.2663834674051
6079.78923869133, 547.6728450303702, 1629.2663834674051
6080.287905216217, 547.6728450303702, 1629.2663834674051
6080.772606134415, 547.6728450303702, 1629.2663834674051
6081.268280267715, 547.6728450303702, 1629.2663834674051
6081.777915239334, 547.6728450303702, 1629.2663834674051
6082.267603635788, 547.6728450303702, 1629.2663834674051
6083.024577379227, 3679.212192086154, 1914.4674603133176
6084.010935783386, 832.9506971789529, 452.7794120957644
6084.776883602142, 832.9506971789529, 452.7794120957644
6085.269565343857, 832.9506971789529, 452.7794120957644
6085.76025056839, 832.9506971789529, 452.7794120957644
6086.267893314362, 832.9506971789529, 452.7794120957644
6087.004918575287, 3582.0661734642367, 2089.0095211290363
6087.769869327545, 3582.0661734642367, 2089.0095211290363
6088.485951900482, 3932.853835737139, 1481.3200161138204
6089.511207342148, 3116.30317263444, 2797.0914738460688
6090.271172046661, 3116.30317263444, 2797.0914738460688
6090.805741071701, 3116.30317263444, 2797.0914738460688
6091.274485588074, 3116.30317263444, 2797.0914738460688
6091.78910779953, 3116.30317263444, 2797.0914738460688
6092.271815061569, 3116.30317263444, 2797.0914738460688
6092.764496088028, 3116.30317263444, 2797.0914738460688
6093.538423538208, 1566.3304844261136, 1571.8755607311182
6094.225584983826, 1566.3304844261136, 1571.8755607311182
6094.765138864517, 1566.3304844261136, 1571.8755607311182
6095.285745382309, 1566.3304844261136, 1571.8755607311182
6095.781418561935, 1566.3304844261136, 1571.8755607311182
6096.250162601471, 1566.3304844261136, 1571.8755607311182
6096.761793613434, 1566.3304844261136, 1571.8755607311182
6097.255470752716, 1566.3304844261136, 1571.8755607311182
6097.776077985764, 1566.3304844261136, 1571.8755607311182
6098.2597823143005, 1566.3304844261136, 1571.8755607311182
6099.185303688049, 2477.0815108016773, 2716.073885977785
6099.970201730728, 1936.350294115664, 687.510749091641
6100.784022808075, 1936.350294115664, 687.510749091641
6101.25576043129, 1936.350294115664, 687.510749091641
6101.763400793076, 1936.350294115664, 687.510749091641
6102.2740342617035, 1936.350294115664, 687.510749091641
6103.03998208046, 146.6107659619012, 2810.35667466228
6103.816901922226, 146.6107659619012, 2810.35667466228
6104.330526351929, 146.6107659619012, 2810.35667466228
6104.836172103882, 146.6107659619012, 2810.35667466228
6105.318880558014, 146.6107659619012, 2810.35667466228
6105.810563325882, 146.6107659619012, 2810.35667466228
6106.326182842255, 146.6107659619012, 2810.35667466228
6106.81387758255, 146.6107659619012, 2810.35667466228
6107.30256819725, 146.6107659619012, 2810.35667466228
6107.818187952042, 146.6107659619012, 2810.35667466228
6108.562196016312, 673.4701895388403, 1779.2078349710005
6109.254342556, 673.4701895388403, 1779.2078349710005
6109.768964290619, 673.4701895388403, 1779.2078349710005
6110.254663467407, 673.4701895388403, 1779.2078349710005
6111.203125953674, 1675.6330871610799, 2244.044919923728
6111.987025737762, 1675.6330871610799, 2244.044919923728
6113.022253036499, 170.52852704628876, 161.12998769599838
6113.775236606598, 170.52852704628876, 161.12998769599838
6114.2739017009735, 170.52852704628876, 161.12998769599838
6115.0009553432465, 1674.0209177775391, 433.1086050458229
6115.746958017349, 1674.0209177775391, 433.1086050458229
6116.521882534027, 2917.947115388206, 2578.9651409781413
6117.304786205292, 2917.947115388206, 2578.9651409781413
6117.786496400833, 2917.947115388206, 2578.9651409781413
6118.279176712036, 2917.947115388206, 2578.9651409781413
6118.761885404587, 2917.947115388206, 2578.9651409781413
6119.55974817276, 3928.814269668169, 2582.5090273865794
6120.341654539108, 3928.814269668169, 2582.5090273865794
6120.815386533737, 3928.814269668169, 2582.5090273865794
6121.336989164352, 3928.814269668169, 2582.5090273865794
6121.8406410217285, 3928.814269668169, 2582.5090273865794
6122.3273384571075, 3928.814269668169, 2582.5090273865794
6122.81503200531, 3928.814269668169, 2582.5090273865794
6123.4543199539185, -9695.456047394002, 1943.265165341682
6123.7485320568085, -9695.456047394002, 1943.265165341682
6124.528443813324, 2688.859963434432, 273.84775168292174
6125.265471935272, 2688.859963434432, 273.84775168292174
6126.303690433502, 2270.007210019899, -48.762634749715524
6127.021767377853, 2270.007210019899, -48.762634749715524
6128.050014972687, 2270.007210019899, -48.762634749715524
6129.04036283493, 2270.007210019899, -48.762634749715524
6129.99879693985, 3482.9021526713536, 937.8118184912458
6131.023053646088, 1116.4248428699814, 1403.723451023855
6132.35947561264, 3988.926977164775, 1587.9990894343173
6133.098495960236, 3988.926977164775, 1587.9990894343173
6134.00407242775, 3988.926977164775, 1587.9990894343173
6135.088169813156, 3988.926977164775, 1587.9990894343173
6136.0126938819885, 3988.926977164775, 1587.9990894343173
6137.0399425029755, 3988.926977164775, 1587.9990894343173
6138.00635433197, 3988.926977164775, 1587.9990894343173
6139.072500228882, 3988.926977164775, 1587.9990894343173
6140.045895576477, 3988.926977164775, 1587.9990894343173
6141.069154262543, 3988.926977164775, 1587.9990894343173
6142.114357709885, 3988.926977164775, 1587.9990894343173
6143.088746786118, 3988.926977164775, 1587.9990894343173
6144.111010313034, 3988.926977164775, 1587.9990894343173
6145.115319728851, 3988.926977164775, 1587.9990894343173
6146.097690105438, 3988.926977164775, 1587.9990894343173
6147.090032577515, 3988.926977164775, 1587.9990894343173
6148.033505439758, 2141.604099973441, 1538.9775945197332
6148.990942239761, 2546.850447762013, 2599.9212660966623
6150.130889892578, 3749.0005096301174, 1191.4016307516015
6151.090321063995, -1238.2771394703293, 1616.3954539760077
6151.795433759689, -1238.2771394703293, 1616.3954539760077
6152.326012372971, -1238.2771394703293, 1616.3954539760077
6152.829664468765, -1238.2771394703293, 1616.3954539760077
6153.331320285797, -1238.2771394703293, 1616.3954539760077
6153.8200125694275, -1238.2771394703293, 1616.3954539760077
6154.346601724625, -1238.2771394703293, 1616.3954539760077
6154.831305503845, -1238.2771394703293, 1616.3954539760077
6155.3269765377045, -1238.2771394703293, 1616.3954539760077
6155.849577903748, -1238.2771394703293, 1616.3954539760077
6156.327299118042, -1238.2771394703293, 1616.3954539760077
6157.582936286926, 2622.1899421959083, 1408.710863401548
6158.266106367111, 2622.1899421959083, 1408.710863401548
6158.83159327507, 2622.1899421959083, 1408.710863401548
6159.333249568939, 2622.1899421959083, 1408.710863401548
6159.839892864227, 2622.1899421959083, 1408.710863401548
6160.311630249023, 2622.1899421959083, 1408.710863401548
6160.830242395401, 2622.1899421959083, 1408.710863401548
6161.311952352524, 2622.1899421959083, 1408.710863401548
6161.841532945633, 2622.1899421959083, 1408.710863401548
6162.315264701843, 2622.1899421959083, 1408.710863401548
6165.029996871948, 2899.5418857816558, 216.76147809153352
6165.840824604034, 2899.5418857816558, 216.76147809153352
6166.3514585494995, 2899.5418857816558, 216.76147809153352
6166.833167552948, 2899.5418857816558, 216.76147809153352
6167.33282995224, 2899.5418857816558, 216.76147809153352
6168.083818435669, 2045.4964100639304, 1324.7253216750553
6168.777960777283, 2045.4964100639304, 1324.7253216750553
6169.297569274902, 2045.4964100639304, 1324.7253216750553
6169.783268690109, 2045.4964100639304, 1324.7253216750553
6170.291906833649, 2045.4964100639304, 1324.7253216750553
6170.777605056763, 2045.4964100639304, 1324.7253216750553
6171.299209594727, 2045.4964100639304, 1324.7253216750553
6171.800865888596, 2045.4964100639304, 1324.7253216750553
6172.5089700222015, 2214.574590399804, 788.2471425464736
6172.797199249268, 2214.574590399804, 788.2471425464736
6173.52624630928, -1532.964849552348, 286.49122303506914
6174.298178195953, -1532.964849552348, 286.49122303506914
6174.784875392914, -1532.964849552348, 286.49122303506914
6175.543843984604, 2276.954580512615, 1640.9620512735419
6176.528207778931, 4782.13121379079, 1246.8855881198137
6177.271218299866, 4782.13121379079, 1246.8855881198137
6177.770880460739, 4782.13121379079, 1246.8855881198137
6178.282510995865, 4782.13121379079, 1246.8855881198137
6178.783171415329, 4782.13121379079, 1246.8855881198137
6179.270864725113, 4782.13121379079, 1246.8855881198137
6179.770526409149, 4782.13121379079, 1246.8855881198137
6180.2741775512695, 4782.13121379079, 1246.8855881198137
6180.772842168808, 4782.13121379079, 1246.8855881198137
6181.267517089844, 4782.13121379079, 1246.8855881198137
6182.073359489441, 2024.0361580855504, 349.32434086644633
6183.006860971451, 1618.480535984517, 1408.870188791273
6183.786772251129, 1618.480535984517, 1408.870188791273
6184.298402309418, 1618.480535984517, 1408.870188791273
6184.780112743378, 1618.480535984517, 1408.870188791273
6185.301715135574, 1618.480535984517, 1408.870188791273
6185.787415027618, 1618.480535984517, 1408.870188791273
6186.592260360718, -135.3848488422886, 612.2439840453266
6187.533739328384, 1179.677764371119, 539.9887722160965
6188.726544618607, 120.50900727911637, 2550.908624919099
6189.527400255203, 1989.0400139425092, 2308.5876362041513
6190.281382083893, 1989.0400139425092, 2308.5876362041513
6191.052317619324, 828.5195825285755, 147.0566979806542
6191.8232543468475, 828.5195825285755, 147.0566979806542
6192.602167606354, 1990.7827246378683, 20470.675519964345
6193.320245981216, 1990.7827246378683, 20470.675519964345
6193.812925577164, 1990.7827246378683, 20470.675519964345
6194.270699739456, 1990.7827246378683, 20470.675519964345
6195.032660484314, 1606.1248817558162, 163.93281037943044
6196.084841966629, 3168.7595309851386, 1210.7511390067884
6199.997367858887, 1011.1403244905636, 1509.93844720259
6200.7802703380585, 1011.1403244905636, 1509.93844720259
6201.290901899338, 1011.1403244905636, 1509.93844720259
6201.771615743637, 1011.1403244905636, 1509.93844720259
6202.283245801926, 1011.1403244905636, 1509.93844720259
6202.7729341983795, 1011.1403244905636, 1509.93844720259
6203.271598577499, 1011.1403244905636, 1509.93844720259
6203.771260738373, 1011.1403244905636, 1509.93844720259
6204.646916389465, 2628.373893043511, 817.2370835196035
6205.552490949631, 1420.605882969519, 2044.4324666225798
6206.331406116486, 1420.605882969519, 2044.4324666225798
6206.802146196365, 1420.605882969519, 2044.4324666225798
6207.320756912231, 1420.605882969519, 2044.4324666225798
6207.818423748016, 1420.605882969519, 2044.4324666225798
6208.554452419281, 1992.8879557588145, 4430.7329711019265
6209.552780866623, 1393.2844637012104, 1413.535012696103
6210.290803909302, 1393.2844637012104, 1413.535012696103
6213.010521411896, 3501.37920727759, 671.403091206078
6213.803399562836, 3501.37920727759, 671.403091206078
6214.234246730804, 3501.37920727759, 671.403091206078
6214.793746948242, 3501.37920727759, 671.403091206078
6215.558698415756, 1457.401388591806, 2914.389200530637
6216.345591068268, 1457.401388591806, 2914.389200530637
6216.833285808563, 1457.401388591806, 2914.389200530637
6217.349902629852, 1457.401388591806, 2914.389200530637
6217.830615520477, 1457.401388591806, 2914.389200530637
6218.337258815765, 1457.401388591806, 2914.389200530637
6218.845896482468, 1457.401388591806, 2914.389200530637
6219.364509820938, 1457.401388591806, 2914.389200530637
6219.840233802795, 1457.401388591806, 2914.389200530637
6220.356851100922, 1457.401388591806, 2914.389200530637
6220.839559078217, 1457.401388591806, 2914.389200530637
6221.335232019424, 1457.401388591806, 2914.389200530637
6221.85085105896, 1457.401388591806, 2914.389200530637
6222.34951543808, 1457.401388591806, 2914.389200530637
6222.8431940078735, 1457.401388591806, 2914.389200530637
6223.344851732254, 1457.401388591806, 2914.389200530637
6223.849499464035, 1457.401388591806, 2914.389200530637
6224.348164558411, 1457.401388591806, 2914.389200530637
6225.104140281677, 3713.6115250467465, 1496.6745414866923
6225.806261539459, 3713.6115250467465, 1496.6745414866923
6226.301933288574, 3713.6115250467465, 1496.6745414866923
6226.7826471328735, 3713.6115250467465, 1496.6745414866923
6227.2862985134125, 3713.6115250467465, 1496.6745414866923
6227.787955284119, 3713.6115250467465, 1496.6745414866923
6228.288615226746, 3713.6115250467465, 1496.6745414866923
6228.797253370285, 3713.6115250467465, 1496.6745414866923
6229.54225730896, 229.27133586856093, 2940.838106815619
6230.299231767654, 229.27133586856093, 2940.838106815619
6232.051539897919, 2653.2756140054294, 1126.3416096835506
6232.772609472275, 2653.2756140054294, 1126.3416096835506
6233.270276069641, 2653.2756140054294, 1126.3416096835506
6233.791879415512, 2653.2756140054294, 1126.3416096835506
6234.278576850891, 2653.2756140054294, 1126.3416096835506
6234.786217927933, 2653.2756140054294, 1126.3416096835506
6235.28587937355, 2653.2756140054294, 1126.3416096835506
6235.736672639847, 2653.2756140054294, 1126.3416096835506
6236.279219865799, 2653.2756140054294, 1126.3416096835506
6236.780877351761, 2653.2756140054294, 1126.3416096835506
6237.283530712128, 2653.2756140054294, 1126.3416096835506
6237.771226167679, 2653.2756140054294, 1126.3416096835506
6238.55113697052, 1905.1901236453145, 767.0405491233362
6239.326061964035, 1905.1901236453145, 767.0405491233362
6239.823729753494, 1905.1901236453145, 767.0405491233362
6240.345333814621, 1905.1901236453145, 767.0405491233362
6240.827043294907, 1905.1901236453145, 767.0405491233362
6241.3237137794495, 1905.1901236453145, 767.0405491233362
6241.827370405197, 1905.1901236453145, 767.0405491233362
6242.335006952286, 1905.1901236453145, 767.0405491233362
6242.819708585739, 1905.1901236453145, 767.0405491233362
6243.3293442726135, 1905.1901236453145, 767.0405491233362
6243.8300042152405, 1905.1901236453145, 767.0405491233362
6244.559051036835, 1332.7233051965588, 2179.854345551844
6245.320013999939, 1332.7233051965588, 2179.854345551844
6245.824662685394, 1332.7233051965588, 2179.854345551844
6246.328314065933, 1332.7233051965588, 2179.854345551844
6246.819001674652, 1332.7233051965588, 2179.854345551844
6247.316668987274, 1332.7233051965588, 2179.854345551844
6247.841263532639, 1332.7233051965588, 2179.854345551844
6248.538396835327, 1133.8144420467256, 2185.3510275243025
6249.28938627243, 1133.8144420467256, 2185.3510275243025
6249.798023700714, 1133.8144420467256, 2185.3510275243025
6250.788372755051, 10539.999803524746, 7.945807816598789
6251.543350934982, 10539.999803524746, 7.945807816598789
6252.551651716232, 10539.999803524746, 7.945807816598789
6253.559952020645, 10539.999803524746, 7.945807816598789
6254.514397621155, 10539.999803524746, 7.945807816598789
6255.532670259476, 28744.210231962574, 1885.9635848424082
6256.287648677826, 28744.210231962574, 1885.9635848424082
6256.7853174209595, 28744.210231962574, 1885.9635848424082
6257.288968801498, 28744.210231962574, 1885.9635848424082
6258.022005319595, 158.5846062921878, 1707.7893295685055
6259.051249504089, 2736.881178105643, 53590.642643634514
6259.806228160858, 2736.881178105643, 53590.642643634514
6260.305891036987, 2736.881178105643, 53590.642643634514
6261.1137273311615, 3512.7180889481515, 890.8866322676283
6261.999356508255, 1852.2036508574456, 1871.8384604253117
6262.287584543228, 1852.2036508574456, 1871.8384604253117
6262.785252094269, 1852.2036508574456, 1871.8384604253117
6263.284914255142, 1852.2036508574456, 1871.8384604253117
6263.786571025848, 1852.2036508574456, 1871.8384604253117
6264.555513620377, 1493.3538766904435, 1772.9937868848895
6265.2576332092285, 1493.3538766904435, 1772.9937868848895
6265.776243686676, 1493.3538766904435, 1772.9937868848895
6266.2729139328, 1493.3538766904435, 1772.9937868848895
6267.059807538986, 863.732214613819, 1497.8123258190308
6267.830743074417, 863.732214613819, 1497.8123258190308
6268.345364809036, 863.732214613819, 1497.8123258190308
6268.828072786331, 863.732214613819, 1497.8123258190308
6269.334716796875, 863.732214613819, 1497.8123258190308
6269.818422079086, 863.732214613819, 1497.8123258190308
6270.342019319534, 863.732214613819, 1497.8123258190308
6270.820738077164, 863.732214613819, 1497.8123258190308
6271.3203999996185, 863.732214613819, 1497.8123258190308
6271.8210599422455, 863.732214613819, 1497.8123258190308
6272.32471036911, 863.732214613819, 1497.8123258190308
6273.072707653046, 82564.02337862902, 1683.082435207762
6273.835664987564, 82564.02337862902, 1683.082435207762
6274.32635140419, 82564.02337862902, 1683.082435207762
6274.811053752899, 82564.02337862902, 1683.082435207762
6275.320689439774, 82564.02337862902, 1683.082435207762
6275.812372207642, 82564.02337862902, 1683.082435207762
6276.310039997101, 82564.02337862902, 1683.082435207762
6276.818678855896, 82564.02337862902, 1683.082435207762
6277.294406414032, 82564.02337862902, 1683.082435207762
6277.804040193558, 82564.02337862902, 1683.082435207762
6278.298715591431, 82564.02337862902, 1683.082435207762
6278.794388771057, 82564.02337862902, 1683.082435207762
6279.314995288849, 82564.02337862902, 1683.082435207762
6279.78773021698, 82564.02337862902, 1683.082435207762
6280.299359798431, 82564.02337862902, 1683.082435207762
6281.010455131531, 2580.2229145335323, 1664.0516688540392
6281.785380125046, 2580.2229145335323, 1664.0516688540392
6282.299005746841, 2580.2229145335323, 1664.0516688540392
6283.051989078522, 1520.474519199623, 266.0534281055889
6283.819934129715, 1520.474519199623, 266.0534281055889
6284.322587966919, 1520.474519199623, 266.0534281055889
6284.810282468796, 1520.474519199623, 266.0534281055889
6285.317922592163, 1520.474519199623, 266.0534281055889
6285.808608531952, 1520.474519199623, 266.0534281055889
6286.3282170295715, 1520.474519199623, 266.0534281055889
6286.816909074783, 1520.474519199623, 266.0534281055889
6287.3215572834015, 1520.474519199623, 266.0534281055889
6287.821219205856, 1520.474519199623, 266.0534281055889
6288.336839914322, 1520.474519199623, 266.0534281055889
6288.823536872864, 1520.474519199623, 266.0534281055889
6289.30424952507, 1520.474519199623, 266.0534281055889
6289.825852870941, 1520.474519199623, 266.0534281055889
6290.327509403229, 1520.474519199623, 266.0534281055889
6290.822185993195, 1520.474519199623, 266.0534281055889
6291.324838876724, 1520.474519199623, 266.0534281055889
6291.8035571575165, 1520.474519199623, 266.0534281055889
6292.326158046722, 1520.474519199623, 266.0534281055889
6292.809862852097, 1520.474519199623, 266.0534281055889
6293.314512014389, 1520.474519199623, 266.0534281055889
6293.822152853012, 1520.474519199623, 266.0534281055889
6294.554193019867, 2311.837058894929, 626.0403085815818
6295.326126098633, 2311.837058894929, 626.0403085815818
6295.817809343338, 2311.837058894929, 626.0403085815818
6296.881960391998, 1475.243612449443, 2331.25805039421
6297.609013795853, 1475.243612449443, 2331.25805039421
6298.619308233261, 1475.243612449443, 2331.25805039421
6299.595694065094, 1475.243612449443, 2331.25805039421
6300.6279311180115, 1475.243612449443, 2331.25805039421
6301.607309341431, 1475.243612449443, 2331.25805039421
6302.592670202255, 1475.243612449443, 2331.25805039421
6303.629893541336, 1475.243612449443, 2331.25805039421
6304.599298238754, 1475.243612449443, 2331.25805039421
6305.610590219498, 1475.243612449443, 2331.25805039421
6306.634847402573, 1475.243612449443, 2331.25805039421
6307.681046962738, 2168.510199687818, 2945.9860847711516
6308.406105518341, 2168.510199687818, 2945.9860847711516
6309.048387050629, 2719.192038123329, 1407.8418601781934
6309.7894015312195, 2719.192038123329, 1407.8418601781934
6310.29803943634, 2719.192038123329, 1407.8418601781934
6310.78374004364, 2719.192038123329, 1407.8418601781934
6311.284398555756, 2719.192038123329, 1407.8418601781934
6311.803010463715, 2719.192038123329, 1407.8418601781934
6312.2926988601685, 2719.192038123329, 1407.8418601781934
6312.803332328796, 2719.192038123329, 1407.8418601781934
6313.278062343597, 2719.192038123329, 1407.8418601781934
6313.805648088455, 2719.192038123329, 1407.8418601781934
6314.277385473251, 2719.192038123329, 1407.8418601781934
6314.780040740967, 2719.192038123329, 1407.8418601781934
6315.493129730225, 1660.9752089228812, 1577.0160075372676
6315.7813584804535, 1660.9752089228812, 1577.0160075372676
6316.26406788826, 1660.9752089228812, 1577.0160075372676
6316.772703886032, 1660.9752089228812, 1577.0160075372676
6317.280344486237, 1660.9752089228812, 1577.0160075372676
6317.773026227951, 1660.9752089228812, 1577.0160075372676
6318.269696474075, 1660.9752089228812, 1577.0160075372676
6318.758388757706, 1660.9752089228812, 1577.0160075372676
6319.296945810318, 1660.9752089228812, 1577.0160075372676
6319.766688346863, 1660.9752089228812, 1577.0160075372676
6320.27233505249, 1660.9752089228812, 1577.0160075372676
6320.77099943161, 1660.9752089228812, 1577.0160075372676
6321.2776436805725, 1660.9752089228812, 1577.0160075372676
6321.780296802521, 1660.9752089228812, 1577.0160075372676
6322.278961420059, 1660.9752089228812, 1577.0160075372676
6322.76865029335, 1660.9752089228812, 1577.0160075372676
6323.268312454224, 1660.9752089228812, 1577.0160075372676
6323.769969940186, 1660.9752089228812, 1577.0160075372676
6324.275615930557, 1660.9752089228812, 1577.0160075372676
6324.799213886261, 1660.9752089228812, 1577.0160075372676
6325.279927253723, 1660.9752089228812, 1577.0160075372676
6325.784576654434, 1660.9752089228812, 1577.0160075372676
6326.545538663864, 2522.6832996024937, 2465.7976957824153
6333.0012550354, 248.83789740765278, 653.945003508991
6333.779171228409, 248.83789740765278, 653.945003508991
6334.28581404686, 248.83789740765278, 653.945003508991
6335.0796892642975, 2948.5072031555783, 2614.056115172137
6335.819707155228, 2948.5072031555783, 2614.056115172137
6336.315380811691, 2948.5072031555783, 2614.056115172137
6337.112246751785, 3382.152518131578, 310.88819587072174
6337.84628200531, 3382.152518131578, 310.88819587072174
6338.363894939423, 3382.152518131578, 310.88819587072174
6338.86256146431, 3382.152518131578, 310.88819587072174
6339.55869603157, 3154.92680075265, 2714.0322999227774
6340.326641321182, 3154.92680075265, 2714.0322999227774
6340.810345172882, 3154.92680075265, 2714.0322999227774
6341.302028179169, 3154.92680075265, 2714.0322999227774
6341.8126611709595, 3154.92680075265, 2714.0322999227774
6342.300356864929, 3154.92680075265, 2714.0322999227774
6342.788050413132, 3154.92680075265, 2714.0322999227774
6343.291701555252, 3154.92680075265, 2714.0322999227774
6343.796350240707, 3154.92680075265, 2714.0322999227774
6344.297009706497, 3154.92680075265, 2714.0322999227774
6344.800661087036, 3154.92680075265, 2714.0322999227774
6345.2963347435, 3154.92680075265, 2714.0322999227774
6345.793004989624, 3154.92680075265, 2714.0322999227774
6346.267733812332, 3154.92680075265, 2714.0322999227774
6346.792329549789, 3154.92680075265, 2714.0322999227774
6347.286008119583, 3154.92680075265, 2714.0322999227774
6347.805616140366, 3154.92680075265, 2714.0322999227774
6348.275357246399, 3154.92680075265, 2714.0322999227774
6349.043302059174, -28355.658475417513, 286.21674261764565
6350.090498209, 3472.874475892156, 1577.5591843825503
6351.034969568253, 2568.050171688584, 819.3970890284527
6351.771996259689, 2568.050171688584, 819.3970890284527
6352.4990520477295, 3275.344913986392, 1551.6477982743393
6353.278963088989, 3275.344913986392, 1551.6477982743393
6353.775631904602, 3275.344913986392, 1551.6477982743393
6354.2732989788055, 3275.344913986392, 1551.6477982743393
6354.775953292847, 3275.344913986392, 1551.6477982743393
6355.532927751541, 1372.803977909731, 2429.3179828025127
6356.268955945969, 1372.803977909731, 2429.3179828025127
6356.780585765839, 1372.803977909731, 2429.3179828025127
6357.497666358948, 1987.466251450762, 484.4292235498389
6357.804843664169, 1987.466251450762, 484.4292235498389
6358.274585723877, 1987.466251450762, 484.4292235498389
6358.7692613601685, 1987.466251450762, 484.4292235498389
6359.25296664238, 1987.466251450762, 484.4292235498389
6359.762603521347, 1987.466251450762, 484.4292235498389
6360.262264728546, 1987.466251450762, 484.4292235498389
6360.77090215683, 1987.466251450762, 484.4292235498389
6361.258597135544, 1987.466251450762, 484.4292235498389
6361.774215459824, 1987.466251450762, 484.4292235498389
6362.2698884010315, 1987.466251450762, 484.4292235498389
6363.01190161705, 591.2584679917563, 1382.4211671258606
6364.143871545792, 1938.833409754505, 2713.009458441281
6364.893864393234, 1938.833409754505, 2713.009458441281
6365.384549379349, 1938.833409754505, 2713.009458441281
6365.880222797394, 1938.833409754505, 2713.009458441281
6366.384871006012, 1938.833409754505, 2713.009458441281
6367.012191534042, 2005.9525636993208, 1897.3925758765708
6367.76717042923, 2005.9525636993208, 1897.3925758765708
6368.300741434097, 2005.9525636993208, 1897.3925758765708
6368.791429042816, 2005.9525636993208, 1897.3925758765708
6369.289095401764, 2005.9525636993208, 1897.3925758765708
6369.783771514893, 2005.9525636993208, 1897.3925758765708
6370.556701898575, -2288.1289868159524, 2378.495964508623
6371.753497600555, 4014.994677646462, 2308.3626395054057
6372.48354268074, 1524.1444093687799, 1232.8341432084267
6372.7707731723785, 1524.1444093687799, 1232.8341432084267
6373.283401250839, 1524.1444093687799, 1232.8341432084267
6373.764115095139, 1524.1444093687799, 1232.8341432084267
6374.28671503067, 1524.1444093687799, 1232.8341432084267
6374.773411989212, 1524.1444093687799, 1232.8341432084267
6375.263100147247, 1524.1444093687799, 1232.8341432084267
6375.767749547958, 1524.1444093687799, 1232.8341432084267
6376.544669151306, 2844.0828401930185, 1844.1741601671256
6377.288677453995, 2844.0828401930185, 1844.1741601671256
6378.06360244751, 983.7357583685239, -798.5933975628949
6379.040985584259, 3065.5438702397196, 1573.8327934913852
6380.102144002914, 2912.4658285557, 4743.174398111831
6381.0525987148285, 137.60743170987334, 352.4062599391614
6381.811567783356, 137.60743170987334, 352.4062599391614
6382.553580284119, 3675.570262432904, 1222.5947101460167
6383.335488319397, 3675.570262432904, 1222.5947101460167
6383.821187257767, 3675.570262432904, 1222.5947101460167
6384.769647359848, 1077.1577320916933, 2873.9964342917347
6385.50567650795, 1077.1577320916933, 2873.9964342917347
6386.055205821991, 1077.1577320916933, 2873.9964342917347
6387.014637470245, 1077.1577320916933, 2873.9964342917347
6388.020942687988, 1077.1577320916933, 2873.9964342917347
6389.035227298737, 1077.1577320916933, 2873.9964342917347
6390.0335528850555, 1077.1577320916933, 2873.9964342917347
6390.911205291748, 3480.5992591792738, 1550.9677875828227
6391.28320813179, 3480.5992591792738, 1550.9677875828227
6391.82176566124, 3480.5992591792738, 1550.9677875828227
6392.2775456905365, 3480.5992591792738, 1550.9677875828227
6392.770226240158, 3480.5992591792738, 1550.9677875828227
6393.299808263779, 3480.5992591792738, 1550.9677875828227
6393.773539304733, 3480.5992591792738, 1550.9677875828227
6394.291154384613, 3480.5992591792738, 1550.9677875828227
6394.797798395157, 3480.5992591792738, 1550.9677875828227
6395.278510570526, 3480.5992591792738, 1550.9677875828227
6395.768199920654, 3480.5992591792738, 1550.9677875828227
6396.274842262268, 3480.5992591792738, 1550.9677875828227
6396.794452190399, 3480.5992591792738, 1550.9677875828227
6397.293116807938, 3480.5992591792738, 1550.9677875828227
6397.809734344482, 3480.5992591792738, 1550.9677875828227
6398.2884521484375, 3480.5992591792738, 1550.9677875828227
6398.778141498566, 3480.5992591792738, 1550.9677875828227
6399.489235877991, 700.0763819310461, 2354.6740616651923
6399.761507511139, 700.0763819310461, 2354.6740616651923
6400.262167930603, 700.0763819310461, 2354.6740616651923
6400.757841825485, 700.0763819310461, 2354.6740616651923
6401.258500576019, 700.0763819310461, 2354.6740616651923
6401.77112698555, 700.0763819310461, 2354.6740616651923
6402.238874673843, 700.0763819310461, 2354.6740616651923
6402.768458366394, 700.0763819310461, 2354.6740616651923
6403.258145809174, 700.0763819310461, 2354.6740616651923
6403.76379108429, 700.0763819310461, 2354.6740616651923
6404.272432088852, 700.0763819310461, 2354.6740616651923
6404.75813126564, 700.0763819310461, 2354.6740616651923
6405.2627782821655, 700.0763819310461, 2354.6740616651923
6405.71955537796, 700.0763819310461, 2354.6740616651923
6406.822602510452, 1049.7558163487956, 2838.0041495661317
6407.5985271930695, 380.4999999999894, 660.8491415229557
6408.321588277817, 380.4999999999894, 660.8491415229557
6409.05362868309, 1727.851056416063, 1639.3019071018418
6409.775695562363, 1727.851056416063, 1639.3019071018418
6410.284334182739, 1727.851056416063, 1639.3019071018418
6410.796961069107, 1727.851056416063, 1639.3019071018418
6411.303603887558, 1727.851056416063, 1639.3019071018418
6411.762380361557, 1727.851056416063, 1639.3019071018418
6412.307916164398, 1727.851056416063, 1639.3019071018418
6413.175591945648, 1175.9025538330607, 1147.1647213648012
6413.839812994003, 1175.9025538330607, 1147.1647213648012
6414.374383449554, 1175.9025538330607, 1147.1647213648012
6414.874045372009, 1175.9025538330607, 1147.1647213648012
6415.585141181946, 2108.900429743415, 2567.0984051460728
6416.314188480377, 2108.900429743415, 2567.0984051460728
6416.807866573334, 2108.900429743415, 2567.0984051460728
6417.794225931168, 3697.0044193526205, 617.2711365790154
6418.531254053116, 2418.0010950493365, 1402.864478994257
6419.30019402504, 2418.0010950493365, 1402.864478994257
6419.786890745163, 2418.0010950493365, 1402.864478994257
6420.272590637207, 2418.0010950493365, 1402.864478994257
6420.804167747498, 2418.0010950493365, 1402.864478994257
6421.534213066101, 99.99999999995805, -3168.5894526700044
6422.2921850681305, 99.99999999995805, -3168.5894526700044
6422.789852380753, 99.99999999995805, -3168.5894526700044
6423.300484895706, 99.99999999995805, -3168.5894526700044
6424.310778617859, -356.1638137650635, 1534.9977458392318
6425.146540880203, 2391.0099913522117, 1056.4982482168416
6426.207700252533, 1109.9085295517657, 1515.848181740063
6426.919793844223, 1109.9085295517657, 1515.848181740063
6427.4214498996735, 1109.9085295517657, 1515.848181740063
6427.929090499878, 1109.9085295517657, 1515.848181740063
6428.435733556747, 1109.9085295517657, 1515.848181740063
6428.930409908295, 1109.9085295517657, 1515.848181740063
6429.410125255585, 1109.9085295517657, 1515.848181740063
6429.942699432373, 1109.9085295517657, 1515.848181740063
6430.455327510834, 1109.9085295517657, 1515.848181740063
6430.926066637039, 1109.9085295517657, 1515.848181740063
6431.438693523407, 1109.9085295517657, 1515.848181740063
6431.947332620621, 1109.9085295517657, 1515.848181740063
6432.444999694824, 1109.9085295517657, 1515.848181740063
6432.923718690872, 1109.9085295517657, 1515.848181740063
6433.4124093055725, 1109.9085295517657, 1515.848181740063
6433.951965093613, 1109.9085295517657, 1515.848181740063
6434.480550527573, 1109.9085295517657, 1515.848181740063
6435.439980745316, 1109.9085295517657, 1515.848181740063
6435.928671836853, 1109.9085295517657, 1515.848181740063
6436.596884012222, 2598.3756995951867, 1496.4518632505135
6437.570276737213, 318.53004353310934, 1504.4705525775737
6438.3252556324005, 318.53004353310934, 1504.4705525775737
6438.858826875687, 318.53004353310934, 1504.4705525775737
6439.330565214157, 318.53004353310934, 1504.4705525775737
6439.839202880859, 318.53004353310934, 1504.4705525775737
6440.324902296066, 318.53004353310934, 1504.4705525775737
6440.823567867279, 318.53004353310934, 1504.4705525775737
6441.317246437073, 318.53004353310934, 1504.4705525775737
6441.822890996933, 318.53004353310934, 1504.4705525775737
6442.328536748886, 318.53004353310934, 1504.4705525775737
6443.028662443161, 2968.681292274146, -357.28662601459354
6444.046936511993, 2196.7209784561746, 1586.1017644046062
6446.084480762482, 3059.704968953268, 1526.0760415208224
6446.785603761673, 3059.704968953268, 1526.0760415208224
6447.274295568466, 3059.704968953268, 1526.0760415208224
6447.777947425842, 3059.704968953268, 1526.0760415208224
6448.269629955292, 3059.704968953268, 1526.0760415208224
6448.770290613174, 3059.704968953268, 1526.0760415208224
6449.560175180435, 2724.637382747838, 1525.1840860285188
6450.3221347332, 2724.637382747838, 1525.1840860285188
6450.820801019669, 2724.637382747838, 1525.1840860285188
6455.004598140717, 1013.6441531059103, 545.2859186503596
6455.307786941528, 1013.6441531059103, 545.2859186503596
6456.07573056221, 2802.8462953514913, 2964.0891500221855
6456.792809724808, 2802.8462953514913, 2964.0891500221855
6457.293470144272, 2802.8462953514913, 2964.0891500221855
6458.0045664310455, 1902.773894245643, 1861.7043742321957
6458.288805246353, 1902.773894245643, 1861.7043742321957
6458.759543895721, 1902.773894245643, 1861.7043742321957
6459.266189336777, 1902.773894245643, 1861.7043742321957
6459.7578711509705, 1902.773894245643, 1861.7043742321957
6460.561718940735, 3061.44613939891, 425.4999999999961
6461.533118486404, 2015.3487035856965, 2151.5689093927576
6462.538426160812, 3088.2835839440577, 624.0137105227535
6463.329309463501, 3088.2835839440577, 624.0137105227535
6463.812017440796, 3088.2835839440577, 624.0137105227535
6464.313673734665, 3088.2835839440577, 624.0137105227535
6464.8223123550415, 3088.2835839440577, 624.0137105227535
6465.541386127472, 3319.7002764355752, 1717.5268815818172
6466.628477573395, 1938.7205931732703, 1069.558219586034
6467.38844203949, 1938.7205931732703, 1069.558219586034
6467.8611760139465, 1938.7205931732703, 1069.558219586034
6468.2980053424835, 1938.7205931732703, 1069.558219586034
6468.8664836883545, 1938.7205931732703, 1069.558219586034
6469.357169866562, 1938.7205931732703, 1069.558219586034
6469.865808010101, 1938.7205931732703, 1069.558219586034
6470.35848903656, 1938.7205931732703, 1069.558219586034
6470.853163957596, 1938.7205931732703, 1069.558219586034
6471.339862108231, 1938.7205931732703, 1069.558219586034
6471.862462043762, 1938.7205931732703, 1069.558219586034
6472.3361937999725, 1938.7205931732703, 1069.558219586034
6472.876746416092, 1938.7205931732703, 1069.558219586034
6473.371422767639, 1938.7205931732703, 1069.558219586034
6473.8551280498505, 1938.7205931732703, 1069.558219586034
6474.362767934799, 1938.7205931732703, 1069.558219586034
6475.068877220154, 2461.5098750891893, 1490.4210836870789
6475.784960746765, 2461.5098750891893, 1490.4210836870789
6476.306563615799, 2461.5098750891893, 1490.4210836870789
6476.7972502708435, 2461.5098750891893, 1490.4210836870789
6477.2909281253815, 2461.5098750891893, 1490.4210836870789
6478.067848205566, 2140.586235248481, 2948.1776035520807
6478.854741811752, 2140.586235248481, 2948.1776035520807
6479.377341270447, 2140.586235248481, 2948.1776035520807
6479.871020078659, 2140.586235248481, 2948.1776035520807
6480.570148706436, 3853.1961554560844, 1809.7505243186615
6481.585430622101, 3577.025792258812, 522.2468860120811
6482.510952949524, 2758.3666195346614, 1270.98554302645
6483.640926122665, 1979.8755673241876, 986.5676103013766
6484.290187597275, 1979.8755673241876, 986.5676103013766
6484.818773031235, 1979.8755673241876, 986.5676103013766
6485.308460712433, 1979.8755673241876, 986.5676103013766
6485.83006477356, 1979.8755673241876, 986.5676103013766
6486.297812223434, 1979.8755673241876, 986.5676103013766
6487.042817831039, 3567.43645908183, 509.5908361545738
6488.032168626785, 1315.061081440784, 1820.1285411954218
6488.786150455475, 1315.061081440784, 1820.1285411954218
6489.306756496429, 1315.061081440784, 1820.1285411954218
6489.790461540222, 1315.061081440784, 1820.1285411954218
6490.303088188171, 1315.061081440784, 1820.1285411954218
6490.768844127655, 1315.061081440784, 1820.1285411954218
6491.31637597084, 1315.061081440784, 1820.1285411954218
6491.783126115799, 1315.061081440784, 1820.1285411954218
6492.28378534317, 1315.061081440784, 1820.1285411954218
6492.773474216461, 1315.061081440784, 1820.1285411954218
6493.59028673172, 2734.5766640281195, 1389.9422440671244
6494.369201660156, 2734.5766640281195, 1389.9422440671244
6494.860886335373, 2734.5766640281195, 1389.9422440671244
6495.388474702835, 2734.5766640281195, 1389.9422440671244
6495.853229045868, 2734.5766640281195, 1389.9422440671244
6496.646106004715, 3519.0127039540016, 285.6707876732699
6497.4160442352295, 3519.0127039540016, 285.6707876732699
6497.897754430771, 3519.0127039540016, 285.6707876732699
6498.406393527985, 3519.0127039540016, 285.6707876732699
6498.908049821854, 3519.0127039540016, 285.6707876732699
6499.403722524643, 3519.0127039540016, 285.6707876732699
6499.896404743195, 3519.0127039540016, 285.6707876732699
6500.387089967728, 3519.0127039540016, 285.6707876732699
6500.918665885925, 3519.0127039540016, 285.6707876732699
6501.421321153641, 3519.0127039540016, 285.6707876732699
6501.910012245178, 3519.0127039540016, 285.6707876732699
6502.408676624298, 3519.0127039540016, 285.6707876732699
6503.028019428253, 1919.5578223394614, 1460.704793285536
6503.77800989151, 1919.5578223394614, 1460.704793285536
6504.278670549393, 1919.5578223394614, 1460.704793285536
6504.774343967438, 1919.5578223394614, 1460.704793285536
6505.270016670227, 1919.5578223394614, 1460.704793285536
6505.7796511650085, 1919.5578223394614, 1460.704793285536
6506.275323867798, 1919.5578223394614, 1460.704793285536
6514.79850435257, 3610.944934508995, 2669.7936780880787
6515.613322973251, 3610.944934508995, 2669.7936780880787
6516.50294137001, 558.183345796544, 516.0965264483485
6517.578062057495, 1281.9162686861528, 1369.6906031679873
6518.331045150757, 1281.9162686861528, 1369.6906031679873
6518.8406817913055, 1281.9162686861528, 1369.6906031679873
6519.546790361404, 3544.311616432872, 2897.7827736420886
6520.54013133049, 1859.2664930426597, 2358.186282939167
6521.286134004593, 1859.2664930426597, 2358.186282939167
6522.021165847778, 2981.0667512237346, 2488.4965418260713
6523.002538442612, 3244.8092195758973, 1474.4473283722825
6523.781453132629, 3244.8092195758973, 1474.4473283722825
6524.287099123001, 3244.8092195758973, 1474.4473283722825
6525.042077064514, 2009.7540407601475, 1153.597749630893
6525.789077997208, 2009.7540407601475, 1153.597749630893
6526.292728185654, 2009.7540407601475, 1153.597749630893
6526.979889392853, 1871.747971247522, 7210.777108738674
6527.246176481247, 1871.747971247522, 7210.777108738674
6527.7129282951355, 1871.747971247522, 7210.777108738674
6528.249490261078, 1871.747971247522, 7210.777108738674
6528.736187458038, 1871.747971247522, 7210.777108738674
6529.251806259155, 1871.747971247522, 7210.777108738674
6529.748476982117, 1871.747971247522, 7210.777108738674
6530.248138427734, 1871.747971247522, 7210.777108738674
6530.754782438278, 1871.747971247522, 7210.777108738674
6531.251451969147, 1871.747971247522, 7210.777108738674
6531.743136644363, 1871.747971247522, 7210.777108738674
6532.235817909241, 1871.747971247522, 7210.777108738674
6532.75642323494, 1871.747971247522, 7210.777108738674
6533.2411251068115, 1871.747971247522, 7210.777108738674
6533.7597370147705, 1871.747971247522, 7210.777108738674
6534.234467744827, 1871.747971247522, 7210.777108738674
6534.752079963684, 1871.747971247522, 7210.777108738674
6535.237779855728, 1871.747971247522, 7210.777108738674
6535.780326843262, 1871.747971247522, 7210.777108738674
6536.2730078697205, 1871.747971247522, 7210.777108738674
6536.768680334091, 1871.747971247522, 7210.777108738674
6537.255378484726, 1871.747971247522, 7210.777108738674
6537.758031368256, 1871.747971247522, 7210.777108738674
6538.249715089798, 1871.747971247522, 7210.777108738674
6539.058549404144, 3185.101424443594, 4488.855946983551
6540.149628639221, 1334.4927902958887, 29187.395282722588
6540.884660482407, 1334.4927902958887, 29187.395282722588
6541.396290779114, 1334.4927902958887, 29187.395282722588
6541.894955158234, 1334.4927902958887, 29187.395282722588
6542.380654811859, 1334.4927902958887, 29187.395282722588
6542.902259111404, 1334.4927902958887, 29187.395282722588
6543.407903671265, 1334.4927902958887, 29187.395282722588
6543.863684892654, 1334.4927902958887, 29187.395282722588
6544.3862845897675, 1334.4927902958887, 29187.395282722588
6544.883952617645, 1334.4927902958887, 29187.395282722588
6545.496312856674, 986.4783349818324, 1449.8496428847195
6551.005562067032, 507.2229388534397, 1022.4276701609845
6552.288129329681, 3709.660067077669, 327.9966764533921
6553.038120269775, 3709.660067077669, 327.9966764533921
6554.053403139114, 3709.660067077669, 327.9966764533921
6555.030784845352, 3709.660067077669, 327.9966764533921
6556.025121927261, 3709.660067077669, 327.9966764533921
6557.020457744598, 3709.660067077669, 327.9966764533921
6558.019781827927, 3709.660067077669, 327.9966764533921
6559.0470316410065, 3709.660067077669, 327.9966764533921
6560.0204265117645, 3709.660067077669, 327.9966764533921
6561.015760183334, 3709.660067077669, 327.9966764533921
6562.046002626419, 3709.660067077669, 327.9966764533921
6563.021391153336, 3709.660067077669, 327.9966764533921
6564.045647621155, 3709.660067077669, 327.9966764533921
6565.04297876358, 3709.660067077669, 327.9966764533921
6566.0532739162445, 3709.660067077669, 327.9966764533921
6567.047610282898, 3709.660067077669, 327.9966764533921
6568.013025760651, 1402.9811517324579, 1450.6058288478039
6569.024318695068, 1972.011614877137, 916.5974756401068
6569.784283399582, 1972.011614877137, 916.5974756401068
6570.3048894405365, 1972.011614877137, 916.5974756401068
6571.007009029388, 1845.52359560095, 493.58658427271064
6571.298229932785, 1845.52359560095, 493.58658427271064
6571.806870222092, 1845.52359560095, 493.58658427271064
6572.307527065277, 1845.52359560095, 493.58658427271064
6572.796219587326, 1845.52359560095, 493.58658427271064
6573.29687833786, 1845.52359560095, 493.58658427271064
6573.780583381653, 1845.52359560095, 493.58658427271064
6574.308171987534, 1845.52359560095, 493.58658427271064
6574.791875600815, 1845.52359560095, 493.58658427271064
6575.584753274918, 960.9315203493311, 1493.36886196331
6577.549492359161, 1982.2690040892571, 753.9728430815941
6578.302476167679, 1982.2690040892571, 753.9728430815941
6578.8190932273865, 1982.2690040892571, 753.9728430815941
6579.62992310524, 2431.853623091589, 1241.348502093264
6580.341018915176, 2431.853623091589, 1241.348502093264
6580.857636451721, 2431.853623091589, 1241.348502093264
6581.323388576508, 2431.853623091589, 1241.348502093264
6581.860948801041, 2431.853623091589, 1241.348502093264
6582.320718050003, 2431.853623091589, 1241.348502093264
6582.847307920456, 2431.853623091589, 1241.348502093264
6583.344975709915, 2431.853623091589, 1241.348502093264
6583.8576028347015, 2431.853623091589, 1241.348502093264
6584.336321592331, 2431.853623091589, 1241.348502093264
6584.8599190711975, 2431.853623091589, 1241.348502093264
6585.339635372162, 2431.853623091589, 1241.348502093264
6586.0706787109375, 3310.1703396938724, 1773.461839953777
6586.819672822952, 3310.1703396938724, 1773.461839953777
6587.3382840156555, 3310.1703396938724, 1773.461839953777
6588.07830286026, 215.81165283461235, 1044.6723120610693
6589.103558301926, 3908.725223429714, 1536.4703359220014
6589.8296139240265, 3908.725223429714, 1536.4703359220014
6590.341243028641, 3908.725223429714, 1536.4703359220014
6590.839907884598, 3908.725223429714, 1536.4703359220014
6591.346552371979, 3908.725223429714, 1536.4703359220014
6591.827265501022, 3908.725223429714, 1536.4703359220014
6592.322938203812, 3908.725223429714, 1536.4703359220014
6592.8395652771, 3908.725223429714, 1536.4703359220014
6593.577578306198, 1889.4342313685047, 745.4922304290662
6594.312611103058, 1889.4342313685047, 745.4922304290662
6594.816262483597, 1889.4342313685047, 745.4922304290662
6595.294981479645, 1889.4342313685047, 745.4922304290662
6595.812594175339, 1889.4342313685047, 745.4922304290662
6596.321233510971, 1889.4342313685047, 745.4922304290662
6596.8139128685, 1889.4342313685047, 745.4922304290662
6597.312577724457, 1889.4342313685047, 745.4922304290662
6598.085510492325, 787.974567124442, 1422.0159125735725
6598.829516172409, 787.974567124442, 1422.0159125735725
6599.329179286957, 787.974567124442, 1422.0159125735725
6600.064211368561, 816.2584495379294, 1514.8819316808913
6600.820187091827, 816.2584495379294, 1514.8819316808913
6601.605087280273, 820.5795117604576, 1930.1437747381103
6602.317180395126, 820.5795117604576, 1930.1437747381103
6602.815843105316, 820.5795117604576, 1930.1437747381103
6603.326476097107, 820.5795117604576, 1930.1437747381103
6604.137305498123, 643.0766543225898, 1275.3494081184233
6604.825463294983, 643.0766543225898, 1275.3494081184233
6605.353052377701, 643.0766543225898, 1275.3494081184233
6605.85969376564, 643.0766543225898, 1275.3494081184233
6606.3613522052765, 643.0766543225898, 1275.3494081184233
6606.830096006393, 643.0766543225898, 1275.3494081184233
6607.335742235184, 643.0766543225898, 1275.3494081184233
6607.843383312225, 643.0766543225898, 1275.3494081184233
6608.3390555381775, 643.0766543225898, 1275.3494081184233
6608.815779209137, 643.0766543225898, 1275.3494081184233
6609.609653711319, 1480.8355032675602, 2917.529246182437
6610.369619131088, 1480.8355032675602, 2917.529246182437
6610.876263618469, 1480.8355032675602, 2917.529246182437
6611.378917694092, 1480.8355032675602, 2917.529246182437
6611.882568359375, 1480.8355032675602, 2917.529246182437
6612.380235910416, 1480.8355032675602, 2917.529246182437
6612.875910043716, 1480.8355032675602, 2917.529246182437
6613.36160826683, 1480.8355032675602, 2917.529246182437
6613.864262104034, 1480.8355032675602, 2917.529246182437
6614.380879402161, 1480.8355032675602, 2917.529246182437
6614.880540847778, 1480.8355032675602, 2917.529246182437
6615.373222351074, 1480.8355032675602, 2917.529246182437
6615.875876665115, 1480.8355032675602, 2917.529246182437
6616.37254691124, 1480.8355032675602, 2917.529246182437
6617.075665950775, 1043.8766587976593, 1292.3151640418635
6618.082967281342, 2094.751231245697, 1108.8152267251946
6618.84392952919, 2094.751231245697, 1108.8152267251946
6619.350573301315, 2094.751231245697, 1108.8152267251946
6620.166388750076, 1659.9912570089953, 1151.1555721395932
6620.922365188599, 1659.9912570089953, 1151.1555721395932
6621.404075145721, 1659.9912570089953, 1151.1555721395932
6621.922686338425, 1659.9912570089953, 1151.1555721395932
6622.545019865036, 1825.305013029969, 1882.3202899118392
6623.309972286224, 1825.305013029969, 1882.3202899118392
6623.809635400772, 1825.305013029969, 1882.3202899118392
6624.305307865143, 1825.305013029969, 1882.3202899118392
6625.078237056732, 37643.66441887018, 2251.6743896767703
6625.825237751007, 37643.66441887018, 2251.6743896767703
6626.3139295578, 37643.66441887018, 2251.6743896767703
6626.820573091507, 37643.66441887018, 2251.6743896767703
6627.600484609604, 3378.029415032848, 1350.3080512046065
6628.584849834442, 3739.241775607007, 2138.2447094611052
6629.302926063538, 3739.241775607007, 2138.2447094611052
6629.804583311081, 3739.241775607007, 2138.2447094611052
6630.314219713211, 3739.241775607007, 2138.2447094611052
6630.809891462326, 3739.241775607007, 2138.2447094611052
6631.307559490204, 3739.241775607007, 2138.2447094611052
6632.036607503891, 1977.7039355415827, 1591.3317139967812
6633.100759029388, 3997.586053048874, 2572.0000146338657
6634.030269622803, 18346.94974313366, -6114.008548571549
6634.317500829697, 18346.94974313366, -6114.008548571549
6634.805194377899, 18346.94974313366, -6114.008548571549
6635.273938894272, 18346.94974313366, -6114.008548571549
6636.046869277954, 957.6132259378281, 1478.504276542285
6637.131964921951, 3427.2998756569064, 113.15035503691828
6637.8500418663025, 3427.2998756569064, 113.15035503691828
6638.341725349426, 3427.2998756569064, 113.15035503691828
6638.84836935997, 3427.2998756569064, 113.15035503691828
6639.353017568588, 3427.2998756569064, 113.15035503691828
6639.830739021301, 3427.2998756569064, 113.15035503691828
6642.572398662567, 3144.6079035721013, 1372.2693642804036
6643.336352586746, 3144.6079035721013, 1372.2693642804036
6644.101305484772, 3698.1526310289487, 53.58064556122512
6644.854289293289, 3698.1526310289487, 53.58064556122512
6645.352953910828, 3698.1526310289487, 53.58064556122512
6646.270498275757, 1816.0028052704508, 286.5255857805162
6647.083321094513, 3535.3377498207396, 485.8208489262007
6647.828325510025, 3535.3377498207396, 485.8208489262007
6648.34992980957, 3535.3377498207396, 485.8208489262007
6656.161015748978, 3870.8683724479806, 2869.0507233992453
6656.934943437576, 3870.8683724479806, 2869.0507233992453
6657.424632072449, 3870.8683724479806, 2869.0507233992453
6658.131738901138, 3444.590251399616, 470.4896581566506
6658.872755765915, 3444.590251399616, 470.4896581566506
6659.365435838699, 3444.590251399616, 470.4896581566506
6660.20020031929, 3622.436858331555, 2789.388937256971
6660.941216945648, 3622.436858331555, 2789.388937256971
6661.434895277023, 3622.436858331555, 2789.388937256971
6662.0941298007965, 1867.4098131429707, 2019.6509754165183
6663.149305105209, 781.471553940934, 123.32041200798464
6664.090784072876, 2843.221741903544, 1380.4270796418393
6664.840776205063, 2843.221741903544, 1380.4270796418393
6665.340437889099, 2843.221741903544, 1380.4270796418393
6666.270946264267, 3882.4460946374193, 2245.6576012945097
6666.960102319717, 3882.4460946374193, 2245.6576012945097
6667.519603967667, 1897.5380784685956, 2118.8556230881222
6668.129969835281, 45.99999996839048, 1488.1395979902918
6669.140265226364, 1913.1605142524115, -5322.246567098771
6669.830416917801, 1913.1605142524115, -5322.246567098771
6670.356010437012, 1913.1605142524115, -5322.246567098771
6670.860660791397, 1913.1605142524115, -5322.246567098771
6673.636230230331, 3826.4802469310207, 2053.633362313841
6674.399184465408, 3826.4802469310207, 2053.633362313841
6674.909817934036, 3826.4802469310207, 2053.633362313841
6675.414465665817, 3826.4802469310207, 2053.633362313841
6675.91512465477, 3826.4802469310207, 2053.633362313841
6676.421769142151, 3826.4802469310207, 2053.633362313841
6676.926417827606, 3826.4802469310207, 2053.633362313841
6677.404137849808, 3826.4802469310207, 2053.633362313841
6677.90779042244, 3826.4802469310207, 2053.633362313841
6678.407452821732, 3826.4802469310207, 2053.633362313841
6678.912101984024, 3826.4802469310207, 2053.633362313841
6679.398798942566, 3826.4802469310207, 2053.633362313841
6679.915414571762, 3826.4802469310207, 2053.633362313841
6680.400116682053, 3826.4802469310207, 2053.633362313841
6680.886814117432, 3826.4802469310207, 2053.633362313841
6681.413404464722, 3826.4802469310207, 2053.633362313841
6681.914063453674, 3826.4802469310207, 2053.633362313841
6682.414724111557, 3826.4802469310207, 2053.633362313841
6683.094902515411, 379.0239934328807, 1114.0832198429518
6683.822952747345, 379.0239934328807, 1114.0832198429518
6684.6587154865265, 448.58482234241876, 629.2091860019254
6685.397735834122, 448.58482234241876, 629.2091860019254
6686.125787973404, 2585.703457791181, 716.692419349711
6686.870792627335, 2585.703457791181, 716.692419349711
6687.382422208786, 2585.703457791181, 716.692419349711
6687.88108754158, 2585.703457791181, 716.692419349711
6688.384738445282, 2585.703457791181, 716.692419349711
6688.873430013657, 2585.703457791181, 716.692419349711
6689.384062767029, 2585.703457791181, 716.692419349711
6689.85879278183, 2585.703457791181, 716.692419349711
6690.3704226017, 2585.703457791181, 716.692419349711
6690.873075962067, 2585.703457791181, 716.692419349711
6691.355785369873, 2585.703457791181, 716.692419349711
6691.858438491821, 2585.703457791181, 716.692419349711
6692.371065855026, 2585.703457791181, 716.692419349711
6692.878706932068, 2585.703457791181, 716.692419349711
6693.365403413773, 2585.703457791181, 716.692419349711
6694.140328645706, -132.63066927219424, 402.16997835801544
6694.874363183975, -132.63066927219424, 402.16997835801544
6695.367043972015, -132.63066927219424, 402.16997835801544
6695.87867474556, -132.63066927219424, 402.16997835801544
6696.380331516266, -132.63066927219424, 402.16997835801544
6696.878995656967, -132.63066927219424, 402.16997835801544
6697.37766122818, -132.63066927219424, 402.16997835801544
6697.877324342728, -132.63066927219424, 402.16997835801544
6698.368009805679, -132.63066927219424, 402.16997835801544
6698.878643512726, -132.63066927219424, 402.16997835801544
6699.38528585434, -132.63066927219424, 402.16997835801544
6699.8839502334595, -132.63066927219424, 402.16997835801544
6700.38959646225, -132.63066927219424, 402.16997835801544
6700.877290964127, -132.63066927219424, 402.16997835801544
6701.369972705841, -132.63066927219424, 402.16997835801544
6702.100017547607, 1947.3525705707539, 54.551549815484414
6702.863972425461, 1947.3525705707539, 54.551549815484414
6703.582049608231, 1759.4877793086396, 1432.3583799220949
6704.349994659424, 1759.4877793086396, 1432.3583799220949
6704.853644609451, 1759.4877793086396, 1432.3583799220949
6705.333361625671, 1759.4877793086396, 1432.3583799220949
6705.854963302612, 1759.4877793086396, 1432.3583799220949
6706.342658281326, 1759.4877793086396, 1432.3583799220949
6706.831349134445, 1759.4877793086396, 1432.3583799220949
6707.621235132217, 3216.5055008663976, 1406.5808323454037
6708.356266736984, 3216.5055008663976, 1406.5808323454037
6708.858921527863, 3216.5055008663976, 1406.5808323454037
6712.081292629242, 1875.1124620240137, 2518.7816861389124
6712.83726978302, 1875.1124620240137, 2518.7816861389124
6713.356877565384, 1875.1124620240137, 2518.7816861389124
6713.840582609177, 1875.1124620240137, 2518.7816861389124
6714.330272436142, 1875.1124620240137, 2518.7816861389124
6714.828936100006, 1875.1124620240137, 2518.7816861389124
6715.712570905685, 3957.2116922010173, 1036.4493911809209
6716.473533630371, 3957.2116922010173, 1036.4493911809209
6716.960229873657, 3957.2116922010173, 1036.4493911809209
6717.4838280677795, 3957.2116922010173, 1036.4493911809209
6717.961549282074, 3957.2116922010173, 1036.4493911809209
6718.4771683216095, 3957.2116922010173, 1036.4493911809209
6719.031683921814, 3957.2116922010173, 1036.4493911809209
6719.500428676605, 3957.2116922010173, 1036.4493911809209
6719.972165584564, 3957.2116922010173, 1036.4493911809209
6720.483795642853, 3957.2116922010173, 1036.4493911809209
6720.996423959732, 3957.2116922010173, 1036.4493911809209
6721.485114574432, 3957.2116922010173, 1036.4493911809209
6721.966825008392, 3957.2116922010173, 1036.4493911809209
6722.476460456848, 3957.2116922010173, 1036.4493911809209
6722.9880912303925, 3957.2116922010173, 1036.4493911809209
6723.471795558929, 3957.2116922010173, 1036.4493911809209
6723.985420227051, 3957.2116922010173, 1036.4493911809209
6724.639668941498, 1963.4604866797058, 2684.643961606355
6725.330818653107, 1963.4604866797058, 2684.643961606355
6725.838460445404, 1963.4604866797058, 2684.643961606355
6726.339118003845, 1963.4604866797058, 2684.643961606355
6726.829805850983, 1963.4604866797058, 2684.643961606355
6727.539903879166, 2439.5169539124618, 1174.9440264343452
6727.814168930054, 2439.5169539124618, 1174.9440264343452
6728.302861213684, 2439.5169539124618, 1174.9440264343452
6728.801524877548, 2439.5169539124618, 1174.9440264343452
6729.5774483680725, 1920.9781453964265, 302.649568220686
6730.349383354187, 1920.9781453964265, 302.649568220686
6730.824110507965, 1920.9781453964265, 302.649568220686
6731.747637748718, 2397.0045102878835, 553.192033626714
6732.464718103409, 2397.0045102878835, 553.192033626714
6732.934460639954, 2397.0045102878835, 553.192033626714
6733.497951507568, 2397.0045102878835, 553.192033626714
6733.973677396774, 2397.0045102878835, 553.192033626714
6734.465360879898, 2397.0045102878835, 553.192033626714
6734.963028907776, 2397.0045102878835, 553.192033626714
6735.453716278076, 2397.0045102878835, 553.192033626714
6736.13987827301, 1359.2653740291855, 2600.778283267812
6736.8569576740265, 1359.2653740291855, 2600.778283267812
6737.387536764145, 1359.2653740291855, 2600.778283267812
6737.870245218277, 1359.2653740291855, 2600.778283267812
6738.360932350159, 1359.2653740291855, 2600.778283267812
6738.869571685791, 1359.2653740291855, 2600.778283267812
6739.375215053558, 1359.2653740291855, 2600.778283267812
6739.876871585846, 1359.2653740291855, 2600.778283267812
6740.378529071808, 1359.2653740291855, 2600.778283267812
6740.877194404602, 1359.2653740291855, 2600.778283267812
6741.371870040894, 1359.2653740291855, 2600.778283267812
6742.167738437653, 2384.3579469080946, 1.7619403637740956
6743.130161762238, 1886.8249155978683, 1755.7154528000783
6748.832893133163, 2868.1496812421747, 1050.4057978611143
6749.609813690186, 2868.1496812421747, 1050.4057978611143
6750.590188503265, 652.9806471777512, 52.61455351766666
6756.034610748291, 3430.599245950773, 4915.675792163622
6756.301895141602, 3430.599245950773, 4915.675792163622
6757.076820135117, 1744.985566814731, 1650.7507425346369
6758.136981964111, 2840.2404737679553, 170.01847486825474
6759.143288373947, 2948.559234712758, 648.703736333098
6759.879317998886, 2948.559234712758, 648.703736333098
6760.369005918503, 2948.559234712758, 648.703736333098
6761.137947797775, 3188.862406097431, 2889.6636001119336
6761.864003419876, 3188.862406097431, 2889.6636001119336
6762.373638629913, 3188.862406097431, 2889.6636001119336
6763.130612373352, 2836.4062996691605, -95171.55028146612
6763.853676319122, 2836.4062996691605, -95171.55028146612
6764.678467750549, 4923.808802747142, 2559.012306874305
6765.442422866821, 4923.808802747142, 2559.012306874305
6765.934105634689, 4923.808802747142, 2559.012306874305
6766.892539262772, 3942.995564609123, 605.953485621553
6767.6963884830475, 2032.3330662584133, 1069.7476869734624
6768.434411525726, 2032.3330662584133, 1069.7476869734624
6769.1624619960785, 2270.614875792001, 1905.9668600881855
6769.948357820511, 2270.614875792001, 1905.9668600881855
6770.607594013214, 153.34140889734735, 1573.4646513553912
6771.330657243729, 153.34140889734735, 1573.4646513553912
6771.846277713776, 153.34140889734735, 1573.4646513553912
6772.335965633392, 153.34140889734735, 1573.4646513553912
6772.849590539932, 153.34140889734735, 1573.4646513553912
6773.331300497055, 153.34140889734735, 1573.4646513553912
6773.816999912262, 153.34140889734735, 1573.4646513553912
6774.3306250572205, 153.34140889734735, 1573.4646513553912
6774.846243858337, 153.34140889734735, 1573.4646513553912
6775.3279547691345, 153.34140889734735, 1573.4646513553912
6776.044036865234, 2934.130107447771, 1530.1790792006966
6776.348223924637, 2934.130107447771, 1530.1790792006966
6777.215899944305, 1191.0197611328979, 2119.972089432933
6777.930985689163, 1191.0197611328979, 2119.972089432933
6778.43363904953, 1191.0197611328979, 2119.972089432933
6778.923327922821, 1191.0197611328979, 2119.972089432933
6779.434958219528, 1191.0197611328979, 2119.972089432933
6780.394388914108, 1929.9831891046706, 1617.6938717233554
6781.043652057648, 1929.9831891046706, 1617.6938717233554
6782.59948515892, 568.3000715057107, 418.8839193026733
6783.680590867996, 2966.628179872799, 2934.991605339106
6784.446540355682, 2966.628179872799, 2934.991605339106
6784.93822312355, 2966.628179872799, 2934.991605339106
6785.631367921829, 2807.3266341981157, 2796.703928964765
6786.520985841751, 938.7345637669343, 1827.2831844800905
6786.827167272568, 938.7345637669343, 1827.2831844800905
6787.30987405777, 938.7345637669343, 1827.2831844800905
6788.204478263855, 833.8181461314263, 2620.720765584198
6788.9624490737915, 833.8181461314263, 2620.720765584198
6789.438174962997, 833.8181461314263, 2620.720765584198
6789.9737412929535, 833.8181461314263, 2620.720765584198
6790.474401473999, 833.8181461314263, 2620.720765584198
6791.1745262146, 873.993087812202, 985.4740152112013
6791.933494567871, 873.993087812202, 985.4740152112013
6792.423183917999, 873.993087812202, 985.4740152112013
6793.12630033493, 466.7117049115901, -12842.75142667869
6793.839391469955, 466.7117049115901, -12842.75142667869
6794.336061239243, 466.7117049115901, -12842.75142667869
6794.842705965042, 466.7117049115901, -12842.75142667869
6795.3493485450745, 466.7117049115901, -12842.75142667869
6795.846019268036, 466.7117049115901, -12842.75142667869
6796.645877599716, 1429.6434361866332, -289.99223753116945
6797.597330093384, 3672.4160988568706, 1029.3760249887666
6798.323386192322, 3672.4160988568706, 1029.3760249887666
6798.822051525116, 3672.4160988568706, 1029.3760249887666
6799.347643852234, 3672.4160988568706, 1029.3760249887666
6799.845311164856, 3672.4160988568706, 1029.3760249887666
6800.340983867645, 3672.4160988568706, 1029.3760249887666
6800.831670284271, 3672.4160988568706, 1029.3760249887666
6801.678403139114, 2455.7586757419526, 503.71172588126467
6802.3695521354675, 2455.7586757419526, 503.71172588126467
6802.888163566589, 2455.7586757419526, 503.71172588126467
6803.371870279312, 2455.7586757419526, 503.71172588126467
6803.8675417900085, 2455.7586757419526, 503.71172588126467
6804.356233596802, 2455.7586757419526, 503.71172588126467
6804.884818077087, 2455.7586757419526, 503.71172588126467
6805.383483409882, 2455.7586757419526, 503.71172588126467
6805.897107362747, 2455.7586757419526, 503.71172588126467
6806.357873916626, 2455.7586757419526, 503.71172588126467
6807.167705535889, 2960.224918223493, -426.0919572049995
6808.522079467773, 2225.784825466728, 1005.9991530705238
6809.7178773880005, 2225.784825466728, 1005.9991530705238
6810.560621500015, 1698.6753611424365, 1668.0504270204176
6811.342528343201, 1698.6753611424365, 1668.0504270204176
6812.088531494141, 4816.9694841183145, 1782.719341626589
6812.827553272247, 4816.9694841183145, 1782.719341626589
6813.8458251953125, 1321.9976952053612, 1014.5790701657456
6814.571882724762, 1915.0871936944698, 1527.6736099297718
6815.558240890503, 476.5408167536586, 1179.4507747530788
6816.640343427658, 2054.8689326605436, 1784.160498085332
6817.642659902573, 1427.7133471102684, 1018.5753714992342
6818.679882526398, 389.0000050807598, 393.9940029282643
6819.4169092178345, 389.0000050807598, 393.9940029282643
6819.9155740737915, 389.0000050807598, 393.9940029282643
6820.444159269333, 389.0000050807598, 393.9940029282643
6820.930856466293, 389.0000050807598, 393.9940029282643
6821.4315140247345, 389.0000050807598, 393.9940029282643
6821.866352081299, 389.0000050807598, 393.9940029282643
6822.316148042679, 389.0000050807598, 393.9940029282643
6823.109023809433, 2134.7755400460455, 2705.181693829222
6823.882950544357, 2134.7755400460455, 2705.181693829222
6824.383611440659, 2134.7755400460455, 2705.181693829222
6824.872302055359, 2134.7755400460455, 2705.181693829222
6825.589381933212, 2991.913093808863, 1155.8202547100414
6826.324413776398, 2991.913093808863, 1155.8202547100414
6826.843024969101, 2991.913093808863, 1155.8202547100414
6830.224969148636, 982.0089792137688, 1568.8759785283687
6830.994908332825, 982.0089792137688, 1568.8759785283687
6831.469638109207, 982.0089792137688, 1568.8759785283687
6831.976280212402, 982.0089792137688, 1568.8759785283687
6832.593626976013, 396.86275892040527, 694.731153449926
6833.545079708099, 3494.192043895615, 2803.1201964419615
6834.545400857925, 1890.5034645877115, 2546.0162048555094
6836.576961517334, 3769.496953813171, 196.08328288891204
6837.316979646683, 3769.496953813171, 196.08328288891204
6837.809661388397, 3769.496953813171, 196.08328288891204
6838.29835152626, 3769.496953813171, 196.08328288891204
6838.810978889465, 3769.496953813171, 196.08328288891204
6839.290694952011, 3769.496953813171, 196.08328288891204
6839.807311058044, 3769.496953813171, 196.08328288891204
6840.304980278015, 3769.496953813171, 196.08328288891204
6840.815619468689, 3769.496953813171, 196.08328288891204
6841.5277054309845, 5883.234683393139, 2354.8327985143997
6842.14305639267, 3521.4984428649536, 1606.890782659852
6842.929950475693, 3521.4984428649536, 1606.890782659852
6843.4166469573975, 3521.4984428649536, 1606.890782659852
6843.924287319183, 3521.4984428649536, 1606.890782659852
6844.425943851471, 3521.4984428649536, 1606.890782659852
6845.084182024002, 1844.4768837363754, 1956.2823359643062
6845.827192544937, 1844.4768837363754, 1956.2823359643062
6846.325857639313, 1844.4768837363754, 1956.2823359643062
6847.461815595627, 122.98956694893106, 536.4620165071983
6848.1888682842255, 122.98956694893106, 536.4620165071983
6849.144309997559, 122.98956694893106, 536.4620165071983
6850.155602693558, 122.98956694893106, 536.4620165071983
6851.209780693054, 122.98956694893106, 536.4620165071983
6852.193147182465, 122.98956694893106, 536.4620165071983
6853.155570745468, 122.98956694893106, 536.4620165071983
6854.175837993622, 122.98956694893106, 536.4620165071983
6855.174165487289, 122.98956694893106, 536.4620165071983
6856.207398891449, 122.98956694893106, 536.4620165071983
6857.190764665604, 122.98956694893106, 536.4620165071983
6858.20804142952, 122.98956694893106, 536.4620165071983
6859.185423851013, 122.98956694893106, 536.4620165071983
6860.203697443008, 122.98956694893106, 536.4620165071983
6861.332674741745, 421.8495084269501, 1958.5422837107476
6862.130538225174, 3405.605695775798, 25.467926250503893
6863.144822359085, 405.00487658969456, 143.1315882823797
6864.077326059341, 1788.4332038316088, 1531.2295245815885
6864.859231710434, 1788.4332038316088, 1531.2295245815885
6865.3638796806335, 1788.4332038316088, 1531.2295245815885
6865.850576400757, 1788.4332038316088, 1531.2295245815885
6866.372181177139, 1788.4332038316088, 1531.2295245815885
6866.861871004105, 1788.4332038316088, 1531.2295245815885
6867.345575332642, 1788.4332038316088, 1531.2295245815885
6867.856206893921, 1788.4332038316088, 1531.2295245815885
6868.3628516197205, 1788.4332038316088, 1531.2295245815885
6868.840571403503, 1788.4332038316088, 1531.2295245815885
6869.347213983536, 1788.4332038316088, 1531.2295245815885
6869.841890096664, 1788.4332038316088, 1531.2295245815885
6870.581908941269, 1265.1590119308378, 1751.893991571951
6871.347857236862, 1265.1590119308378, 1751.893991571951
6871.847520828247, 1265.1590119308378, 1751.893991571951
6872.342195510864, 1265.1590119308378, 1751.893991571951
6872.849835395813, 1265.1590119308378, 1751.893991571951
6873.348500728607, 1265.1590119308378, 1751.893991571951
6874.0585997104645, 3577.6360401672173, 2620.0816074245668
6874.81956243515, 3577.6360401672173, 2620.0816074245668
6875.290301084518, 3577.6360401672173, 2620.0816074245668
6875.806918621063, 3577.6360401672173, 2620.0816074245668
6876.314559221268, 3577.6360401672173, 2620.0816074245668
6876.837158918381, 3577.6360401672173, 2620.0816074245668
6877.322860956192, 3577.6360401672173, 2620.0816074245668
6877.829501152039, 3577.6360401672173, 2620.0816074245668
6878.314205169678, 3577.6360401672173, 2620.0816074245668
6878.843786239624, 3577.6360401672173, 2620.0816074245668
6879.333475112915, 3577.6360401672173, 2620.0816074245668
6879.820171356201, 3577.6360401672173, 2620.0816074245668
6880.309860229492, 3577.6360401672173, 2620.0816074245668
6881.150609493256, 3787.586947517804, 1522.1337315357089
6882.078125476837, 1558.653619589809, 317.33036068083146
6882.81814455986, 1558.653619589809, 317.33036068083146
6883.600049972534, 3880.7007819505143, 1062.239125690662
6884.386942863464, 3880.7007819505143, 1062.239125690662
6884.876632928848, 3880.7007819505143, 1062.239125690662
6886.629938840866, 0.5632735844737419, 2565.3349305160723
6887.368958950043, 0.5632735844737419, 2565.3349305160723
6887.881587743759, 0.5632735844737419, 2565.3349305160723
6888.339360237122, 0.5632735844737419, 2565.3349305160723
6888.879912853241, 0.5632735844737419, 2565.3349305160723
6889.344668865204, 0.5632735844737419, 2565.3349305160723
6889.885221242905, 0.5632735844737419, 2565.3349305160723
6890.329034566879, 0.5632735844737419, 2565.3349305160723
6890.882550954819, 0.5632735844737419, 2565.3349305160723
6891.36226606369, 0.5632735844737419, 2565.3349305160723
6891.860931634903, 0.5632735844737419, 2565.3349305160723
6892.360594749451, 0.5632735844737419, 2565.3349305160723
6892.869231462479, 0.5632735844737419, 2565.3349305160723
6893.3569252491, 0.5632735844737419, 2565.3349305160723
6894.077994585037, 2034.890306930445, 1845.884620601048
6894.860898971558, 2034.890306930445, 1845.884620601048
6895.335627317429, 2034.890306930445, 1845.884620601048
6895.828309059143, 2034.890306930445, 1845.884620601048
6896.338940382004, 2034.890306930445, 1845.884620601048
6896.83860206604, 2034.890306930445, 1845.884620601048
6897.5766270160675, 1165.545972512299, 1028.1151111352815
6898.720563173294, 3957.359871523007, 1433.1263823244817
6899.643093585968, 1134.5406226964592, 2713.2614076710975
6900.349203109741, 1134.5406226964592, 2713.2614076710975
6900.8977336883545, 1134.5406226964592, 2713.2614076710975
6901.374456882477, 1134.5406226964592, 2713.2614076710975
6901.877111196518, 1134.5406226964592, 2713.2614076710975
6902.3707892894745, 1134.5406226964592, 2713.2614076710975
6902.882420539856, 1134.5406226964592, 2713.2614076710975
6903.351164340973, 1134.5406226964592, 2713.2614076710975
6903.878751993179, 1134.5406226964592, 2713.2614076710975
6904.378414154053, 1134.5406226964592, 2713.2614076710975
6904.88106751442, 1134.5406226964592, 2713.2614076710975
6905.381726741791, 1134.5406226964592, 2713.2614076710975
6906.097809553146, 1342.873806918915, 2144.4829168966703
6907.051256895065, 2102.1607632312043, 1395.7464287691996
6907.353447198868, 2102.1607632312043, 1395.7464287691996
6907.767340183258, 2102.1607632312043, 1395.7464287691996
6908.3278386592865, 2102.1607632312043, 1395.7464287691996
6908.809548616409, 2102.1607632312043, 1395.7464287691996
6909.329157590866, 2102.1607632312043, 1395.7464287691996
6909.803886175156, 2102.1607632312043, 1395.7464287691996
6910.323495388031, 2102.1607632312043, 1395.7464287691996
6910.813184261322, 2102.1607632312043, 1395.7464287691996
6911.359721183777, 2102.1607632312043, 1395.7464287691996
6911.8234786987305, 2102.1607632312043, 1395.7464287691996
6912.333114624023, 2102.1607632312043, 1395.7464287691996
6912.821805715561, 2102.1607632312043, 1395.7464287691996
6913.896926879883, 696.0410428808352, 1734.1079567449792
6914.672850608826, 696.0410428808352, 1734.1079567449792
6915.883606910706, 1682.0547892408924, 1447.0754478898823
6916.587722301483, 1682.0547892408924, 1447.0754478898823
6917.60001206398, 3433.6418624569756, 570.1152876933897
6918.333047866821, 3433.6418624569756, 570.1152876933897
6918.8257303237915, 3433.6418624569756, 570.1152876933897
6919.303449630737, 3433.6418624569756, 570.1152876933897
6919.855970859528, 3433.6418624569756, 570.1152876933897
6920.3386788368225, 3433.6418624569756, 570.1152876933897
6921.05077123642, 1550.1559309459549, 744.7273887079351
6921.3409948349, 1550.1559309459549, 744.7273887079351
6922.046106100082, 3153.26497014355, 1325.1326179480507
6927.0656661987305, 2152.2808200334257, 125.36931941919717
6927.84956741333, 2152.2808200334257, 125.36931941919717
6928.344242334366, 2152.2808200334257, 125.36931941919717
6928.823958873749, 2152.2808200334257, 125.36931941919717
6929.5480189323425, 2053.6395234897464, 2899.344940054161
6930.749801158905, 3452.003637131214, 2857.6659267163895
6931.466880559921, 3452.003637131214, 2857.6659267163895
6931.954575538635, 3452.003637131214, 2857.6659267163895
6932.597852230072, 14375.716177522925, 2034.6897580797681
6933.361806631088, 14375.716177522925, 2034.6897580797681
6933.8435180187225, 14375.716177522925, 2034.6897580797681
6934.345173120499, 14375.716177522925, 2034.6897580797681
6934.856804132462, 14375.716177522925, 2034.6897580797681
6935.637713193893, 1861.1342696204076, 2384.5336109601976
6936.351802110672, 1861.1342696204076, 2384.5336109601976
6936.850465297699, 1861.1342696204076, 2384.5336109601976
6937.357109546661, 1861.1342696204076, 2384.5336109601976
6937.852782011032, 1861.1342696204076, 2384.5336109601976
6938.359425783157, 1861.1342696204076, 2384.5336109601976
6938.880031824112, 1861.1342696204076, 2384.5336109601976
6939.357753276825, 1861.1342696204076, 2384.5336109601976
6940.048901319504, 3319.088264171509, 574.883644242574
6941.091111421585, 426.98759399631206, 1889.0003914001688
6941.850079536438, 426.98759399631206, 1889.0003914001688
6942.3277995586395, 426.98759399631206, 1889.0003914001688
6942.849402189255, 426.98759399631206, 1889.0003914001688
6943.345074892044, 426.98759399631206, 1889.0003914001688
6943.830775976181, 426.98759399631206, 1889.0003914001688
6944.545860528946, -16362.06427167138, 1959.2507096085808
6945.314800977707, -16362.06427167138, 1959.2507096085808
6946.63626408577, 3103.1223922076238, 514.0843590133927
6947.371295213699, 3103.1223922076238, 514.0843590133927
6947.877937555313, 3103.1223922076238, 514.0843590133927
6948.375606775284, 3103.1223922076238, 514.0843590133927
6949.099666118622, 736.6143416466557, 2533.633624467929
6949.868608951569, 736.6143416466557, 2533.633624467929
6950.367272138596, 736.6143416466557, 2533.633624467929
6950.859952926636, 736.6143416466557, 2533.633624467929
6951.352634191513, 736.6143416466557, 2533.633624467929
6951.881218194962, 736.6143416466557, 2533.633624467929
6952.361931800842, 736.6143416466557, 2533.633624467929
6952.8725645542145, 736.6143416466557, 2533.633624467929
6953.380204439163, 736.6143416466557, 2533.633624467929
6953.862912654877, 736.6143416466557, 2533.633624467929
6954.359583377838, 736.6143416466557, 2533.633624467929
6957.090270996094, 1189.6840544043778, 870.1243448818565
6957.848240613937, 1189.6840544043778, 870.1243448818565
6958.352890491486, 1189.6840544043778, 870.1243448818565
6958.851555347443, 1189.6840544043778, 870.1243448818565
6959.585588693619, 484.2092662348071, 1969.2650614456106
6960.365502357483, 484.2092662348071, 1969.2650614456106
6960.853195667267, 484.2092662348071, 1969.2650614456106
6961.368814945221, 484.2092662348071, 1969.2650614456106
6961.847532272339, 484.2092662348071, 1969.2650614456106
6962.569598674774, 1306.617179914241, 290.47064266027905
6963.335548400879, 1306.617179914241, 290.47064266027905
6963.832218647003, 1306.617179914241, 290.47064266027905
6964.341853618622, 1306.617179914241, 290.47064266027905
6964.830545663834, 1306.617179914241, 290.47064266027905
6965.3292100429535, 1306.617179914241, 290.47064266027905
6965.837847948074, 1306.617179914241, 290.47064266027905
6966.328533887863, 1306.617179914241, 290.47064266027905
6967.07353925705, 565.9970584398324, 2128.3968134634515
6967.834502220154, 565.9970584398324, 2128.3968134634515
6968.324192047119, 565.9970584398324, 2128.3968134634515
6968.8238530159, 565.9970584398324, 2128.3968134634515
6969.314538478851, 565.9970584398324, 2128.3968134634515
6969.820185184479, 565.9970584398324, 2128.3968134634515
6970.329821586609, 565.9970584398324, 2128.3968134634515
6970.832473754883, 565.9970584398324, 2128.3968134634515
6971.340114593506, 565.9970584398324, 2128.3968134634515
6971.819830656052, 565.9970584398324, 2128.3968134634515
6972.330463647842, 565.9970584398324, 2128.3968134634515
6973.095417261124, 593.2970008371836, 791.818244575049
6973.827455282211, 593.2970008371836, 791.818244575049
6974.333100795746, 593.2970008371836, 791.818244575049
6974.8307683467865, 593.2970008371836, 791.818244575049
6975.345390319824, 593.2970008371836, 791.818244575049
6975.822113752365, 593.2970008371836, 791.818244575049
6976.321776151657, 593.2970008371836, 791.818244575049
6976.823433637619, 593.2970008371836, 791.818244575049
6977.553478240967, 2225.02000243449, 1122.223672006022
6978.558785915375, 3732.5990002958247, 503.1370889310131
6979.368617534637, 3732.5990002958247, 503.1370889310131
6979.876259565353, 3732.5990002958247, 503.1370889310131
6980.347994565964, 3732.5990002958247, 503.1370889310131
6980.844666004181, 3732.5990002958247, 503.1370889310131
6981.607622385025, 47575.71511060969, 1144.8422503624006
6982.341656923294, 47575.71511060969, 1144.8422503624006
6982.840321779251, 47575.71511060969, 1144.8422503624006
6983.315051078796, 47575.71511060969, 1144.8422503624006
6983.833661317825, 47575.71511060969, 1144.8422503624006
6984.340305089951, 47575.71511060969, 1144.8422503624006
6985.094286680222, 1762.6491717680967, 1951.9156596281432
6985.859238862991, 1762.6491717680967, 1951.9156596281432
6986.351918935776, 1762.6491717680967, 1951.9156596281432
6986.859559297562, 1762.6491717680967, 1951.9156596281432
6988.569980144501, 3034.1677557894977, 1213.237134898809
6989.324958086014, 3034.1677557894977, 1213.237134898809
6989.834593772888, 3034.1677557894977, 1213.237134898809
6990.330266237259, 3034.1677557894977, 1213.237134898809
6990.83491563797, 3034.1677557894977, 1213.237134898809
6991.554986715317, 3794.263494986672, 5986.239147987584
6992.293011188507, 3794.263494986672, 5986.239147987584
6992.814616203308, 3794.263494986672, 5986.239147987584
6993.319262504578, 3794.263494986672, 5986.239147987584
6994.111143827438, 1722.1804455645804, 406.731130400641
6994.842185020447, 1722.1804455645804, 406.731130400641
6995.328882217407, 1722.1804455645804, 406.731130400641
6996.131733417511, 396.4760468938347, 1312.7549577201983
6996.868758678436, 396.4760468938347, 1312.7549577201983
6997.349472045898, 396.4760468938347, 1312.7549577201983
6997.859109401703, 396.4760468938347, 1312.7549577201983
6998.354780435562, 396.4760468938347, 1312.7549577201983
6998.880373477936, 396.4760468938347, 1312.7549577201983
6999.354104280472, 396.4760468938347, 1312.7549577201983
6999.861744642258, 396.4760468938347, 1312.7549577201983
7000.354425668716, 396.4760468938347, 1312.7549577201983
7000.850098371506, 396.4760468938347, 1312.7549577201983
7001.368709564209, 396.4760468938347, 1312.7549577201983
7002.09676027298, -4338.421196210398, 44736.8318951676
7002.832788705826, -4338.421196210398, 44736.8318951676
7003.339432954788, -4338.421196210398, 44736.8318951676
7003.820145845413, -4338.421196210398, 44736.8318951676
7004.334767341614, -4338.421196210398, 44736.8318951676
7004.8174748420715, -4338.421196210398, 44736.8318951676
7005.328108072281, -4338.421196210398, 44736.8318951676
7005.835747718811, -4338.421196210398, 44736.8318951676
7006.317459106445, -4338.421196210398, 44736.8318951676
7007.0844049453735, 1945.5173162296444, 560.4313872439596
7007.831404685974, 1945.5173162296444, 560.4313872439596
7008.315109968185, 1945.5173162296444, 560.4313872439596
7008.828735113144, 1945.5173162296444, 560.4313872439596
7009.335377931595, 1945.5173162296444, 560.4313872439596
7009.82905626297, 1945.5173162296444, 560.4313872439596
7010.328717470169, 1945.5173162296444, 560.4313872439596
7011.269200086594, 2467.0046865615172, 1347.077993431473
7012.014206171036, 2467.0046865615172, 1347.077993431473
7012.513867616653, 2467.0046865615172, 1347.077993431473
7013.016522407532, 2467.0046865615172, 1347.077993431473
7013.516183614731, 2467.0046865615172, 1347.077993431473
7014.046761751175, 2467.0046865615172, 1347.077993431473
7014.511518001556, 2467.0046865615172, 1347.077993431473
7015.00320148468, 2467.0046865615172, 1347.077993431473
7015.517822980881, 2467.0046865615172, 1347.077993431473
7016.026461601257, 2467.0046865615172, 1347.077993431473
7016.528119325638, 2467.0046865615172, 1347.077993431473
7017.000853776932, 2467.0046865615172, 1347.077993431473
7017.525448083878, 2467.0046865615172, 1347.077993431473
7018.0261080265045, 2467.0046865615172, 1347.077993431473
7018.550703048706, 2467.0046865615172, 1347.077993431473
7019.601888179779, 3297.9979745367477, 969.5330160891019
7020.321959495544, 3297.9979745367477, 969.5330160891019
7020.812646150589, 3297.9979745367477, 969.5330160891019
7021.313306093216, 3297.9979745367477, 969.5330160891019
7021.811970710754, 3297.9979745367477, 969.5330160891019
7022.319610834122, 3297.9979745367477, 969.5330160891019
7022.810297012329, 3297.9979745367477, 969.5330160891019
7023.34087729454, 3297.9979745367477, 969.5330160891019
7023.828570604324, 3297.9979745367477, 969.5330160891019
7024.313273668289, 3297.9979745367477, 969.5330160891019
7024.814930438995, 3297.9979745367477, 969.5330160891019
7025.535998344421, 1810.7382431734286, 1589.5507736501618
7025.825225353241, 1810.7382431734286, 1589.5507736501618
7026.316908359528, 1810.7382431734286, 1589.5507736501618
7026.84449505806, 1810.7382431734286, 1589.5507736501618
7027.337175607681, 1810.7382431734286, 1589.5507736501618
7027.807917356491, 1810.7382431734286, 1589.5507736501618
7028.310570240021, 1810.7382431734286, 1589.5507736501618
7028.824194908142, 1810.7382431734286, 1589.5507736501618
7029.3288424015045, 1810.7382431734286, 1589.5507736501618
7029.819528579712, 1810.7382431734286, 1589.5507736501618
7030.3062262535095, 1810.7382431734286, 1589.5507736501618
7031.0631992816925, 3780.7994534269687, 437.6700244984652
7031.808203697205, 3780.7994534269687, 437.6700244984652
7032.66092133522, 1746.830870927599, 662.9184700652504
7033.398943901062, 1746.830870927599, 662.9184700652504
7033.91755604744, 1746.830870927599, 662.9184700652504
7034.424199342728, 1746.830870927599, 662.9184700652504
7034.901920557022, 1746.830870927599, 662.9184700652504
7035.612019538879, 431.3114068875034, 2622.987238193905
7036.550505161285, 2218.2616808091584, 1131.605710492791
7037.5807473659515, 409.00912378200724, 587.6688487946958
7038.600019693375, 1356.4686536457798, 1059.177624452951
7039.355993747711, 1356.4686536457798, 1059.177624452951
7039.85266327858, 1356.4686536457798, 1059.177624452951
7040.32140827179, 1356.4686536457798, 1059.177624452951
7040.836030721664, 1356.4686536457798, 1059.177624452951
7041.323726177216, 1356.4686536457798, 1059.177624452951
7041.843333244324, 1356.4686536457798, 1059.177624452951
7042.563405275345, 2021.9383437323909, 1375.6605433676111
7043.317385673523, 2021.9383437323909, 1375.6605433676111
7044.071367740631, 3184.5137939146775, 2979.4198702866292
7044.866239070892, 3184.5137939146775, 2979.4198702866292
7045.364904880524, 3184.5137939146775, 2979.4198702866292
7045.87952709198, 3184.5137939146775, 2979.4198702866292
7046.368218660355, 3184.5137939146775, 2979.4198702866292
7047.128183841705, 1469.0502539957258, 873.3787359283258
7048.069661140442, 2146.8671433690038, 2162.657684649428
7048.831620931625, 2146.8671433690038, 2162.657684649428
7049.329288721085, 2146.8671433690038, 2162.657684649428
7049.832940578461, 2146.8671433690038, 2162.657684649428
7050.3326025009155, 2146.8671433690038, 2162.657684649428
7050.83425951004, 2146.8671433690038, 2162.657684649428
7051.341899871826, 2146.8671433690038, 2162.657684649428
7051.8465487957, 2146.8671433690038, 2162.657684649428
7052.57559633255, 173.1685222039055, 1352.0866354181642
7053.348526477814, 173.1685222039055, 1352.0866354181642
7053.860157251358, 173.1685222039055, 1352.0866354181642
7054.338875293732, 173.1685222039055, 1352.0866354181642
7054.84751367569, 173.1685222039055, 1352.0866354181642
7055.581547737122, 1067.8519362687125, 117.56371429438116
7056.348494529724, 1067.8519362687125, 117.56371429438116
7056.850150823593, 1067.8519362687125, 117.56371429438116
7057.342831850052, 1067.8519362687125, 117.56371429438116
7057.851469755173, 1067.8519362687125, 117.56371429438116
7058.340161561966, 1067.8519362687125, 117.56371429438116
7059.1559772491455, 2313.6068805232776, 1819.4850355287385
7060.18422293663, 842.758738851502, 862.4238507999983
7061.058881759644, 2063.2990927628953, 599.5831871626476
7062.567841768265, 3753.9940622348286, 2043.812286519711
7063.573149442673, 3221.1832965542685, 1394.6517490041394
7064.351066112518, 3221.1832965542685, 1394.6517490041394
7064.821805238724, 3221.1832965542685, 1394.6517490041394
7065.319472551346, 3221.1832965542685, 1394.6517490041394
7065.783231496811, 3221.1832965542685, 1394.6517490041394
7066.329767942429, 3221.1832965542685, 1394.6517490041394
7071.567742347717, 1862.2492668930122, 1268.4692855656858
7072.340672492981, 1862.2492668930122, 1268.4692855656858
7072.849312067032, 1862.2492668930122, 1268.4692855656858
7073.334014177322, 1862.2492668930122, 1268.4692855656858
7073.835669517517, 1862.2492668930122, 1268.4692855656858
7074.323365449905, 1862.2492668930122, 1268.4692855656858
7074.838983058929, 1862.2492668930122, 1268.4692855656858
7075.3027420043945, 1862.2492668930122, 1268.4692855656858
7077.080980062485, 1961.3715677140674, 1684.154676353184
7078.074321985245, 251.48113481973397, 1527.008340025201
7078.838274478912, 251.48113481973397, 1527.008340025201
7079.332950115204, 251.48113481973397, 1527.008340025201
7079.815658330917, 251.48113481973397, 1527.008340025201
7080.330279350281, 251.48113481973397, 1527.008340025201
7081.151083469391, 3956.476490507342, 560.2036124402301
7081.946950912476, 3956.476490507342, 560.2036124402301
7082.440630197525, 3956.476490507342, 560.2036124402301
7082.927325725555, 3956.476490507342, 560.2036124402301
7083.437958478928, 3956.476490507342, 560.2036124402301
7083.938617944717, 3956.476490507342, 560.2036124402301
7084.437282562256, 3956.476490507342, 560.2036124402301
7084.933953762054, 3956.476490507342, 560.2036124402301
7085.409679174423, 3956.476490507342, 560.2036124402301
7085.935271501541, 3956.476490507342, 560.2036124402301
7086.4060118198395, 3956.476490507342, 560.2036124402301
7086.949555158615, 3956.476490507342, 560.2036124402301
7087.447222948074, 3956.476490507342, 560.2036124402301
7087.925940990448, 3956.476490507342, 560.2036124402301
7088.437571048737, 3956.476490507342, 560.2036124402301
7089.050929307938, 2450.7365597390612, 2822.38657992514
7089.813886642456, 2450.7365597390612, 2822.38657992514
7090.328508615494, 2450.7365597390612, 2822.38657992514
7090.814207792282, 2450.7365597390612, 2822.38657992514
7091.335811138153, 2450.7365597390612, 2822.38657992514
7091.832480430603, 2450.7365597390612, 2822.38657992514
7092.336133003235, 2450.7365597390612, 2822.38657992514
7092.836791276932, 2450.7365597390612, 2822.38657992514
7093.293569326401, 2450.7365597390612, 2822.38657992514
7093.82913517952, 2450.7365597390612, 2822.38657992514
7094.569153785706, 3430.3027274761007, 2730.291567503771
7095.353055238724, 3430.3027274761007, 2730.291567503771
7096.08110499382, 3208.3362142544765, 2364.277512458984
7097.107360124588, 479.86793259775277, 861.3091647518155
7098.230349779129, 1116.7425706054682, 671.001128144324
7099.067109584808, 652.0681566773451, 905.9148525466821
7100.1432275772095, 295.0945030040671, 1631.3866393102026
7100.846345424652, 295.0945030040671, 1631.3866393102026
7101.349996328354, 295.0945030040671, 1631.3866393102026
7101.846667766571, 295.0945030040671, 1631.3866393102026
7102.361290216446, 295.0945030040671, 1631.3866393102026
7102.825048208237, 295.0945030040671, 1631.3866393102026
7103.353631496429, 295.0945030040671, 1631.3866393102026
7103.84631228447, 295.0945030040671, 1631.3866393102026
7104.359936952591, 295.0945030040671, 1631.3866393102026
7104.855609416962, 295.0945030040671, 1631.3866393102026
7105.357266426086, 295.0945030040671, 1631.3866393102026
7106.275806903839, 2526.0917574590358, 1681.0033853078103
7106.992887735367, 2526.0917574590358, 1681.0033853078103
7113.06861782074, 546.4021579477277, 1513.6884021784272
7113.81960773468, 546.4021579477277, 1513.6884021784272
7114.310294628143, 546.4021579477277, 1513.6884021784272
7114.832895517349, 546.4021579477277, 1513.6884021784272
7115.320588588715, 546.4021579477277, 1513.6884021784272
7115.819252729416, 546.4021579477277, 1513.6884021784272
7116.3268938064575, 546.4021579477277, 1513.6884021784272
7116.83852314949, 546.4021579477277, 1513.6884021784272
7117.320234537125, 546.4021579477277, 1513.6884021784272
7117.800947666168, 546.4021579477277, 1513.6884021784272
7118.314573049545, 546.4021579477277, 1513.6884021784272
7118.811242580414, 546.4021579477277, 1513.6884021784272
7119.346808195114, 546.4021579477277, 1513.6884021784272
7119.8185448646545, 546.4021579477277, 1513.6884021784272
7120.6852242946625, 190.49103151910876, 1288.378761023643
7121.444191932678, 190.49103151910876, 1288.378761023643
7121.950835943222, 190.49103151910876, 1288.378761023643
7122.434540748596, 190.49103151910876, 1288.378761023643
7122.953152894974, 190.49103151910876, 1288.378761023643
7123.624355554581, 1905.6698223420142, 1522.8068896223626
7124.338442564011, 1905.6698223420142, 1522.8068896223626
7124.837108612061, 1905.6698223420142, 1522.8068896223626
7125.343752861023, 1905.6698223420142, 1522.8068896223626
7125.843413114548, 1905.6698223420142, 1522.8068896223626
7126.3131556510925, 1905.6698223420142, 1522.8068896223626
7126.846728086472, 1905.6698223420142, 1522.8068896223626
7127.686478853226, 1839.1546254051668, 2626.7605694182025
7128.424502372742, 1839.1546254051668, 2626.7605694182025
7128.9092054367065, 1839.1546254051668, 2626.7605694182025
7129.395901441574, 1839.1546254051668, 2626.7605694182025
7129.919500589371, 1839.1546254051668, 2626.7605694182025
7130.378272533417, 1839.1546254051668, 2626.7605694182025
7130.919821739197, 1839.1546254051668, 2626.7605694182025
7131.406518697739, 1839.1546254051668, 2626.7605694182025
7131.922137498856, 1839.1546254051668, 2626.7605694182025
7132.411827087402, 1839.1546254051668, 2626.7605694182025
7132.888552188873, 1839.1546254051668, 2626.7605694182025
7133.384223461151, 1839.1546254051668, 2626.7605694182025
7134.235943555832, 2572.4615229831206, 2238.2786269484636
7135.026825904846, 2572.4615229831206, 2238.2786269484636
7135.5215010643005, 2572.4615229831206, 2238.2786269484636
7136.085989713669, 3745.7618260579547, 1574.2326654285878
7137.20200252533, 3332.5102889325062, 1294.3080621834263
7137.969946146011, 3332.5102889325062, 1294.3080621834263
7138.4606330394745, 3332.5102889325062, 1294.3080621834263
7138.9553072452545, 3332.5102889325062, 1294.3080621834263
7139.4649431705475, 3332.5102889325062, 1294.3080621834263
7139.971585988998, 3332.5102889325062, 1294.3080621834263
7140.463269710541, 3332.5102889325062, 1294.3080621834263
7140.97589802742, 3332.5102889325062, 1294.3080621834263
7141.667046070099, 3870.008010671465, 1439.7127197207226
7142.63445687294, 1252.637196840648, 880.0735620529406
7143.355526447296, 1252.637196840648, 880.0735620529406
7143.861172914505, 1252.637196840648, 880.0735620529406
7144.588225603104, 1085.1820639590478, 498.6180788368666
7145.587550163269, 1157.3564228852447, 332.52673965071824
7146.579892873764, 1159.795508293646, 237428.81404232737
7147.635068178177, 1198.1299543879038, 765.2587662445708
7148.395033597946, 1198.1299543879038, 765.2587662445708
7148.888711452484, 1198.1299543879038, 765.2587662445708
7149.366441011429, 1198.1299543879038, 765.2587662445708
7149.871081113815, 1198.1299543879038, 765.2587662445708
7150.365757703781, 1198.1299543879038, 765.2587662445708
7150.854449510574, 1198.1299543879038, 765.2587662445708
7151.372062206268, 1198.1299543879038, 765.2587662445708
7151.883692264557, 1198.1299543879038, 765.2587662445708
7152.3723838329315, 1198.1299543879038, 765.2587662445708
7152.863070487976, 1198.1299543879038, 765.2587662445708
7153.377691984177, 1198.1299543879038, 765.2587662445708
7153.876357555389, 1198.1299543879038, 765.2587662445708
7154.378014802933, 1198.1299543879038, 765.2587662445708
7154.883660316467, 1198.1299543879038, 765.2587662445708
7155.378335475922, 1198.1299543879038, 765.2587662445708
7155.8630385398865, 1198.1299543879038, 765.2587662445708
7156.37766122818, 1198.1299543879038, 765.2587662445708
7156.871339082718, 1198.1299543879038, 765.2587662445708
7157.372995376587, 1198.1299543879038, 765.2587662445708
7157.862685203552, 1198.1299543879038, 765.2587662445708
7158.561812877655, 1814.531546725532, 1815.982422956125
7159.344716787338, 1814.531546725532, 1815.982422956125
7159.835402965546, 1814.531546725532, 1815.982422956125
7160.34503865242, 1814.531546725532, 1815.982422956125
7160.829740524292, 1814.531546725532, 1815.982422956125
7161.3363835811615, 1814.531546725532, 1815.982422956125
7161.826074361801, 1814.531546725532, 1815.982422956125
7162.328727245331, 1814.531546725532, 1815.982422956125
7163.151524543762, 3797.3267897840324, 2521.026237729853
7163.891542196274, 3797.3267897840324, 2521.026237729853
7164.385220050812, 3797.3267897840324, 2521.026237729853
7164.896851301193, 3797.3267897840324, 2521.026237729853
7165.380556344986, 3797.3267897840324, 2521.026237729853
7166.134537220001, 924.0862094829032, 1715.933414354326
7166.870568275452, 924.0862094829032, 1715.933414354326
7167.377210140228, 924.0862094829032, 1715.933414354326
7167.882855415344, 924.0862094829032, 1715.933414354326
7168.403462409973, 924.0862094829032, 1715.933414354326
7168.887166976929, 924.0862094829032, 1715.933414354326
7169.381842374802, 924.0862094829032, 1715.933414354326
7169.868540048599, 924.0862094829032, 1715.933414354326
7170.364212751389, 924.0862094829032, 1715.933414354326
7170.86985874176, 924.0862094829032, 1715.933414354326
7171.312673091888, 924.0862094829032, 1715.933414354326
7171.786403656006, 924.0862094829032, 1715.933414354326
7172.382807731628, 924.0862094829032, 1715.933414354326
7172.862523317337, 924.0862094829032, 1715.933414354326
7173.371162414551, 924.0862094829032, 1715.933414354326
7174.076273202896, 3515.40151308451, 8227.35809347335
7178.532343626022, 2226.2025708282845, -12650.605433907449
7178.814587593079, 2226.2025708282845, -12650.605433907449
7179.332201719284, 2226.2025708282845, -12650.605433907449
7179.82986831665, 2226.2025708282845, -12650.605433907449
7180.326539516449, 2226.2025708282845, -12650.605433907449
7180.82320857048, 2226.2025708282845, -12650.605433907449
7181.593147516251, 1957.6671376957627, 137.53457143363596
7187.120348930359, 2774.4807990693557, 2558.724873703729
7187.8853006362915, 2774.4807990693557, 2558.724873703729
7188.376985549927, 2774.4807990693557, 2558.724873703729
7188.888614654541, 2774.4807990693557, 2558.724873703729
7189.387279033661, 2774.4807990693557, 2558.724873703729
7189.847048282623, 2774.4807990693557, 2558.724873703729
7190.379622936249, 2774.4807990693557, 2558.724873703729
7190.8653218746185, 2774.4807990693557, 2558.724873703729
7191.369970560074, 2774.4807990693557, 2558.724873703729
7191.863649606705, 2774.4807990693557, 2558.724873703729
7192.3852524757385, 2774.4807990693557, 2558.724873703729
7192.869954824448, 2774.4807990693557, 2558.724873703729
7193.390562295914, 2774.4807990693557, 2558.724873703729
7193.894214391708, 2774.4807990693557, 2558.724873703729
7194.388887643814, 2774.4807990693557, 2558.724873703729
7194.87359046936, 2774.4807990693557, 2558.724873703729
7195.4011771678925, 2774.4807990693557, 2558.724873703729
7195.87989616394, 2774.4807990693557, 2558.724873703729
7196.387536764145, 2774.4807990693557, 2558.724873703729
7196.880218029022, 2774.4807990693557, 2558.724873703729
7197.407804727554, 2774.4807990693557, 2558.724873703729
7197.882533311844, 2774.4807990693557, 2558.724873703729
7198.373219490051, 2774.4807990693557, 2558.724873703729
7199.095286369324, 1782.9906312538458, 1984.4274251346596
7199.839294672012, 1782.9906312538458, 1984.4274251346596
7200.329982042313, 1782.9906312538458, 1984.4274251346596
7200.846597909927, 1782.9906312538458, 1984.4274251346596
7201.352244615555, 1782.9906312538458, 1984.4274251346596
7201.828968286514, 1782.9906312538458, 1984.4274251346596
7202.33261847496, 1782.9906312538458, 1984.4274251346596
7202.836270570755, 1782.9906312538458, 1984.4274251346596
7203.344908952713, 1782.9906312538458, 1984.4274251346596
7203.852550029755, 1782.9906312538458, 1984.4274251346596
7204.362185001373, 1782.9906312538458, 1984.4274251346596
7204.836914300919, 1782.9906312538458, 1984.4274251346596
7205.352533340454, 1782.9906312538458, 1984.4274251346596
7205.829257249832, 1782.9906312538458, 1984.4274251346596
7217.086117506027, 100.50193453351224, 1537.6541711029467
7218.148273468018, 1830.7520504665483, 1056.5191358220322
7218.897267580032, 1830.7520504665483, 1056.5191358220322
7219.394935846329, 1830.7520504665483, 1056.5191358220322
7219.879637718201, 1830.7520504665483, 1056.5191358220322
7220.389273405075, 1830.7520504665483, 1056.5191358220322
7220.905890703201, 1830.7520504665483, 1056.5191358220322
7221.425500392914, 1830.7520504665483, 1056.5191358220322
7221.886265516281, 1830.7520504665483, 1056.5191358220322
7222.389917373657, 1830.7520504665483, 1056.5191358220322
7223.260586261749, 3693.1106584195254, 1441.278831436006
7223.979660749435, 3693.1106584195254, 1441.278831436006
7224.481317520142, 3693.1106584195254, 1441.278831436006
7224.963027477264, 3693.1106584195254, 1441.278831436006
7225.48263669014, 3693.1106584195254, 1441.278831436006
7225.971328496933, 3693.1106584195254, 1441.278831436006
7226.474979639053, 3693.1106584195254, 1441.278831436006
7226.9776339530945, 3693.1106584195254, 1441.278831436006
7227.6129331588745, 630.5340706410675, 162.76215159420838
7228.3539497852325, 630.5340706410675, 162.76215159420838
7228.852614164352, 630.5340706410675, 162.76215159420838
7229.355267524719, 630.5340706410675, 162.76215159420838
7229.860915184021, 630.5340706410675, 162.76215159420838
7230.367557048798, 630.5340706410675, 162.76215159420838
7230.865225553513, 630.5340706410675, 162.76215159420838
7231.370871067047, 630.5340706410675, 162.76215159420838
7231.858565568924, 630.5340706410675, 162.76215159420838
7232.353240966797, 630.5340706410675, 162.76215159420838
7232.851907014847, 630.5340706410675, 162.76215159420838
7233.349573612213, 630.5340706410675, 162.76215159420838
7233.861202955246, 630.5340706410675, 162.76215159420838
7234.611195087433, 1727.8689520192652, 1275.5273021170697
7235.344232797623, 1727.8689520192652, 1275.5273021170697
7235.828934669495, 1727.8689520192652, 1275.5273021170697
7236.330592393875, 1727.8689520192652, 1275.5273021170697
7236.843218564987, 1727.8689520192652, 1275.5273021170697
7237.580246448517, 2039.6265488349636, 2195.998140998539
7238.3312356472015, 2039.6265488349636, 2195.998140998539
7239.090203046799, 2877.6780965584267, 1323.8910543260272
7240.233144044876, 3210.5805848581394, 1594.6308820910585
7241.101818561554, 2270.4786693538113, 1577.6077758938295
7241.8607857227325, 2270.4786693538113, 1577.6077758938295
7242.350473642349, 2270.4786693538113, 1577.6077758938295
7242.864098787308, 2270.4786693538113, 1577.6077758938295
7243.359774112701, 2270.4786693538113, 1577.6077758938295
7243.852452754974, 2270.4786693538113, 1577.6077758938295
7244.568535327911, 2328.030687162121, 618.3065310195185
7245.339470863342, 2328.030687162121, 618.3065310195185
7245.828162908554, 2328.030687162121, 618.3065310195185
7246.320844888687, 2328.030687162121, 618.3065310195185
7246.817514419556, 2328.030687162121, 618.3065310195185
7247.334130764008, 2328.030687162121, 618.3065310195185
7247.841770887375, 2328.030687162121, 618.3065310195185
7248.32846903801, 2328.030687162121, 618.3065310195185
7249.215094327927, 2779.0190794449795, 2373.7619294329343
7249.943146467209, 2779.0190794449795, 2373.7619294329343
7250.589414596558, 3938.4966324906213, 646.4999999999885
7251.337411880493, 3938.4966324906213, 646.4999999999885
7251.849042415619, 3938.4966324906213, 646.4999999999885
7252.694778680801, 3236.025359682047, 2915.604231600158
7253.447761297226, 3236.025359682047, 2915.604231600158
7253.939445257187, 3236.025359682047, 2915.604231600158
7254.44708609581, 3236.025359682047, 2915.604231600158
7254.938769817352, 3236.025359682047, 2915.604231600158
7255.438431978226, 3236.025359682047, 2915.604231600158
7255.950062513351, 3236.025359682047, 2915.604231600158
7256.435761928558, 3236.025359682047, 2915.604231600158
7256.958362340927, 3236.025359682047, 2915.604231600158
7257.454035758972, 3236.025359682047, 2915.604231600158
7257.948710680008, 3236.025359682047, 2915.604231600158
7258.441391706467, 3236.025359682047, 2915.604231600158
7259.098632574081, 3500.779722256838, 1568.7254917894184
7259.840645074844, 3500.779722256838, 1568.7254917894184
7260.345298051834, 3500.779722256838, 1568.7254917894184
7260.851937294006, 3500.779722256838, 1568.7254917894184
7261.3665599823, 3500.779722256838, 1568.7254917894184
7261.818350315094, 3500.779722256838, 1568.7254917894184
7262.638155221939, 2154.3525202038472, 1996.218482329385
7263.339278459549, 2154.3525202038472, 1996.218482329385
7264.240864992142, 2997.234947236256, 6.403913497415804
7264.999833106995, 2997.234947236256, 6.403913497415804
7265.481542825699, 2997.234947236256, 6.403913497415804
7265.9752202034, 2997.234947236256, 6.403913497415804
7266.472887516022, 2997.234947236256, 6.403913497415804
7266.991498947144, 2997.234947236256, 6.403913497415804
7267.495151519775, 2997.234947236256, 6.403913497415804
7267.955917358398, 2997.234947236256, 6.403913497415804
7268.568277597427, 9810.185058219367, 2463.69256575792
7269.781030893326, 3683.4815892468137, 1544.7777625693957
7270.553960800171, 3683.4815892468137, 1544.7777625693957
7271.55428314209, 3683.4815892468137, 1544.7777625693957
7272.525682210922, 3683.4815892468137, 1544.7777625693957
7273.012379407883, 3683.4815892468137, 1544.7777625693957
7273.53498005867, 3683.4815892468137, 1544.7777625693957
7274.048606157303, 3683.4815892468137, 1544.7777625693957
7274.516352176666, 3683.4815892468137, 1544.7777625693957
7275.046931743622, 3683.4815892468137, 1544.7777625693957
7275.541606426239, 3683.4815892468137, 1544.7777625693957
7276.062213182449, 3683.4815892468137, 1544.7777625693957
7277.043585777283, 2003.7649401255399, -1977.0311183763347
7277.340790271759, 2003.7649401255399, -1977.0311183763347
7277.816516160965, 2003.7649401255399, -1977.0311183763347
7278.336125135422, 2003.7649401255399, -1977.0311183763347
7278.81683754921, 2003.7649401255399, -1977.0311183763347
7279.303534984589, 2003.7649401255399, -1977.0311183763347
7279.834114074707, 2003.7649401255399, -1977.0311183763347
7280.336769104004, 2003.7649401255399, -1977.0311183763347
7280.831444501877, 2003.7649401255399, -1977.0311183763347
7281.329112529755, 2003.7649401255399, -1977.0311183763347
7281.828775644302, 2003.7649401255399, -1977.0311183763347
7282.353368759155, 2003.7649401255399, -1977.0311183763347
7282.84804391861, 2003.7649401255399, -1977.0311183763347
7283.567118883133, 2985.9863116129204, 2851.007683784695
7284.351022481918, 2985.9863116129204, 2851.007683784695
7284.818769454956, 2985.9863116129204, 2851.007683784695
7285.329401016235, 2985.9863116129204, 2851.007683784695
7285.832054853439, 2985.9863116129204, 2851.007683784695
7286.330720424652, 2985.9863116129204, 2851.007683784695
7286.819411754608, 2985.9863116129204, 2851.007683784695
7287.3200714588165, 2985.9863116129204, 2851.007683784695
7287.837685823441, 2985.9863116129204, 2851.007683784695
7288.32936835289, 2985.9863116129204, 2851.007683784695
7288.82005572319, 2985.9863116129204, 2851.007683784695
7289.327695608139, 2985.9863116129204, 2851.007683784695
7290.058738708496, 2082.1143679380757, 1999.4208055803128
7290.831669092178, 2082.1143679380757, 1999.4208055803128
7291.321358680725, 2082.1143679380757, 1999.4208055803128
7291.843958616257, 2082.1143679380757, 1999.4208055803128
7292.324671983719, 2082.1143679380757, 1999.4208055803128
7292.81834936142, 2082.1143679380757, 1999.4208055803128
7296.0387279987335, 1063.91271553395, 2392.542682994812
7296.346901655197, 1063.91271553395, 2392.542682994812
7296.8635194301605, 1063.91271553395, 2392.542682994812
7297.347225189209, 1063.91271553395, 2392.542682994812
7297.824946880341, 1063.91271553395, 2392.542682994812
7298.332586288452, 1063.91271553395, 2392.542682994812
7298.826264858246, 1063.91271553395, 2392.542682994812
7299.330913305283, 1063.91271553395, 2392.542682994812
7299.854511022568, 1063.91271553395, 2392.542682994812
7300.3302364349365, 1063.91271553395, 2392.542682994812
7300.837878704071, 1063.91271553395, 2392.542682994812
7301.33953499794, 1063.91271553395, 2392.542682994812
7301.834211111069, 1063.91271553395, 2392.542682994812
7302.326890707016, 1063.91271553395, 2392.542682994812
7302.824558496475, 1063.91271553395, 2392.542682994812
7303.334195137024, 1063.91271553395, 2392.542682994812
7303.831862211227, 1063.91271553395, 2392.542682994812
7304.331524133682, 1063.91271553395, 2392.542682994812
7304.824204444885, 1063.91271553395, 2392.542682994812
7305.323869466782, 1063.91271553395, 2392.542682994812
7305.860431909561, 1063.91271553395, 2392.542682994812
7306.329175710678, 1063.91271553395, 2392.542682994812
7306.8328268527985, 1063.91271553395, 2392.542682994812
7307.630690574646, 3234.28302058211, 2808.5729965176033
7308.343781471252, 3234.28302058211, 2808.5729965176033
7309.054877996445, 1948.6498737926224, 599.8928894573729
7309.784923791885, 1948.6498737926224, 599.8928894573729
7311.588094949722, -39100.75081443806, 355.7819981313571
7312.358033418655, -39100.75081443806, 355.7819981313571
7312.853706598282, -39100.75081443806, 355.7819981313571
7313.662541151047, 506.1587724409916, 1271.2813795079273
7315.594369888306, 1989.0001463505835, 582.1000653010049
7316.346358299255, 1989.0001463505835, 582.1000653010049
7317.091360330582, 1433.73693053022, 117.9432283016544
7317.849331140518, 1433.73693053022, 117.9432283016544
7318.558433294296, 2767.419234974587, 1739.9924672789077
7319.307428598404, 2767.419234974587, 1739.9924672789077
7320.097314119339, -68634.99686807347, 977.6636821381614
7320.82635974884, -68634.99686807347, 977.6636821381614
7321.338987588882, -68634.99686807347, 977.6636821381614
7321.815712213516, -68634.99686807347, 977.6636821381614
7322.3393087387085, -68634.99686807347, 977.6636821381614
7322.822017192841, -68634.99686807347, 977.6636821381614
7323.3486070632935, -68634.99686807347, 977.6636821381614
7323.819347143173, -68634.99686807347, 977.6636821381614
7324.340950727463, -68634.99686807347, 977.6636821381614
7324.848591327667, -68634.99686807347, 977.6636821381614
7325.357229709625, -68634.99686807347, 977.6636821381614
7325.858887672424, -68634.99686807347, 977.6636821381614
7326.355557203293, -68634.99686807347, 977.6636821381614
7326.855217933655, -68634.99686807347, 977.6636821381614
7327.350891590118, -68634.99686807347, 977.6636821381614
7327.865515470505, -68634.99686807347, 977.6636821381614
7328.370162248611, -68634.99686807347, 977.6636821381614
7328.848880529404, -68634.99686807347, 977.6636821381614
7329.327600479126, -68634.99686807347, 977.6636821381614
7329.863164424896, -68634.99686807347, 977.6636821381614
7330.340886831284, -68634.99686807347, 977.6636821381614
7330.845535516739, -68634.99686807347, 977.6636821381614
7331.331234455109, -68634.99686807347, 977.6636821381614
7332.091199398041, 3460.1808413419953, 867.9220015284357
7332.840193271637, 3460.1808413419953, 867.9220015284357
7333.356810808182, 3460.1808413419953, 867.9220015284357
7333.843509435654, 3460.1808413419953, 867.9220015284357
7334.342173099518, 3460.1808413419953, 867.9220015284357
7334.825877189636, 3460.1808413419953, 867.9220015284357
7335.344488620758, 3460.1808413419953, 867.9220015284357
7335.837170600891, 3460.1808413419953, 867.9220015284357
7336.331845521927, 3460.1808413419953, 867.9220015284357
7336.82951426506, 3460.1808413419953, 867.9220015284357
7337.564544916153, 2873.912876402188, 786.9763737201515
7338.657618045807, 34610.49813352382, 2314.535099090191
7339.594110965729, 2065.7067778541696, 2026.8023285280024
7340.623355388641, 1763.6256235135272, 2790.8156083847507
7341.341433286667, 1763.6256235135272, 2790.8156083847507
7342.238032341003, 999.0020678526079, 2038.4719040570458
7343.021932840347, 999.0020678526079, 2038.4719040570458
7343.493671417236, 999.0020678526079, 2038.4719040570458
7344.052174329758, 2987.32437006285, 1299.6214253251428
7344.822113275528, 2987.32437006285, 1299.6214253251428
7345.321776151657, 2987.32437006285, 1299.6214253251428
7346.0508234500885, 1627.6019744414257, 1948.5420950031555
7347.075082063675, 624.9002621765695, 1833.272783666475
7347.79914355278, 624.9002621765695, 1833.272783666475
7348.338697433472, 624.9002621765695, 1833.272783666475
7348.8074424266815, 624.9002621765695, 1833.272783666475
7349.587354660034, 194.37074590929376, 1445.0026068897232
7350.570722818375, 1858.9653724888149, 111.44306470372248
7351.363599538803, 1858.9653724888149, 111.44306470372248
7351.8672506809235, 1858.9653724888149, 111.44306470372248
7352.574357509613, 3995.4500793999036, 1445.986814885341
7353.351277112961, 3995.4500793999036, 1445.986814885341
7353.8509402275085, 3995.4500793999036, 1445.986814885341
7354.550067186356, 505.2292929511904, 2474.3274426074145
7355.6750564575195, 588.0077535833735, 1964.0149294016865
7356.629499912262, 6.386120746571222, 1172.3997426885091
7357.384479999542, 6.386120746571222, 1172.3997426885091
7357.880151987076, 6.386120746571222, 1172.3997426885091
7358.3568749427795, 6.386120746571222, 1172.3997426885091
7358.894436120987, 6.386120746571222, 1172.3997426885091
7359.397090911865, 6.386120746571222, 1172.3997426885091
7359.894757509232, 6.386120746571222, 1172.3997426885091
7360.667687177658, 1846.0375834424046, 547.3457013984909
7361.372800827026, 1846.0375834424046, 547.3457013984909
7364.06259894371, 3544.033493265514, 1058.5380991667998
7365.076882839203, 1295.0185727882567, 1048.6689824446712
7365.814906358719, 1295.0185727882567, 1048.6689824446712
7366.330525636673, 1295.0185727882567, 1048.6689824446712
7366.807250261307, 1295.0185727882567, 1048.6689824446712
7367.6230664253235, 2241.7647311587643, 2572.6224855619303
7368.362087249756, 2241.7647311587643, 2572.6224855619303
7368.862747192383, 2241.7647311587643, 2572.6224855619303
7369.6416602134705, 1276.923351325948, 2671.758938015775
7370.561199188232, 2008.514576812346, 1195.4714688685958
7375.051177740097, 496.7231042158212, 1662.151251215181
7375.3324246406555, 496.7231042158212, 1662.151251215181
7375.814134597778, 496.7231042158212, 1662.151251215181
7376.321776151657, 496.7231042158212, 1662.151251215181
7376.822434186935, 496.7231042158212, 1662.151251215181
7377.332070112228, 496.7231042158212, 1662.151251215181
7377.816772699356, 496.7231042158212, 1662.151251215181
7378.298482656479, 496.7231042158212, 1662.151251215181
7379.064432144165, 1945.7572149801679, 705.1013922832614
7379.766553878784, 1945.7572149801679, 705.1013922832614
7380.301121473312, 1945.7572149801679, 705.1013922832614
7381.056098937988, -29337.59407150402, 1315.994747179996
7381.78414940834, -29337.59407150402, 1315.994747179996
7382.552094697952, 1822.5338932463085, 1764.5537632217122
7383.346965551376, 1822.5338932463085, 1764.5537632217122
7383.854607582092, 1822.5338932463085, 1764.5537632217122
7384.347287893295, 1822.5338932463085, 1764.5537632217122
7384.837974786758, 1822.5338932463085, 1764.5537632217122
7385.359576702118, 1822.5338932463085, 1764.5537632217122
7385.839293718338, 1822.5338932463085, 1764.5537632217122
7386.582303524017, 2282.9151388172927, 2689.24044112628
7387.329304218292, 2282.9151388172927, 2689.24044112628
7388.035413742065, 2035.0026339183244, 1420.5856102383136
7388.334611415863, 2035.0026339183244, 1420.5856102383136
7388.823303461075, 2035.0026339183244, 1420.5856102383136
7389.644106388092, 71.00640751305387, 1278.3923875395076
7390.324285030365, 71.00640751305387, 1278.3923875395076
7390.859849691391, 71.00640751305387, 1278.3923875395076
7391.353530168533, 71.00640751305387, 1278.3923875395076
7391.84521317482, 71.00640751305387, 1278.3923875395076
7392.345871925354, 71.00640751305387, 1278.3923875395076
7393.123788833618, 3163.7297312848696, 1512.0471327950856
7393.870789051056, 3163.7297312848696, 1512.0471327950856
7394.369453907013, 3163.7297312848696, 1512.0471327950856
7394.821244955063, 3163.7297312848696, 1512.0471327950856
7395.3558123111725, 3163.7297312848696, 1512.0471327950856
7395.802617073059, 3163.7297312848696, 1512.0471327950856
7396.354140758514, 3163.7297312848696, 1512.0471327950856
7396.852805614471, 3163.7297312848696, 1512.0471327950856
7397.539964914322, 948.5971790769337, 1216.6608839208614
7397.820216655731, 948.5971790769337, 1216.6608839208614
7398.345807552338, 948.5971790769337, 1216.6608839208614
7398.828514814377, 948.5971790769337, 1216.6608839208614
7399.610422372818, 209.08107923028936, 2269.1497309491897
7401.573166131973, 2242.7856686564955, 2037.7563085049467
7402.580470085144, 2492.607929931759, 1181.7908170421053
7403.324477434158, 2492.607929931759, 1181.7908170421053
7403.836107254028, 2492.607929931759, 1181.7908170421053
7404.314826250076, 2492.607929931759, 1181.7908170421053
7404.830444812775, 2492.607929931759, 1181.7908170421053
7405.322128772736, 2492.607929931759, 1181.7908170421053
7405.846724033356, 2492.607929931759, 1181.7908170421053
7406.336413145065, 2492.607929931759, 1181.7908170421053
7406.8340809345245, 2492.607929931759, 1181.7908170421053
7407.322772502899, 2492.607929931759, 1181.7908170421053
7409.100013256073, 734.7037726964177, 1889.933450781654
7410.237967014313, -3221.021339898095, 2457.6383402995607
7410.948065280914, -3221.021339898095, 2457.6383402995607
7411.490612745285, -3221.021339898095, 2457.6383402995607
7412.085021972656, 1511.5919886335103, 551.2365355815679
7412.773179531097, 1511.5919886335103, 551.2365355815679
7413.3506326675415, 1511.5919886335103, 551.2365355815679
7413.806411981583, 1511.5919886335103, 551.2365355815679
7414.334996938705, 1511.5919886335103, 551.2365355815679
7414.829673051834, 1511.5919886335103, 551.2365355815679
7415.354267835617, 1511.5919886335103, 551.2365355815679
7415.828998804092, 1511.5919886335103, 551.2365355815679
7416.368552684784, 1511.5919886335103, 551.2365355815679
7416.836300849915, 1511.5919886335103, 551.2365355815679
7417.580308437347, 3688.971264110223, 1402.6028631151917
7418.339277982712, 3688.971264110223, 1402.6028631151917
7418.848913908005, 3688.971264110223, 1402.6028631151917
7419.5570158958435, 3871.9874491265914, 870.9719423262328
7420.587256193161, 377.6306259204901, 343.79886104783185
7428.169953346252, 2351.737782311067, 184.40497156397817
7430.531630992889, 3518.8618201613444, 1660.2203532712426
7430.819859027863, 3518.8618201613444, 1660.2203532712426
7431.318523645401, 3518.8618201613444, 1660.2203532712426
7431.821177005768, 3518.8618201613444, 1660.2203532712426
7432.318845748901, 3518.8618201613444, 1660.2203532712426
7432.815514564514, 3518.8618201613444, 1660.2203532712426
7433.326147079468, 3518.8618201613444, 1660.2203532712426
7433.804866313934, 3518.8618201613444, 1660.2203532712426
7434.312505722046, 3518.8618201613444, 1660.2203532712426
7434.811170578003, 3518.8618201613444, 1660.2203532712426
7435.330779314041, 3518.8618201613444, 1660.2203532712426
7435.813489198685, 3518.8618201613444, 1660.2203532712426
7436.318135738373, 3518.8618201613444, 1660.2203532712426
7436.818794965744, 3518.8618201613444, 1660.2203532712426
7437.32643532753, 3518.8618201613444, 1660.2203532712426
7437.820113420486, 3518.8618201613444, 1660.2203532712426
7438.306811332703, 3518.8618201613444, 1660.2203532712426
7439.018903970718, 2155.4891905618824, 1029.2608155951345
7439.2981588840485, 2155.4891905618824, 1029.2608155951345
7440.074079275131, 2503.5320639269657, 259.5610282241885
7440.850000858307, 2503.5320639269657, 259.5610282241885
7441.330715179443, 2503.5320639269657, 259.5610282241885
7441.8503222465515, 2503.5320639269657, 259.5610282241885
7442.329041481018, 2503.5320639269657, 259.5610282241885
7442.843663692474, 2503.5320639269657, 259.5610282241885
7443.32537317276, 2503.5320639269657, 259.5610282241885
7443.852959871292, 2503.5320639269657, 259.5610282241885
7444.343646764755, 2503.5320639269657, 259.5610282241885
7444.8163805007935, 2503.5320639269657, 259.5610282241885
7445.339978456497, 2503.5320639269657, 259.5610282241885
7446.103932619095, 1057.270559482027, 1391.886208859111
7447.054388046265, 1091.2493236287248, 1401.1024520812634
7447.810363769531, 1091.2493236287248, 1401.1024520812634
7448.319001913071, 1091.2493236287248, 1401.1024520812634
7448.810685634613, 1091.2493236287248, 1401.1024520812634
7449.315334320068, 1091.2493236287248, 1401.1024520812634
7449.808016061783, 1091.2493236287248, 1401.1024520812634
7450.326626062393, 1091.2493236287248, 1401.1024520812634
7451.086591243744, 2546.824376266664, 3715.026865673684
7451.815639734268, 2546.824376266664, 3715.026865673684
7452.334249973297, 2546.824376266664, 3715.026865673684
7452.856853723526, 2546.824376266664, 3715.026865673684
7453.329585075378, 2546.824376266664, 3715.026865673684
7453.838223934174, 2546.824376266664, 3715.026865673684
7454.331902980804, 2546.824376266664, 3715.026865673684
7454.852507829666, 2546.824376266664, 3715.026865673684
7455.313274383545, 2546.824376266664, 3715.026865673684
7455.827896118164, 2546.824376266664, 3715.026865673684
7456.331546783447, 2546.824376266664, 3715.026865673684
7457.400684356689, 1407.9933490714157, 1629.3910924404352
7458.183587551117, 1407.9933490714157, 1629.3910924404352
7459.101130962372, 228.703119975627, 1472.1258635538297
7459.879048109055, 228.703119975627, 1472.1258635538297
7460.367739915848, 228.703119975627, 1472.1258635538297
7460.8634121418, 228.703119975627, 1472.1258635538297
7461.803894519806, 2954.023978700187, 2946.003379684752
7462.573832988739, 2954.023978700187, 2946.003379684752
7463.58612203598, -1489.0193875710575, 1730.3842707584945
7464.385980129242, -1489.0193875710575, 1730.3842707584945
7464.883647918701, -1489.0193875710575, 1730.3842707584945
7465.624664068222, 1423.275020950131, 39362.59998781681
7466.381637096405, 1423.275020950131, 39362.59998781681
7467.070791482925, 439.0577190073328, 1043.260579928133
7467.822777509689, 439.0577190073328, 1043.260579928133
7468.330418348312, 439.0577190073328, 1043.260579928133
7468.84703540802, 439.0577190073328, 1043.260579928133
7469.58505988121, 3822.4654891967557, 1585.5774984688971
7470.3649706840515, 3822.4654891967557, 1585.5774984688971
7470.836708307266, 3822.4654891967557, 1585.5774984688971
7471.325398921967, 3822.4654891967557, 1585.5774984688971
7471.83303976059, 3822.4654891967557, 1585.5774984688971
7472.544136285782, 826.4300748612869, 2486.640965607053
7472.8373510837555, 826.4300748612869, 2486.640965607053
7473.324048042297, 826.4300748612869, 2486.640965607053
7473.839667081833, 826.4300748612869, 2486.640965607053
7474.330352783203, 826.4300748612869, 2486.640965607053
7474.830016613007, 826.4300748612869, 2486.640965607053
7475.324691534042, 826.4300748612869, 2486.640965607053
7475.829339265823, 826.4300748612869, 2486.640965607053
7476.3200261592865, 826.4300748612869, 2486.640965607053
7477.035110712051, 1934.6264803932077, 1431.308232857498
7477.340293169022, 1934.6264803932077, 1431.308232857498
7478.084300994873, 1685.6850897410557, 2130.4229534920955
7479.080633640289, 1039.4827403641905, 715.8985665558258
7480.100901603699, 3971.2948124973236, 878.9094550363607
7480.838926315308, 3971.2948124973236, 878.9094550363607
7481.360528945923, 3971.2948124973236, 878.9094550363607
7481.853209257126, 3971.2948124973236, 878.9094550363607
7482.363842248917, 3971.2948124973236, 878.9094550363607
7482.85253405571, 3971.2948124973236, 878.9094550363607
7483.375133752823, 3971.2948124973236, 878.9094550363607
7483.801992177963, 3971.2948124973236, 878.9094550363607
7484.351520061493, 3971.2948124973236, 878.9094550363607
7484.849188327789, 3971.2948124973236, 878.9094550363607
7485.360816717148, 3971.2948124973236, 878.9094550363607
7485.859482288361, 3971.2948124973236, 878.9094550363607
7486.590524435043, 2433.622526996273, 884.2962203126418
7487.597828388214, -673.5182349431586, 2330.569559459079
7488.298950910568, -673.5182349431586, 2330.569559459079
7488.8295295238495, -673.5182349431586, 2330.569559459079
7489.317224740982, -673.5182349431586, 2330.569559459079
7489.836832046509, -673.5182349431586, 2330.569559459079
7490.317547082901, -673.5182349431586, 2330.569559459079
7490.832166671753, -673.5182349431586, 2330.569559459079
7491.8005747795105, 1571.855220401809, 2994.3109659870665
7492.527626752853, 1571.855220401809, 2994.3109659870665
7493.07316660881, 1571.855220401809, 2994.3109659870665
7494.092436790466, 2978.072472936427, 463.82248074743126
7495.197478294373, 3925.24501664326, 2807.073716879195
7495.975395679474, 3925.24501664326, 2807.073716879195
7496.446136236191, 3925.24501664326, 2807.073716879195
7496.967738389969, 3925.24501664326, 2807.073716879195
7497.463411808014, 3925.24501664326, 2807.073716879195
7497.955094575882, 3925.24501664326, 2807.073716879195
7498.450767755508, 3925.24501664326, 2807.073716879195
7498.964391946793, 3925.24501664326, 2807.073716879195
7499.461062192917, 3925.24501664326, 2807.073716879195
7499.917840003967, 3925.24501664326, 2807.073716879195
7500.4464247226715, 3925.24501664326, 2807.073716879195
7500.96204328537, 3925.24501664326, 2807.073716879195
7501.58038854599, -70.69003311358505, 49.76174807563457
7502.571732759476, 2342.3473523050993, 1646.3739675150455
7506.13220000267, 3655.993512861031, 1544.4116305921189
7506.899146795273, 3655.993512861031, 1544.4116305921189
7507.391827583313, 3655.993512861031, 1544.4116305921189
7507.898470401764, 3655.993512861031, 1544.4116305921189
7508.397136211395, 3655.993512861031, 1544.4116305921189
7509.077312707901, 2354.7309313262595, 462.42433728502704
7509.875176906586, 2354.7309313262595, 462.42433728502704
7511.128821372986, 1649.2735906192513, 457.3104946362533
7512.13113617897, 766.4494368764213, 1021.7519444175125
7512.842231988907, 766.4494368764213, 1021.7519444175125
7513.367824554443, 766.4494368764213, 1021.7519444175125
7513.870479106903, 766.4494368764213, 1021.7519444175125
7514.389090538025, 766.4494368764213, 1021.7519444175125
7514.84487080574, 766.4494368764213, 1021.7519444175125
7515.354506731033, 766.4494368764213, 1021.7519444175125
7515.859154224396, 766.4494368764213, 1021.7519444175125
7516.390730142593, 766.4494368764213, 1021.7519444175125
7516.866456747055, 766.4494368764213, 1021.7519444175125
7517.383073568344, 766.4494368764213, 1021.7519444175125
7517.874756813049, 766.4494368764213, 1021.7519444175125
7518.357464790344, 766.4494368764213, 1021.7519444175125
7518.851143121719, 766.4494368764213, 1021.7519444175125
7519.325871229172, 766.4494368764213, 1021.7519444175125
7519.861437320709, 766.4494368764213, 1021.7519444175125
7520.3571100234985, 766.4494368764213, 1021.7519444175125
7523.58247423172, 2939.431880779607, 1438.9551235379467
7524.360391378403, 2939.431880779607, 1438.9551235379467
7524.858058452606, 2939.431880779607, 1438.9551235379467
7525.359715223312, 2939.431880779607, 1438.9551235379467
7526.501657485962, 875.0240652146919, 827.9961207158071
7527.220731973648, 875.0240652146919, 827.9961207158071
7528.192131519318, 875.0240652146919, 827.9961207158071
7529.088730335236, 875.0240652146919, 827.9961207158071
7530.203745603561, 875.0240652146919, 827.9961207158071
7531.04549074173, 3330.28498498416, 1629.7723184100116
7531.32075381279, 3330.28498498416, 1629.7723184100116
7531.812437534332, 3330.28498498416, 1629.7723184100116
7532.331048250198, 3330.28498498416, 1629.7723184100116
7532.840683698654, 3330.28498498416, 1629.7723184100116
7533.3054394721985, 3330.28498498416, 1629.7723184100116
7533.826046228409, 3330.28498498416, 1629.7723184100116
7534.304763317108, 3330.28498498416, 1629.7723184100116
7534.821380853653, 3330.28498498416, 1629.7723184100116
7535.313064336777, 3330.28498498416, 1629.7723184100116
7535.820704460144, 3330.28498498416, 1629.7723184100116
7536.327348709106, 3330.28498498416, 1629.7723184100116
7536.827010393143, 3330.28498498416, 1629.7723184100116
7537.3306620121, 3330.28498498416, 1629.7723184100116
7538.071677684784, 2772.458894826626, 2989.0000000685263
7538.825658321381, 2772.458894826626, 2989.0000000685263
7539.335293054581, 2772.458894826626, 2989.0000000685263
7539.825979948044, 2772.458894826626, 2989.0000000685263
7540.340601444244, 2772.458894826626, 2989.0000000685263
7540.8253037929535, 2772.458894826626, 2989.0000000685263
7541.32696056366, 2772.458894826626, 2989.0000000685263
7542.060995340347, 665.5952909291024, 574.6773166070641
7542.829936027527, 665.5952909291024, 574.6773166070641
7543.33159327507, 665.5952909291024, 574.6773166070641
7543.811308860779, 665.5952909291024, 574.6773166070641
7544.336901426315, 665.5952909291024, 574.6773166070641
7544.8285846710205, 665.5952909291024, 574.6773166070641
7545.344203948975, 665.5952909291024, 574.6773166070641
7545.829904794693, 665.5952909291024, 574.6773166070641
7546.5649354457855, 1405.4217196006757, 1814.94941755695
7547.570243597031, 3648.610993927544, 211.27811589713448
7548.314250946045, 3648.610993927544, 211.27811589713448
7548.825881481171, 3648.610993927544, 211.27811589713448
7549.333522319794, 3648.610993927544, 211.27811589713448
7549.832185983658, 3648.610993927544, 211.27811589713448
7550.31888461113, 3648.610993927544, 211.27811589713448
7550.8364980220795, 3648.610993927544, 211.27811589713448
7551.327184438705, 3648.610993927544, 211.27811589713448
7551.827843666077, 3648.610993927544, 211.27811589713448
7552.332492589951, 3648.610993927544, 211.27811589713448
7552.836143255234, 3648.610993927544, 211.27811589713448
7553.328825473785, 3648.610993927544, 211.27811589713448
7558.548847436905, 667.3138984744271, 286.4974059619857
7559.539194822311, 2892.44761011642, 1524.775613355492
7560.30813741684, 2892.44761011642, 1524.775613355492
7560.8107895851135, 2892.44761011642, 1524.775613355492
7561.28452205658, 2892.44761011642, 1524.775613355492
7562.079394102097, 1725.0907160682852, 1438.4715923203728
7563.167479991913, 1803.3984574851927, 1809.1168263802188
7563.908497095108, 1803.3984574851927, 1809.1168263802188
7564.408158779144, 1803.3984574851927, 1809.1168263802188
7564.907821893692, 1803.3984574851927, 1809.1168263802188
7565.396512508392, 1803.3984574851927, 1809.1168263802188
7566.073697805405, 1906.080879563524, 1944.4508458180455
7566.83865070343, 1906.080879563524, 1944.4508458180455
7567.355266571045, 1906.080879563524, 1944.4508458180455
7568.1212158203125, 536.5261564981993, 2040.9475595692447
7568.830317020416, 536.5261564981993, 2040.9475595692447
7569.375855922699, 536.5261564981993, 2040.9475595692447
7569.877512931824, 536.5261564981993, 2040.9475595692447
7570.376177549362, 536.5261564981993, 2040.9475595692447
7570.836943626404, 536.5261564981993, 2040.9475595692447
7571.390461921692, 536.5261564981993, 2040.9475595692447
7571.856215953827, 536.5261564981993, 2040.9475595692447
7572.373828887939, 536.5261564981993, 2040.9475595692447
7572.857533693314, 536.5261564981993, 2040.9475595692447
7573.631461620331, 2974.20581118468, 38.94569273799076
7574.6118376255035, 2427.0859030618717, 904.8409882938762
7575.63409948349, 2963.3598229457434, 0.3055580014418378
7576.599514007568, 1364.4911593926438, 549.1235815853344
7577.666655540466, 3981.607217479877, 2951.375371313304
7578.399693965912, 3981.607217479877, 2951.375371313304
7578.918305158615, 3981.607217479877, 2951.375371313304
7579.362117052078, 3981.607217479877, 2951.375371313304
7579.9206211566925, 3981.607217479877, 2951.375371313304
7580.3983426094055, 3981.607217479877, 2951.375371313304
7580.92692732811, 3981.607217479877, 2951.375371313304
7581.402652978897, 3981.607217479877, 2951.375371313304
7581.940213441849, 3981.607217479877, 2951.375371313304
7582.4109535217285, 3981.607217479877, 2951.375371313304
7583.068193435669, 490.32054967695586, 1343.259690249584
7584.072504043579, 2983.6014319585934, 1751.7632532066873
7585.087786197662, 635.0614171717627, 566.5148710859557
7585.827805280685, 635.0614171717627, 566.5148710859557
7586.35539150238, 635.0614171717627, 566.5148710859557
7586.835107326508, 635.0614171717627, 566.5148710859557
7587.333771944046, 635.0614171717627, 566.5148710859557
7587.840415239334, 635.0614171717627, 566.5148710859557
7588.3540391922, 635.0614171717627, 566.5148710859557
7588.858689069748, 635.0614171717627, 566.5148710859557
7589.362341403961, 635.0614171717627, 566.5148710859557
7589.838066339493, 635.0614171717627, 566.5148710859557
7592.566759586334, 1973.661114418968, 2650.9698412572325
7593.306778907776, 1973.661114418968, 2650.9698412572325
7593.811427354813, 1973.661114418968, 2650.9698412572325
7594.3170738220215, 1973.661114418968, 2650.9698412572325
7594.812745094299, 1973.661114418968, 2650.9698412572325
7595.314402341843, 1973.661114418968, 2650.9698412572325
7596.069380521774, 1963.4700867470456, 2436.021456745066
7596.876220941544, 1963.4700867470456, 2436.021456745066
7597.346960067749, 1963.4700867470456, 2436.021456745066
7598.136844158173, 3418.9999846106975, 1869.4506582438341
7599.048404216766, 3108.465323968683, 1777.4833606408026
7599.830310344696, 3108.465323968683, 1777.4833606408026
7600.334960460663, 3108.465323968683, 1777.4833606408026
7600.830631971359, 3108.465323968683, 1777.4833606408026
7601.346251010895, 3108.465323968683, 1777.4833606408026
7615.250023126602, 2956.59414143319, 123.99878279397765
7616.054867506027, 2956.59414143319, 123.99878279397765
7617.029257774353, 2956.59414143319, 123.99878279397765
7617.54886674881, 2956.59414143319, 123.99878279397765
7618.56115603447, 2956.59414143319, 123.99878279397765
7619.5375418663025, 2956.59414143319, 123.99878279397765
7620.020249128342, 2956.59414143319, 123.99878279397765
7620.541852235794, 2956.59414143319, 123.99878279397765
7621.600020647049, 1593.9650712465414, 2294.0506431628637
7622.367963314056, 1593.9650712465414, 2294.0506431628637
7622.8526656627655, 1593.9650712465414, 2294.0506431628637
7623.567750453949, 3513.8558103399987, 482.05966883749227
7624.342675924301, 3513.8558103399987, 482.05966883749227
7624.833361387253, 3513.8558103399987, 482.05966883749227
7625.295125007629, 3513.8558103399987, 482.05966883749227
7625.825706481934, 3513.8558103399987, 482.05966883749227
7626.716319561005, 3005.0875497234865, 2436.6165330301365
7627.589979887009, 2642.7094114994275, 1704.123539634959
7628.34396314621, 2642.7094114994275, 1704.123539634959
7631.056697368622, 1998.2118750123764, 1329.4504434686944
7632.784073114395, 3443.8394865508253, 332.94387627320856
7633.551018953323, 3443.8394865508253, 332.94387627320856
7634.56530380249, 3023.420901601339, 2120.2403122460905
7635.352195739746, 3023.420901601339, 2120.2403122460905
7635.835901021957, 3023.420901601339, 2120.2403122460905
7636.63875079155, 3076.807140400433, 1102.0810411211755
7638.562599182129, 1654.6130415871885, 1495.8672285340901
7639.588852643967, -2189.393173448378, 21212.328482011435
7640.339840173721, -2189.393173448378, 21212.328482011435
7640.846483469009, -2189.393173448378, 21212.328482011435
7641.343155145645, -2189.393173448378, 21212.328482011435
7641.858773946762, -2189.393173448378, 21212.328482011435
7642.355443716049, -2189.393173448378, 21212.328482011435
7642.853110790253, -2189.393173448378, 21212.328482011435
7643.3727197647095, -2189.393173448378, 21212.328482011435
7643.860413789749, -2189.393173448378, 21212.328482011435
7644.369052410126, -2189.393173448378, 21212.328482011435
7644.8308165073395, -2189.393173448378, 21212.328482011435
7645.354413986206, -2189.393173448378, 21212.328482011435
7645.862054347992, -2189.393173448378, 21212.328482011435
7646.35174369812, -2189.393173448378, 21212.328482011435
7646.837443828583, -2189.393173448378, 21212.328482011435
7647.55651807785, 2270.5000000000878, 1540.6444684090686
7650.536537885666, 2754.156573511143, 3729.6522378264153
7650.833743095398, 2754.156573511143, 3729.6522378264153
7651.3104655742645, 2754.156573511143, 3729.6522378264153
7651.822096347809, 2754.156573511143, 3729.6522378264153
7652.577073812485, 3645.7272950998877, 2817.951100412545
7653.599337100983, 12509.092301654176, 2136.043688286772
7654.332374095917, 12509.092301654176, 2136.043688286772
7654.8280465602875, 12509.092301654176, 2136.043688286772
7655.337682247162, 12509.092301654176, 2136.043688286772
7655.8582899570465, 12509.092301654176, 2136.043688286772
7656.333017110825, 12509.092301654176, 2136.043688286772
7656.845643997192, 12509.092301654176, 2136.043688286772
7657.3273549079895, 12509.092301654176, 2136.043688286772
7657.838984966278, 12509.092301654176, 2136.043688286772
7658.345628261566, 12509.092301654176, 2136.043688286772
7658.840303182602, 12509.092301654176, 2136.043688286772
7659.549404621124, 978.7408774353871, 832.1638317224439
7660.348266839981, 978.7408774353871, 832.1638317224439
7660.817010641098, 978.7408774353871, 832.1638317224439
7661.3246512413025, 978.7408774353871, 832.1638317224439
7661.7923991680145, 978.7408774353871, 832.1638317224439
7662.336940765381, 978.7408774353871, 832.1638317224439
7663.038062810898, 3627.254975915158, 317.74536912129753
7663.3332731723785, 3627.254975915158, 317.74536912129753
7663.812989473343, 3627.254975915158, 317.74536912129753
7664.3176374435425, 3627.254975915158, 317.74536912129753
7664.816303491592, 3627.254975915158, 317.74536912129753
7665.320950746536, 3627.254975915158, 317.74536912129753
7665.810639858246, 3627.254975915158, 317.74536912129753
7666.30930352211, 3627.254975915158, 317.74536912129753
7666.814950942993, 3627.254975915158, 317.74536912129753
7667.5759127140045, 672.5383056725128, 1312.732741013121
7668.337872028351, 672.5383056725128, 1312.732741013121
7668.843518972397, 672.5383056725128, 1312.732741013121
7669.585531711578, 3678.3714646044987, 1605.8510928261405
7670.58984375, -282.90170978210165, 3594.841884545628
7671.321882009506, -282.90170978210165, 3594.841884545628
7671.834510803223, -282.90170978210165, 3594.841884545628
7672.335170507431, -282.90170978210165, 3594.841884545628
7672.837823867798, -282.90170978210165, 3594.841884545628
7673.328508853912, -282.90170978210165, 3594.841884545628
7673.843131065369, -282.90170978210165, 3594.841884545628
7674.325839519501, -282.90170978210165, 3594.841884545628
7674.840460538864, -282.90170978210165, 3594.841884545628
7675.32815527916, -282.90170978210165, 3594.841884545628
7676.075155496597, 27.554090225744687, 879.0874108176753
7677.069491624832, 1973.6798449531352, 1140.728674692806
7678.0787897109985, 3571.1585540530127, 32030.952715841442
7679.073127746582, 2114.4389736799644, 950.8341712118759
7680.035549879074, 2104.769674631807, 701.9571631982924
7681.0817494392395, 470.9018282976447, 1316.755200252001
7681.819775104523, 470.9018282976447, 1316.755200252001
7682.503940820694, -3922.5882732865794, 1573.7247152554376
7682.790175914764, -3922.5882732865794, 1573.7247152554376
7683.299811124802, -3922.5882732865794, 1573.7247152554376
7683.803461551666, -3922.5882732865794, 1573.7247152554376
7684.28417468071, -3922.5882732865794, 1573.7247152554376
7684.793808937073, -3922.5882732865794, 1573.7247152554376
7686.59997344017, 1494.1871485001532, 0.7286584805704904
7687.327028036118, 1494.1871485001532, 0.7286584805704904
7687.843644142151, 1494.1871485001532, 0.7286584805704904
7688.312388658524, 1494.1871485001532, 0.7286584805704904
7688.836983680725, 1494.1871485001532, 0.7286584805704904
7689.341631889343, 1494.1871485001532, 0.7286584805704904
7690.072674274445, 1062.109172529801, 1708.4848551900875
7691.057039260864, 2223.9862394300235, 286.0069083549845
7692.080298662186, 1977.4700655992901, 18500.41965087306
7692.814333438873, 1977.4700655992901, 18500.41965087306
7693.3369336128235, 1977.4700655992901, 18500.41965087306
7694.1367926597595, 2409.8786854023747, 1320.8419486622909
7694.83292889595, 2409.8786854023747, 1320.8419486622909
7695.356528043747, 2409.8786854023747, 1320.8419486622909
7695.859180212021, 2409.8786854023747, 1320.8419486622909
7696.373802661896, 2409.8786854023747, 1320.8419486622909
7696.860499382019, 2409.8786854023747, 1320.8419486622909
7697.371131658554, 2409.8786854023747, 1320.8419486622909
7698.071257829666, 3584.7791074409893, 1310.027154499284
7698.80828499794, 3584.7791074409893, 1310.027154499284
7699.630083322525, 2968.825550984789, 1845.0009597389587
7700.375088691711, 2968.825550984789, 1845.0009597389587
7700.870761632919, 2968.825550984789, 1845.0009597389587
7701.321555137634, 2968.825550984789, 1845.0009597389587
7701.845152378082, 2968.825550984789, 1845.0009597389587
7702.3458132743835, 2968.825550984789, 1845.0009597389587
7702.873398542404, 2968.825550984789, 1845.0009597389587
7703.336161851883, 2968.825550984789, 1845.0009597389587
7703.863748073578, 2968.825550984789, 1845.0009597389587
7704.300578594208, 2968.825550984789, 1845.0009597389587
7704.842128038406, 2968.825550984789, 1845.0009597389587
7705.351763486862, 2968.825550984789, 1845.0009597389587
7705.861398696899, 2968.825550984789, 1845.0009597389587
7706.347097635269, 2968.825550984789, 1845.0009597389587
7706.845762491226, 2968.825550984789, 1845.0009597389587
7707.33944106102, 2968.825550984789, 1845.0009597389587
7707.867027759552, 2968.825550984789, 1845.0009597389587
7708.369682788849, 2968.825550984789, 1845.0009597389587
7710.0880806446075, 3100.5304347047268, 513.4554601188571
7710.813139200211, 3100.5304347047268, 513.4554601188571
7711.3227751255035, 3100.5304347047268, 513.4554601188571
7711.807477235794, 3100.5304347047268, 513.4554601188571
7712.340051174164, 3100.5304347047268, 513.4554601188571
7713.0222244262695, 2557.573643749386, 2068.554025044969
7713.310452222824, 2557.573643749386, 2068.554025044969
7713.805129289627, 2557.573643749386, 2068.554025044969
7714.334710597992, 2557.573643749386, 2068.554025044969
7714.810437202454, 2557.573643749386, 2068.554025044969
7715.322065830231, 2557.573643749386, 2068.554025044969
7715.801782369614, 2557.573643749386, 2068.554025044969
7716.326376438141, 2557.573643749386, 2068.554025044969
7716.807091474533, 2557.573643749386, 2068.554025044969
7717.539129257202, 2925.961901864014, 1737.0761813912338
7718.3250250816345, 2925.961901864014, 1737.0761813912338
7718.827680587769, 2925.961901864014, 1737.0761813912338
7719.334322929382, 2925.961901864014, 1737.0761813912338
7719.8359797000885, 2925.961901864014, 1737.0761813912338
7720.360574960709, 2925.961901864014, 1737.0761813912338
7720.846274852753, 2925.961901864014, 1737.0761813912338
7721.350923776627, 2925.961901864014, 1737.0761813912338
7721.83762049675, 2925.961901864014, 1737.0761813912338
7722.3422701358795, 2925.961901864014, 1737.0761813912338
7722.842928886414, 2925.961901864014, 1737.0761813912338
7723.744514226913, 638.9689141440996, 381.8077136267738
7724.4695727825165, 638.9689141440996, 381.8077136267738
7724.948292255402, 638.9689141440996, 381.8077136267738
7725.471889734268, 638.9689141440996, 381.8077136267738
7725.95260310173, 638.9689141440996, 381.8077136267738
7726.465230464935, 638.9689141440996, 381.8077136267738
7726.962897062302, 638.9689141440996, 381.8077136267738
7727.450592517853, 638.9689141440996, 381.8077136267738
7728.115811109543, 3174.3146389006192, 22677.311276546436
7729.1500425338745, 2978.404493855471, 1241.1750336390435
7729.889063358307, 2978.404493855471, 1241.1750336390435
7730.3777549266815, 2978.404493855471, 1241.1750336390435
7730.871433496475, 2978.404493855471, 1241.1750336390435
7731.821887731552, 1038.6154692892155, 2707.166342402986
7732.646679162979, 1038.6154692892155, 2707.166342402986
7733.618079185486, 1038.6154692892155, 2707.166342402986
7734.577510356903, 3851.9809123613395, 2814.545432909165
7735.345453977585, 3851.9809123613395, 2814.545432909165
7735.853094339371, 3851.9809123613395, 2814.545432909165
7736.341787099838, 3851.9809123613395, 2814.545432909165
7737.1356608867645, 252.7881434372433, 2371.1095011389434
7737.825813293457, 252.7881434372433, 2371.1095011389434
7738.3404359817505, 252.7881434372433, 2371.1095011389434
7738.81316947937, 252.7881434372433, 2371.1095011389434
7739.344748020172, 252.7881434372433, 2371.1095011389434
7739.83643245697, 252.7881434372433, 2371.1095011389434
7740.658230066299, -13631.623735301404, 1349.1550697272037
7741.394258975983, -13631.623735301404, 1349.1550697272037
7741.884945631027, -13631.623735301404, 1349.1550697272037
7742.579086065292, 2395.1047045961673, 747.6717938916007
7743.345035791397, 2395.1047045961673, 747.6717938916007
7744.060122251511, 1982.285189478065, 246.97594989578513
7744.813104629517, 1982.285189478065, 246.97594989578513
7745.323739051819, 1982.285189478065, 246.97594989578513
7745.827389717102, 1982.285189478065, 246.97594989578513
7746.602315187454, 278.2771347056766, 95.94212077488619
7747.559751749039, 2188.66172613009, 1460.7875281522067
7748.321710824966, 2188.66172613009, 1460.7875281522067
7748.836334466934, 2188.66172613009, 1460.7875281522067
7749.344971179962, 2188.66172613009, 1460.7875281522067
7749.834660291672, 2188.66172613009, 1460.7875281522067
7750.5746784210205, 762.5773221663961, 1480.6137515574333
7751.323674201965, 762.5773221663961, 1480.6137515574333
7755.243179798126, 1971.1599742079259, 2892.780260956968
7756.252476930618, 1930.3125346875188, 2005.511048211161
7757.414366722107, 18.04266241119846, 723.2345893339005
7758.160368919373, 18.04266241119846, 723.2345893339005
7759.157698631287, 3579.5886935590006, 636.9116759974962
7759.869791507721, 3579.5886935590006, 636.9116759974962
7760.650700807571, 1252.1120083940061, 2622.1985986919594
7761.609136343002, 46852.34023007004, 2427.545179510122
7762.589510917664, -4163.481809981086, 387.6307754963889
7763.343491315842, -4163.481809981086, 387.6307754963889
7763.846147298813, -4163.481809981086, 387.6307754963889
7764.636030435562, 848.7683337272798, 699.5531621759898
7767.6010937690735, 3795.35483431239, 1313.6787012336408
7768.359062433243, 3795.35483431239, 1313.6787012336408
7769.08013176918, 661.973784408888, 2120.351327482026
7769.835110425949, 661.973784408888, 2120.351327482026
7770.340756654739, 661.973784408888, 2120.351327482026
7770.8065094947815, 661.973784408888, 2120.351327482026
7771.323126077652, 661.973784408888, 2120.351327482026
7771.820794582367, 661.973784408888, 2120.351327482026
7772.340402603149, 661.973784408888, 2120.351327482026
7772.819121360779, 661.973784408888, 2120.351327482026
7775.559782981873, 3633.998150879647, 2169.761893119558
7776.335705757141, 3633.998150879647, 2169.761893119558
7776.8363654613495, 3633.998150879647, 2169.761893119558
7777.754905700684, 2416.5470732875247, 2908.9960594015656
7778.519857645035, 2416.5470732875247, 2908.9960594015656
7779.048442363739, 2416.5470732875247, 2908.9960594015656
7780.00887131691, 2416.5470732875247, 2908.9960594015656
7780.483600854874, 2416.5470732875247, 2908.9960594015656
7781.007198095322, 2416.5470732875247, 2908.9960594015656
7781.512844324112, 2416.5470732875247, 2908.9960594015656
7782.021481990814, 2416.5470732875247, 2908.9960594015656
7782.527128458023, 2416.5470732875247, 2908.9960594015656
7783.044742822647, 2416.5470732875247, 2908.9960594015656
7783.506506919861, 2416.5470732875247, 2908.9960594015656
7784.1278424263, 33.168984977416166, 2269.9531196805774
7785.094256162643, 3595.983895524205, -3158.1323917270843
7785.846241950989, 3595.983895524205, -3158.1323917270843
7786.347897768021, 3595.983895524205, -3158.1323917270843
7786.843571424484, 3595.983895524205, -3158.1323917270843
7787.348220348358, 3595.983895524205, -3158.1323917270843
7787.821952342987, 3595.983895524205, -3158.1323917270843
7788.336573839188, 3595.983895524205, -3158.1323917270843
7788.821276426315, 3595.983895524205, -3158.1323917270843
7789.331909894943, 3595.983895524205, -3158.1323917270843
7789.8275825977325, 3595.983895524205, -3158.1323917270843
7790.341207027435, 3595.983895524205, -3158.1323917270843
7790.835883617401, 3595.983895524205, -3158.1323917270843
7791.590860843658, 1753.313207527219, 1505.2276463567725
7792.323898553848, 1753.313207527219, 1505.2276463567725
7792.8315398693085, 1753.313207527219, 1505.2276463567725
7793.313249349594, 1753.313207527219, 1505.2276463567725
7793.824879646301, 1753.313207527219, 1505.2276463567725
7794.313570737839, 1753.313207527219, 1505.2276463567725
7794.815227985382, 1753.313207527219, 1505.2276463567725
7795.318879127502, 1753.313207527219, 1505.2276463567725
7795.819539546967, 1753.313207527219, 1505.2276463567725
7796.324187278748, 1753.313207527219, 1505.2276463567725
7796.819860696793, 1753.313207527219, 1505.2276463567725
7797.317528486252, 1753.313207527219, 1505.2276463567725
7797.819186449051, 1753.313207527219, 1505.2276463567725
7798.318847894669, 1753.313207527219, 1505.2276463567725
7798.824493408203, 1753.313207527219, 1505.2276463567725
7799.309195756912, 1753.313207527219, 1505.2276463567725
7799.818831205368, 1753.313207527219, 1505.2276463567725
7800.304531097412, 1753.313207527219, 1505.2276463567725
7802.172529459, 3579.3587213035416, 2766.9916242565187
7802.910553693771, 3579.3587213035416, 2766.9916242565187
7803.417196750641, 3579.3587213035416, 2766.9916242565187
7803.885941505432, 3579.3587213035416, 2766.9916242565187
7804.408541917801, 3579.3587213035416, 2766.9916242565187
7804.899229764938, 3579.3587213035416, 2766.9916242565187
7805.627280473709, 1482.7658609052253, 1156.344170580137
7806.576738357544, 2370.4944149219227, 2979.235063029874
7807.609970569611, 2258.825375332801, 2303.6200165786595
7808.349989652634, 2258.825375332801, 2303.6200165786595
7808.876579999924, 2258.825375332801, 2303.6200165786595
7809.366269111633, 2258.825375332801, 2303.6200165786595
7809.874906539917, 2258.825375332801, 2303.6200165786595
7810.369582653046, 2258.825375332801, 2303.6200165786595
7810.873233318329, 2258.825375332801, 2303.6200165786595
7811.376884937286, 2258.825375332801, 2303.6200165786595
7812.106931447983, 1530.7415561901562, 2386.7532351723908
7815.054039955139, 2090.80723787921, 1397.6333031280287
7815.791067838669, 2090.80723787921, 1397.6333031280287
7816.31466460228, 2090.80723787921, 1397.6333031280287
7816.802360296249, 2090.80723787921, 1397.6333031280287
7817.326954364777, 2090.80723787921, 1397.6333031280287
7817.782735586166, 2090.80723787921, 1397.6333031280287
7818.309324264526, 2090.80723787921, 1397.6333031280287
7818.79402756691, 2090.80723787921, 1397.6333031280287
7819.31263756752, 2090.80723787921, 1397.6333031280287
7819.809307813644, 2090.80723787921, 1397.6333031280287
7820.327919483185, 2090.80723787921, 1397.6333031280287
7820.811624765396, 2090.80723787921, 1397.6333031280287
7821.310289621353, 2090.80723787921, 1397.6333031280287
7821.809952020645, 2090.80723787921, 1397.6333031280287
7822.307619333267, 2090.80723787921, 1397.6333031280287
7822.825233221054, 2090.80723787921, 1397.6333031280287
7823.305945634842, 2090.80723787921, 1397.6333031280287
7823.810594797134, 2090.80723787921, 1397.6333031280287
7824.271362543106, 2090.80723787921, 1397.6333031280287
7824.819893121719, 2090.80723787921, 1397.6333031280287
7825.302599668503, 2090.80723787921, 1397.6333031280287
7825.819217205048, 2090.80723787921, 1397.6333031280287
7826.3089056015015, 2090.80723787921, 1397.6333031280287
7826.817544460297, 2090.80723787921, 1397.6333031280287
7827.30823135376, 2090.80723787921, 1397.6333031280287
7827.818863630295, 2090.80723787921, 1397.6333031280287
7828.866059780121, 374.4347187444546, 1636.7015025226804
7829.586131811142, 374.4347187444546, 1636.7015025226804
7830.594431638718, 946.7696389655104, 1012.2441890073068
7831.333452701569, 946.7696389655104, 1012.2441890073068
7831.840096235275, 946.7696389655104, 1012.2441890073068
7832.358707904816, 946.7696389655104, 1012.2441890073068
7832.83642911911, 946.7696389655104, 1012.2441890073068
7833.595396280289, 2571.9998330841895, 1806.3772865582478
7834.344391345978, 2571.9998330841895, 1806.3772865582478
7834.840064525604, 2571.9998330841895, 1806.3772865582478
7835.3496997356415, 2571.9998330841895, 1806.3772865582478
7835.841383695602, 2571.9998330841895, 1806.3772865582478
7836.348026275635, 2571.9998330841895, 1806.3772865582478
7836.837715148926, 2571.9998330841895, 1806.3772865582478
7837.354331970215, 2571.9998330841895, 1806.3772865582478
7837.853994369507, 2571.9998330841895, 1806.3772865582478
7838.353657007217, 2571.9998330841895, 1806.3772865582478
7838.840353727341, 2571.9998330841895, 1806.3772865582478
7839.350987434387, 2571.9998330841895, 1806.3772865582478
7839.861619472504, 2571.9998330841895, 1806.3772865582478
7840.351308584213, 2571.9998330841895, 1806.3772865582478
7840.84498667717, 2571.9998330841895, 1806.3772865582478
7841.359607934952, 2571.9998330841895, 1806.3772865582478
7841.847303152084, 2571.9998330841895, 1806.3772865582478
7842.343972682953, 2571.9998330841895, 1806.3772865582478
7842.8426377773285, 2571.9998330841895, 1806.3772865582478
7843.355265855789, 2571.9998330841895, 1806.3772865582478
7843.843957424164, 2571.9998330841895, 1806.3772865582478
7844.345613718033, 2571.9998330841895, 1806.3772865582478
7844.85524892807, 2571.9998330841895, 1806.3772865582478
7845.342943191528, 2571.9998330841895, 1806.3772865582478
7845.846595287323, 2571.9998330841895, 1806.3772865582478
7846.340273141861, 2571.9998330841895, 1806.3772865582478
7847.079294204712, 2404.281484171965, 2507.3661041229543
7847.875163316727, 2404.281484171965, 2507.3661041229543
7848.3638553619385, 2404.281484171965, 2507.3661041229543
7849.06597495079, -4265.968061624074, 446.77678066953155
7850.0593156814575, 165.00924872447328, 2463.0235010672195
7850.817286491394, 165.00924872447328, 2463.0235010672195
7851.339886903763, 165.00924872447328, 2463.0235010672195
7852.110823631287, 2016.9758716870156, 2293.376368728533
7852.8588218688965, 2016.9758716870156, 2293.376368728533
7853.350504159927, 2016.9758716870156, 2293.376368728533
7853.869114637375, 2016.9758716870156, 2293.376368728533
7854.359800815582, 2016.9758716870156, 2293.376368728533
7854.848494052887, 2016.9758716870156, 2293.376368728533
7855.349152088165, 2016.9758716870156, 2293.376368728533
7855.84183382988, 2016.9758716870156, 2293.376368728533
7856.327533006668, 2016.9758716870156, 2293.376368728533
7856.830187559128, 2016.9758716870156, 2293.376368728533
7857.346805095673, 2016.9758716870156, 2293.376368728533
7857.826520204544, 2016.9758716870156, 2293.376368728533
7858.329174041748, 2016.9758716870156, 2293.376368728533
7858.82883644104, 2016.9758716870156, 2293.376368728533
7859.3374745845795, 2016.9758716870156, 2293.376368728533
7859.82018327713, 2016.9758716870156, 2293.376368728533
7860.547234535217, 2991.284140355255, 2141.5262275868254
7861.53858089447, 3708.5399826466723, 1786.333116820668
7861.821822881699, 3708.5399826466723, 1786.333116820668
7862.31350684166, 3708.5399826466723, 1786.333116820668
7862.802198171616, 3708.5399826466723, 1786.333116820668
7863.289894104004, 3708.5399826466723, 1786.333116820668
7863.796534538269, 3708.5399826466723, 1786.333116820668
7864.302182197571, 3708.5399826466723, 1786.333116820668
7864.817800760269, 3708.5399826466723, 1786.333116820668
7866.124304294586, 993.5451772721694, 2944.002237018153
7866.869308710098, 993.5451772721694, 2944.002237018153
7867.632265806198, 3319.440432584657, 683.0385277078785
7868.325411081314, 3319.440432584657, 683.0385277078785
7868.819089412689, 3319.440432584657, 683.0385277078785
7869.344680547714, 3319.440432584657, 683.0385277078785
7870.114619970322, 2353.8296207794638, 808.6473548312449
7870.815742254257, 2353.8296207794638, 808.6473548312449
7871.610614299774, 3739.4230032908004, 258.5043624633814
7872.36359834671, 3739.4230032908004, 258.5043624633814
7872.862261533737, 3739.4230032908004, 258.5043624633814
7873.599289178848, -51487.344498694285, 1408.056606303997
7874.331329345703, -51487.344498694285, 1408.056606303997
7874.8379719257355, -51487.344498694285, 1408.056606303997
7875.3336453437805, -51487.344498694285, 1408.056606303997
7875.832310199738, -51487.344498694285, 1408.056606303997
7876.303050518036, -51487.344498694285, 1408.056606303997
7876.825651407242, -51487.344498694285, 1408.056606303997
7877.345259666443, -51487.344498694285, 1408.056606303997
7877.836943626404, -51487.344498694285, 1408.056606303997
7878.3306221961975, -51487.344498694285, 1408.056606303997
7878.834274053574, -51487.344498694285, 1408.056606303997
7879.564317703247, 856.3625168584693, 1945.8727952985212
7880.375149011612, 856.3625168584693, 1945.8727952985212
7881.124142408371, 3381.1327329967567, 1495.7006857382976
7881.8412210941315, 3381.1327329967567, 1495.7006857382976
7882.335898399353, 3381.1327329967567, 1495.7006857382976
7883.077910423279, 1617.4931602795011, 180.0074323269478
7884.075239896774, 2749.2035826742576, 975.279555123114
7884.813264131546, 2749.2035826742576, 975.279555123114
7885.322899341583, 2749.2035826742576, 975.279555123114
7885.821564912796, 2749.2035826742576, 975.279555123114
7886.326213359833, 2749.2035826742576, 975.279555123114
7886.815903186798, 2749.2035826742576, 975.279555123114
7887.337506771088, 2749.2035826742576, 975.279555123114
7887.8122363090515, 2749.2035826742576, 975.279555123114
7888.318880081177, 2749.2035826742576, 975.279555123114
7888.805576086044, 2749.2035826742576, 975.279555123114
7889.29227232933, 2749.2035826742576, 975.279555123114
7889.814872980118, 2749.2035826742576, 975.279555123114
7890.284615516663, 2749.2035826742576, 975.279555123114
7890.802230358124, 2749.2035826742576, 975.279555123114
7891.294910669327, 2749.2035826742576, 975.279555123114
7891.81950545311, 2749.2035826742576, 975.279555123114
7892.303210735321, 2749.2035826742576, 975.279555123114
7892.8208248615265, 2749.2035826742576, 975.279555123114
7893.322481870651, 2749.2035826742576, 975.279555123114
7893.8211460113525, 2749.2035826742576, 975.279555123114
7894.605049133301, -1652.6112720400322, 1882.7863374307979
7895.328112363815, -1652.6112720400322, 1882.7863374307979
7895.841736078262, -1652.6112720400322, 1882.7863374307979
7896.332422733307, -1652.6112720400322, 1882.7863374307979
7896.842058897018, -1652.6112720400322, 1882.7863374307979
7897.32775759697, -1652.6112720400322, 1882.7863374307979
7898.406870603561, 577.425308582094, 1100.8666117714731
7899.120957374573, 577.425308582094, 1100.8666117714731
7900.318749666214, 1976.140059940645, 2998.0023473297374
7901.087691783905, 1976.140059940645, 2998.0023473297374
7902.051111936569, 1976.140059940645, 2998.0023473297374
7903.029491662979, 214.5131145786246, 629.5563357317874
7903.320712089539, 214.5131145786246, 629.5563357317874
7903.806411743164, 214.5131145786246, 629.5563357317874
7904.3140523433685, 214.5131145786246, 629.5563357317874
7904.7957627773285, 214.5131145786246, 629.5563357317874
7905.3063950538635, 214.5131145786246, 629.5563357317874
7905.817029953003, 214.5131145786246, 629.5563357317874
7906.556049585342, 21235.909395649756, 2641.6472470220037
7907.327983617783, 21235.909395649756, 2641.6472470220037
7907.820664167404, 21235.909395649756, 2641.6472470220037
7908.323318004608, 21235.909395649756, 2641.6472470220037
7909.060344457626, 1857.010097948451, 560.3502825764386
7909.836266994476, 1857.010097948451, 560.3502825764386
7910.718904018402, 1909.0397624872749, 703.4939617342732
7911.411050081253, 1909.0397624872749, 703.4939617342732
7911.951606750488, 1909.0397624872749, 703.4939617342732
7912.464230060577, 1909.0397624872749, 703.4939617342732
7912.9718708992, 1909.0397624872749, 703.4939617342732
7913.712887763977, 690.3916265105855, 894.438751822697
7914.493797302246, 690.3916265105855, 894.438751822697
7915.043325185776, 690.3916265105855, 894.438751822697
7916.0147252082825, 690.3916265105855, 894.438751822697
7916.48446726799, 690.3916265105855, 894.438751822697
7917.021032094955, 690.3916265105855, 894.438751822697
7917.518698453903, 690.3916265105855, 894.438751822697
7918.01337313652, 690.3916265105855, 894.438751822697
7918.516027212143, 690.3916265105855, 894.438751822697
7918.9648270606995, 690.3916265105855, 894.438751822697
7919.521336078644, 690.3916265105855, 894.438751822697
7920.034960269928, 690.3916265105855, 894.438751822697
7920.528639554977, 690.3916265105855, 894.438751822697
7921.533947467804, 690.3916265105855, 894.438751822697
7922.026628255844, 690.3916265105855, 894.438751822697
7922.514322757721, 690.3916265105855, 894.438751822697
7922.991045713425, 690.3916265105855, 894.438751822697
7923.595427513123, 3546.923098934514, 21.55131826723495
7924.642623901367, 1473.8815977989232, 2730.3778768122497
7925.580114126205, 1944.4178018932705, 127.36951716586584
7926.60137963295, 1349.4453832423912, 1805.058380532329
7929.571427822113, 170.02568898285236, 2216.699791091408
7931.0494701862335, 766.9405900801877, 1476.7274043441478
7931.831376791, 766.9405900801877, 1476.7274043441478
7932.309097290039, 766.9405900801877, 1476.7274043441478
7932.820729017258, 766.9405900801877, 1476.7274043441478
7933.3084218502045, 766.9405900801877, 1476.7274043441478
7934.080354213715, 3110.1384208751474, 2121.5920812865165
7935.074692964554, 3742.7307819607854, 2176.7654413336463
7935.777810573578, 3742.7307819607854, 2176.7654413336463
7936.32933473587, 3742.7307819607854, 2176.7654413336463
7936.8279983997345, 3742.7307819607854, 2176.7654413336463
7937.323671102524, 3742.7307819607854, 2176.7654413336463
7937.788426876068, 3742.7307819607854, 2176.7654413336463
7939.19166970253, 3484.311232953229, 2805.635730444493
7939.9616086483, 3484.311232953229, 2805.635730444493
7940.448305845261, 3484.311232953229, 2805.635730444493
7940.947967767715, 3484.311232953229, 2805.635730444493
7941.468574285507, 3484.311232953229, 2805.635730444493
7941.962251901627, 3484.311232953229, 2805.635730444493
7942.467897891998, 3484.311232953229, 2805.635730444493
7942.964567899704, 3484.311232953229, 2805.635730444493
7943.596874952316, 3412.6223424750283, 2476.0340829550983
7944.347864627838, 3412.6223424750283, 2476.0340829550983
7944.8485243320465, 3412.6223424750283, 2476.0340829550983
7945.590537309647, 3635.1718136678282, 459.11718374301176
7946.598837852478, 1514.2800065414401, 1419.3442616858576
7947.321901798248, 1514.2800065414401, 1419.3442616858576
7948.14569568634, 72.2003389116333, 1453.7217902280627
7949.094157457352, -18955.296105355555, 2191.291593945348
7949.8321805000305, -18955.296105355555, 2191.291593945348
7950.693873882294, 3920.292314413706, 1737.9994199969537
7951.46381354332, 3920.292314413706, 1737.9994199969537
7951.937544107437, 3920.292314413706, 1737.9994199969537
7952.463137149811, 3920.292314413706, 1737.9994199969537
7952.948836803436, 3920.292314413706, 1737.9994199969537
7953.460466146469, 3920.292314413706, 1737.9994199969537
7953.944170713425, 3920.292314413706, 1737.9994199969537
7954.457796096802, 3920.292314413706, 1737.9994199969537
7954.927538156509, 3920.292314413706, 1737.9994199969537
7955.574805259705, 861.4779474667342, 2585.317044011691
7956.348733663559, 861.4779474667342, 2585.317044011691
7956.8543791770935, 861.4779474667342, 2585.317044011691
7957.34207367897, 861.4779474667342, 2585.317044011691
7957.8517100811005, 861.4779474667342, 2585.317044011691
7958.567792892456, 432.9935996331907, 162600.9251488114
7959.328755617142, 432.9935996331907, 162600.9251488114
7960.096697807312, 252.40749824634784, 3042.2532429972352
7960.8526747226715, 252.40749824634784, 3042.2532429972352
7961.352338314056, 252.40749824634784, 3042.2532429972352
7961.857983112335, 252.40749824634784, 3042.2532429972352
7962.347671508789, 252.40749824634784, 3042.2532429972352
7962.858304738998, 252.40749824634784, 3042.2532429972352
7963.34500169754, 252.40749824634784, 3042.2532429972352
7963.8556344509125, 252.40749824634784, 3042.2532429972352
7964.365269184113, 252.40749824634784, 3042.2532429972352
7964.861939668655, 252.40749824634784, 3042.2532429972352
7965.356616020203, 252.40749824634784, 3042.2532429972352
7966.278146982193, 256.00582795126485, 2444.3372214518295
7967.00021481514, 256.00582795126485, 2444.3372214518295
7967.516830921173, 256.00582795126485, 2444.3372214518295
7968.009512901306, 256.00582795126485, 2444.3372214518295
7968.517153263092, 256.00582795126485, 2444.3372214518295
7968.949994087219, 256.00582795126485, 2444.3372214518295
7969.51847243309, 256.00582795126485, 2444.3372214518295
7969.997190475464, 256.00582795126485, 2444.3372214518295
7970.519791841507, 256.00582795126485, 2444.3372214518295
7970.999506950378, 256.00582795126485, 2444.3372214518295
7971.529089450836, 256.00582795126485, 2444.3372214518295
7971.978885412216, 256.00582795126485, 2444.3372214518295
7972.59024810791, 2823.650291620315, 1564.944985810998
7973.355199098587, 2823.650291620315, 1564.944985810998
7973.835912704468, 2823.650291620315, 1564.944985810998
7974.580917835236, 589.0724549843427, 1242.0638320377666
7975.329914093018, 589.0724549843427, 1242.0638320377666
7975.85550570488, 589.0724549843427, 1242.0638320377666
7976.337215662003, 589.0724549843427, 1242.0638320377666
7976.849843263626, 589.0724549843427, 1242.0638320377666
7977.315596103668, 589.0724549843427, 1242.0638320377666
7977.838197231293, 589.0724549843427, 1242.0638320377666
7978.357805252075, 589.0724549843427, 1242.0638320377666
7978.823557853699, 589.0724549843427, 1242.0638320377666
7979.348153829575, 589.0724549843427, 1242.0638320377666
7979.848813056946, 589.0724549843427, 1242.0638320377666
7980.280657052994, 589.0724549843427, 1242.0638320377666
7980.843150615692, 589.0724549843427, 1242.0638320377666
7981.341815471649, 589.0724549843427, 1242.0638320377666
7981.843472957611, 589.0724549843427, 1242.0638320377666
7982.337151050568, 589.0724549843427, 1242.0638320377666
7982.846787214279, 589.0724549843427, 1242.0638320377666
7983.337474822998, 589.0724549843427, 1242.0638320377666
7983.845113992691, 589.0724549843427, 1242.0638320377666
7984.351757764816, 589.0724549843427, 1242.0638320377666
7984.8703689575195, 589.0724549843427, 1242.0638320377666
7985.361055135727, 589.0724549843427, 1242.0638320377666
7985.861713647842, 589.0724549843427, 1242.0638320377666
7986.335445642471, 589.0724549843427, 1242.0638320377666
7987.13530421257, 2149.0207436744467, 2559.4414379701366
7987.8533816337585, 2149.0207436744467, 2559.4414379701366
7988.359027147293, 2149.0207436744467, 2559.4414379701366
7989.105030298233, 3556.380822678492, 2070.334535630325
7989.8101415634155, 3556.380822678492, 2070.334535630325
7990.333741903305, 3556.380822678492, 2070.334535630325
7991.068772554398, 2020.5571765450757, 2560.7070001940833
7991.779868602753, 2020.5571765450757, 2560.7070001940833
7992.613636255264, 561.057492114856, 299.7579700330396
7993.803450345993, 2050.302246231542, 2096.005181195955
7994.572391986847, 2050.302246231542, 2096.005181195955
7995.630558729172, 3005.3979462115485, 563.0272604926546
7996.34863615036, 3005.3979462115485, 563.0272604926546
7996.847301006317, 3005.3979462115485, 563.0272604926546
7997.336990118027, 3005.3979462115485, 563.0272604926546
7997.858592748642, 3005.3979462115485, 563.0272604926546
7998.349279880524, 3005.3979462115485, 563.0272604926546
7998.853929042816, 3005.3979462115485, 563.0272604926546
7999.346609115601, 3005.3979462115485, 563.0272604926546
8000.059700965881, 1859.3968051280128, 1889.193178695413
8001.088944196701, 546.7029875955769, 527.8819667401526
8001.8608775138855, 546.7029875955769, 527.8819667401526
8002.342588186264, 546.7029875955769, 527.8819667401526
8002.842249155045, 546.7029875955769, 527.8819667401526
8003.346898317337, 546.7029875955769, 527.8819667401526
8008.048311948776, 895.8347352968793, -6514.701386168397
8008.816255569458, 895.8347352968793, -6514.701386168397
8009.316914319992, 895.8347352968793, -6514.701386168397
8010.056933403015, 2059.77918710306, 2669.261265017954
8010.837842941284, 2059.77918710306, 2669.261265017954
8011.656650543213, 1609.5040789583372, 1501.008395752052
8012.356775522232, 1609.5040789583372, 1501.008395752052
8012.857435941696, 1609.5040789583372, 1501.008395752052
8013.365075588226, 1609.5040789583372, 1501.008395752052
8013.864737510681, 1609.5040789583372, 1501.008395752052
8014.350438117981, 1609.5040789583372, 1501.008395752052
8014.877027988434, 1609.5040789583372, 1501.008395752052
8015.3547484874725, 1609.5040789583372, 1501.008395752052
8015.856406211853, 1609.5040789583372, 1501.008395752052
8016.362051963806, 1609.5040789583372, 1501.008395752052
8016.846753835678, 1609.5040789583372, 1501.008395752052
8017.589764356613, 1913.290280979219, 1697.2706140422217
8018.353739023209, 1913.290280979219, 1697.2706140422217
8018.8264536857605, 1913.290280979219, 1697.2706140422217
8019.5255818367, 3047.2195993423707, 1515.7287348917453
8019.816801309586, 3047.2195993423707, 1515.7287348917453
8020.583748817444, 2104.433688725725, 713.3909178746757
8021.371638536453, 2104.433688725725, 713.3909178746757
8021.874294042587, 2104.433688725725, 713.3909178746757
8024.630912780762, 2044.8971670333092, 1884.202995399778
8025.3759179115295, 2044.8971670333092, 1884.202995399778
8025.875579833984, 2044.8971670333092, 1884.202995399778
8026.585678100586, 3249.593643113904, 2098.9694940449717
8027.708671808243, 996.0005076518314, 907.6341530326374
8028.6112558841705, 3654.99541374344, 1518.966169038378
8029.334319114685, 3654.99541374344, 1518.966169038378
8029.826002597809, 3654.99541374344, 1518.966169038378
8030.340627193451, 3654.99541374344, 1518.966169038378
8030.867214918137, 3654.99541374344, 1518.966169038378
8031.333965301514, 3654.99541374344, 1518.966169038378
8032.05802822113, 2716.856953307403, 708.3387713263237
8033.049372434616, 1653.8165088223552, 1515.6735465742552
8033.853222370148, 1653.8165088223552, 1515.6735465742552
8034.327949285507, 1653.8165088223552, 1515.6735465742552
8036.085244178772, 57.5071747438499, 749.9408618369257
8036.859172344208, 57.5071747438499, 749.9408618369257
8037.342877149582, 57.5071747438499, 749.9408618369257
8037.8475253582, 57.5071747438499, 749.9408618369257
8038.343199014664, 57.5071747438499, 749.9408618369257
8038.8438584804535, 57.5071747438499, 749.9408618369257
8039.346513032913, 57.5071747438499, 749.9408618369257
8039.8661205768585, 57.5071747438499, 749.9408618369257
8040.348828315735, 57.5071747438499, 749.9408618369257
8040.83652305603, 57.5071747438499, 749.9408618369257
8041.358126401901, 57.5071747438499, 749.9408618369257
8041.843826055527, 57.5071747438499, 749.9408618369257
8042.600798845291, 3049.1145819137187, -118905.08110137128
8043.348796844482, 3049.1145819137187, -118905.08110137128
8043.865412950516, 3049.1145819137187, -118905.08110137128
8044.55756020546, 1990.4244928285268, 1562.6946671876176
8045.320517301559, 1990.4244928285268, 1562.6946671876176
8045.79823756218, 1990.4244928285268, 1562.6946671876176
8046.575159549713, 2068.1549577282694, -39558.1778265854
8047.558526515961, 2021.5066328642943, 31540.344891720062
8048.359383106232, 2021.5066328642943, 31540.344891720062
8048.8550543785095, 2021.5066328642943, 31540.344891720062
8049.349729061127, 2021.5066328642943, 31540.344891720062
8049.848393917084, 2021.5066328642943, 31540.344891720062
8050.341075897217, 2021.5066328642943, 31540.344891720062
8050.832758426666, 2021.5066328642943, 31540.344891720062
8051.338405370712, 2021.5066328642943, 31540.344891720062
8051.849037408829, 2021.5066328642943, 31540.344891720062
8052.357676029205, 2021.5066328642943, 31540.344891720062
8053.088719367981, 577.4506856338119, 2966.863953570928
8054.115967750549, 1391.116034654572, 951.4497996785551
8054.825069665909, 1391.116034654572, 951.4497996785551
8055.865283727646, 874.4775367899725, 285.8531454868221
8056.5883502960205, 874.4775367899725, 285.8531454868221
8057.600638866425, 874.4775367899725, 285.8531454868221
8058.594976186752, 874.4775367899725, 285.8531454868221
8059.590312242508, 874.4775367899725, 285.8531454868221
8060.549741744995, 2986.7144807058003, 2292.2683965604565
8061.326662063599, 2986.7144807058003, 2292.2683965604565
8061.753520011902, 2986.7144807058003, 2292.2683965604565
8062.327980995178, 2986.7144807058003, 2292.2683965604565
8062.811686754227, 2986.7144807058003, 2292.2683965604565
8063.580627679825, 3628.599164823763, 3125.741583052954
8064.348571062088, 3628.599164823763, 3125.741583052954
8064.835267543793, 3628.599164823763, 3125.741583052954
8065.820630311966, 404.97149187695004, 212.0017746356504
8066.560648202896, 404.97149187695004, 212.0017746356504
8067.546009778976, 404.97149187695004, 212.0017746356504
8068.564283370972, 1352.4345572652117, -1851.84476043616
8069.338211297989, 1352.4345572652117, -1851.84476043616
8069.822914600372, 1352.4345572652117, -1851.84476043616
8070.344517469406, 1352.4345572652117, -1851.84476043616
8070.842185258865, 1352.4345572652117, -1851.84476043616
8071.327884674072, 1352.4345572652117, -1851.84476043616
8071.839515924454, 1352.4345572652117, -1851.84476043616
8072.348153829575, 1352.4345572652117, -1851.84476043616
8072.81689786911, 1352.4345572652117, -1851.84476043616
8073.582847833633, 757.99999999812, 1441.4773729068995
8074.349792718887, 757.99999999812, 1441.4773729068995
8074.866411209106, 757.99999999812, 1441.4773729068995
8075.574514389038, 3885.4737063918838, 1781.9155203798339
8076.572842597961, 2200.504114565117, 692.8777255371286
8077.57715344429, 3015.0792792595917, 2364.998162961049
8078.350083827972, 3015.0792792595917, 2364.998162961049
8078.847750663757, 3015.0792792595917, 2364.998162961049
8079.343423128128, 3015.0792792595917, 2364.998162961049
8079.845079898834, 3015.0792792595917, 2364.998162961049
8080.331777572632, 3015.0792792595917, 2364.998162961049
8083.082412481308, 29.44021601627778, 3358.300179185111
8083.8663148880005, 29.44021601627778, 3358.300179185111
8084.367970228195, 29.44021601627778, 3358.300179185111
8084.846688747406, 29.44021601627778, 3358.300179185111
8085.352336645126, 29.44021601627778, 3358.300179185111
8086.061436891556, 3276.9200632587026, 467.48835301501754
8086.823396921158, 3276.9200632587026, 467.48835301501754
8087.302114486694, 3276.9200632587026, 467.48835301501754
8087.8117508888245, 3276.9200632587026, 467.48835301501754
8088.31240940094, 3276.9200632587026, 467.48835301501754
8088.817059278488, 3276.9200632587026, 467.48835301501754
8089.306747436523, 3276.9200632587026, 467.48835301501754
8089.818377494812, 3276.9200632587026, 467.48835301501754
8090.315047979355, 3276.9200632587026, 467.48835301501754
8090.811721563339, 3276.9200632587026, 467.48835301501754
8091.711308956146, 1388.0043119583038, 1433.9321390235784
8092.469279766083, 1388.0043119583038, 1433.9321390235784
8092.978914499283, 1388.0043119583038, 1433.9321390235784
8093.482566356659, 1388.0043119583038, 1433.9321390235784
8093.9702615737915, 1388.0043119583038, 1433.9321390235784
8094.477902173996, 1388.0043119583038, 1433.9321390235784
8094.962604045868, 1388.0043119583038, 1433.9321390235784
8095.47523188591, 1388.0043119583038, 1433.9321390235784
8095.972898721695, 1388.0043119583038, 1433.9321390235784
8096.474556922913, 1388.0043119583038, 1433.9321390235784
8096.956266641617, 1388.0043119583038, 1433.9321390235784
8097.472883224487, 1388.0043119583038, 1433.9321390235784
8097.963569879532, 1388.0043119583038, 1433.9321390235784
8098.462234020233, 1388.0043119583038, 1433.9321390235784
8098.9818432331085, 1388.0043119583038, 1433.9321390235784
8099.473526239395, 1388.0043119583038, 1433.9321390235784
8099.970197200775, 1388.0043119583038, 1433.9321390235784
8100.4588878154755, 1388.0043119583038, 1433.9321390235784
8100.975505828857, 1388.0043119583038, 1433.9321390235784
8101.463200569153, 1388.0043119583038, 1433.9321390235784
8101.9668509960175, 1388.0043119583038, 1433.9321390235784
8102.464518070221, 1388.0043119583038, 1433.9321390235784
8102.958197116852, 1388.0043119583038, 1433.9321390235784
8103.463842630386, 1388.0043119583038, 1433.9321390235784
8103.976469755173, 1388.0043119583038, 1433.9321390235784
8104.483113765717, 1388.0043119583038, 1433.9321390235784
8104.967815876007, 1388.0043119583038, 1433.9321390235784
8105.611093521118, 1701.209687216164, 2442.460697407245
8106.338147163391, 1701.209687216164, 2442.460697407245
8106.842796087265, 1701.209687216164, 2442.460697407245
8107.345450162888, 1701.209687216164, 2442.460697407245
8108.173233747482, 531.4563184352589, 1787.2445180527043
8109.096761226654, 28.680721064423548, 1493.62617253605
8109.841766357422, 28.680721064423548, 1493.62617253605
8110.333449602127, 28.680721064423548, 1493.62617253605
8117.088364601135, 3711.0705337255913, 1364.23390346303
8117.851320981979, 3711.0705337255913, 1364.23390346303
8118.317073583603, 3711.0705337255913, 1364.23390346303
8118.814742088318, 3711.0705337255913, 1364.23390346303
8119.698375463486, 129.30616273864615, 646.9880193159273
8120.474299907684, 129.30616273864615, 646.9880193159273
8121.080675125122, 813.1017544187245, 1737.3266513709193
8121.83266210556, 813.1017544187245, 1737.3266513709193
8122.329332113266, 813.1017544187245, 1737.3266513709193
8122.826004266739, 813.1017544187245, 1737.3266513709193
8123.3166880607605, 813.1017544187245, 1737.3266513709193
8123.824330329895, 813.1017544187245, 1737.3266513709193
8124.336956977844, 813.1017544187245, 1737.3266513709193
8124.823656082153, 813.1017544187245, 1737.3266513709193
8125.315336227417, 813.1017544187245, 1737.3266513709193
8125.821980237961, 813.1017544187245, 1737.3266513709193
8126.329620838165, 813.1017544187245, 1737.3266513709193
8126.836265087128, 813.1017544187245, 1737.3266513709193
8127.565311908722, 1766.8112780471556, 480.46275960458286
8128.62647151947, 794.5910082018654, 1020.0537048632787
8129.569945812225, 950.0238024965099, 757.152892677065
8130.32692027092, 950.0238024965099, 757.152892677065
8130.819600105286, 950.0238024965099, 757.152892677065
8131.313277959824, 950.0238024965099, 757.152892677065
8132.100170373917, 412.50503252826786, 1482.863469110839
8134.126745223999, 3060.437982522232, 1931.1570685440709
8135.154992341995, 2050.847726995651, 1714.088404025301
8136.066551685333, 1881.758130343008, 2596.3524001390742
8136.797594070435, 1881.758130343008, 2596.3524001390742
8137.326178789139, 1881.758130343008, 2596.3524001390742
8137.808886289597, 1881.758130343008, 2596.3524001390742
8138.322512388229, 1881.758130343008, 2596.3524001390742
8138.805219650269, 1881.758130343008, 2596.3524001390742
8141.526933193207, 834.4917473357018, 1687.2274767192464
8141.839094877243, 834.4917473357018, 1687.2274767192464
8142.645936727524, 3848.204657271991, 2064.217374281012
8143.883622169495, 553.0671055194578, 655.0022284761226
8144.733346223831, 1882.2259146579809, 792.9644484429606
8145.49630355835, 1882.2259146579809, 792.9644484429606
8145.966045618057, 1882.2259146579809, 792.9644484429606
8146.469696998596, 1882.2259146579809, 792.9644484429606
8146.9713542461395, 1882.2259146579809, 792.9644484429606
8147.4610431194305, 1882.2259146579809, 792.9644484429606
8147.985638380051, 1882.2259146579809, 792.9644484429606
8148.471338510513, 1882.2259146579809, 792.9644484429606
8148.967010736465, 1882.2259146579809, 792.9644484429606
8149.47066283226, 1882.2259146579809, 792.9644484429606
8149.969327688217, 1882.2259146579809, 792.9644484429606
8150.441064596176, 1882.2259146579809, 792.9644484429606
8151.068384170532, 887.1221186517242, 1958.6259349000918
8151.831342458725, 887.1221186517242, 1958.6259349000918
8152.3200340271, 887.1221186517242, 1958.6259349000918
8153.055065393448, 726.3265295277895, 2593.6834680821626
8154.078325510025, 3969.74011550349, 131.77551745661222
8154.835299491882, 3969.74011550349, 131.77551745661222
8155.71893286705, 3637.9637594014043, 286.9763962887254
8156.579629182816, 2912.8946742260846, 1437.5378425920555
8157.567983388901, 1995.5403578244675, 111.36944913034742
8158.317974567413, 1995.5403578244675, 111.36944913034742
8158.853541612625, 1995.5403578244675, 111.36944913034742
8159.340237855911, 1995.5403578244675, 111.36944913034742
8160.097211837769, 1334.8617342537145, 29445.35858473639
8160.842216491699, 1334.8617342537145, 29445.35858473639
8161.318939447403, 1334.8617342537145, 29445.35858473639
8161.833562135696, 1334.8617342537145, 29445.35858473639
8162.322252988815, 1334.8617342537145, 29445.35858473639
8162.845851421356, 1334.8617342537145, 29445.35858473639
8163.346511363983, 1334.8617342537145, 29445.35858473639
8163.852156877518, 1334.8617342537145, 29445.35858473639
8164.316914319992, 1334.8617342537145, 29445.35858473639
8164.839515209198, 1334.8617342537145, 29445.35858473639
8165.574546337128, 2032.2970312890016, 796.3498472546074
8166.336505651474, 2032.2970312890016, 796.3498472546074
8167.148331165314, 3065.2897736369046, 2747.3932551317566
8167.88037109375, 3065.2897736369046, 2747.3932551317566
8168.358093738556, 3065.2897736369046, 2747.3932551317566
8168.86772942543, 3065.2897736369046, 2747.3932551317566
8169.367390155792, 3065.2897736369046, 2747.3932551317566
8169.868050336838, 3065.2897736369046, 2747.3932551317566
8170.371703386307, 3065.2897736369046, 2747.3932551317566
8170.875353813171, 3065.2897736369046, 2747.3932551317566
8171.36105298996, 3065.2897736369046, 2747.3932551317566
8172.083118915558, 1589.6131396593423, 496.13129367045246
8172.8251321315765, 1589.6131396593423, 496.13129367045246
8173.3357656002045, 1589.6131396593423, 496.13129367045246
8173.823459625244, 1589.6131396593423, 496.13129367045246
8174.583425283432, 2225.263654957266, 2300.4842179140574
8175.362339496613, 2225.263654957266, 2300.4842179140574
8175.850033283234, 2225.263654957266, 2300.4842179140574
8176.56312417984, 1383.0485787552839, 201.40166402494674
8177.576411485672, 1615.630344727762, 1188.7645841916783
8178.635575532913, 85.5877268974262, 1247.6626945842265
8179.403519392014, 85.5877268974262, 1247.6626945842265
8179.903181314468, 85.5877268974262, 1247.6626945842265
8180.407830238342, 85.5877268974262, 1247.6626945842265
8180.903503656387, 85.5877268974262, 1247.6626945842265
8181.408153295517, 85.5877268974262, 1247.6626945842265
8181.908812046051, 85.5877268974262, 1247.6626945842265
8182.649828195572, 14794.638169579459, 465.57806273699623
8183.342972517014, 14794.638169579459, 465.57806273699623
8183.850613832474, 14794.638169579459, 465.57806273699623
8184.356259346008, 14794.638169579459, 465.57806273699623
8184.845946788788, 14794.638169579459, 465.57806273699623
8185.364559173584, 14794.638169579459, 465.57806273699623
8185.848263502121, 14794.638169579459, 465.57806273699623
8186.333964109421, 14794.638169579459, 465.57806273699623
8187.072984457016, 3847.7440368502407, 2886.8487156077504
8187.844918489456, 3847.7440368502407, 2886.8487156077504
8188.367518663406, 3847.7440368502407, 2886.8487156077504
8188.851223707199, 3847.7440368502407, 2886.8487156077504
8189.584262132645, 1948.2078165468913, 2573.0709770151125
8190.373151779175, 1948.2078165468913, 2573.0709770151125
8191.141093015671, 2538.1455455450773, 2436.897148858976
8191.88111281395, 2538.1455455450773, 2436.897148858976
8192.369803190231, 2538.1455455450773, 2436.897148858976
8192.868468046188, 2538.1455455450773, 2436.897148858976
8196.11178612709, 454.85840685133223, 2063.4784454029227
8196.911643981934, 454.85840685133223, 2063.4784454029227
8197.397342443466, 454.85840685133223, 2063.4784454029227
8197.894012928009, 454.85840685133223, 2063.4784454029227
8198.396666526794, 454.85840685133223, 2063.4784454029227
8198.900317668915, 454.85840685133223, 2063.4784454029227
8199.401975393295, 454.85840685133223, 2063.4784454029227
8199.898644685745, 454.85840685133223, 2063.4784454029227
8200.40628528595, 454.85840685133223, 2063.4784454029227
8200.916918516159, 454.85840685133223, 2063.4784454029227
8201.387659072876, 454.85840685133223, 2063.4784454029227
8201.907268285751, 454.85840685133223, 2063.4784454029227
8202.384988546371, 454.85840685133223, 2063.4784454029227
8203.103066921234, 2492.3369597939845, 1191.6130571320216
8204.183173894882, 1478.3100538268916, 1391.4901876909792
8204.874323606491, 1478.3100538268916, 1391.4901876909792
8205.36002278328, 1478.3100538268916, 1391.4901876909792
8205.854698419571, 1478.3100538268916, 1391.4901876909792
8206.384279966354, 1478.3100538268916, 1391.4901876909792
8206.858011960983, 1478.3100538268916, 1391.4901876909792
8207.373631715775, 1478.3100538268916, 1391.4901876909792
8207.85633969307, 1478.3100538268916, 1391.4901876909792
8208.36796927452, 1478.3100538268916, 1391.4901876909792
8208.861647605896, 1478.3100538268916, 1391.4901876909792
8209.355325460434, 1478.3100538268916, 1391.4901876909792
8209.859975099564, 1478.3100538268916, 1391.4901876909792
8210.357641935349, 1478.3100538268916, 1391.4901876909792
8210.868275165558, 1478.3100538268916, 1391.4901876909792
8211.351979732513, 1478.3100538268916, 1391.4901876909792
8211.863609313965, 1478.3100538268916, 1391.4901876909792
8212.363271713257, 1478.3100538268916, 1391.4901876909792
8212.857948303223, 1478.3100538268916, 1391.4901876909792
8213.36658525467, 1478.3100538268916, 1391.4901876909792
8213.852285861969, 1478.3100538268916, 1391.4901876909792
8214.371894598007, 1478.3100538268916, 1391.4901876909792
8214.858590364456, 1478.3100538268916, 1391.4901876909792
8215.916757583618, 3764.008481260938, 3410.5299457444908
8216.732573747635, 1801.0031897082424, 1317.1209073605066
8217.526448249817, 1801.0031897082424, 1317.1209073605066
8218.040073633194, 1801.0031897082424, 1317.1209073605066
8219.201961755753, 2287.7074242119443, 2921.0997356188104
8219.924029111862, 2287.7074242119443, 2921.0997356188104
8220.44662976265, 2287.7074242119443, 2921.0997356188104
8220.929336547852, 2287.7074242119443, 2921.0997356188104
8221.432988405228, 2287.7074242119443, 2921.0997356188104
8230.788939714432, 2005.2809943823215, 2829.7002408760673
8231.569847345352, 2005.2809943823215, 2829.7002408760673
8232.575156927109, 2005.2809943823215, 2829.7002408760673
8233.564507007599, 2005.2809943823215, 2829.7002408760673
8234.563831567764, 2005.2809943823215, 2829.7002408760673
8235.527251720428, 2005.2809943823215, 2829.7002408760673
8236.054841518402, 2005.2809943823215, 2829.7002408760673
8237.05615901947, 2005.2809943823215, 2829.7002408760673
8238.091388463974, 1914.7284380943724, 1496.031194861356
8239.086721420288, 257.48375721920536, 1503.6185836569434
8240.14887881279, 1070.4091966644392, 2442.999999998405
8240.883910179138, 1070.4091966644392, 2442.999999998405
8241.379584312439, 1070.4091966644392, 2442.999999998405
8241.878248214722, 1070.4091966644392, 2442.999999998405
8242.388881444931, 1070.4091966644392, 2442.999999998405
8242.880564689636, 1070.4091966644392, 2442.999999998405
8243.775169372559, 2946.02907384934, 1705.2389143179469
8244.516186952591, 2946.02907384934, 1705.2389143179469
8245.027814626694, 2946.02907384934, 1705.2389143179469
8245.54543018341, 2946.02907384934, 1705.2389143179469
8246.508849143982, 2946.02907384934, 1705.2389143179469
8247.05239367485, 2946.02907384934, 1705.2389143179469
8248.166411161423, 145.52840292504132, 732.2910603750579
8248.881497383118, 145.52840292504132, 732.2910603750579
8249.379165172577, 145.52840292504132, 732.2910603750579
8252.129800081253, 1381.6204009266976, 882.9282890864439
8252.900736093521, 1381.6204009266976, 882.9282890864439
8253.39441370964, 1381.6204009266976, 882.9282890864439
8254.10750579834, 1025.992868374625, 1513.3635081162283
8254.843533754349, 1025.992868374625, 1513.3635081162283
8255.336216211319, 1025.992868374625, 1513.3635081162283
8255.84285902977, 1025.992868374625, 1513.3635081162283
8256.353491067886, 1025.992868374625, 1513.3635081162283
8256.843181371689, 1025.992868374625, 1513.3635081162283
8257.359797239304, 1025.992868374625, 1513.3635081162283
8257.842504739761, 1025.992868374625, 1513.3635081162283
8260.797592878342, 2911.942722656861, 1486.7514348459429
8261.562544345856, 2911.942722656861, 1486.7514348459429
8262.55688214302, 2911.942722656861, 1486.7514348459429
8263.069509029388, 2911.942722656861, 1486.7514348459429
8264.040908813477, 2911.942722656861, 1486.7514348459429
8264.569494485855, 2911.942722656861, 1486.7514348459429
8265.593751192093, 1824.3387477682443, 670.5688011129091
8266.369673967361, 1824.3387477682443, 670.5688011129091
8267.091740369797, 3425.0202036111286, 71.5712860134763
8267.827769756317, 3425.0202036111286, 71.5712860134763
8268.348375558853, 3425.0202036111286, 71.5712860134763
8268.823106050491, 3425.0202036111286, 71.5712860134763
8269.353683710098, 3425.0202036111286, 71.5712860134763
8271.574738264084, 1999.47035493496, 2739.7551871101928
8275.087332487106, 2795.56941883104, 109.11583030341774
8275.862258195877, 2795.56941883104, 109.11583030341774
8276.350950479507, 2795.56941883104, 109.11583030341774
8276.837647676468, 2795.56941883104, 109.11583030341774
8277.337308883667, 2795.56941883104, 109.11583030341774
8278.0553855896, 3068.573920624972, 2581.1314578895194
8278.339624404907, 3068.573920624972, 2581.1314578895194
8279.116543769836, 1619.989180693487, 1254.5245189302464
8279.868530273438, 1619.989180693487, 1254.5245189302464
8280.359216451645, 1619.989180693487, 1254.5245189302464
8280.823973417282, 1619.989180693487, 1254.5245189302464
8281.36153125763, 1619.989180693487, 1254.5245189302464
8281.859200000763, 1619.989180693487, 1254.5245189302464
8282.596225738525, 687.6313050487915, 2367.087433971983
8283.351203680038, 687.6313050487915, 2367.087433971983
8283.84089231491, 687.6313050487915, 2367.087433971983
8284.333572387695, 687.6313050487915, 2367.087433971983
8285.062620162964, 3404.7829595148423, -15345.657873077595
8285.868462085724, 3404.7829595148423, -15345.657873077595
8286.376103401184, 3404.7829595148423, -15345.657873077595
8286.85681605339, 3404.7829595148423, -15345.657873077595
8287.393378734589, 3404.7829595148423, -15345.657873077595
8287.891045570374, 3404.7829595148423, -15345.657873077595
8288.39270234108, 3404.7829595148423, -15345.657873077595
8288.890369415283, 3404.7829595148423, -15345.657873077595
8289.625402450562, 2927.6801914453185, 2129.1470303213646
8290.376390457153, 2927.6801914453185, 2129.1470303213646
8290.89799284935, 2927.6801914453185, 2129.1470303213646
8291.33582162857, 2927.6801914453185, 2129.1470303213646
8291.832491397858, 2927.6801914453185, 2129.1470303213646
8292.799899578094, 3941.0071489007664, 385.0214839135255
8293.586792469025, 3578.615955614461, 373.7374431358271
8294.347754240036, 3578.615955614461, 373.7374431358271
8295.12866282463, 567.7672458818596, 70034.6778211285
8296.04321360588, -915.4371063759504, 1591.094636369594
8296.317480802536, -915.4371063759504, 1591.094636369594
8296.843071699142, -915.4371063759504, 1591.094636369594
8297.333758115768, -915.4371063759504, 1591.094636369594
8297.822449445724, -915.4371063759504, 1591.094636369594
8298.33108663559, -915.4371063759504, 1591.094636369594
8301.59035873413, 1983.9556122403599, 1071.044900455427
8302.384233236313, 1983.9556122403599, 1071.044900455427
8302.850984334946, 1983.9556122403599, 1071.044900455427
8303.58701133728, 3888.4210830139955, 1433.7085384643901
8304.593317985535, 2662.492561665981, 1578.761516070779
8305.813050031662, 177.009410226288, 536.5801011711163
8306.505196809769, 177.009410226288, 536.5801011711163
8307.037769794464, 177.009410226288, 536.5801011711163
8307.537433385849, 177.009410226288, 536.5801011711163
8308.143807649612, 2264.545740633672, 2930.1956787326762
8308.870860815048, 2264.545740633672, 2930.1956787326762
8309.361546754837, 2264.545740633672, 2930.1956787326762
8309.865198135376, 2264.545740633672, 2930.1956787326762
8310.381815195084, 2264.545740633672, 2930.1956787326762
8311.06698012352, 1867.1112938910637, 1869.5408687839454
8311.387122631073, 1867.1112938910637, 1869.5408687839454
8311.866837978363, 1867.1112938910637, 1869.5408687839454
8312.365504741669, 1867.1112938910637, 1869.5408687839454
8312.863169431686, 1867.1112938910637, 1869.5408687839454
8313.359840393066, 1867.1112938910637, 1869.5408687839454
8313.853517770767, 1867.1112938910637, 1869.5408687839454
8314.375120639801, 1867.1112938910637, 1869.5408687839454
8314.848851680756, 1867.1112938910637, 1869.5408687839454
8315.352502822876, 1867.1112938910637, 1869.5408687839454
8315.854158878326, 1867.1112938910637, 1869.5408687839454
8316.364791870117, 1867.1112938910637, 1869.5408687839454
8316.862460136414, 1867.1112938910637, 1869.5408687839454
8317.367107391357, 1867.1112938910637, 1869.5408687839454
8317.858790874481, 1867.1112938910637, 1869.5408687839454
8318.360447645187, 1867.1112938910637, 1869.5408687839454
8318.892025232315, 1867.1112938910637, 1869.5408687839454
8319.61209654808, 613.9031440377172, 541.6157304252984
8320.375052690506, 613.9031440377172, 541.6157304252984
8320.870724916458, 613.9031440377172, 541.6157304252984
8321.349443674088, 613.9031440377172, 541.6157304252984
8321.881019353867, 613.9031440377172, 541.6157304252984
8322.375696182251, 613.9031440377172, 541.6157304252984
8322.86338853836, 613.9031440377172, 541.6157304252984
8323.360058546066, 613.9031440377172, 541.6157304252984
8323.869694709778, 613.9031440377172, 541.6157304252984
8324.367361068726, 613.9031440377172, 541.6157304252984
8325.094413518906, 1837.3384707440648, -478.47048128237657
8325.845403909683, 1837.3384707440648, -478.47048128237657
8326.340077877045, 1837.3384707440648, -478.47048128237657
8327.066133499146, 1908.2425568846818, 945.7389983959724
8327.381290197372, 1908.2425568846818, 945.7389983959724
8327.864994764328, 1908.2425568846818, 945.7389983959724
8328.355679750443, 1908.2425568846818, 945.7389983959724
8328.856338739395, 1908.2425568846818, 945.7389983959724
8329.35500383377, 1908.2425568846818, 945.7389983959724
8330.166834115982, 3063.868496697785, 1761.0000184808653
8330.92878985405, 3063.868496697785, 1761.0000184808653
8331.421469449997, 3063.868496697785, 1761.0000184808653
8331.930109739304, 3063.868496697785, 1761.0000184808653
8332.421791315079, 3063.868496697785, 1761.0000184808653
8332.900509119034, 3063.868496697785, 1761.0000184808653
8333.634542942047, 2314.023797227473, 2305.7043189631736
8334.368577003479, 2314.023797227473, 2305.7043189631736
8334.847295999527, 2314.023797227473, 2305.7043189631736
8335.643164634705, 934.761488249253, 201.82995561873406
8336.67141032219, 1659.2982700175505, 1972.280419121538
8337.44533777237, 1659.2982700175505, 1972.280419121538
8337.920066833496, 1659.2982700175505, 1972.280419121538
8338.45164322853, 1659.2982700175505, 1972.280419121538
8338.942329406738, 1659.2982700175505, 1972.280419121538
8339.416060447693, 1659.2982700175505, 1972.280419121538
8339.934671640396, 1659.2982700175505, 1972.280419121538
8340.437325000763, 1659.2982700175505, 1972.280419121538
8340.921029567719, 1659.2982700175505, 1972.280419121538
8341.447619915009, 1659.2982700175505, 1972.280419121538
8341.940300226212, 1659.2982700175505, 1972.280419121538
8342.429990291595, 1659.2982700175505, 1972.280419121538
8343.227851867676, 1933.499172066896, 1459.9590073407107
8343.963881015778, 1933.499172066896, 1459.9590073407107
8344.4455909729, 1933.499172066896, 1459.9590073407107
8344.957220554352, 1933.499172066896, 1459.9590073407107
8345.438931703568, 1933.499172066896, 1459.9590073407107
8345.966517686844, 1933.499172066896, 1459.9590073407107
8346.4502222538, 1933.499172066896, 1459.9590073407107
8346.944898605347, 1933.499172066896, 1459.9590073407107
8347.46450638771, 1933.499172066896, 1459.9590073407107
8347.926269769669, 1933.499172066896, 1459.9590073407107
8348.473803043365, 1933.499172066896, 1459.9590073407107
8348.945540428162, 1933.499172066896, 1459.9590073407107
8349.639680862427, 890.4713877818078, 6509.348611410974
8350.386680364609, 890.4713877818078, 6509.348611410974
8350.897312641144, 890.4713877818078, 6509.348611410974
8351.38301205635, 890.4713877818078, 6509.348611410974
8351.906609296799, 890.4713877818078, 6509.348611410974
8352.608730793, 2126.5581292787315, 1702.1281516062481
8353.369691610336, 2126.5581292787315, 1702.1281516062481
8354.093754053116, 1920.3260485077813, 2259.731214313648
8354.849728822708, 1920.3260485077813, 2259.731214313648
8355.359362840652, 1920.3260485077813, 2259.731214313648
8355.86899805069, 1920.3260485077813, 2259.731214313648
8356.368660211563, 1920.3260485077813, 2259.731214313648
8356.880290746689, 1920.3260485077813, 2259.731214313648
8357.375962972641, 1920.3260485077813, 2259.731214313648
8357.86664891243, 1920.3260485077813, 2259.731214313648
8358.779205799103, 1377.0033303074695, 1468.0426244847547
8359.597014665604, 4313.76751865641, 4636.236369248939
8360.619276762009, 462.8113661881869, 2786.030911020339
8361.618600845337, 2058.968108495689, 667.4112545763002
8362.626901626587, 2186.2989570853347, 1123.4183902966427
8363.673099517822, 3184.740968639282, 937.2621816007859
8364.410126209259, 3184.740968639282, 937.2621816007859
8364.932725191116, 3184.740968639282, 937.2621816007859
8365.396485090256, 3184.740968639282, 937.2621816007859
8368.627830266953, 1987.0691414481053, 1108.3142187219212
8369.403753042221, 1987.0691414481053, 1108.3142187219212
8370.187653779984, 100.45551077354247, 425.1156541096002
8371.163041353226, 1207.5600461926163, 2533.462468222296
8371.8980717659, 1207.5600461926163, 2533.462468222296
8372.667013168335, 3891.4802178320856, 2434.39949572518
8373.589542865753, 14301.39449951555, 1334.8489044536718
8374.36845612526, 14301.39449951555, 1334.8489044536718
8375.05063009262, 3657.9850371970306, 1986.0048258556985
8375.602152109146, 3294.5889568753887, 2577.946365567036
8376.66630268097, 2507.368645114892, 950.4237443759564
8377.717487096786, 2158.41653358094, 62992.30644898708
8378.403649568558, 2158.41653358094, 62992.30644898708
8378.911289691925, 2158.41653358094, 62992.30644898708
8379.842795848846, 51.013258141663215, 1596.1767688323475
8380.554889678955, 51.013258141663215, 1596.1767688323475
8381.036598443985, 51.013258141663215, 1596.1767688323475
8381.523296833038, 51.013258141663215, 1596.1767688323475
8383.224739313126, 2791.861019334029, 1781.0181191183447
8383.96375989914, 2791.861019334029, 1781.0181191183447
8384.464419603348, 2791.861019334029, 1781.0181191183447
8384.94213962555, 2791.861019334029, 1781.0181191183447
8385.458756923676, 2791.861019334029, 1781.0181191183447
8385.906557321548, 2791.861019334029, 1781.0181191183447
8386.459076881409, 2791.861019334029, 1781.0181191183447
8386.964723110199, 2791.861019334029, 1781.0181191183447
8387.472362995148, 2791.861019334029, 1781.0181191183447
8387.954073667526, 2791.861019334029, 1781.0181191183447
8388.455729722977, 2791.861019334029, 1781.0181191183447
8388.957387924194, 2791.861019334029, 1781.0181191183447
8394.139508724213, 1397.5390937717789, 1373.4175737995938
8394.932385444641, 1397.5390937717789, 1373.4175737995938
8395.409110069275, 1397.5390937717789, 1373.4175737995938
8395.927721261978, 1397.5390937717789, 1373.4175737995938
8396.42638516426, 1397.5390937717789, 1373.4175737995938
8396.919064998627, 1397.5390937717789, 1373.4175737995938
8397.425709486008, 1397.5390937717789, 1373.4175737995938
8397.947311639786, 1397.5390937717789, 1373.4175737995938
8398.431015968323, 1397.5390937717789, 1373.4175737995938
8398.92968082428, 1397.5390937717789, 1373.4175737995938
8399.43931555748, 1397.5390937717789, 1373.4175737995938
8399.922023296356, 1397.5390937717789, 1373.4175737995938
8400.679993152618, 5028.049301436482, 1493.5124989474332
8401.404054164886, 5028.049301436482, 1493.5124989474332
8401.88975429535, 5028.049301436482, 1493.5124989474332
8402.416343212128, 5028.049301436482, 1493.5124989474332
8402.912015676498, 5028.049301436482, 1493.5124989474332
8403.418658733368, 5028.049301436482, 1493.5124989474332
8403.906353712082, 5028.049301436482, 1493.5124989474332
8404.605481147766, 866.7533272407427, 2170.975001313656
8405.619765043259, 11042.17225079393, -1624.3528350200731
8406.669951915741, 3470.5805815066415, 2147.200349925864
8407.648332595825, 94.25787591653287, 1234.3223181700976
8408.648652791977, 2400.2053037598284, 2030.6574131607347
8409.39166355133, 2400.2053037598284, 2030.6574131607347
8409.90129852295, 2400.2053037598284, 2030.6574131607347
8410.394976139069, 2400.2053037598284, 2030.6574131607347
8410.890649080276, 2400.2053037598284, 2030.6574131607347
8411.631663799286, 895.0839192773554, 1863.5657835800507
8412.407587528229, 895.0839192773554, 1863.5657835800507
8412.908246040344, 895.0839192773554, 1863.5657835800507
8413.425860643387, 895.0839192773554, 1863.5657835800507
8413.938486337662, 895.0839192773554, 1863.5657835800507
8414.417204618454, 895.0839192773554, 1863.5657835800507
8414.918860435486, 895.0839192773554, 1863.5657835800507
8415.418533325195, 895.0839192773554, 1863.5657835800507
8416.1016933918, 1948.0924482749833, 448.96396942603826
8417.178810119629, 2141.230112098986, 1386.013994812501
8417.905861616135, 2141.230112098986, 1386.013994812501
8418.648872613907, 1064.3637403121274, 1357.8807978514772
8419.694073438644, 246.75234331501215, 1588.7877631896058
8420.617599248886, 2039.301997456284, 270.46258991123403
8421.40449142456, 2039.301997456284, 270.46258991123403
8421.89218711853, 2039.301997456284, 270.46258991123403
8422.392846345901, 2039.301997456284, 270.46258991123403
8422.895498991013, 2039.301997456284, 270.46258991123403
8423.386186599731, 2039.301997456284, 270.46258991123403
8423.901804208755, 2039.301997456284, 270.46258991123403
8424.612899780273, 155.8014155180958, 1583.7351776899263
8425.38184261322, 155.8014155180958, 1583.7351776899263
8426.3392765522, 3089.806230688472, 1035.0391013607525
8427.141129493713, 3089.806230688472, 1035.0391013607525
8428.121504545212, 3089.806230688472, 1035.0391013607525
8429.110854387283, 3089.806230688472, 1035.0391013607525
8430.099208116531, 3089.806230688472, 1035.0391013607525
8431.071603536606, 3089.806230688472, 1035.0391013607525
8431.629110097885, 3089.806230688472, 1035.0391013607525
8432.636413574219, 3089.806230688472, 1035.0391013607525
8433.603822946548, 4123.482435255757, 6918.99091242159
8434.589183330536, 3608.148055374416, 300.2239697104774
8435.354135036469, 3608.148055374416, 300.2239697104774
8435.857785701752, 3608.148055374416, 300.2239697104774
8436.318552494049, 3608.148055374416, 300.2239697104774
8436.84713602066, 3608.148055374416, 300.2239697104774
8440.586125135422, 535.3023467904485, 1527.0022647418953
8441.1944937706, 961.8578667183497, -44.3167197078974
8441.936507225037, 961.8578667183497, -44.3167197078974
8442.439162015915, 961.8578667183497, -44.3167197078974
8442.943809986115, 961.8578667183497, -44.3167197078974
8443.43748831749, 961.8578667183497, -44.3167197078974
8444.188477277756, 2013.378266416648, 929.1367465167153
8445.301495075226, 3529.4320742040895, 590.8941002724089
8446.18313407898, 2812.247287524098, -546.8522343392249
8446.879269838333, 2812.247287524098, -546.8522343392249
8447.360980272293, 2812.247287524098, -546.8522343392249
8447.878593921661, 2812.247287524098, -546.8522343392249
8448.34833574295, 2812.247287524098, -546.8522343392249
8448.854979276657, 2812.247287524098, -546.8522343392249
8449.350651979446, 2812.247287524098, -546.8522343392249
8449.852308034897, 2812.247287524098, -546.8522343392249
8450.347981214523, 2812.247287524098, -546.8522343392249
8450.828692913055, 2812.247287524098, -546.8522343392249
8451.588658094406, 3236.1152479191474, -6.248568832106086
8451.874892950058, 3236.1152479191474, -6.248568832106086
8452.66377902031, 231.3406685982635, 1321.5037313406685
8453.420751571655, 231.3406685982635, 1321.5037313406685
8453.924402713776, 231.3406685982635, 1321.5037313406685
8454.654447555542, 3304.3856481096054, 880.9674541076031
8455.407431840897, 3304.3856481096054, 880.9674541076031
8455.916069507599, 3304.3856481096054, 880.9674541076031
8456.392793655396, 3304.3856481096054, 880.9674541076031
8456.900432825089, 3304.3856481096054, 880.9674541076031
8457.397104024887, 3304.3856481096054, 880.9674541076031
8457.911724805832, 3304.3856481096054, 880.9674541076031
8458.38745188713, 3304.3856481096054, 880.9674541076031
8458.903069734573, 3304.3856481096054, 880.9674541076031
8459.40871667862, 3304.3856481096054, 880.9674541076031
8460.133774280548, 1395.2811868149488, 1649.1969156833338
8461.153043985367, 2260.6218974203466, 2358.892123827875
8461.91600060463, 2260.6218974203466, 2358.892123827875
8462.38674068451, 2260.6218974203466, 2358.892123827875
8462.89637684822, 2260.6218974203466, 2358.892123827875
8463.396039247513, 2260.6218974203466, 2358.892123827875
8464.171959161758, 2414.683595663303, 5488.221544065642
8465.121417284012, 3317.113976762028, 1778.046251879232
8465.850465297699, 3317.113976762028, 1778.046251879232
8466.350126028061, 3317.113976762028, 1778.046251879232
8466.87073302269, 3317.113976762028, 1778.046251879232
8467.36740231514, 3317.113976762028, 1778.046251879232
8467.862077951431, 3317.113976762028, 1778.046251879232
8468.355756044388, 3317.113976762028, 1778.046251879232
8468.86539030075, 3317.113976762028, 1778.046251879232
8469.356076478958, 3317.113976762028, 1778.046251879232
8470.127012014389, 3946.5000000000064, 2712.2967515034193
8470.8929605484, 3946.5000000000064, 2712.2967515034193
8471.632978916168, 797.230131947868, -1457.364013033332
8472.41189289093, 797.230131947868, -1457.364013033332
8472.926515340805, 797.230131947868, -1457.364013033332
8473.412213563919, 797.230131947868, -1457.364013033332
8474.400567531586, 2023.6332000561306, 613.0277080260202
8475.11565232277, 2023.6332000561306, 613.0277080260202
8476.132927417755, 2023.6332000561306, 613.0277080260202
8477.121282100677, 2023.6332000561306, 613.0277080260202
8478.138556480408, 2023.6332000561306, 613.0277080260202
8479.117933988571, 2415.4936325150607, 316.6703725873241
8480.192058324814, 325.48720681172705, 786.0108662101442
8480.956012010574, 325.48720681172705, 786.0108662101442
8481.450686454773, 325.48720681172705, 786.0108662101442
8481.9304022789, 325.48720681172705, 786.0108662101442
8482.450010538101, 325.48720681172705, 786.0108662101442
8482.940696716309, 325.48720681172705, 786.0108662101442
8483.465291261673, 325.48720681172705, 786.0108662101442
8483.947001695633, 325.48720681172705, 786.0108662101442
8484.440680742264, 325.48720681172705, 786.0108662101442
8484.897457838058, 325.48720681172705, 786.0108662101442
8485.436014175415, 325.48720681172705, 786.0108662101442
8485.93667292595, 325.48720681172705, 786.0108662101442
8486.735533714294, 690.7604381315017, 1317.211691284028
8487.511456727982, 690.7604381315017, 1317.211691284028
8488.024084568024, 690.7604381315017, 1317.211691284028
8488.628464221954, 2228.6379407367453, -5806.518145671713
8489.380451202393, 2228.6379407367453, -5806.518145671713
8489.871136426926, 2228.6379407367453, -5806.518145671713
8490.67997121811, 985.2041182084557, 1521.1810119233273
8491.711210012436, 567.4095513293457, 787.0578322569455
8492.6776201725, 3964.0046791601844, 321.9164966600102
8493.392705917358, 3964.0046791601844, 321.9164966600102
8494.13172674179, 3839.421869552051, 1152.0031282839848
8494.86974978447, 3839.421869552051, 1152.0031282839848
8495.37240600586, 3839.421869552051, 1152.0031282839848
8495.876054763794, 3839.421869552051, 1152.0031282839848
8496.38569021225, 3839.421869552051, 1152.0031282839848
8496.885352373123, 3839.421869552051, 1152.0031282839848
8497.369056940079, 3839.421869552051, 1152.0031282839848
8498.284605264664, 172.54846294742367, 440.3244917261805
8499.016644954681, 172.54846294742367, 440.3244917261805
8499.571160316467, 172.54846294742367, 440.3244917261805
8500.037909269333, 172.54846294742367, 440.3244917261805
8500.543555498123, 172.54846294742367, 440.3244917261805
8501.041222333908, 172.54846294742367, 440.3244917261805
8501.555844068527, 172.54846294742367, 440.3244917261805
8502.017612218857, 172.54846294742367, 440.3244917261805
8502.61899805069, 4024.21195691997, 1200.2605029226143
8503.383949756622, 4024.21195691997, 1200.2605029226143
8503.886605739594, 4024.21195691997, 1200.2605029226143
8504.353352546692, 4024.21195691997, 1200.2605029226143
8506.61928486824, 2016.1244432877365, 1326.793070313906
8507.350326538086, 2016.1244432877365, 1326.793070313906
8507.886890649796, 2016.1244432877365, 1326.793070313906
8508.36760187149, 2016.1244432877365, 1326.793070313906
8508.861279726028, 2016.1244432877365, 1326.793070313906
8509.377897262573, 2016.1244432877365, 1326.793070313906
8510.186730384827, 20.54755284431224, 1958.7049256284195
8511.46730184555, 1930.0068292208455, 439.8959359413101
8512.232252836227, 1930.0068292208455, 439.8959359413101
8513.224595069885, 1930.0068292208455, 439.8959359413101
8514.115210056305, 1218.655806850389, 1405.3369456287323
8514.86620092392, 1218.655806850389, 1405.3369456287323
8515.369850158691, 1218.655806850389, 1405.3369456287323
8515.885468959808, 1218.655806850389, 1405.3369456287323
8516.366181850433, 1218.655806850389, 1405.3369456287323
8516.861855745316, 1218.655806850389, 1405.3369456287323
8517.364509105682, 1218.655806850389, 1405.3369456287323
8517.86716246605, 1218.655806850389, 1405.3369456287323
8518.649068832397, 601.1573902177827, -89336.40177215984
8519.440947532654, 601.1573902177827, -89336.40177215984
8519.928641796112, 601.1573902177827, -89336.40177215984
8520.42730641365, 601.1573902177827, -89336.40177215984
8520.919986724854, 601.1573902177827, -89336.40177215984
8521.895375013351, 2600.005382989872, 1339.6930444784066
8522.7690346241, 467.9580061939191, 726.7333274712532
8523.490103721619, 467.9580061939191, 726.7333274712532
8523.981787443161, 467.9580061939191, 726.7333274712532
8524.442553281784, 467.9580061939191, 726.7333274712532
8524.978119134903, 467.9580061939191, 726.7333274712532
8525.469803571701, 467.9580061939191, 726.7333274712532
8525.98442363739, 467.9580061939191, 726.7333274712532
8526.463142633438, 467.9580061939191, 726.7333274712532
8526.978761196136, 467.9580061939191, 726.7333274712532
8527.486401557922, 467.9580061939191, 726.7333274712532
8528.113721609116, 1824.7928579469656, 1739.3358242032693
8529.194826841354, 426.35335779112273, 466.45886113103194
8530.106385231018, -29357.696245265914, 1508.148433356473
8531.114684343338, 1680.0307499098296, 1444.0546940743188
8532.176841259003, 2162.828225428486, 1435.372546969155
8532.931819677353, 2162.828225428486, 1435.372546969155
8533.437465906143, 2162.828225428486, 1435.372546969155
8533.935131311417, 2162.828225428486, 1435.372546969155
8534.420830249786, 2162.828225428486, 1435.372546969155
8534.930465698242, 2162.828225428486, 1435.372546969155
8535.451071739197, 2162.828225428486, 1435.372546969155
8535.92978978157, 2162.828225428486, 1435.372546969155
8536.461366415024, 2162.828225428486, 1435.372546969155
8536.921136140823, 2162.828225428486, 1435.372546969155
8537.436753988266, 2162.828225428486, 1435.372546969155
8537.925446271896, 2162.828225428486, 1435.372546969155
8538.443060159683, 2162.828225428486, 1435.372546969155
8538.929757356644, 2162.828225428486, 1435.372546969155
8539.61691570282, 3664.2126790134575, 1744.9724300343964
8543.637149333954, 2720.319435698591, 1305.0351610005578
8544.394123792648, 2720.319435698591, 1305.0351610005578
8544.919714450836, 2720.319435698591, 1305.0351610005578
8545.408406734467, 2720.319435698591, 1305.0351610005578
8545.915048599243, 2720.319435698591, 1305.0351610005578
8546.407730817795, 2720.319435698591, 1305.0351610005578
8546.925345420837, 2720.319435698591, 1305.0351610005578
8547.416030883789, 2720.319435698591, 1305.0351610005578
8547.937632322311, 2720.319435698591, 1305.0351610005578
8548.421337366104, 2720.319435698591, 1305.0351610005578
8549.105504751205, 3088.9988320421976, 1761.6731412539264
8549.878435134888, 3088.9988320421976, 1761.6731412539264
8550.396048784256, 3088.9988320421976, 1761.6731412539264
8550.864793539047, 3088.9988320421976, 1761.6731412539264
8551.365454912186, 3088.9988320421976, 1761.6731412539264
8557.6366584301, 1781.8940533482337, 411.57049311400607
8558.383657932281, 1781.8940533482337, 411.57049311400607
8559.11470079422, 9462.36507525336, 1289.8812363406325
8561.107362985611, 1756.5253991363966, 1512.0158667648248
8561.421522855759, 1756.5253991363966, 1512.0158667648248
8561.915200471878, 1756.5253991363966, 1512.0158667648248
8562.395913124084, 1756.5253991363966, 1512.0158667648248
8563.46604681015, 1037.0052502932017, 1294.1782859138902
8564.160187959671, 3703.4063114638016, 2489.8050805218163
8565.156519889832, 1521.5458518811859, 1716.0472608747568
8565.915488243103, 1521.5458518811859, 1716.0472608747568
8566.416146755219, 1521.5458518811859, 1716.0472608747568
8566.920795202255, 1521.5458518811859, 1716.0472608747568
8567.419460058212, 1521.5458518811859, 1716.0472608747568
8567.917127132416, 1521.5458518811859, 1716.0472608747568
8568.422772407532, 1521.5458518811859, 1716.0472608747568
8568.906476736069, 1521.5458518811859, 1716.0472608747568
8569.39317393303, 1521.5458518811859, 1716.0472608747568
8569.916771650314, 1521.5458518811859, 1716.0472608747568
8570.856256246567, 4183.465369438355, 2896.7652520518614
8571.59527683258, 4183.465369438355, 2896.7652520518614
8572.129844665527, 1847.8740754294897, 331.5657410538007
8573.098251342773, 3795.0615401007635, 2828.4155106509256
8573.405428409576, 3795.0615401007635, 2828.4155106509256
8573.904093027115, 3795.0615401007635, 2828.4155106509256
8574.395777463913, 3795.0615401007635, 2828.4155106509256
8574.929347991943, 3795.0615401007635, 2828.4155106509256
8575.415047168732, 3795.0615401007635, 2828.4155106509256
8575.909722566605, 3795.0615401007635, 2828.4155106509256
8576.401405334473, 3795.0615401007635, 2828.4155106509256
8576.91004562378, 3795.0615401007635, 2828.4155106509256
8577.40870976448, 3795.0615401007635, 2828.4155106509256
8578.187621831894, 1888.2965866565273, 816.8857255583764
8578.906695365906, 1888.2965866565273, 816.8857255583764
8579.403366565704, 1888.2965866565273, 816.8857255583764
8579.90502357483, 1888.2965866565273, 816.8857255583764
8580.405681848526, 1888.2965866565273, 816.8857255583764
8580.88639497757, 1888.2965866565273, 816.8857255583764
8581.638380765915, 410.4945061322077, 1936.1184944996269
8582.647678613663, 2922.323145980999, 2500.0000027607593
8583.647001504898, 3604.5951686481844, 2872.9090479638417
8584.639344453812, 2348.4704319788752, 1776.6964053170575
8585.402301073074, 2348.4704319788752, 1776.6964053170575
8585.867056131363, 2348.4704319788752, 1776.6964053170575
8586.63898897171, 621.5170006418537, 1849.5659136381971
8587.367040395737, 621.5170006418537, 1849.5659136381971
8588.085115909576, 2896.96679275776, 2544.323759579336
8588.379328012466, 2896.96679275776, 2544.323759579336
8588.865028381348, 2896.96679275776, 2544.323759579336
8589.378652095795, 2896.96679275776, 2544.323759579336
8590.236355781555, 3973.6478269713143, 2350.368876938925
8590.98534989357, 3973.6478269713143, 2350.368876938925
8591.498973608017, 3973.6478269713143, 2350.368876938925
8591.989659786224, 3973.6478269713143, 2350.368876938925
8592.493311405182, 3973.6478269713143, 2350.368876938925
8593.003943443298, 3973.6478269713143, 2350.368876938925
8593.49463224411, 3973.6478269713143, 2350.368876938925
8593.988307237625, 3973.6478269713143, 2350.368876938925
8594.494952201843, 3973.6478269713143, 2350.368876938925
8595.003588199615, 3973.6478269713143, 2350.368876938925
8595.507239818573, 3973.6478269713143, 2350.368876938925
8595.99692773819, 3973.6478269713143, 2350.368876938925
8596.497588157654, 3973.6478269713143, 2350.368876938925
8596.975307941437, 3973.6478269713143, 2350.368876938925
8597.504889726639, 3973.6478269713143, 2350.368876938925
8598.166119337082, 2396.3383071675835, 1017.5655830888737
8598.844303369522, 2396.3383071675835, 1017.5655830888737
8599.389842510223, 2396.3383071675835, 1017.5655830888737
8599.865567922592, 2396.3383071675835, 1017.5655830888737
8600.383181333542, 2396.3383071675835, 1017.5655830888737
8600.875862836838, 2396.3383071675835, 1017.5655830888737
8601.380511522293, 2396.3383071675835, 1017.5655830888737
8601.904108762741, 2396.3383071675835, 1017.5655830888737
8602.63215970993, -7818.783353185474, 1517.3607278197758
8603.417056560516, -7818.783353185474, 1517.3607278197758
8603.950627565384, -7818.783353185474, 1517.3607278197758
8604.414385557175, -7818.783353185474, 1517.3607278197758
8604.910058736801, -7818.783353185474, 1517.3607278197758
8605.422686100006, -7818.783353185474, 1517.3607278197758
8605.921350240707, -7818.783353185474, 1517.3607278197758
8606.436969995499, -7818.783353185474, 1517.3607278197758
8606.939623355865, -7818.783353185474, 1517.3607278197758
8607.43130850792, -7818.783353185474, 1517.3607278197758
8607.947924137115, -7818.783353185474, 1517.3607278197758
8608.396723031998, -7818.783353185474, 1517.3607278197758
8608.919321537018, -7818.783353185474, 1517.3607278197758
8609.413001775742, -7818.783353185474, 1517.3607278197758
8610.212858200073, 1718.5223673863773, 2594.118490121424
8611.299946784973, 2270.9999445251906, 1343.6162269479087
8612.086838722229, 2270.9999445251906, 1343.6162269479087
8612.563561916351, 2270.9999445251906, 1343.6162269479087
8613.169939517975, 3002.4895910047053, 2735.0856749873237
8613.92890572548, 3002.4895910047053, 2735.0856749873237
8614.425576210022, 3002.4895910047053, 2735.0856749873237
8614.915264844894, 3002.4895910047053, 2735.0856749873237
8616.690510034561, 412.70401832075567, 1443.6371214376618
8617.661909341812, 3515.4444627986363, 1358.6102337431807
8618.693147182465, 1806.62413538174, 536.5102969235273
8623.193096399307, -3748.356778377857, 47.356536559273835
8623.952064037323, -3748.356778377857, 47.356536559273835
8624.43776345253, -3748.356778377857, 47.356536559273835
8625.318405628204, 1958.8159663492575, 2284.2569840201477
8626.145191192627, 1814.6281499615743, 1984.6010661512955
8626.866260051727, 1814.6281499615743, 1984.6010661512955
8627.372902393341, 1814.6281499615743, 1984.6010661512955
8628.287453651428, 3771.475255338334, 638.7365625534342
8628.97959971428, 3771.475255338334, 638.7365625534342
8629.542093276978, 3771.475255338334, 638.7365625534342
8629.99587893486, 3771.475255338334, 638.7365625534342
8630.517481565475, 3771.475255338334, 638.7365625534342
8630.996198892593, 3771.475255338334, 638.7365625534342
8631.664409637451, 536.9551261134778, 2343.3998117637548
8632.633813381195, 3791.449597429928, 74.13496954078316
8633.641116380692, 1003.1715428328781, 2909.056015234977
8634.440974235535, 1003.1715428328781, 2909.056015234977
8634.943628072739, 1003.1715428328781, 2909.056015234977
8635.436308145523, 1003.1715428328781, 2909.056015234977
8635.91303229332, 1003.1715428328781, 2909.056015234977
8636.387759923935, 1003.1715428328781, 2909.056015234977
8636.917342424393, 1003.1715428328781, 2909.056015234977
8637.451910972595, 1003.1715428328781, 2909.056015234977
8637.93760895729, 1003.1715428328781, 2909.056015234977
8638.411341190338, 1003.1715428328781, 2909.056015234977
8638.941920042038, 1003.1715428328781, 2909.056015234977
8639.433603525162, 1003.1715428328781, 2909.056015234977
8639.944236516953, 1003.1715428328781, 2909.056015234977
8640.452873945236, 1003.1715428328781, 2909.056015234977
8640.958519935608, 1003.1715428328781, 2909.056015234977
8641.449207544327, 1003.1715428328781, 2909.056015234977
8641.941886901855, 1003.1715428328781, 2909.056015234977
8642.415617704391, 1003.1715428328781, 2909.056015234977
8642.927247285843, 1003.1715428328781, 2909.056015234977
8643.43887758255, 1003.1715428328781, 2909.056015234977
8643.945520401001, 1003.1715428328781, 2909.056015234977
8644.453161001205, 1003.1715428328781, 2909.056015234977
8644.949830293655, 1003.1715428328781, 2909.056015234977
8645.427551269531, 1003.1715428328781, 2909.056015234977
8645.90128326416, 1003.1715428328781, 2909.056015234977
8646.424880027771, 1003.1715428328781, 2909.056015234977
8646.948477745056, 1003.1715428328781, 2909.056015234977
8647.432183742523, 1003.1715428328781, 2909.056015234977
8647.922868967056, 1003.1715428328781, 2909.056015234977
8648.58709025383, 535.9262099596211, 1679.7066967707453
8648.871329307556, 535.9262099596211, 1679.7066967707453
8649.703102111816, 1844.3716982957674, 495.601986995152
8650.416192293167, 1844.3716982957674, 495.601986995152
8650.928819417953, 1844.3716982957674, 495.601986995152
8651.41850733757, 1844.3716982957674, 495.601986995152
8651.895231723785, 1844.3716982957674, 495.601986995152
8652.619292259216, 3059.0713760376098, 1942.8971122989099
8653.402195215225, 3059.0713760376098, 1942.8971122989099
8653.895872592926, 3059.0713760376098, 1942.8971122989099
8654.688749551773, 3047.3851751278457, 142.37875509551185
8655.67211675644, 1799.0601198795514, 1398.2258813025176
8656.402162075043, 1799.0601198795514, 1398.2258813025176
8656.924761772156, 1799.0601198795514, 1398.2258813025176
8657.40846657753, 1799.0601198795514, 1398.2258813025176
8658.184388399124, 2948.5231749277996, 501.71942842244385
8658.917424917221, 2948.5231749277996, 501.71942842244385
8659.424068450928, 2948.5231749277996, 501.71942842244385
8662.206616401672, 3389.6626112265985, 1056.4999999999943
8662.985530138016, 3389.6626112265985, 1056.4999999999943
8663.478211641312, 3389.6626112265985, 1056.4999999999943
8664.008789777756, 3389.6626112265985, 1056.4999999999943
8664.518424749374, 3389.6626112265985, 1056.4999999999943
8665.005121469498, 3389.6626112265985, 1056.4999999999943
8665.51276230812, 3389.6626112265985, 1056.4999999999943
8665.989485740662, 3389.6626112265985, 1056.4999999999943
8666.490144729614, 3389.6626112265985, 1056.4999999999943
8667.00476717949, 3389.6626112265985, 1056.4999999999943
8667.504428863525, 3389.6626112265985, 1056.4999999999943
8668.211536169052, 1900.654149061539, 2409.2008216459744
8668.9106631279, 1900.654149061539, 2409.2008216459744
8669.394369125366, 1900.654149061539, 2409.2008216459744
8670.155329704285, 164.98975200919153, 1842.5471929109806
8671.153656244278, 3515.8475364246488, 786.7231070158338
8672.139016628265, 2628.675392919039, 2271.6183535166447
8672.899979829788, 2628.675392919039, 2271.6183535166447
8673.389668941498, 2628.675392919039, 2271.6183535166447
8673.882348775864, 2628.675392919039, 2271.6183535166447
8674.400959968567, 2628.675392919039, 2271.6183535166447
8674.889650344849, 2628.675392919039, 2271.6183535166447
8675.384326219559, 2628.675392919039, 2271.6183535166447
8675.879001379013, 2628.675392919039, 2271.6183535166447
8676.654922962189, 627.6672524538188, 91.27016022735359
8677.432840585709, 627.6672524538188, 91.27016022735359
8677.925520420074, 627.6672524538188, 91.27016022735359
8678.42618060112, 627.6672524538188, 91.27016022735359
8678.929831266403, 627.6672524538188, 91.27016022735359
8679.435477018356, 627.6672524538188, 91.27016022735359
8679.939128398895, 627.6672524538188, 91.27016022735359
8680.433804750443, 627.6672524538188, 91.27016022735359
8680.93147110939, 627.6672524538188, 91.27016022735359
8681.419164896011, 627.6672524538188, 91.27016022735359
8681.922817707062, 627.6672524538188, 91.27016022735359
8682.425470113754, 627.6672524538188, 91.27016022735359
8683.166485071182, 1211.2222204152447, 2310.952802575451
8683.934429168701, 1211.2222204152447, 2310.952802575451
8684.430103302002, 1211.2222204152447, 2310.952802575451
8684.954696416855, 1211.2222204152447, 2310.952802575451
8685.426433324814, 1211.2222204152447, 2310.952802575451
8685.916122198105, 1211.2222204152447, 2310.952802575451
8686.437725067139, 1211.2222204152447, 2310.952802575451
8686.914448976517, 1211.2222204152447, 2310.952802575451
8687.688377141953, 2471.587397197481, 1753.799389435552
8688.408447742462, 2471.587397197481, 1753.799389435552
8688.903121709824, 2471.587397197481, 1753.799389435552
8689.652116537094, 2942.2296303021894, 46582.561231474974
8690.400113344193, 2942.2296303021894, 46582.561231474974
8690.904762983322, 2942.2296303021894, 46582.561231474974
8691.405420780182, 2942.2296303021894, 46582.561231474974
8691.902091264725, 2942.2296303021894, 46582.561231474974
8692.389785051346, 2942.2296303021894, 46582.561231474974
8692.891441106796, 2942.2296303021894, 46582.561231474974
8693.698281288147, 2016.5874953531627, 1457.2797475153263
8694.43530702591, 2016.5874953531627, 1457.2797475153263
8694.937960624695, 2016.5874953531627, 1457.2797475153263
8695.413686990738, 2016.5874953531627, 1457.2797475153263
8695.921328306198, 2016.5874953531627, 1457.2797475153263
8696.42198753357, 2016.5874953531627, 1457.2797475153263
8697.124106407166, 2759.635635253675, 1117.7766825606152
8698.215183973312, 3227.7767652612797, 1196.8886763542355
8699.258391141891, 2668.512737707864, -158.20342928258037
8699.97547006607, 2668.512737707864, -158.20342928258037
8700.687564849854, 2030.6564174277678, 286.5814196754291
8701.743734836578, -15461.973046142059, 1202.871536494986
8702.739069700241, 3355.974657818708, 2814.023864793573
8703.490058660507, 3355.974657818708, 2814.023864793573
8703.967778205872, 3355.974657818708, 2814.023864793573
8704.489381790161, 3355.974657818708, 2814.023864793573
8704.980067968369, 3355.974657818708, 2814.023864793573
8705.48471736908, 3355.974657818708, 2814.023864793573
8705.98637342453, 3355.974657818708, 2814.023864793573
8706.489026784897, 3355.974657818708, 2814.023864793573
8706.987690925598, 3355.974657818708, 2814.023864793573
8707.492340564728, 3355.974657818708, 2814.023864793573
8707.972054719925, 3355.974657818708, 2814.023864793573
8708.484682559967, 3355.974657818708, 2814.023864793573
8709.00329375267, 3355.974657818708, 2814.023864793573
8709.481014728546, 3355.974657818708, 2814.023864793573
8709.995636940002, 3355.974657818708, 2814.023864793573
8710.500284671783, 3355.974657818708, 2814.023864793573
8710.991968870163, 3355.974657818708, 2814.023864793573
8711.472681045532, 3355.974657818708, 2814.023864793573
8711.963366270065, 3355.974657818708, 2814.023864793573
8712.469012498856, 3355.974657818708, 2814.023864793573
8712.982637405396, 3355.974657818708, 2814.023864793573
8713.47332406044, 3355.974657818708, 2814.023864793573
8713.986946821213, 3355.974657818708, 2814.023864793573
8714.467659711838, 3355.974657818708, 2814.023864793573
8714.974302768707, 3355.974657818708, 2814.023864793573
8715.488924741745, 3355.974657818708, 2814.023864793573
8715.9726293087, 3355.974657818708, 2814.023864793573
8716.456333875656, 3355.974657818708, 2814.023864793573
8716.964972257614, 3355.974657818708, 2814.023864793573
8717.461642026901, 3355.974657818708, 2814.023864793573
8718.172738075256, 1930.500241646226, 1435.7443987947345
8718.921731710434, 1930.500241646226, 1435.7443987947345
8719.432364463806, 1930.500241646226, 1435.7443987947345
8719.918064117432, 1930.500241646226, 1435.7443987947345
8720.429693222046, 1930.500241646226, 1435.7443987947345
8720.925365447998, 1930.500241646226, 1435.7443987947345
8721.443977594376, 1930.500241646226, 1435.7443987947345
8721.92070031166, 1930.500241646226, 1435.7443987947345
8722.448287725449, 1930.500241646226, 1435.7443987947345
8722.935981750488, 1930.500241646226, 1435.7443987947345
8723.43963265419, 1930.500241646226, 1435.7443987947345
8723.941289901733, 1930.500241646226, 1435.7443987947345
8724.467878580093, 1930.500241646226, 1435.7443987947345
8724.934629201889, 1930.500241646226, 1435.7443987947345
8725.445261955261, 1930.500241646226, 1435.7443987947345
8725.952901363373, 1930.500241646226, 1435.7443987947345
8726.420649766922, 1930.500241646226, 1435.7443987947345
8726.948236227036, 1930.500241646226, 1435.7443987947345
8727.443908691406, 1930.500241646226, 1435.7443987947345
8727.934595108032, 1930.500241646226, 1435.7443987947345
8728.445228815079, 1930.500241646226, 1435.7443987947345
8728.917961120605, 1930.500241646226, 1435.7443987947345
8729.416625976562, 1930.500241646226, 1435.7443987947345
8729.929255247116, 1930.500241646226, 1435.7443987947345
8738.070451259613, 2679.3138826722047, 22217.135515278205
8738.63593673706, 3096.301047152722, 1444.6290137458077
8739.390914916992, 3096.301047152722, 1444.6290137458077
8739.889579057693, 3096.301047152722, 1444.6290137458077
8740.38624882698, 3096.301047152722, 1444.6290137458077
8740.871948003769, 3096.301047152722, 1444.6290137458077
8741.654851198196, 3031.3160110963586, 2709.6099364260235
8742.375920057297, 3031.3160110963586, 2709.6099364260235
8742.880569696426, 3031.3160110963586, 2709.6099364260235
8743.694390296936, 1898.9472335864689, 1053.657952322507
8744.419447422028, 1898.9472335864689, 1053.657952322507
8744.919109106064, 1898.9472335864689, 1053.657952322507
8745.416778087616, 1898.9472335864689, 1053.657952322507
8745.911452293396, 1898.9472335864689, 1053.657952322507
8746.632521629333, 1390.4820768556656, 1360.3230594792176
8747.903118371964, 662.5202973144997, 1734.9410178193846
8748.644133806229, 662.5202973144997, 1734.9410178193846
8750.117188930511, 1999.3127281346165, 1536.1803022944575
8751.108534097672, 1956.5046828376312, 589.0961576479399
8751.867501735687, 1956.5046828376312, 589.0961576479399
8752.371153593063, 1956.5046828376312, 589.0961576479399
8752.856853246689, 1956.5046828376312, 589.0961576479399
8753.366489171982, 1956.5046828376312, 589.0961576479399
8754.14041519165, 2313.643708839679, 1821.8586846571413
8754.892400979996, 2313.643708839679, 1821.8586846571413
8755.708217144012, 3965.7109747760132, 436.87191117734534
8756.633737564087, 3741.6173168784003, 754.8035870263548
8757.630069255829, 15.814152912851728, 1075.7158644695683
8758.40599155426, 15.814152912851728, 1075.7158644695683
8758.895680427551, 15.814152912851728, 1075.7158644695683
8759.88802242279, 2182.861792330974, 537.01431231327
8760.648984193802, 2182.861792330974, 537.01431231327
8761.635343790054, 2182.861792330974, 537.01431231327
8762.638655900955, 346.64385488498544, 2251.9277691828406
8763.389644861221, 346.64385488498544, 2251.9277691828406
8763.89130115509, 346.64385488498544, 2251.9277691828406
8764.389965772629, 346.64385488498544, 2251.9277691828406
8764.888633012772, 346.64385488498544, 2251.9277691828406
8765.388293504715, 346.64385488498544, 2251.9277691828406
8765.896931409836, 346.64385488498544, 2251.9277691828406
8766.383627653122, 346.64385488498544, 2251.9277691828406
8766.90822172165, 346.64385488498544, 2251.9277691828406
8767.379959106445, 346.64385488498544, 2251.9277691828406
8770.133584976196, 3949.8939237234235, 2464.0605503881393
8770.9055185318, 3949.8939237234235, 2464.0605503881393
8771.623595237732, 3475.2426700898786, 2686.4999999999955
8772.4184653759, 3475.2426700898786, 2686.4999999999955
8772.916132926941, 3475.2426700898786, 2686.4999999999955
8773.418786764145, 3475.2426700898786, 2686.4999999999955
8773.901494503021, 3475.2426700898786, 2686.4999999999955
8774.414121389389, 3475.2426700898786, 2686.4999999999955
8774.907798528671, 3475.2426700898786, 2686.4999999999955
8775.405466556549, 3475.2426700898786, 2686.4999999999955
8775.89216375351, 3475.2426700898786, 2686.4999999999955
8776.401798009872, 3475.2426700898786, 2686.4999999999955
8776.908442020416, 3475.2426700898786, 2686.4999999999955
8777.39912724495, 3475.2426700898786, 2686.4999999999955
8777.90178155899, 3475.2426700898786, 2686.4999999999955
8778.400445222855, 3475.2426700898786, 2686.4999999999955
8778.885147809982, 3475.2426700898786, 2686.4999999999955
8779.398771762848, 3475.2426700898786, 2686.4999999999955
8779.902424097061, 3475.2426700898786, 2686.4999999999955
8780.67435669899, 3077.814755149779, 1362.5040638519333
8781.406396865845, 3077.814755149779, 1362.5040638519333
8781.94395828247, 3077.814755149779, 1362.5040638519333
8782.403725385666, 3077.814755149779, 1362.5040638519333
8782.93330669403, 3077.814755149779, 1362.5040638519333
8783.407037734985, 3077.814755149779, 1362.5040638519333
8783.921659231186, 3077.814755149779, 1362.5040638519333
8784.41334271431, 3077.814755149779, 1362.5040638519333
8784.91400194168, 3077.814755149779, 1362.5040638519333
8785.414662837982, 3077.814755149779, 1362.5040638519333
8785.923299312592, 3077.814755149779, 1362.5040638519333
8786.424956321716, 3077.814755149779, 1362.5040638519333
8787.208857536316, 3957.979256274927, 1753.1466729081783
8787.924938678741, 3957.979256274927, 1753.1466729081783
8788.695875644684, 2434.6815479198362, 987.3648052434106
8789.609427452087, 1842.6837942313184, 1557.359143004381
8790.618724822998, 2375.141098060694, 2019.8555182999837
8791.384674787521, 2375.141098060694, 2019.8555182999837
8791.894309520721, 2375.141098060694, 2019.8555182999837
8792.38798713684, 2375.141098060694, 2019.8555182999837
8792.882662296295, 2375.141098060694, 2019.8555182999837
8793.643624067307, 963.8447283985905, 242.62090027313815
8794.385637283325, 963.8447283985905, 242.62090027313815
8794.889288902283, 963.8447283985905, 242.62090027313815
8795.418870210648, 963.8447283985905, 242.62090027313815
8795.874649047852, 963.8447283985905, 242.62090027313815
8796.374310731888, 963.8447283985905, 242.62090027313815
8796.895914554596, 963.8447283985905, 242.62090027313815
8797.3935816288, 963.8447283985905, 242.62090027313815
8797.889254331589, 963.8447283985905, 242.62090027313815
8798.40487408638, 963.8447283985905, 242.62090027313815
8798.924481630325, 963.8447283985905, 242.62090027313815
8799.388240098953, 963.8447283985905, 242.62090027313815
8799.907847881317, 963.8447283985905, 242.62090027313815
8800.389558076859, 963.8447283985905, 242.62090027313815
8800.900191307068, 963.8447283985905, 242.62090027313815
8801.392871141434, 963.8447283985905, 242.62090027313815
8801.88854598999, 963.8447283985905, 242.62090027313815
8802.672445774078, 1876.3024370961512, 529.4824045396398
8803.413460969925, 1876.3024370961512, 529.4824045396398
8803.899159431458, 1876.3024370961512, 529.4824045396398
8804.416772603989, 1876.3024370961512, 529.4824045396398
8804.922420501709, 1876.3024370961512, 529.4824045396398
8805.40911579132, 1876.3024370961512, 529.4824045396398
8805.906782865524, 1876.3024370961512, 529.4824045396398
8806.63682794571, 3036.549969888533, 1890.321239629893
8807.703969717026, 3761.8824556473414, 2719.97024563012
8808.409081697464, 3761.8824556473414, 2719.97024563012
8808.958609580994, 3761.8824556473414, 2719.97024563012
8809.405412912369, 3761.8824556473414, 2719.97024563012
8809.936989307404, 3761.8824556473414, 2719.97024563012
8810.435653924942, 3761.8824556473414, 2719.97024563012
8810.931327104568, 3761.8824556473414, 2719.97024563012
8811.4250061512, 3761.8824556473414, 2719.97024563012
8811.931648015976, 3761.8824556473414, 2719.97024563012
8812.431309700012, 3761.8824556473414, 2719.97024563012
8813.185291051865, 2972.4061031564925, 2614.0086205406906
8813.916332960129, 2972.4061031564925, 2614.0086205406906
8814.42397403717, 2972.4061031564925, 2614.0086205406906
8815.33652973175, 95.9894280240419, 2934.0023266964604
8816.053609371185, 95.9894280240419, 2934.0023266964604
8816.566236972809, 95.9894280240419, 2934.0023266964604
8817.041962385178, 95.9894280240419, 2934.0023266964604
8817.56655740738, 95.9894280240419, 2934.0023266964604
8818.086166858673, 95.9894280240419, 2934.0023266964604
8818.592809438705, 95.9894280240419, 2934.0023266964604
8819.08249783516, 95.9894280240419, 2934.0023266964604
8819.594127178192, 95.9894280240419, 2934.0023266964604
8820.062873601913, 95.9894280240419, 2934.0023266964604
8820.597440958023, 95.9894280240419, 2934.0023266964604
8821.10707616806, 95.9894280240419, 2934.0023266964604
8821.614717960358, 95.9894280240419, 2934.0023266964604
8822.6000790596, 95.9894280240419, 2934.0023266964604
8823.587434053421, 95.9894280240419, 2934.0023266964604
8824.076124668121, 95.9894280240419, 2934.0023266964604
8824.571798324585, 95.9894280240419, 2934.0023266964604
8825.092403173447, 95.9894280240419, 2934.0023266964604
8825.613008260727, 95.9894280240419, 2934.0023266964604
8826.67117524147, 3234.759737623506, 3.0180222272776978
8827.48200392723, 3234.759737623506, 3.0180222272776978
8827.936785697937, 3234.759737623506, 3.0180222272776978
8828.436447381973, 3234.759737623506, 3.0180222272776978
8828.922147035599, 3234.759737623506, 3.0180222272776978
8829.738959550858, 3000.060708399947, 415.0060691619114
8830.764214515686, 982.4782260283254, 72.99211945536794
8831.495255708694, 982.4782260283254, 72.99211945536794
8832.0178565979, 982.4782260283254, 72.99211945536794
8832.503556251526, 982.4782260283254, 72.99211945536794
8833.150822401047, 2565.9563959604448, 632.7141304853105
8833.905801296234, 2565.9563959604448, 632.7141304853105
8834.398481369019, 2565.9563959604448, 632.7141304853105
8834.913104057312, 2565.9563959604448, 632.7141304853105
8835.653121471405, 5562.314874789193, 180.1656333522456
8836.394136667252, 5562.314874789193, 180.1656333522456
8837.156095981598, 1149.4259822331921, 2697.463146285844
8837.936007261276, 1149.4259822331921, 2697.463146285844
8838.435669898987, 1149.4259822331921, 2697.463146285844
8838.907405614853, 1149.4259822331921, 2697.463146285844
8839.431004285812, 1149.4259822331921, 2697.463146285844
8839.895760059357, 1149.4259822331921, 2697.463146285844
8840.41736292839, 1149.4259822331921, 2697.463146285844
8840.914032936096, 1149.4259822331921, 2697.463146285844
8841.39673948288, 1149.4259822331921, 2697.463146285844
8841.821603298187, 1149.4259822331921, 2697.463146285844
8842.40205025673, 1149.4259822331921, 2697.463146285844
8843.344522953033, 2256.996647671935, 702.4937018287875
8844.120445489883, 2256.996647671935, 702.4937018287875
8846.634713888168, 1547.7026525488163, 373.0725151180818
8847.398666381836, 1547.7026525488163, 373.0725151180818
8848.352112531662, 1930.995400830973, 2260.2644235931093
8849.091135978699, 1930.995400830973, 2260.2644235931093
8849.612738370895, 1930.995400830973, 2260.2644235931093
8850.590119838715, 1930.995400830973, 2260.2644235931093
8851.105738639832, 1930.995400830973, 2260.2644235931093
8852.08810710907, 1930.995400830973, 2260.2644235931093
8852.628660440445, 1930.995400830973, 2260.2644235931093
8853.587094068527, 1930.995400830973, 2260.2644235931093
8854.104707717896, 1930.995400830973, 2260.2644235931093
8854.634288787842, 1930.995400830973, 2260.2644235931093
8855.621644496918, 1930.995400830973, 2260.2644235931093
8856.539187669754, 1930.995400830973, 2260.2644235931093
8857.123622894287, -710.6796100208109, 2231.2745266350453
8857.8995449543, -710.6796100208109, 2231.2745266350453
8858.42114853859, -710.6796100208109, 2231.2745266350453
8858.902857780457, -710.6796100208109, 2231.2745266350453
8859.419475078583, -710.6796100208109, 2231.2745266350453
8860.26520895958, 2777.963119287432, 1992.7061012563904
8864.185709476471, 3694.6429642347994, 2934.9890905500406
8864.942682266235, 3694.6429642347994, 2934.9890905500406
8865.463290214539, 3694.6429642347994, 2934.9890905500406
8865.950985193253, 3694.6429642347994, 2934.9890905500406
8866.461615562439, 3694.6429642347994, 2934.9890905500406
8866.959284067154, 3694.6429642347994, 2934.9890905500406
8867.470913171768, 3694.6429642347994, 2934.9890905500406
8867.954616308212, 3694.6429642347994, 2934.9890905500406
8868.666709423065, 3246.9645557848376, 480.21004801763297
8869.424679756165, 3246.9645557848376, 480.21004801763297
8870.10984492302, 2502.5039154037495, 1913.0094149123343
8870.336238861084, 2502.5039154037495, 1913.0094149123343
8872.171324968338, 1893.91763336496, 687.2915748353178
8872.905358552933, 1893.91763336496, 687.2915748353178
8873.399036169052, 1893.91763336496, 687.2915748353178
8874.20886850357, 443.87534819439924, 345.1683809282977
8874.947888612747, 443.87534819439924, 345.1683809282977
8875.44954586029, 443.87534819439924, 345.1683809282977
8876.173607349396, 594.6929391090973, 1435.2706445384852
8877.373393297195, 1644.051437188984, 1469.4233974444453
8878.137347459793, 1644.051437188984, 1469.4233974444453
8879.107748031616, 1644.051437188984, 1469.4233974444453
8879.650295972824, 1644.051437188984, 1469.4233974444453
8880.635656118393, 1095.9547989421978, 2970.0841145142463
8881.43451833725, 1095.9547989421978, 2970.0841145142463
8881.941161870956, 1095.9547989421978, 2970.0841145142463
8882.756976366043, 539.527826396135, 2624.5936045674835
8883.504972696304, 539.527826396135, 2624.5936045674835
8884.008624315262, 539.527826396135, 2624.5936045674835
8884.501304388046, 539.527826396135, 2624.5936045674835
8884.988998174667, 539.527826396135, 2624.5936045674835
8885.477690458298, 539.527826396135, 2624.5936045674835
8886.324423074722, 3628.614373167187, 2436.446164047884
8887.115303754807, 3628.614373167187, 2436.446164047884
8887.624938726425, 3628.614373167187, 2436.446164047884
8888.616283893585, 3628.614373167187, 2436.446164047884
8889.211689949036, 2276.9899078809653, 641.990064010344
8889.91580414772, 2276.9899078809653, 641.990064010344
8890.427433729172, 2276.9899078809653, 641.990064010344
8890.928093910217, 2276.9899078809653, 641.990064010344
8891.422768831253, 2276.9899078809653, 641.990064010344
8891.914452552795, 2276.9899078809653, 641.990064010344
8892.41411447525, 2276.9899078809653, 641.990064010344
8892.91377568245, 2276.9899078809653, 641.990064010344
8893.658779621124, 7365.17530163491, 2281.427105908605
8894.84161233902, 3210.2171370716655, 2015.6036633433303
8895.658425569534, 830.7432074542467, 2289.866625164013
8896.67171883583, -1271.630227118894, 1744.5439699328228
8897.432673215866, -1271.630227118894, 1744.5439699328228
8897.923359394073, -1271.630227118894, 1744.5439699328228
8898.411054134369, -1271.630227118894, 1744.5439699328228
8898.939637899399, -1271.630227118894, 1744.5439699328228
8899.418356180191, -1271.630227118894, 1744.5439699328228
8899.920012235641, -1271.630227118894, 1744.5439699328228
8900.429648160934, -1271.630227118894, 1744.5439699328228
8900.939282178879, -1271.630227118894, 1744.5439699328228
8901.414011478424, -1271.630227118894, 1744.5439699328228
8902.27071762085, 793.8662401904198, 997.8103220140827
8903.002756118774, 793.8662401904198, 997.8103220140827
8903.489453315735, 793.8662401904198, 997.8103220140827
8904.043970108032, 793.8662401904198, 997.8103220140827
8904.510720968246, 793.8662401904198, 997.8103220140827
8905.015367984772, 793.8662401904198, 997.8103220140827
8905.507050514221, 793.8662401904198, 997.8103220140827
8915.6538772583, 1511.447870749328, 650.0220933413386
8916.72201704979, 1098.1731170266069, 1350.8162497382305
8917.4101729393, 1098.1731170266069, 1350.8162497382305
8917.91881108284, 1098.1731170266069, 1350.8162497382305
8918.408502101898, 1098.1731170266069, 1350.8162497382305
8919.140539169312, 3158.436054940437, 1346.5898530234158
8919.894520044327, 3158.436054940437, 1346.5898530234158
8920.400166749954, 3158.436054940437, 1346.5898530234158
8921.118242740631, 3607.024285759489, 1186.6819928267278
8921.412454605103, 3607.024285759489, 1186.6819928267278
8921.907129764557, 3607.024285759489, 1186.6819928267278
8922.4087870121, 3607.024285759489, 1186.6819928267278
8922.923409223557, 3607.024285759489, 1186.6819928267278
8923.410104990005, 3607.024285759489, 1186.6819928267278
8924.174058914185, 2997.0035207276997, 1709.0241413441918
8924.917069911957, 2997.0035207276997, 1709.0241413441918
8925.554362535477, 1436.5563144880198, 184.30865922356193
8925.89245724678, 1436.5563144880198, 184.30865922356193
8926.37017774582, 1436.5563144880198, 184.30865922356193
8926.899760007858, 1436.5563144880198, 184.30865922356193
8927.422360420227, 1436.5563144880198, 184.30865922356193
8927.8960916996, 1436.5563144880198, 184.30865922356193
8928.663037776947, 109.49803377480099, 392.8513312674011
8929.415025234222, 109.49803377480099, 392.8513312674011
8929.921667814255, 109.49803377480099, 392.8513312674011
8930.449254989624, 109.49803377480099, 392.8513312674011
8930.947919607162, 109.49803377480099, 392.8513312674011
8931.410679340363, 109.49803377480099, 392.8513312674011
8931.921311378479, 109.49803377480099, 392.8513312674011
8932.408007860184, 109.49803377480099, 392.8513312674011
8932.928616285324, 109.49803377480099, 392.8513312674011
8933.421294212341, 109.49803377480099, 392.8513312674011
8933.925943613052, 109.49803377480099, 392.8513312674011
8934.41164302826, 109.49803377480099, 392.8513312674011
8937.177237033844, 2954.2234184172166, 2786.1401016915743
8937.981083393097, 2954.2234184172166, 2786.1401016915743
8938.468777656555, 2954.2234184172166, 2786.1401016915743
8945.628603458405, 612.3381919375403, 1546.8420368655136
8946.659841537476, -25.83334175233624, 2046.5792565462573
8947.452718019485, -25.83334175233624, 2046.5792565462573
8947.96235370636, -25.83334175233624, 2046.5792565462573
8948.454036951065, -25.83334175233624, 2046.5792565462573
8948.947715520859, -25.83334175233624, 2046.5792565462573
8949.435410022736, -25.83334175233624, 2046.5792565462573
8949.950031042099, -25.83334175233624, 2046.5792565462573
8950.629211902618, 3632.253506622862, 2310.241944639153
8951.392168998718, 3632.253506622862, 2310.241944639153
8951.89482140541, 3632.253506622862, 2310.241944639153
8952.383514404297, 3632.253506622862, 2310.241944639153
8952.90013051033, 3632.253506622862, 2310.241944639153
8953.392812252045, 3632.253506622862, 2310.241944639153
8954.121860027313, 1535.5169268711973, 1807.2469813300493
8954.420060157776, 1535.5169268711973, 1807.2469813300493
8954.91772699356, 1535.5169268711973, 1807.2469813300493
8955.402428865433, 1535.5169268711973, 1807.2469813300493
8956.206275463104, 2145.414676015742, 922.7659842864351
8957.148752212524, 3454.5305128127434, 2959.857438212173
8957.872813224792, 3454.5305128127434, 2959.857438212173
8958.666687250137, 4060.306358995417, 1437.265318135264
8959.431638479233, 4060.306358995417, 1437.265318135264
8960.306295633316, 2212.9042736475712, 536.25360265406
8961.024374008179, 2212.9042736475712, 536.25360265406
8961.541987419128, 2212.9042736475712, 536.25360265406
8961.992780685425, 2212.9042736475712, 536.25360265406
8962.664979696274, -7568.59590043604, 1813.9110610795676
8963.730127573013, 3923.4879900508, 609.2287688963808
8964.674597501755, 1192.8090299275002, 0.221255966166892
8965.421596765518, 1192.8090299275002, 0.221255966166892
8965.910288333893, 1192.8090299275002, 0.221255966166892
8966.41693162918, 1192.8090299275002, 0.221255966166892
8967.116059064865, 922.009917949983, -1659.4029672430115
8967.89397740364, 922.009917949983, -1659.4029672430115
8968.676879882812, 3972.476108560172, 1445.9206231503001
8969.888634443283, 1335.0064318291159, 201.02256189284918
8970.653585910797, 1335.0064318291159, 201.02256189284918
8971.64293718338, 1335.0064318291159, 201.02256189284918
8972.624307632446, 1335.0064318291159, 201.02256189284918
8973.647568941116, 1335.0064318291159, 201.02256189284918
8974.667835712433, 1335.0064318291159, 201.02256189284918
8975.634248018265, 1335.0064318291159, 201.02256189284918
8976.641550302505, 1335.0064318291159, 201.02256189284918
8977.657827615738, 1335.0064318291159, 201.02256189284918
8978.64019703865, 1335.0064318291159, 201.02256189284918
8979.754214286804, 2369.107514462367, -123.21101975013046
8980.488247871399, 2369.107514462367, -123.21101975013046
8980.990902662277, 2369.107514462367, -123.21101975013046
8981.489566087723, 2369.107514462367, -123.21101975013046
8981.979254722595, 2369.107514462367, -123.21101975013046
8982.492879867554, 2369.107514462367, -123.21101975013046
8982.995534181595, 2369.107514462367, -123.21101975013046
8983.479237556458, 2369.107514462367, -123.21101975013046
8983.99984383583, 2369.107514462367, -123.21101975013046
8984.472578763962, 2369.107514462367, -123.21101975013046
8984.985205411911, 2369.107514462367, -123.21101975013046
8985.495837211609, 2369.107514462367, -123.21101975013046
8985.995499134064, 2369.107514462367, -123.21101975013046
8986.480202198029, 2369.107514462367, -123.21101975013046
8986.993826389313, 2369.107514462367, -123.21101975013046
8987.606186389923, 2492.2926464567777, 1264.2686486229582
8988.306311368942, 842.4805563896311, 2298.054072213014
8989.324584007263, 3271.1253573397844, 998.0021830776573
8990.07557272911, 3271.1253573397844, 998.0021830776573
8990.556285381317, 3271.1253573397844, 998.0021830776573
8991.114790439606, 3271.1253573397844, 998.0021830776573
8992.059260606766, 3271.1253573397844, 998.0021830776573
8992.581862211227, 3271.1253573397844, 998.0021830776573
8993.06756067276, 3271.1253573397844, 998.0021830776573
8993.5811855793, 3271.1253573397844, 998.0021830776573
8994.033972978592, 3271.1253573397844, 998.0021830776573
8994.645335674286, 2447.837565497143, 1635.6082275466076
8995.64864730835, 2906.9593914194334, 1490.759978970034
8996.720776319504, 1925.817944789703, 2544.1802638472177
8997.826814889908, 3283.943984963501, 150.2763711443689
8998.632657289505, 3283.943984963501, 150.2763711443689
8999.595080137253, 3283.943984963501, 150.2763711443689
9000.168543815613, 1343.105427010642, 1580.0472499541968
9001.15490269661, 3117.8552781137914, 2508.5390163890806
9001.917858600616, 3117.8552781137914, 2508.5390163890806
9002.434475898743, 3117.8552781137914, 2508.5390163890806
9002.937129735947, 3117.8552781137914, 2508.5390163890806
9003.43280172348, 3117.8552781137914, 2508.5390163890806
9003.942437171936, 3117.8552781137914, 2508.5390163890806
9004.444093227386, 3117.8552781137914, 2508.5390163890806
9004.913836240768, 3117.8552781137914, 2508.5390163890806
9005.627924203873, 2146.2192651933533, 1598.9807589901247
9006.671129703522, 3258.486975286002, 2521.397704165398
9007.401174783707, 3258.486975286002, 2521.397704165398
9007.909812688828, 3258.486975286002, 2521.397704165398
9008.65182518959, 3591.8245832228895, 1339.6275871256603
9009.403811454773, 3591.8245832228895, 1339.6275871256603
9009.90546822548, 3591.8245832228895, 1339.6275871256603
9010.405130386353, 3591.8245832228895, 1339.6275871256603
9010.926733016968, 3591.8245832228895, 1339.6275871256603
9011.419413805008, 3591.8245832228895, 1339.6275871256603
9011.920073747635, 3591.8245832228895, 1339.6275871256603
9012.411756753922, 3591.8245832228895, 1339.6275871256603
9012.916405439377, 3591.8245832228895, 1339.6275871256603
9013.412076950073, 3591.8245832228895, 1339.6275871256603
9013.93467760086, 3591.8245832228895, 1339.6275871256603
9014.404419660568, 3591.8245832228895, 1339.6275871256603
9014.916050195694, 3591.8245832228895, 1339.6275871256603
9015.404741287231, 3591.8245832228895, 1339.6275871256603
9015.903404712677, 3591.8245832228895, 1339.6275871256603
9016.402070522308, 3591.8245832228895, 1339.6275871256603
9017.21589064598, 1881.070903102759, 347.99801604502323
9018.23815369606, 3067.5734647024224, 1055.0061094518314
9019.015072584152, 3067.5734647024224, 1055.0061094518314
9019.651368141174, 1699.0532652552856, 1673.7945244177765
9020.403354167938, 1699.0532652552856, 1673.7945244177765
9020.907006025314, 1699.0532652552856, 1673.7945244177765
9021.395696163177, 1699.0532652552856, 1673.7945244177765
9021.895357847214, 1699.0532652552856, 1673.7945244177765
9022.42494058609, 1699.0532652552856, 1673.7945244177765
9023.178920984268, 341.97448501590367, -256.6372984869619
9023.933899402618, 341.97448501590367, -256.6372984869619
9024.4535074234, 341.97448501590367, -256.6372984869619
9024.938209295273, 341.97448501590367, -256.6372984869619
9025.84577870369, 3598.2336435884954, 2600.3157208024118
9026.621700763702, 3598.2336435884954, 2600.3157208024118
9027.612048387527, 3598.2336435884954, 2600.3157208024118
9028.111711263657, 3598.2336435884954, 2600.3157208024118
9028.638301372528, 3598.2336435884954, 2600.3157208024118
9029.602718114853, 3598.2336435884954, 2600.3157208024118
9030.66587138176, 1731.8812176857903, -37327.11343519968
9031.41586279869, 1731.8812176857903, -37327.11343519968
9031.962399244308, 1731.8812176857903, -37327.11343519968
9032.411196947098, 1731.8812176857903, -37327.11343519968
9033.142238616943, 1749.923388836845, 1144.2573749396877
9034.368954181671, 3530.0981508494838, 470.5576939810999
9035.094011306763, 3530.0981508494838, 470.5576939810999
9035.6086332798, 3530.0981508494838, 470.5576939810999
9036.118269205093, 3530.0981508494838, 470.5576939810999
9036.623916625977, 3530.0981508494838, 470.5576939810999
9037.640193223953, 3530.0981508494838, 470.5576939810999
9038.623559951782, 3530.0981508494838, 470.5576939810999
9039.617898464203, 3530.0981508494838, 470.5576939810999
9040.779785871506, 1948.0178744590814, 2791.9970924086447
9041.505840301514, 1948.0178744590814, 2791.9970924086447
9042.011487483978, 1948.0178744590814, 2791.9970924086447
9042.671719312668, 108.03669233452848, 2692.8844211633213
9043.37982225418, 108.03669233452848, 2692.8844211633213
9043.909404754639, 108.03669233452848, 2692.8844211633213
9044.690313100815, 1916.0213227857337, 1026.4484687087113
9045.408390522003, 1916.0213227857337, 1026.4484687087113
9046.169352531433, 611.9647684183753, 2409.249845134851
9046.922335386276, 611.9647684183753, 2409.249845134851
9047.407038927078, 611.9647684183753, 2409.249845134851
9047.92265677452, 611.9647684183753, 2409.249845134851
9048.671650886536, 447.2423700968821, 138.54368802145
9049.412666797638, 447.2423700968821, 138.54368802145
9049.877421855927, 447.2423700968821, 138.54368802145
9050.427947282791, 447.2423700968821, 138.54368802145
9051.181929826736, 1581.217710033031, 854.9171955863484
9051.918955087662, 1581.217710033031, 854.9171955863484
9052.424600601196, 1581.217710033031, 854.9171955863484
9052.929249048233, 1581.217710033031, 854.9171955863484
9053.616409301758, 1214.5325033422678, -4383.306496386318
9054.38834285736, 1214.5325033422678, -4383.306496386318
9054.869054079056, 1214.5325033422678, -4383.306496386318
9055.388662815094, 1214.5325033422678, -4383.306496386318
9055.874362707138, 1214.5325033422678, -4383.306496386318
9056.375021219254, 1214.5325033422678, -4383.306496386318
9056.881664514542, 1214.5325033422678, -4383.306496386318
9057.38631272316, 1214.5325033422678, -4383.306496386318
9057.877995491028, 1214.5325033422678, -4383.306496386318
9058.382644414902, 1214.5325033422678, -4383.306496386318
9058.89028596878, 1214.5325033422678, -4383.306496386318
9059.712084531784, 2210.1030216131794, 430.3076687615676
9060.462076425552, 2210.1030216131794, 430.3076687615676
9060.969715833664, 2210.1030216131794, 430.3076687615676
9061.84636926651, 1880.9654983817636, 13.625325467326286
9062.560455560684, 1880.9654983817636, 13.625325467326286
9063.094027519226, 1880.9654983817636, 13.625325467326286
9063.597678422928, 1880.9654983817636, 13.625325467326286
9064.568080425262, 1880.9654983817636, 13.625325467326286
9065.078711748123, 1880.9654983817636, 13.625325467326286
9065.563413858414, 1880.9654983817636, 13.625325467326286
9066.075044631958, 1880.9654983817636, 13.625325467326286
9066.581687688828, 1880.9654983817636, 13.625325467326286
9067.073370456696, 1880.9654983817636, 13.625325467326286
9067.575027704239, 1880.9654983817636, 13.625325467326286
9068.13053894043, 1880.9654983817636, 13.625325467326286
9069.216631650925, 3764.1939819106274, 76.62603556669012
9069.936702728271, 3764.1939819106274, 76.62603556669012
9070.45232129097, 3764.1939819106274, 76.62603556669012
9070.938021421432, 3764.1939819106274, 76.62603556669012
9071.428707122803, 3764.1939819106274, 76.62603556669012
9071.949312448502, 3764.1939819106274, 76.62603556669012
9072.459945201874, 3764.1939819106274, 76.62603556669012
9072.923703193665, 3764.1939819106274, 76.62603556669012
9073.627816915512, 1604.158676787368, 1447.0426597594062
9074.62414932251, 2038.07026500912, 1204.33899867171
9075.376134634018, 2038.07026500912, 1204.33899867171
9075.875797510147, 2038.07026500912, 1204.33899867171
9077.153376340866, 2112.4433335189688, 1618.60987365631
9077.911346435547, 2112.4433335189688, 1618.60987365631
9078.67529964447, 3679.7879563790125, 1984.9355922641878
9079.414320707321, 3679.7879563790125, 1984.9355922641878
9079.92096376419, 3679.7879563790125, 1984.9355922641878
9080.411649942398, 3679.7879563790125, 1984.9355922641878
9080.935248851776, 3679.7879563790125, 1984.9355922641878
9081.419949769974, 3679.7879563790125, 1984.9355922641878
9081.943547010422, 3679.7879563790125, 1984.9355922641878
9082.434233903885, 3679.7879563790125, 1984.9355922641878
9083.233094453812, 1070.6258609894517, 2085.2965473657096
9083.908285856247, 1070.6258609894517, 2085.2965473657096
9084.410940408707, 1070.6258609894517, 2085.2965473657096
9084.92157292366, 1070.6258609894517, 2085.2965473657096
9085.41026377678, 1070.6258609894517, 2085.2965473657096
9085.909925699234, 1070.6258609894517, 2085.2965473657096
9086.416568994522, 1070.6258609894517, 2085.2965473657096
9090.613329410553, 2282.6105461573293, 1434.3571520548437
9090.902555704117, 2282.6105461573293, 1434.3571520548437
9091.717373609543, 253.27367654885686, 1278.211477351343
9092.461380958557, 253.27367654885686, 1278.211477351343
9092.966029405594, 253.27367654885686, 1278.211477351343
9093.47666144371, 253.27367654885686, 1278.211477351343
9093.97133731842, 253.27367654885686, 1278.211477351343
9094.466014146805, 253.27367654885686, 1278.211477351343
9094.994596004486, 253.27367654885686, 1278.211477351343
9095.4773042202, 253.27367654885686, 1278.211477351343
9095.974970579147, 253.27367654885686, 1278.211477351343
9096.464659690857, 253.27367654885686, 1278.211477351343
9096.979281902313, 253.27367654885686, 1278.211477351343
9097.473957061768, 253.27367654885686, 1278.211477351343
9097.996557235718, 253.27367654885686, 1278.211477351343
9098.478266954422, 253.27367654885686, 1278.211477351343
9098.980921030045, 253.27367654885686, 1278.211477351343
9099.470609426498, 253.27367654885686, 1278.211477351343
9099.972266435623, 253.27367654885686, 1278.211477351343
9100.47791171074, 253.27367654885686, 1278.211477351343
9100.991536855698, 253.27367654885686, 1278.211477351343
9101.491198301315, 253.27367654885686, 1278.211477351343
9101.961938619614, 253.27367654885686, 1278.211477351343
9102.48154759407, 253.27367654885686, 1278.211477351343
9102.984200239182, 253.27367654885686, 1278.211477351343
9103.506804943085, 253.27367654885686, 1278.211477351343
9103.976542949677, 253.27367654885686, 1278.211477351343
9104.504129886627, 253.27367654885686, 1278.211477351343
9104.985843896866, 253.27367654885686, 1278.211477351343
9105.473533630371, 253.27367654885686, 1278.211477351343
9105.975189447403, 253.27367654885686, 1278.211477351343
9106.628440380096, 2013.312465445707, 1206.5518956876456
9107.386411190033, 2013.312465445707, 1206.5518956876456
9107.891059398651, 2013.312465445707, 1206.5518956876456
9111.125397205353, 2041.785358115353, 1859.3232854495407
9112.128710985184, 1016.0598341281634, 5636.274084974473
9112.887678861618, 1016.0598341281634, 5636.274084974473
9113.401302576065, 1016.0598341281634, 5636.274084974473
9113.887999296188, 1016.0598341281634, 5636.274084974473
9114.38865852356, 1016.0598341281634, 5636.274084974473
9114.875355482101, 1016.0598341281634, 5636.274084974473
9115.376014232635, 1016.0598341281634, 5636.274084974473
9115.892631053925, 1016.0598341281634, 5636.274084974473
9116.379327774048, 1016.0598341281634, 5636.274084974473
9116.89494752884, 1016.0598341281634, 5636.274084974473
9117.401590824127, 1016.0598341281634, 5636.274084974473
9118.144599199295, 1986.9338598955032, 2039.6700746587828
9118.901572942734, 1986.9338598955032, 2039.6700746587828
9119.403229236603, 1986.9338598955032, 2039.6700746587828
9119.890923261642, 1986.9338598955032, 2039.6700746587828
9120.400558233261, 1986.9338598955032, 2039.6700746587828
9120.897229194641, 1986.9338598955032, 2039.6700746587828
9121.728004455566, 3530.342262662809, 1461.2981241725897
9122.47101354599, 3530.342262662809, 1461.2981241725897
9122.973667383194, 3530.342262662809, 1461.2981241725897
9123.638886451721, 1656.726632285661, 1507.7398028212792
9124.405832529068, 1656.726632285661, 1507.7398028212792
9124.911478757858, 1656.726632285661, 1507.7398028212792
9125.83699965477, 2948.9969144213933, 464.9047011389731
9126.589985370636, 2948.9969144213933, 464.9047011389731
9127.099617958069, 2948.9969144213933, 464.9047011389731
9127.614239931107, 2948.9969144213933, 464.9047011389731
9128.094952583313, 2948.9969144213933, 464.9047011389731
9128.605585336685, 2948.9969144213933, 464.9047011389731
9129.112228155136, 2948.9969144213933, 464.9047011389731
9129.627847194672, 2948.9969144213933, 464.9047011389731
9130.576308727264, 2948.9969144213933, 464.9047011389731
9131.118854522705, 2948.9969144213933, 464.9047011389731
9131.626495838165, 2948.9969144213933, 464.9047011389731
9132.564981460571, 2948.9969144213933, 464.9047011389731
9134.159711360931, 3078.638617729192, 2113.834615198339
9134.89175105095, 3078.638617729192, 2113.834615198339
9135.386426210403, 3078.638617729192, 2113.834615198339
9136.192268371582, 2715.60465446942, 2133.4287591484576
9136.925306558609, 2715.60465446942, 2133.4287591484576
9137.409008979797, 2715.60465446942, 2133.4287591484576
9137.924628973007, 2715.60465446942, 2133.4287591484576
9138.410327911377, 2715.60465446942, 2133.4287591484576
9138.917968511581, 2715.60465446942, 2133.4287591484576
9139.63305258751, 3282.7249079692997, 600.6069163492077
9140.408975601196, 3282.7249079692997, 600.6069163492077
9140.905645608902, 3282.7249079692997, 600.6069163492077
9141.640676498413, 3216.4386782336983, 861.6869062517192
9142.417598962784, 3216.4386782336983, 861.6869062517192
9142.955156326294, 3216.4386782336983, 861.6869062517192
9143.426894426346, 3216.4386782336983, 861.6869062517192
9143.938523054123, 3216.4386782336983, 861.6869062517192
9144.422227621078, 3216.4386782336983, 861.6869062517192
9144.931863069534, 3216.4386782336983, 861.6869062517192
9145.422548532486, 3216.4386782336983, 861.6869062517192
9145.926199436188, 3216.4386782336983, 861.6869062517192
9146.434837579727, 3216.4386782336983, 861.6869062517192
9146.939486503601, 3216.4386782336983, 861.6869062517192
9147.43017244339, 3216.4386782336983, 861.6869062517192
9147.926841497421, 3216.4386782336983, 861.6869062517192
9148.434483289719, 3216.4386782336983, 861.6869062517192
9148.918187856674, 3216.4386782336983, 861.6869062517192
9149.43380689621, 3216.4386782336983, 861.6869062517192
9149.90853691101, 3216.4386782336983, 861.6869062517192
9150.427145719528, 3216.4386782336983, 861.6869062517192
9150.911849021912, 3216.4386782336983, 861.6869062517192
9151.663834810257, 1818.8389892226862, 2090.7545616603124
9152.613291740417, 342.41430191497545, 1942.0484051626663
9152.919473409653, 342.41430191497545, 1942.0484051626663
9153.689412117004, 865.6152066672068, -215.85833245170926
9154.671779155731, 3451.701146504031, 1282.5340672899883
9155.420773267746, 3451.701146504031, 1282.5340672899883
9155.923427343369, 3451.701146504031, 1282.5340672899883
9156.415110349655, 3451.701146504031, 1282.5340672899883
9156.910784006119, 3451.701146504031, 1282.5340672899883
9157.40845131874, 3451.701146504031, 1282.5340672899883
9157.923072099686, 3451.701146504031, 1282.5340672899883
9158.428717374802, 3451.701146504031, 1282.5340672899883
9159.14479970932, 3932.7016419204137, 1546.2162483766567
9159.905762195587, 3932.7016419204137, 1546.2162483766567
9160.4203851223, 3932.7016419204137, 1546.2162483766567
9160.871176719666, 3932.7016419204137, 1546.2162483766567
9161.42070555687, 3932.7016419204137, 1546.2162483766567
9161.901418447495, 3932.7016419204137, 1546.2162483766567
9162.397089958191, 3932.7016419204137, 1546.2162483766567
9162.90572810173, 3932.7016419204137, 1546.2162483766567
9163.397411108017, 3932.7016419204137, 1546.2162483766567
9163.8930850029, 3932.7016419204137, 1546.2162483766567
9164.807634592056, 290.0063780113665, -25548.741897655585
9165.55264043808, 290.0063780113665, -25548.741897655585
9166.062276601791, 290.0063780113665, -25548.741897655585
9166.557948350906, 290.0063780113665, -25548.741897655585
9167.046640396118, 290.0063780113665, -25548.741897655585
9167.574228525162, 290.0063780113665, -25548.741897655585
9168.039979219437, 290.0063780113665, -25548.741897655585
9168.58751296997, 290.0063780113665, -25548.741897655585
9169.059248924255, 290.0063780113665, -25548.741897655585
9169.692554712296, 810.419013135238, 1899.069732519641
9174.17654466629, 1987.4156124025594, 2312.935161465662
9175.190828800201, 3017.668354254659, 2838.5872092681025
9175.940819263458, 3017.668354254659, 2838.5872092681025
9176.436492443085, 3017.668354254659, 2838.5872092681025
9176.92817568779, 3017.668354254659, 2838.5872092681025
9177.443794727325, 3017.668354254659, 2838.5872092681025
9177.938469648361, 3017.668354254659, 2838.5872092681025
9178.89490866661, 2914.1749341137397, 1054.2932031803882
9179.620964050293, 2914.1749341137397, 1054.2932031803882
9180.278204202652, 1898.877171350315, 1464.9922154773276
9181.008250951767, 1898.877171350315, 1464.9922154773276
9181.517884731293, 1898.877171350315, 1464.9922154773276
9181.965685606003, 1898.877171350315, 1464.9922154773276
9182.479309797287, 1898.877171350315, 1464.9922154773276
9182.995926618576, 1898.877171350315, 1464.9922154773276
9183.505561590195, 1898.877171350315, 1464.9922154773276
9184.00522518158, 1898.877171350315, 1464.9922154773276
9184.75122499466, 2206.000000008348, 2718.0696592699833
9185.710655927658, 2029.523337340909, 2032.9299789316724
9186.437709569931, 2029.523337340909, 2032.9299789316724
9186.954325437546, 2029.523337340909, 2032.9299789316724
9187.738226413727, 1704.351353021714, 3473.8353917939885
9188.451316356659, 1704.351353021714, 3473.8353917939885
9188.946988582611, 1704.351353021714, 3473.8353917939885
9189.434683799744, 1704.351353021714, 3473.8353917939885
9189.95329451561, 1704.351353021714, 3473.8353917939885
9190.449964523315, 1704.351353021714, 3473.8353917939885
9191.15707063675, 2468.0313538062446, 1325.1854811687544
9191.90706205368, 2468.0313538062446, 1325.1854811687544
9192.408717870712, 2468.0313538062446, 1325.1854811687544
9192.912368774414, 2468.0313538062446, 1325.1854811687544
9193.417018413544, 2468.0313538062446, 1325.1854811687544
9193.913687705994, 2468.0313538062446, 1325.1854811687544
9194.426315069199, 2468.0313538062446, 1325.1854811687544
9195.212211847305, 1279.4773323494605, 637.2887379016822
9195.922308921814, 1279.4773323494605, 637.2887379016822
9196.410003185272, 1279.4773323494605, 637.2887379016822
9197.285659313202, 1945.96387839336, 1066.7646717618757
9198.028667926788, 1945.96387839336, 1066.7646717618757
9198.513370037079, 1945.96387839336, 1066.7646717618757
9199.00006699562, 1945.96387839336, 1066.7646717618757
9199.498731136322, 1945.96387839336, 1066.7646717618757
9200.011358261108, 1945.96387839336, 1066.7646717618757
9200.522988080978, 1945.96387839336, 1066.7646717618757
9201.017664194107, 1945.96387839336, 1066.7646717618757
9201.514332771301, 1945.96387839336, 1066.7646717618757
9202.005019903183, 1945.96387839336, 1066.7646717618757
9202.669241666794, 1731.5395086681835, -2392.1107612540927
9203.38931298256, 1731.5395086681835, -2392.1107612540927
9203.919890880585, 1731.5395086681835, -2392.1107612540927
9204.414566278458, 1731.5395086681835, -2392.1107612540927
9204.923204421997, 1731.5395086681835, -2392.1107612540927
9205.417880296707, 1731.5395086681835, -2392.1107612540927
9205.939483165741, 1731.5395086681835, -2392.1107612540927
9206.415209054947, 1731.5395086681835, -2392.1107612540927
9206.93481683731, 1731.5395086681835, -2392.1107612540927
9207.423509120941, 1731.5395086681835, -2392.1107612540927
9208.2143907547, 2267.648437405277, 2218.3721699693333
9209.226678848267, 3597.1843360252215, 1280.7679105993952
9209.958718776703, 3597.1843360252215, 1280.7679105993952
9210.454392194748, 3597.1843360252215, 1280.7679105993952
9210.931116104126, 3597.1843360252215, 1280.7679105993952
9211.441747188568, 3597.1843360252215, 1280.7679105993952
9211.926450490952, 3597.1843360252215, 1280.7679105993952
9212.471988677979, 3597.1843360252215, 1280.7679105993952
9212.95768737793, 3597.1843360252215, 1280.7679105993952
9213.756550073624, 1450.7980807312372, 2550.7497017196424
9214.484599590302, 1450.7980807312372, 2550.7497017196424
9214.962319850922, 1450.7980807312372, 2550.7497017196424
9215.719292402267, 1040.1513410405569, 1790.2132367629206
9218.733221054077, 2000.8337494738937, 798.5689408763355
9219.436337709427, 2000.8337494738937, 798.5689408763355
9219.933007001877, 2000.8337494738937, 798.5689408763355
9220.438653469086, 2000.8337494738937, 798.5689408763355
9221.25147652626, 388.57634750761537, 3280.9654044850404
9222.213898658752, 222.495159553996, 1599.7261734058911
9223.169341564178, -5951.173230047821, 1530.808125335507
9223.946259498596, -5951.173230047821, 1530.808125335507
9224.446918964386, -5951.173230047821, 1530.808125335507
9224.956554889679, -5951.173230047821, 1530.808125335507
9226.1603307724, 3529.8966661392806, 1155.7299874951616
9226.457535505295, 3529.8966661392806, 1155.7299874951616
9227.226475000381, 3305.309275303641, 666.7983063919906
9227.906652927399, 3305.309275303641, 666.7983063919906
9228.484107017517, 3305.309275303641, 666.7983063919906
9228.936894655228, 3305.309275303641, 666.7983063919906
9229.75670003891, 3947.5822224728, 2617.678499686096
9230.654295682907, 2212.4342187825177, 1567.2625332511727
9230.933547496796, 2212.4342187825177, 1567.2625332511727
9231.703486204147, -19572.763564003217, 1601.6240092354521
9232.456469535828, -19572.763564003217, 1601.6240092354521
9233.294226646423, 2017.9447235370928, 813.4441576493381
9234.038234710693, 2017.9447235370928, 813.4441576493381
9234.762293815613, 3256.6307461406523, 64.2805266376325
9235.506303071976, 3256.6307461406523, 64.2805266376325
9236.003969192505, 3256.6307461406523, 64.2805266376325
9236.506623744965, 3256.6307461406523, 64.2805266376325
9236.991323947906, 3256.6307461406523, 64.2805266376325
9237.502954244614, 3256.6307461406523, 64.2805266376325
9238.003613948822, 3256.6307461406523, 64.2805266376325
9238.508261919022, 3256.6307461406523, 64.2805266376325
9239.02986574173, 3256.6307461406523, 64.2805266376325
9239.478664398193, 3256.6307461406523, 64.2805266376325
9240.185770511627, 1336.4869085520425, 104.22093010315831
9240.924791097641, 1336.4869085520425, 104.22093010315831
9241.434425354004, 1336.4869085520425, 104.22093010315831
9241.924115657806, 1336.4869085520425, 104.22093010315831
9242.461674928665, 1336.4869085520425, 104.22093010315831
9242.929422140121, 1336.4869085520425, 104.22093010315831
9243.430081605911, 1336.4869085520425, 104.22093010315831
9243.910794496536, 1336.4869085520425, 104.22093010315831
9244.44137430191, 1336.4869085520425, 104.22093010315831
9244.927072048187, 1336.4869085520425, 104.22093010315831
9245.432718515396, 1336.4869085520425, 104.22093010315831
9245.940358638763, 1336.4869085520425, 104.22093010315831
9246.432041883469, 1336.4869085520425, 104.22093010315831
9246.933698654175, 1336.4869085520425, 104.22093010315831
9247.440342664719, 1336.4869085520425, 104.22093010315831
9247.927038192749, 1336.4869085520425, 104.22093010315831
9248.662069559097, 1880.7763288426872, 1432.1473792941617
9248.992186784744, 1880.7763288426872, 1432.1473792941617
9249.45195388794, 1880.7763288426872, 1432.1473792941617
9249.95061969757, 1880.7763288426872, 1432.1473792941617
9250.459256887436, 1880.7763288426872, 1432.1473792941617
9250.952936887741, 1880.7763288426872, 1432.1473792941617
9251.729854345322, 895.0511948716012, 2724.4210705358378
9252.475857496262, 895.0511948716012, 2724.4210705358378
9252.975519657135, 895.0511948716012, 2724.4210705358378
9253.465206861496, 895.0511948716012, 2724.4210705358378
9253.970852851868, 895.0511948716012, 2724.4210705358378
9254.457549571991, 895.0511948716012, 2724.4210705358378
9254.96718454361, 895.0511948716012, 2724.4210705358378
9255.458867549896, 895.0511948716012, 2724.4210705358378
9255.973489999771, 895.0511948716012, 2724.4210705358378
9256.457194805145, 895.0511948716012, 2724.4210705358378
9256.975806713104, 895.0511948716012, 2724.4210705358378
9257.477462291718, 895.0511948716012, 2724.4210705358378
9257.962163686752, 895.0511948716012, 2724.4210705358378
9258.756038188934, 267.9264148047709, 1151.2802711526022
9259.488077402115, 267.9264148047709, 1151.2802711526022
9259.994720935822, 267.9264148047709, 1151.2802711526022
9260.493385791779, 267.9264148047709, 1151.2802711526022
9261.024961471558, 267.9264148047709, 1151.2802711526022
9261.50068807602, 267.9264148047709, 1151.2802711526022
9262.188845396042, 2419.6300414465886, 1494.103436555176
9262.926868200302, 2419.6300414465886, 1494.103436555176
9263.439495325089, 2419.6300414465886, 1494.103436555176
9263.916221618652, 2419.6300414465886, 1494.103436555176
9264.677181243896, 4101.397034819855, 1477.9393675583278
9265.432159423828, 4101.397034819855, 1477.9393675583278
9266.224038124084, 3092.069263619035, 1160.9016121781997
9266.989988327026, 3092.069263619035, 1160.9016121781997
9267.492641210556, 3092.069263619035, 1160.9016121781997
9267.984325408936, 3092.069263619035, 1160.9016121781997
9268.495954990387, 3092.069263619035, 1160.9016121781997
9268.98165345192, 3092.069263619035, 1160.9016121781997
9269.515224218369, 3092.069263619035, 1160.9016121781997
9269.975990533829, 3092.069263619035, 1160.9016121781997
9270.48961520195, 3092.069263619035, 1160.9016121781997
9271.007229328156, 3092.069263619035, 1160.9016121781997
9271.67344546318, 2004.7144891660753, 1346.644274829326
9272.443383455276, 2004.7144891660753, 1346.644274829326
9272.937061309814, 2004.7144891660753, 1346.644274829326
9273.75487112999, 477.6749950814483, 1162.0505730305597
9274.470953941345, 477.6749950814483, 1162.0505730305597
9274.975602388382, 477.6749950814483, 1162.0505730305597
9275.476261138916, 477.6749950814483, 1162.0505730305597
9275.963954687119, 477.6749950814483, 1162.0505730305597
9276.465610980988, 477.6749950814483, 1162.0505730305597
9276.970260381699, 477.6749950814483, 1162.0505730305597
9277.46393752098, 477.6749950814483, 1162.0505730305597
9278.156084060669, 1547.7877057093203, 673.4610792448275
9278.451293230057, 1547.7877057093203, 673.4610792448275
9278.938987493515, 1547.7877057093203, 673.4610792448275
9279.449620246887, 1547.7877057093203, 673.4610792448275
9279.940306663513, 1547.7877057093203, 673.4610792448275
9280.441963672638, 1547.7877057093203, 673.4610792448275
9280.928659439087, 1547.7877057093203, 673.4610792448275
9281.444280385971, 1547.7877057093203, 673.4610792448275
9281.963887691498, 1547.7877057093203, 673.4610792448275
9286.719152450562, 2274.441598857618, 1863.6236678579348
9287.49208188057, 2274.441598857618, 1863.6236678579348
9287.993738651276, 2274.441598857618, 1863.6236678579348
9288.481432676315, 2274.441598857618, 1863.6236678579348
9288.991067647934, 2274.441598857618, 1863.6236678579348
9289.690196275711, 3183.371423627731, 1619.206184324061
9290.93685722351, 2374.9192572162237, 1895.9888242910345
9291.68485546112, 2374.9192572162237, 1895.9888242910345
9292.674205064774, 2374.9192572162237, 1895.9888242910345
9293.689486026764, 2374.9192572162237, 1895.9888242910345
9294.682826042175, 2374.9192572162237, 1895.9888242910345
9295.691126346588, 2374.9192572162237, 1895.9888242910345
9296.67648768425, 2374.9192572162237, 1895.9888242910345
9297.70772600174, 2374.9192572162237, 1895.9888242910345
9298.711039304733, 2374.9192572162237, 1895.9888242910345
9299.716346502304, 2374.9192572162237, 1895.9888242910345
9300.692734241486, 2374.9192572162237, 1895.9888242910345
9301.730953216553, 2235.1506950648914, 792.6965112294888
9302.450026512146, 2235.1506950648914, 792.6965112294888
9303.267836809158, 2333.6431478705827, 1750.8431686547567
9304.003864765167, 2333.6431478705827, 1750.8431686547567
9304.48457789421, 2333.6431478705827, 1750.8431686547567
9304.987231969833, 2333.6431478705827, 1750.8431686547567
9305.528780221939, 2333.6431478705827, 1750.8431686547567
9306.017473459244, 2333.6431478705827, 1750.8431686547567
9306.522120714188, 2333.6431478705827, 1750.8431686547567
9306.992860555649, 2333.6431478705827, 1750.8431686547567
9307.719913721085, 2158.4163982595983, 2723.3398128091285
9308.470903635025, 2158.4163982595983, 2723.3398128091285
9308.992505550385, 2158.4163982595983, 2723.3398128091285
9309.46224808693, 2158.4163982595983, 2723.3398128091285
9309.958917617798, 2158.4163982595983, 2723.3398128091285
9310.476531744003, 2158.4163982595983, 2723.3398128091285
9310.981179952621, 2158.4163982595983, 2723.3398128091285
9311.459897756577, 2158.4163982595983, 2723.3398128091285
9311.969534158707, 2158.4163982595983, 2723.3398128091285
9312.769393920898, 1514.1485686915553, 3987.04928053699
9313.515393018723, 1514.1485686915553, 3987.04928053699
9314.017050027847, 1514.1485686915553, 3987.04928053699
9314.51471710205, 1514.1485686915553, 3987.04928053699
9315.008395433426, 1514.1485686915553, 3987.04928053699
9315.504068136215, 1514.1485686915553, 3987.04928053699
9316.011708974838, 1514.1485686915553, 3987.04928053699
9316.513365983963, 1514.1485686915553, 3987.04928053699
9316.972137451172, 1514.1485686915553, 3987.04928053699
9318.856091022491, 2302.629420364612, 807.0044516488894
9319.607080221176, 2302.629420364612, 807.0044516488894
9320.134667873383, 2302.629420364612, 807.0044516488894
9320.658265829086, 2302.629420364612, 807.0044516488894
9321.126012802124, 2302.629420364612, 807.0044516488894
9321.646618127823, 2302.629420364612, 807.0044516488894
9325.696772575378, 1945.0615366599702, 1487.0067646009545
9326.477681875229, 1945.0615366599702, 1487.0067646009545
9327.27554488182, 2934.1161342272094, 1451.5722385373967
9328.0135679245, 2934.1161342272094, 1451.5722385373967
9328.530184984207, 2934.1161342272094, 1451.5722385373967
9329.050790309906, 2934.1161342272094, 1451.5722385373967
9329.527513742447, 2934.1161342272094, 1451.5722385373967
9330.020194530487, 2934.1161342272094, 1451.5722385373967
9330.531824350357, 2934.1161342272094, 1451.5722385373967
9331.02749800682, 2934.1161342272094, 1451.5722385373967
9331.533143043518, 2934.1161342272094, 1451.5722385373967
9332.277150392532, 1056.0133001010324, -46511.31466491013
9332.980267763138, 1056.0133001010324, -46511.31466491013
9333.48990392685, 1056.0133001010324, -46511.31466491013
9333.980589389801, 1056.0133001010324, -46511.31466491013
9334.482246398926, 1056.0133001010324, -46511.31466491013
9334.980910539627, 1056.0133001010324, -46511.31466491013
9335.806698799133, 2508.0880511494674, 1302.4223037614734
9336.571650981903, 2508.0880511494674, 1302.4223037614734
9337.072310209274, 2508.0880511494674, 1302.4223037614734
9337.575961112976, 2508.0880511494674, 1302.4223037614734
9338.069638967514, 2508.0880511494674, 1302.4223037614734
9338.57428765297, 2508.0880511494674, 1302.4223037614734
9339.076941251755, 2508.0880511494674, 1302.4223037614734
9339.583584070206, 2508.0880511494674, 1302.4223037614734
9340.105188131332, 2508.0880511494674, 1302.4223037614734
9340.59088730812, 2508.0880511494674, 1302.4223037614734
9341.073594331741, 2508.0880511494674, 1302.4223037614734
9341.581234455109, 2508.0880511494674, 1302.4223037614734
9342.064939975739, 2508.0880511494674, 1302.4223037614734
9342.573576927185, 2508.0880511494674, 1302.4223037614734
9343.089197158813, 2508.0880511494674, 1302.4223037614734
9343.57788848877, 2508.0880511494674, 1302.4223037614734
9344.215181350708, 1078.0286901183888, 2077.529429851752
9345.19954586029, 1789.305796636867, 1882.6973323612642
9345.960507631302, 1789.305796636867, 1882.6973323612642
9346.956839561462, 3194.3913559666885, 468.2566182394346
9347.727776288986, 3194.3913559666885, 468.2566182394346
9348.698175668716, 3194.3913559666885, 468.2566182394346
9349.722433805466, 3194.3913559666885, 468.2566182394346
9350.719762325287, 3194.3913559666885, 468.2566182394346
9351.879657030106, 1104.9757457239439, 546.9912005125669
9352.629648685455, 1104.9757457239439, 546.9912005125669
9353.24101114273, 511.4805369536824, 1309.424818265554
9353.961082696915, 511.4805369536824, 1309.424818265554
9354.458749771118, 511.4805369536824, 1309.424818265554
9354.955420255661, 511.4805369536824, 1309.424818265554
9355.714388132095, 2727.294766529812, 299.69538290023286
9356.505270004272, 2727.294766529812, 299.69538290023286
9356.995954751968, 2727.294766529812, 299.69538290023286
9357.822741031647, 1524.559817571281, 535.9903116690132
9358.556776762009, 1524.559817571281, 535.9903116690132
9359.064416646957, 1524.559817571281, 535.9903116690132
9359.54911828041, 1524.559817571281, 535.9903116690132
9360.078700304031, 1524.559817571281, 535.9903116690132
9360.556420564651, 1524.559817571281, 535.9903116690132
9361.047106981277, 1524.559817571281, 535.9903116690132
9361.561728477478, 1524.559817571281, 535.9903116690132
9362.247891187668, 2896.2216987915726, 1275.2453895240142
9362.971952199936, 2896.2216987915726, 1275.2453895240142
9365.52012848854, 3234.4116116477917, 1358.594790022319
9366.193325519562, 3234.4116116477917, 1358.594790022319
9367.25947022438, 3234.4116116477917, 1358.594790022319
9368.224885225296, 3234.4116116477917, 1358.594790022319
9369.21922326088, 3234.4116116477917, 1358.594790022319
9370.20358633995, 3234.4116116477917, 1358.594790022319
9371.211889505386, 3234.4116116477917, 1358.594790022319
9372.228164672852, 3234.4116116477917, 1358.594790022319
9373.22250175476, 3234.4116116477917, 1358.594790022319
9374.416305303574, 205.4801770735767, 718.9893319743534
9375.195219755173, 2031.3809005784713, 1940.6353348587559
9375.955184221268, 2031.3809005784713, 1940.6353348587559
9376.466814756393, 2031.3809005784713, 1940.6353348587559
9377.182896614075, 1956.9920385945584, 1174.8733740133925
9377.492069005966, 1956.9920385945584, 1174.8733740133925
9377.945853710175, 1956.9920385945584, 1174.8733740133925
9378.46346616745, 1956.9920385945584, 1174.8733740133925
9378.94417977333, 1956.9920385945584, 1174.8733740133925
9379.460796356201, 1956.9920385945584, 1174.8733740133925
9379.938517808914, 1956.9920385945584, 1174.8733740133925
9380.44216799736, 1956.9920385945584, 1174.8733740133925
9380.949808359146, 1956.9920385945584, 1174.8733740133925
9381.43849992752, 1956.9920385945584, 1174.8733740133925
9381.962098360062, 1956.9920385945584, 1174.8733740133925
9382.44779753685, 1956.9920385945584, 1174.8733740133925
9382.939480781555, 1956.9920385945584, 1174.8733740133925
9383.687477350235, 523.7545967954834, 2164.5597346757218
9384.458412885666, 523.7545967954834, 2164.5597346757218
9384.986000061035, 523.7545967954834, 2164.5597346757218
9385.475689172745, 523.7545967954834, 2164.5597346757218
9386.21171760559, 3497.5583044424957, 862.4167760110423
9386.972680091858, 3497.5583044424957, 862.4167760110423
9387.456383943558, 3497.5583044424957, 862.4167760110423
9390.24092745781, 2.4999999999856666, 443.2523467656788
9391.253216981888, 1862.0750626965844, 141.59133500838658
9392.222621202469, 1498.7597647502814, 1479.1700808823905
9392.945684194565, 1498.7597647502814, 1479.1700808823905
9393.445346355438, 1498.7597647502814, 1479.1700808823905
9393.939024686813, 1498.7597647502814, 1479.1700808823905
9394.44167804718, 1498.7597647502814, 1479.1700808823905
9394.929373264313, 1498.7597647502814, 1479.1700808823905
9396.70462012291, 2002.3179406567153, 196.70870010878556
9397.461591959, 2002.3179406567153, 196.70870010878556
9397.963248968124, 2002.3179406567153, 196.70870010878556
9398.442963600159, 2002.3179406567153, 196.70870010878556
9398.944620132446, 2002.3179406567153, 196.70870010878556
9399.435306549072, 2002.3179406567153, 196.70870010878556
9399.961896181107, 2002.3179406567153, 196.70870010878556
9400.459563016891, 2002.3179406567153, 196.70870010878556
9400.966205835342, 2002.3179406567153, 196.70870010878556
9401.46686553955, 2002.3179406567153, 196.70870010878556
9402.240793466568, 135.18584736829843, -871.790694911982
9403.427614688873, 801.5137274995302, 537.0309663453532
9404.184589147568, 801.5137274995302, 537.0309663453532
9405.198871135712, 801.5137274995302, 537.0309663453532
9406.153317213058, 801.5137274995302, 537.0309663453532
9406.681900262833, 801.5137274995302, 537.0309663453532
9407.679229736328, 801.5137274995302, 537.0309663453532
9408.671571969986, 801.5137274995302, 537.0309663453532
9409.183201313019, 801.5137274995302, 537.0309663453532
9410.157592058182, 801.5137274995302, 537.0309663453532
9410.68019247055, 801.5137274995302, 537.0309663453532
9411.665553808212, 3357.8548676934593, 1604.5353778051392
9411.964752912521, 3357.8548676934593, 1604.5353778051392
9412.444468259811, 3357.8548676934593, 1604.5353778051392
9412.934157133102, 3357.8548676934593, 1604.5353778051392
9413.748974561691, 129.99158290560882, 1380.6902942831214
9414.48799610138, 129.99158290560882, 1380.6902942831214
9415.005609750748, 129.99158290560882, 1380.6902942831214
9415.493303775787, 129.99158290560882, 1380.6902942831214
9416.009920597076, 129.99158290560882, 1380.6902942831214
9416.45971608162, 129.99158290560882, 1380.6902942831214
9417.000267982483, 129.99158290560882, 1380.6902942831214
9417.502922296524, 129.99158290560882, 1380.6902942831214
9418.219004631042, 167.50035700008831, 884.2761446767723
9419.209352016449, 3486.2098737501346, 1142.765132684495
9419.975301980972, 3486.2098737501346, 1142.765132684495
9420.473965883255, 3486.2098737501346, 1142.765132684495
9420.979611158371, 3486.2098737501346, 1142.765132684495
9421.46830368042, 3486.2098737501346, 1142.765132684495
9424.209960699081, 523.326102383016, 590.8898154633046
9424.947985887527, 523.326102383016, 590.8898154633046
9425.462606430054, 523.326102383016, 590.8898154633046
9425.944316148758, 523.326102383016, 590.8898154633046
9426.456943511963, 523.326102383016, 590.8898154633046
9426.951619148254, 523.326102383016, 590.8898154633046
9427.448289871216, 523.326102383016, 590.8898154633046
9427.920026063919, 523.326102383016, 590.8898154633046
9428.715894460678, 3886.857714973854, 665.3141323337576
9429.729181528091, 1334.4198982080804, 1436.8188418343523
9430.500117063522, 1334.4198982080804, 1436.8188418343523
9430.996785879135, 1334.4198982080804, 1436.8188418343523
9431.50642156601, 1334.4198982080804, 1436.8188418343523
9431.989128112793, 1334.4198982080804, 1436.8188418343523
9432.469841957092, 1334.4198982080804, 1436.8188418343523
9432.998435974121, 1334.4198982080804, 1436.8188418343523
9433.502077102661, 1334.4198982080804, 1436.8188418343523
9434.002737760544, 1334.4198982080804, 1436.8188418343523
9434.499406576157, 1334.4198982080804, 1436.8188418343523
9434.996076107025, 1334.4198982080804, 1436.8188418343523
9435.477786540985, 1334.4198982080804, 1436.8188418343523
9436.214812994003, 3528.6865180404106, 2622.4623488974094
9436.960814476013, 3528.6865180404106, 2622.4623488974094
9437.46646142006, 3528.6865180404106, 2622.4623488974094
9449.219986438751, 2184.85778292819, 326.1563265603946
9450.008873701096, 2184.85778292819, 326.1563265603946
9450.499558925629, 2184.85778292819, 326.1563265603946
9451.247555971146, 3798.8204840690255, 51.926172617641036
9452.265829086304, 899.0316492483806, 1162.8721965160832
9453.19932937622, 1636.7439228489948, 2107.2010535133372
9453.924387216568, 1636.7439228489948, 2107.2010535133372
9454.445990562439, 1636.7439228489948, 2107.2010535133372
9454.928699731827, 1636.7439228489948, 2107.2010535133372
9455.445314407349, 1636.7439228489948, 2107.2010535133372
9455.96292924881, 1636.7439228489948, 2107.2010535133372
9457.700275421143, 867.5410023999709, 1522.9046722344674
9458.71356344223, 1041.4283099824245, 1603.5011234612143
9459.709894180298, 1242.6369615136277, 1541.8133974195591
9460.693261146545, 2356.9118916449474, 1541.8587773921786
9461.470180988312, 2356.9118916449474, 1541.8587773921786
9461.97183728218, 2356.9118916449474, 1541.8587773921786
9462.452550411224, 2356.9118916449474, 1541.8587773921786
9463.230466365814, 2460.9993452202693, 1531.2565045883928
9464.307583332062, 3902.4412493005207, 57.33884538619701
9465.209168672562, 197.85621864813353, 1089.2837829194307
9466.250379800797, 2477.5932454970225, 1347.7615599337505
9466.959481477737, 2477.5932454970225, 1347.7615599337505
9467.4900598526, 2477.5932454970225, 1347.7615599337505
9468.240051984787, 453.7879291951757, 669.1797065316226
9468.963114261627, 453.7879291951757, 669.1797065316226
9469.483722448349, 453.7879291951757, 669.1797065316226
9469.970418691635, 453.7879291951757, 669.1797065316226
9470.721406459808, 491.50227363359136, 1428.2462431938802
9471.709759950638, 3656.293062828918, 1609.1214242008355
9472.460749149323, 3656.293062828918, 1609.1214242008355
9472.990330696106, 3656.293062828918, 1609.1214242008355
9473.477028608322, 3656.293062828918, 1609.1214242008355
9473.977686405182, 3656.293062828918, 1609.1214242008355
9474.464384317398, 3656.293062828918, 1609.1214242008355
9474.97401881218, 3656.293062828918, 1609.1214242008355
9475.45772433281, 3656.293062828918, 1609.1214242008355
9475.962374925613, 3656.293062828918, 1609.1214242008355
9476.45505285263, 3656.293062828918, 1609.1214242008355
9477.200057506561, 3693.141339805179, 1398.084421315356
9477.968998670578, 3693.141339805179, 1398.084421315356
9478.482622623444, 3693.141339805179, 1398.084421315356
9478.992257356644, 3693.141339805179, 1398.084421315356
9479.488928318024, 3693.141339805179, 1398.084421315356
9479.955678224564, 3693.141339805179, 1398.084421315356
9480.762517929077, 2262.7335876642146, 20.56674638705654
9481.515500307083, 2262.7335876642146, 20.56674638705654
9481.988235473633, 2262.7335876642146, 20.56674638705654
9484.788734674454, 1852.3931927409087, 825.9442860281946
9485.5766248703, 1852.3931927409087, 825.9442860281946
9486.082271575928, 1852.3931927409087, 825.9442860281946
9486.5460293293, 1852.3931927409087, 825.9442860281946
9487.08857703209, 1852.3931927409087, 825.9442860281946
9487.592226743698, 1852.3931927409087, 825.9442860281946
9488.070945739746, 1852.3931927409087, 825.9442860281946
9488.552655696869, 1852.3931927409087, 825.9442860281946
9489.2527821064, 3237.239855330718, 1834.5587690950313
9490.190271377563, 3905.999928054061, 2331.9522127558716
9490.97018289566, 3905.999928054061, 2331.9522127558716
9491.459870100021, 3905.999928054061, 2331.9522127558716
9491.961527109146, 3905.999928054061, 2331.9522127558716
9492.468170881271, 3905.999928054061, 2331.9522127558716
9492.971821784973, 3905.999928054061, 2331.9522127558716
9493.45951628685, 3905.999928054061, 2331.9522127558716
9493.962169647217, 3905.999928054061, 2331.9522127558716
9494.509702920914, 3905.999928054061, 2331.9522127558716
9494.961494207382, 3905.999928054061, 2331.9522127558716
9495.474120378494, 3905.999928054061, 2331.9522127558716
9496.367727279663, 311.5747969288169, 1463.3319566887135
9497.065858364105, 311.5747969288169, 1463.3319566887135
9497.614389657974, 311.5747969288169, 1463.3319566887135
9498.088124990463, 311.5747969288169, 1463.3319566887135
9498.76331281662, 2624.399843838279, 477.6010134631391
9499.763633728027, -4376.596974614218, 690.6564710686188
9500.49766921997, -4376.596974614218, 690.6564710686188
9501.011292696, -4376.596974614218, 690.6564710686188
9501.496992349625, -4376.596974614218, 690.6564710686188
9501.994658946991, -4376.596974614218, 690.6564710686188
9502.474374294281, -4376.596974614218, 690.6564710686188
9503.003955602646, -4376.596974614218, 690.6564710686188
9503.49264717102, -4376.596974614218, 690.6564710686188
9504.003279924393, -4376.596974614218, 690.6564710686188
9504.492968320847, -4376.596974614218, 690.6564710686188
9504.995622873306, -4376.596974614218, 690.6564710686188
9505.495284795761, -4376.596974614218, 690.6564710686188
9505.989960432053, -4376.596974614218, 690.6564710686188
9506.49760055542, -4376.596974614218, 690.6564710686188
9506.99028134346, -4376.596974614218, 690.6564710686188
9507.734288215637, 1317.1639978352512, 1407.2023406207654
9508.734609365463, 2948.4999999999773, 2445.103363105873
9509.723960399628, 1221.683559558789, 2330.0581438456766
9510.467968940735, 1221.683559558789, 2330.0581438456766
9510.96264410019, 1221.683559558789, 2330.0581438456766
9511.475269794464, 1221.683559558789, 2330.0581438456766
9511.9799182415, 1221.683559558789, 2330.0581438456766
9512.475591659546, 1221.683559558789, 2330.0581438456766
9512.977248430252, 1221.683559558789, 2330.0581438456766
9513.65942144394, -1080.6863940694782, 1482.2981326138242
9513.927703380585, -1080.6863940694782, 1482.2981326138242
9514.412405252457, -1080.6863940694782, 1482.2981326138242
9514.923037052155, -1080.6863940694782, 1482.2981326138242
9515.407739639282, -1080.6863940694782, 1482.2981326138242
9515.925354003906, -1080.6863940694782, 1482.2981326138242
9516.42700958252, -1080.6863940694782, 1482.2981326138242
9516.917695999146, -1080.6863940694782, 1482.2981326138242
9517.423341989517, -1080.6863940694782, 1482.2981326138242
9517.917019367218, -1080.6863940694782, 1482.2981326138242
9518.439620256424, -1080.6863940694782, 1482.2981326138242
9518.920332670212, -1080.6863940694782, 1482.2981326138242
9519.418997526169, -1080.6863940694782, 1482.2981326138242
9519.927635908127, -1080.6863940694782, 1482.2981326138242
9520.43926525116, -1080.6863940694782, 1482.2981326138242
9520.932943820953, -1080.6863940694782, 1482.2981326138242
9521.452552318573, -1080.6863940694782, 1482.2981326138242
9521.924288511276, -1080.6863940694782, 1482.2981326138242
9522.425945997238, -1080.6863940694782, 1482.2981326138242
9523.427263975143, 2996.523994541851, 2943.6412815668627
9524.180247306824, 2996.523994541851, 2943.6412815668627
9525.184557914734, 2996.523994541851, 2943.6412815668627
9526.183882713318, 2996.523994541851, 2943.6412815668627
9527.368708610535, 936.5605213077998, 867.7729899297824
9528.148620843887, 936.5605213077998, 867.7729899297824
9528.640304327011, 936.5605213077998, 867.7729899297824
9529.167890787125, 936.5605213077998, 867.7729899297824
9529.643616437912, 936.5605213077998, 867.7729899297824
9530.14726805687, 936.5605213077998, 867.7729899297824
9530.64194393158, 936.5605213077998, 867.7729899297824
9531.139610528946, 936.5605213077998, 867.7729899297824
9531.665204286575, 936.5605213077998, 867.7729899297824
9532.178828001022, 936.5605213077998, 867.7729899297824
9532.674500226974, 936.5605213077998, 867.7729899297824
9533.171169757843, 936.5605213077998, 867.7729899297824
9533.66185593605, 936.5605213077998, 867.7729899297824
9534.099684238434, 936.5605213077998, 867.7729899297824
9534.648214817047, 936.5605213077998, 867.7729899297824
9535.124940156937, 936.5605213077998, 867.7729899297824
9535.73231124878, 31662.32362000654, 315.9047028933035
9536.462356090546, 31662.32362000654, 315.9047028933035
9536.961021900177, 31662.32362000654, 315.9047028933035
9537.456694841385, 31662.32362000654, 315.9047028933035
9537.946382522583, 31662.32362000654, 315.9047028933035
9538.466988563538, 31662.32362000654, 315.9047028933035
9538.949695825577, 31662.32362000654, 315.9047028933035
9539.710658550262, 1539.3318093676678, 315.42037524957914
9540.471621513367, 1539.3318093676678, 315.42037524957914
9541.29342007637, 3821.0084356641178, 2455.142385569482
9542.065352201462, 3821.0084356641178, 2455.142385569482
9542.563019990921, 3821.0084356641178, 2455.142385569482
9543.051710367203, 3821.0084356641178, 2455.142385569482
9543.561346292496, 3821.0084356641178, 2455.142385569482
9544.095915079117, 3821.0084356641178, 2455.142385569482
9544.543715715408, 3821.0084356641178, 2455.142385569482
9545.22189950943, 3064.669138227305, 265.9725676368168
9545.994829177856, 3064.669138227305, 265.9725676368168
9546.490502357483, 3064.669138227305, 265.9725676368168
9547.209576368332, 3148.851846240727, 1936.2777903118626
9548.244804620743, 3134.6610662858534, 28961.655693161894
9549.011750221252, 3134.6610662858534, 28961.655693161894
9549.49744939804, 3134.6610662858534, 28961.655693161894
9552.19422841072, 1197.6233538410875, 42038.62131619917
9552.97114777565, 1197.6233538410875, 42038.62131619917
9553.466819763184, 1197.6233538410875, 42038.62131619917
9553.980444908142, 1197.6233538410875, 42038.62131619917
9554.481103181839, 1197.6233538410875, 42038.62131619917
9554.949848651886, 1197.6233538410875, 42038.62131619917
9555.834479093552, 2102.618453902181, 1931.1093416788801
9556.557543992996, 2102.618453902181, 1931.1093416788801
9557.069172620773, 2102.618453902181, 1931.1093416788801
9557.57182765007, 2102.618453902181, 1931.1093416788801
9558.060517787933, 2102.618453902181, 1931.1093416788801
9558.572148323059, 2102.618453902181, 1931.1093416788801
9559.081783771515, 2102.618453902181, 1931.1093416788801
9559.565487384796, 2102.618453902181, 1931.1093416788801
9560.082104921341, 2102.618453902181, 1931.1093416788801
9560.556833028793, 2102.618453902181, 1931.1093416788801
9561.272915124893, 3978.0085257402634, 1690.8100122607036
9562.040860176086, 3978.0085257402634, 1690.8100122607036
9562.527556180954, 3978.0085257402634, 1690.8100122607036
9563.041180372238, 3978.0085257402634, 1690.8100122607036
9563.538848161697, 3978.0085257402634, 1690.8100122607036
9564.045491456985, 3978.0085257402634, 1690.8100122607036
9564.530193328857, 3978.0085257402634, 1690.8100122607036
9565.02885723114, 3978.0085257402634, 1690.8100122607036
9565.532509326935, 3978.0085257402634, 1690.8100122607036
9566.032170772552, 3978.0085257402634, 1690.8100122607036
9566.518868684769, 3978.0085257402634, 1690.8100122607036
9567.00456738472, 3978.0085257402634, 1690.8100122607036
9567.512207508087, 3978.0085257402634, 1690.8100122607036
9567.998903512955, 3978.0085257402634, 1690.8100122607036
9568.515520811081, 3978.0085257402634, 1690.8100122607036
9569.010196685791, 3978.0085257402634, 1690.8100122607036
9569.525815486908, 3978.0085257402634, 1690.8100122607036
9570.001541376114, 3978.0085257402634, 1690.8100122607036
9570.511175632477, 3978.0085257402634, 1690.8100122607036
9571.022807598114, 3978.0085257402634, 1690.8100122607036
9571.525460004807, 3978.0085257402634, 1690.8100122607036
9572.0141518116, 3978.0085257402634, 1690.8100122607036
9572.516805171967, 3978.0085257402634, 1690.8100122607036
9573.022451639175, 3978.0085257402634, 1690.8100122607036
9573.5191218853, 3978.0085257402634, 1690.8100122607036
9574.31698513031, 1286.672192478599, 2984.5217308365736
9575.049025058746, 1286.672192478599, 2984.5217308365736
9575.557662725449, 1286.672192478599, 2984.5217308365736
9576.035382509232, 1286.672192478599, 2984.5217308365736
9576.55000591278, 1286.672192478599, 2984.5217308365736
9577.04966711998, 1286.672192478599, 2984.5217308365736
9577.541349887848, 1286.672192478599, 2984.5217308365736
9578.045001029968, 1286.672192478599, 2984.5217308365736
9578.555634021759, 1286.672192478599, 2984.5217308365736
9579.06227684021, 1286.672192478599, 2984.5217308365736
9579.547976255417, 1286.672192478599, 2984.5217308365736
9580.04265165329, 1286.672192478599, 2984.5217308365736
9580.534335374832, 1286.672192478599, 2984.5217308365736
9581.048956871033, 1286.672192478599, 2984.5217308365736
9581.535653114319, 1286.672192478599, 2984.5217308365736
9582.233784675598, 1011.0889513044942, 1159.9238658533664
9582.979787349701, 1011.0889513044942, 1159.9238658533664
9583.472467184067, 1011.0889513044942, 1159.9238658533664
9584.31720495224, 2645.8941667376007, 987.0803673287779
9585.05123925209, 2645.8941667376007, 987.0803673287779
9585.528959274292, 2645.8941667376007, 987.0803673287779
9586.038595676422, 2645.8941667376007, 987.0803673287779
9586.71677994728, 3351.2442079479247, 3573.8114646170966
9587.447821617126, 3351.2442079479247, 3573.8114646170966
9587.935516357422, 3351.2442079479247, 3573.8114646170966
9588.423209190369, 3351.2442079479247, 3573.8114646170966
9588.93483877182, 3351.2442079479247, 3573.8114646170966
9589.42153596878, 3351.2442079479247, 3573.8114646170966
9589.93017411232, 3351.2442079479247, 3573.8114646170966
9590.412880182266, 3351.2442079479247, 3573.8114646170966
9591.332418203354, 143.8683813345022, 2838.8884868336895
9592.097369909286, 143.8683813345022, 2838.8884868336895
9592.568109750748, 143.8683813345022, 2838.8884868336895
9593.270229578018, 2393.2762598556546, 47.91541653356563
9594.082055807114, 2393.2762598556546, 47.91541653356563
9594.551796913147, 2393.2762598556546, 47.91541653356563
9595.263889789581, 3681.8761656974334, 1298.9891663723824
9596.027844667435, 3681.8761656974334, 1298.9891663723824
9596.523517370224, 3681.8761656974334, 1298.9891663723824
9597.278495311737, 3400.9487466931582, 94.60307819073714
9598.213989973068, 812.8885178617903, 1139.218123374617
9599.209324598312, 3216.1986372704423, 1672.934222365404
9600.250536203384, 1947.4886995811353, -3289.659568519886
9601.205978155136, 151.9038625770831, 842.052859878241
9601.952978372574, 151.9038625770831, 842.052859878241
9602.715933799744, 3847.161326129521, 1336.841630619032
9603.495845794678, 3847.161326129521, 1336.841630619032
9603.985533714294, 3847.161326129521, 1336.841630619032
9604.489186286926, 3847.161326129521, 1336.841630619032
9604.983861923218, 3847.161326129521, 1336.841630619032
9605.770753622055, 1653.5322036446355, 1514.4360298212705
9606.722205400467, 470.95790916642727, 1504.1680961631396
9607.464218854904, 470.95790916642727, 1504.1680961631396
9607.985822200775, 470.95790916642727, 1504.1680961631396
9608.465537548065, 470.95790916642727, 1504.1680961631396
9608.982153892517, 470.95790916642727, 1504.1680961631396
9609.457879781723, 470.95790916642727, 1504.1680961631396
9609.969510316849, 470.95790916642727, 1504.1680961631396
9610.733464241028, 163.4992860619442, 286.5857698480016
9611.50739121437, 163.4992860619442, 286.5857698480016
9612.213501691818, 1991.4566387942928, 124.5018430777512
9613.211826562881, 179.58485495320411, 1468.5465210769796
9614.33881020546, 1556.236138136766, 286.99138693247755
9615.09079527855, 1556.236138136766, 286.99138693247755
9615.590456962585, 1556.236138136766, 286.99138693247755
9616.09710073471, 1556.236138136766, 286.99138693247755
9616.719433784485, 3382.785877624548, 814.7665686463178
9617.475409030914, 3382.785877624548, 814.7665686463178
9617.985045433044, 3382.785877624548, 814.7665686463178
9618.476729631424, 3382.785877624548, 814.7665686463178
9618.957439899445, 3382.785877624548, 814.7665686463178
9619.471065044403, 3382.785877624548, 814.7665686463178
9619.969730377197, 3382.785877624548, 814.7665686463178
9620.46540260315, 3382.785877624548, 814.7665686463178
9620.970051288605, 3382.785877624548, 814.7665686463178
9621.470710754395, 3382.785877624548, 814.7665686463178
9621.959401130676, 3382.785877624548, 814.7665686463178
9622.460060834885, 3382.785877624548, 814.7665686463178
9622.97368645668, 3382.785877624548, 814.7665686463178
9623.46038222313, 3382.785877624548, 814.7665686463178
9623.951068162918, 3382.785877624548, 814.7665686463178
9624.457711696625, 3382.785877624548, 814.7665686463178
9624.969341754913, 3382.785877624548, 814.7665686463178
9625.465013742447, 3382.785877624548, 814.7665686463178
9625.980633735657, 3382.785877624548, 814.7665686463178
9626.477304935455, 3382.785877624548, 814.7665686463178
9626.975967407227, 3382.785877624548, 814.7665686463178
9627.508541345596, 3382.785877624548, 814.7665686463178
9627.990252017975, 3382.785877624548, 814.7665686463178
9628.496894598007, 3382.785877624548, 814.7665686463178
9628.983591556549, 3382.785877624548, 814.7665686463178
9629.474277973175, 3382.785877624548, 814.7665686463178
9630.286103487015, 3936.00696581979, 2601.742953266403
9630.994207382202, 3936.00696581979, 2601.742953266403
9631.491874694824, 3936.00696581979, 2601.742953266403
9631.9745824337, 3936.00696581979, 2601.742953266403
9632.47324681282, 3936.00696581979, 2601.742953266403
9632.971911430359, 3936.00696581979, 2601.742953266403
9633.48852777481, 3936.00696581979, 2601.742953266403
9633.982205867767, 3936.00696581979, 2601.742953266403
9634.500816106796, 3936.00696581979, 2601.742953266403
9634.983524799347, 3936.00696581979, 2601.742953266403
9635.466230869293, 3936.00696581979, 2601.742953266403
9635.966891527176, 3936.00696581979, 2601.742953266403
9636.48749756813, 3936.00696581979, 2601.742953266403
9636.979179620743, 3936.00696581979, 2601.742953266403
9637.505769252777, 3936.00696581979, 2601.742953266403
9637.99944782257, 3936.00696581979, 2601.742953266403
9638.497115373611, 3936.00696581979, 2601.742953266403
9638.992787122726, 3936.00696581979, 2601.742953266403
9639.49643945694, 3936.00696581979, 2601.742953266403
9639.996101140976, 3936.00696581979, 2601.742953266403
9640.476813793182, 3936.00696581979, 2601.742953266403
9640.97946691513, 3936.00696581979, 2601.742953266403
9641.478132724762, 3936.00696581979, 2601.742953266403
9641.988765001297, 3936.00696581979, 2601.742953266403
9642.499397277832, 3936.00696581979, 2601.742953266403
9642.997065544128, 3936.00696581979, 2601.742953266403
9643.486752986908, 3936.00696581979, 2601.742953266403
9643.969460248947, 3936.00696581979, 2601.742953266403
9644.48507976532, 3936.00696581979, 2601.742953266403
9658.240243434906, 2856.922700922734, 1762.4807285957736
9659.217626810074, 465.1419880569895, 1340.81716711134
9660.221936941147, 706.264961823062, 2951.053204864677
9660.981902122498, 706.264961823062, 2951.053204864677
9661.470592975616, 706.264961823062, 2951.053204864677
9661.965269088745, 706.264961823062, 2951.053204864677
9662.46792268753, 706.264961823062, 2951.053204864677
9662.934672117233, 706.264961823062, 2951.053204864677
9663.469242095947, 706.264961823062, 2951.053204864677
9663.947958946228, 706.264961823062, 2951.053204864677
9664.4635784626, 706.264961823062, 2951.053204864677
9664.960248231888, 706.264961823062, 2951.053204864677
9665.47387266159, 706.264961823062, 2951.053204864677
9665.950596570969, 706.264961823062, 2951.053204864677
9666.457240343094, 706.264961823062, 2951.053204864677
9666.942938566208, 706.264961823062, 2951.053204864677
9668.226501464844, 899.4077809487754, 2232.5782353848304
9669.044311285019, 899.4077809487754, 2232.5782353848304
9669.543973684311, 899.4077809487754, 2232.5782353848304
9670.052610874176, 899.4077809487754, 2232.5782353848304
9670.507392644882, 899.4077809487754, 2232.5782353848304
9671.031988620758, 899.4077809487754, 2232.5782353848304
9671.712166786194, 3314.0943358907007, 375.83191238913787
9672.726450681686, 3658.920558233543, 413.85996233962044
9673.712808847427, 548.6811781889239, 2256.405198677942
9674.455820083618, 548.6811781889239, 2256.405198677942
9674.992383480072, 548.6811781889239, 2256.405198677942
9675.459132671356, 548.6811781889239, 2256.405198677942
9675.95380806923, 548.6811781889239, 2256.405198677942
9676.46543765068, 548.6811781889239, 2256.405198677942
9677.21443271637, 2596.202959646536, 53.54362700567534
9678.207771778107, 564.6169603905777, 1175.6377865362988
9678.979704856873, 564.6169603905777, 1175.6377865362988
9679.489340543747, 564.6169603905777, 1175.6377865362988
9679.997977733612, 564.6169603905777, 1175.6377865362988
9680.49664258957, 564.6169603905777, 1175.6377865362988
9680.97336602211, 564.6169603905777, 1175.6377865362988
9681.48499584198, 564.6169603905777, 1175.6377865362988
9682.000614643097, 564.6169603905777, 1175.6377865362988
9682.498283147812, 564.6169603905777, 1175.6377865362988
9682.98797082901, 564.6169603905777, 1175.6377865362988
9683.4936170578, 564.6169603905777, 1175.6377865362988
9683.990287780762, 564.6169603905777, 1175.6377865362988
9684.499923229218, 564.6169603905777, 1175.6377865362988
9684.980635643005, 564.6169603905777, 1175.6377865362988
9685.500242948532, 564.6169603905777, 1175.6377865362988
9686.002897977829, 564.6169603905777, 1175.6377865362988
9686.492587804794, 564.6169603905777, 1175.6377865362988
9686.985267400742, 564.6169603905777, 1175.6377865362988
9687.849951505661, 3971.005616077887, 1180.9345014255582
9688.777467012405, 3079.169892914221, 42.69888839172565
9689.500530719757, 3079.169892914221, 42.69888839172565
9689.99520611763, 3079.169892914221, 42.69888839172565
9690.512820482254, 3079.169892914221, 42.69888839172565
9691.008493185043, 3079.169892914221, 42.69888839172565
9691.50017619133, 3079.169892914221, 42.69888839172565
9692.003826856613, 3079.169892914221, 42.69888839172565
9692.502491950989, 3079.169892914221, 42.69888839172565
9692.999161481857, 3079.169892914221, 42.69888839172565
9693.508797168732, 3079.169892914221, 42.69888839172565
9694.227871418, 591.6216537392309, -59571.659501105234
9695.23816537857, 2442.2501357241626, 1928.1960422516863
9695.972200632095, 2442.2501357241626, 1928.1960422516863
9696.487819194794, 2442.2501357241626, 1928.1960422516863
9696.980501651764, 2442.2501357241626, 1928.1960422516863
9697.491133213043, 2442.2501357241626, 1928.1960422516863
9697.986805200577, 2442.2501357241626, 1928.1960422516863
9698.475496530533, 2442.2501357241626, 1928.1960422516863
9698.959201812744, 2442.2501357241626, 1928.1960422516863
9702.711154222488, -946.2185658976141, 1684.1347069090818
9703.78527712822, 13769.596435168905, 1857.0865078143065
9704.474431991577, 13769.596435168905, 1857.0865078143065
9704.987059116364, 13769.596435168905, 1857.0865078143065
9705.49469923973, 13769.596435168905, 1857.0865078143065
9705.993366003036, 13769.596435168905, 1857.0865078143065
9706.487043380737, 13769.596435168905, 1857.0865078143065
9706.986704826355, 13769.596435168905, 1857.0865078143065
9707.497336626053, 13769.596435168905, 1857.0865078143065
9708.23735499382, 2789.951273182626, 2148.1857701430617
9709.017266511917, 2789.951273182626, 2148.1857701430617
9709.516929626465, 2789.951273182626, 2148.1857701430617
9710.013599157333, 2789.951273182626, 2148.1857701430617
9710.514257907867, 2789.951273182626, 2148.1857701430617
9711.021899938583, 2789.951273182626, 2148.1857701430617
9711.528541088104, 2789.951273182626, 2148.1857701430617
9712.023216962814, 2789.951273182626, 2148.1857701430617
9712.522878408432, 2789.951273182626, 2148.1857701430617
9713.226993083954, 1892.1897642929496, 145.23165573089713
9713.957038879395, 1892.1897642929496, 145.23165573089713
9714.446726799011, 1892.1897642929496, 145.23165573089713
9714.96633553505, 1892.1897642929496, 145.23165573089713
9715.77018237114, 2101.096352597518, 1960.2949117219603
9716.500227212906, 2101.096352597518, 1960.2949117219603
9717.006872653961, 2101.096352597518, 1960.2949117219603
9720.671058416367, 2369.405629225572, 1187.2099362516587
9720.987210988998, 2369.405629225572, 1187.2099362516587
9721.459946393967, 2369.405629225572, 1187.2099362516587
9722.185004234314, 3108.502908950943, 1295.7881910988579
9722.952947378159, 3108.502908950943, 1295.7881910988579
9726.202246427536, 614.7561972049771, 1892.8660011867485
9727.218525886536, 961.6029772534248, 417.14135583749874
9727.964526891708, 961.6029772534248, 417.14135583749874
9728.464189052582, 961.6029772534248, 417.14135583749874
9728.958864927292, 961.6029772534248, 417.14135583749874
9729.464510440826, 961.6029772534248, 417.14135583749874
9729.966166496277, 961.6029772534248, 417.14135583749874
9730.467823505402, 961.6029772534248, 417.14135583749874
9730.956515312195, 961.6029772534248, 417.14135583749874
9731.718474388123, 266.56151035576266, 1921.4786708307959
9732.480434417725, 266.56151035576266, 1921.4786708307959
9732.97810125351, 266.56151035576266, 1921.4786708307959
9733.473773956299, 266.56151035576266, 1921.4786708307959
9733.975430488586, 266.56151035576266, 1921.4786708307959
9734.733401060104, -310.64815589516917, 2996.8856793278933
9735.49236869812, -310.64815589516917, 2996.8856793278933
9736.002004623413, -310.64815589516917, 2996.8856793278933
9736.487702846527, -310.64815589516917, 2996.8856793278933
9736.990356445312, -310.64815589516917, 2996.8856793278933
9737.733367443085, 552.396678027541, 1422.72596220245
9741.68777680397, 921.5459813764576, 924.0869764226832
9742.454723834991, 921.5459813764576, 924.0869764226832
9742.962364912033, 921.5459813764576, 924.0869764226832
9743.476985931396, 921.5459813764576, 924.0869764226832
9743.96468091011, 921.5459813764576, 924.0869764226832
9744.465338945389, 921.5459813764576, 924.0869764226832
9744.970984697342, 921.5459813764576, 924.0869764226832
9745.457681655884, 921.5459813764576, 924.0869764226832
9745.930415153503, 921.5459813764576, 924.0869764226832
9746.466978788376, 921.5459813764576, 924.0869764226832
9746.964647054672, 921.5459813764576, 924.0869764226832
9747.481262207031, 921.5459813764576, 924.0869764226832
9747.999874353409, 921.5459813764576, 924.0869764226832
9748.479589939117, 921.5459813764576, 924.0869764226832
9748.939358234406, 921.5459813764576, 924.0869764226832
9749.478913784027, 921.5459813764576, 924.0869764226832
9755.704242706299, 3957.2182916783927, 2370.3093519766626
9756.478170633316, 3957.2182916783927, 2370.3093519766626
9756.964866876602, 3957.2182916783927, 2370.3093519766626
9757.460539579391, 3957.2182916783927, 2370.3093519766626
9757.981145858765, 3957.2182916783927, 2370.3093519766626
9758.476817369461, 3957.2182916783927, 2370.3093519766626
9758.954538106918, 3957.2182916783927, 2370.3093519766626
9759.486114740372, 3957.2182916783927, 2370.3093519766626
9759.977798223495, 3957.2182916783927, 2370.3093519766626
9760.487433671951, 3957.2182916783927, 2370.3093519766626
9760.997068166733, 3957.2182916783927, 2370.3093519766626
9761.488754749298, 3957.2182916783927, 2370.3093519766626
9761.991405248642, 3957.2182916783927, 2370.3093519766626
9762.477104902267, 3957.2182916783927, 2370.3093519766626
9762.96380162239, 3957.2182916783927, 2370.3093519766626
9763.708806753159, 295.960920059821, 1375.723846546429
9764.462788105011, 295.960920059821, 1375.723846546429
9764.959457159042, 295.960920059821, 1375.723846546429
9765.444159269333, 295.960920059821, 1375.723846546429
9765.937836885452, 295.960920059821, 1375.723846546429
9766.746671915054, 3400.352106878052, 1539.5311686956966
9767.6791741848, -2404.112448793028, 477.97939884723735
9767.963413476944, -2404.112448793028, 477.97939884723735
9768.771249055862, 3784.987445898126, 1027.6049170582817
9769.48932671547, 3784.987445898126, 1027.6049170582817
9769.983004570007, 3784.987445898126, 1027.6049170582817
9770.715044736862, 3701.8799337415535, 1101.4419591172748
9771.47102022171, 3701.8799337415535, 1101.4419591172748
9771.960709095001, 3701.8799337415535, 1101.4419591172748
9772.716683387756, 1529.0981314862306, 760.9567214620389
9773.486644029617, 1529.0981314862306, 760.9567214620389
9774.018198251724, 1529.0981314862306, 760.9567214620389
9774.510879278183, 1529.0981314862306, 760.9567214620389
9775.015528202057, 1529.0981314862306, 760.9567214620389
9775.5121986866, 1529.0981314862306, 760.9567214620389
9776.034797906876, 1529.0981314862306, 760.9567214620389
9776.503542661667, 1529.0981314862306, 760.9567214620389
9777.011184453964, 1529.0981314862306, 760.9567214620389
9777.512840032578, 1529.0981314862306, 760.9567214620389
9778.01948261261, 1529.0981314862306, 760.9567214620389
9778.501193284988, 1529.0981314862306, 760.9567214620389
9779.014818429947, 1529.0981314862306, 760.9567214620389
9779.496527671814, 1529.0981314862306, 760.9567214620389
9779.998183965683, 1529.0981314862306, 760.9567214620389
9780.498846054077, 1529.0981314862306, 760.9567214620389
9780.993519306183, 1529.0981314862306, 760.9567214620389
9781.503154277802, 1529.0981314862306, 760.9567214620389
9782.014784574509, 1529.0981314862306, 760.9567214620389
9782.505470752716, 1529.0981314862306, 760.9567214620389
9782.997154474258, 1529.0981314862306, 760.9567214620389
9783.502799034119, 1529.0981314862306, 760.9567214620389
9784.001463890076, 1529.0981314862306, 760.9567214620389
9784.50810790062, 1529.0981314862306, 760.9567214620389
9785.000787734985, 1529.0981314862306, 760.9567214620389
9785.499452352524, 1529.0981314862306, 760.9567214620389
9786.217529535294, 3534.774106842422, 1455.553703759352
9786.959542274475, 3534.774106842422, 1455.553703759352
9787.487128973007, 3534.774106842422, 1455.553703759352
9787.979811429977, 3534.774106842422, 1455.553703759352
9788.470495700836, 3534.774106842422, 1455.553703759352
9789.279330015182, 1508.3462952141185, 578.2915733881616
9790.002393245697, 1508.3462952141185, 578.2915733881616
9790.48310637474, 1508.3462952141185, 578.2915733881616
9790.980773687363, 1508.3462952141185, 578.2915733881616
9791.481433868408, 1508.3462952141185, 578.2915733881616
9791.986082315445, 1508.3462952141185, 578.2915733881616
9792.789928674698, 2726.7980085151316, 2314.543445668109
9793.524961948395, 2726.7980085151316, 2314.543445668109
9794.02462220192, 2726.7980085151316, 2314.543445668109
9794.528274774551, 2726.7980085151316, 2314.543445668109
9795.041899681091, 2726.7980085151316, 2314.543445668109
9795.53059053421, 2726.7980085151316, 2314.543445668109
9796.021275281906, 2726.7980085151316, 2314.543445668109
9796.52293229103, 2726.7980085151316, 2314.543445668109
9797.017608165741, 2726.7980085151316, 2314.543445668109
9797.523254394531, 2726.7980085151316, 2314.543445668109
9798.300173997879, 398.8113442616555, 1444.1002189767976
9799.034207820892, 398.8113442616555, 1444.1002189767976
9799.511928796768, 398.8113442616555, 1444.1002189767976
9800.019569158554, 398.8113442616555, 1444.1002189767976
9800.524216413498, 398.8113442616555, 1444.1002189767976
9801.01590013504, 398.8113442616555, 1444.1002189767976
9801.516559123993, 398.8113442616555, 1444.1002189767976
9802.02021074295, 398.8113442616555, 1444.1002189767976
9802.51787853241, 398.8113442616555, 1444.1002189767976
9803.003577947617, 398.8113442616555, 1444.1002189767976
9803.507228374481, 398.8113442616555, 1444.1002189767976
9804.070720911026, 398.8113442616555, 1444.1002189767976
9804.829687356949, 2935.4632765646857, 327.90617105839937
9805.749225139618, 1864.8216463694491, 1069.0278233535328
9806.487248420715, 1864.8216463694491, 1069.0278233535328
9807.016830444336, 1864.8216463694491, 1069.0278233535328
9807.511504888535, 1864.8216463694491, 1069.0278233535328
9808.028122663498, 1864.8216463694491, 1069.0278233535328
9808.51382136345, 1864.8216463694491, 1069.0278233535328
9809.048390626907, 1864.8216463694491, 1069.0278233535328
9809.517134666443, 1864.8216463694491, 1069.0278233535328
9809.989870071411, 1864.8216463694491, 1069.0278233535328
9810.51546216011, 1864.8216463694491, 1069.0278233535328
9811.331276893616, 4265.250077258658, 2709.657584046861
9812.185988664627, 2135.330324330126, 834.8391238570465
9812.466237068176, 2135.330324330126, 834.8391238570465
9813.213236808777, 2583.551918183329, 1539.794716265892
9813.974198579788, 2583.551918183329, 1539.794716265892
9814.47086930275, 2583.551918183329, 1539.794716265892
9814.970532178879, 2583.551918183329, 1539.794716265892
9815.503105163574, 2583.551918183329, 1539.794716265892
9815.96287369728, 2583.551918183329, 1539.794716265892
9816.486470937729, 2583.551918183329, 1539.794716265892
9817.012063980103, 2583.551918183329, 1539.794716265892
9817.544637680054, 2583.551918183329, 1539.794716265892
9817.989446163177, 2583.551918183329, 1539.794716265892
9818.475146055222, 2583.551918183329, 1539.794716265892
9819.366758346558, 243.31803893705546, 1917.7417092297585
9820.079849004745, 243.31803893705546, 1917.7417092297585
9820.59845995903, 243.31803893705546, 1917.7417092297585
9821.072190523148, 243.31803893705546, 1917.7417092297585
9821.588807582855, 243.31803893705546, 1917.7417092297585
9822.067526340485, 243.31803893705546, 1917.7417092297585
9822.585139274597, 243.31803893705546, 1917.7417092297585
9823.070838212967, 243.31803893705546, 1917.7417092297585
9823.566511392593, 243.31803893705546, 1917.7417092297585
9824.0591943264, 243.31803893705546, 1917.7417092297585
9824.813174009323, 2005.183799527142, 1976.944335215445
9825.520280599594, 2005.183799527142, 1976.944335215445
9826.019941806793, 2005.183799527142, 1976.944335215445
9826.493672847748, 2005.183799527142, 1976.944335215445
9827.00330877304, 2005.183799527142, 1976.944335215445
9827.516933441162, 2005.183799527142, 1976.944335215445
9827.995651483536, 2005.183799527142, 1976.944335215445
9828.495314598083, 2005.183799527142, 1976.944335215445
9829.04085278511, 2005.183799527142, 1976.944335215445
9829.50361275673, 2005.183799527142, 1976.944335215445
9829.987317323685, 2005.183799527142, 1976.944335215445
9830.49595451355, 2005.183799527142, 1976.944335215445
9831.000603199005, 2005.183799527142, 1976.944335215445
9831.49328494072, 2005.183799527142, 1976.944335215445
9832.015883922577, 2005.183799527142, 1976.944335215445
9832.482634544373, 2005.183799527142, 1976.944335215445
9833.009224891663, 2005.183799527142, 1976.944335215445
9833.509883642197, 2005.183799527142, 1976.944335215445
9834.015530109406, 2005.183799527142, 1976.944335215445
9834.489260435104, 2005.183799527142, 1976.944335215445
9834.985930919647, 2005.183799527142, 1976.944335215445
9835.492574214935, 2005.183799527142, 1976.944335215445
9835.963313817978, 2005.183799527142, 1976.944335215445
9836.497882127762, 2005.183799527142, 1976.944335215445
9836.9865732193, 2005.183799527142, 1976.944335215445
9837.48324418068, 2005.183799527142, 1976.944335215445
9837.994873285294, 2005.183799527142, 1976.944335215445
9838.488551616669, 2005.183799527142, 1976.944335215445
9838.986218690872, 2005.183799527142, 1976.944335215445
9839.765132188797, 1223.3451205286378, 1346.167988395432
9840.858205318451, 450.93190622658744, 1596.3223971765274
9841.762783050537, 12.310823960228241, 2593.56162407611
9842.782054424286, 1601.8853072415723, 3031.3051199368356
9843.512098550797, 1601.8853072415723, 3031.3051199368356
9844.033701658249, 1601.8853072415723, 3031.3051199368356
9844.513416528702, 1601.8853072415723, 3031.3051199368356
9845.016071081161, 1601.8853072415723, 3031.3051199368356
9845.477834939957, 1601.8853072415723, 3031.3051199368356
9846.019384384155, 1601.8853072415723, 3031.3051199368356
9846.513062477112, 1601.8853072415723, 3031.3051199368356
9847.228146791458, 2808.8457773780397, 2409.574303770048
9849.235770702362, 3640.433293437845, 1472.8742058018267
9850.224123716354, 3571.0469922947723, -3662.773968771383
9851.032958507538, 3571.0469922947723, -3662.773968771383
9851.53660941124, 3571.0469922947723, -3662.773968771383
9852.025300979614, 3571.0469922947723, -3662.773968771383
9852.53593301773, 3571.0469922947723, -3662.773968771383
9853.297892570496, 2618.8358011654877, 520.5541301938179
9854.248349189758, 231.09016065066467, 282.53441681167226
9854.958448171616, 231.09016065066467, 282.53441681167226
9855.496005535126, 231.09016065066467, 282.53441681167226
9857.720050811768, 3579.1286467664913, 1205.5285820998315
9858.759267568588, 3348.465072121492, 1470.6570505797183
9859.764575481415, 3400.7405689093384, 279.63120418010254
9860.692091941833, 2151.461133183464, 1471.8477556505939
9861.000266075134, 2151.461133183464, 1471.8477556505939
9861.732306480408, 1460.249319516268, 1361.1753897781775
9862.522191047668, 1460.249319516268, 1361.1753897781775
9863.005896806717, 1460.249319516268, 1361.1753897781775
9863.503562688828, 1460.249319516268, 1361.1753897781775
9864.015192747116, 1460.249319516268, 1361.1753897781775
9864.502887010574, 1460.249319516268, 1361.1753897781775
9865.020500421524, 1460.249319516268, 1361.1753897781775
9865.50620007515, 1460.249319516268, 1361.1753897781775
9866.504526376724, 914.2528726045176, 2026.4057110239069
9867.264491796494, 914.2528726045176, 2026.4057110239069
9868.183030843735, 2239.4050702378845, 565.631010529468
9868.497190475464, 2239.4050702378845, 565.631010529468
9868.996851921082, 2239.4050702378845, 565.631010529468
9869.497511386871, 2239.4050702378845, 565.631010529468
9870.297369003296, 3943.30107446738, 807.3089343813898
9871.036389827728, 3943.30107446738, 807.3089343813898
9871.544031143188, 3943.30107446738, 807.3089343813898
9872.038707733154, 3943.30107446738, 807.3089343813898
9872.527397155762, 3943.30107446738, 807.3089343813898
9873.016091108322, 3943.30107446738, 807.3089343813898
9873.741146802902, 3808.358682040465, 1558.257743922607
9874.529037237167, 3808.358682040465, 1558.257743922607
9875.011745214462, 3808.358682040465, 1558.257743922607
9875.531352996826, 3808.358682040465, 1558.257743922607
9876.027025938034, 3808.358682040465, 1558.257743922607
9876.712191820145, 2024.1524516598818, 1338.0195067963418
9877.490107059479, 2024.1524516598818, 1338.0195067963418
9877.99675154686, 2024.1524516598818, 1338.0195067963418
9879.020010948181, 1959.125164411867, 1887.993704232179
9879.762023448944, 1959.125164411867, 1887.993704232179
9880.746387004852, 1959.125164411867, 1887.993704232179
9881.733743667603, 1959.125164411867, 1887.993704232179
9882.70015501976, 1959.125164411867, 1887.993704232179
9883.26364850998, 1959.125164411867, 1887.993704232179
9884.27394270897, 1959.125164411867, 1887.993704232179
9885.272267580032, 1959.125164411867, 1887.993704232179
9886.265607118607, 918.5916695945356, 720.6735455871998
9887.02457499504, 918.5916695945356, 720.6735455871998
9887.532216072083, 918.5916695945356, 720.6735455871998
9888.027888774872, 918.5916695945356, 720.6735455871998
9888.537523508072, 918.5916695945356, 720.6735455871998
9889.059126853943, 918.5916695945356, 720.6735455871998
9889.525876760483, 918.5916695945356, 720.6735455871998
9890.291825294495, 839.047143419519, 1204.3036417634974
9891.05079293251, 839.047143419519, 1204.3036417634974
9891.548460245132, 839.047143419519, 1204.3036417634974
9892.036154031754, 839.047143419519, 1204.3036417634974
9892.522851705551, 839.047143419519, 1204.3036417634974
9893.04246020317, 839.047143419519, 1204.3036417634974
9893.53214764595, 839.047143419519, 1204.3036417634974
9894.044775724411, 839.047143419519, 1204.3036417634974
9894.56039404869, 839.047143419519, 1204.3036417634974
9895.047091960907, 839.047143419519, 1204.3036417634974
9895.546754360199, 839.047143419519, 1204.3036417634974
9896.219950675964, 3328.5113495759847, 1359.930921009776
9896.984902143478, 3328.5113495759847, 1359.930921009776
9897.727912425995, 2760.588334870539, 1696.3328951948968
9898.479898929596, 2760.588334870539, 1696.3328951948968
9898.99152803421, 2760.588334870539, 1696.3328951948968
9899.495180606842, 2760.588334870539, 1696.3328951948968
9901.210585355759, 1384.987406797647, 1701.1869482040242
9901.504799127579, 1384.987406797647, 1701.1869482040242
9903.256108283997, 2186.2341435296867, 1108.5000000041366
9903.985157728195, 2186.2341435296867, 1108.5000000041366
9904.49279665947, 2186.2341435296867, 1108.5000000041366
9904.994453191757, 2186.2341435296867, 1108.5000000041366
9905.505085229874, 2186.2341435296867, 1108.5000000041366
9906.006741762161, 2186.2341435296867, 1108.5000000041366
9906.485460042953, 2186.2341435296867, 1108.5000000041366
9906.977143764496, 2186.2341435296867, 1108.5000000041366
9907.5007417202, 2186.2341435296867, 1108.5000000041366
9907.994420051575, 2186.2341435296867, 1108.5000000041366
9908.49308514595, 2186.2341435296867, 1108.5000000041366
9908.97280049324, 2186.2341435296867, 1108.5000000041366
9909.501383066177, 2186.2341435296867, 1108.5000000041366
9909.999051809311, 2186.2341435296867, 1108.5000000041366
9910.498712778091, 2186.2341435296867, 1108.5000000041366
9910.989399194717, 2186.2341435296867, 1108.5000000041366
9911.490058660507, 2186.2341435296867, 1108.5000000041366
9912.270967245102, 2690.0733847289935, 241.45678540691554
9912.99602508545, 2690.0733847289935, 241.45678540691554
9913.509650707245, 2690.0733847289935, 241.45678540691554
9914.220746040344, 895.6828884800166, 35451.111115263346
9914.977719783783, 895.6828884800166, 35451.111115263346
9915.492340803146, 895.6828884800166, 35451.111115263346
9915.979038000107, 895.6828884800166, 35451.111115263346
9916.481691360474, 895.6828884800166, 35451.111115263346
9916.996312618256, 895.6828884800166, 35451.111115263346
9917.478022813797, 895.6828884800166, 35451.111115263346
9917.98466706276, 895.6828884800166, 35451.111115263346
9918.466376543045, 895.6828884800166, 35451.111115263346
9919.243295431137, 629.8600899758766, 1545.6907772191064
9920.226662874222, 3736.867891870428, 1073.8618713739115
9921.343671321869, 2031.8087607611735, 1394.5355690613208
9922.0986495018, 2031.8087607611735, 1394.5355690613208
9922.603298902512, 2031.8087607611735, 1394.5355690613208
9923.091988801956, 2031.8087607611735, 1394.5355690613208
9923.595640659332, 2031.8087607611735, 1394.5355690613208
9924.249887943268, 2412.7944729513447, 1313.7091215825444
9925.018829584122, 2412.7944729513447, 1313.7091215825444
9925.883512973785, 1608.975157110691, 1054.5216818045928
9926.72725391388, 4511.383190190929, 645.6444873966891
9927.500184774399, 4511.383190190929, 645.6444873966891
9927.992864847183, 4511.383190190929, 645.6444873966891
9928.79970407486, 3894.610323639716, -48072.2746268113
9929.538724660873, 3894.610323639716, -48072.2746268113
9930.023426771164, 3894.610323639716, -48072.2746268113
9930.525083780289, 3894.610323639716, -48072.2746268113
9931.038708925247, 3894.610323639716, -48072.2746268113
9931.515431880951, 3894.610323639716, -48072.2746268113
9932.021077394485, 3894.610323639716, -48072.2746268113
9932.720205068588, 1786.1806067286695, 2203.359234347315
9933.520063400269, 1786.1806067286695, 2203.359234347315
9934.016733169556, 1786.1806067286695, 2203.359234347315
9934.518389701843, 1786.1806067286695, 2203.359234347315
9935.031017780304, 1786.1806067286695, 2203.359234347315
9935.53466796875, 1786.1806067286695, 2203.359234347315
9936.031338453293, 1786.1806067286695, 2203.359234347315
9936.529005289078, 1786.1806067286695, 2203.359234347315
9937.045622825623, 1786.1806067286695, 2203.359234347315
9937.784643650055, 507.47895292301257, 1514.6387670428512
9938.535632371902, 507.47895292301257, 1514.6387670428512
9939.036291837692, 507.47895292301257, 1514.6387670428512
9939.539942741394, 507.47895292301257, 1514.6387670428512
9940.034617900848, 507.47895292301257, 1514.6387670428512
9940.529293775558, 507.47895292301257, 1514.6387670428512
9941.021973371506, 507.47895292301257, 1514.6387670428512
9941.53360414505, 507.47895292301257, 1514.6387670428512
9942.051217079163, 507.47895292301257, 1514.6387670428512
9942.536916255951, 507.47895292301257, 1514.6387670428512
9943.039571762085, 507.47895292301257, 1514.6387670428512
9943.529259443283, 507.47895292301257, 1514.6387670428512
9944.031913995743, 507.47895292301257, 1514.6387670428512
9944.549526929855, 507.47895292301257, 1514.6387670428512
9945.020268201828, 507.47895292301257, 1514.6387670428512
9945.798183441162, 3382.7389618182515, 1719.0612014533217
9946.572110891342, 3382.7389618182515, 1719.0612014533217
9947.066786050797, 3382.7389618182515, 1719.0612014533217
9947.755940675735, 60.133941748202695, 1543.768511350779
9948.504934549332, 60.133941748202695, 1543.768511350779
9949.014570236206, 60.133941748202695, 1543.768511350779
9951.227643966675, 1381.3782326196438, 1637.4382793251373
9952.229959011078, 382.87485344597565, 1884.311760035838
9953.21532034874, 2340.9025278078648, 1911.6981729202057
9954.27049612999, 2800.8296913448357, 1845.151505560128
9955.013505935669, 2800.8296913448357, 1845.151505560128
9955.523140668869, 2800.8296913448357, 1845.151505560128
9956.003853321075, 2800.8296913448357, 1845.151505560128
9956.51448726654, 2800.8296913448357, 1845.151505560128
9957.032101154327, 2800.8296913448357, 1845.151505560128
9957.527772426605, 2800.8296913448357, 1845.151505560128
9958.02942943573, 2800.8296913448357, 1845.151505560128
9958.57197523117, 2800.8296913448357, 1845.151505560128
9959.00481748581, 2800.8296913448357, 1845.151505560128
9959.48852109909, 2800.8296913448357, 1845.151505560128
9960.004140853882, 2800.8296913448357, 1845.151505560128
9960.747152090073, 2007.8714648953373, 1483.9053722538958
9961.68862938881, 1594.5954780965762, 1503.1610739587793
9961.996803998947, 1594.5954780965762, 1503.1610739587793
9962.472530603409, 1594.5954780965762, 1503.1610739587793
9963.003111362457, 1594.5954780965762, 1503.1610739587793
9963.497785568237, 1594.5954780965762, 1503.1610739587793
9963.998444318771, 1594.5954780965762, 1503.1610739587793
9964.514063596725, 1594.5954780965762, 1503.1610739587793
9964.983806371689, 1594.5954780965762, 1503.1610739587793
9965.497430086136, 1594.5954780965762, 1503.1610739587793
9965.988116264343, 1594.5954780965762, 1503.1610739587793
9966.47481417656, 1594.5954780965762, 1503.1610739587793
9966.987440109253, 1594.5954780965762, 1503.1610739587793
9967.497074604034, 1594.5954780965762, 1503.1610739587793
9968.246069192886, 500.20082510292957, 1187.3533548615897
9969.002045154572, 500.20082510292957, 1187.3533548615897
9969.496722221375, 500.20082510292957, 1187.3533548615897
9970.292590141296, 295.66061501151347, 1433.382589221011
9970.989722013474, 295.66061501151347, 1433.382589221011
9971.516312599182, 295.66061501151347, 1433.382589221011
9972.007996320724, 295.66061501151347, 1433.382589221011
9972.516633033752, 295.66061501151347, 1433.382589221011
9973.019286870956, 295.66061501151347, 1433.382589221011
9973.545876979828, 295.66061501151347, 1433.382589221011
9974.017614364624, 295.66061501151347, 1433.382589221011
9974.538219690323, 295.66061501151347, 1433.382589221011
9975.00796175003, 295.66061501151347, 1433.382589221011
9975.90555882454, 3421.9863322586925, 1517.5407654117635
9976.812131404877, -5.615238334487791, 1708.5526294595677
9977.542176246643, -5.615238334487791, 1708.5526294595677
9978.050813674927, -5.615238334487791, 1708.5526294595677
9978.55147266388, -5.615238334487791, 1708.5526294595677
9979.047145605087, -5.615238334487791, 1708.5526294595677
9979.540823221207, -5.615238334487791, 1708.5526294595677
9980.061429023743, -5.615238334487791, 1708.5526294595677
9980.539149284363, -5.615238334487791, 1708.5526294595677
9981.050779342651, -5.615238334487791, 1708.5526294595677
9981.54445719719, -5.615238334487791, 1708.5526294595677
9982.064065694809, -5.615238334487791, 1708.5526294595677
9982.571706295013, -5.615238334487791, 1708.5526294595677
9983.069373369217, -5.615238334487791, 1708.5526294595677
9983.56803894043, -5.615238334487791, 1708.5526294595677
9984.308057069778, 2866.286272918174, 1985.392601285785
9985.054059505463, 2866.286272918174, 1985.392601285785
9985.549731969833, 2866.286272918174, 1985.392601285785
9986.03343629837, 2866.286272918174, 1985.392601285785
9986.54706120491, 2866.286272918174, 1985.392601285785
9987.04373049736, 2866.286272918174, 1985.392601285785
9987.731887817383, 3194.191555463187, 1519.1731640833418
9988.756145238876, 2963.1720640536423, 1387.9065311728968
9989.734525203705, 563.0648564457819, 1588.1295221519713
9990.73883509636, 3209.969288730253, 1510.812362358138
9991.473867416382, 3209.969288730253, 1510.812362358138
9991.990483522415, 3209.969288730253, 1510.812362358138
9992.486156225204, 3209.969288730253, 1510.812362358138
9992.97484779358, 3209.969288730253, 1510.812362358138
9993.465534210205, 3209.969288730253, 1510.812362358138
9993.972176074982, 3209.969288730253, 1510.812362358138
9994.471838474274, 3209.969288730253, 1510.812362358138
9994.970503091812, 3209.969288730253, 1510.812362358138
9995.496096611023, 3209.969288730253, 1510.812362358138
9996.001742124557, 3209.969288730253, 1510.812362358138
9996.810575962067, 3148.792990572829, 197.35472214364617
9997.53264260292, 3148.792990572829, 197.35472214364617
9998.033301591873, 3148.792990572829, 197.35472214364617
9998.51700758934, 3148.792990572829, 197.35472214364617
9999.237078666687, 2537.7491519764326, 1491.1647458183577
9999.996045827866, 2537.7491519764326, 1491.1647458183577
10000.504683494568, 2537.7491519764326, 1491.1647458183577
10001.01332116127, 2537.7491519764326, 1491.1647458183577
10001.504007101059, 2537.7491519764326, 1491.1647458183577
10002.000676870346, 2537.7491519764326, 1491.1647458183577
10002.496349334717, 2537.7491519764326, 1491.1647458183577
10003.000998735428, 2537.7491519764326, 1491.1647458183577
10003.504649877548, 2537.7491519764326, 1491.1647458183577
10004.00331401825, 2537.7491519764326, 1491.1647458183577
10004.499984741211, 2537.7491519764326, 1491.1647458183577
10004.998648405075, 2537.7491519764326, 1491.1647458183577
10006.152559518814, 2566.0141840828815, 2088.2468872964923
10006.751952886581, 3147.6506643487046, 461.3001946997979
10007.775213479996, 240.17305247444708, 785.0891566067062
10008.532185554504, 240.17305247444708, 785.0891566067062
10009.02785873413, 240.17305247444708, 785.0891566067062
10009.52652335167, 240.17305247444708, 785.0891566067062
10010.027182340622, 240.17305247444708, 785.0891566067062
10010.528840065002, 240.17305247444708, 785.0891566067062
10011.258885145187, 3955.687918180027, 1246.7080596563687
10012.246239900589, 177.75027467373573, 470.87652767664736
10013.00121808052, 177.75027467373573, 470.87652767664736
10013.707327127457, 2335.521465268791, 798.1653351418125
10014.332652807236, 2463.5893121705826, 2130.354781401959
10015.094612836838, 2463.5893121705826, 2130.354781401959
10015.581309080124, 2463.5893121705826, 2130.354781401959
10016.27445268631, 2038.0763221404811, 15432.978615551261
10017.278764247894, 1981.247930908131, 1991.6371776973383
10018.030748844147, 1981.247930908131, 1991.6371776973383
10018.815648317337, 2948.471982418959, 1467.388023870647
10019.516770839691, 2948.471982418959, 1467.388023870647
10020.028399944305, 2948.471982418959, 1467.388023870647
10020.535043478012, 2948.471982418959, 1467.388023870647
10021.320939064026, 2025.3063143492675, 1465.7629526007395
10022.050983667374, 2025.3063143492675, 1465.7629526007395
10022.540671825409, 2025.3063143492675, 1465.7629526007395
10023.06427192688, 2025.3063143492675, 1465.7629526007395
10023.773373365402, 623.6938758917606, 2169.2978527732967
10024.828545331955, 1655.1717380827688, 1498.14551129255
10025.556595802307, 1655.1717380827688, 1498.14551129255
10026.042295217514, 1655.1717380827688, 1498.14551129255
10026.540959835052, 1655.1717380827688, 1498.14551129255
10027.038627624512, 1655.1717380827688, 1498.14551129255
10027.518342018127, 1655.1717380827688, 1498.14551129255
10028.026980876923, 1655.1717380827688, 1498.14551129255
10028.53561782837, 1655.1717380827688, 1498.14551129255
10029.032287836075, 1655.1717380827688, 1498.14551129255
10029.81020617485, 3793.134070638122, 38674.91021913022
10030.76265501976, 1299.264933773044, 1935.5470977639209
10031.776937961578, 3507.772188058651, 1795.070790754913
10032.75432062149, -12282.637195637033, 4216.502346179698
10033.50530910492, -12282.637195637033, 4216.502346179698
10033.996993303299, -12282.637195637033, 4216.502346179698
10034.50563120842, -12282.637195637033, 4216.502346179698
10034.992328882217, -12282.637195637033, 4216.502346179698
10035.747305870056, 27.351897093334358, 509.5772585349821
10036.48632645607, 27.351897093334358, 509.5772585349821
10036.991973161697, 27.351897093334358, 509.5772585349821
10037.488643407822, 27.351897093334358, 509.5772585349821
10037.99429011345, 27.351897093334358, 509.5772585349821
10038.758242368698, 481.27304640559163, 18469.061508021576
10039.52718448639, 481.27304640559163, 18469.061508021576
10040.00091600418, 481.27304640559163, 18469.061508021576
10040.502571582794, 481.27304640559163, 18469.061508021576
10041.025171518326, 481.27304640559163, 18469.061508021576
10041.505884885788, 481.27304640559163, 18469.061508021576
10042.018511533737, 481.27304640559163, 18469.061508021576
10042.504211425781, 481.27304640559163, 18469.061508021576
10042.999883174896, 481.27304640559163, 18469.061508021576
10043.504532814026, 481.27304640559163, 18469.061508021576
10044.002200603485, 481.27304640559163, 18469.061508021576
10044.4878988266, 481.27304640559163, 18469.061508021576
10045.214951992035, 1713.1372977609028, 1062.0437827166024
10046.023786067963, 1713.1372977609028, 1062.0437827166024
10046.522451639175, 1713.1372977609028, 1062.0437827166024
10048.33060836792, 3905.852731478171, 2321.200470198063
10049.108525753021, 3905.852731478171, 2321.200470198063
10049.758783102036, 1161.258466867983, 1824.5374734434124
10050.49980020523, 1161.258466867983, 1824.5374734434124
10051.001456022263, 1161.258466867983, 1824.5374734434124
10052.261084079742, 2488.265426232017, 1585.9933893781117
10053.022044420242, 2488.265426232017, 1585.9933893781117
10053.523702859879, 2488.265426232017, 1585.9933893781117
10054.016382455826, 2488.265426232017, 1585.9933893781117
10054.51205611229, 2488.265426232017, 1585.9933893781117
10055.012714624405, 2488.265426232017, 1585.9933893781117
10055.532322883606, 2488.265426232017, 1585.9933893781117
10056.022011995316, 2488.265426232017, 1585.9933893781117
10056.76502108574, 431.6085792527203, 1437.217353569961
10057.51800584793, 431.6085792527203, 1437.217353569961
10058.020659446716, 431.6085792527203, 1437.217353569961
10058.72676897049, 939.3981337385715, 6888.747098417222
10059.815851926804, 538.6479018914218, 1585.4460097613005
10060.535924196243, 538.6479018914218, 1585.4460097613005
10061.050544977188, 538.6479018914218, 1585.4460097613005
10061.533253908157, 538.6479018914218, 1585.4460097613005
10062.05186343193, 538.6479018914218, 1585.4460097613005
10062.52160692215, 538.6479018914218, 1585.4460097613005
10063.036227941513, 538.6479018914218, 1585.4460097613005
10063.533895015717, 538.6479018914218, 1585.4460097613005
10064.03455400467, 538.6479018914218, 1585.4460097613005
10064.547181844711, 538.6479018914218, 1585.4460097613005
10065.241322517395, 2938.4255678519994, 1734.8796848246527
10066.351350307465, 2054.570246022397, 1234.4837799153693
10067.09136915207, 2054.570246022397, 1234.4837799153693
10067.590032815933, 2054.570246022397, 1234.4837799153693
10068.08969449997, 2054.570246022397, 1234.4837799153693
10068.57738995552, 2054.570246022397, 1234.4837799153693
10069.074059009552, 2054.570246022397, 1234.4837799153693
10069.5816988945, 2054.570246022397, 1234.4837799153693
10070.082358837128, 2054.570246022397, 1234.4837799153693
10070.600970029831, 2054.570246022397, 1234.4837799153693
10071.082679510117, 2054.570246022397, 1234.4837799153693
10071.584336280823, 2054.570246022397, 1234.4837799153693
10072.083002567291, 2054.570246022397, 1234.4837799153693
10072.582663059235, 2054.570246022397, 1234.4837799153693
10073.082324504852, 2054.570246022397, 1234.4837799153693
10073.751533031464, 1174.3073059043186, 627.9939437773829
10074.912424325943, 536.9905329816887, 535.854530675646
10077.230217933655, 525.905108369417, 4726.047800712614
10077.979211568832, 525.905108369417, 4726.047800712614
10078.736184358597, 3389.893317088583, 2658.776660741534
10079.735508918762, 32.38339802437746, 1332.6418127806944
10080.51841211319, 32.38339802437746, 1332.6418127806944
10081.255438566208, 354.4617859167629, 1349.4461733082792
10082.38940167427, 224.3438700661386, 1848.0540150457905
10083.270043611526, -33057.04194282703, 1888.4891767299696
10084.280339241028, 2424.458574659809, 543.338854909566
10085.014373064041, 2424.458574659809, 543.338854909566
10085.510045528412, 2424.458574659809, 543.338854909566
10085.994746923447, 2424.458574659809, 543.338854909566
10086.505378961563, 2424.458574659809, 543.338854909566
10087.30324292183, 46440.61343955206, 976.4999999999944
10088.007356882095, 46440.61343955206, 976.4999999999944
10088.533946752548, 46440.61343955206, 976.4999999999944
10089.028623580933, 46440.61343955206, 976.4999999999944
10089.52728676796, 46440.61343955206, 976.4999999999944
10090.029941082, 46440.61343955206, 976.4999999999944
10090.851740837097, 3407.307846370935, 1490.6699010573923
10091.569816827774, 3407.307846370935, 1490.6699010573923
10092.099401712418, 3407.307846370935, 1490.6699010573923
10092.540218353271, 3407.307846370935, 1490.6699010573923
10093.064814090729, 3407.307846370935, 1490.6699010573923
10093.550512313843, 3407.307846370935, 1490.6699010573923
10094.054164886475, 3407.307846370935, 1490.6699010573923
10094.54484987259, 3407.307846370935, 1490.6699010573923
10095.033542394638, 3407.307846370935, 1490.6699010573923
10095.499294519424, 3407.307846370935, 1490.6699010573923
10096.024886608124, 3407.307846370935, 1490.6699010573923
10096.528539419174, 3407.307846370935, 1490.6699010573923
10097.027202129364, 3407.307846370935, 1490.6699010573923
10097.531851291656, 3407.307846370935, 1490.6699010573923
10098.033507585526, 3407.307846370935, 1490.6699010573923
10098.506242275238, 3407.307846370935, 1490.6699010573923
10101.170109510422, 3407.307846370935, 1490.6699010573923
10101.689716815948, 3407.307846370935, 1490.6699010573923
10102.180402755737, 3407.307846370935, 1490.6699010573923
10102.679067373276, 3407.307846370935, 1490.6699010573923
10103.171748638153, 3407.307846370935, 1490.6699010573923
10103.691356182098, 3407.307846370935, 1490.6699010573923
10104.472265720367, 1427.453433675261, 1163.496925576444
10107.049365282059, 1427.453433675261, 1163.496925576444
10107.56897187233, 1427.453433675261, 1163.496925576444
10108.062650680542, 1427.453433675261, 1163.496925576444
10108.726871013641, 1283.6343015699933, 1426.081920254489
10109.456917524338, 1283.6343015699933, 1426.081920254489
10109.965553998947, 1283.6343015699933, 1426.081920254489
10110.747461080551, 1778.9469043632923, 6444.7120748305015
10111.47851729393, 1778.9469043632923, 6444.7120748305015
10112.250435590744, 611.8719720370672, 2477.4242276266573
10113.024363517761, 611.8719720370672, 2477.4242276266573
10113.506072998047, 611.8719720370672, 2477.4242276266573
10114.253072738647, 2932.246027051322, 1174.0277351220093
10115.273340702057, 1322.2212170477883, 1647.693015831757
10116.245735883713, 1732.5369833351253, 602.9457354791579
10117.261017560959, 3742.735084384473, 810.7611721521305
10118.047910451889, 3742.735084384473, 810.7611721521305
10118.556547641754, 3742.735084384473, 810.7611721521305
10119.018312215805, 3742.735084384473, 810.7611721521305
10119.571829795837, 3742.735084384473, 810.7611721521305
10120.049551010132, 3742.735084384473, 810.7611721521305
10120.541233062744, 3742.735084384473, 810.7611721521305
10121.005989551544, 3742.735084384473, 810.7611721521305
10121.56150174141, 3742.735084384473, 810.7611721521305
10122.041216611862, 3742.735084384473, 810.7611721521305
10122.521929502487, 3742.735084384473, 810.7611721521305
10123.03256201744, 3742.735084384473, 810.7611721521305
10123.8234436512, 417.60260989286127, 2746.7768210416066
10124.515590429306, 417.60260989286127, 2746.7768210416066
16367.875118494034, 417.60260989286127, 2746.7768210416066
16368.378769159317, 417.60260989286127, 2746.7768210416066
16368.886410713196, 417.60260989286127, 2746.7768210416066
16369.390063524246, 417.60260989286127, 2746.7768210416066
16369.888726711273, 417.60260989286127, 2746.7768210416066
16370.371433973312, 417.60260989286127, 2746.7768210416066
16370.875085353851, 417.60260989286127, 2746.7768210416066
16371.357791423798, 417.60260989286127, 2746.7768210416066
16372.1666264534, 2420.4661089547376, 1728.5467041067905
16372.964489936829, 2420.4661089547376, 1728.5467041067905
16373.434232234955, 2420.4661089547376, 1728.5467041067905
16374.16427731514, 2324.5275668932277, 1734.6366706700192
16374.910279989243, 2324.5275668932277, 1734.6366706700192
16375.41193652153, 2324.5275668932277, 1734.6366706700192
16375.899631261826, 2324.5275668932277, 1734.6366706700192
16376.412258148193, 2324.5275668932277, 1734.6366706700192
16377.131331682205, 2334.963921874232, 2679.8992662726605
16378.139632225037, 2184.459196340708, 1781.8922395729203
