time, x0, y0, x1, y1...
3.7045881748199463, 20.0, 20.0
4.386763334274292, 2128.3637617252857, 1852.1201270569177
4.93429970741272, 2263.2945945362917, 2425.820173231476
5.561622381210327, 2249.442250089815, 931.5160816313628
6.164010763168335, 2093.0276265897096, 1814.3111612054486
7.006875991821289, 2256.9260221048294, 1656.6601310024205
7.402818441390991, 2256.9260221048294, 1656.6601310024205
8.042179584503174, 2078.7599021144583, 2039.762632169485
8.500930070877075, 2230.40924956178, 1735.2639806937957
8.991663694381714, 2109.8066432940695, 262.32474656248803
9.443398237228394, 2253.3170246503473, 2766.092550993038
9.970018148422241, 2048.169907162421, 1728.5063184071257
10.35498309135437, 2048.169907162421, 1728.5063184071257
10.991258144378662, 2140.9080053995253, 1463.9543489677606
11.521844863891602, 2117.205306191039, 2286.72004794364
12.013554811477661, 2135.4223563741857, 1837.5713690073335
12.425480127334595, 2135.4223563741857, 1837.5713690073335
13.081724643707275, 2176.3492120246624, 1476.5677724402565
13.580392122268677, 2112.254838610027, -12418.390980167263
13.980321645736694, 2112.254838610027, -12418.390980167263
14.575759887695312, 2336.524231031943, 2546.746370300367
15.086425304412842, 4838.237384208448, 2030.4685167401497
15.617027521133423, 2130.8601560906573, -44.06904160532372
16.01795530319214, 2130.8601560906573, -44.06904160532372
16.645301580429077, 2092.7058482375146, 1804.446192792721
17.15396547317505, 2227.437702381436, 1694.162233536902
17.663634061813354, 2322.4415454113673, 1561.4024831130803
18.15133309364319, 2442.6629788826394, 2029.6116280584022
18.682883739471436, 1998.6720327997548, 1540.315419503279
19.055885553359985, 1998.6720327997548, 1540.315419503279
19.676263093948364, 2232.3250665321493, 1622.6507016899643
20.209869384765625, 1475.280478175615, 1686.4406655897153
20.736466646194458, 2606.493100317216, 2221.7773282325243
21.254082679748535, 2600.336329761593, 1884.6825567625053
21.762760877609253, 2159.9692811797972, 1759.2717794411408
22.25147533416748, 2335.3848011600367, 1710.0296621728482
22.6564462184906, 2335.3848011600367, 1710.0296621728482
23.265814781188965, 2282.4758436939132, 1732.6848884388048
23.825352430343628, 2207.7913580434674, 421.85852180601063
24.1954026222229, 2207.7913580434674, 421.85852180601063
24.839837789535522, 2198.030869059729, 1572.049181219077
25.33551287651062, 2150.709221928804, 1879.8904239001229
25.913986921310425, 2109.994303385058, 1816.133019582589
26.371762990951538, 2327.7989919170163, 2395.982641778202
26.759725332260132, 2327.7989919170163, 2395.982641778202
27.369097232818604, 1585.424149648736, 1034.6399601188293
27.885783433914185, 1586.021915925863, 1036.2661351635509
28.395485162734985, 1553.3110813244916, 1034.926654960694
28.99790668487549, 1612.1080127230261, 1533.5514870057834
29.466668605804443, 1586.8072031897868, 1829.1712945680536
29.99924325942993, 1632.4509488716021, 1602.91927516785
30.52782964706421, 1624.5002521944423, 1520.1541458065215
31.009541749954224, 1592.0588349304678, 2013.442188074933
31.45939612388611, 1591.2047453839891, 1032.3172825489573
32.01189398765564, 1587.342978528858, 1043.5536309733823
32.476651430130005, 1586.6219169102837, 1037.2553373084313
33.06009221076965, 1443.765568820806, 1523.5343597665824
33.587682008743286, 1525.9060885384142, 1594.6270824756327
33.93076753616333, 1525.9060885384142, 1594.6270824756327
34.42952370643616, 1525.9060885384142, 1594.6270824756327
35.07679295539856, 613.3730449569802, 1928.7998955225462
35.60335683822632, 1760.1036313979664, 1671.576962155876
36.01029634475708, 1254.0065521760957, 23.06726486037685
36.5248966217041, 1394.1553948421029, 1058.5645283667652
37.061495304107666, 1316.2946836362407, 983.0046815763095
37.534231424331665, 2121.049455492863, 499.59936523303645
38.1137056350708, 2201.3770393799073, 2045.4481117265907
38.58947539329529, 1329.553161153749, 982.6300414093516
39.053253173828125, 1332.100119160651, 1511.8325285488718
39.64965796470642, 1326.6405015370424, 974.4006415820593
40.10244703292847, 1331.033470506431, 981.0092636483281
40.637059926986694, 1325.9416377809534, 979.0801580307884
41.08688759803772, 1339.0398146510367, 1470.0929924483767
44.174904108047485, 1458.0034699851922, 1371.0590743120158
44.691494941711426, 1595.8315504136117, 1370.3859445613116
45.06848669052124, 1595.8315504136117, 1370.3859445613116
45.74074149131775, 2047.30923353089, 1267.6834922413177
46.21750998497009, 1965.4869540855384, 1659.7555758363126
46.7381489276886, 1909.6845255138767, 1402.8331898101058
47.24878287315369, 2055.6227123636604, 1333.5273991538327
47.64476799964905, 2055.6227123636604, 1333.5273991538327
48.25114679336548, 1912.9169095851828, 2668.8661637953574
48.974212646484375, 1757.3619896923233, 1226.0469484146618
49.56064438819885, 1955.0158642146448, 1506.7735535946176
50.41835141181946, 1892.6524296804, 1407.0016576123226
50.74747085571289, 1855.5156295180684, 1419.4307938315367
51.407782554626465, 1993.7244730093876, 1480.1992811007779
52.06003737449646, 1665.153061866687, 1869.1723599441616
52.9028594493866, 1962.9655456380513, 1329.8465186434144
53.314785957336426, 1962.9655456380513, 1329.8465186434144
53.937093019485474, 1979.0850000605167, 1311.1072474193725
54.339020013809204, 1943.8366517248542, 1714.369874268713
54.84278893470764, 2035.1683699999458, 1608.2166063096224
55.37347078323364, 1375.755574458784, 983.7997307659448
55.842283487319946, 1670.9969429004095, 1782.8317612907638
56.325095653533936, 1376.0610551950274, 978.0369532895035
56.82875609397888, 1380.5569121532549, 1412.0587966459009
57.388304710388184, 1381.7813854517667, 76.44274703897479
57.853119134902954, 1381.7497910357479, 1384.9305723033754
58.23706245422363, 1381.7497910357479, 1384.9305723033754
58.73782229423523, 1381.7497910357479, 1384.9305723033754
59.43695282936096, 1382.4653269330522, 979.6418322517665
59.957560539245605, 1385.3623891049608, 981.184859077387
60.422343254089355, 1380.1281738074422, 980.4926277113823
60.96389579772949, 1395.8403899304938, 971.9148149362603
61.474575996398926, 3465.467054824595, 2060.327871487003
62.0072283744812, 1928.3100073352648, 2720.9999999999914
62.394165992736816, 1928.3100073352648, 2720.9999999999914
63.02949929237366, 1572.9999999978927, 183.42434637918757
63.482316970825195, 3418.3719337249927, 2089.910949600921
63.870280265808105, 3418.3719337249927, 2089.910949600921
64.5853681564331, 2698.5000000000164, 2128.499999999991
65.05015277862549, 1932.8929261061478, 2931.069823165242
65.43412590026855, 1932.8929261061478, 2931.069823165242
65.94978427886963, 1932.8929261061478, 2931.069823165242
66.59907913208008, 1910.464921066659, 1869.2790059885367
67.05090260505676, 1842.3146327851098, 1523.4497380476603
67.70711660385132, 835.9802002261357, 309.43547906044125
68.08614373207092, 835.9802002261357, 309.43547906044125
68.6077356338501, 835.9802002261357, 309.43547906044125
69.09147453308105, 3495.498171522859, 1993.6472934951855
69.62903308868408, 3327.4060689397265, 2166.1621843428074
70.08985638618469, 3440.5387639498435, 2191.332419729362
70.61043667793274, 3496.4589805289966, 2164.9557076042106
70.9934458732605, 3496.4589805289966, 2164.9557076042106
71.64285731315613, 3459.553165046372, 2125.2924450157007
72.14451622962952, 1703.0545588716527, 1243.3820080203925
72.55249977111816, 1703.0545588716527, 1243.3820080203925
73.05917739868164, 1703.0545588716527, 1243.3820080203925
73.7024917602539, 1814.8785878837018, 2045.3668333193464
74.23905611038208, 1868.7406318778435, 1068.5543660825315
74.72675204277039, 1750.2772218949847, 1373.7763183555733
75.31023669242859, 2078.035915175869, 1643.2982962233632
75.68231701850891, 2078.035915175869, 1643.2982962233632
76.19605088233948, 2078.035915175869, 1643.2982962233632
76.88637733459473, 1963.0440449194339, 605.3387361444231
77.37606811523438, 2756.6424092912944, 2265.915468543366
77.74813508987427, 2756.6424092912944, 2265.915468543366
78.30960440635681, 2876.586636334098, 2174.1632412325343
78.71455478668213, 2876.586636334098, 2174.1632412325343
79.37484169006348, 3286.1309376373256, 2205.7239842968183
79.91337323188782, 1900.0328491878788, 1299.9882549955762
80.4140694141388, 2031.6654049049162, 714.9681843018194
80.94664740562439, 2030.81969069439, 458.9348471800733
81.4183497428894, 2109.885549797619, 2095.3592334646596
81.97998905181885, 1659.8350340062343, 1658.4586692764458
82.41283869743347, 1143.1505121549874, 765.263610286138
82.9374270439148, 1118.2357931798742, 477.0593957200646
83.44207811355591, 1116.026250060346, 728.0944855759723
83.94869351387024, 1114.516992787338, 727.0637037055192
84.4633457660675, 1861.167907808643, 2177.584012484651
85.01886320114136, 2978.780799080022, 564.0221302332728
85.40180802345276, 2978.780799080022, 564.0221302332728
85.92044925689697, 2978.780799080022, 564.0221302332728
86.68347692489624, 1679.3587911994257, 1091.959453386905
87.03952431678772, 1679.3587911994257, 1091.959453386905
87.68086338043213, 1839.999867164426, 418.98739146821754
88.07982420921326, 1839.999867164426, 418.98739146821754
88.5775260925293, 2234.683690232364, 1553.5713047507734
89.07721018791199, 1669.9668207735394, 19.39822330346329
89.64173626899719, 118.05567737609606, 22.467513650126858
90.06360816955566, 87.20794824076509, 182.77757008489144
90.56938290596008, 1657.0471070040992, 1929.3189423250103
91.13487195968628, 1710.319656733566, 1226.000000032189
91.71835064888, 1850.9545698227255, 1561.094661206861
92.16816115379333, 1911.7574100584916, 1454.0699267189711
92.68577694892883, 1943.0081256211572, 210.1906493504381
93.05781054496765, 1943.0081256211572, 210.1906493504381
93.70808839797974, 1882.60676341508, 1736.1759347255518
94.10602402687073, 1882.60676341508, 1736.1759347255518
94.75927758216858, 2026.1234913555527, 1719.4883101212713
95.26592230796814, 1988.4078798300848, 1679.7920797741187
95.6748595237732, 1988.4078798300848, 1679.7920797741187
96.18165278434753, 1988.4078798300848, 1679.7920797741187
96.70331573486328, 1988.4078798300848, 1679.7920797741187
97.31371283531189, 1768.9698876062478, 1587.5368533886613
97.70862698554993, 1768.9698876062478, 1587.5368533886613
98.31604099273682, 1676.5831937038058, 1062.4364494549438
98.82468175888062, 1684.100408849723, 1062.6002057650342
99.19968342781067, 1684.100408849723, 1062.6002057650342
99.6784029006958, 1684.100408849723, 1062.6002057650342
100.31572699546814, 1673.9682453477399, 1077.826303714525
100.8472957611084, 1679.4038360965167, 1100.6458805246305
101.19836258888245, 1679.4038360965167, 1100.6458805246305
101.72109007835388, 1679.4038360965167, 1100.6458805246305
102.33653855323792, 1718.9870819286778, 985.5707241240183
102.86926436424255, 1764.896666054475, 1024.9119298531891
103.35500907897949, 1684.4935072750654, 1090.7140292738181
103.74097609519958, 1684.4935072750654, 1090.7140292738181
104.3643388748169, 1750.0426308927392, 971.7255086354133
104.8949363231659, 1780.7095407420566, 965.5002761071355
105.3806381225586, 1799.8903832789865, 978.2802903105586
105.92618703842163, 1795.554723711919, 984.4679150030512
106.41288614273071, 1803.333982783712, 981.9030509472688
106.81788182258606, 1803.333982783712, 981.9030509472688
107.43930554389954, 1813.7891220149402, 947.947784708657
107.84222793579102, 1813.7891220149402, 947.947784708657
108.35086750984192, 1813.7891220149402, 947.947784708657
109.00112915039062, 1674.7089425405934, 1098.1961015470022
109.51375699043274, 1680.7077335193865, 1082.0842423563788
110.01744484901428, 1792.8750301626162, 1050.3736876069022
110.40443563461304, 1792.8750301626162, 1050.3736876069022
110.91706442832947, 1792.8750301626162, 1050.3736876069022
111.54841756820679, 1814.1394264276898, 1100.4364262682548
112.0620665550232, 1854.4364105389225, 1109.7406932826477
112.59962892532349, 1830.3497261803236, 1079.15379087518
113.09636616706848, 1655.9571804919535, 1127.4527153300032
113.61399555206299, 1660.9415343496917, 1101.8554222347402
114.13565635681152, 1658.0116760943279, 1117.9700488623307
114.63931894302368, 1658.8512574457466, 1107.3988401992185
115.17001795768738, 1673.9390482711544, 1072.2746864866235
115.70159721374512, 1782.3010391990183, 1066.4338027361364
116.17039775848389, 1657.760827671592, 1093.0502360196979
116.68400979042053, 1764.1488976281262, 1068.6400667647063
117.18574047088623, 1652.4572248658553, 1105.5986016780914
117.71237516403198, 1787.7893212915808, 1150.87102405971
118.21709322929382, 1664.587312968937, 1138.6543511013028
118.7597074508667, 1708.3028041452133, 1135.1749306348693
119.25242161750793, 1656.7322675694584, 1141.659698119317
119.66447234153748, 1656.7322675694584, 1141.659698119317
120.13832521438599, 1656.7322675694584, 1141.659698119317
120.77771520614624, 1793.3583734191993, 1288.2346775946685
121.27834677696228, 1690.433573601596, 1168.4632023088266
121.78299808502197, 1686.0536480476057, 1168.062048795402
122.2796688079834, 1684.6821405297555, 1143.8008661073243
122.80628490447998, 1678.3955663723602, 1164.5889804660073
123.31891465187073, 1686.96288369456, 1147.1574552586258
123.82057309150696, 1518.4319623446427, 782.841850165883
124.34218454360962, 1615.7457771987497, 1013.7392734303708
124.86378979682922, 1561.8709415547262, 878.4943353260422
125.22582769393921, 1561.8709415547262, 878.4943353260422
125.75044393539429, 1561.8709415547262, 878.4943353260422
126.39472079277039, 1599.2828135908405, 968.0076640678685
126.91233563423157, 1484.1247492575285, 681.8494964291657
127.41799092292786, 1538.0588473619964, 711.6771049522948
127.79697751998901, 1538.0588473619964, 711.6771049522948
128.4352707862854, 1508.9601026715172, 787.7798151860774
128.8322832584381, 1508.9601026715172, 787.7798151860774
129.45172572135925, 1459.2228694101655, 596.6138812469358
129.96235966682434, 1389.0496500762251, 434.88061407261495
130.46705651283264, 1561.8920469729321, 924.4797579674492
130.9906575679779, 1492.962008070515, 716.6246566646237
131.4993233680725, 1548.3496368997673, 898.9291743802495
132.0150022506714, 1568.8853475686035, 972.3864168508367
132.39299130439758, 1568.8853475686035, 972.3864168508367
133.01934123039246, 1564.0766514316422, 960.415471791549
133.53396487236023, 1436.41006925877, 670.9428845281813
134.02672266960144, 1500.624842738083, 823.1976377842385
134.42263507843018, 1500.624842738083, 823.1976377842385
135.04406595230103, 1525.3122077994126, 927.5168745846585
135.42604446411133, 1525.3122077994126, 927.5168745846585
135.93568110466003, 1525.3122077994126, 927.5168745846585
136.5640013217926, 1414.4876827580704, 736.8765324588927
137.08460903167725, 1451.1492248490251, 791.5694248185871
137.58830523490906, 1323.1666031122265, 563.0223539262365
138.08998823165894, 1449.166995052312, 827.2527879713508
138.60261750221252, 1278.556291881656, 510.83898635978653
138.99559950828552, 1278.556291881656, 510.83898635978653
139.61401867866516, 1305.75116023922, 516.0588634510812
140.00996041297913, 1305.75116023922, 516.0588634510812
140.62952256202698, 1488.6111732715347, 979.7588114424166
141.13035917282104, 1482.2545071652062, 990.6274691931105
141.65601325035095, 1486.1176070124316, 989.1310922568205
142.16260814666748, 1489.9652058366742, 993.3801925660765
142.68328976631165, 1497.974864520176, 980.7005818902329
143.17597246170044, 1484.3474597577792, 952.0348264997205
143.70356273651123, 1319.6204052361052, 578.5059384293824
144.20222878456116, 1488.3205257120264, 979.5293902946111
144.7427840232849, 1490.5411762164986, 977.7083481933042
145.23945546150208, 1483.8228198720672, 985.0545047513374
145.6413938999176, 1483.8228198720672, 985.0545047513374
146.14608335494995, 1483.8228198720672, 985.0545047513374
146.77249884605408, 1486.3132218443825, 966.8989546262162
147.27816319465637, 1323.8331612706345, 651.2914144945122
147.7938425540924, 1487.7233792976485, 988.7099530008354
148.173903465271, 1487.7233792976485, 988.7099530008354
148.83211398124695, 1488.290824043916, 1000.7180201766137
149.2150902748108, 1488.290824043916, 1000.7180201766137
149.83743238449097, 1488.492441270747, 998.8715125689779
150.3371138572693, 1487.8960476047077, 994.485992984937
150.91066932678223, 1488.9879541505884, 981.3550276775798
151.3853998184204, 1349.0076763148288, 714.3213395781531
151.78832268714905, 1349.0076763148288, 714.3213395781531
152.40567207336426, 1483.8739791768467, 992.5236286569259
152.81161522865295, 1483.8739791768467, 992.5236286569259
153.43691563606262, 1485.0020939779822, 990.8951047149652
153.82991075515747, 1485.0020939779822, 990.8951047149652
154.45438861846924, 1490.695399910761, 982.7706337456876
154.98701190948486, 1488.5115365785748, 984.3903567229107
155.50689220428467, 1484.788799517629, 957.5699587061468
156.00761246681213, 1423.8479071687793, 842.2622358067862
156.5302929878235, 1486.5275102373187, 997.34070998332
157.02993750572205, 1485.476336852128, 996.3003120799315
157.55855631828308, 1489.8185718633847, 995.6964690025068
158.06424045562744, 1491.131625420896, 982.8465285147328
158.46320009231567, 1491.131625420896, 982.8465285147328
159.07758951187134, 1412.2027032384883, 834.7285144933892
159.6081383228302, 1486.2115055690642, 1005.4370334511092
160.09885144233704, 1492.56407009657, 994.5527229673705
160.6395285129547, 1486.3214363448785, 997.1156324342311
161.12223172187805, 1486.7902095205168, 995.5579172472944
161.64397525787354, 1490.1391640274321, 991.9074930064456
162.0099971294403, 1490.1391640274321, 991.9074930064456
162.65530347824097, 1482.0931710239695, 977.2804796427597
163.03131318092346, 1482.0931710239695, 977.2804796427597
163.68761944770813, 1486.6247989391754, 993.8088241694278
164.1983289718628, 1486.948886619136, 988.3862535633325
164.69201040267944, 1481.0332796281002, 994.0563746649251
165.18974614143372, 1487.4321104303576, 983.2163845050856
165.69138526916504, 1491.4813879327278, 979.2623386247608
166.20104789733887, 1491.3241009690885, 974.4949081202781
166.74658703804016, 1493.034103880109, 989.7497130312696
167.08869552612305, 1493.034103880109, 989.7497130312696
167.7339699268341, 1485.3313338777978, 981.7542405404113
168.1219334602356, 1485.3313338777978, 981.7542405404113
168.59666299819946, 1485.3313338777978, 981.7542405404113
169.2459273338318, 1489.8930352011685, 966.9672717366466
169.75562167167664, 1368.7121714672683, 777.9681725371312
170.15354204177856, 1368.7121714672683, 777.9681725371312
170.7709240913391, 1492.464485799431, 980.4406289312768
171.15592694282532, 1492.464485799431, 980.4406289312768
171.7923378944397, 1493.3376483760646, 980.9884709569792
172.31195044517517, 1484.379809516615, 971.0630917405617
172.806627035141, 1488.5883993567459, 980.7478543013438
173.3382408618927, 1483.4332748462023, 980.3931895286436
173.7152054309845, 1483.4332748462023, 980.3931895286436
174.22185063362122, 1483.4332748462023, 980.3931895286436
174.86323523521423, 1490.4358647298895, 984.1441749657687
175.36393547058105, 1492.154104359823, 982.4998397384093
175.8916311264038, 1496.2259955286852, 985.238014511182
176.406329870224, 1491.0466153802943, 982.1899191348771
176.79032182693481, 1491.0466153802943, 982.1899191348771
177.41664671897888, 1474.2329633456027, 973.8521991181283
177.95623540878296, 1442.2303130708656, 852.641817245612
178.46687006950378, 1370.0944408333153, 922.737375318931
178.845947265625, 1370.0944408333153, 922.737375318931
179.34657788276672, 1370.0944408333153, 922.737375318931
180.03975915908813, 1419.6039483024824, 952.0597178492537
180.53440856933594, 1432.0638154708822, 937.0622715035823
181.0381097793579, 1460.241808026664, 958.4796409270689
181.53382682800293, 1447.6837622377368, 962.92082256547
182.04647588729858, 1465.5526053298838, 902.6601942822997
182.66590690612793, 1761.3633295029285, 912.1012226465622
183.1326961517334, 1771.2396408946638, 939.6490591858344
183.92665839195251, 1655.168668499177, 666.9995298023877
184.630859375, 1547.9401150559702, 882.9427358299389
185.1115746498108, 1568.2470139936593, 903.1836845467808
185.62420272827148, 1761.943457091585, 876.2811794702036
186.12791848182678, 1478.5749800761046, 1008.0176071680354
186.5338327884674, 1478.5749800761046, 1008.0176071680354
187.16615056991577, 1477.7756536160086, 1016.5197803163247
187.5541729927063, 1477.7756536160086, 1016.5197803163247
188.0847864151001, 1477.7756536160086, 1016.5197803163247
188.70717120170593, 1477.9536307834785, 1014.4627962746782
189.21680974960327, 1481.3256206014735, 1012.809802855674
189.73248291015625, 1479.3834399805037, 1014.4731592251003
190.22617554664612, 1475.452503271946, 1018.4537798752815
190.76377272605896, 1478.792406583166, 1016.9152101742206
191.2624785900116, 1473.68096721038, 1009.838875085676
191.79013180732727, 1473.5833380152794, 1016.1709048839551
192.28879594802856, 1475.5326520951658, 1008.1917065553188
192.79840540885925, 1474.4199601111404, 1008.8344994024208
193.28111386299133, 1473.3529195510637, 1013.4171120730543
193.82167029380798, 1473.9775255342868, 1014.1771752605171
193.88749361038208, 1473.9775255342868, 1014.1771752605171
194.31736612319946, 1477.9678750130965, 1008.0623719144386
194.70931768417358, 1477.9678750130965, 1008.0623719144386
195.35467672348022, 1471.7019194497723, 1005.9923842919973
195.87329149246216, 1479.891776590222, 1015.1998705156631
196.3750069141388, 1475.0687232692997, 1007.8989848142829
196.89963364601135, 1474.8785176583685, 1007.1476695745795
197.38433980941772, 1477.8420341231163, 1021.7099617985792
197.90496516227722, 1473.808448629778, 1013.6979912505833
198.41063976287842, 1476.1771969952295, 1005.2957719868035
198.9382607936859, 1473.5780305889343, 1012.9667773305061
199.45690989494324, 1476.870449919493, 1014.0901445221826
199.8389446735382, 1476.870449919493, 1014.0901445221826
200.32970666885376, 1476.870449919493, 1014.0901445221826
201.02585172653198, 1474.5277874101391, 1013.4629367206717
201.35104513168335, 1474.5277874101391, 1013.4629367206717
202.00532388687134, 1478.8692284673637, 1015.6358534737958
202.50196814537048, 1478.2690248149904, 1015.5208290562566
203.02556896209717, 1476.5931919983002, 1015.7054449170934
203.52423405647278, 1475.859454867038, 1012.1419986727882
204.02389788627625, 1479.6369154677943, 1015.5677481292818
204.5565366744995, 1476.9898480496993, 1016.0545971221961
205.07221865653992, 1472.9990773940497, 1013.5428519230163
205.58983850479126, 1475.4642535853939, 1011.4457516589669
206.07956266403198, 1476.065154035924, 1017.2186744450803
206.48352551460266, 1476.065154035924, 1017.2186744450803
207.10592913627625, 1474.5512492008054, 1008.617602599873
207.65758967399597, 1472.4128232296962, 1015.2075116875544
208.12038373947144, 1475.3043092495773, 1017.4716623925708
208.64698481559753, 1475.9546002564423, 1012.0832444567535
209.03494811058044, 1475.9546002564423, 1012.0832444567535
209.65828227996826, 1471.906579942522, 1011.0420872122663
210.17393445968628, 1473.642121345793, 1015.1498141737087
210.69154381752014, 1471.7172316107083, 1022.1215533037467
211.16429448127747, 1475.122728608602, 1017.5836983574832
211.6849024295807, 1476.3162230446571, 1015.2446166087864
212.06795263290405, 1476.3162230446571, 1015.2446166087864
212.68634915351868, 1478.0614505490444, 1015.9217391872533
213.2039647102356, 1482.2879810941768, 1016.8556525472577
213.60197591781616, 1482.2879810941768, 1016.8556525472577
214.10269284248352, 1482.2879810941768, 1016.8556525472577
214.7321150302887, 1474.8860800720952, 1021.719084696157
215.2517795562744, 1472.2863122262643, 1016.9211408767178
215.77542281150818, 1478.2439236424473, 1013.0908434503955
216.29101586341858, 1474.9746912588873, 1012.9200026713004
216.6840796470642, 1474.9746912588873, 1012.9200026713004
217.31147456169128, 1479.5916975819337, 1020.0913375834635
217.85110235214233, 1474.4843905948028, 1015.8302946491153
218.34286212921143, 1477.8444688736406, 1024.6748761183437
218.71889424324036, 1477.8444688736406, 1024.6748761183437
219.22359371185303, 1477.8444688736406, 1024.6748761183437
219.8560335636139, 1474.5839788483822, 1018.9583404250787
220.3577527999878, 1474.8915531544071, 1014.1362669252234
220.88434624671936, 1473.9269525399582, 1016.2993281412364
221.39407014846802, 1471.2946768893146, 1013.0349252630725
221.77012133598328, 1471.2946768893146, 1013.0349252630725
222.27776527404785, 1471.2946768893146, 1013.0349252630725
222.90309190750122, 1473.4145240683645, 1010.5748345006232
223.3927960395813, 1477.1219485867061, 1020.8456178935749
223.92937660217285, 1471.760738198236, 1012.6249683338584
224.32233452796936, 1471.760738198236, 1012.6249683338584
224.93565773963928, 1471.9832918439643, 1011.6229132896357
225.30666875839233, 1471.9832918439643, 1011.6229132896357
225.83126258850098, 1471.9832918439643, 1011.6229132896357
226.45858454704285, 1473.0305016983093, 1012.476837992645
226.99917244911194, 1472.5151916967282, 1017.000340051802
227.48587083816528, 1476.9579917742067, 1008.8053647703365
228.01844596862793, 1475.1216872741982, 1012.8574021630039
228.53007817268372, 1477.3324297698493, 1014.1933789433095
229.03572750091553, 1476.9343702192762, 1012.1556050431683
229.57628417015076, 1475.0618837343713, 1012.0504121132655
230.0859181880951, 1473.936427965823, 1008.7996609967887
230.6314868927002, 1876.4194558726829, 1434.0684377167772
231.00648593902588, 1876.4194558726829, 1434.0684377167772
231.6048800945282, -0.5193105622013998, 596.2955310961302
231.99680829048157, -0.5193105622013998, 596.2955310961302
232.61326909065247, 2607.2887453539797, 1010.20022912021
233.12290906906128, 2557.0615008892933, 1012.6125220113275
233.62459230422974, 2559.257809998592, 993.7809667989062
234.1012885570526, 2561.663546354228, 1105.4865608944558
234.66877150535583, 2540.6221709448423, 1039.0968245351612
236.25652623176575, 1923.8099701157753, 1458.152764153519
236.78611087799072, 1866.6483465448289, 1496.283799537099
237.26386737823486, 1899.9680281430085, 2317.4462583906497
237.80042219161987, 1828.5754737025059, 1400.6296542604177
238.30504870414734, 1795.5671724877093, 2631.30950417083
238.88352727890015, 1909.6329791676808, 1402.0636538624042
239.3482596874237, 1871.285781696063, 1444.5117777359467
239.8359546661377, 1852.181278393637, 1419.999999998756
240.38448810577393, 1882.652546560904, 1232.4474567451518
241.0138339996338, 1775.646212037697, 1588.984239825939
241.34095907211304, 1684.4026280989726, 956.9994554047579
241.73789286613464, 1684.4026280989726, 956.9994554047579
242.3542444705963, 1823.1447867519212, 1375.7132778219152
242.87884140014648, 1901.3001231425571, 1210.1022941093554
243.30869245529175, 3167.3301049149186, 1008.1117358799594
243.8342866897583, 1991.7184933580659, 1017.7948882019829
244.3379397392273, 772.9141543689747, 1027.7907188832407
244.85056805610657, 235.01173711193294, 1031.67560576393
245.35122919082642, 307.67183459565825, 1036.4705211711432
245.88284039497375, 383.27677004050247, 1038.18718147494
246.3765206336975, 662.6293041520642, 1022.6738403711588
246.75351285934448, 662.6293041520642, 1022.6738403711588
247.38986492156982, 2146.955275289752, 1017.1799900994729
247.90550303459167, 2284.455293551086, 1024.3599540617963
248.40524244308472, 2680.340995104047, 1022.172498931154
248.7863028049469, 2680.340995104047, 1022.172498931154
249.31488943099976, 2680.340995104047, 1022.172498931154
249.9581687450409, 2893.006322448409, 1024.1571262103096
250.46082544326782, 2889.9210229903397, 1027.3943184121101
250.99140763282776, 2890.730593355123, 1025.491708566551
251.49206733703613, 2891.8454508364457, 1025.1045215785716
251.8840479850769, 2891.8454508364457, 1025.1045215785716
252.4006917476654, 2891.8454508364457, 1025.1045215785716
253.0270173549652, 2928.979739679435, 1027.106329831845
253.5715618133545, 2917.880120827491, 1025.5894176690513
253.93658566474915, 2917.880120827491, 1025.5894176690513
254.4592170715332, 2917.880120827491, 1025.5894176690513
255.09769010543823, 3039.4933602678516, 1026.662633791813
255.6173107624054, 3050.26778047719, 1025.3424047934693
256.11309480667114, 3051.508507264079, 1019.8097650214402
256.525990486145, 3051.508507264079, 1019.8097650214402
257.14633297920227, 3042.937670722626, 1023.2729393103234
257.6869013309479, 3017.790142033327, 1021.5924582527007
258.0649013519287, 3017.790142033327, 1021.5924582527007
258.5775308609009, 3017.790142033327, 1021.5924582527007
259.2308278083801, 2875.741372248963, 1019.9772144426066
259.73152470588684, 3051.053851640939, 1020.3835334389074
260.2142298221588, 3199.526545829163, 1018.2669368102507
260.7398958206177, 2910.9358199012563, 1022.6407404251727
261.11800599098206, 2910.9358199012563, 1022.6407404251727
261.7543284893036, 3302.794803418638, 1025.23804792735
262.2570331096649, 3333.880448342281, 1028.9565940296968
264.35356736183167, 1979.4667932980326, 1622.0418501058855
264.8931541442871, 2023.690823814751, 1786.4956599703107
265.36792731285095, 2009.0187469111627, 1583.7607595763977
265.8935384750366, 2013.0946808653966, 1815.1412327076694
266.3593919277191, 3918.2058000910633, 1052.0285361286976
266.9029731750488, 3996.9469193808286, 1285.2146100202074
267.37273263931274, 3487.6302414774464, 1019.8140095279044
269.4026107788086, 3224.067723813661, 1016.9908212049015
269.97612404823303, 3254.4259399804946, 1015.3397093979055
270.4698040485382, 3389.230429046667, 1022.4698397659116
271.00038623809814, 1996.5260881033382, 1009.8896556812466
271.4671366214752, 1762.2575265692196, 1030.0526696750712
271.97876811027527, 1758.1266848395333, 1034.3384488168115
272.501371383667, 1752.4024225679127, 1029.6382499644562
273.0090444087982, 1749.3752839322447, 1031.091086768062
273.53361082077026, 1753.2359985186288, 1036.975109450957
274.02133774757385, 1752.3177677372264, 1032.9424208985636
274.4442067146301, 1752.3177677372264, 1032.9424208985636
275.07050228118896, 1753.0120330699165, 1029.344236298022
275.58616757392883, 1750.5212163614506, 1031.9673211105423
276.0798637866974, 1753.0413067863212, 1031.4154749088073
276.4848110675812, 1753.0413067863212, 1031.4154749088073
277.09817004203796, 1749.2969249467822, 1032.4178570609242
277.6407799720764, 1746.9545788314556, 1028.836326916502
278.03584146499634, 1746.9545788314556, 1028.836326916502
278.66113209724426, 1751.4312761852962, 1032.9039606587935
279.03817987442017, 1751.4312761852962, 1032.9039606587935
279.6755428314209, 1749.4110588996061, 1034.7570229015125
280.1673460006714, 1749.1180944198506, 1036.3896501053266
280.7019159793854, 1749.8755342704962, 1034.7448669704343
281.20856261253357, 1748.874887827828, 1030.117075660722
281.74017214775085, 1751.5769359198134, 1034.5929769650202
282.2408332824707, 1750.9359483484811, 1031.3938398629996
282.7555739879608, 1752.9314346531498, 1028.4292710922655
283.2522678375244, 1751.2777930071134, 1033.9274620113151
283.7829294204712, 1750.253011536517, 1034.210752872319
284.14396047592163, 1750.253011536517, 1034.210752872319
284.6615869998932, 1750.253011536517, 1034.210752872319
285.2909369468689, 1750.6948730880322, 1033.6358914306538
285.80855202674866, 1746.2742529171408, 1032.845873408603
286.1785638332367, 1746.2742529171408, 1032.845873408603
286.7111768722534, 1746.2742529171408, 1032.845873408603
287.31659626960754, 1758.2646602445275, 1030.0185569592222
287.7235219478607, 1758.2646602445275, 1030.0185569592222
288.36081886291504, 1749.8536631182822, 1035.8228198475342
288.74582076072693, 1749.8536631182822, 1035.8228198475342
289.39006519317627, 1750.6493402192634, 1026.364743642524
289.7830328941345, 1750.6493402192634, 1026.364743642524
290.4123501777649, 1750.189843584247, 1032.7826921047308
290.8142921924591, 1750.189843584247, 1032.7826921047308
291.3199987411499, 1750.189843584247, 1032.7826921047308
291.832715511322, 1750.189843584247, 1032.7826921047308
292.455157995224, 1750.0662562799132, 1031.1601921621598
292.8631331920624, 1750.0662562799132, 1031.1601921621598
293.47865533828735, 1746.8515900766283, 1034.3727182052385
294.0092465877533, 1751.4253002485368, 1034.5873717135637
294.51695132255554, 1750.278145195322, 1031.8612054538328
295.0276243686676, 1751.815202009266, 1033.4242513781091
295.57216787338257, 1752.268694672437, 1036.7784864961336
296.0489180088043, 1749.843784788686, 1032.2223514003324
296.5864562988281, 1751.5114000308783, 1025.9936394840354
296.96943187713623, 1751.5114000308783, 1025.9936394840354
297.4591281414032, 1751.5114000308783, 1025.9936394840354
297.96483087539673, 1751.5114000308783, 1025.9936394840354
298.5941491127014, 1934.7635464105238, 1028.5864388360162
299.00908398628235, 1934.7635464105238, 1028.5864388360162
299.5107698440552, 1934.7635464105238, 1028.5864388360162
300.2647542953491, 1861.1141432177365, 1790.6900782388548
300.6427392959595, 1861.1141432177365, 1790.6900782388548
301.1474680900574, 1861.1141432177365, 1790.6900782388548
301.6552016735077, 1861.1141432177365, 1790.6900782388548
302.1618480682373, 1861.1141432177365, 1790.6900782388548
302.66456413269043, 1861.1141432177365, 1790.6900782388548
303.25595474243164, 1464.2588541805192, 383.32901088666745
303.80349040031433, 1938.9957023596446, 1213.1497180561219
304.3520541191101, 840.4346367641436, 1440.6014987379992
304.7620220184326, 840.4346367641436, 1440.6014987379992
305.2557957172394, 2105.438246414176, 1568.7745536999814
305.914035320282, 2075.3777169022865, 720.6722238632177
306.81566739082336, 1574.7871720568264, 1468.3020616309293
307.18672704696655, 1574.7871720568264, 1468.3020616309293
307.7123098373413, 1574.7871720568264, 1468.3020616309293
308.44436597824097, 1429.802106258001, 1271.791935815149
308.783490896225, 1429.802106258001, 1271.791935815149
309.41682839393616, 1687.380196870444, 679.4963070400931
309.9234745502472, 2045.065843552505, 1243.5691521040856
310.47403049468994, 581.6223450605219, 918.6897995333445
311.1651985645294, 1726.8042553463574, 198.87141801872014
312.102787733078, 1726.8042553463574, 198.87141801872014
312.4708049297333, 1908.1813011972001, 812.1208172432738
313.043349981308, 1996.090739895908, 514.8627239423895
313.5460686683655, 2028.2153512502628, 1322.872534724372
314.04674243927, 2131.7092683982514, 1627.1528690191815
314.5274589061737, 1963.1658679356847, 2223.7464106191524
315.0411117076874, 2032.5239894320155, 437.8950853171773
315.5298080444336, 2412.8954774415574, 402.4932370167948
316.07844948768616, 1900.9137581629202, 996.3018185566965
316.4943377971649, 1900.9137581629202, 996.3018185566965
317.11068987846375, 1776.1817526613477, 1249.290098099553
317.5545027256012, 1776.1817526613477, 1249.290098099553
318.1589517593384, 1874.7420574112768, 1142.771223016202
318.62673354148865, 1889.0406198878702, 1105.6569965900944
319.18627882003784, 1849.8449307242242, 1200.1985124007297
319.6610095500946, 1916.6454286808937, 1042.968630336916
320.05695056915283, 1916.6454286808937, 1042.968630336916
320.68733263015747, 484128.44569470664, 1603.8834707635208
321.091276884079, 484128.44569470664, 1603.8834707635208
321.7564971446991, 1848.628232713937, 1802.0593795530758
322.2192883491516, 1901.3109802538538, 993.7737101241291
322.6102159023285, 1901.3109802538538, 993.7737101241291
323.2545168399811, 1894.3723959084234, 462.5599268713373
323.7820956707001, 1853.9105650873469, 661.7241809163403
324.2807626724243, 1848.3281656845963, 873.3613285186357
324.8043942451477, 1840.3511570409992, 416.2707072845517
325.3430600166321, 1809.7641534486002, 820.67953193578
325.731094121933, 1809.7641534486002, 820.67953193578
326.35546588897705, 1840.1308157152248, 984.483204896405
326.79529762268066, 1160.19467909258, 1738.085934999452
327.18827533721924, 1160.19467909258, 1738.085934999452
327.8824677467346, 1581.3265133031323, 1336.4121652688552
328.42897725105286, 1417.4241119163742, 1407.721259572897
328.7810363769531, 1417.4241119163742, 1407.721259572897
329.2906837463379, 1417.4241119163742, 1407.721259572897
329.89612197875977, 1167.6249123268576, 1319.9928736981326
330.40579199790955, 669.6416557017893, 1433.987521688417
330.8097469806671, 669.6416557017893, 1433.987521688417
331.3114628791809, 669.6416557017893, 1433.987521688417
331.8391408920288, 669.6416557017893, 1433.987521688417
332.49358916282654, 1148.1227147468192, 1237.4100686997722
333.00618386268616, 1581.98149322875, 1363.4668986948445
333.3901562690735, 1581.98149322875, 1363.4668986948445
334.0236175060272, 807.7593624368463, 1080.590167192341
334.3966600894928, 807.7593624368463, 1080.590167192341
335.06787276268005, 1686.0297962517539, 2156.869292847996
335.70721793174744, 681.1831776870057, 1144.8764759874216
336.10013580322266, 681.1831776870057, 1144.8764759874216
336.5679202079773, 1212.0893984359177, 1381.2889286196755
337.0607271194458, 1181.1619945279424, 1594.613852307119
337.45167231559753, 1181.1619945279424, 1594.613852307119
337.9812707901001, 1181.1619945279424, 1594.613852307119
338.5786736011505, 1769.9473952469766, 1543.179002019031
339.10925483703613, 2124.491122673147, 1060.8265966021268
339.64986991882324, 2472.569655660129, 1411.999999999543
340.11365962028503, 2221.5783180669696, 1605.1482782513897
340.6083369255066, 1210.530163563835, 1728.436633801862
341.0970571041107, 2814.2083551510004, 1712.7507982790917
341.6096861362457, 3534.4376425443743, 1720.7654650053075
342.12138962745667, 3489.5863720244333, 1720.4020368843064
342.6639618873596, 3081.2825547134476, 1724.484695211896
343.00705766677856, 3081.2825547134476, 1724.484695211896
343.51078271865845, 3081.2825547134476, 1724.484695211896
344.188982963562, 203.64364854345635, 1725.119213694744
344.71365904808044, -1.014636995829455, 890.0898550678497
345.07464599609375, -1.014636995829455, 890.0898550678497
345.73192858695984, -5.5312586097357315, 1020.6193852236987
346.1986804008484, 94.25682798315229, 1719.0031376230193
346.5996079444885, 94.25682798315229, 1719.0031376230193
347.2369341850281, -89.49873239933457, 171.19682642542506
347.76249837875366, 20.0, 1040.35015444871
348.30604553222656, -16.627332037416192, 766.2568084291348
348.68702602386475, -16.627332037416192, 766.2568084291348
349.2664783000946, 21.17089851051438, 1702.1315837823668
349.80004954338074, 20.500000000011635, 1713.4720239482904
350.1870160102844, 20.500000000011635, 1713.4720239482904
350.7953882217407, 87.35858423396627, 1710.5705592346233
351.1824719905853, 87.35858423396627, 1710.5705592346233
351.8108620643616, 45.45206529581218, 1709.1793431311635
352.3993594646454, 479.000000004327, 27.56197124618967
352.8591299057007, 55.74741876959262, 1653.8574221509052
353.3597905635834, 120.9437238655436, 176.63763332486855
353.7726876735687, 120.9437238655436, 176.63763332486855
354.42495012283325, 97.0983772386982, 1679.0904520213253
354.8039951324463, 97.0983772386982, 1679.0904520213253
355.3276171684265, 97.0983772386982, 1679.0904520213253
355.9230501651764, 161.48071511126753, 1697.727902168544
356.4716808795929, 3.131946490441994, 356.73307133142555
356.9854052066803, -0.6050755978838853, 1716.9960541523146
357.34450578689575, -0.6050755978838853, 1716.9960541523146
357.87208342552185, -0.6050755978838853, 1716.9960541523146
358.4875087738037, 311.49135996264164, 1675.2430796644824
359.01313185691833, 266.3382498110034, 1684.2301431781534
359.5317921638489, 270.366149753302, 1682.134876406822
359.9048504829407, 270.366149753302, 1682.134876406822
360.5541696548462, 842.8546064973165, 1729.759320256433
361.0908291339874, 876.1314823357512, 1729.1758014846337
361.62443351745605, 961.9619350673963, 1722.00194044132
362.09222745895386, 1057.8089029640764, 1723.0059554277955
362.6168222427368, 1219.7760554912563, 1711.516154672439
363.12846302986145, 1312.6961538713986, 1710.787824953385
363.5114574432373, 1312.6961538713986, 1710.787824953385
364.15976071357727, 1316.4041644456552, 1702.145599108993
364.5467264652252, 1316.4041644456552, 1702.145599108993
365.2328906059265, 1314.208457874489, 1705.415966265787
365.7076210975647, 1314.639132001019, 1707.9330156959516
366.22236585617065, 1318.357466553296, 1707.0977868512052
366.7150468826294, 1316.1426583468833, 1708.4588678153034
367.0911707878113, 1316.1426583468833, 1708.4588678153034
367.7294719219208, 1316.9607120533444, 1703.9877579063073
368.2341227531433, 1315.276385152842, 1704.967223226667
368.7686927318573, 1316.6965510258744, 1705.7012700164887
369.25838351249695, 1316.9729041231137, 1705.6868231900578
369.8059194087982, 1315.276079832906, 1705.299902598992
370.2866337299347, 1319.0927739664094, 1706.9596579781796
370.82519483566284, 1313.0154250161982, 1705.488637640925
371.215238571167, 1313.0154250161982, 1705.488637640925
371.851624250412, 1315.491481268781, 1700.524908859405
372.36323070526123, 1317.2872335632576, 1707.2255879825666
372.8849365711212, 1313.9891617276337, 1702.624557572481
373.41357231140137, 1318.5168259604845, 1710.5930548521628
373.910272359848, 1316.540246781487, 1705.1894903546258
374.40990829467773, 1316.2923135016804, 1705.61789035885
374.812863111496, 1316.2923135016804, 1705.61789035885
375.4551467895508, 1317.5663551727375, 1706.642703211005
375.82330536842346, 1317.5663551727375, 1706.642703211005
376.44368028640747, 1313.1550347770599, 1705.900541859761
376.83563256263733, 1313.1550347770599, 1705.900541859761
377.356241941452, 1313.1550347770599, 1705.900541859761
377.98566031455994, 1316.1796149075667, 1707.9101117801476
378.36766815185547, 1316.1796149075667, 1707.9101117801476
379.0119791030884, 1316.7498074400469, 1706.0984071811642
379.53461146354675, 1316.3225934436437, 1701.4676806687075
379.9185938835144, 1316.3225934436437, 1701.4676806687075
380.4523057937622, 1316.3225934436437, 1701.4676806687075
381.05371713638306, 2695.299559571656, 1563.1609430203785
381.5763199329376, 2784.752634734343, 1291.2731746283375
382.7202603816986, 1951.2186802701433, 668.0825210117542
383.2409336566925, 1933.0081771824152, 1262.866704885856
383.6957137584686, 1837.5658062574635, 1371.3028168050116
384.13351559638977, 3832.922534950252, 631.194648790794
384.52546739578247, 3832.922534950252, 631.194648790794
385.17378973960876, 738.7930898346683, 1935.1730013161564
385.66859006881714, 35.508898787930704, 1954.61977934376
386.1842122077942, 27.03805234291207, 1052.316186392959
386.67998695373535, 714.6886635009985, 1963.146201545708
387.29336380958557, 1732.8606982991623, 937.1582689945307
387.706330537796, 319.16939626400676, 1949.826805478318
388.2020049095154, -1781.6279267400928, 1990.225617363822
388.59696102142334, -1781.6279267400928, 1990.225617363822
389.2074100971222, 6.695384811785139, 1996.7278939499847
389.60342836380005, 6.695384811785139, 1996.7278939499847
390.10213112831116, 6.695384811785139, 1996.7278939499847
390.7404944896698, 2596.6642661667424, 1458.1623766185257
391.11748576164246, 2596.6642661667424, 1458.1623766185257
391.7448720932007, 2767.1143037947695, 1435.8497551329126
392.2415370941162, 3278.08193579718, 1433.5179787552122
392.7602496147156, 3494.192387193764, 1373.9904120574631
393.1461853981018, 3494.192387193764, 1373.9904120574631
393.7585868835449, 3365.9753560646054, 2057.780710973938
394.2742702960968, 3553.1392342299705, 2079.651627005147
394.77695655822754, 2194.7371906232283, 2152.41933565495
395.15192317962646, 2194.7371906232283, 2152.41933565495
395.7923288345337, 1893.0879968749532, 2173.0095036278344
396.2930157184601, 1956.9842181442978, 2172.347677353306
396.6849989891052, 1956.9842181442978, 2172.347677353306
397.321266412735, 2026.5958252399817, 2172.6711915664096
397.81305027008057, 1969.0211158151221, 2159.097278904823
398.3027274608612, 1870.9081035856354, 2157.139179745124
398.844309091568, 734.2267102061205, 2173.703213107836
399.21138858795166, 734.2267102061205, 2173.703213107836
399.88173747062683, 2247.091363357827, 19.260533402022226
400.2619204521179, 2247.091363357827, 19.260533402022226
400.9261770248413, 3342.9701502271864, 18.323842024962556
401.4577615261078, 3157.723631528746, 24.41677554681546
402.003306388855, 2239.6636035531124, 438.81888042657374
402.4680678844452, 2050.688861606724, 824.7094084806347
402.8520419597626, 2050.688861606724, 824.7094084806347
403.4824104309082, 1979.7026958001625, 1570.9999999999968
404.00409984588623, 3328.201628418593, 46.909526845148896
404.3632080554962, 3328.201628418593, 46.909526845148896
404.97856521606445, 3175.8177025193254, 40.524331471357435
405.4882333278656, -192728.96621344064, 63370.63191066528
406.03177857398987, 3285.635370879906, 38.65519507531715
406.4087710380554, 3285.635370879906, 38.65519507531715
407.06906270980835, 3356.0464006010043, 9683.56228086337
407.5268380641937, 3259.2957650235085, 116.48331272108229
408.19610714912415, 3238.8407090224855, 540.2522988168188
408.53619718551636, 3238.65885663361, 0.11889388446661124
408.9660475254059, 3238.65885663361, 0.11889388446661124
409.7010817527771, 2487.554257537048, 492.52532914631337
410.08705019950867, 2487.554257537048, 492.52532914631337
410.6994128227234, 2287.5826042924436, 446.3073548776116
411.0904016494751, 2287.5826042924436, 446.3073548776116
411.67190289497375, 2312.290089579218, 742.5170107677842
412.16864037513733, 2349.8782105836362, 177.80850917262586
412.74411702156067, 2414.8599916633925, 72970.2339723517
413.2617332935333, 2304.7553994115333, 85.16129022861561
413.6676480770111, 2304.7553994115333, 85.16129022861561
414.1683089733124, 2304.7553994115333, 85.16129022861561
414.6729598045349, 2304.7553994115333, 85.16129022861561
415.14469814300537, 480.96688450311933, 2341.1116563563983
415.5446283817291, 480.96688450311933, 2341.1116563563983
416.1789574623108, 19.808528112980877, 604.2145242173656
416.71053552627563, 2.3252448635581633, 283.3527391949369
417.0815432071686, 2.3252448635581633, 283.3527391949369
417.5871911048889, 2.3252448635581633, 283.3527391949369
418.10483598709106, 2.3252448635581633, 283.3527391949369
418.79602122306824, 2085.0794147117513, 679.5430790164509
419.17500853538513, 2085.0794147117513, 679.5430790164509
419.8352425098419, 2148.3251254661595, 709.1221552693206
420.2591073513031, 1204.969810523441, 206.75491963032252
420.78270721435547, 588.3755495855806, 2337.8666487526643
421.2694115638733, 949.7835857903966, 2327.8754877797614
421.65637731552124, 949.7835857903966, 2327.8754877797614
422.30668663978577, 1109.5154565441712, 2326.5880133552832
422.81532645225525, 1105.5218312818022, 2338.9184663670194
423.3120000362396, 1113.260727885775, 2334.0416499680355
423.69506192207336, 1113.260727885775, 2334.0416499680355
424.3264298439026, 1265.7463950042916, 2331.937503826876
424.8819441795349, 1861.2138273088594, 2326.1214357392096
425.3636853694916, 1764.974723524619, 2334.811873878599
425.9142506122589, 1654.2580528344265, 2329.3418063542213
426.254337310791, 1654.2580528344265, 2329.3418063542213
426.79087495803833, 1654.2580528344265, 2329.3418063542213
427.2866132259369, 1654.2580528344265, 2329.3418063542213
427.931921005249, 1690.0428864488058, 2331.9500994482933
428.4246621131897, 1689.8301863056117, 2333.2058228528003
428.9233500957489, 1687.1656391139477, 2327.8597110143414
429.46792793273926, 1689.7721045200742, 2330.763949165361
429.9736337661743, 1689.2803389400437, 2329.740369636275
430.4932749271393, 1688.8452417756312, 2332.175325871251
430.9789457321167, 1689.951387035135, 2330.2338963196307
431.3489582538605, 1689.951387035135, 2330.2338963196307
432.00023341178894, 1689.1915864856817, 2332.668500070381
432.50189089775085, 1689.188478155875, 2327.8631699260463
432.8998279571533, 1689.188478155875, 2327.8631699260463
433.3975930213928, 1689.188478155875, 2327.8631699260463
434.0329189300537, 1690.2346231345282, 2330.3135398865206
434.55250549316406, 1685.8525432004815, 2330.759887023786
435.0452048778534, 1690.3348122994053, 2332.7605285421246
435.5638518333435, 1690.4047402274223, 2335.0722786863303
436.09944915771484, 1688.1156478723005, 2333.2741465990484
436.578165769577, 1687.8281660550472, 2333.712926904674
437.1017405986786, 1689.5292993099613, 2330.8994624848965
437.57350730895996, 1689.55017384081, 2327.597374062784
438.07918787002563, 1691.1650793624453, 2332.0316128565896
438.5988276004791, 1690.3248813606422, 2330.431310864771
439.1085228919983, 1690.6315066585703, 2332.150740373824
439.6261398792267, 1692.8160249606556, 2332.4626971421076
440.0021662712097, 1692.8160249606556, 2332.4626971421076
440.64152932167053, 1690.4798022886202, 2324.1047460292375
441.14615273475647, 1687.5599969304749, 2326.921540820291
441.67776465415955, 1689.9427029807287, 2328.5626635121575
442.22733426094055, 1689.781509140626, 2334.057724955636
442.59342789649963, 1689.781509140626, 2334.057724955636
443.09610176086426, 1689.781509140626, 2334.057724955636
443.61473631858826, 1689.781509140626, 2334.057724955636
444.1583707332611, 1689.781509140626, 2334.057724955636
444.769894361496, 1688.9291002417265, 2327.9979173732445
445.2854869365692, 1691.5553855154963, 2331.0700600559285
445.67348074913025, 1691.5553855154963, 2331.0700600559285
446.174289226532, 1691.5553855154963, 2331.0700600559285
446.85253167152405, 1689.4773500105503, 2327.5459989385736
447.33926153182983, 1688.2730300352507, 2331.2697774829367
447.88183975219727, 1689.2462056770448, 2333.085270609134
448.2428467273712, 1689.2462056770448, 2333.085270609134
448.76146030426025, 1689.2462056770448, 2333.085270609134
449.390917301178, 1688.9152704139176, 2331.7525092498927
449.9085659980774, 1687.876506073507, 2332.2249491840553
450.3883385658264, 1690.1797286167705, 2334.898408754819
450.77034544944763, 1690.1797286167705, 2334.898408754819
451.42360949516296, 1691.5816224324883, 2333.437067804771
451.92136812210083, 1689.9595291083135, 2333.287781327055
452.309406042099, 1689.9595291083135, 2333.287781327055
452.8182301521301, 1689.9595291083135, 2333.287781327055
453.4296290874481, 1688.5503577300065, 2335.4442479594713
453.962340593338, 1691.1847969479973, 2336.3241547374632
454.4790189266205, 1690.9996127044344, 2337.2068463416736
454.85604310035706, 1690.9996127044344, 2337.2068463416736
455.4914298057556, 1690.4060727604135, 2334.2975556048473
456.05099654197693, 1690.0397486608722, 2333.4831714757775
456.5526547431946, 1690.5071450066573, 2332.795562548965
457.069313287735, 1688.9926407361063, 2329.416671422076
457.5520851612091, 1687.3750179529711, 2331.534379987528
457.93010997772217, 1687.3750179529711, 2331.534379987528
458.5694646835327, 1686.487640051776, 2333.311441948733
459.09406328201294, 1685.5639872209308, 2326.1618989281965
459.6056945323944, 1688.6847354636702, 2332.0673671601708
459.97477531433105, 1688.6847354636702, 2332.0673671601708
460.6240472793579, 1686.8133612313177, 2331.33598566211
461.11772775650024, 1687.049060137678, 2331.7130047694304
461.51971769332886, 1687.049060137678, 2331.7130047694304
462.29364824295044, 2141.7560327461297, 730.6063325294879
462.74049162864685, 1867.6136815323146, 136.91841356289837
463.2571461200714, 2459.5062147856493, -51.834400441511164
463.7797474861145, 2351.77816407127, 180879.5492854631
464.2355570793152, 2672.246048844136, 200.97578705165012
464.8000795841217, 2545.4739537113405, 27001.04972284292
465.4084846973419, 2442.358103245733, 860.3648097129808
465.7964470386505, 2320.9792867273477, 838.8150080324006
466.1934509277344, 2954.0873843356535, 2378.6844793431096
466.707133769989, 2973.8991944612562, 2373.4034156960747
467.3643980026245, 2892.293971372928, 34.94115491362654
467.8222212791443, 3009.734352366916, 12127.336889923408
468.2590534687042, 3980.3665951419493, 2379.1488554085786
468.8016023635864, 2593.28784343521, 67.82091434443466
469.29328775405884, 1023.6506807630511, 2374.8178807468385
469.7830069065094, 1025.468259467565, 2376.5234674141434
470.26072907447815, 1021.799372176803, 2370.0762146660077
470.7923083305359, 1035.080571607334, 2366.7272710963357
471.28598737716675, 1058.5687590032358, 2377.274606775776
471.81567001342773, 1067.712507915022, 2373.922610197697
472.317421913147, 1064.6617618767018, 2365.1411238391115
472.7003619670868, 1064.6617618767018, 2365.1411238391115
473.20909571647644, 1064.6617618767018, 2365.1411238391115
474.015127658844, 3097.133505004465, 189.20619678636294
474.36625814437866, 3097.133505004465, 189.20619678636294
474.88697481155396, 3097.133505004465, 189.20619678636294
475.4256579875946, 3886.4394185981755, 135.9190592129025
475.9583568572998, 3588.0985289793, 71.81885547196187
476.28453254699707, 3588.0985289793, 71.81885547196187
476.81017446517944, 3588.0985289793, 71.81885547196187
477.5113670825958, 2576.883383217308, 81274.24495921699
477.89835357666016, 2576.883383217308, 81274.24495921699
478.5207438468933, 2568.350656292975, 65.45584132767996
478.8907551765442, 2568.350656292975, 65.45584132767996
479.4492847919464, 802.0812299647491, 2436.5543243588395
479.8452572822571, 802.0812299647491, 2436.5543243588395
480.5464220046997, 3941.059367878694, 11.026705000923705
480.9993236064911, 2331.681938761823, 2605.761938603037
481.50098156929016, 1966.763186600018, 2682.172256928804
481.88902163505554, 1966.763186600018, 2682.172256928804
482.5054154396057, 390.65752978348337, 2796.8445042686135
483.0609300136566, 3405.834749391445, 17542.1879922173
483.5236930847168, 364.3085646474118, 2957.3449008790967
483.90866255760193, 364.3085646474118, 2957.3449008790967
484.40932393074036, 364.3085646474118, 2957.3449008790967
485.0835499763489, 1821.5061617764545, 66.15932866573915
485.7328453063965, 1970.7115819185678, 1254.3813702131124
486.0470368862152, 1880.9854001710644, 704.3490528943452
486.6005537509918, 2251.630720615028, 1385.5000000681825
487.1161596775055, 2189.3230326275393, 1576.4830668089678
487.64074444770813, 2283.073793823051, 184.4999999999985
488.1583957672119, 2865.9300136657544, 1735.0000000000255
488.52750062942505, 2865.9300136657544, 1735.0000000000255
489.13684153556824, 248.77853168987966, 2495.8550414867073
489.54477620124817, 248.77853168987966, 2495.8550414867073
490.1781597137451, 2827.978754633367, 1346.999999997248
490.69487857818604, 1926.8691921402083, 510.2474253817355
491.2275187969208, 3265.099639725625, 131.9999984792967
491.62150025367737, 3265.099639725625, 131.9999984792967
492.25779938697815, 2004.6080270169077, 251.99839056449284
492.6716933250427, 2004.6080270169077, 251.99839056449284
493.44964623451233, 2322.3947670700827, 43.985388955700934
493.8017373085022, 2322.3947670700827, 43.985388955700934
494.29039907455444, -66186.25258463499, 110.81840142442121
494.70429253578186, -66186.25258463499, 110.81840142442121
495.4064381122589, 3226.1561220511567, 55.04704367959655
495.81640458106995, 154.05552067837377, 2950.6317218278596
496.28313541412354, -20.47791213922359, 154.64378380665647
496.69208884239197, -20.47791213922359, 154.64378380665647
497.32148838043213, 143.21948067111984, 2961.08895020687
497.82314705848694, 95.7325368666002, 2987.3573196754173
498.31785583496094, 26.14931674091255, 2973.0490032480957
498.7288234233856, 26.14931674091255, 2973.0490032480957
499.3581118583679, -42376.75343122186, 2655.4992890186936
499.91466093063354, 1357.6831426162512, 2959.3154608145946
500.23280930519104, 1357.6831426162512, 2959.3154608145946
500.8861382007599, 19.88378362474998, 2973.5331909938836
501.2441530227661, 19.88378362474998, 2973.5331909938836
501.8734929561615, 19.999999999948283, 2942.804575345449
502.24867486953735, 19.999999999948283, 2942.804575345449
502.7643175125122, 19.999999999948283, 2942.804575345449
503.431538105011, 47.2273896316991, 2917.888518053398
503.9382383823395, 148.5000081482169, 2890.526712006858
504.42895889282227, 3749.805668037503, 693.0950462854411
504.85485005378723, 3749.805668037503, 693.0950462854411
505.3186869621277, 3749.805668037503, 693.0950462854411
505.942040681839, 274.94211753791166, 2959.2605273863596
506.3180482387543, 274.94211753791166, 2959.2605273863596
506.9684326648712, 3.5517336346070683, 2993.186971878436
507.4691536426544, 9.618771941363674, 2986.757445936985
507.9787633419037, 20.000000000000146, 2982.9709886865508
508.50037932395935, -10978.660899593451, 543.759702873289
508.85548663139343, -10978.660899593451, 543.759702873289
509.5167818069458, 7.4193374377775605, 620.581157602498
510.06930327415466, -98.03090948939102, 106.17654767071731
510.5110995769501, 1509.681570571772, 2974.522815255511
511.0327036380768, 1816.0482023114787, 2939.9672101549936
511.42269015312195, 1816.0482023114787, 2939.9672101549936
512.0440635681152, 2037.9014164194803, 2947.458117544687
512.5766386985779, 2082.704989169086, 2945.233179437831
513.1002397537231, 2302.052587064064, 2958.366391930778
513.6019327640533, 2205.6364708773526, 2959.7777792884103
514.1096444129944, 2100.3980575088863, 2974.7882283014733
514.6232419013977, 2100.135697241533, 2974.780751787987
515.0032274723053, 2100.135697241533, 2974.780751787987
515.5228383541107, 2100.135697241533, 2974.780751787987
516.1571826934814, 2096.8806361309767, 2973.502772224117
516.7087078094482, 2096.9715171449843, 2973.5536584153133
517.0647737979889, 2096.9715171449843, 2973.5536584153133
517.7479825019836, 2100.7752509408583, 2978.8101695395885
518.2197911739349, 2116.1370154394663, 2983.977646645657
518.7603454589844, 2078.94420097984, 2900.104537410294
519.1253457069397, 2078.94420097984, 2900.104537410294
519.7866473197937, 2060.4220787533895, 1997.92840976272
520.2903010845184, 2084.2449785676704, 2013.8208976791555
520.7859756946564, 2085.764582372693, 2011.9293264454839
521.2837030887604, 2111.723594071166, 2026.8999346734756
521.8023681640625, 2122.62677617121, 2028.8428950237897
522.3359413146973, 2103.2339382887985, 1964.6979082384883
522.7079520225525, 2103.2339382887985, 1964.6979082384883
523.3673329353333, 2148.606137385273, 1784.7145840463247
523.8889365196228, 2148.013083538426, 1783.875034938621
524.3896696567535, 2183.743173819964, 1785.239215025938
524.9052908420563, 2213.67994737327, 1786.4772198807445
525.4029879570007, 2182.4956468684004, 1786.3295543498016
525.9326059818268, 2183.3474619655412, 1786.1994978868072
526.4373426437378, 2182.885781318318, 1786.1369569244384
526.9460551738739, 2183.36234592221, 1785.2627119096778
527.471611738205, 2185.6306290079215, 1785.4994222363305
527.9613034725189, 2184.1267811764724, 1784.4805018644427
528.4619641304016, 2186.1346309831565, 1787.3427233062243
528.9905521869659, 2186.321731653664, 1783.1850297613055
529.3545780181885, 2186.321731653664, 1783.1850297613055
530.002851486206, 2183.8448219139277, 1785.770633109916
530.5026066303253, 2184.9423919769742, 1784.2635873356314
531.0082485675812, 2184.0976224779974, 1776.9983725337356
531.4092371463776, 2184.0976224779974, 1776.9983725337356
532.0265870094299, 2183.753663596868, 1783.9148945199465
532.5701487064362, 2185.297880583781, 1782.8738507126188
533.0458331108093, 2184.8509629667883, 1784.3868008525012
533.4518132209778, 2184.8509629667883, 1784.3868008525012
534.0691628456116, 2185.353325139364, 1784.5323188213008
534.5867486000061, 2186.059485209004, 1784.3618957171752
535.09441614151, 2186.8974745348123, 1783.897355410905
535.6120607852936, 2186.028285508613, 1784.229853964391
535.97713804245, 2186.028285508613, 1784.229853964391
536.604514837265, 2185.7880694406513, 1786.081171663733
537.100221157074, 2186.57482014515, 1785.1454467011497
537.495167016983, 2186.57482014515, 1785.1454467011497
538.1275084018707, 2011.3404371465613, 1782.0259039575337
538.6760091781616, 2151.3580854219895, 1785.3473325765813
539.1886913776398, 2685.504919680887, 1789.299695732623
539.686381816864, 3893.8981285111195, 295.9303009059162
540.1830806732178, 3722.873388407399, 263.6049198077411
540.5950090885162, 3722.873388407399, 263.6049198077411
541.3779828548431, 3616.1366695478387, 34.6747841758316
541.7489912509918, 3920.232161196988, 13.079773026188322
542.2686016559601, 3890.386398553133, 637.3864435849958
542.7434265613556, 3828.9553904462896, 214.85861734427743
543.2440888881683, 3125.230082711136, 70.87142470868248
543.739762544632, 3430.845393050455, 310.49987070219356
544.2164881229401, 3233.107215888741, 63.30873374221192
544.7530598640442, 3745.424580547469, 366.4338280477378
545.7644062042236, 3919.740093754433, 539.158556525392
546.2800903320312, 3682.350791009024, -1552.2613634629993
546.8046579360962, 3462.283752828513, 14.593307136475238
547.2016894817352, 3462.283752828513, 14.593307136475238
547.8160183429718, 3903.1306632792616, 200.5991737605677
548.3376507759094, 3701.10227728741, 790.9610977458341
548.8522741794586, 13389.582293355848, 97.99987768947
549.353976726532, 1859.0925730853153, 419.0067142406638
549.8716239929199, 1835.0889764784104, 1005.2189723172153
550.3932795524597, 306384.99873454083, 357.2611270945625
550.9049887657166, 1289.700751440511, 673.0864575928077
551.4336051940918, 2219.194644908427, 1060.6631641942085
551.9312558174133, 1958.1129834498272, 1328.0522206342823
552.2903389930725, 1958.1129834498272, 1328.0522206342823
552.9836082458496, 650.2117350966852, 340.59049030084304
553.4493560791016, 420.35684266276644, 34.60414247105866
553.8134360313416, 420.35684266276644, 34.60414247105866
554.3151383399963, 420.35684266276644, 34.60414247105866
554.8377928733826, 420.35684266276644, 34.60414247105866
555.5150260925293, 1321.9922863801194, 993.9055206133902
556.041588306427, 1523.273221957079, 872.9577034635558
556.4515006542206, 1523.273221957079, 872.9577034635558
557.0030255317688, 1578.1055904292664, 814.0318145762509
557.529648065567, 1585.4885607751646, 770.7942027120764
558.0752234458923, 1660.1349594529786, 720.1609221939881
558.6137783527374, 1568.138640169429, 751.0934446678558
559.105464220047, 1465.4035984609297, 816.1084827174773
559.5103867053986, 1465.4035984609297, 816.1084827174773
560.014098405838, 1465.4035984609297, 816.1084827174773
560.6634302139282, 1239.2409885458187, 1013.5628244778944
561.0094981193542, 1239.2409885458187, 1013.5628244778944
561.6737234592438, 1445.8088988599475, 986.9728010169838
562.2042756080627, 1396.443172725842, 935.6246065519425
562.6191666126251, 1396.443172725842, 935.6246065519425
563.2375130653381, 1628.482497752374, 810.5422786880806
563.7680938243866, 1660.9624869830157, 901.7472326322968
564.154066324234, 1660.9624869830157, 901.7472326322968
564.7524921894073, 1528.5819188707205, 845.6465288449667
565.1494576931, 1528.5819188707205, 845.6465288449667
565.6960213184357, 1528.5819188707205, 845.6465288449667
566.30140376091, 1511.0458561229734, 782.0580659355285
566.7691779136658, 1570.4306955490558, 841.1907664595695
567.212055683136, 1544.8474125680868, 750.7509929147408
567.6259725093842, 1544.8474125680868, 750.7509929147408
568.290195941925, 1439.796503687958, 885.5684118326513
568.6731719970703, 1439.796503687958, 885.5684118326513
569.3274230957031, 1588.9686120620297, 794.337835740759
569.7144865989685, 1588.9686120620297, 794.337835740759
570.393714427948, 1608.2528989295029, 825.2519957671926
570.8186078071594, 1608.2528989295029, 825.2519957671926
571.2864556312561, 2606.4433993261478, 2238.446831389591
571.8260436058044, 1618.9702378039317, 2244.760683686296
572.3067586421967, 394.57384528314896, 2254.6840867553487
572.8354275226593, 306.94595275148276, 2251.7902473116305
573.217499256134, 306.94595275148276, 2251.7902473116305
573.846878528595, 308.70493178349614, 2252.456814763402
574.3535358905792, 310.495577563723, 2251.9059534479075
574.8923082351685, 1809.5048654292036, 2245.6287780739526
575.3939559459686, 3925.0064332471093, 2243.9282296900524
576.0063676834106, 1644.8985222462063, 834.8682643213768
576.3853807449341, 1644.8985222462063, 834.8682643213768
576.8871269226074, 1644.8985222462063, 834.8682643213768
577.5164713859558, 1617.285672320536, 903.8119717752888
577.9344213008881, 1617.285672320536, 903.8119717752888
578.5906970500946, 1719.7690401524956, 931.3771251197938
579.572104215622, 1451.5909096643386, 832.0826406359423
580.0618622303009, 1588.4812904206035, 527.4138087584404
580.5545454025269, 1620.7080709716724, 719.9176671569383
581.0980920791626, 1584.131093865449, 729.0978349840747
581.607729434967, 1587.7257089279872, 834.3484758390015
582.1632742881775, 1621.1805073517478, 823.6040196258576
582.5622169971466, 1621.1805073517478, 823.6040196258576
583.1276648044586, 1360.5132889738325, 679.3740844652834
583.5186440944672, 1360.5132889738325, 679.3740844652834
584.6805715560913, 1618.067896330141, 542.9053303598623
585.0565669536591, 1618.067896330141, 542.9053303598623
585.6230823993683, 1618.067896330141, 542.9053303598623
586.1855771541595, 1595.2687735265, 602.4312520375513
586.7011694908142, 1535.025818727814, 161.68951738996375
587.258679151535, 3745.9822368151345, 772.3959915645373
587.6207122802734, 3745.9822368151345, 772.3959915645373
588.1313464641571, 3745.9822368151345, 772.3959915645373
589.2822680473328, 2959.7548662131103, 898.8033068210689
589.7340896129608, 1546.2495222206317, 940.8488638215644
590.1270093917847, 1546.2495222206317, 940.8488638215644
590.816166639328, 1492.1157814881994, 939.0149832699608
591.215099811554, 1492.1157814881994, 939.0149832699608
592.2434170246124, 3870.1153979862634, 2236.730677973368
592.7151992321014, 3038.6269712911712, 2239.944889869188
593.2297790050507, 2961.306695703567, 2241.6083082702644
593.7614271640778, 2959.441917027193, 2241.166139381893
594.241208076477, 2951.9560437479463, 2240.435674251282
594.661158323288, 2951.9560437479463, 2240.435674251282
595.2814848423004, 2559.2463455035895, 2238.3495922488987
595.8120818138123, 2318.8336894541776, 2239.2776405505756
596.3117921352386, 2095.1438463093327, 2241.0994552460797
596.8394179344177, 2135.6549048267248, 2248.5799196273683
597.2104301452637, 2135.6549048267248, 2248.5799196273683
597.7610654830933, 2135.6549048267248, 2248.5799196273683
598.2628109455109, 2135.6549048267248, 2248.5799196273683
598.750550031662, 2135.6549048267248, 2248.5799196273683
599.4009113311768, 2183.801123756716, 2251.541948335651
599.7730045318604, 2183.801123756716, 2251.541948335651
600.3943667411804, 2182.524594847596, 2250.5753130514017
600.9189648628235, 2182.5980735094495, 2251.8180708961154
601.2999863624573, 2182.5980735094495, 2251.8180708961154
601.9403254985809, 2183.4366284748257, 2250.7345554022354
602.3193120956421, 2183.4366284748257, 2250.7345554022354
602.9536638259888, 2189.0063033668434, 2253.045002248357
603.4662926197052, 2186.895071116561, 2250.7624447226067
603.9919211864471, 2182.49239943537, 2252.545408593853
604.4986274242401, 2181.365852238139, 2250.8732938276976
605.0112571716309, 2181.3921118807243, 2248.755667043143
605.5179622173309, 2183.164371905887, 2251.685761292829
606.0286922454834, 2182.5699298752365, 2251.4431101128307
606.5373318195343, 2182.6526784044086, 2252.0140737336496
607.043948173523, 2181.469513865076, 2252.17262831003
607.5635590553284, 2180.379465286301, 2249.200647419047
607.9455380439758, 2180.379465286301, 2249.200647419047
608.4522535800934, 2180.379465286301, 2249.200647419047
608.9679040908813, 2180.379465286301, 2249.200647419047
609.4775602817535, 2180.379465286301, 2249.200647419047
610.1219301223755, 2180.9931787691476, 2250.2222355993786
610.5118877887726, 2180.9931787691476, 2250.2222355993786
611.0334928035736, 2180.9931787691476, 2250.2222355993786
611.5172200202942, 2180.9931787691476, 2250.2222355993786
612.1595113277435, 2182.0795478327955, 2252.1017819266303
612.6833291053772, 2181.041439287207, 2249.880321523115
613.1800289154053, 2182.322487259769, 2252.703107987916
613.7215802669525, 2181.416691730246, 2251.428194032443
614.2393035888672, 2181.0241516710703, 2251.8457900486596
614.7579226493835, 2182.006288895513, 2251.8827395162643
615.2406311035156, 2182.657681519677, 2251.793360650868
615.754323720932, 2180.1179122161575, 2249.7471585051044
616.2539880275726, 2181.3961433429176, 2250.7031663687317
616.7596364021301, 2181.0482959050046, 2250.7513208192854
617.2613360881805, 2178.441086241794, 2246.366861348079
617.7969045639038, 2179.7238604102927, 2249.656696575659
618.2985966205597, 2181.5060608156055, 2251.729243016291
618.8172559738159, 2180.6286112603552, 2250.8522780830262
619.310937166214, 2180.4881722863647, 2250.13772838084
619.84650349617, 2180.3896541520603, 2251.4633603664975
620.3531486988068, 2179.3355789408956, 2249.6088241618972
620.8897137641907, 2178.4676455111994, 2249.1481990472703
621.3863859176636, 2177.8740582555806, 2247.3134074869868
621.9140706062317, 2180.776655856755, 2250.849831821069
622.4128134250641, 2181.5478030157, 2250.9371158074773
622.921478509903, 2179.443129369231, 2249.723796822773
623.3283910751343, 2179.443129369231, 2249.723796822773
623.9717597961426, 2179.7707437474483, 2251.662613588583
624.4634687900543, 2180.131240238011, 2251.234784066947
624.8364746570587, 2180.131240238011, 2251.234784066947
625.4877309799194, 2179.784859095704, 2250.1672482735316
625.9944596290588, 2179.924401371533, 2250.2143852742406
626.361496925354, 2179.924401371533, 2250.2143852742406
627.0209126472473, 2180.0985821698423, 2249.7613312434305
627.4746906757355, 2178.955182338942, 2251.2109436409055
627.8477122783661, 2178.955182338942, 2251.2109436409055
628.4810607433319, 2180.329915002214, 2251.284141900426
629.0006790161133, 2180.18407259816, 2250.041768791974
629.5393238067627, 2179.808269812871, 2250.125243942868
629.880437374115, 2179.808269812871, 2250.125243942868
630.5087311267853, 2180.1741748236864, 2250.078445511068
631.020364522934, 2440.1840766074806, 2225.026081777872
631.4343211650848, 2440.1840766074806, 2225.026081777872
632.0447056293488, 2410.141802717387, 2108.0368840938445
632.6152420043945, 3069.8149197295907, 2117.2821886294237
633.0770134925842, 3858.0799444785707, 541.0149142390408
633.4769442081451, 3858.0799444785707, 541.0149142390408
634.1043391227722, 1235.8254675586181, 720.2280686168268
634.6598551273346, 1298.1293885934526, 983.3325896687032
635.0388398170471, 1298.1293885934526, 983.3325896687032
635.5933611392975, 1575.2110675144793, 2299.7242161058343
636.1329152584076, 66.28972101091972, 1794.7952191641684
636.7323126792908, 368.5165531403015, 1077.4963753508678
637.1302659511566, 1092.1971725026253, 2252.1489882360142
637.6947391033173, 1442.633654621698, 2299.614485720863
638.0328352451324, 1442.633654621698, 2299.614485720863
638.6651437282562, 1441.1510852728925, 2299.7121268427063
639.1568293571472, 1440.8316770699325, 2298.668722272955
639.6774671077728, 1439.88095532865, 2299.5907638806616
640.1901369094849, 1395.3461995544915, 2300.610022928179
640.590099811554, 1395.3461995544915, 2300.610022928179
641.3351366519928, 699.3744956608126, 1229.2898132474027
641.8497924804688, 1634.0721310759689, 1128.2923452913271
642.3534460067749, 382.8829765845788, 1150.7115806512911
642.7952637672424, 382.8829765845788, 1150.7115806512911
643.2729935646057, 382.8829765845788, 1150.7115806512911
643.8634679317474, 1220.4669937791095, 1136.0821073987634
644.3691160678864, 1171.2729281676204, 1096.9900682760983
644.7821049690247, 1171.2729281676204, 1096.9900682760983
645.3974788188934, 1007.0859229186392, 1106.393724769997
645.9250478744507, 724.1681751970821, 1115.198009537422
646.4277777671814, 303.7970956038129, 802.2088460499406
646.9553761482239, 1098.5358630666976, 1115.4868516455665
647.4350929260254, 553.2913016138214, 1108.784525656271
648.007563829422, 632.4059674228982, 1116.2723289650694
648.4982507228851, 1061.1753573947176, 1117.5282154851361
648.8732612133026, 1061.1753573947176, 1117.5282154851361
649.5314872264862, 731.0329714407325, 1114.2800909539096
650.015255689621, 1190.5492869083978, 1100.6754026462709
650.402191400528, 1190.5492869083978, 1100.6754026462709
651.0345327854156, 1057.5202189019017, 1084.931910870514
651.4075396060944, 1057.5202189019017, 1084.931910870514
652.0538241863251, 798.5977785993009, 1096.6490147639458
652.5964541435242, 810.3065595991665, 1093.6951713826218
652.9903688430786, 3873.615999894938, 2305.1585819309835
653.4930255413055, 2491.812934091966, 2310.717216182177
653.9947102069855, 1502.080831045091, 2313.7795379093955
654.5035059452057, 982.6047515929522, 2313.0852143339716
655.0101499557495, 977.5696919243983, 2311.7787334481127
655.5218200683594, 1076.9600683927874, 2313.483213283679
656.0684864521027, 2730.4671066218502, 2310.0700811777283
656.4215831756592, 2730.4671066218502, 2310.0700811777283
657.0369558334351, 2737.8642530707907, 2310.452962955459
657.5595977306366, 2604.0166107313235, 2311.4235571053446
658.0662362575531, 1833.3338424196572, 2309.577189309359
658.5560212135315, 1798.4434453069, 2310.5293517544847
659.0547199249268, 1796.240738758774, 2311.3144063821223
659.5892615318298, 1785.0249796153284, 2310.481159931917
659.975270986557, 1785.0249796153284, 2310.481159931917
660.6106011867523, 2286.355159366012, 2311.2712669190782
661.1132562160492, 2298.395453502153, 2311.054553306224
661.6329085826874, 2554.021070626841, 2310.0233393313033
662.1365621089935, 2599.813772429857, 2311.0307267942862
662.674241065979, 2598.1934749929073, 2309.9107981635193
663.1738753318787, 2639.4586375721065, 2305.315230838822
663.6925675868988, 2663.6462344959164, 2309.9073776945274
664.2451469898224, 2664.8278893098764, 2310.4279750097794
664.7328479290009, 2663.805284449395, 2311.778847674827
665.2365181446075, 2663.495582915173, 2310.8046398368924
665.6345851421356, 2663.495582915173, 2310.8046398368924
666.2619743347168, 2762.063856430088, 2311.259418113032
666.7915873527527, 2998.8499144893735, 2306.8261916375855
667.164591550827, 2998.8499144893735, 2306.8261916375855
667.6752648353577, 2998.8499144893735, 2306.8261916375855
668.2019972801208, 2998.8499144893735, 2306.8261916375855
668.85329413414, 3049.5944222410976, 2308.8390589730775
669.3559594154358, 3058.26302460584, 2309.1698316620154
669.8636031150818, 3061.7840706104053, 2309.5002759843583
670.3603167533875, 3055.777224577883, 2309.7286457632376
670.8898985385895, 3062.333414807517, 2308.1379470600855
671.3945698738098, 3061.9671943383555, 2307.303129297824
671.9251301288605, 3324.0376119895004, 2295.3661686878695
672.4726665019989, 3102.7083094430886, 2306.959184034907
672.9354290962219, 2401.1326398965016, 2306.818003749573
673.3044424057007, 2401.1326398965016, 2306.818003749573
673.8021657466888, 2401.1326398965016, 2306.818003749573
674.4437034130096, 2496.1301892234355, 2303.810568029389
674.8406422138214, 2496.1301892234355, 2303.810568029389
675.4590218067169, 2498.2103494444627, 2305.350529382737
675.847086429596, 2498.2103494444627, 2305.350529382737
676.4854137897491, 2498.9236293168583, 2306.5081574112537
676.9850988388062, 2500.342714622137, 2307.046787017133
677.3900887966156, 2500.342714622137, 2307.046787017133
678.0284469127655, 2499.6571684344194, 2305.7145562611868
678.541121006012, 2498.6565759729942, 2305.71026086782
679.0358302593231, 2500.8314233662445, 2307.225419098855
679.4528238773346, 2500.8314233662445, 2307.225419098855
680.0601992607117, 2500.053208620102, 2306.7475877621073
680.5987861156464, 2501.7151947030648, 2306.4208402118943
680.9737832546234, 2501.7151947030648, 2306.4208402118943
681.6100823879242, 2500.8953818057694, 2306.457423595126
682.1127383708954, 2501.7130290509076, 2306.755027680758
682.6583964824677, 2501.980472378836, 2306.6431070292197
682.9994838237762, 2501.980472378836, 2306.6431070292197
683.6638782024384, 2501.3096341019714, 2306.798352627963
684.1675324440002, 2501.733953815641, 2307.0252105578825
684.5495111942291, 2501.733953815641, 2307.0252105578825
685.0611703395844, 2501.733953815641, 2307.0252105578825
685.6895096302032, 2501.2754437590306, 2307.0319741642793
686.2121188640594, 2501.3081048866434, 2306.6926036599557
686.7089245319366, 2501.1261008135825, 2307.005543720961
687.0849983692169, 2501.1261008135825, 2307.005543720961
687.7323019504547, 2501.8840364186403, 2306.859002876272
688.2579030990601, 2501.3068227974222, 2306.184269505253
688.612955570221, 2501.3068227974222, 2306.184269505253
689.2443420886993, 2502.7844598637707, 2306.215347003583
689.7938842773438, 2502.0445166114414, 2307.0067183336705
690.2945449352264, 2502.5690684126134, 2306.913641718838
690.6735317707062, 2502.5690684126134, 2306.913641718838
691.1811742782593, 2502.5690684126134, 2306.913641718838
691.8075845241547, 2502.3182192071213, 2306.766832195
692.19158244133, 2502.3182192071213, 2306.766832195
692.8089656829834, 2498.7629541429733, 2307.513469434505
693.2198667526245, 2498.7629541429733, 2307.513469434505
693.8622064590454, 2657.5991483003436, 2267.1332044731566
694.2172889709473, 2657.5991483003436, 2267.1332044731566
694.8565802574158, 2875.247703402652, 1881.8044559430873
695.358259677887, 2585.46782213922, 1137.6353124169382
695.7781958580017, 2585.46782213922, 1137.6353124169382
696.3835763931274, 3109.608837753074, 602.3159702466124
696.9121840000153, 3107.7399225876834, 606.0423515907466
697.3071718215942, 3107.7399225876834, 606.0423515907466
697.9574546813965, 3040.7846182101407, 741.0783893499502
698.4391665458679, 3026.2223142032954, 1112.7284944294088
698.9567832946777, 3026.1319489313355, 1120.4088598063743
699.4684143066406, 3025.3789926954423, 1120.1848423350689
699.8594036102295, 3025.3789926954423, 1120.1848423350689
700.4797987937927, 3063.0860018511858, 1318.4400024256895
701.0064632892609, 3061.8342025274, 1418.8154821797432
701.5201275348663, 3045.1245360850544, 1695.6326613466433
701.9250612258911, 3045.1245360850544, 1695.6326613466433
702.5543804168701, 3057.6196849442613, 1810.831043913697
703.0680139064789, 3054.5196700251286, 1811.8334568564876
703.6355288028717, 3056.2359474230343, 1812.4185859187146
704.0993175506592, 3053.95441130602, 1811.899513728936
704.6090269088745, 3056.1205991967176, 1811.758323096876
705.1046829223633, 3190.7454542595074, 1812.9337065482637
705.6472644805908, 3190.244000547111, 1812.588625442096
706.1320111751556, 3193.765147435918, 1811.391903063439
706.6726861000061, 3191.4786231583275, 1811.4931842718543
707.167377948761, 3192.6041953524345, 1812.6276723169976
707.5643508434296, 3192.6041953524345, 1812.6276723169976
708.2245833873749, 3191.949928045417, 1811.2840417688785
708.7202589511871, 3192.2614666476093, 1811.3523775773576
709.2069573402405, 3191.539190320655, 1811.994442403277
709.7296142578125, 3192.0984610210908, 1812.0459546325546
710.2252898216248, 3192.223860711185, 1812.156909519758
710.7409474849701, 3191.6547474977156, 1812.354730670888
711.240611076355, 3192.4737192021353, 1812.5713987351148
711.6425490379333, 3192.4737192021353, 1812.5713987351148
712.2779338359833, 3191.4694614281225, 1811.9824161528802
712.8026463985443, 3193.570896629702, 1811.7209834355112
713.1806080341339, 3193.570896629702, 1811.7209834355112
713.8278777599335, 3192.4528851126774, 1812.2646065801753
714.3275413513184, 3192.070719305185, 1812.1089190208017
714.8331897258759, 3192.0257766306004, 1811.7314284291172
715.2211511135101, 3192.0257766306004, 1811.7314284291172
715.8495144844055, 3192.9230197033717, 1811.961424191858
716.3631823062897, 3192.2356477442304, 1812.7047685544755
716.8718507289886, 3191.934454200898, 1811.7834101441215
717.2798273563385, 3191.934454200898, 1811.7834101441215
717.8853509426117, 3192.784361138559, 1811.825252099287
718.3880243301392, 3192.7898649899735, 1812.4933064683755
718.7729959487915, 3192.7898649899735, 1812.4933064683755
719.434314250946, 3192.2293601446704, 1812.1205748419598
719.9319529533386, 3193.003496131006, 1813.5635128844813
720.4116816520691, 3192.4386841683877, 1812.1521198796806
720.9323170185089, 3193.0645808931636, 1811.452118424745
721.448068857193, 3192.96780927908, 1813.135464332442
721.8112273216248, 3192.96780927908, 1813.135464332442
722.422625541687, 3192.733404166519, 1811.8001986465745
722.958202123642, 3192.236293257712, 1812.2190825667853
723.4788084030151, 3192.6440550094853, 1811.7277881982764
723.9765570163727, 3192.7592029871835, 1812.1640540643004
724.4722907543182, 3192.034518977225, 1813.2233047806442
724.8523659706116, 3192.034518977225, 1813.2233047806442
725.3679881095886, 3192.034518977225, 1813.2233047806442
725.9973046779633, 3193.493924914007, 1812.3142528620033
726.3852679729462, 3193.493924914007, 1812.3142528620033
727.021594285965, 3192.4824493024826, 1811.7974092855202
727.5182662010193, 3192.838164499741, 1811.1870913821542
727.9112868309021, 3192.838164499741, 1811.1870913821542
728.5376546382904, 3193.1694118689225, 1811.4927274108334
728.9435684680939, 3193.1694118689225, 1811.4927274108334
729.5549623966217, 3193.712163561447, 1812.673478944776
730.0556254386902, 3193.3853978400093, 1811.47494186194
730.5592787265778, 3193.09233857994, 1811.4335553088615
731.0730137825012, 3193.9287431657494, 1811.7519421958864
731.570714712143, 3193.0859427545265, 1811.7734946983614
732.0664064884186, 3193.370675617387, 1811.1858772430974
732.589063167572, 3192.3744626470834, 1811.7529183330435
733.0747628211975, 3192.9092053233594, 1812.042140249966
733.471673488617, 3192.9092053233594, 1812.042140249966
733.9953587055206, 3192.9092053233594, 1812.042140249966
734.5040535926819, 3192.9092053233594, 1812.042140249966
735.0017864704132, 3192.9092053233594, 1812.042140249966
735.6341400146484, 3194.13578114855, 1812.3437725455312
736.1786832809448, 3193.220267746733, 1812.3445075964717
736.6893434524536, 3193.1148424499866, 1812.467527681863
737.1850173473358, 3194.0583634243353, 1811.3984880864375
737.6757338047028, 3193.0950532560096, 1811.8480148344515
738.0626709461212, 3193.0950532560096, 1811.8480148344515
738.6989996433258, 3193.518366097578, 1813.0172266115055
739.1108679771423, 3193.518366097578, 1813.0172266115055
739.7342801094055, 3193.808156001953, 1812.4226829734343
740.2658967971802, 3193.4526101115325, 1813.0004384839356
740.6279516220093, 3193.4526101115325, 1813.0004384839356
741.1506397724152, 3193.4526101115325, 1813.0004384839356
741.790929555893, 3193.1007142791764, 1812.171200513032
742.285576581955, 3192.2619740686637, 1811.3318431092473
742.8191497325897, 3193.006900004254, 1811.2224944967854
743.1801841259003, 3193.006900004254, 1811.2224944967854
743.6918160915375, 3193.006900004254, 1811.2224944967854
744.2194058895111, 3193.006900004254, 1811.2224944967854
744.729043006897, 3193.006900004254, 1811.2224944967854
745.2456612586975, 3193.006900004254, 1811.2224944967854
745.88600897789, 3193.047604822046, 1811.975888861533
746.3847296237946, 3193.6095620356696, 1813.0553275325508
746.9094026088715, 3193.596044574245, 1812.1242520934507
747.461982011795, 3193.8204674586946, 1811.6449276927863
747.9516723155975, 3193.305731188431, 1809.1175758745726
748.4423594474792, 3193.025063519461, 1812.1616909090528
748.9570508003235, 3192.3004909554156, 1812.0687650039672
749.5036008358002, 3112.6905889632462, 1810.3391657647867
749.9704995155334, 2548.0851085255545, 1784.085887521464
750.4761490821838, 989.1174496811909, 1136.3171956825772
751.0915448665619, 515.7965987864006, 1290.777074518671
751.5812065601349, 1023.4069297734177, 1297.9541144084571
752.1207642555237, 956.1664135348818, 1329.3351348035633
752.5994901657104, 905.0364312860008, 1236.5891979900725
753.0513844490051, 905.0364312860008, 1236.5891979900725
753.6189031600952, 2124.7889104121987, 1631.5996784160604
754.1624901294708, 468.9634381896005, 1051.8764231461794
754.5354952812195, 468.9634381896005, 1051.8764231461794
755.210723400116, 1089.6676040940163, 1063.1190070583557
755.6684992313385, 834.7465619819147, 485.662693891044
756.1841199398041, 1688.2245489207078, 283.68425502451237
756.5850698947906, 1688.2245489207078, 283.68425502451237
757.2273507118225, 239.64622686501173, 619.683804056554
757.745964050293, 1256.3055319070909, 121.78084675221042
758.266571521759, 1197.2854015188295, 466.81551295920315
758.6286041736603, 1197.2854015188295, 466.81551295920315
759.2539329528809, 1294.9508156843858, 618.7586206210631
759.6867744922638, 1294.9508156843858, 618.7586206210631
760.3140983581543, 1066.75990677643, -1072.1575793221177
762.828515291214, 1396.8238889403879, 286.8009887606673
763.3402173519135, 3080.6006909119974, 342.07641001745077
763.9057099819183, 1121.0611764121452, 693.7229320334224
764.3256621360779, 3522.7582049417474, 1861.2198834403387
764.9001982212067, 22.57958195129065, 1144.220126295072
765.4317471981049, 1291.6233595975664, 57.248200293243606
765.8606014251709, 23.9127877281897, 1715.0944838869552
766.4002349376678, 763.5834403437102, 118.20965083500151
766.8999264240265, 230.03865781662626, 70.37368176139147
767.2988290786743, 230.03865781662626, 70.37368176139147
767.8134841918945, 230.03865781662626, 70.37368176139147
768.4816980361938, 1467.878140419833, 109.83296913991852
768.8626801967621, 1467.878140419833, 109.83296913991852
769.4979844093323, 219.28452252618146, 257.2688933256639
769.9916605949402, 840.5264557444439, 693.8732850075141
770.3766305446625, 840.5264557444439, 693.8732850075141
770.8753798007965, 840.5264557444439, 693.8732850075141
771.3790049552917, 840.5264557444439, 693.8732850075141
771.8927018642426, 840.5264557444439, 693.8732850075141
772.4083888530731, 840.5264557444439, 693.8732850075141
773.5992105007172, 803.9898842412615, 85.32463103359532
773.9393029212952, 803.9898842412615, 85.32463103359532
774.5986022949219, 717.501461543459, 330.7155720711532
775.0873255729675, 683.4687049820917, 662.1932117655582
775.5979933738708, -1329.1589880491695, 143.59418626824962
775.9929373264313, -1329.1589880491695, 143.59418626824962
776.6412708759308, 749.4287071580746, 736.0311213920772
777.1269581317902, 518.3355476162176, 440.8833519028767
777.5039753913879, 518.3355476162176, 440.8833519028767
778.0226106643677, 518.3355476162176, 440.8833519028767
778.532247543335, 518.3355476162176, 440.8833519028767
779.17955327034, 113.58231761462284, 116.6091997008735
779.5715351104736, 113.58231761462284, 116.6091997008735
780.1809394359589, -165.21236645305015, 57.97561935202641
780.7045114040375, 55.37983437336844, 36.879450412380685
781.2191617488861, 33.49128777740957, 54.380010419740735
781.7647035121918, 1724.5462565278785, -1670.8827049312001
782.2374401092529, 73.10212458007607, 32.600908905434586
782.6314752101898, 73.10212458007607, 32.600908905434586
783.285724401474, 111.58829705586533, 1085.798963513461
783.8382475376129, 21.438792728273825, 47.64712273112032
784.3359799385071, 1728.5403762445846, 1092.168971915811
784.8236463069916, 1728.2333401068004, 57.0948738831649
785.2973806858063, 101.3411970921937, 1091.5053098860124
785.8309528827667, -4.364098784252386, 683.4846488975385
786.2029941082001, -4.364098784252386, 683.4846488975385
786.8891956806183, 84.66736905415851, 72.86311127457734
787.3719279766083, 124.51041275502833, 86.8931857943842
787.8885464668274, 17.693451117950136, 1121.7336347613623
788.3872139453888, -724.0429939003621, 92.22068132340632
789.4524760246277, 1750.9735319432614, 1094.325324740217
789.9371869564056, 76.88006520490582, 687.0368716303449
790.3162035942078, 76.88006520490582, 687.0368716303449
790.9754414558411, 174.59251332532395, 58.865599282509834
791.4701182842255, 2411.1630554585004, -8232.75929149153
791.8640937805176, 2411.1630554585004, -8232.75929149153
792.5074059963226, 49503.909635385455, 89.11119533688063
793.02010679245, 1729.9848135242846, 39.84336720394198
793.5088465213776, -227.0067180745202, 45.01866463375905
793.8938450813293, -227.0067180745202, 45.01866463375905
794.5371704101562, 1753.8274951699962, 13.126734072703396
795.0567808151245, -63.721071623225534, -12897.744047219925
796.0782561302185, 154.345493445181, -26.025580633305886
796.6169323921204, 132.70998505160202, 1176.6915245904522
797.1037721633911, 154.28880267859267, 84.9999998283935
797.6333963871002, 1691.565173082597, 847.969465685361
798.0223252773285, 1691.565173082597, 847.969465685361
798.6686844825745, 175.45510024288177, 1143.4170333686036
799.13942527771, 29.5670327263517, 134.28372454542819
799.6570699214935, 64.27511535843534, 239.93240906342126
800.0400173664093, 64.27511535843534, 239.93240906342126
800.7022466659546, 1656.1598422674956, 234.72840058071174
801.2138786315918, 46768.328593098704, 1152.180112366001
801.7365164756775, 80.19388535329253, 23.618771354454488
802.1713907718658, 205.72587972533776, 419.8075822490563
802.5752825737, 205.72587972533776, 419.8075822490563
803.1916632652283, 737.8784121341081, 38.60259496999191
803.7461516857147, 44219.401378388866, 82.27332747743411
804.2159278392792, 560.7220044001645, 43.973622888008485
804.6059141159058, 560.7220044001645, 43.973622888008485
805.2711074352264, 251.53688955945532, 378.63290242799815
805.6361589431763, 251.53688955945532, 378.63290242799815
806.2484939098358, 1273.7963400816739, 200.8461375073066
806.8259782791138, 1669.5569043820606, 2.3077310721452715
807.306704044342, 2023.4216295312835, 506.31773934595884
807.8113541603088, 1237.1222856169359, -59.2566627596939
808.3280110359192, 1990.9661467569385, 1659.5001105071574
808.7360048294067, 1990.9661467569385, 1659.5001105071574
809.4839742183685, 2000.3327272563836, 1916.7675786913398
809.9318306446075, 1927.7510076436522, 1844.132632229777
810.3666152954102, 671.9712075352154, 1545.6668542473615
810.8543407917023, 269.5422302730158, 100.17555641567887
811.3838949203491, 54.68351581553151, 285.3933447263856
811.8797130584717, 61.31808172478983, 51.80019481339307
812.2447972297668, 61.31808172478983, 51.80019481339307
812.8800706863403, 71.10701940826412, 35.828975900088686
813.4096555709839, 162.86590729978613, 1161.4948505521286
813.9174039363861, 6014.102377762005, 152.76217007609873
814.4659037590027, 2518.941960425561, -991.7877654922735
815.000542640686, 133.89126766403834, -384.04424922244624
815.443436384201, 864.2897273558277, 394.928667480772
815.9641666412354, 75.13014250641096, 219.56627082075107
816.3471596240997, 75.13014250641096, 219.56627082075107
816.9515430927277, 440.70970573360864, 667.5875721504501
817.540967464447, 95.50405256200456, 117.05287621630241
817.9818246364594, 531.0618122561416, 224.8272883610209
818.5034623146057, 851.7137585215416, 905.1914069010171
819.0171239376068, 1173.7323318178755, 536.1169884828569
819.5108032226562, 122.56074003239038, -76.73623482042446
820.023432970047, 475.1928034747271, 641.8401658823149
820.522248506546, 277.8567176909872, 1482.554510813845
820.9303457736969, 277.8567176909872, 1482.554510813845
821.5447623729706, 30.459988052641084, 453.77971847847124
822.1162345409393, 712.8847497813192, 694.2938405878344
822.7026658058167, 575.8393947013649, 806.7216343530702
823.0836470127106, 396.5841403377222, 1327.5969127262638
823.6182186603546, -766.4480671453549, 16.153460084188357
824.120932340622, 108.06263464390692, 243.9640941620924
824.6266915798187, 37.24131629900978, 825.8075363102084
824.9677743911743, 37.24131629900978, 825.8075363102084
825.6449933052063, -3168.5833101300686, 94.51045376941623
826.1197245121002, 1643.8133120244302, 51.02250623645592
826.6484158039093, 1655.0931355646117, -2012.4236955524218
827.1271381378174, 35.44304143656054, -41.98999220194454
827.5171594619751, 35.44304143656054, -41.98999220194454
828.6910212039948, -323.42784466870495, 1136.3417168362553
829.1188759803772, -323.42784466870495, 1136.3417168362553
829.7063052654266, 887.7015176105856, 68.23208377306865
830.1780519485474, 47.91953269258128, 38.925600961241905
830.5711014270782, 47.91953269258128, 38.925600961241905
831.2243707180023, 100.36345427836318, 141.97036428423132
831.646243095398, 100.36345427836318, 141.97036428423132
832.2406532764435, 84.02385068294528, 1081.4188204162213
832.6685101985931, 84.02385068294528, 1081.4188204162213
833.2440390586853, 703.5492487583098, 475.6116797682511
833.7865900993347, 572.8569784987865, 533.9059910111457
834.2882490158081, 1178.7608520234796, 545.5432845918511
835.2926630973816, 32.831155926828885, 310.51494690484617
836.2940196990967, 536.8795153258608, 795.4937593266453
836.8017060756683, 764.4699128259971, 978.4058194160849
837.2266850471497, 764.4699128259971, 978.4058194160849
837.8569705486298, 203.17483262299157, 824.65738585088
840.3746023178101, 1299.177335110619, 703.7666488685991
840.9101414680481, 1554.065673552915, 358.9859797426678
841.428817987442, 503.8050013523169, 2527.000443052776
841.9524204730988, 349226.541330187, 71.72990349641799
842.4441025257111, 925.5421202482842, 602.3562168004074
842.9866514205933, 827.2296015456074, 73.46566679786265
843.4344537258148, 398.97751305355877, 503.58322827318597
843.8354358673096, 398.97751305355877, 503.58322827318597
844.474837064743, 871.1882302929769, 744.3599423823283
844.9854431152344, 1366.1412458349882, 443.90368710123306
845.5100693702698, 745.3848571543751, 674.2680733687415
846.0118432044983, 1191.3543860248126, 849.2944649356325
846.3938224315643, 1191.3543860248126, 849.2944649356325
847.032322883606, 911.6579219927319, 665.4625016152293
847.5399715900421, 85.43727942865428, 141.8349627311814
847.9269559383392, 85.43727942865428, 141.8349627311814
848.43971991539, 85.43727942865428, 141.8349627311814
850.1073598861694, -742.2610428457324, 116.95239428126825
850.690936088562, -3879.6585183037523, 1100.520576207327
851.1427631378174, 131.0034148458492, 1121.149444936083
851.6653909683228, 81.88882167691918, 13.437114285633541
852.6886548995972, 116.02053096858555, 1095.7563165711513
853.177404165268, 4.612076117283486, -23.477299756876977
853.5754196643829, 4.612076117283486, -23.477299756876977
854.0841553211212, 4.612076117283486, -23.477299756876977
854.7134449481964, 30.452866758490327, -26.623695727014926
855.0975003242493, 30.452866758490327, -26.623695727014926
855.7607808113098, 24.970051518107407, 1147.8280078890812
856.2455148696899, 1389.068977723854, 52.27658720495797
856.6205334663391, 1389.068977723854, 52.27658720495797
857.2548577785492, 10.870694898706448, 44.03688203145333
857.7884538173676, 500.6947796263192, -89.06100770373915
858.2791788578033, 27.12993341378522, 16.8574870555177
858.8228189945221, 35.31472714300293, 664.2909879228503
859.3065531253815, 1423.819141614786, 51.06241558367298
859.8391976356506, 133.91883708178074, -3552.8085195707285
860.3109323978424, 1613.695112612662, 350.3636054672699
861.3701541423798, 45.6914332870982, 558.0748864337141
861.7441866397858, 45.6914332870982, 558.0748864337141
862.36256980896, 813.1454784192825, 880.4726891249932
862.8771936893463, -928.2596128347603, 1153.809959120979
863.3988347053528, 546.0015591323761, 120.74202123366489
863.7928159236908, 546.0015591323761, 120.74202123366489
864.4161283969879, 207.59458240046655, -316.1137972508064
864.839010477066, 207.59458240046655, -316.1137972508064
865.4872853755951, 784.4685066381312, 45.151824140267586
865.970990896225, 303.96418736098747, 717.9713341371321
866.4687361717224, 332.0716462025469, 538.1904942436155
867.4970216751099, 1187.9265188872898, 169.6817645887807
868.0326159000397, 750.1911329734681, 540.7146266701402
868.5672194957733, -986.3602989154698, 1391.397941708376
868.9531998634338, -986.3602989154698, 1391.397941708376
869.8787975311279, 2019.9803975677207, 2321.139268911255
870.5969400405884, 472.3467894263286, 2164.5806401463406
871.1017899513245, 35.96137932969386, 562.7826249315082
871.6244015693665, 343.6539455267544, 445.1373519651188
872.0063936710358, 343.6539455267544, 445.1373519651188
872.6607224941254, 268.7940387819669, 93797.76834849
873.1833250522614, 415.52678726641835, 86218.8452034071
873.6959893703461, 444.6173080395228, 1147.154082093951
875.1990287303925, 666.1649997937519, 1581.3258182279926
875.6149547100067, 666.1649997937519, 1581.3258182279926
876.1136445999146, 666.1649997937519, 1581.3258182279926
876.765930891037, 551.1384488706705, 28.680387254439136
877.2407207489014, 345.5633428656051, 510.8806793714373
877.765387058258, 83.05959963716926, 478.2276977332681
878.7936577796936, 185.26947930154603, 26.782390044646842
879.351211309433, 625.850500433724, 192.41881152248695
879.8488807678223, -1672.803979725752, 419.73213725773655
880.2109136581421, -1672.803979725752, 419.73213725773655
880.8472120761871, 400.8840827461423, 132.0577597437089
881.234176158905, 400.8840827461423, 132.0577597437089
881.87247133255, 613.001904379749, 304.23132004300703
882.3651530742645, 305.12996794034945, 1122.1884767134811
882.9306411743164, -2019.5485873535974, 1051.2714043071353
883.3724873065948, 322.7444215642269, 41.90650216803181
883.8831799030304, 12.865175116810667, 579.14381332597
884.3719582557678, 902.2470575978192, 673.1970387032948
884.7658815383911, 902.2470575978192, 673.1970387032948
885.4241218566895, 223.09059297841335, 1092.7313379672241
885.9586911201477, 1674.9739377375374, 102.42738631818655
886.492265701294, 332.462034688267, 561.7484511703178
886.997941493988, 521.563490077331, 628.2422432309673
887.4776589870453, 282.73726886864847, 547.6573757639244
888.0411531925201, 266.8094282609622, 2200.3818503787484
888.430112361908, 266.8094282609622, 2200.3818503787484
888.952714920044, 266.8094282609622, 2200.3818503787484
889.5979890823364, 1640.4027899501252, 484.12266404111705
889.9670031070709, 1640.4027899501252, 484.12266404111705
890.5175490379333, 870.3286219681186, 366.6761336061558
890.9264779090881, 870.3286219681186, 366.6761336061558
891.5338888168335, 300.49045661314096, 573.5209484036428
891.9428737163544, 300.49045661314096, 573.5209484036428
892.4256110191345, 300.49045661314096, 573.5209484036428
893.0658710002899, 64.97672793964844, 682.2670741011614
894.1450622081757, 1234.8803174172795, 19.197899929473714
894.6666855812073, -268.0295103665507, 105.12323462167612
895.039783000946, -268.0295103665507, 105.12323462167612
895.7081034183502, 375.3614155071931, 448.8487700689493
896.200831413269, 1213.5979303227361, 633.624746639838
896.682642698288, 259.2270820639677, 583.4596761497959
897.2012362480164, 322.1878041629955, 489.5479879252365
897.7208466529846, 629.9141935330492, 670.7441670338433
898.0968496799469, 629.9141935330492, 670.7441670338433
898.6105830669403, 629.9141935330492, 670.7441670338433
899.1232125759125, 629.9141935330492, 670.7441670338433
899.7845332622528, 325.89071436878106, 451.22324601162416
900.163539648056, 325.89071436878106, 451.22324601162416
900.81693983078, 593.7412664496769, 316.09628102255397
901.3156547546387, 59.97431502342188, 1141.50517722938
901.8621926307678, 667.8231026839521, 86.65852214651025
902.3498895168304, 245.0420913963579, 693.9899923159436
902.7418420314789, 245.0420913963579, 693.9899923159436
903.3583106994629, 715.5953899185808, 607.7702575793912
904.4115228652954, 1017.6493047764372, 509.8060454822368
904.9461460113525, 89.78687920210338, 395.46936305563077
905.437837600708, 436.82067423909183, 662.4764962665155
905.9884734153748, 295.9843404932854, 392.06905203799136
906.3255395889282, 295.9843404932854, 392.06905203799136
906.9638679027557, 269.34221040022453, 700.3564804624554
907.4854724407196, 943.2282146090496, 227.57354708025764
908.0351061820984, 472.9999197191883, 519.9183459531122
908.3812298774719, 472.9999197191883, 519.9183459531122
909.0454857349396, 226.17056821301927, 491.02222657146206
909.4634790420532, 226.17056821301927, 491.02222657146206
910.0608475208282, 488.2817950206582, 464.59172196349465
910.4368414878845, 488.2817950206582, 464.59172196349465
911.0881009101868, 250.07999603469193, 337.4436990537681
911.6296925544739, 5936.438070806554, 555.4598427142523
912.1084115505219, -2570.1195851053703, 532.59407174039
912.6320459842682, 771.6139636889801, 709.8103225240505
913.1805789470673, 1507.7237535661914, 524.3923815459204
913.6044902801514, 1273.4370767911507, 189.78172068527437
914.1371216773987, 1230.1925767545401, 630.2646236471313
914.6537415981293, 1284.5827571348095, 371.44253213384764
915.12451004982, 1229.8210210948953, 873.4024211039028
915.5125153064728, 1229.8210210948953, 873.4024211039028
916.163806438446, 809.0754180748638, 285.64543542181514
916.5558485984802, 809.0754180748638, 285.64543542181514
917.1383609771729, 1087.0075557471746, 15.855799796891212
917.7039048671722, 1953.9788791717606, 1735.1569326908216
918.182698726654, 1864.0387528651, 37.00010189737922
918.7561979293823, 1982.7401435430631, 1346.124613249559
919.2658631801605, 256060.29176726408, 163.06816947599268
919.6498086452484, 256060.29176726408, 163.06816947599268
920.2222771644592, 864.6248175629847, 234.9518260056269
920.7668702602386, 1054.9870607573948, 212.74937965987226
921.2426645755768, 710.0753000572292, 126.46644929514875
921.6685259342194, 710.0753000572292, 126.46644929514875
922.2549586296082, 1137.999999998783, 38.54818266991063
922.8324143886566, 1531.040030930323, 653.1109179123565
923.2094061374664, 1531.040030930323, 653.1109179123565
923.8218529224396, 1301.9722006508102, 808.3861166334034
924.2098271846771, 1301.9722006508102, 808.3861166334034
924.8880157470703, 3664.056355936895, 1722.943349289988
925.37570977211, 3190.7974935099483, 725.3300737494831
925.7756721973419, 3190.7974935099483, 725.3300737494831
926.5286595821381, 3406.773649275273, 161.28964707609336
926.9895014762878, 3035.5465448002747, 421.74174775102534
927.4363176822662, 3188.115005068859, 3512.345709213804
928.1164603233337, 2249.5485032599217, 142.9193894191525
928.443609714508, 2639.3773311800132, 580.000000000033
928.8395266532898, 2639.3773311800132, 580.000000000033
929.4678881168365, -8468.129845972351, 927.445121433517
930.1740002632141, 3725.6804914668196, 1171.173222798452
930.480211019516, 44553.00020232586, 1895.1732984689722
930.8891019821167, 44553.00020232586, 1895.1732984689722
931.3818364143372, 44553.00020232586, 1895.1732984689722
931.9672725200653, 2336.417204550021, 1881.5674203517622
932.4580392837524, 1763.2470025398595, 1883.6107512526705
933.0225908756256, 1637.7733592118939, 1884.7791362388793
933.4904000759125, 1567.2514908308076, 1888.2625666140402
933.8923771381378, 1567.2514908308076, 1888.2625666140402
934.5457315444946, 1566.6513747773258, 1887.6589920485821
935.0553686618805, 1570.1962309337216, 1885.0646782928163
935.5600190162659, 2027.5061262765098, 1880.4427612830868
935.9569861888885, 2027.5061262765098, 1880.4427612830868
936.5963521003723, 2827.655319779741, 1879.5440331460948
937.0970544815063, 2921.203164299542, 1883.3502715157802
937.6276450157166, 2990.576847178976, 1881.9878822104095
938.123291015625, 3079.140817699203, 1877.5970960160712
938.644896030426, 3099.174331278041, 1847.3345758892285
939.1366086006165, 3100.8001602869554, 1877.1212678716652
939.6642551422119, 3083.3676867654003, 1879.604101596997
940.1449692249298, 3066.2261734494487, 1878.8261567273623
940.5359246730804, 3066.2261734494487, 1878.8261567273623
941.1722519397736, 3032.22567894679, 1883.9461972570004
941.6818878650665, 2963.468388307909, 1880.4855727239028
942.0519635677338, 2963.468388307909, 1880.4855727239028
942.7013278007507, 2575.8008901813964, 1882.8697736483145
943.0883309841156, 2575.8008901813964, 1882.8697736483145
943.6000461578369, 2575.8008901813964, 1882.8697736483145
944.2363855838776, 2441.8907178508643, 1874.6717251361035
944.7948925495148, 2444.4995505093834, 1877.8785182798604
945.1459820270538, 2444.4995505093834, 1877.8785182798604
945.7773683071136, 2443.6423186308043, 1877.1494405426542
946.3029630184174, 2444.208906180527, 1878.0024360510038
946.8315501213074, 2443.4216032551403, 1876.8084612467949
947.3322124481201, 2443.2806254364646, 1876.565338050229
947.8448402881622, 2443.8573964224024, 1877.2940718286375
948.3455023765564, 2444.078204382578, 1877.3439617288677
948.920964717865, 2443.397691538257, 1876.4412960615098
949.3857209682465, 2443.3956521610116, 1876.9470976828045
949.929267168045, 2444.234845240008, 1877.4372166566677
950.4289317131042, 2443.3926950645846, 1877.8358579294006
950.9167084693909, 2443.821599095473, 1877.3289691071195
951.4193954467773, 2443.272294765914, 1877.0154054142085
951.951940536499, 2443.527302730982, 1877.0890999871688
952.47554063797, 2443.8968162375427, 1876.953081718376
952.9692509174347, 2444.4865340559254, 1877.104712540651
953.4858934879303, 2444.180972936922, 1876.9194957774398
953.8629560470581, 2444.180972936922, 1876.9194957774398
954.4843347072601, 2443.9314857478403, 1877.4973092617242
954.885288476944, 2443.9314857478403, 1877.4973092617242
955.5056312084198, 2443.392086975122, 1878.1995884098446
956.0402007102966, 2443.4389152993544, 1877.0252410073867
956.5278980731964, 2443.916923393315, 1877.349838637482
957.0485053062439, 2443.74417797255, 1877.665986553961
957.5870654582977, 2443.6744421705976, 1877.9323600508894
957.9551134109497, 2443.6744421705976, 1877.9323600508894
958.5766093730927, 2443.2107918092606, 1876.176999976915
959.0992116928101, 2444.2712852066047, 1877.2085545846187
959.4692232608795, 2444.2712852066047, 1877.2085545846187
959.9848453998566, 2444.2712852066047, 1877.2085545846187
960.6191928386688, 2444.4467848158033, 1877.5112372660171
961.1049227714539, 2443.4605561931075, 1876.9615746874094
961.6205372810364, 2442.740490291611, 1876.6134967217588
961.9875559806824, 2442.740490291611, 1876.6134967217588
962.4873006343842, 2442.740490291611, 1876.6134967217588
963.0159482955933, 2442.740490291611, 1876.6134967217588
963.506730556488, 2442.740490291611, 1876.6134967217588
964.01935338974, 2442.740490291611, 1876.6134967217588
964.7355198860168, 3659.7399738821464, 442.7586268088322
965.1454758644104, 3659.7399738821464, 442.7586268088322
965.6252958774567, 3659.7399738821464, 442.7586268088322
966.2855308055878, 3762.7414521927503, 989.5696964444477
966.6465950012207, 3762.7414521927503, 989.5696964444477
967.2499854564667, 3779.208274487015, 282.4014654140793
967.6449587345123, 3779.208274487015, 282.4014654140793
968.4348468780518, 3017.39220315987, 668.3966112573642
968.9065866470337, 2061.4665779230595, 1118.0617336851055
969.2985434532166, 812.2700888875365, 1080.272447681958
969.9129414558411, 361.95521640200315, 91.76086832214338
970.3179273605347, 1785.7945490648003, 524.8827878555124
970.9083452224731, 3873.0202590190515, 1364.125134021783
971.399032831192, -149482.21341159497, 1903.6787456518127
971.8708190917969, 359.73775805753996, 65.01408211992387
972.3884353637695, 2071.5824682486314, 1394.7891826625535
972.8940825462341, 2910.973942049611, 2068.1526500617906
973.2750642299652, 2910.973942049611, 2068.1526500617906
973.7927632331848, 2910.973942049611, 2068.1526500617906
974.4260993003845, 2233.0845189263437, 187.54393676122186
975.0254962444305, 59762.347309523415, 849.1118099226853
975.3995020389557, 2414.792527513287, 1236.86950114262
975.93310713768, 3639.2658128167704, 478.4672536535822
976.541508436203, 1873.2924724296158, 554.4047206075254
977.0531723499298, 1958.4132567087365, 1178.146550531896
977.5678374767303, 1888.69812237363, 536.272466538636
977.9538667201996, 1888.69812237363, 536.272466538636
978.4526121616364, 1888.69812237363, 536.272466538636
979.0869624614716, 1964.4122451900569, 902.1981736340518
979.5846607685089, 1917.5036213997253, 681.4471086299586
980.0025129318237, 1917.5036213997253, 681.4471086299586
980.4722583293915, 1294.0130654323282, 2018.566649600916
981.0009326934814, 3629.5275054472004, 2001.7625007565991
981.5326173305511, 3525.737118556689, 2003.4476870148926
982.0043683052063, 3466.8438717557, 2012.9505725762124
982.5329859256744, 3463.2864888155787, 2011.567147445803
983.0496253967285, 3573.9084540026, 2004.0725185924937
983.5613021850586, 3583.2358712827745, 2010.2179514777804
984.0779459476471, 3631.856662867823, 2010.3366569069278
984.6495671272278, 3660.3010816124142, 2012.5318673711745
985.0734632015228, 3663.1193592581876, 2012.8964472697262
985.6011164188385, 3662.274174355769, 2009.9322507204542
986.1097831726074, 3707.0679894403484, 2012.039872451232
986.6244561672211, 3668.95653728063, 2013.7396932538654
987.1091599464417, 3675.0652025388613, 2006.6266581846878
987.6657001972198, 3681.3431252195164, 2010.435864433805
988.1314263343811, 3681.3748912267506, 2013.8775625245642
988.653032541275, 3681.335848997396, 2010.2996988432812
989.159677028656, 3680.441218303477, 2009.5680159638337
989.6893198490143, 3682.4641247402396, 2008.6982507219898
990.1760833263397, 3685.04079543916, 2007.5875197043351
990.7026958465576, 3684.1317328386285, 2008.1633947881508
991.2064876556396, 3710.341504474494, 2005.0753737577754
991.602457523346, 3710.341504474494, 2005.0753737577754
992.2207760810852, 3714.8883978391036, 2003.5348918953978
992.6177144050598, 3714.8883978391036, 2003.5348918953978
993.2380664348602, 3519.7227287522087, 2004.609552195124
993.8065836429596, 1721.8679508694984, 2007.4515582234371
994.2793548107147, 169.0102761967479, 2012.9376313802327
994.7960004806519, 159.31385778447057, 2011.2546096259334
995.2876648902893, 115.72120715887057, 2011.492956145906
995.7005927562714, 115.72120715887057, 2011.492956145906
996.3220491409302, 28.760536629024358, 2017.417998202154
996.855621099472, -98.0209594816232, 2016.2322008348497
997.3542892932892, 4.444619400706847, 2018.967166312777
997.8908531665802, -87.69770447939916, 154.7819917442126
998.4553465843201, 3895.4999999967567, 2641.9999999903243
998.840315580368, 3895.4999999967567, 2641.9999999903243
999.354939699173, 3895.4999999967567, 2641.9999999903243
999.8675682544708, 3895.4999999967567, 2641.9999999903243
1000.4410905838013, 1193.3304919744457, 2017.4076094605741
1000.8290939331055, 1193.3304919744457, 2017.4076094605741
1001.3547556400299, 1193.3304919744457, 2017.4076094605741
1001.8335886001587, 1193.3304919744457, 2017.4076094605741
1002.4789290428162, 1198.9409159908419, 2015.2892063753152
1003.0015330314636, 1264.3556878986676, 2015.841081571881
1003.5121672153473, 761.0869132228141, 2017.0700564731576
1004.0088620185852, 467.3632937237854, 2017.4740657685052
1004.5215775966644, 392.51241028482445, 2017.0808518882736
1005.0591375827789, 623.2898245274982, 1994.7725165022891
1005.5637891292572, 1537.5544452028819, 2012.1771138607762
1006.0824029445648, 1540.0106279224105, 2013.751022023011
1006.4564025402069, 1540.0106279224105, 2013.751022023011
1007.108724117279, 1920.088959283157, 2013.8348596170085
1007.6213295459747, 2185.4383100910804, 2013.5559054404364
1008.1698627471924, 2257.8815333378807, 2008.6915083763065
1008.5239157676697, 2257.8815333378807, 2008.6915083763065
1009.157222032547, 2654.6288388976604, 2013.1814771378388
1009.6808226108551, 2668.275964596494, 2011.0866595789325
1010.0468759536743, 2668.275964596494, 2011.0866595789325
1010.692245721817, 2669.4071486624816, 2011.208768548547
1011.1959609985352, 2669.2485002052217, 2011.4200852422075
1011.7046024799347, 2669.6597617614143, 2011.2817701277909
1012.2222459316254, 2669.5505755023723, 2011.0917376576244
1012.6032333374023, 2669.5505755023723, 2011.0917376576244
1013.2276058197021, 2670.059491096496, 2011.5069409845876
1013.7452442646027, 2670.0518138704747, 2011.4532981213135
1014.1342113018036, 2670.0518138704747, 2011.4532981213135
1014.6289200782776, 2670.0518138704747, 2011.4532981213135
1015.2563455104828, 2670.149449582352, 2011.1604801012977
1015.6583027839661, 2670.149449582352, 2011.1604801012977
1016.1831233501434, 2670.149449582352, 2011.1604801012977
1016.8124265670776, 2670.342944786014, 2011.456342444395
1017.3181071281433, 2670.4485120982104, 2011.110988100537
1017.7539412975311, 2670.4485120982104, 2011.110988100537
1018.3692967891693, 2670.6743028324777, 2011.2412757871555
1018.8829271793365, 2671.0057343929207, 2011.1653574663694
1019.4045696258545, 2670.915093188853, 2011.4075559695561
1019.9202196598053, 2670.855337038804, 2010.9935244573905
1020.2702991962433, 2670.855337038804, 2010.9935244573905
1020.8907277584076, 2671.227019510786, 2011.8346252203428
1021.2926526069641, 2671.227019510786, 2011.8346252203428
1021.983847618103, 2670.999868254101, 2010.8305910479796
1022.4876704216003, 2671.0869704779575, 2011.1498152803076
1022.9633994102478, 2671.0009879227937, 2011.1392171970733
1023.349366903305, 2671.0009879227937, 2011.1392171970733
1023.8221101760864, 2671.0009879227937, 2011.1392171970733
1024.33078622818, 2671.0009879227937, 2011.1392171970733
1024.9730689525604, 2671.0952031716442, 2011.4300373188246
1025.3531079292297, 2671.0952031716442, 2011.4300373188246
1025.8537952899933, 2671.0952031716442, 2011.4300373188246
1026.3614463806152, 2671.0952031716442, 2011.4300373188246
1026.8912539482117, 2671.0952031716442, 2011.4300373188246
1027.5036373138428, 2671.338043258548, 2011.0601578395065
1028.0433068275452, 2671.536971023253, 2011.328995318843
1028.5399537086487, 2671.5450188645445, 2010.9553817915257
1029.0446820259094, 2671.549558363421, 2011.006852480439
1029.5563085079193, 2671.5705049910825, 2010.7065339181465
1030.0739228725433, 2671.460761585948, 2010.711456483854
1030.4369814395905, 2671.460761585948, 2010.711456483854
1030.9496097564697, 2671.460761585948, 2010.711456483854
1031.5950360298157, 2671.7220451647045, 2011.1767282337448
1032.0988290309906, 2671.7493643998628, 2011.0071331656236
1032.4868702888489, 2671.7493643998628, 2011.0071331656236
1033.114247560501, 2671.6351139111043, 2011.2135795411486
1033.641853094101, 2671.5750565344138, 2011.1062534792663
1034.1585001945496, 2671.9400142587624, 2011.0777471124281
1034.674194097519, 2671.841361136896, 2011.229308846891
1035.166921377182, 2671.7067496336385, 2011.0862943914137
1035.7314901351929, 2671.841650978262, 2010.7292182209799
1036.0675928592682, 2671.841650978262, 2010.7292182209799
1036.7008979320526, 2671.9714639656336, 2010.9223836593715
1037.2055485248566, 2671.910678784132, 2010.9451243730489
1037.7272491455078, 2671.7941355482535, 2010.8025735818728
1038.2259154319763, 2671.82795093014, 2011.0297509793525
1038.7644760608673, 2671.767322769432, 2011.130728603023
1039.281094789505, 2671.9284238295313, 2010.9001649475158
1039.7768321037292, 2671.7097888917338, 2010.9175292725006
1040.2775337696075, 2671.91904560292, 2010.133490995087
1040.8251080513, 2671.930537476455, 2010.7574180221777
1041.3477432727814, 2671.9886051226927, 2010.779875662342
1041.7037909030914, 2671.9886051226927, 2010.779875662342
1042.190490245819, 2671.9886051226927, 2010.779875662342
1042.8219034671783, 2672.07591497807, 2010.7271379009321
1043.2547998428345, 2672.07591497807, 2010.7271379009321
1043.7366840839386, 2672.07591497807, 2010.7271379009321
1044.2632462978363, 2672.07591497807, 2010.7271379009321
1044.7768731117249, 2672.07591497807, 2010.7271379009321
1045.380259513855, 2672.0903294191867, 2010.787535574003
1045.9198441505432, 2672.2604596465435, 2010.8479622968412
1046.4455335140228, 2672.117957393191, 2010.6010639673905
1046.8156559467316, 2672.117957393191, 2010.6010639673905
1047.463948726654, 2672.015004086889, 2010.5861247285761
1047.9616894721985, 2672.4879439142596, 2010.8201166547096
1048.468334197998, 2672.288600688993, 2010.9705955551265
1048.9760081768036, 2672.2048495211143, 2010.6443840616032
1049.4766623973846, 2672.2346732490873, 2010.8911923308458
1049.8806631565094, 2672.2346732490873, 2010.8911923308458
1050.494115114212, 2672.238051949665, 2010.9224633598697
1050.8840725421906, 2672.238051949665, 2010.9224633598697
1051.5064079761505, 2672.152858548843, 2010.8960576283282
1052.0549416542053, 2672.167999082, 2010.9008952994052
1052.5257079601288, 2672.180575847594, 2010.734368133123
1052.9257442951202, 2672.180575847594, 2010.734368133123
1053.5372128486633, 2672.1574803718886, 2010.555842934032
1054.0777926445007, 2672.3597548390985, 2010.647128383491
1054.4289200305939, 2672.3597548390985, 2010.647128383491
1055.0882675647736, 2672.3965236545937, 2010.9915111723544
1055.5819735527039, 2672.066053260928, 2010.8820541998375
1056.0886464118958, 2672.107946591394, 2011.1329653465139
1056.6042399406433, 2672.22968518227, 2010.875346509756
1057.1039953231812, 2672.070580582012, 2010.8683729043025
1057.610672712326, 2672.265867389418, 2010.9502753436284
1057.998658657074, 2672.265867389418, 2010.9502753436284
1058.6410067081451, 2672.226194197806, 2011.0261408983486
1059.1516585350037, 2672.1510053855236, 2010.9122036609872
1059.6603333950043, 2672.028605096595, 2010.8840616889613
1060.032339811325, 2672.028605096595, 2010.8840616889613
1060.6716766357422, 2672.365050155039, 2010.9025420494181
1061.090631723404, 2672.365050155039, 2010.9025420494181
1061.6910531520844, 2672.1165904883724, 2010.828595940147
1062.227618932724, 2672.2935853886675, 2010.5636668107966
1062.7053482532501, 2672.127921489805, 2011.2708996997635
1063.2000551223755, 2672.210397314741, 2010.8178085780132
1063.707715511322, 2672.130975060364, 2010.9470725311076
1064.2083983421326, 2672.251712109493, 2010.4808998654228
1064.621371269226, 2672.251712109493, 2010.4808998654228
1065.2467000484467, 2672.325422709585, 2010.7428755118049
1065.7583632469177, 2672.5753634956213, 2010.4828038254186
1066.1533670425415, 2672.5753634956213, 2010.4828038254186
1066.814610004425, 2672.287224612489, 2010.9851181859208
1067.2693846225739, 2672.454465753496, 2010.386730162587
1067.6523926258087, 2672.454465753496, 2010.386730162587
1068.1630272865295, 2672.454465753496, 2010.386730162587
1068.8232922554016, 2672.433481349184, 2010.6613559346324
1069.2930059432983, 2672.145672205145, 2010.5761150085789
1069.8216345310211, 2672.2806366219775, 2011.0465484897845
1070.3233559131622, 2672.3908760232853, 2011.0644121283624
1070.8579277992249, 2672.3583504227254, 2010.8820811519317
1071.3555960655212, 2672.105130926429, 2010.9739792062437
1071.879227399826, 2672.3076747886666, 2010.78342324297
1072.4098088741302, 2672.286917484397, 2010.731126524499
1072.9164564609528, 2672.291968950488, 2010.8822311591382
1073.4161195755005, 2672.0680753413712, 2010.7090703621345
1073.9526839256287, 2672.0509922225824, 2010.8585723984897
1074.462354183197, 2672.1987633830586, 2010.5009811650036
1074.9859535694122, 2672.021512332232, 2010.6984746137473
1075.500610113144, 2672.1996741472262, 2010.7635598823424
1076.0032677650452, 2672.44938790101, 2010.5815504620302
1076.512903213501, 2672.254916738269, 2010.9910182962096
1077.013659477234, 2672.086778179583, 2010.6233539476816
1077.519333600998, 2672.1733303134138, 2010.8846602728997
1077.9033317565918, 2672.1733303134138, 2010.8846602728997
1078.4080414772034, 2672.1733303134138, 2010.8846602728997
1079.076256275177, 2672.2221609329954, 2010.7205982358535
1079.4462950229645, 2672.2221609329954, 2010.7205982358535
1080.1015837192535, 2672.064803683878, 2010.6777973575379
1080.4737548828125, 2672.064803683878, 2010.6777973575379
1081.121057510376, 2671.9945909844005, 2010.8938286169482
1081.6427495479584, 2672.100589562806, 2010.9522455154952
1082.1325013637543, 2672.118659001374, 2010.7822714829008
1082.5294425487518, 2672.118659001374, 2010.7822714829008
1083.1568217277527, 2672.030523302853, 2010.9393798305273
1083.678456068039, 2672.097397623295, 2010.7571089255027
1084.0774319171906, 2672.097397623295, 2010.7571089255027
1084.729787826538, 2672.0411898412467, 2010.9572634976146
1085.2144446372986, 2671.9089818814896, 2010.8734036613785
1085.5974433422089, 2671.9089818814896, 2010.8734036613785
1086.1220829486847, 2671.9089818814896, 2010.8734036613785
1086.625726699829, 2671.9089818814896, 2010.8734036613785
1087.2750236988068, 2672.1930308042624, 2010.5881252986521
1087.813645362854, 2671.9622865519955, 2010.8290971519077
1088.2834448814392, 2672.038198001693, 2011.434570525311
1088.8040852546692, 2671.7602171058675, 2010.2635913877361
1089.182106256485, 2671.7602171058675, 2010.2635913877361
1089.6977751255035, 2671.7602171058675, 2010.2635913877361
1090.338033914566, 2671.86229115719, 2010.6200838290881
1090.8477005958557, 2671.727783177876, 2009.881501580921
1091.441106081009, 1950.94122425145, 782.4911543811477
1091.856017112732, 1950.94122425145, 782.4911543811477
1092.4066088199615, 2672.0726181354266, 2011.2257799881952
1092.8983137607574, 2672.1217344298716, 2010.3958414302163
1093.39306306839, 2672.006452461692, 2010.653940012651
1094.0553560256958, 2672.1018579811507, 2010.5969345402982
1094.3934524059296, 2671.7161259669374, 2010.2332525247984
1094.9250404834747, 2671.8803219145407, 2010.6592507104517
1095.4197475910187, 2671.8207376423115, 2010.5273448734147
1095.934371471405, 2671.942494182276, 2010.5580667285037
1096.3104116916656, 2671.942494182276, 2010.5580667285037
1096.9357533454895, 2671.9223301858656, 2010.9327604604248
1097.4404776096344, 2672.056492215135, 2010.9467951814659
1097.9491875171661, 2671.8829319173747, 2010.3652464527638
1098.3431904315948, 2671.8829319173747, 2010.3652464527638
1098.9625341892242, 2671.7420632440817, 2010.8374664784842
1099.4641933441162, 2671.968386469912, 2010.7964084568234
1099.990817308426, 2672.024107791375, 2010.7046190882018
1100.36781001091, 2672.024107791375, 2010.7046190882018
1101.000118970871, 2671.923496326632, 2010.8624518377587
1101.6633460521698, 2018.528312040075, 926.810283379629
1102.1081907749176, 1952.9182009538567, 893.085110842208
1102.4802124500275, 1952.9182009538567, 893.085110842208
1103.0836117267609, 1978.2453708406942, 1400.1579220981228
1103.5942687988281, 2078.1772430038754, 1022.5199325857251
1104.1487848758698, 2160.5139282976606, 108.05828097023604
1104.6116077899933, 2421.156582700297, 2495.848306547612
1105.2160112857819, -476.24780394061884, 1768.5050238641852
1105.6529414653778, 3069.0796361995317, 2879.1220233536833
1106.225421667099, 2294.166983900715, 2023.993304771261
1106.7340614795685, 2559.1067923260584, 2709.5141697380623
1107.1818709373474, 2559.1067923260584, 2709.5141697380623
1107.7214488983154, 2111.9999999991587, 2347.242165907196
1108.1952748298645, 2873.0106849753006, 1721.6828825587468
1108.6011626720428, 2873.0106849753006, 1721.6828825587468
1110.279893875122, 1716.5219459695973, 2765.7927230326386
1111.1794955730438, 1716.5219459695973, 2765.7927230326386
