time, x0, y0, x1, y1...
2.6784424781799316, 20.0, 20.0
3.296781539916992, 1959.973098380612, 1975.5947142303175
3.6896352767944336, 1959.973098380612, 1975.5947142303175
4.305014371871948, 1959.0168390569427, 1976.1349103229395
4.685992002487183, 1959.0168390569427, 1976.1349103229395
5.3079938888549805, 1958.9368919844774, 1975.2296894910849
5.548347473144531, 1959.2531639314486, 1975.0947607922556
5.680992603302002, 1959.2531639314486, 1975.0947607922556
5.910375595092773, 1959.2533616832052, 1974.9630419302723
6.032048940658569, 1959.2533616832052, 1974.9630419302723
6.216553688049316, 1959.2533616832052, 1974.9630419302723
6.481036186218262, 1959.2533616832052, 1974.9630419302723
6.608693599700928, 1959.2533616832052, 1974.9630419302723
6.716403961181641, 1959.2533616832052, 1974.9630419302723
7.303284406661987, 1958.218277873128, 1975.6455026667243
7.802349328994751, 1957.8603109553121, 1975.7044393958313
8.045668363571167, 1958.2540721391126, 1975.7298164476647
8.177313089370728, 1958.2540721391126, 1975.7298164476647
8.422653913497925, 1958.4617359253427, 1975.7788861086783
8.692928791046143, 1958.5605397812183, 1975.9822835893297
8.8046293258667, 1958.5605397812183, 1975.9822835893297
8.923309564590454, 1958.5605397812183, 1975.9822835893297
9.183872699737549, 1958.5605397812183, 1975.9822835893297
9.767296075820923, 1958.3159482068058, 1975.8994206730686
10.019618511199951, 1959.882451559255, 1976.5923884726762
10.33577036857605, 1958.3696346817746, 1975.8188910407098
10.462430238723755, 1958.3696346817746, 1975.8188910407098
10.71176028251648, 1958.3696346817746, 1975.8188910407098
11.189477682113647, 1958.3696346817746, 1975.8188910407098
11.45676040649414, 1958.3696346817746, 1975.8188910407098
11.686143159866333, 1958.3696346817746, 1975.8188910407098
12.311463594436646, 1959.2081596585592, 1974.843477305175
12.614676713943481, 1959.2081596585592, 1974.843477305175
12.726349115371704, 1959.2081596585592, 1974.843477305175
13.3077871799469, 1959.4595791040483, 1975.4939130998785
13.683674335479736, 1959.4595791040483, 1975.4939130998785
14.19302225112915, 1959.4595791040483, 1975.4939130998785
14.694040536880493, 1959.4595791040483, 1975.4939130998785
15.304377317428589, 1958.6450567654051, 1977.0549793418018
15.688295125961304, 1958.6450567654051, 1977.0549793418018
16.299681186676025, 1958.497878403478, 1974.5796938711958
16.691599369049072, 1958.497878403478, 1974.5796938711958
17.17981743812561, 1958.497878403478, 1974.5796938711958
17.68354868888855, 1958.497878403478, 1974.5796938711958
18.181211471557617, 1958.497878403478, 1974.5796938711958
18.683890104293823, 1958.497878403478, 1974.5796938711958
19.179535388946533, 1958.497878403478, 1974.5796938711958
19.411906242370605, 1958.042061885798, 1975.3787370543275
19.690228700637817, 1958.042061885798, 1975.3787370543275
20.31662130355835, 1958.3237045504436, 1975.7616946086544
20.805374145507812, 1957.6404830852134, 1975.849412570698
21.179296493530273, 1957.6404830852134, 1975.849412570698
21.372776985168457, 1957.6404830852134, 1975.849412570698
21.697028398513794, 1957.6404830852134, 1975.849412570698
22.179734230041504, 1957.6404830852134, 1975.849412570698
22.80297017097473, 1959.0927948844214, 1975.5463094422657
22.873779296875, 1959.0927948844214, 1975.5463094422657
23.181556224822998, 1959.0927948844214, 1975.5463094422657
23.69312047958374, 1959.0927948844214, 1975.5463094422657
24.18627381324768, 1959.0927948844214, 1975.5463094422657
24.811378717422485, 1957.9239738490992, 1975.6137546389616
25.180297374725342, 1957.464841096624, 1975.8418247589232
25.31992506980896, 1957.464841096624, 1975.8418247589232
25.684731245040894, 1957.464841096624, 1975.8418247589232
26.190165758132935, 1957.464841096624, 1975.8418247589232
26.807507038116455, 1959.557602573967, 1973.9789811373469
27.055955410003662, 1959.557602573967, 1973.9789811373469
27.185606718063354, 1959.557602573967, 1973.9789811373469
27.80814552307129, 1958.762173252998, 1957.6240686076258
28.18731665611267, 1958.762173252998, 1957.6240686076258
28.812697649002075, 1960.466927614148, 1958.2420984100615
29.184732675552368, 1960.466927614148, 1958.2420984100615
29.81699848175049, 1960.784911407102, 1951.8811215997428
30.188250303268433, 1960.784911407102, 1951.8811215997428
30.806589603424072, 1960.4971964371184, 1934.007877912491
31.195561408996582, 1960.4971964371184, 1934.007877912491
31.8182110786438, 1961.595110105281, 1905.4248012259798
32.19320368766785, 1961.595110105281, 1905.4248012259798
32.70351600646973, 1961.595110105281, 1905.4248012259798
33.3015398979187, 1961.793728315705, 1904.2746730971496
33.80817890167236, 1959.3787927257763, 1882.7613960944705
34.30983209609985, 1960.9989703354095, 1882.42671329353
34.68902850151062, 1960.9989703354095, 1882.42671329353
35.18569016456604, 1960.9989703354095, 1882.42671329353
35.687578439712524, 1960.9989703354095, 1882.42671329353
36.195215463638306, 1960.9989703354095, 1882.42671329353
36.43955898284912, 1960.1933330207235, 1838.6782174109424
36.71133279800415, 1960.1933330207235, 1838.6782174109424
37.32045102119446, 1959.9575831488648, 1838.2222459635461
37.83936142921448, 1959.763343754886, 1838.6780255037443
37.96801519393921, 1959.763343754886, 1838.6780255037443
38.196402072906494, 1959.763343754886, 1838.6780255037443
38.70117259025574, 1959.763343754886, 1838.6780255037443
39.2018609046936, 1959.763343754886, 1838.6780255037443
39.70793581008911, 1959.763343754886, 1838.6780255037443
40.19663453102112, 1959.763343754886, 1838.6780255037443
40.71022701263428, 1959.763343754886, 1838.6780255037443
41.20102381706238, 1959.763343754886, 1838.6780255037443
41.70352745056152, 1959.763343754886, 1838.6780255037443
42.20346736907959, 1959.763343754886, 1838.6780255037443
42.82362723350525, 1961.3668852073818, 1792.9594312331703
43.20546054840088, 1961.3668852073818, 1792.9594312331703
43.70944333076477, 1961.3668852073818, 1792.9594312331703
44.20511174201965, 1961.3668852073818, 1792.9594312331703
44.82505416870117, 1962.4867136965365, 1792.0954153403977
45.214009046554565, 1962.4867136965365, 1792.0954153403977
45.83960771560669, 1961.871413788309, 1791.7787526112957
46.21835684776306, 1961.871413788309, 1791.7787526112957
46.4991090297699, 1961.871413788309, 1791.7787526112957
46.71927213668823, 1961.871413788309, 1791.7787526112957
47.214447021484375, 1961.871413788309, 1791.7787526112957
47.72552561759949, 1961.871413788309, 1791.7787526112957
48.21252393722534, 1961.871413788309, 1791.7787526112957
48.721044063568115, 1961.871413788309, 1791.7787526112957
49.325438261032104, 1962.688870979262, 1791.017825514999
49.72035074234009, 1962.688870979262, 1791.017825514999
50.23160195350647, 1962.688870979262, 1791.017825514999
50.72427773475647, 1962.688870979262, 1791.017825514999
51.21396255493164, 1962.688870979262, 1791.017825514999
51.72359347343445, 1962.688870979262, 1791.017825514999
52.23855376243591, 1962.688870979262, 1791.017825514999
52.72344350814819, 1962.688870979262, 1791.017825514999
53.21113348007202, 1962.688870979262, 1791.017825514999
53.72375726699829, 1962.688870979262, 1791.017825514999
54.3311243057251, 1962.7946421867725, 1782.958026094874
54.845741987228394, 1962.1215050486678, 1782.1278921787314
55.23170566558838, 1962.1215050486678, 1782.1278921787314
55.72039294242859, 1962.1215050486678, 1782.1278921787314
56.21307110786438, 1962.1215050486678, 1782.1278921787314
56.84234094619751, 1963.6491664898012, 1780.1194362140905
57.34656023979187, 1963.3414886046453, 1781.4109661241741
57.72479772567749, 1963.3414886046453, 1781.4109661241741
58.21284890174866, 1963.3414886046453, 1781.4109661241741
58.72460389137268, 1963.3414886046453, 1781.4109661241741
59.16733932495117, 1963.3414886046453, 1781.4109661241741
59.30294728279114, 1963.3414886046453, 1781.4109661241741
59.72182273864746, 1963.3414886046453, 1781.4109661241741
60.21199417114258, 1963.3414886046453, 1781.4109661241741
60.721389293670654, 1963.3414886046453, 1781.4109661241741
60.95476293563843, 1963.3414886046453, 1781.4109661241741
61.340675830841064, 1963.920863945745, 1781.2635542207265
61.835829973220825, 1963.667237776873, 1781.5068978743684
62.34120059013367, 1963.894721666702, 1780.997287449522
62.71865248680115, 1963.894721666702, 1780.997287449522
63.210498094558716, 1963.894721666702, 1780.997287449522
63.716004371643066, 1963.894721666702, 1780.997287449522
63.80576205253601, 1963.894721666702, 1780.997287449522
64.3287878036499, 1963.5900024123093, 1780.2778784666743
64.71789693832397, 1963.5900024123093, 1780.2778784666743
65.21057271957397, 1963.5900024123093, 1780.2778784666743
65.84593510627747, 1964.8462642480263, 1781.1583513218602
66.22491812705994, 1964.8462642480263, 1781.1583513218602
66.71762275695801, 1964.8462642480263, 1781.1583513218602
67.22211122512817, 1964.8462642480263, 1781.1583513218602
67.84270572662354, 1964.536102562265, 1781.1892650041345
68.21038460731506, 1964.536102562265, 1781.1892650041345
68.72541761398315, 1964.536102562265, 1781.1892650041345
69.21607279777527, 1964.536102562265, 1781.1892650041345
69.72171306610107, 1964.536102562265, 1781.1892650041345
70.21937704086304, 1964.536102562265, 1781.1892650041345
70.7140474319458, 1964.536102562265, 1781.1892650041345
71.22367835044861, 1964.536102562265, 1781.1892650041345
71.74926662445068, 1964.536102562265, 1781.1892650041345
72.2140805721283, 1964.536102562265, 1781.1892650041345
72.71782565116882, 1964.536102562265, 1781.1892650041345
73.3405089378357, 1964.532728544904, 1752.4776274339376
73.7336962223053, 1964.532728544904, 1752.4776274339376
74.24332690238953, 1964.532728544904, 1752.4776274339376
74.71650862693787, 1964.532728544904, 1752.4776274339376
74.96185088157654, 1964.9110617236536, 1752.4670224034794
75.21516942977905, 1964.9110617236536, 1752.4670224034794
75.71729707717896, 1964.9110617236536, 1752.4670224034794
76.21708583831787, 1964.9110617236536, 1752.4670224034794
76.71269536018372, 1964.9110617236536, 1752.4670224034794
76.91134142875671, 1964.9110617236536, 1752.4670224034794
77.22449946403503, 1964.9110617236536, 1752.4670224034794
77.7238597869873, 1964.9110617236536, 1752.4670224034794
77.95449876785278, 1964.9110617236536, 1752.4670224034794
78.2207841873169, 1964.9110617236536, 1752.4670224034794
78.71589422225952, 1964.9110617236536, 1752.4670224034794
79.21224355697632, 1964.9110617236536, 1752.4670224034794
79.71289849281311, 1964.9110617236536, 1752.4670224034794
79.81063532829285, 1964.9110617236536, 1752.4670224034794
80.22582077980042, 1964.9110617236536, 1752.4670224034794
80.7240378856659, 1964.9110617236536, 1752.4670224034794
81.21447396278381, 1964.9110617236536, 1752.4670224034794
81.71649408340454, 1964.9110617236536, 1752.4670224034794
82.22289061546326, 1964.9110617236536, 1752.4670224034794
82.7139081954956, 1964.9110617236536, 1752.4670224034794
83.2155327796936, 1964.9110617236536, 1752.4670224034794
83.71172404289246, 1964.9110617236536, 1752.4670224034794
84.21416807174683, 1964.9110617236536, 1752.4670224034794
84.8304238319397, 1964.2852394675995, 1752.9276019273045
85.21439266204834, 1964.2852394675995, 1752.9276019273045
85.71317410469055, 1964.2852394675995, 1752.9276019273045
86.21183443069458, 1964.2852394675995, 1752.9276019273045
86.83615207672119, 1963.9501070579458, 1752.609308895512
87.22236609458923, 1963.9501070579458, 1752.609308895512
87.72527647018433, 1963.9501070579458, 1752.609308895512
88.21098828315735, 1963.9501070579458, 1752.609308895512
88.71264100074768, 1963.9501070579458, 1752.609308895512
89.21076035499573, 1963.9501070579458, 1752.609308895512
89.84303188323975, 1965.3163010746996, 1753.5444562848502
90.21892023086548, 1965.3163010746996, 1753.5444562848502
90.71745562553406, 1965.3163010746996, 1753.5444562848502
91.22114872932434, 1965.3163010746996, 1753.5444562848502
91.71317529678345, 1965.3163010746996, 1753.5444562848502
92.2109260559082, 1965.3163010746996, 1753.5444562848502
92.85065865516663, 1966.4337081715191, 1749.2379021886763
93.21369481086731, 1966.4337081715191, 1749.2379021886763
93.72498798370361, 1966.4337081715191, 1749.2379021886763
94.22265076637268, 1966.4337081715191, 1749.2379021886763
94.71632528305054, 1966.4337081715191, 1749.2379021886763
95.32739925384521, 1966.7139249938637, 1739.5902849510974
95.83503651618958, 1963.7090475916577, 1738.899625951247
96.34367084503174, 1965.9563389116356, 1739.5144115284834
96.72107577323914, 1965.9563389116356, 1739.5144115284834
97.32307028770447, 1966.4899890401798, 1738.5663987431471
97.72199869155884, 1966.4899890401798, 1738.5663987431471
98.21733403205872, 1966.4899890401798, 1738.5663987431471
98.71408319473267, 1966.4899890401798, 1738.5663987431471
99.34144234657288, 1964.6049293758583, 1725.022797359841
99.72148704528809, 1964.6049293758583, 1725.022797359841
100.32733225822449, 1964.4810314256074, 1725.656089009262
100.73226737976074, 1964.4810314256074, 1725.656089009262
101.34469175338745, 1965.244727178021, 1725.5027689070191
101.72621488571167, 1965.244727178021, 1725.5027689070191
102.22025752067566, 1965.244727178021, 1725.5027689070191
102.83864092826843, 1964.5777755917954, 1725.8418671001216
103.22759413719177, 1964.5777755917954, 1725.8418671001216
103.36123394966125, 1964.5777755917954, 1725.8418671001216
103.71499919891357, 1964.5777755917954, 1725.8418671001216
104.2211365699768, 1964.5777755917954, 1725.8418671001216
104.52232551574707, 1964.5777755917954, 1725.8418671001216
104.87836909294128, 1963.6832167378502, 1707.837383533104
105.21085524559021, 1963.6832167378502, 1707.837383533104
105.72765922546387, 1963.6832167378502, 1707.837383533104
106.22091460227966, 1963.6832167378502, 1707.837383533104
106.71359205245972, 1963.6832167378502, 1707.837383533104
107.34288597106934, 1964.543417269731, 1707.7149167216414
107.40172743797302, 1964.543417269731, 1707.7149167216414
107.71388936042786, 1964.543417269731, 1707.7149167216414
108.21257257461548, 1964.543417269731, 1707.7149167216414
108.71995329856873, 1964.543417269731, 1707.7149167216414
109.21461892127991, 1964.543417269731, 1707.7149167216414
109.83549571037292, 1964.668625514734, 1707.8451084050093
110.21589827537537, 1964.668625514734, 1707.8451084050093
110.71719694137573, 1964.668625514734, 1707.8451084050093
111.21461272239685, 1964.668625514734, 1707.8451084050093
111.7140793800354, 1964.668625514734, 1707.8451084050093
112.22208261489868, 1964.668625514734, 1707.8451084050093
112.72027587890625, 1964.668625514734, 1707.8451084050093
113.22093224525452, 1964.668625514734, 1707.8451084050093
113.71697282791138, 1964.668625514734, 1707.8451084050093
114.33826947212219, 1964.5025321640746, 1690.7014550510412
114.83522963523865, 1965.0794270357844, 1690.6721893062122
115.33089780807495, 1964.6926082593673, 1690.0568206369217
115.71694898605347, 1964.6926082593673, 1690.0568206369217
116.21062302589417, 1964.6926082593673, 1690.0568206369217
116.7243959903717, 1964.6926082593673, 1690.0568206369217
117.21905946731567, 1964.6926082593673, 1690.0568206369217
117.71930313110352, 1964.6926082593673, 1690.0568206369217
118.35858535766602, 1965.0807893811975, 1681.1601612487968
118.71462988853455, 1965.0807893811975, 1681.1601612487968
119.05371832847595, 1965.763138542211, 1682.1269194863396
119.22129845619202, 1965.763138542211, 1682.1269194863396
119.71361994743347, 1965.763138542211, 1682.1269194863396
120.21552538871765, 1965.763138542211, 1682.1269194863396
120.85680150985718, 1965.6469733234755, 1681.6293755915785
121.3600480556488, 1965.9719889241048, 1681.9590426333557
121.87533950805664, 1966.223961147029, 1681.37088547115
122.08356475830078, 1966.223961147029, 1681.37088547115
122.37777352333069, 1964.7816328824267, 1681.63228895593
122.74179577827454, 1964.7816328824267, 1681.63228895593
123.32446932792664, 1965.6930355979105, 1681.8978465693951
123.62565970420837, 1966.3213830027491, 1682.462813881596
123.87698531150818, 1965.9268298529319, 1682.0177026661895
124.33659505844116, 1965.3670941960077, 1681.9552884040988
124.7144844532013, 1965.3670941960077, 1681.9552884040988
125.32930588722229, 1966.5335917040268, 1681.1876320525707
125.39014315605164, 1966.5335917040268, 1681.1876320525707
125.72380018234253, 1966.5335917040268, 1681.1876320525707
126.33103060722351, 1966.7991741266128, 1682.228528079237
126.84260964393616, 1965.6939046203952, 1682.35955916373
127.2199215888977, 1965.6939046203952, 1682.35955916373
127.71861028671265, 1965.6939046203952, 1682.35955916373
128.21320700645447, 1965.6939046203952, 1682.35955916373
128.83353996276855, 1966.6188026037037, 1680.560849212136
129.33120465278625, 1967.731278173961, 1682.2073320963523
129.72614407539368, 1967.731278173961, 1682.2073320963523
130.22580242156982, 1967.731278173961, 1682.2073320963523
130.7135226726532, 1967.731278173961, 1682.2073320963523
131.21614384651184, 1967.731278173961, 1682.2073320963523
131.71504092216492, 1967.731278173961, 1682.2073320963523
132.33282256126404, 1965.6287481221173, 1681.1815603811951
132.83599281311035, 1966.4114806889022, 1682.458455943345
133.23990869522095, 1966.4114806889022, 1682.458455943345
133.83902287483215, 1965.3918638971609, 1682.7289779007237
134.21414256095886, 1965.3918638971609, 1682.7289779007237
134.72512221336365, 1965.3918638971609, 1682.7289779007237
135.2221429347992, 1965.3918638971609, 1682.7289779007237
135.71781086921692, 1965.3918638971609, 1682.7289779007237
136.21962547302246, 1965.3918638971609, 1682.7289779007237
136.70975589752197, 1965.3918638971609, 1682.7289779007237
137.46037769317627, 3912.4796120400197, 1325.0161719135483
137.82439970970154, 3912.4796120400197, 1325.0161719135483
138.32745623588562, 3912.4796120400197, 1325.0161719135483
138.92731285095215, 3806.4824730162045, 1555.000000000048
139.29931378364563, 3806.4824730162045, 1555.000000000048
139.80784130096436, 3806.4824730162045, 1555.000000000048
140.31348299980164, 3806.4824730162045, 1555.000000000048
140.82111835479736, 3806.4824730162045, 1555.000000000048
141.31959652900696, 3806.4824730162045, 1555.000000000048
141.81594443321228, 3806.4824730162045, 1555.000000000048
142.39439153671265, 397.60389343784146, 1242.7854518819383
142.7779176235199, 397.60389343784146, 1242.7854518819383
143.3178460597992, 397.60389343784146, 1242.7854518819383
143.9385631084442, 2412.3081102567035, 312.2879194724983
144.31030821800232, 2412.3081102567035, 312.2879194724983
144.82791829109192, 2412.3081102567035, 312.2879194724983
145.31737875938416, 2412.3081102567035, 312.2879194724983
145.8539810180664, 1964.4419553869138, 1681.9137443009874
146.22840642929077, 1964.4419553869138, 1681.9137443009874
146.74402260780334, 1964.4419553869138, 1681.9137443009874
147.23040533065796, 1964.4419553869138, 1681.9137443009874
147.85844588279724, 1964.1967664375163, 1682.1003731769454
148.2277283668518, 1964.1967664375163, 1682.1003731769454
148.73907041549683, 1964.1967664375163, 1682.1003731769454
149.2365620136261, 1964.1967664375163, 1682.1003731769454
149.73468565940857, 1964.1967664375163, 1682.1003731769454
150.2333481311798, 1964.1967664375163, 1682.1003731769454
150.73049116134644, 1964.1967664375163, 1682.1003731769454
151.23259902000427, 1964.1967664375163, 1682.1003731769454
151.85193634033203, 1964.2119964580584, 1682.182000051131
152.2378990650177, 1964.2119964580584, 1682.182000051131
152.9014847278595, 1963.8295342557258, 1681.9603306469278
153.23858046531677, 1963.8295342557258, 1681.9603306469278
153.74025416374207, 1963.8295342557258, 1681.9603306469278
154.23800706863403, 1963.8295342557258, 1681.9603306469278
154.7345917224884, 1963.8295342557258, 1681.9603306469278
155.2398979663849, 1963.8295342557258, 1681.9603306469278
155.74125981330872, 1963.8295342557258, 1681.9603306469278
156.23201322555542, 1963.8295342557258, 1681.9603306469278
156.73015451431274, 1963.8295342557258, 1681.9603306469278
157.24213910102844, 1963.8295342557258, 1681.9603306469278
157.86153721809387, 1963.1520310180586, 1682.9858432498224
158.23755550384521, 1963.1520310180586, 1682.9858432498224
158.73217844963074, 1963.1520310180586, 1682.9858432498224
159.35666251182556, 1964.6228696349317, 1682.6018244660756
159.73963403701782, 1964.6228696349317, 1682.6018244660756
160.22639441490173, 1964.6228696349317, 1682.6018244660756
160.73283123970032, 1964.6228696349317, 1682.6018244660756
161.2354974746704, 1964.6228696349317, 1682.6018244660756
161.73109579086304, 1964.6228696349317, 1682.6018244660756
162.22851657867432, 1964.6228696349317, 1682.6018244660756
162.7263743877411, 1964.6228696349317, 1682.6018244660756
163.36581683158875, 1964.0668107588629, 1681.9191860108028
163.49447178840637, 1964.0668107588629, 1681.9191860108028
163.73981308937073, 1964.0668107588629, 1681.9191860108028
164.2098264694214, 2958.3499652299324, 2031.4999999999945
164.4212293624878, 2958.3499652299324, 2031.4999999999945
164.8322684764862, 2958.3499652299324, 2031.4999999999945
165.3548662662506, 1965.9346216440156, 1677.2407949228984
165.74382138252258, 1965.9346216440156, 1677.2407949228984
166.19546723365784, 1965.9346216440156, 1677.2407949228984
166.32013249397278, 1965.9346216440156, 1677.2407949228984
166.75556802749634, 1965.9346216440156, 1677.2407949228984
167.35350680351257, 1972.391965496679, 1661.4784516087911
167.7536313533783, 1972.391965496679, 1661.4784516087911
168.24858975410461, 1972.391965496679, 1661.4784516087911
168.74319791793823, 1972.391965496679, 1661.4784516087911
169.22756791114807, 1972.391965496679, 1661.4784516087911
169.7616364955902, 1972.391965496679, 1661.4784516087911
170.23397612571716, 1972.391965496679, 1661.4784516087911
170.73645114898682, 1972.391965496679, 1661.4784516087911
171.3402500152588, 1964.3681788353488, 1677.2126630082273
171.85084533691406, 1966.4311503737247, 1677.5410296988334
172.35648655891418, 1964.7294542281538, 1677.4217714442877
172.73747611045837, 1964.7294542281538, 1677.4217714442877
173.35093307495117, 1964.9677100740366, 1678.9284082267404
173.7438781261444, 1964.9677100740366, 1678.9284082267404
174.22681283950806, 1964.9677100740366, 1678.9284082267404
174.73245096206665, 1964.9677100740366, 1678.9284082267404
175.22622919082642, 1964.9677100740366, 1678.9284082267404
175.73268461227417, 1964.9677100740366, 1678.9284082267404
176.2328610420227, 1964.9677100740366, 1678.9284082267404
176.74445486068726, 1964.9677100740366, 1678.9284082267404
177.35339665412903, 1964.2987380053212, 1686.6122546150873
177.73081970214844, 1964.2987380053212, 1686.6122546150873
178.23350477218628, 1964.2987380053212, 1686.6122546150873
178.7339322566986, 1964.2987380053212, 1686.6122546150873
178.92444968223572, 1964.2987380053212, 1686.6122546150873
179.23558402061462, 1964.2987380053212, 1686.6122546150873
179.7311613559723, 1964.2987380053212, 1686.6122546150873
180.34405398368835, 1965.8243286116792, 1686.924587914249
180.7319312095642, 1965.8243286116792, 1686.924587914249
181.34431171417236, 1966.4019850148834, 1687.1766760106218
181.73626923561096, 1966.4019850148834, 1687.1766760106218
182.25382447242737, 1966.4019850148834, 1687.1766760106218
182.73422241210938, 1966.4019850148834, 1687.1766760106218
183.2338514328003, 1966.4019850148834, 1687.1766760106218
183.75146198272705, 1966.4019850148834, 1687.1766760106218
184.24713611602783, 1966.4019850148834, 1687.1766760106218
184.75376915931702, 1966.4019850148834, 1687.1766760106218
185.240492105484, 1966.4019850148834, 1687.1766760106218
185.8982412815094, 816.8714673633573, 776.9919837549303
186.28819370269775, 816.8714673633573, 776.9919837549303
186.7938358783722, 816.8714673633573, 776.9919837549303
187.28881740570068, 816.8714673633573, 776.9919837549303
187.85327124595642, 1968.1549354094027, 1687.2378031260464
188.2512023448944, 1968.1549354094027, 1687.2378031260464
188.75379848480225, 1968.1549354094027, 1687.2378031260464
189.2432177066803, 1968.1549354094027, 1687.2378031260464
189.88649010658264, 1968.5348879047287, 1685.3223666910715
190.38415265083313, 1969.2650600432496, 1686.3342717956089
190.7551565170288, 1969.2650600432496, 1686.3342717956089
191.25227236747742, 1969.2650600432496, 1686.3342717956089
191.741530418396, 1969.2650600432496, 1686.3342717956089
192.2564992904663, 1969.2650600432496, 1686.3342717956089
192.7426254749298, 1969.2650600432496, 1686.3342717956089
193.24128437042236, 1969.2650600432496, 1686.3342717956089
193.75367212295532, 1969.2650600432496, 1686.3342717956089
194.25103735923767, 1969.2650600432496, 1686.3342717956089
194.74959707260132, 1969.2650600432496, 1686.3342717956089
195.35840582847595, 1966.667418515973, 1985.4832269179688
195.7502224445343, 1966.667418515973, 1985.4832269179688
196.24336004257202, 1966.667418515973, 1985.4832269179688
196.7552626132965, 1966.667418515973, 1985.4832269179688
197.24831676483154, 1966.667418515973, 1985.4832269179688
197.74431085586548, 1966.667418515973, 1985.4832269179688
198.23991703987122, 1966.667418515973, 1985.4832269179688
198.74359154701233, 1966.667418515973, 1985.4832269179688
199.24023056030273, 1966.667418515973, 1985.4832269179688
199.75960111618042, 1966.667418515973, 1985.4832269179688
200.242746591568, 1966.667418515973, 1985.4832269179688
200.7425606250763, 1966.667418515973, 1985.4832269179688
200.87719893455505, 1966.667418515973, 1985.4832269179688
201.23964595794678, 1966.667418515973, 1985.4832269179688
201.74463939666748, 1966.667418515973, 1985.4832269179688
202.15255188941956, 1966.667418515973, 1985.4832269179688
202.2642514705658, 1966.667418515973, 1985.4832269179688
202.75293898582458, 1966.667418515973, 1985.4832269179688
203.27430176734924, 1966.667418515973, 1985.4832269179688
203.75501084327698, 1966.667418515973, 1985.4832269179688
204.25225687026978, 1966.667418515973, 1985.4832269179688
204.7448172569275, 1966.667418515973, 1985.4832269179688
205.35355639457703, 1965.61745907114, 1985.6880872924673
205.75647497177124, 1965.61745907114, 1985.6880872924673
206.2482614517212, 1965.61745907114, 1985.6880872924673
206.7379469871521, 1965.61745907114, 1985.6880872924673
207.23929166793823, 1965.61745907114, 1985.6880872924673
207.73678946495056, 1965.61745907114, 1985.6880872924673
208.24670600891113, 1965.61745907114, 1985.6880872924673
208.87563109397888, 1965.8832025429087, 1985.2393116178957
209.2407410144806, 1965.8832025429087, 1985.2393116178957
209.74336457252502, 1965.8832025429087, 1985.2393116178957
210.23774814605713, 1965.8832025429087, 1985.2393116178957
210.73940110206604, 1965.8832025429087, 1985.2393116178957
211.355699300766, 1966.201607858453, 1986.186062342001
211.87837624549866, 1964.3963747462617, 1984.7470669817437
212.24017238616943, 1964.3963747462617, 1984.7470669817437
212.7448923587799, 1964.3963747462617, 1984.7470669817437
213.24056124687195, 1964.3963747462617, 1984.7470669817437
213.73916101455688, 1964.3963747462617, 1984.7470669817437
214.24831295013428, 1964.3963747462617, 1984.7470669817437
214.74794220924377, 1964.3963747462617, 1984.7470669817437
215.24956822395325, 1964.3963747462617, 1984.7470669817437
215.86832737922668, 1967.181693465732, 1985.4893026032323
216.2532958984375, 1967.181693465732, 1985.4893026032323
216.74852061271667, 1967.181693465732, 1985.4893026032323
217.24618315696716, 1967.181693465732, 1985.4893026032323
217.73985862731934, 1967.181693465732, 1985.4893026032323
218.2418167591095, 1967.181693465732, 1985.4893026032323
218.74335169792175, 1967.181693465732, 1985.4893026032323
219.23602938652039, 1967.181693465732, 1985.4893026032323
219.8703534603119, 1965.8337334754142, 1982.86911808398
220.2505042552948, 1965.8337334754142, 1982.86911808398
220.88464546203613, 1966.1947325030303, 2001.386367148504
221.2367000579834, 1966.1947325030303, 2001.386367148504
221.74234127998352, 1966.1947325030303, 2001.386367148504
222.3611342906952, 1966.8891170248924, 2002.5824896965394
222.75277256965637, 1966.8891170248924, 2002.5824896965394
223.2455050945282, 1966.8891170248924, 2002.5824896965394
223.8625078201294, 1964.2622341034112, 2001.7243015917586
224.25046634674072, 1964.2622341034112, 2001.7243015917586
224.8805332183838, 1966.9098590858769, 2001.5766623709908
225.25150394439697, 1966.9098590858769, 2001.5766623709908
225.74018478393555, 1966.9098590858769, 2001.5766623709908
226.3635973930359, 1966.3741209025068, 2002.7019454309846
226.74176955223083, 1966.3741209025068, 2002.7019454309846
227.25013136863708, 1966.3741209025068, 2002.7019454309846
227.74978852272034, 1966.3741209025068, 2002.7019454309846
228.37771344184875, 1965.6476481511443, 2002.0613112234619
228.87629103660583, 1966.2129383740057, 2002.3743100920262
229.25223779678345, 1966.2129383740057, 2002.3743100920262
229.86708545684814, 1965.851456601261, 2002.8898365523476
230.24407172203064, 1965.851456601261, 2002.8898365523476
230.7419662475586, 1965.851456601261, 2002.8898365523476
231.2497582435608, 1965.851456601261, 2002.8898365523476
231.7445831298828, 1965.851456601261, 2002.8898365523476
232.25283432006836, 1965.851456601261, 2002.8898365523476
232.86753749847412, 1967.241028093067, 2003.0491260080835
233.25549483299255, 1967.241028093067, 2003.0491260080835
233.74418210983276, 1967.241028093067, 2003.0491260080835
234.23886609077454, 1967.241028093067, 2003.0491260080835
234.7365279197693, 1967.241028093067, 2003.0491260080835
235.25175523757935, 1967.241028093067, 2003.0491260080835
235.74269437789917, 1967.241028093067, 2003.0491260080835
236.23911476135254, 1967.241028093067, 2003.0491260080835
236.74395537376404, 1967.241028093067, 2003.0491260080835
237.240624666214, 1967.241028093067, 2003.0491260080835
237.74368357658386, 1967.241028093067, 2003.0491260080835
238.2501368522644, 1967.241028093067, 2003.0491260080835
238.74709749221802, 1967.241028093067, 2003.0491260080835
239.24088621139526, 1967.241028093067, 2003.0491260080835
239.74057912826538, 1967.241028093067, 2003.0491260080835
240.2432291507721, 1967.241028093067, 2003.0491260080835
240.85953330993652, 1967.4733384236781, 1995.501400035245
241.2442512512207, 1967.4733384236781, 1995.501400035245
241.74220728874207, 1967.4733384236781, 1995.501400035245
242.24604892730713, 1967.4733384236781, 1995.501400035245
242.86317038536072, 1966.0481180748493, 1995.3450000708315
243.25910758972168, 1966.0481180748493, 1995.3450000708315
243.75686168670654, 1966.0481180748493, 1995.3450000708315
244.25122737884521, 1966.0481180748493, 1995.3450000708315
244.87654852867126, 1967.2178626740601, 1995.3234760428343
245.263934135437, 1967.2178626740601, 1995.3234760428343
245.88548707962036, 1966.2064215240405, 1995.255197350137
246.25848603248596, 1966.2064215240405, 1995.255197350137
246.75016498565674, 1966.2064215240405, 1995.255197350137
247.3734962940216, 1966.9402951788325, 1994.4228777443336
247.75585174560547, 1966.9402951788325, 1994.4228777443336
248.26553773880005, 1966.9402951788325, 1994.4228777443336
248.7570083141327, 1966.9402951788325, 1994.4228777443336
249.25763249397278, 1966.9402951788325, 1994.4228777443336
249.77515864372253, 1966.9402951788325, 1994.4228777443336
250.2698290348053, 1966.9402951788325, 1994.4228777443336
250.74555134773254, 1966.9402951788325, 1994.4228777443336
251.35890412330627, 1967.004731017938, 1995.314784896267
251.7508511543274, 1967.004731017938, 1995.314784896267
252.24397492408752, 1967.004731017938, 1995.314784896267
252.89721035957336, 1966.3549711727535, 1995.5946629326015
253.238294839859, 1966.3549711727535, 1995.5946629326015
253.7453145980835, 1966.3549711727535, 1995.5946629326015
254.24945521354675, 1966.3549711727535, 1995.5946629326015
254.74754309654236, 1966.3549711727535, 1995.5946629326015
255.23922204971313, 1966.3549711727535, 1995.5946629326015
255.7518768310547, 1966.3549711727535, 1995.5946629326015
256.250949382782, 1966.3549711727535, 1995.5946629326015
256.75055599212646, 1966.3549711727535, 1995.5946629326015
257.3628807067871, 1967.8177857495596, 2115.205200946231
257.85603404045105, 1967.039906887691, 2115.0797959581105
258.24299573898315, 1967.039906887691, 2115.0797959581105
258.7468068599701, 1967.039906887691, 2115.0797959581105
259.34919786453247, 1966.197265241809, 2115.187445250157
259.7382843494415, 1966.197265241809, 2115.187445250157
260.2357528209686, 1966.197265241809, 2115.187445250157
260.738808631897, 1966.197265241809, 2115.187445250157
261.23314785957336, 1966.197265241809, 2115.187445250157
261.8644394874573, 1967.140272026391, 2115.292946661693
262.2404294013977, 1967.140272026391, 2115.292946661693
262.35711669921875, 1967.140272026391, 2115.292946661693
262.5117018222809, 1967.140272026391, 2115.292946661693
262.86076402664185, 1966.555045458494, 2114.446872380643
263.2367537021637, 1966.555045458494, 2114.446872380643
263.7391908168793, 1966.555045458494, 2114.446872380643
264.2372329235077, 1966.555045458494, 2114.446872380643
264.62423610687256, 1966.555045458494, 2114.446872380643
264.8606028556824, 1966.3349601130801, 2114.842549333683
265.1219000816345, 1965.69270005669, 2115.163791658645
265.24357318878174, 1965.69270005669, 2115.163791658645
265.47495126724243, 1965.4229710209734, 2115.685136381388
265.74323177337646, 1965.4229710209734, 2115.685136381388
265.9895689487457, 1965.8496149845612, 2114.5015760273964
266.24288964271545, 1965.8496149845612, 2114.5015760273964
266.4393892288208, 1965.8496149845612, 2114.5015760273964
266.8592338562012, 1966.4678203326173, 2114.4556914748673
267.35837960243225, 1966.5048311751357, 2115.879865001042
267.8774847984314, 1966.647030427469, 2115.8459481090476
268.3574342727661, 1966.5951296025062, 2115.088849220464
268.74243688583374, 1966.5951296025062, 2115.088849220464
268.90521335601807, 1966.5951296025062, 2115.088849220464
269.3620386123657, 1966.2708680698183, 2114.304867735672
269.7451481819153, 1966.2708680698183, 2114.304867735672
270.2570538520813, 1966.2708680698183, 2114.304867735672
270.8648564815521, 1966.2663993636472, 2113.94695616037
271.2373366355896, 1966.2663993636472, 2113.94695616037
271.75228929519653, 1966.2663993636472, 2113.94695616037
272.2379581928253, 1966.2663993636472, 2113.94695616037
272.761137008667, 1966.2663993636472, 2113.94695616037
273.23857975006104, 1966.2663993636472, 2113.94695616037
273.7352149486542, 1966.2663993636472, 2113.94695616037
274.23387384414673, 1966.2663993636472, 2113.94695616037
274.7367784976959, 1966.2663993636472, 2113.94695616037
275.23874616622925, 1966.2663993636472, 2113.94695616037
275.7429962158203, 1966.2663993636472, 2113.94695616037
276.24121928215027, 1966.2663993636472, 2113.94695616037
276.73453426361084, 1966.2663993636472, 2113.94695616037
277.3593349456787, 1966.1420160260966, 2115.1669788998993
277.74957847595215, 1966.1420160260966, 2115.1669788998993
278.23557472229004, 1966.1420160260966, 2115.1669788998993
278.74993777275085, 1966.1420160260966, 2115.1669788998993
279.3562033176422, 1966.529955999221, 2114.801702533986
279.7415599822998, 1966.529955999221, 2114.801702533986
280.37288069725037, 1966.594642382225, 2115.1032979587185
280.76466703414917, 1966.594642382225, 2115.1032979587185
281.23569321632385, 1966.594642382225, 2115.1032979587185
281.7500104904175, 1966.594642382225, 2115.1032979587185
282.23368310928345, 1966.594642382225, 2115.1032979587185
282.85900259017944, 1966.4812616976071, 2115.1053184913244
283.24297189712524, 1966.4812616976071, 2115.1053184913244
283.7413830757141, 1966.4812616976071, 2115.1053184913244
284.24596428871155, 1966.4812616976071, 2115.1053184913244
284.7366449832916, 1966.4812616976071, 2115.1053184913244
285.35388469696045, 1967.8529912305169, 2115.9639905751424
285.74676966667175, 1967.8529912305169, 2115.9639905751424
286.2314956188202, 1967.8529912305169, 2115.9639905751424
286.8601620197296, 1969.8981453336928, 2113.897254829241
287.23285579681396, 1969.8981453336928, 2113.897254829241
287.74586248397827, 1969.8981453336928, 2113.897254829241
288.239865064621, 1969.8981453336928, 2113.897254829241
288.747474193573, 1969.8981453336928, 2113.897254829241
289.2347688674927, 1969.8981453336928, 2113.897254829241
289.74142718315125, 1969.8981453336928, 2113.897254829241
290.2491855621338, 1969.8981453336928, 2113.897254829241
290.7443702220917, 1969.8981453336928, 2113.897254829241
291.3478033542633, 1966.7426779823752, 2116.869554829888
291.737370967865, 1966.7426779823752, 2116.869554829888
292.23683047294617, 1966.7426779823752, 2116.869554829888
292.8555073738098, 1966.8248651280855, 2116.9157390350024
293.2418291568756, 1966.8248651280855, 2116.9157390350024
293.739492893219, 1966.8248651280855, 2116.9157390350024
294.35668206214905, 1968.6325685646652, 2118.2200152341775
294.75306487083435, 1968.6325685646652, 2118.2200152341775
295.2338013648987, 1968.6325685646652, 2118.2200152341775
295.73653769493103, 1968.6325685646652, 2118.2200152341775
296.2336781024933, 1968.6325685646652, 2118.2200152341775
296.7334930896759, 1968.6325685646652, 2118.2200152341775
297.2321720123291, 1968.6325685646652, 2118.2200152341775
297.733766078949, 1968.6325685646652, 2118.2200152341775
298.2404053211212, 1968.6325685646652, 2118.2200152341775
298.74609899520874, 1968.6325685646652, 2118.2200152341775
299.2433636188507, 1968.6325685646652, 2118.2200152341775
299.86281728744507, 1966.6022282844208, 2122.912624821581
300.34851360321045, 1966.2728971501947, 2121.6809521485743
300.7491590976715, 1966.2728971501947, 2121.6809521485743
301.2431905269623, 1966.2728971501947, 2121.6809521485743
301.885272026062, 1967.0669653871353, 2123.2975460947205
302.24416279792786, 1967.0669653871353, 2123.2975460947205
302.74249744415283, 1967.0669653871353, 2123.2975460947205
303.3489902019501, 1966.4581406166656, 2120.783237233116
303.74390053749084, 1966.4581406166656, 2120.783237233116
304.3682005405426, 1965.7526546435088, 2120.2784271067144
304.7412805557251, 1965.7526546435088, 2120.2784271067144
305.3597002029419, 1966.4132634746254, 2119.0737429679443
305.7497217655182, 1966.4132634746254, 2119.0737429679443
306.24136781692505, 1966.4132634746254, 2119.0737429679443
306.75143790245056, 1966.4132634746254, 2119.0737429679443
307.24565839767456, 1966.4132634746254, 2119.0737429679443
307.8561635017395, 1964.9837514494175, 2117.357634371706
308.3598108291626, 1966.7902681053163, 2117.015672229906
308.7597379684448, 1966.7902681053163, 2117.015672229906
309.24765038490295, 1966.7902681053163, 2117.015672229906
309.74456214904785, 1966.7902681053163, 2117.015672229906
310.2492072582245, 1966.7902681053163, 2117.015672229906
310.73789501190186, 1966.7902681053163, 2117.015672229906
311.2437243461609, 1966.7902681053163, 2117.015672229906
311.7455973625183, 1966.7902681053163, 2117.015672229906
312.24285531044006, 1966.7902681053163, 2117.015672229906
312.8572590351105, 1968.609992229366, 2113.6977772067276
313.2412281036377, 1968.609992229366, 2113.6977772067276
313.74217796325684, 1968.609992229366, 2113.6977772067276
314.24124574661255, 1968.609992229366, 2113.6977772067276
314.87259578704834, 1967.798051609729, 2114.2834777774856
315.3555464744568, 1967.0403666665454, 2114.150476668416
315.7524824142456, 1967.0403666665454, 2114.150476668416
316.2528233528137, 1967.0403666665454, 2114.150476668416
316.7484929561615, 1967.0403666665454, 2114.150476668416
317.240172624588, 1967.0403666665454, 2114.150476668416
317.7339255809784, 1967.0403666665454, 2114.150476668416
318.2435281276703, 1967.0403666665454, 2114.150476668416
318.86733746528625, 1966.9610031869647, 2109.758376286162
319.2413332462311, 1966.9610031869647, 2109.758376286162
319.74199080467224, 1966.9610031869647, 2109.758376286162
320.36904549598694, 1968.1425247448904, 2109.982440769339
320.86870408058167, 1966.505553482349, 2109.4846172963435
321.253714799881, 1966.505553482349, 2109.4846172963435
321.75024795532227, 1966.505553482349, 2109.4846172963435
322.2419264316559, 1966.505553482349, 2109.4846172963435
322.7470555305481, 1966.505553482349, 2109.4846172963435
323.24875259399414, 1966.505553482349, 2109.4846172963435
323.7456555366516, 1966.505553482349, 2109.4846172963435
324.2433292865753, 1966.505553482349, 2109.4846172963435
324.88003396987915, 1966.8570357314231, 2106.6298472445524
325.2447965145111, 1966.8570357314231, 2106.6298472445524
325.7384150028229, 1966.8570357314231, 2106.6298472445524
326.24258041381836, 1966.8570357314231, 2106.6298472445524
326.75309133529663, 1966.8570357314231, 2106.6298472445524
327.24620842933655, 1966.8570357314231, 2106.6298472445524
327.7378454208374, 1966.8570357314231, 2106.6298472445524
328.24561619758606, 1966.8570357314231, 2106.6298472445524
328.7442774772644, 1966.8570357314231, 2106.6298472445524
329.24455094337463, 1966.8570357314231, 2106.6298472445524
329.7442088127136, 1966.8570357314231, 2106.6298472445524
330.24974727630615, 1966.8570357314231, 2106.6298472445524
330.8803312778473, 1965.8937782288301, 2105.69744249392
331.2452759742737, 1965.8937782288301, 2105.69744249392
331.85663390159607, 1965.6360091360573, 2105.549490647242
332.2554724216461, 1965.6360091360573, 2105.549490647242
332.73817706108093, 1965.6360091360573, 2105.549490647242
333.37427043914795, 1968.5616643509043, 2106.4525494454256
333.7521495819092, 1968.5616643509043, 2106.4525494454256
334.25268626213074, 1968.5616643509043, 2106.4525494454256
334.7367012500763, 1968.5616643509043, 2106.4525494454256
335.2447600364685, 1968.5616643509043, 2106.4525494454256
335.7413082122803, 1968.5616643509043, 2106.4525494454256
336.3562309741974, 1968.2843125042812, 2106.5486976610596
336.8698515892029, 1966.8490704882354, 2105.4708595441007
337.24329686164856, 1966.8490704882354, 2105.4708595441007
337.74996423721313, 1966.8490704882354, 2105.4708595441007
338.24639415740967, 1966.8490704882354, 2105.4708595441007
338.7417094707489, 1966.8490704882354, 2105.4708595441007
339.2423644065857, 1966.8490704882354, 2105.4708595441007
339.74356389045715, 1966.8490704882354, 2105.4708595441007
340.2435402870178, 1966.8490704882354, 2105.4708595441007
340.7431900501251, 1966.8490704882354, 2105.4708595441007
341.36320185661316, 1969.0840299235138, 2104.2088692833786
341.7444324493408, 1969.0840299235138, 2104.2088692833786
342.24654626846313, 1969.0840299235138, 2104.2088692833786
342.73761916160583, 1969.0840299235138, 2104.2088692833786
343.24343252182007, 1969.0840299235138, 2104.2088692833786
343.8614718914032, 1964.6126772932437, 2105.2428304254395
344.24344539642334, 1964.6126772932437, 2105.2428304254395
344.8666489124298, 1966.1385959322454, 2104.882285522245
345.36278533935547, 1967.436135845642, 2105.460050060072
345.75572991371155, 1967.436135845642, 2105.460050060072
346.3677976131439, 1967.269812615841, 2105.516378290696
346.8563640117645, 1967.0904306975883, 2105.4433457821287
347.2470920085907, 1967.0904306975883, 2105.4433457821287
347.739634513855, 1967.0904306975883, 2105.4433457821287
348.25166153907776, 1967.0904306975883, 2105.4433457821287
348.7433409690857, 1967.0904306975883, 2105.4433457821287
349.25061774253845, 1967.0904306975883, 2105.4433457821287
349.7330961227417, 1967.0904306975883, 2105.4433457821287
350.3656117916107, 1965.7195898714574, 2104.5798604929887
350.747585773468, 1965.7195898714574, 2104.5798604929887
351.3741626739502, 1968.1289257904664, 2105.34755249827
351.75277042388916, 1968.1289257904664, 2105.34755249827
352.3753695487976, 1966.179669369122, 2105.4205233311636
352.74444103240967, 1966.179669369122, 2105.4205233311636
353.24417209625244, 1966.179669369122, 2105.4205233311636
353.73578429222107, 1966.179669369122, 2105.4205233311636
354.25324177742004, 1966.179669369122, 2105.4205233311636
354.73840165138245, 1966.179669369122, 2105.4205233311636
355.2540171146393, 1966.179669369122, 2105.4205233311636
355.7418522834778, 1966.179669369122, 2105.4205233311636
356.25452399253845, 1966.179669369122, 2105.4205233311636
356.8554689884186, 1964.3302545878698, 2104.882511917117
357.23744106292725, 1964.3302545878698, 2104.882511917117
357.86774015426636, 1964.3566136203099, 2104.9413880969405
358.25286889076233, 1964.3566136203099, 2104.9413880969405
358.75843119621277, 1964.3566136203099, 2104.9413880969405
359.24262523651123, 1964.3566136203099, 2104.9413880969405
359.8771345615387, 1965.3093317085343, 2105.447067831356
360.2740681171417, 1965.3093317085343, 2105.447067831356
360.7547788619995, 1965.3093317085343, 2105.447067831356
361.2465362548828, 1965.3093317085343, 2105.447067831356
361.85841155052185, 1965.0005869145673, 2105.7782258152365
362.24238109588623, 1965.0005869145673, 2105.7782258152365
362.74491786956787, 1965.0005869145673, 2105.7782258152365
363.2517957687378, 1965.0005869145673, 2105.7782258152365
363.7468409538269, 1965.0005869145673, 2105.7782258152365
364.2534170150757, 1965.0005869145673, 2105.7782258152365
364.7391128540039, 1965.0005869145673, 2105.7782258152365
365.3716883659363, 1964.4162200028668, 2105.007182982519
365.7433178424835, 1964.4162200028668, 2105.007182982519
366.25105261802673, 1964.4162200028668, 2105.007182982519
366.7410213947296, 1964.4162200028668, 2105.007182982519
367.25557684898376, 1964.4162200028668, 2105.007182982519
367.73869609832764, 1964.4162200028668, 2105.007182982519
368.2441928386688, 1964.4162200028668, 2105.007182982519
368.74488615989685, 1964.4162200028668, 2105.007182982519
369.2556953430176, 1964.4162200028668, 2105.007182982519
369.7643303871155, 1964.4162200028668, 2105.007182982519
370.24703335762024, 1964.4162200028668, 2105.007182982519
370.86936211586, 1966.9058093838294, 2105.261156239277
371.2436532974243, 1966.9058093838294, 2105.261156239277
371.74730706214905, 1966.9058093838294, 2105.261156239277
372.24895429611206, 1966.9058093838294, 2105.261156239277
372.7346930503845, 1966.9058093838294, 2105.261156239277
373.36001324653625, 1965.0624474593708, 2105.4628834591795
373.74154353141785, 1965.0624474593708, 2105.4628834591795
374.3609092235565, 1968.6202812338922, 2106.7521507730316
374.7418541908264, 1968.6202812338922, 2106.7521507730316
375.35945105552673, 1967.0024043732196, 2104.4285900084005
375.7434208393097, 1967.0024043732196, 2104.4285900084005
376.2452144622803, 1967.0024043732196, 2104.4285900084005
376.7432656288147, 1967.0024043732196, 2104.4285900084005
377.25090432167053, 1967.0024043732196, 2104.4285900084005
377.74329566955566, 1967.0024043732196, 2104.4285900084005
378.2654678821564, 1967.0024043732196, 2104.4285900084005
378.8639831542969, 1965.7189869126744, 2104.9765338298334
379.37277722358704, 1967.811533201148, 2106.596236770495
379.891321182251, 1968.2113813241642, 2104.5658328922304
380.23929953575134, 1968.2113813241642, 2104.5658328922304
380.73525309562683, 1968.2113813241642, 2104.5658328922304
381.24548411369324, 1968.2113813241642, 2104.5658328922304
381.8787839412689, 1965.6002607367016, 2105.7628104831583
382.2620952129364, 1965.6002607367016, 2105.7628104831583
382.760537147522, 1965.6002607367016, 2105.7628104831583
383.23572182655334, 1965.6002607367016, 2105.7628104831583
383.8520669937134, 1964.5734347955079, 2106.1848590950153
384.2539885044098, 1964.5734347955079, 2106.1848590950153
384.75567626953125, 1964.5734347955079, 2106.1848590950153
385.36839747428894, 1965.379944857477, 2105.2653096688327
385.74737787246704, 1965.379944857477, 2105.2653096688327
386.3807370662689, 1965.072088505313, 2105.154545340484
386.8611361980438, 1965.6591786202646, 2105.2776204415686
387.3710141181946, 1964.5516844058338, 2105.372910174809
387.7633128166199, 1964.5516844058338, 2105.372910174809
387.9996781349182, 1964.5516844058338, 2105.372910174809
388.3582491874695, 1963.6496383963035, 2105.7106683220773
388.7446653842926, 1963.6496383963035, 2105.7106683220773
389.2413351535797, 1963.6496383963035, 2105.7106683220773
389.8536937236786, 1964.9104608330879, 2105.0267530276524
390.3709156513214, 1963.7690536926636, 2105.652222681037
390.8703410625458, 1963.8720177356174, 2105.8014685028243
391.2508010864258, 1963.8720177356174, 2105.8014685028243
391.73849153518677, 1963.8720177356174, 2105.8014685028243
392.37925362586975, 1963.4350300714202, 2105.9054902664116
392.74923157691956, 1963.4350300714202, 2105.9054902664116
393.25386691093445, 1963.4350300714202, 2105.9054902664116
393.75252628326416, 1963.4350300714202, 2105.9054902664116
394.25517678260803, 1963.4350300714202, 2105.9054902664116
394.85165071487427, 1964.1141277308282, 2105.204969020065
395.386399269104, 1965.0143623725914, 2104.8544115625
395.7504222393036, 1965.0143623725914, 2104.8544115625
396.2447304725647, 1965.0143623725914, 2104.8544115625
396.85676765441895, 1966.8989767702662, 2105.1044990130927
397.3685474395752, 1968.578118102998, 2103.379887058514
397.7410924434662, 1968.578118102998, 2103.379887058514
398.26650834083557, 1968.578118102998, 2103.379887058514
398.74215817451477, 1968.578118102998, 2103.379887058514
399.25063037872314, 1968.578118102998, 2103.379887058514
399.7394948005676, 1968.578118102998, 2103.379887058514
400.2585985660553, 1968.578118102998, 2103.379887058514
400.7363157272339, 1968.578118102998, 2103.379887058514
401.3777413368225, 1964.1984320999034, 2104.414472103023
401.87729144096375, 1965.775762041006, 2104.8151424352063
402.3763930797577, 1965.242334568792, 2104.6683761101376
402.7473967075348, 1965.242334568792, 2104.6683761101376
403.3623161315918, 1964.3046527899862, 2104.8990694263503
403.7392752170563, 1964.3046527899862, 2104.8990694263503
404.37464690208435, 1965.6778776387498, 2104.079158299721
404.74522280693054, 1965.6778776387498, 2104.079158299721
405.23899245262146, 1965.6778776387498, 2104.079158299721
405.74982810020447, 1965.6778776387498, 2104.079158299721
406.2497761249542, 1965.6778776387498, 2104.079158299721
406.7477219104767, 1965.6778776387498, 2104.079158299721
407.35944509506226, 1966.2361104224224, 2104.0081402153646
407.747554063797, 1966.2361104224224, 2104.0081402153646
408.36102628707886, 1966.7403889812194, 2103.5282964953108
408.74068689346313, 1966.7403889812194, 2103.5282964953108
409.3601768016815, 1965.7195510742065, 2103.067602992054
409.8661618232727, 1965.0514772887448, 2103.9725699847972
410.3710026741028, 1964.946027203759, 2103.060319839196
410.8651964664459, 1965.0808106278052, 2103.611282218586
411.36549639701843, 1963.949543706436, 2103.7578325812874
411.7397356033325, 1963.949543706436, 2103.7578325812874
412.37602710723877, 1965.6118414907785, 2102.5204799839757
412.74678659439087, 1965.6118414907785, 2102.5204799839757
413.2567825317383, 1965.6118414907785, 2102.5204799839757
413.7354962825775, 1965.6118414907785, 2102.5204799839757
414.2507863044739, 1965.6118414907785, 2102.5204799839757
414.73492312431335, 1965.6118414907785, 2102.5204799839757
415.2375726699829, 1965.6118414907785, 2102.5204799839757
415.7382290363312, 1965.6118414907785, 2102.5204799839757
416.3684515953064, 1966.0183592427343, 2104.5208728859116
416.7584044933319, 1966.0183592427343, 2104.5208728859116
417.2460126876831, 1966.0183592427343, 2104.5208728859116
417.7394390106201, 1966.0183592427343, 2104.5208728859116
418.2448375225067, 1966.0183592427343, 2104.5208728859116
418.73452258110046, 1966.0183592427343, 2104.5208728859116
419.3758313655853, 1964.7773601274814, 2103.864351219037
419.7378280162811, 1964.7773601274814, 2103.864351219037
420.24769592285156, 1964.7773601274814, 2103.864351219037
420.73599195480347, 1964.7773601274814, 2103.864351219037
421.23641180992126, 1964.7773601274814, 2103.864351219037
421.7333550453186, 1964.7773601274814, 2103.864351219037
422.2363440990448, 1964.7773601274814, 2103.864351219037
422.85293340682983, 1964.5761202480155, 2104.2991886773934
423.2454586029053, 1964.5761202480155, 2104.2991886773934
423.7461144924164, 1964.5761202480155, 2104.2991886773934
424.35448122024536, 1965.3495471153342, 2104.564755905364
424.7380201816559, 1965.3495471153342, 2104.564755905364
425.23918318748474, 1965.3495471153342, 2104.564755905364
425.74993872642517, 1965.3495471153342, 2104.564755905364
426.25573921203613, 1965.3495471153342, 2104.564755905364
426.8590450286865, 1964.8827089814577, 2104.4345714221868
427.25300693511963, 1964.8827089814577, 2104.4345714221868
427.7356913089752, 1964.8827089814577, 2104.4345714221868
428.23734402656555, 1964.8827089814577, 2104.4345714221868
428.7408056259155, 1964.8827089814577, 2104.4345714221868
429.38783597946167, 1963.566712810949, 2104.4651916040766
429.7368974685669, 1963.566712810949, 2104.4651916040766
430.251487493515, 1963.566712810949, 2104.4651916040766
430.74017667770386, 1963.566712810949, 2104.4651916040766
431.38247990608215, 1963.7129502372507, 2104.013983195211
431.73649978637695, 1963.7129502372507, 2104.013983195211
432.250120639801, 1963.7129502372507, 2104.013983195211
432.7482080459595, 1963.7129502372507, 2104.013983195211
433.23600912094116, 1963.7129502372507, 2104.013983195211
433.7327070236206, 1963.7129502372507, 2104.013983195211
434.2459177970886, 1963.7129502372507, 2104.013983195211
434.73898935317993, 1963.7129502372507, 2104.013983195211
435.39116859436035, 1963.2110582106154, 2104.6263820191325
435.7426028251648, 1963.2110582106154, 2104.6263820191325
436.38886737823486, 1964.3185667224386, 2108.1427261489
436.74491119384766, 1964.3185667224386, 2108.1427261489
437.3652744293213, 1965.0905908350128, 2118.3318935339976
437.7372462749481, 1965.0905908350128, 2118.3318935339976
438.25018072128296, 1965.0905908350128, 2118.3318935339976
438.73886919021606, 1965.0905908350128, 2118.3318935339976
439.2389762401581, 1965.0905908350128, 2118.3318935339976
439.7336492538452, 1965.0905908350128, 2118.3318935339976
440.2531969547272, 1965.0905908350128, 2118.3318935339976
440.7369968891144, 1965.0905908350128, 2118.3318935339976
441.2371778488159, 1965.0905908350128, 2118.3318935339976
441.7342891693115, 1965.0905908350128, 2118.3318935339976
442.2441635131836, 1965.0905908350128, 2118.3318935339976
442.8763530254364, 1951.2559425238408, 329.7720727039796
443.3609354496002, 1951.1823210857817, 328.9451870689578
443.8655803203583, 1950.4836013080294, 329.14533258260985
444.2346246242523, 1950.4836013080294, 329.14533258260985
444.7322885990143, 1950.4836013080294, 329.14533258260985
445.1260893344879, 1950.5558730904943, 329.25114873317966
445.2347972393036, 1950.5558730904943, 329.25114873317966
445.35450506210327, 1950.5558730904943, 329.25114873317966
445.464182138443, 1950.5558730904943, 329.25114873317966
445.7195243835449, 1951.0283337977503, 329.3505903574673
445.9339199066162, 1951.1410454121415, 328.65232401144243
446.22615480422974, 1951.1410454121415, 328.65232401144243
446.7322392463684, 1951.1410454121415, 328.65232401144243
447.2560179233551, 1951.1410454121415, 328.65232401144243
447.7227647304535, 1951.1410454121415, 328.65232401144243
448.2422080039978, 1951.1410454121415, 328.65232401144243
448.72534584999084, 1951.1410454121415, 328.65232401144243
449.2402858734131, 1951.1410454121415, 328.65232401144243
449.72299003601074, 1951.1410454121415, 328.65232401144243
450.23231959342957, 1951.1410454121415, 328.65232401144243
450.731650352478, 1951.1410454121415, 328.65232401144243
451.22703862190247, 1951.1410454121415, 328.65232401144243
451.7496359348297, 1951.1410454121415, 328.65232401144243
452.36126494407654, 1950.1857707742433, 329.4654425468846
452.724321603775, 1950.1857707742433, 329.4654425468846
453.0543727874756, 1950.1857707742433, 329.4654425468846
453.3166687488556, 1950.469084752497, 329.1303965735111
453.42338275909424, 1950.469084752497, 329.1303965735111
453.5470507144928, 1950.469084752497, 329.1303965735111
453.7834162712097, 1949.7199113376219, 329.42749413213903
453.88613963127136, 1949.7199113376219, 329.42749413213903
454.22407150268555, 1949.7199113376219, 329.42749413213903
454.3307840824127, 1949.7199113376219, 329.42749413213903
454.663467168808, 1951.5015213187235, 328.47353997469776
454.887877702713, 1952.3117283661206, 329.2242344869173
455.0105357170105, 1952.3117283661206, 329.2242344869173
455.3583149909973, 1951.6917355637206, 329.10627117414384
455.7414937019348, 1951.6917355637206, 329.10627117414384
456.23604226112366, 1951.6917355637206, 329.10627117414384
456.44946908950806, 1951.6917355637206, 329.10627117414384
456.565158367157, 1951.6917355637206, 329.10627117414384
456.86036562919617, 1950.0423742747498, 329.2189628342335
457.23815727233887, 1950.0423742747498, 329.2189628342335
457.851482629776, 1950.148816014233, 330.1226405212323
458.22468614578247, 1950.148816014233, 330.1226405212323
458.73060488700867, 1950.148816014233, 330.1226405212323
459.2116687297821, 1950.3657020527119, 329.4589796554995
459.31638836860657, 1950.3657020527119, 329.4589796554995
459.8414556980133, 1950.588671231282, 329.3115561940323
460.3530831336975, 1951.163165439923, 329.72082083622865
460.73157572746277, 1951.163165439923, 329.72082083622865
461.22867822647095, 1951.163165439923, 329.72082083622865
461.7454788684845, 1951.163165439923, 329.72082083622865
462.2362401485443, 1951.163165439923, 329.72082083622865
462.72373485565186, 1951.163165439923, 329.72082083622865
463.22372031211853, 1951.163165439923, 329.72082083622865
463.7325463294983, 1951.163165439923, 329.72082083622865
464.2306590080261, 1951.163165439923, 329.72082083622865
464.735342502594, 1951.163165439923, 329.72082083622865
465.22960686683655, 1951.163165439923, 329.72082083622865
465.83837270736694, 1951.139784974204, 328.67500068642283
466.22835326194763, 1951.139784974204, 328.67500068642283
466.7319974899292, 1951.139784974204, 328.67500068642283
467.2354373931885, 1951.139784974204, 328.67500068642283
467.73162961006165, 1951.139784974204, 328.67500068642283
468.2293264865875, 1951.139784974204, 328.67500068642283
468.7289652824402, 1951.139784974204, 328.67500068642283
469.2578592300415, 1951.139784974204, 328.67500068642283
469.84770679473877, 1950.1228715561826, 329.59537611479135
470.2573997974396, 1950.1228715561826, 329.59537611479135
470.73112082481384, 1950.1228715561826, 329.59537611479135
471.35249853134155, 1949.8553436265227, 329.3995687825427
471.84417819976807, 1950.1631965570455, 329.382633241784
472.23823046684265, 1950.1631965570455, 329.382633241784
472.7375319004059, 1950.1631965570455, 329.382633241784
473.2353057861328, 1950.1631965570455, 329.382633241784
473.7268068790436, 1950.1631965570455, 329.382633241784
474.2244849205017, 1950.1631965570455, 329.382633241784
474.7342138290405, 1950.1631965570455, 329.382633241784
475.3481297492981, 1951.6872052666927, 329.3311762750387
475.84878611564636, 1967.0030426277983, 2539.9546875012675
476.2467474937439, 1967.0030426277983, 2539.9546875012675
476.7388529777527, 1967.0030426277983, 2539.9546875012675
477.2356650829315, 1967.0030426277983, 2539.9546875012675
477.7343256473541, 1967.0030426277983, 2539.9546875012675
477.934787273407, 1967.0030426277983, 2539.9546875012675
478.1901025772095, 1966.6946598821753, 2538.7254464202974
478.3021912574768, 1966.6946598821753, 2538.7254464202974
478.5375599861145, 1950.295412775603, 328.7138512755981
478.7270505428314, 1950.295412775603, 328.7138512755981
479.03250765800476, 1950.295412775603, 328.7138512755981
479.2269854545593, 1950.295412775603, 328.7138512755981
479.4653458595276, 1965.8418745673287, 2539.705518910043
479.5700957775116, 1965.8418745673287, 2539.705518910043
479.74562215805054, 1965.8418745673287, 2539.705518910043
480.23428082466125, 1965.8418745673287, 2539.705518910043
480.5823459625244, 1965.8418745673287, 2539.705518910043
480.74291467666626, 1965.8418745673287, 2539.705518910043
481.2435712814331, 1965.8418745673287, 2539.705518910043
481.844957113266, 1965.7891699985116, 2539.9435777319572
482.256849527359, 1965.7891699985116, 2539.9435777319572
482.73656129837036, 1965.7891699985116, 2539.9435777319572
483.2376184463501, 1965.7891699985116, 2539.9435777319572
483.84501791000366, 1966.3870422432087, 2540.0729842876676
484.13421058654785, 1966.3870422432087, 2540.0729842876676
484.24391508102417, 1966.3870422432087, 2540.0729842876676
484.49224829673767, 1950.5432020605258, 342.4744040315028
484.7321710586548, 1950.5432020605258, 342.4744040315028
485.23300886154175, 1950.5432020605258, 342.4744040315028
485.729887008667, 1950.5432020605258, 342.4744040315028
486.2352511882782, 1950.5432020605258, 342.4744040315028
486.4536643028259, 1950.5432020605258, 342.4744040315028
486.85959935188293, 1948.907756664001, 1431.802623236419
487.2473826408386, 1948.907756664001, 1431.802623236419
487.8497655391693, 1949.6691755177878, 2539.750933423992
488.2488512992859, 1949.6691755177878, 2539.750933423992
488.7415282726288, 1949.6691755177878, 2539.750933423992
489.2401885986328, 1949.6691755177878, 2539.750933423992
489.74782609939575, 1949.6691755177878, 2539.750933423992
490.2554626464844, 1949.6691755177878, 2539.750933423992
490.7351744174957, 1949.6691755177878, 2539.750933423992
491.3794662952423, 1949.6451760421514, 2539.5820821593215
491.7339746952057, 1949.6451760421514, 2539.5820821593215
492.2405059337616, 1949.6451760421514, 2539.5820821593215
492.87086176872253, 1951.0405950308564, 2539.2162766467036
493.24984312057495, 1951.0405950308564, 2539.2162766467036
493.7550036907196, 1951.0405950308564, 2539.2162766467036
494.34840965270996, 1951.166779900439, 342.79587903032365
494.72640109062195, 1951.166779900439, 342.79587903032365
495.2354564666748, 1951.166779900439, 342.79587903032365
495.7441203594208, 1951.166779900439, 342.79587903032365
496.2388207912445, 1951.166779900439, 342.79587903032365
496.7289071083069, 1951.166779900439, 342.79587903032365
497.37216663360596, 1951.8058924538404, 342.964223349353
497.72685718536377, 1951.8058924538404, 342.964223349353
498.23679661750793, 1951.8058924538404, 342.964223349353
498.72949504852295, 1951.8058924538404, 342.964223349353
499.22998571395874, 1951.8058924538404, 342.964223349353
499.73695707321167, 1951.8058924538404, 342.964223349353
500.2374737262726, 1951.8058924538404, 342.964223349353
500.7346866130829, 1951.8058924538404, 342.964223349353
501.35701608657837, 1951.3241381960675, 341.7443270564935
501.7378270626068, 1951.3241381960675, 341.7443270564935
502.2276027202606, 1951.3241381960675, 341.7443270564935
502.7262632846832, 1951.3241381960675, 341.7443270564935
503.22731280326843, 1951.3241381960675, 341.7443270564935
503.73050451278687, 1951.3241381960675, 341.7443270564935
504.36315155029297, 1950.5728718446103, 338.7443321515684
504.724182844162, 1950.5728718446103, 338.7443321515684
505.2376012802124, 1950.5728718446103, 338.7443321515684
505.8521931171417, 1948.8855789340334, 339.3699014982999
506.3605844974518, 1949.6735882543555, 337.9704444825905
506.7296290397644, 1949.6735882543555, 337.9704444825905
507.2324559688568, 1949.6735882543555, 337.9704444825905
507.72612500190735, 1949.6735882543555, 337.9704444825905
508.22641229629517, 1949.6735882543555, 337.9704444825905
508.72804045677185, 1949.6735882543555, 337.9704444825905
509.3513934612274, 1949.6062289089057, 337.518996559394
509.85056471824646, 1948.2313326314138, 337.62862786252293
510.3509202003479, 1949.0030904786388, 336.37753057412493
510.72667717933655, 1949.0030904786388, 336.37753057412493
511.2346839904785, 1949.0030904786388, 336.37753057412493
511.72913646698, 1949.0030904786388, 336.37753057412493
512.2277960777283, 1949.0030904786388, 336.37753057412493
512.7232348918915, 1949.0030904786388, 336.37753057412493
513.2242612838745, 1949.0030904786388, 336.37753057412493
513.7682161331177, 1949.0030904786388, 336.37753057412493
514.2269840240479, 1949.0030904786388, 336.37753057412493
514.855297088623, 1948.570259059518, 338.0667775064867
515.3968467712402, 1948.0254821709073, 337.66459728645225
515.7329497337341, 1948.0254821709073, 337.66459728645225
516.3472912311554, 1947.6215154122144, 338.02685372541697
516.8435888290405, 1948.1216936220335, 338.78460783066487
517.2576277256012, 1948.1216936220335, 338.78460783066487
517.7253699302673, 1948.1216936220335, 338.78460783066487
518.2246253490448, 1948.1216936220335, 338.78460783066487
518.8468909263611, 1948.4039770215766, 337.6777468417282
519.233836889267, 1948.4039770215766, 337.6777468417282
519.842675447464, 1948.2295556461381, 337.6943966759898
520.3548893928528, 1948.5754397974813, 337.849295325262
520.7336266040802, 1948.5754397974813, 337.849295325262
521.2386455535889, 1948.5754397974813, 337.849295325262
521.7334442138672, 1948.5754397974813, 337.849295325262
522.349020242691, 1948.4440645838579, 337.45434683032204
522.7220163345337, 1948.4440645838579, 337.45434683032204
522.8406989574432, 1948.4440645838579, 337.45434683032204
523.0351765155792, 1948.4440645838579, 337.45434683032204
523.1757988929749, 1948.4440645838579, 337.45434683032204
523.3772568702698, 1948.4440645838579, 337.45434683032204
523.6570377349854, 1948.4440645838579, 337.45434683032204
523.8704931735992, 1948.5291856659906, 338.09070696393854
523.9871516227722, 1948.5291856659906, 338.09070696393854
524.2438912391663, 1948.5291856659906, 338.09070696393854
524.842193365097, 1948.6413991689235, 337.40638787373865
525.2281575202942, 1948.6413991689235, 337.40638787373865
525.836452960968, 1949.2116610401786, 338.22288140800197
526.2438530921936, 1949.2116610401786, 338.22288140800197
526.731057882309, 1949.2116610401786, 338.22288140800197
527.2235996723175, 1949.2116610401786, 338.22288140800197
527.4649517536163, 1949.2130885637202, 337.59835855961626
527.6953327655792, 1948.6086658457605, 337.80312818548964
527.799055814743, 1948.6086658457605, 337.80312818548964
527.9227230548859, 1948.6086658457605, 337.80312818548964
528.2294907569885, 1948.6086658457605, 337.80312818548964
528.7182569503784, 1948.6086658457605, 337.80312818548964
528.9366691112518, 1948.8626880667787, 338.1846140511153
529.052362203598, 1948.8626880667787, 338.1846140511153
529.2318773269653, 1948.8626880667787, 338.1846140511153
529.7242155075073, 1948.8626880667787, 338.1846140511153
530.3520448207855, 1951.5427190590042, 332.8547654074193
530.7022571563721, 1951.5427190590042, 332.8547654074193
530.8199408054352, 1951.5427190590042, 332.8547654074193
531.0024518966675, 1951.5427190590042, 332.8547654074193
531.2168753147125, 1951.5427190590042, 332.8547654074193
531.4542379379272, 1951.5427190590042, 332.8547654074193
531.6786642074585, 1951.5427190590042, 332.8547654074193
531.8083167076111, 1951.5427190590042, 332.8547654074193
532.234174489975, 1951.5427190590042, 332.8547654074193
532.8419024944305, 1965.821113762263, 2538.3387382615165
533.3515341281891, 1966.4239817986365, 2537.1375385868096
533.8418841362, 1967.240330674025, 2537.144950591522
534.238817691803, 1967.240330674025, 2537.144950591522
534.7304978370667, 1967.240330674025, 2537.144950591522
535.231582403183, 1967.240330674025, 2537.144950591522
535.7311627864838, 1967.240330674025, 2537.144950591522
536.0084183216095, 1967.240330674025, 2537.144950591522
536.1550245285034, 1967.240330674025, 2537.144950591522
536.3953795433044, 1964.8696576506193, 2538.043816250851
536.5300178527832, 1964.8696576506193, 2538.043816250851
536.8601315021515, 1965.75322447381, 2538.6921831883787
537.2331311702728, 1965.75322447381, 2538.6921831883787
537.3558006286621, 1965.75322447381, 2538.6921831883787
537.6051313877106, 1965.6365556444428, 2537.8131247676815
537.8674573898315, 1964.743669733593, 2538.2692336753926
537.9721455574036, 1964.743669733593, 2538.2692336753926
538.2125005722046, 1965.1052458201298, 2538.673938545688
538.3271923065186, 1965.1052458201298, 2538.673938545688
538.7258398532867, 1965.1052458201298, 2538.673938545688
539.2379133701324, 1965.1052458201298, 2538.673938545688
539.8477165699005, 1965.9387673945414, 2537.3611311587974
540.1190481185913, 1965.9387673945414, 2537.3611311587974
540.2526581287384, 1965.9387673945414, 2537.3611311587974
540.8570351600647, 1964.8155200879614, 2537.867522786998
541.25097823143, 1964.8155200879614, 2537.867522786998
541.7456493377686, 1964.8155200879614, 2537.867522786998
542.2039837837219, 1964.140622816409, 2538.1319745503074
542.3406167030334, 1964.140622816409, 2538.1319745503074
542.7481343746185, 1964.140622816409, 2538.1319745503074
543.3799674510956, 1965.8033263149516, 2538.146215391435
543.86301612854, 1966.538422432507, 2538.155623097672
544.3787229061127, 1965.5747700428499, 2536.9948606845464
544.7517204284668, 1965.5747700428499, 2536.9948606845464
545.3712558746338, 1964.7743220003379, 2538.878986792065
545.7440991401672, 1964.7743220003379, 2538.878986792065
546.245612859726, 1964.7743220003379, 2538.878986792065
546.7487170696259, 1964.7743220003379, 2538.878986792065
547.2532460689545, 1964.7743220003379, 2538.878986792065
547.7480564117432, 1964.7743220003379, 2538.878986792065
548.3837399482727, 1966.3636277988783, 2539.5698615913348
548.8859307765961, 1966.0740475260773, 2538.4348995100636
549.2670285701752, 1966.0740475260773, 2538.4348995100636
549.7718696594238, 1966.0740475260773, 2538.4348995100636
550.2774834632874, 1966.0740475260773, 2538.4348995100636
550.9038026332855, 1965.1880017675828, 2538.394679299339
551.3964796066284, 1965.4513312045506, 2536.5498754451055
551.7723948955536, 1965.4513312045506, 2536.5498754451055
552.2683358192444, 1965.4513312045506, 2536.5498754451055
552.7690737247467, 1965.4513312045506, 2536.5498754451055
553.2745397090912, 1965.4513312045506, 2536.5498754451055
553.7705540657043, 1965.4513312045506, 2536.5498754451055
554.3802292346954, 1958.045000749469, 2541.334154990328
554.8756372928619, 1962.9735046770693, 2648.969911966712
555.2807266712189, 1962.9735046770693, 2648.969911966712
555.8833448886871, 1963.8453054637068, 2591.9751327888407
556.2638192176819, 1963.8453054637068, 2591.9751327888407
556.7704927921295, 1963.8453054637068, 2591.9751327888407
557.2716691493988, 1963.8453054637068, 2591.9751327888407
557.763379573822, 1963.8453054637068, 2591.9751327888407
558.2699882984161, 1963.8453054637068, 2591.9751327888407
558.7687349319458, 1963.8453054637068, 2591.9751327888407
559.3830692768097, 1963.306924608495, 2671.5960866404644
559.7639610767365, 1963.306924608495, 2671.5960866404644
560.274528503418, 1963.306924608495, 2671.5960866404644
560.8831777572632, 1964.7462453952628, 2672.031051932564
561.2657332420349, 1964.7462453952628, 2672.031051932564
561.7607276439667, 1964.7462453952628, 2672.031051932564
562.3931972980499, 1964.8409459506981, 2672.2952293818344
562.9726412296295, 1138.0, 1943.7116531097683
563.3705730438232, 1138.0, 1943.7116531097683
563.8555026054382, 1138.0, 1943.7116531097683
564.3531658649445, 1138.0, 1943.7116531097683
564.9333243370056, 2574.209663519269, 1881.5723640263052
565.3089489936829, 2574.209663519269, 1881.5723640263052
565.8084044456482, 2574.209663519269, 1881.5723640263052
566.5510540008545, 2557.4999999998895, 588.0068145486172
566.9350559711456, 2557.4999999998895, 588.0068145486172
567.4856135845184, 2437.667387292604, 2706.027879726147
567.84352684021, 2437.667387292604, 2706.027879726147
568.4501230716705, 2352.302541698435, 1632.092824329103
568.819132566452, 2352.302541698435, 1632.092824329103
569.3876066207886, 1965.7147567221905, 2671.5826212612606
569.7725715637207, 1965.7147567221905, 2671.5826212612606
570.2568883895874, 1965.7147567221905, 2671.5826212612606
570.7655227184296, 1965.7147567221905, 2671.5826212612606
571.2657520771027, 1965.7147567221905, 2671.5826212612606
571.7734706401825, 1965.7147567221905, 2671.5826212612606
572.41375207901, 1964.0271188625966, 2671.4113770843146
572.7807660102844, 1964.0271188625966, 2671.4113770843146
573.4080827236176, 1964.3864014810838, 2671.49002977695
573.785285949707, 1964.3864014810838, 2671.49002977695
574.2799570560455, 1964.3864014810838, 2671.49002977695
574.902286529541, 1964.723189978278, 2671.8024172439714
575.2779636383057, 1964.723189978278, 2671.8024172439714
575.8933296203613, 1963.4022666639924, 2670.9981042811105
576.4048478603363, 1964.6993331117062, 2671.334716766545
576.6551759243011, 1964.6162799312217, 2671.193984006999
576.780838727951, 1964.6162799312217, 2671.193984006999
577.2835967540741, 1964.6162799312217, 2671.193984006999
577.7887299060822, 1964.6162799312217, 2671.193984006999
578.3879144191742, 1964.4697869455713, 2671.8351830755814
578.6242783069611, 1964.6778948928054, 2671.7603023031606
578.7778189182281, 1964.6778948928054, 2671.7603023031606
579.2906129360199, 1964.6778948928054, 2671.7603023031606
579.7768754959106, 1964.6778948928054, 2671.7603023031606
580.2800772190094, 1964.6778948928054, 2671.7603023031606
580.7887122631073, 1964.6778948928054, 2671.7603023031606
581.2998275756836, 1964.6778948928054, 2671.7603023031606
581.9447300434113, 1963.586532095594, 2671.660249945773
582.3975145816803, 1964.535668568471, 2671.591594366945
582.896048784256, 1964.5776599415233, 2671.314956215833
583.4133102893829, 1963.853225829505, 2671.8497981787878
583.7802956104279, 1963.853225829505, 2671.8497981787878
584.402756690979, 1964.0452641866168, 2672.2895583850004
584.7795369625092, 1964.0452641866168, 2672.2895583850004
585.288905620575, 1964.0452641866168, 2672.2895583850004
585.7839767932892, 1964.0452641866168, 2672.2895583850004
586.2787711620331, 1964.0452641866168, 2672.2895583850004
586.7754378318787, 1964.0452641866168, 2672.2895583850004
587.2905871868134, 1964.0452641866168, 2672.2895583850004
587.7782776355743, 1964.0452641866168, 2672.2895583850004
588.4028789997101, 1965.6856127867195, 2672.245907145321
588.7778894901276, 1965.6856127867195, 2672.245907145321
589.2816028594971, 1965.6856127867195, 2672.245907145321
589.7896740436554, 1965.6856127867195, 2672.245907145321
590.2933218479156, 1965.6856127867195, 2672.245907145321
590.888665676117, 1964.5356261076445, 2674.700622955197
591.2915830612183, 1964.5356261076445, 2674.700622955197
591.7965750694275, 1964.5356261076445, 2674.700622955197
592.277284860611, 1964.5356261076445, 2674.700622955197
592.7744388580322, 1964.5356261076445, 2674.700622955197
593.2872676849365, 1964.5356261076445, 2674.700622955197
593.8926322460175, 1968.0812515123664, 2675.255650992289
594.2826883792877, 1968.0812515123664, 2675.255650992289
594.7893278598785, 1968.0812515123664, 2675.255650992289
595.4036638736725, 1965.8692560418974, 2675.8757744886916
595.7796542644501, 1965.8692560418974, 2675.8757744886916
596.277999162674, 1965.8692560418974, 2675.8757744886916
596.9003281593323, 1965.1285361889454, 2676.6121675826184
597.4039461612701, 1967.6438747919979, 2676.466710222381
597.9006133079529, 1965.9153083088024, 2677.916114192199
598.2915630340576, 1965.9153083088024, 2677.916114192199
598.9009103775024, 1966.3504883337214, 2677.3703635111397
599.2868733406067, 1966.3504883337214, 2677.3703635111397
599.7869915962219, 1966.3504883337214, 2677.3703635111397
600.2777318954468, 1966.3504883337214, 2677.3703635111397
600.7786848545074, 1966.3504883337214, 2677.3703635111397
601.4033169746399, 1966.848611270896, 2677.0046702857203
601.7783098220825, 1966.848611270896, 2677.0046702857203
602.2762196063995, 1966.848611270896, 2677.0046702857203
602.777464389801, 1966.848611270896, 2677.0046702857203
603.4366934299469, 1964.8225297899128, 2677.6633301427632
603.8934674263, 1966.8406980009484, 2676.449856567977
604.3981125354767, 1965.063157929376, 2675.836069337533
604.8880903720856, 1966.6548904570452, 2675.6992055131263
605.2802624702454, 1966.6548904570452, 2675.6992055131263
605.7758316993713, 1966.6548904570452, 2675.6992055131263
606.4020977020264, 1966.599085512058, 2674.4913729444847
606.7749421596527, 1966.599085512058, 2674.4913729444847
607.2708311080933, 1966.599085512058, 2674.4913729444847
607.9005255699158, 1968.0989324591117, 2673.9993789786304
608.4061679840088, 1966.4701676616926, 2673.5371037267887
608.7811894416809, 1966.4701676616926, 2673.5371037267887
609.2881319522858, 1966.4701676616926, 2673.5371037267887
609.792777299881, 1966.4701676616926, 2673.5371037267887
610.273487329483, 1966.4701676616926, 2673.5371037267887
610.7791304588318, 1966.4701676616926, 2673.5371037267887
611.4034535884857, 1966.6145021704801, 2672.988904514422
611.7754561901093, 1966.6145021704801, 2672.988904514422
612.2880907058716, 1966.6145021704801, 2672.988904514422
612.7827517986298, 1966.6145021704801, 2672.988904514422
613.283215045929, 1966.6145021704801, 2672.988904514422
613.9004764556885, 1965.7202763165324, 2671.100977117798
614.2748277187347, 1965.7202763165324, 2671.100977117798
614.783463716507, 1965.7202763165324, 2671.100977117798
615.398282289505, 1966.1301605996794, 2671.0849497260656
615.8834362030029, 1964.8165693162478, 2671.550757294085
616.280100107193, 1964.8165693162478, 2671.550757294085
616.777379989624, 1964.8165693162478, 2671.550757294085
617.3968262672424, 1964.1075486331506, 2671.67357625311
617.7788021564484, 1964.1075486331506, 2671.67357625311
618.399626493454, 1963.9749800852974, 2671.9643797317117
618.7833881378174, 1963.9749800852974, 2671.9643797317117
619.2880342006683, 1963.9749800852974, 2671.9643797317117
619.7820725440979, 1963.9749800852974, 2671.9643797317117
620.4103453159332, 1964.6193132181852, 2670.8869983303375
620.7825672626495, 1964.6193132181852, 2670.8869983303375
621.292985200882, 1964.6193132181852, 2670.8869983303375
621.7793066501617, 1964.6193132181852, 2670.8869983303375
622.407190322876, 1964.6067246236178, 2671.197813435632
622.7820653915405, 1964.6067246236178, 2671.197813435632
623.2841351032257, 1964.6067246236178, 2671.197813435632
623.7871465682983, 1964.6067246236178, 2671.197813435632
624.2832803726196, 1964.6067246236178, 2671.197813435632
624.775714635849, 1964.6067246236178, 2671.197813435632
625.4020338058472, 1963.789325279596, 2671.084428132738
625.779022693634, 1963.789325279596, 2671.084428132738
626.3036131858826, 1963.789325279596, 2671.084428132738
626.7797572612762, 1963.789325279596, 2671.084428132738
627.2803874015808, 1963.789325279596, 2671.084428132738
627.7790660858154, 1963.789325279596, 2671.084428132738
628.2807030677795, 1963.789325279596, 2671.084428132738
628.7760407924652, 1963.789325279596, 2671.084428132738
629.2759685516357, 1963.789325279596, 2671.084428132738
629.7860596179962, 1963.789325279596, 2671.084428132738
630.278017282486, 1963.789325279596, 2671.084428132738
630.9010717868805, 1963.523885796602, 2672.073860701692
631.299964427948, 1963.523885796602, 2672.073860701692
631.7746694087982, 1963.523885796602, 2672.073860701692
632.3100645542145, 1963.523885796602, 2672.073860701692
632.7761416435242, 1963.523885796602, 2672.073860701692
633.287180185318, 1963.523885796602, 2672.073860701692
633.7792222499847, 1963.523885796602, 2672.073860701692
634.2795121669769, 1963.523885796602, 2672.073860701692
634.7748227119446, 1963.523885796602, 2672.073860701692
635.2776889801025, 1963.523885796602, 2672.073860701692
635.7795147895813, 1963.523885796602, 2672.073860701692
636.278294801712, 1963.523885796602, 2672.073860701692
636.8998999595642, 1964.7526093913568, 2672.212863201613
637.2824063301086, 1964.7526093913568, 2672.212863201613
637.9047639369965, 1964.2093797643422, 2672.2436426032673
638.4032945632935, 1963.3910346732184, 2670.694546764935
638.7714192867279, 1963.3910346732184, 2670.694546764935
639.4061517715454, 1964.156130897828, 2672.1649636293137
639.7823345661163, 1964.156130897828, 2672.1649636293137
640.3993439674377, 1963.5038285600042, 2671.9511275612263
640.9139621257782, 1964.131070492732, 2673.3189512845624
641.2783124446869, 1964.131070492732, 2673.3189512845624
641.8984093666077, 1964.1492562167614, 2672.324899978001
642.2876882553101, 1964.1492562167614, 2672.324899978001
642.7785160541534, 1964.1492562167614, 2672.324899978001
643.4058313369751, 1962.4873191376075, 2671.9440452491576
643.7772223949432, 1962.4873191376075, 2671.9440452491576
644.3986370563507, 1962.2648332667238, 2671.6359623233216
644.9002904891968, 1963.5775878249888, 2671.9589006216233
645.4338600635529, 1963.9856065899023, 2672.263629157443
645.7759401798248, 1963.9856065899023, 2672.263629157443
646.2776291370392, 1963.9856065899023, 2672.263629157443
646.7987382411957, 1963.9856065899023, 2672.263629157443
647.2834358215332, 1963.9856065899023, 2672.263629157443
647.7860927581787, 1963.9856065899023, 2672.263629157443
648.4333500862122, 1963.1898333570343, 2671.730782361108
648.7898914813995, 1963.1898333570343, 2671.730782361108
649.2844750881195, 1963.1898333570343, 2671.730782361108
649.7799124717712, 1963.1898333570343, 2671.730782361108
650.4080891609192, 1964.8293513509502, 2672.2971525534886
650.7812325954437, 1964.8293513509502, 2672.2971525534886
651.2786831855774, 1964.8293513509502, 2672.2971525534886
651.9009094238281, 1963.0459656342905, 2671.6563269230955
652.2811741828918, 1963.0459656342905, 2671.6563269230955
652.7788379192352, 1963.0459656342905, 2671.6563269230955
653.2894670963287, 1963.0459656342905, 2671.6563269230955
653.895250082016, 1963.4752865484306, 2670.856909658855
654.2865817546844, 1963.4752865484306, 2670.856909658855
654.8959774971008, 1965.0142521321877, 2672.411284226089
655.2829959392548, 1965.0142521321877, 2672.411284226089
655.782655954361, 1965.0142521321877, 2672.411284226089
656.2770562171936, 1965.0142521321877, 2672.411284226089
656.7752916812897, 1965.0142521321877, 2672.411284226089
657.4006154537201, 1964.2932801733643, 2672.221615026798
657.7875742912292, 1964.2932801733643, 2672.221615026798
658.4086985588074, 1964.8444306829574, 2671.065411042697
658.7771239280701, 1964.8444306829574, 2671.065411042697
659.2897763252258, 1964.8444306829574, 2671.065411042697
659.7834222316742, 1964.8444306829574, 2671.065411042697
660.4007477760315, 1964.9292311771014, 2672.2541429467537
660.7747437953949, 1964.9292311771014, 2672.2541429467537
661.2764620780945, 1964.9292311771014, 2672.2541429467537
661.7846059799194, 1964.9292311771014, 2672.2541429467537
662.4055137634277, 1962.9576432466274, 2671.8514870140402
662.8877890110016, 1964.6119977541493, 2672.083952803669
663.2897353172302, 1964.6119977541493, 2672.083952803669
663.7806172370911, 1964.6119977541493, 2672.083952803669
664.3958103656769, 1963.5497829032277, 2671.7624762599407
664.7888565063477, 1963.5497829032277, 2671.7624762599407
665.2775800228119, 1963.5497829032277, 2671.7624762599407
665.7761967182159, 1963.5497829032277, 2671.7624762599407
666.4201238155365, 1963.04951962042, 2671.6405144592886
666.7787170410156, 1963.04951962042, 2671.6405144592886
667.2767767906189, 1963.04951962042, 2671.6405144592886
667.7810883522034, 1963.04951962042, 2671.6405144592886
668.2797765731812, 1963.04951962042, 2671.6405144592886
668.7719984054565, 1963.04951962042, 2671.6405144592886
669.2856192588806, 1963.04951962042, 2671.6405144592886
669.8919916152954, 1963.5832063971136, 2671.6988934001743
670.405613899231, 1964.1910432149111, 2671.521670545308
670.7935726642609, 1964.1910432149111, 2671.521670545308
671.405927658081, 1964.1996658391336, 2671.2251761623043
671.7757039070129, 1964.1996658391336, 2671.2251761623043
672.2893304824829, 1964.1996658391336, 2671.2251761623043
672.7770221233368, 1964.1996658391336, 2671.2251761623043
673.2763710021973, 1964.1996658391336, 2671.2251761623043
673.9056985378265, 1963.5065146342324, 2672.0255319326634
674.2864472866058, 1963.5065146342324, 2672.0255319326634
674.9012038707733, 1962.9760811368335, 2671.871035596067
675.2991359233856, 1962.9760811368335, 2671.871035596067
675.7742981910706, 1962.9760811368335, 2671.871035596067
676.2859256267548, 1962.9760811368335, 2671.871035596067
676.7736577987671, 1962.9760811368335, 2671.871035596067
677.2859482765198, 1962.9760811368335, 2671.871035596067
677.7763049602509, 1962.9760811368335, 2671.871035596067
678.3960540294647, 1963.7148281603427, 2671.62237335052
678.8967099189758, 1963.8786748976045, 2671.890439980953
679.2816772460938, 1963.8786748976045, 2671.890439980953
679.7743546962738, 1963.8786748976045, 2671.890439980953
680.281462430954, 1963.8786748976045, 2671.890439980953
680.8902814388275, 1963.5273575420301, 2671.874184621369
681.39794921875, 1963.0865677194552, 2671.9532244918946
681.7838819026947, 1963.0865677194552, 2671.9532244918946
682.2802028656006, 1963.0865677194552, 2671.9532244918946
682.773877620697, 1963.0865677194552, 2671.9532244918946
683.3996603488922, 1962.834453281506, 2671.6687837173154
683.8963265419006, 1964.621505808423, 2672.1702954227367
684.2784683704376, 1964.621505808423, 2672.1702954227367
684.7726263999939, 1964.621505808423, 2672.1702954227367
685.2790143489838, 1964.621505808423, 2672.1702954227367
685.7749817371368, 1964.621505808423, 2672.1702954227367
686.2866251468658, 1964.621505808423, 2672.1702954227367
686.7762496471405, 1964.621505808423, 2672.1702954227367
687.2874834537506, 1964.621505808423, 2672.1702954227367
687.7751803398132, 1964.621505808423, 2672.1702954227367
688.2910647392273, 1964.621505808423, 2672.1702954227367
688.8864572048187, 1963.223107162923, 2672.207855544453
689.2771382331848, 1963.223107162923, 2672.207855544453
689.8960745334625, 1963.6718088307089, 2672.098088215463
690.2904269695282, 1963.6718088307089, 2672.098088215463
690.7782769203186, 1963.6718088307089, 2672.098088215463
691.408132314682, 1963.5636598808774, 2671.8510021785883
691.7842116355896, 1963.5636598808774, 2671.8510021785883
692.2782068252563, 1963.5636598808774, 2671.8510021785883
692.7840242385864, 1963.5636598808774, 2671.8510021785883
693.2783324718475, 1963.5636598808774, 2671.8510021785883
693.7835702896118, 1963.5636598808774, 2671.8510021785883
694.2774291038513, 1963.5636598808774, 2671.8510021785883
694.7709429264069, 1963.5636598808774, 2671.8510021785883
695.2855620384216, 1963.5636598808774, 2671.8510021785883
695.7787802219391, 1963.5636598808774, 2671.8510021785883
696.2864174842834, 1963.5636598808774, 2671.8510021785883
696.7796323299408, 1963.5636598808774, 2671.8510021785883
697.2783217430115, 1963.5636598808774, 2671.8510021785883
697.7909173965454, 1963.5636598808774, 2671.8510021785883
698.3935523033142, 1963.5473502543362, 2672.1335946584422
698.8939836025238, 1963.768601218598, 2672.0507363376855
699.4115941524506, 1965.4050875731998, 2672.3366981768268
699.8913352489471, 1963.9673730234456, 2671.0360683287345
700.2812597751617, 1963.9673730234456, 2671.0360683287345
700.7814319133759, 1963.9673730234456, 2671.0360683287345
701.280446767807, 1963.9673730234456, 2671.0360683287345
701.7890822887421, 1963.9673730234456, 2671.0360683287345
702.2824749946594, 1963.9673730234456, 2671.0360683287345
702.7756824493408, 1963.9673730234456, 2671.0360683287345
703.4039173126221, 1964.5149508751854, 2671.3499300941403
703.7729771137238, 1964.5149508751854, 2671.3499300941403
704.2785041332245, 1964.5149508751854, 2671.3499300941403
704.8886723518372, 1964.0987372066963, 2672.2968534562847
705.2902426719666, 1964.0987372066963, 2672.2968534562847
705.7770612239838, 1964.0987372066963, 2672.2968534562847
706.2890181541443, 1964.0987372066963, 2672.2968534562847
706.7734611034393, 1964.0987372066963, 2672.2968534562847
707.404833316803, 1963.7965232771458, 2671.0764559270924
707.902649641037, 1962.9529750296279, 2671.9487743056557
708.4102871417999, 1963.3005506087961, 2671.747180914358
708.7700090408325, 1963.3005506087961, 2671.747180914358
709.4036002159119, 1963.789100675032, 2672.0987774747364
709.9129264354706, 1964.8812579645248, 2671.5583233452385
710.2859487533569, 1964.8812579645248, 2671.5583233452385
710.792590379715, 1964.8812579645248, 2671.5583233452385
711.3011949062347, 1964.8812579645248, 2671.5583233452385
711.9160137176514, 1964.0556374091288, 2672.0109805768625
712.4276394844055, 1964.5219165047495, 2672.1186965176485
712.8984699249268, 1963.4384135282978, 2671.915131788068
713.2850997447968, 1963.4384135282978, 2671.915131788068
713.7933919429779, 1963.4384135282978, 2671.915131788068
714.2861135005951, 1963.4384135282978, 2671.915131788068
714.7823643684387, 1963.4384135282978, 2671.915131788068
715.286057472229, 1963.4384135282978, 2671.915131788068
715.7963335514069, 1963.4384135282978, 2671.915131788068
716.2725946903229, 1963.4384135282978, 2671.915131788068
716.7757086753845, 1963.4384135282978, 2671.915131788068
717.2803547382355, 1963.4384135282978, 2671.915131788068
717.7863166332245, 1963.4384135282978, 2671.915131788068
718.2810432910919, 1963.4384135282978, 2671.915131788068
718.7803115844727, 1963.4384135282978, 2671.915131788068
719.4106199741364, 1963.896130295506, 2671.7381099668855
719.9006562232971, 1963.899688409992, 2671.872838727244
720.2806355953217, 1963.899688409992, 2671.872838727244
720.7793111801147, 1963.899688409992, 2671.872838727244
721.2852187156677, 1963.899688409992, 2671.872838727244
721.8964130878448, 1963.5729459184483, 2671.893079844489
722.2842943668365, 1963.5729459184483, 2671.893079844489
722.7769701480865, 1963.5729459184483, 2671.893079844489
723.2848958969116, 1963.5729459184483, 2671.893079844489
723.8958239555359, 1963.8068425880035, 2672.042390954043
724.2807910442352, 1963.8068425880035, 2672.042390954043
724.7738702297211, 1963.8068425880035, 2672.042390954043
725.3946075439453, 1964.831384935742, 2672.0898382419414
725.8901691436768, 1964.94202815851, 2672.0088514537447
726.2821171283722, 1964.94202815851, 2672.0088514537447
726.7796721458435, 1964.94202815851, 2672.0088514537447
727.2796850204468, 1964.94202815851, 2672.0088514537447
727.7723693847656, 1964.94202815851, 2672.0088514537447
728.2778961658478, 1964.94202815851, 2672.0088514537447
728.8942029476166, 1963.362041252194, 2671.2141817695506
729.2902839183807, 1963.362041252194, 2671.2141817695506
729.7803735733032, 1963.362041252194, 2671.2141817695506
730.4116802215576, 1963.4590530270348, 2671.8802422860736
730.7727093696594, 1963.4590530270348, 2671.8802422860736
731.2694113254547, 1963.4590530270348, 2671.8802422860736
731.8995559215546, 1965.360986168409, 2672.3544352882036
732.4020504951477, 1962.6733597235605, 2671.597055251634
732.8940460681915, 1964.4678232982535, 2671.9649476160735
733.4016559123993, 1964.5658119547231, 2672.28263372299
733.7736568450928, 1964.5658119547231, 2672.28263372299
734.2832894325256, 1964.5658119547231, 2672.28263372299
734.7779607772827, 1964.5658119547231, 2672.28263372299
735.2776539325714, 1964.5658119547231, 2672.28263372299
735.7722158432007, 1964.5658119547231, 2672.28263372299
736.4035212993622, 1963.538048625238, 2671.8211810546013
736.7745258808136, 1963.538048625238, 2671.8211810546013
737.2870540618896, 1963.538048625238, 2671.8211810546013
737.7797005176544, 1963.538048625238, 2671.8211810546013
738.2803511619568, 1963.538048625238, 2671.8211810546013
738.8902742862701, 1963.0142279201086, 2672.764921395428
739.277135848999, 1963.0142279201086, 2672.764921395428
739.7746396064758, 1963.0142279201086, 2672.764921395428
740.2777256965637, 1963.0142279201086, 2672.764921395428
740.7778513431549, 1963.0142279201086, 2672.764921395428
741.2755153179169, 1963.0142279201086, 2672.764921395428
741.7741875648499, 1963.0142279201086, 2672.764921395428
742.2798619270325, 1963.0142279201086, 2672.764921395428
742.7894623279572, 1963.0142279201086, 2672.764921395428
743.2740702629089, 1963.0142279201086, 2672.764921395428
743.7789261341095, 1963.0142279201086, 2672.764921395428
744.2725818157196, 1963.0142279201086, 2672.764921395428
744.7776389122009, 1963.0142279201086, 2672.764921395428
745.2816383838654, 1963.0142279201086, 2672.764921395428
745.899983882904, 1963.324743739188, 2671.860645887007
746.2880928516388, 1963.324743739188, 2671.860645887007
746.8971705436707, 1963.7572148634338, 2672.12351673899
747.2801415920258, 1963.7572148634338, 2672.12351673899
747.7847876548767, 1963.7572148634338, 2672.12351673899
748.2734756469727, 1963.7572148634338, 2672.12351673899
748.797623872757, 1963.7572148634338, 2672.12351673899
749.2743451595306, 1963.7572148634338, 2672.12351673899
749.7818157672882, 1963.7572148634338, 2672.12351673899
750.285959482193, 1963.7572148634338, 2672.12351673899
750.7878937721252, 1963.7572148634338, 2672.12351673899
751.2815935611725, 1963.7572148634338, 2672.12351673899
751.7872357368469, 1963.7572148634338, 2672.12351673899
752.2719352245331, 1963.7572148634338, 2672.12351673899
752.7916119098663, 1963.7572148634338, 2672.12351673899
753.404881477356, 1965.5880605840962, 2672.34532579161
753.784862279892, 1965.5880605840962, 2672.34532579161
754.2735500335693, 1965.5880605840962, 2672.34532579161
754.7811875343323, 1965.5880605840962, 2672.34532579161
755.2770917415619, 1965.5880605840962, 2672.34532579161
755.7869017124176, 1965.5880605840962, 2672.34532579161
756.3946874141693, 1963.2421744909052, 2672.740672730472
756.7946426868439, 1963.2421744909052, 2672.740672730472
757.39998960495, 1964.0925147604262, 2671.9566776046768
757.7849049568176, 1964.0925147604262, 2671.9566776046768
758.2874462604523, 1964.0925147604262, 2671.9566776046768
758.9057984352112, 1963.94663097815, 2671.3543173236567
759.2819044589996, 1963.94663097815, 2671.3543173236567
759.7846028804779, 1963.94663097815, 2671.3543173236567
760.391969203949, 1963.1093133716872, 2672.0258733298224
760.9070248603821, 1963.3584705557923, 2672.001767393431
761.2919478416443, 1963.3584705557923, 2672.001767393431
761.7900052070618, 1963.3584705557923, 2672.001767393431
762.2768187522888, 1963.3584705557923, 2672.001767393431
762.9002556800842, 1964.07020827164, 2672.2907305517674
763.2869083881378, 1964.07020827164, 2672.2907305517674
763.7845876216888, 1964.07020827164, 2672.2907305517674
764.3908061981201, 1963.6763789365014, 2671.940019431067
764.7840404510498, 1963.6763789365014, 2671.940019431067
765.4098308086395, 1963.6976280696656, 2671.9208196015043
765.9084689617157, 1963.2587881507175, 2672.041627189395
766.4141128063202, 1963.6957584790418, 2671.8710824742675
766.8023641109467, 1963.6957584790418, 2671.8710824742675
767.3002240657806, 1963.6957584790418, 2671.8710824742675
767.7966434955597, 1963.6957584790418, 2671.8710824742675
768.291442155838, 1963.6957584790418, 2671.8710824742675
768.8037807941437, 1963.6957584790418, 2671.8710824742675
769.2894792556763, 1963.6957584790418, 2671.8710824742675
769.8008985519409, 1963.6957584790418, 2671.8710824742675
770.297158241272, 1963.6957584790418, 2671.8710824742675
770.7939476966858, 1963.6957584790418, 2671.8710824742675
771.4082977771759, 1965.1973009476444, 2671.521066883579
771.8022406101227, 1965.1973009476444, 2671.521066883579
772.2959151268005, 1965.1973009476444, 2671.521066883579
772.7973508834839, 1965.1973009476444, 2671.521066883579
773.4100155830383, 1963.9695869866464, 2671.957646534934
773.9251115322113, 1963.9222591934993, 2672.273150052694
774.29412150383, 1963.9222591934993, 2672.273150052694
774.7947773933411, 1963.9222591934993, 2672.273150052694
775.294643163681, 1963.9222591934993, 2672.273150052694
775.8031458854675, 1963.9222591934993, 2672.273150052694
776.2992053031921, 1963.9222591934993, 2672.273150052694
776.7998626232147, 1963.9222591934993, 2672.273150052694
777.289547920227, 1963.9222591934993, 2672.273150052694
777.9338188171387, 1964.0098005132545, 2671.98463983616
778.298837184906, 1964.0098005132545, 2671.98463983616
778.7955048084259, 1964.0098005132545, 2671.98463983616
779.2900512218475, 1964.0098005132545, 2671.98463983616
779.9216773509979, 1963.1627338531691, 2671.6739846071036
780.3146262168884, 1963.1627338531691, 2671.6739846071036
780.7951776981354, 1963.1627338531691, 2671.6739846071036
781.2880327701569, 1963.1627338531691, 2671.6739846071036
781.9323954582214, 1963.695369113925, 2671.9302187121325
782.3000996112823, 1963.695369113925, 2671.9302187121325
782.8007555007935, 1963.695369113925, 2671.9302187121325
783.2954275608063, 1963.695369113925, 2671.9302187121325
783.9218165874481, 1963.410329947376, 2671.7756855100397
784.2951691150665, 1963.410329947376, 2671.7756855100397
784.8025329113007, 1963.410329947376, 2671.7756855100397
785.2943205833435, 1963.410329947376, 2671.7756855100397
785.9216368198395, 1963.6619347292503, 2670.6900661840946
786.408637046814, 1965.302658922505, 2671.4391135813107
786.8005871772766, 1965.302658922505, 2671.4391135813107
787.2933447360992, 1965.302658922505, 2671.4391135813107
787.7978358268738, 1965.302658922505, 2671.4391135813107
788.2945013046265, 1965.302658922505, 2671.4391135813107
788.7961566448212, 1965.302658922505, 2671.4391135813107
789.4117233753204, 1964.5510143612933, 2671.601580379853
789.8036694526672, 1964.5510143612933, 2671.601580379853
790.3113071918488, 1964.5510143612933, 2671.601580379853
790.7950084209442, 1964.5510143612933, 2671.601580379853
791.4203300476074, 1962.9641406131939, 2672.0313595434227
791.7902100086212, 1962.9641406131939, 2672.0313595434227
792.2921717166901, 1962.9641406131939, 2672.0313595434227
792.7970702648163, 1962.9641406131939, 2672.0313595434227
793.4160413742065, 1963.6590547215715, 2672.6048715732218
793.7920308113098, 1963.6590547215715, 2672.6048715732218
794.3094894886017, 1963.6590547215715, 2672.6048715732218
794.7951853275299, 1963.6590547215715, 2672.6048715732218
795.4025807380676, 1964.4732844253656, 2671.133271754862
795.7964973449707, 1964.4732844253656, 2671.133271754862
796.4098799228668, 1963.6879041462312, 2672.086128565325
796.8013472557068, 1963.6879041462312, 2672.086128565325
797.2934823036194, 1963.6879041462312, 2672.086128565325
797.7931399345398, 1963.6879041462312, 2672.086128565325
798.2873337268829, 1963.6879041462312, 2672.086128565325
798.8051652908325, 1963.6879041462312, 2672.086128565325
799.3058211803436, 1963.6879041462312, 2672.086128565325
799.802517414093, 1963.6879041462312, 2672.086128565325
800.2981572151184, 1963.6879041462312, 2672.086128565325
800.9125375747681, 1963.5746275270233, 2672.1106800245966
801.4370999336243, 1962.761500419065, 2671.974359363084
801.7991569042206, 1962.761500419065, 2671.974359363084
802.2858233451843, 1962.761500419065, 2671.974359363084
802.7964515686035, 1962.761500419065, 2671.974359363084
803.4038836956024, 1963.9986272633128, 2672.1504518841116
803.7890536785126, 1963.9986272633128, 2672.1504518841116
804.2979118824005, 1963.9986272633128, 2672.1504518841116
804.7935814857483, 1963.9986272633128, 2672.1504518841116
805.4099273681641, 1963.9949655719756, 2671.5835592127273
805.7980237007141, 1963.9949655719756, 2671.5835592127273
806.2884333133698, 1963.9949655719756, 2671.5835592127273
806.8001818656921, 1963.9949655719756, 2671.5835592127273
807.2962415218353, 1963.9949655719756, 2671.5835592127273
807.7899248600006, 1963.9949655719756, 2671.5835592127273
808.2995226383209, 1963.9949655719756, 2671.5835592127273
808.7967915534973, 1963.9949655719756, 2671.5835592127273
809.2894697189331, 1963.9949655719756, 2671.5835592127273
809.7981326580048, 1963.9949655719756, 2671.5835592127273
810.4161949157715, 1964.3533353660462, 2672.6043943191976
810.8130996227264, 1964.3533353660462, 2672.6043943191976
811.290816783905, 1964.3533353660462, 2672.6043943191976
811.9231209754944, 1964.0897438591724, 2671.5279174508983
812.2861452102661, 1964.0897438591724, 2671.5279174508983
812.9348316192627, 1962.8523870414474, 2671.904369579664
813.2962715625763, 1962.8523870414474, 2671.904369579664
813.7908372879028, 1962.8523870414474, 2671.904369579664
814.2971563339233, 1962.8523870414474, 2671.904369579664
814.7968168258667, 1962.8523870414474, 2671.904369579664
815.2914891242981, 1962.8523870414474, 2671.904369579664
815.7935090065002, 1962.8523870414474, 2671.904369579664
816.4164116382599, 1963.2579829893577, 2671.9678041137877
816.8016338348389, 1963.2579829893577, 2671.9678041137877
817.2946965694427, 1963.2579829893577, 2671.9678041137877
817.9165666103363, 1963.710007811755, 2671.796545898007
818.4172232151031, 1962.9852281332567, 2671.753569466483
818.7978701591492, 1962.9852281332567, 2671.753569466483
819.2929995059967, 1962.9852281332567, 2671.753569466483
819.789746761322, 1962.9852281332567, 2671.753569466483
820.2961006164551, 1962.9852281332567, 2671.753569466483
820.7965693473816, 1962.9852281332567, 2671.753569466483
821.2981951236725, 1962.9852281332567, 2671.753569466483
821.9225175380707, 1967.0101617291014, 2672.57374322795
822.4022307395935, 1963.94690982445, 2672.553565126416
822.7987544536591, 1963.94690982445, 2672.553565126416
823.4132199287415, 1963.3645096500882, 2671.7242773581233
823.7922270298004, 1963.3645096500882, 2671.7242773581233
824.2963953018188, 1963.3645096500882, 2671.7242773581233
824.8024296760559, 1963.3645096500882, 2671.7242773581233
825.4205458164215, 1962.8715966997836, 2671.975372321056
825.9112772941589, 1965.3841717156724, 2670.5696126667044
826.295177936554, 1965.3841717156724, 2670.5696126667044
826.9263434410095, 1962.8869644513672, 2671.905755861419
827.289044380188, 1962.8869644513672, 2671.905755861419
827.9133701324463, 1962.197666210364, 2673.17061679175
828.4200241565704, 1962.5157871899496, 2672.7758139296834
828.9262042045593, 1963.5451994703103, 2671.8947418522143
829.411581993103, 1964.3053641472966, 2672.1790878375105
829.9205877780914, 1962.9657476130872, 2671.7199380017405
830.4162566661835, 1963.0965006451468, 2672.019685426304
830.7950010299683, 1963.0965006451468, 2672.019685426304
831.4027581214905, 1963.8072639693396, 2671.959091702083
831.8030643463135, 1963.8072639693396, 2671.959091702083
832.2977378368378, 1963.8072639693396, 2671.959091702083
832.9183576107025, 1963.8360948803813, 2672.2501372208944
833.4180164337158, 1964.0817818042876, 2672.520999148359
833.9216713905334, 1962.8712830533195, 2671.7610211040933
834.4103529453278, 1963.5122802986125, 2672.1607582773418
834.8061490058899, 1963.5122802986125, 2672.1607582773418
835.2934999465942, 1963.5122802986125, 2672.1607582773418
835.7891693115234, 1963.5122802986125, 2672.1607582773418
836.2938148975372, 1963.5122802986125, 2672.1607582773418
836.7867074012756, 1963.5122802986125, 2672.1607582773418
837.2971649169922, 1963.5122802986125, 2672.1607582773418
837.9229114055634, 1962.9624014637218, 2671.7245408664417
838.3006887435913, 1962.9624014637218, 2671.7245408664417
838.7932724952698, 1962.9624014637218, 2671.7245408664417
839.2916550636292, 1962.9624014637218, 2671.7245408664417
839.7884633541107, 1962.9624014637218, 2671.7245408664417
840.2967789173126, 1962.9624014637218, 2671.7245408664417
840.9191083908081, 1964.3555237251146, 2671.9262480743164
841.2895174026489, 1964.3555237251146, 2671.9262480743164
841.920973777771, 1963.204876154884, 2671.6983040274126
842.2917966842651, 1963.204876154884, 2671.6983040274126
842.9189732074738, 1965.0774861958748, 2672.5148335317717
843.2979559898376, 1965.0774861958748, 2672.5148335317717
843.8095829486847, 1965.0774861958748, 2672.5148335317717
844.2902929782867, 1965.0774861958748, 2672.5148335317717
844.7999243736267, 1965.0774861958748, 2672.5148335317717
845.4064388275146, 1963.515396544664, 2671.5642733002333
845.9377295970917, 1962.8514176112542, 2672.1483484641317
846.2897732257843, 1962.8514176112542, 2672.1483484641317
846.7976989746094, 1962.8514176112542, 2672.1483484641317
847.2950637340546, 1962.8514176112542, 2672.1483484641317
847.8076357841492, 1962.8514176112542, 2672.1483484641317
848.4078249931335, 1962.3367961683894, 2671.8637125571354
848.8027637004852, 1962.3367961683894, 2671.8637125571354
849.4034514427185, 1963.9064769902689, 2672.259412464091
849.9260497093201, 1963.873187524468, 2671.4734666003656
850.2880778312683, 1963.873187524468, 2671.4734666003656
850.7997055053711, 1963.873187524468, 2671.4734666003656
851.2943768501282, 1963.873187524468, 2671.4734666003656
851.7910435199738, 1963.873187524468, 2671.4734666003656
852.4097278118134, 1962.6971251847592, 2671.8854711745926
852.8015751838684, 1962.6971251847592, 2671.8854711745926
853.2878022193909, 1962.6971251847592, 2671.8854711745926
853.7984306812286, 1962.6971251847592, 2671.8854711745926
854.2974174022675, 1962.6971251847592, 2671.8854711745926
854.7963399887085, 1962.6971251847592, 2671.8854711745926
855.4086971282959, 1963.052171495846, 2672.074504876289
855.7976520061493, 1963.052171495846, 2672.074504876289
856.289332151413, 1963.052171495846, 2672.074504876289
856.7878806591034, 1963.052171495846, 2672.074504876289
857.2991864681244, 1963.052171495846, 2672.074504876289
857.7888374328613, 1963.052171495846, 2672.074504876289
858.2889380455017, 1963.052171495846, 2672.074504876289
858.9113569259644, 1964.1207761068554, 2672.1591273401973
859.2933306694031, 1964.1207761068554, 2672.1591273401973
859.7880041599274, 1964.1207761068554, 2672.1591273401973
860.2993307113647, 1964.1207761068554, 2672.1591273401973
860.7983887195587, 1964.1207761068554, 2672.1591273401973
861.2911069393158, 1964.1207761068554, 2672.1591273401973
861.7943212985992, 1964.1207761068554, 2672.1591273401973
862.3055739402771, 1964.1207761068554, 2672.1591273401973
862.919278383255, 1963.0506632346762, 2671.741956485804
863.2912797927856, 1963.0506632346762, 2671.741956485804
863.9071447849274, 1963.5796693279162, 2672.2079708924416
864.2913727760315, 1963.5796693279162, 2672.2079708924416
864.9171085357666, 1964.2855752176956, 2671.548563018406
865.2901055812836, 1964.2855752176956, 2671.548563018406
865.9046339988708, 1963.5894130103936, 2672.1752966104013
866.3003475666046, 1963.5894130103936, 2672.1752966104013
866.9117062091827, 1964.7636632031563, 2671.5083530341985
867.2911839485168, 1964.7636632031563, 2671.5083530341985
867.9165060520172, 1962.7988229627467, 2671.6479176917696
868.290501832962, 1962.7988229627467, 2671.6479176917696
868.7963764667511, 1962.7988229627467, 2671.6479176917696
869.2922365665436, 1962.7988229627467, 2671.6479176917696
869.7908115386963, 1962.7988229627467, 2671.6479176917696
870.39626288414, 1963.3934442939794, 2671.2525093216796
870.8041744232178, 1963.3934442939794, 2671.2525093216796
871.4048900604248, 1963.4932898882278, 2672.09909747648
871.9109930992126, 1963.3428162379848, 2671.6676543564863
872.2948369979858, 1963.3428162379848, 2671.6676543564863
872.7944695949554, 1963.3428162379848, 2671.6676543564863
873.4042778015137, 1963.0896339461162, 2671.6281906466897
873.7972223758698, 1963.0896339461162, 2671.6281906466897
874.2876102924347, 1963.0896339461162, 2671.6281906466897
874.7912936210632, 1963.0896339461162, 2671.6281906466897
875.2913444042206, 1963.0896339461162, 2671.6281906466897
875.7881116867065, 1963.0896339461162, 2671.6281906466897
876.2853472232819, 1963.0896339461162, 2671.6281906466897
876.8000154495239, 1963.0896339461162, 2671.6281906466897
877.2899813652039, 1963.0896339461162, 2671.6281906466897
877.9118950366974, 1962.3666273355418, 2671.7014384813215
878.2879145145416, 1962.3666273355418, 2671.7014384813215
878.7921442985535, 1962.3666273355418, 2671.7014384813215
879.2908036708832, 1962.3666273355418, 2671.7014384813215
879.7869684696198, 1962.3666273355418, 2671.7014384813215
880.2889287471771, 1962.3666273355418, 2671.7014384813215
880.8000240325928, 1962.3666273355418, 2671.7014384813215
881.296746969223, 1962.3666273355418, 2671.7014384813215
881.7923312187195, 1962.3666273355418, 2671.7014384813215
882.2963030338287, 1962.3666273355418, 2671.7014384813215
882.7958843708038, 1962.3666273355418, 2671.7014384813215
883.4060385227203, 1963.3256548100542, 2671.848617288611
883.795517206192, 1963.3256548100542, 2671.848617288611
884.4164581298828, 1964.5606209589396, 2671.4677868372114
884.9166622161865, 1962.8186177784187, 2671.9321295243612
885.4074625968933, 1963.5169858623144, 2672.223651466919
885.7938516139984, 1963.5169858623144, 2672.223651466919
886.2855830192566, 1963.5169858623144, 2672.223651466919
886.7997834682465, 1963.5169858623144, 2672.223651466919
887.2908635139465, 1963.5169858623144, 2672.223651466919
887.9406232833862, 1963.2008319270592, 2672.741279168062
888.2966697216034, 1963.2008319270592, 2672.741279168062
888.9105079174042, 1962.6304965149463, 2670.6856614877543
889.2927203178406, 1962.6304965149463, 2670.6856614877543
889.7884452342987, 1962.6304965149463, 2670.6856614877543
890.4147617816925, 1963.585829236869, 2671.085512577512
890.9184100627899, 1962.9507423658883, 2671.6499938388733
891.2983264923096, 1962.9507423658883, 2671.6499938388733
891.7949934005737, 1962.9507423658883, 2671.6499938388733
892.2847068309784, 1962.9507423658883, 2671.6499938388733
892.7951934337616, 1962.9507423658883, 2671.6499938388733
893.2868828773499, 1962.9507423658883, 2671.6499938388733
893.8008506298065, 1962.9507423658883, 2671.6499938388733
894.3035011291504, 1962.9507423658883, 2671.6499938388733
894.8063569068909, 1962.9507423658883, 2671.6499938388733
895.3033790588379, 1962.9507423658883, 2671.6499938388733
895.9344186782837, 1964.9584914463185, 2672.607109592122
896.4414727687836, 1962.4460069022127, 2671.685379870816
896.8067438602448, 1962.4460069022127, 2671.685379870816
897.313479423523, 1962.4460069022127, 2671.685379870816
897.8054392337799, 1962.4460069022127, 2671.685379870816
898.3081877231598, 1962.4460069022127, 2671.685379870816
898.8049967288971, 1962.4460069022127, 2671.685379870816
899.3096148967743, 1962.4460069022127, 2671.685379870816
899.8076391220093, 1962.4460069022127, 2671.685379870816
900.311286687851, 1962.4460069022127, 2671.685379870816
900.8163526058197, 1962.4460069022127, 2671.685379870816
901.3047578334808, 1962.4460069022127, 2671.685379870816
901.9297273159027, 1963.2459848583283, 2671.154434088654
902.3045229911804, 1963.2459848583283, 2671.154434088654
902.9338345527649, 1964.3568429874474, 2671.8953728662736
903.4210121631622, 1963.0699722576492, 2672.14300708306
903.8197255134583, 1963.0699722576492, 2672.14300708306
904.3126013278961, 1963.0699722576492, 2672.14300708306
904.9296464920044, 1963.6429932765548, 2672.091644953028
905.3042221069336, 1963.6429932765548, 2672.091644953028
905.8145897388458, 1963.6429932765548, 2672.091644953028
906.2985241413116, 1963.6429932765548, 2672.091644953028
906.8091537952423, 1963.6429932765548, 2672.091644953028
907.3048515319824, 1963.6429932765548, 2672.091644953028
907.803126335144, 1963.6429932765548, 2672.091644953028
908.3129425048828, 1963.6429932765548, 2672.091644953028
908.8026280403137, 1963.6429932765548, 2672.091644953028
909.313111782074, 1963.6429932765548, 2672.091644953028
909.9863052368164, 1962.5912162630282, 2671.7983093175053
910.3293862342834, 1962.5912162630282, 2671.7983093175053
910.937753200531, 1962.7370311306606, 2671.7709692184376
911.4214544296265, 1962.835047296243, 2672.81767174485
911.8143999576569, 1962.835047296243, 2672.81767174485
912.3228828907013, 1962.835047296243, 2672.81767174485
912.8041870594025, 1962.835047296243, 2672.81767174485
913.3033518791199, 1962.835047296243, 2672.81767174485
913.8207883834839, 1962.835047296243, 2672.81767174485
914.4182605743408, 1962.8533818394528, 2671.7836935596074
914.8082129955292, 1962.8533818394528, 2671.7836935596074
915.4489464759827, 1963.7531427028773, 2672.470679291504
915.8060142993927, 1963.7531427028773, 2672.470679291504
916.3061490058899, 1963.7531427028773, 2672.470679291504
916.8067362308502, 1963.7531427028773, 2672.470679291504
917.3316361904144, 1963.7531427028773, 2672.470679291504
917.8039407730103, 1963.7531427028773, 2672.470679291504
918.3037152290344, 1963.7531427028773, 2672.470679291504
918.8029816150665, 1963.7531427028773, 2672.470679291504
919.4208104610443, 1965.1720261788773, 2673.2118972004832
919.9374556541443, 1963.8723831734035, 2672.213592109585
920.4171402454376, 1965.3981200488859, 2671.3856750042496
920.804101228714, 1965.3981200488859, 2671.3856750042496
921.4294400215149, 1965.1530823971373, 2671.2275509611554
921.9360809326172, 1963.1663815562533, 2671.836154611245
922.3053011894226, 1963.1663815562533, 2671.836154611245
922.8049597740173, 1963.1663815562533, 2671.836154611245
923.3136050701141, 1963.1663815562533, 2671.836154611245
923.9366364479065, 1965.1912304075704, 2671.5058322607174
924.2986629009247, 1965.1912304075704, 2671.5058322607174
924.8104500770569, 1965.1912304075704, 2671.5058322607174
925.302972316742, 1965.1912304075704, 2671.5058322607174
925.9341220855713, 1963.5109296369374, 2671.5077192211493
926.305643081665, 1963.5109296369374, 2671.5077192211493
926.808572769165, 1963.5109296369374, 2671.5077192211493
927.3038816452026, 1963.5109296369374, 2671.5077192211493
927.8029608726501, 1963.5109296369374, 2671.5077192211493
928.4188148975372, 1964.3496235668115, 2671.721373878513
928.809906244278, 1964.3496235668115, 2671.721373878513
929.3036324977875, 1964.3496235668115, 2671.721373878513
929.933712720871, 1964.2240043764855, 2671.3068119626487
930.3046741485596, 1964.2240043764855, 2671.3068119626487
930.8030304908752, 1964.2240043764855, 2671.3068119626487
931.3035082817078, 1964.2240043764855, 2671.3068119626487
931.9226605892181, 1964.7010735395472, 2672.2452604866294
932.3099522590637, 1964.7010735395472, 2672.2452604866294
932.8067100048065, 1964.7010735395472, 2672.2452604866294
933.4290399551392, 1964.6953159109146, 2671.465472061989
933.8140649795532, 1964.6953159109146, 2671.465472061989
934.303692817688, 1964.6953159109146, 2671.465472061989
934.9207050800323, 1965.9537085524262, 2671.3615535806402
935.3098084926605, 1965.9537085524262, 2671.3615535806402
935.9269561767578, 1962.9427880367468, 2671.720723016086
936.3153774738312, 1962.9427880367468, 2671.720723016086
936.8130416870117, 1962.9427880367468, 2671.720723016086
937.3100984096527, 1962.9427880367468, 2671.720723016086
937.9339745044708, 1964.4712964146822, 2672.0867441030496
938.3019876480103, 1964.4712964146822, 2672.0867441030496
938.9412717819214, 1965.8969762923198, 2672.186175482619
939.3232471942902, 1965.8969762923198, 2672.186175482619
939.9415876865387, 1964.1845351868938, 2672.393226618431
940.3046133518219, 1964.1845351868938, 2672.393226618431
940.9409072399139, 1963.3554116364464, 2671.9921204253046
941.4226140975952, 1964.625488082125, 2671.5424212249436
941.9501965045929, 1965.0743682196774, 2672.2610310044015
942.3251919746399, 1965.0743682196774, 2672.2610310044015
942.8059000968933, 1965.0743682196774, 2672.2610310044015
943.4401993751526, 1964.1074818143923, 2670.7770206449986
943.9737665653229, 1964.012789131855, 2670.828023406905
944.4744238853455, 1963.5803229313183, 2673.3199561242664
944.9391751289368, 1964.052448222675, 2671.323942103852
945.429859161377, 1964.0413037086646, 2671.336046678203
945.9444777965546, 1964.3710416430904, 2671.409231292434
946.3134882450104, 1964.3710416430904, 2671.409231292434
946.9338238239288, 1964.5450769423398, 2671.015792916945
947.3008379936218, 1964.5450769423398, 2671.015792916945
947.8094727993011, 1964.5450769423398, 2671.015792916945
948.3051438331604, 1964.5450769423398, 2671.015792916945
948.9304664134979, 1964.806465943395, 2671.1666197752897
949.4331157207489, 1965.087362054927, 2671.9637419990013
949.931779384613, 1964.0376627330681, 2671.335906649992
950.3064134120941, 1964.0376627330681, 2671.335906649992
950.9248869419098, 1963.2665961680646, 2671.6769291671185
951.3023562431335, 1963.2665961680646, 2671.6769291671185
951.9346582889557, 1965.3002327698323, 2672.569121928399
952.4243104457855, 1963.351256135442, 2672.1603395123725
952.8048570156097, 1963.351256135442, 2672.1603395123725
953.3130288124084, 1963.351256135442, 2672.1603395123725
953.8066220283508, 1963.351256135442, 2672.1603395123725
954.3062627315521, 1963.351256135442, 2672.1603395123725
954.803454875946, 1963.351256135442, 2672.1603395123725
955.3046646118164, 1963.351256135442, 2672.1603395123725
955.9360952377319, 1963.6719381322685, 2671.823998898438
956.3110518455505, 1963.6719381322685, 2671.823998898438
956.8076379299164, 1963.6719381322685, 2671.823998898438
957.3015203475952, 1963.6719381322685, 2671.823998898438
957.8111531734467, 1963.6719381322685, 2671.823998898438
958.41752576828, 1963.6185003881874, 2671.773534447508
958.807478427887, 1963.6185003881874, 2671.773534447508
959.3121247291565, 1963.6185003881874, 2671.773534447508
959.8277404308319, 1963.6185003881874, 2671.773534447508
960.3014698028564, 1963.6185003881874, 2671.773534447508
960.8277928829193, 1963.6185003881874, 2671.773534447508
961.2992181777954, 1963.6185003881874, 2671.773534447508
961.8088505268097, 1963.6185003881874, 2671.773534447508
964.4905507564545, 859.0131510696572, 2435.4601593075313
964.8805050849915, 859.0131510696572, 2435.4601593075313
965.3999519348145, 859.0131510696572, 2435.4601593075313
965.8836536407471, 859.0131510696572, 2435.4601593075313
966.3949694633484, 859.0131510696572, 2435.4601593075313
967.1550393104553, 3344.0065327771485, 1010.6982239742464
967.614349603653, 3785.486392604347, 286.1802994877251
968.0877063274384, 3497.7291475433385, 2844.5754635290623
968.4676887989044, 3497.7291475433385, 2844.5754635290623
968.9574122428894, 3497.7291475433385, 2844.5754635290623
973.0003328323364, 873.6071748893058, 1247.4999999943732
973.3733584880829, 873.6071748893058, 1247.4999999943732
973.8819651603699, 873.6071748893058, 1247.4999999943732
974.3776650428772, 873.6071748893058, 1247.4999999943732
974.8702490329742, 873.6071748893058, 1247.4999999943732
975.5169205665588, 1920.1195912238059, 1589.8180449115832
975.8829069137573, 1920.1195912238059, 1589.8180449115832
976.5315985679626, 3205.993946599829, 1261.581962928876
976.9464855194092, 3205.993946599829, 1261.581962928876
977.4152345657349, 3205.993946599829, 1261.581962928876
978.0256350040436, 2743.784256930356, 1252.7190115914693
978.3657231330872, 2743.784256930356, 1252.7190115914693
979.1546056270599, 1955.0102598679355, 1424.2784235237034
979.4188973903656, 1961.8730738341685, 2672.511184245401
979.9225447177887, 1960.2390462900362, 2674.146115662906
980.4250648021698, 1960.6952154992175, 2673.832363868694
980.8058371543884, 1960.6952154992175, 2673.832363868694
981.3131566047668, 1960.6952154992175, 2673.832363868694
981.8067076206207, 1960.6952154992175, 2673.832363868694
982.5135447978973, 2579.5233948082882, 1813.886786993902
982.9004275798798, 2579.5233948082882, 1813.886786993902
983.3919322490692, 2579.5233948082882, 1813.886786993902
983.8977363109589, 2579.5233948082882, 1813.886786993902
984.3914120197296, 2579.5233948082882, 1813.886786993902
984.8930652141571, 2579.5233948082882, 1813.886786993902
985.3947188854218, 2579.5233948082882, 1813.886786993902
985.9153225421906, 2579.5233948082882, 1813.886786993902
986.6349692344666, 602.984258767544, 1487.0977719885254
986.9830338954926, 1242.6672928333949, 1859.311104927437
987.3680000305176, 1242.6672928333949, 1859.311104927437
987.946976184845, 2349.1095637926796, 1047.4388826079505
988.3238985538483, 2349.1095637926796, 1047.4388826079505
988.8398728370667, 2349.1095637926796, 1047.4388826079505
989.3305566310883, 2349.1095637926796, 1047.4388826079505
989.8292164802551, 2349.1095637926796, 1047.4388826079505
990.3368558883667, 2349.1095637926796, 1047.4388826079505
990.9950881004333, 1750.188923886556, 1869.312447273804
991.3731031417847, 1750.188923886556, 1869.312447273804
991.8458333015442, 1750.188923886556, 1869.312447273804
992.345644235611, 1750.188923886556, 1869.312447273804
992.8522861003876, 1750.188923886556, 1869.312447273804
993.3469576835632, 1750.188923886556, 1869.312447273804
994.0141673088074, 2341.4999999998863, 1457.0257773730675
994.3722066879272, 2341.4999999998863, 1457.0257773730675
994.8818390369415, 2341.4999999998863, 1457.0257773730675
995.3678512573242, 2341.4999999998863, 1457.0257773730675
995.9823293685913, 443.2453165143029, -20.904980252798854
996.5268678665161, 2409.851439423709, 1871.9788021822628
996.9008646011353, 2409.851439423709, 1871.9788021822628
997.6578326225281, 761.810587351405, 194.01030270021062
998.0178680419922, 761.810587351405, 194.01030270021062
998.5115432739258, 761.810587351405, 194.01030270021062
999.0231692790985, 761.810587351405, 194.01030270021062
999.5078687667847, 761.810587351405, 194.01030270021062
1000.0394418239594, 761.810587351405, 194.01030270021062
1000.5358662605286, 2241.028010797142, 2360.8491855244174
1000.9048759937286, 2241.028010797142, 2360.8491855244174
1001.5959630012512, 1353.0029101178204, -29062.617037295862
1001.9679641723633, 1353.0029101178204, -29062.617037295862
1002.4686214923859, 1353.0029101178204, -29062.617037295862
1002.9573836326599, 1353.0029101178204, -29062.617037295862
1003.4819831848145, 481.4764314264305, 2912.5000000319933
1004.1043062210083, 1974.7207576436688, 756.9919534961928
1005.9904839992523, 1116.5137840284908, 1818.910656001716
1006.3695304393768, 1116.5137840284908, 1818.910656001716
1006.878167629242, 1116.5137840284908, 1818.910656001716
1007.3808162212372, 1116.5137840284908, 1818.910656001716
1007.8760859966278, 1116.5137840284908, 1818.910656001716
1008.4754786491394, 223.98871206767652, 1723.5000000000023
1008.8694546222687, 223.98871206767652, 1723.5000000000023
1009.4668219089508, 3482.0340026386793, 1644.0898131975055
1010.0672061443329, 1235.4002014215107, 266.98841865917586
1010.4511754512787, 1235.4002014215107, 266.98841865917586
1010.9638004302979, 1235.4002014215107, 266.98841865917586
1011.4668896198273, 1235.4002014215107, 266.98841865917586
1011.9984629154205, 1235.4002014215107, 266.98841865917586
1012.5579617023468, 1504.1557244386122, 1108.499999999998
1012.9479167461395, 1504.1557244386122, 1108.499999999998
1013.4186520576477, 1504.1557244386122, 1108.499999999998
1014.0260219573975, 3302.75900240991, 464.52917020504367
1014.3840608596802, 3302.75900240991, 464.52917020504367
1015.0283336639404, 2359.5429503806713, 992.3385109676645
1015.4133005142212, 2359.5429503806713, 992.3385109676645
1016.0675432682037, 2902.9988451963054, 1487.7715615029647
1016.4066345691681, 2902.9988451963054, 1487.7715615029647
1016.9092857837677, 2902.9988451963054, 1487.7715615029647
1017.4019634723663, 2902.9988451963054, 1487.7715615029647
1017.9096007347107, 2902.9988451963054, 1487.7715615029647
1018.4202311038971, 2902.9988451963054, 1487.7715615029647
1019.2021324634552, 2340.4999999999964, 1731.0006592289267
1022.0225639343262, 2429.157774504209, 359.49999998796187
1022.6638431549072, 286.5213252797268, 807.0094608680884
1023.0528011322021, 286.5213252797268, 807.0094608680884
1023.5564470291138, 286.5213252797268, 807.0094608680884
1024.0212008953094, 2283.323535027828, 1015.5961526963077
1024.4001927375793, 2283.323535027828, 1015.5961526963077
1025.063402414322, 2752.4364891116034, 336.2108209569285
1025.4463336467743, 2752.4364891116034, 336.2108209569285
1025.943405866623, 2752.4364891116034, 336.2108209569285
1026.5720953941345, 1493.7273782703185, 1102.809224336179
1027.1432194709778, 485.5189164923523, 459.41908473010886
1034.063954114914, 3965.4192738229435, 1197.526616038083
1034.438891172409, 3965.4192738229435, 1197.526616038083
1034.9631459712982, 3965.4192738229435, 1197.526616038083
1036.5328252315521, 1623.499686245963, 543.4399311994007
1037.0302422046661, 798.0401718582657, 1264.399593877289
1037.405235528946, 798.0401718582657, 1264.399593877289
1037.8996646404266, 798.0401718582657, 1264.399593877289
1038.4079213142395, 798.0401718582657, 1264.399593877289
1038.905395269394, 798.0401718582657, 1264.399593877289
1039.4024238586426, 798.0401718582657, 1264.399593877289
1039.9120562076569, 798.0401718582657, 1264.399593877289
1040.4071283340454, 798.0401718582657, 1264.399593877289
1040.9375948905945, 798.0401718582657, 1264.399593877289
1041.418726682663, 798.0401718582657, 1264.399593877289
1041.916187286377, 798.0401718582657, 1264.399593877289
1042.4096429347992, 798.0401718582657, 1264.399593877289
1042.9102993011475, 798.0401718582657, 1264.399593877289
1043.548587322235, 284.79505081638325, 2534.734897029484
1044.666587114334, 2234.140066806157, 2680.000049018475
1045.0196690559387, 2234.140066806157, 2680.000049018475
1045.571814775467, 2234.140066806157, 2680.000049018475
1046.0237147808075, 2234.140066806157, 2680.000049018475
1046.5223734378815, 2234.140066806157, 2680.000049018475
1047.0254166126251, 2234.140066806157, 2680.000049018475
1047.5260739326477, 2234.140066806157, 2680.000049018475
1048.0367028713226, 1631.0656527535423, 2032.4999999999059
1048.4235572814941, 1631.0656527535423, 2032.4999999999059
1048.9132432937622, 1631.0656527535423, 2032.4999999999059
1049.6377983093262, 3537.3645082007797, 2471.9902907947685
1050.0462353229523, 3537.3645082007797, 2471.9902907947685
1050.5259773731232, 3160.8225812370624, 1208.4336566239176
1054.5347836017609, 130.12444126565697, 1716.1976327570403
1054.9237389564514, 130.12444126565697, 1716.1976327570403
1055.4184131622314, 130.12444126565697, 1716.1976327570403
1056.0066494941711, 2508.94694314923, 2999.4045411788975
1056.3985981941223, 2508.94694314923, 2999.4045411788975
1056.8940210342407, 2508.94694314923, 2999.4045411788975
1057.3906886577606, 2508.94694314923, 2999.4045411788975
1057.9059348106384, 2508.94694314923, 2999.4045411788975
1058.403469324112, 2508.94694314923, 2999.4045411788975
1058.8986077308655, 2508.94694314923, 2999.4045411788975
1059.404641866684, 2508.94694314923, 2999.4045411788975
1059.8944811820984, 2508.94694314923, 2999.4045411788975
1060.4005393981934, 2508.94694314923, 2999.4045411788975
1061.064757347107, 3861.500000000047, 795.7873285430733
1061.6392862796783, 3157.0097538158407, 1531.6260947754904
1062.032965183258, 3157.0097538158407, 1531.6260947754904
1062.5484731197357, 3157.0097538158407, 1531.6260947754904
1063.0630638599396, 3157.0097538158407, 1531.6260947754904
1066.4761700630188, 2378.007013474727, 1472.0084533878257
1067.0850834846497, 61852.580143748775, 5129.004227218329
1067.6420714855194, 480.00979332957104, 2345.365193809202
1068.0360143184662, 480.00979332957104, 2345.365193809202
1068.539663553238, -10352.245567916803, 2144.9847668769694
1068.9077003002167, -10352.245567916803, 2144.9847668769694
1069.4061195850372, -10352.245567916803, 2144.9847668769694
1069.9040627479553, -10352.245567916803, 2144.9847668769694
1070.4106299877167, -10352.245567916803, 2144.9847668769694
1071.0397922992706, 2101.328798528348, 12497.63276338631
1071.4167790412903, 2101.328798528348, 12497.63276338631
1071.9308679103851, 2101.328798528348, 12497.63276338631
1073.505092382431, 499.6102054105717, 843.5701111449965
1073.8990633487701, 499.6102054105717, 843.5701111449965
1074.572228193283, 248.50000000004144, 651.9993231507103
1075.0482540130615, 700.2092046754643, 520.13418786466
1075.4347853660583, 700.2092046754643, 520.13418786466
1075.9338479042053, 700.2092046754643, 520.13418786466
1076.4426572322845, 700.2092046754643, 520.13418786466
1076.9380702972412, 700.2092046754643, 520.13418786466
1077.4370322227478, 700.2092046754643, 520.13418786466
1077.9297094345093, 700.2092046754643, 520.13418786466
1078.4957687854767, 3214.7822314993446, 1398.185662338169
1079.034295797348, 1663.3630263747598, 1383.006050330375
1079.407295703888, 1663.3630263747598, 1383.006050330375
1079.8979778289795, 1663.3630263747598, 1383.006050330375
1080.398244857788, 1663.3630263747598, 1383.006050330375
1080.9302899837494, 1663.3630263747598, 1383.006050330375
1081.4020249843597, 1663.3630263747598, 1383.006050330375
1081.9176321029663, 1663.3630263747598, 1383.006050330375
1082.395433664322, 1663.3630263747598, 1383.006050330375
1082.9103710651398, 1663.3630263747598, 1383.006050330375
1083.4090037345886, 1663.3630263747598, 1383.006050330375
1083.9186363220215, 1663.3630263747598, 1383.006050330375
1084.3973515033722, 1663.3630263747598, 1383.006050330375
1085.9466426372528, 1939.6902196761364, 2674.8531374013983
1086.4396364688873, 1939.8681509726973, 2673.912079317893
1086.844297170639, 1939.8681509726973, 2673.912079317893
1087.341278553009, 1939.8681509726973, 2673.912079317893
1087.8375005722046, 1939.8681509726973, 2673.912079317893
1088.343121767044, 1939.8681509726973, 2673.912079317893
1088.838702917099, 1939.8681509726973, 2673.912079317893
1089.3519806861877, 1939.8681509726973, 2673.912079317893
1089.8491785526276, 1939.8681509726973, 2673.912079317893
1090.3408606052399, 1939.8681509726973, 2673.912079317893
1090.8375260829926, 1939.8681509726973, 2673.912079317893
1091.3432466983795, 1939.8681509726973, 2673.912079317893
1091.8311817646027, 1939.8681509726973, 2673.912079317893
1092.3427629470825, 1939.8681509726973, 2673.912079317893
1093.043881893158, 2323.499999999987, 1531.2809253165476
1093.5334706306458, 2105.4159380020915, 734.4999999987806
1093.907487154007, 2105.4159380020915, 734.4999999987806
1094.6598641872406, 361.49999999846233, 1504.012785429068
1095.0478234291077, 361.49999999846233, 1504.012785429068
1095.5095829963684, 292.4698106483182, 450.2531076474735
1095.8881516456604, 292.4698106483182, 450.2531076474735
1096.642127275467, 26774.115321295703, 2737.9895643894674
1097.0909233093262, 3759.0531484226817, -2240.66052206537
1097.4830079078674, 3759.0531484226817, -2240.66052206537
1097.9730625152588, 3759.0531484226817, -2240.66052206537
1098.478700876236, 3759.0531484226817, -2240.66052206537
1098.9725592136383, 3759.0531484226817, -2240.66052206537
1099.4720799922943, 3759.0531484226817, -2240.66052206537
1099.973733663559, 3759.0531484226817, -2240.66052206537
1100.47438955307, 3759.0531484226817, -2240.66052206537
1100.9650723934174, 3759.0531484226817, -2240.66052206537
1102.5713648796082, 2007.6901361740372, 1488.4413466206058
1103.1889944076538, 3972.014940754666, 877.2475210187724
1104.2033443450928, 3400.0054436206215, 2619.9841872649936
1104.5943281650543, 3400.0054436206215, 2619.9841872649936
1107.5539345741272, 1778.110876071865, 1837.837537490923
1108.0545909404755, 1060.560213911806, 2918.9969613409576
1108.5353009700775, 2039.5190240881284, 2846.564647319062
1108.9282462596893, 2039.5190240881284, 2846.564647319062
1109.4359955787659, 2039.5190240881284, 2846.564647319062
1109.968564748764, 2039.5190240881284, 2846.564647319062
1110.5981566905975, 1542.9683666732674, 2567.499999999853
1110.957721233368, 1542.9683666732674, 2567.499999999853
1111.5740678310394, 1186.117386193682, 100.57987329987156
1111.932134628296, 1186.117386193682, 100.57987329987156
1112.443635225296, 1186.117386193682, 100.57987329987156
1112.9352838993073, 1186.117386193682, 100.57987329987156
1113.4364154338837, 1186.117386193682, 100.57987329987156
1113.92946600914, 1186.117386193682, 100.57987329987156
1114.4439697265625, 1186.117386193682, 100.57987329987156
1114.9312920570374, 1186.117386193682, 100.57987329987156
1115.4376900196075, 1186.117386193682, 100.57987329987156
1115.9207973480225, 1186.117386193682, 100.57987329987156
1116.4471616744995, 1186.117386193682, 100.57987329987156
1116.9260694980621, 1186.117386193682, 100.57987329987156
1117.456430196762, 1186.117386193682, 100.57987329987156
1117.9375648498535, 1186.117386193682, 100.57987329987156
1118.5646662712097, 1545.3917822779183, 2381.499999999988
1120.9950835704803, 1521.3348078612162, 1220.0000006738915
1121.4101150035858, 1521.3348078612162, 1220.0000006738915
1121.8992788791656, 1521.3348078612162, 1220.0000006738915
1122.3973181247711, 1521.3348078612162, 1220.0000006738915
1122.8974301815033, 1521.3348078612162, 1220.0000006738915
1123.3962376117706, 1521.3348078612162, 1220.0000006738915
1127.5365591049194, 6323.930795698637, 373.49999999999864
1128.2177305221558, 367.05509461756003, 664.8737051495542
1128.6346111297607, 51.117851853418976, 221428.22719955244
1129.0225358009338, 1430.7132571955688, 2932.1118316650327
1129.404039144516, 1430.7132571955688, 2932.1118316650327
1129.887888431549, 1430.7132571955688, 2932.1118316650327
1130.3898649215698, 1430.7132571955688, 2932.1118316650327
1130.88414645195, 1430.7132571955688, 2932.1118316650327
1131.4090309143066, 1430.7132571955688, 2932.1118316650327
1131.8876659870148, 1430.7132571955688, 2932.1118316650327
1132.5247104167938, 2889.2272337736013, 6027.777489183233
1132.9106936454773, 2889.2272337736013, 6027.777489183233
1133.4094636440277, 2889.2272337736013, 6027.777489183233
1133.9091219902039, 2889.2272337736013, 6027.777489183233
1134.415667295456, 2889.2272337736013, 6027.777489183233
1134.91108751297, 2889.2272337736013, 6027.777489183233
1135.4132525920868, 2889.2272337736013, 6027.777489183233
1135.910635471344, 2889.2272337736013, 6027.777489183233
1136.5611717700958, 2288.016089029186, 1018.9212006499508
1137.0843043327332, 1886.4999999999675, 153.39880994511694
1137.4772503376007, 1886.4999999999675, 153.39880994511694
1138.0193026065826, 9488.79211854085, 1157.7751479169485
1138.3910579681396, 9488.79211854085, 1157.7751479169485
1138.8980815410614, 9488.79211854085, 1157.7751479169485
1139.3964569568634, 9488.79211854085, 1157.7751479169485
1139.8894407749176, 9488.79211854085, 1157.7751479169485
1140.4082412719727, 9488.79211854085, 1157.7751479169485
1141.0124187469482, -7256.279633270439, 2593.7642124724075
1141.4059166908264, -7256.279633270439, 2593.7642124724075
1141.8961317539215, -7256.279633270439, 2593.7642124724075
1142.3954539299011, -7256.279633270439, 2593.7642124724075
1142.90145277977, -7256.279633270439, 2593.7642124724075
1143.3950765132904, -7256.279633270439, 2593.7642124724075
1143.8972775936127, -7256.279633270439, 2593.7642124724075
1144.5339531898499, 2662.7357711907002, 1666.8186911858409
1145.082407951355, 1406.9757267648818, 79.49999999999962
1145.4613904953003, 1406.9757267648818, 79.49999999999962
1145.9582090377808, 1406.9757267648818, 79.49999999999962
1146.4611747264862, 1406.9757267648818, 79.49999999999962
1146.953203678131, 1406.9757267648818, 79.49999999999962
1147.4538595676422, 1406.9757267648818, 79.49999999999962
1148.0280096530914, 2836.5167256788095, 308.00457002682884
1154.1575856208801, 2140.998043281708, 2712.9999999999936
1154.5565147399902, 2140.998043281708, 2712.9999999999936
1155.0521857738495, 2140.998043281708, 2712.9999999999936
1155.570793390274, 2140.998043281708, 2712.9999999999936
1156.0624740123749, 2140.998043281708, 2712.9999999999936
1156.5561487674713, 2140.998043281708, 2712.9999999999936
1157.145976781845, 2314.8809781016525, 2837.996347468942
1160.5355706214905, 1046.7197251068303, 2698.9999205639333
1160.9052231311798, 1046.7197251068303, 2698.9999205639333
1161.4154078960419, 1046.7197251068303, 2698.9999205639333
1161.9003739356995, 1046.7197251068303, 2698.9999205639333
1162.4214406013489, 1046.7197251068303, 2698.9999205639333
1162.982797384262, 1956.0452470100952, 2679.1980656459996
1163.5033252239227, 1955.336979389732, 2679.834455952118
1163.8663623332977, 1955.336979389732, 2679.834455952118
1164.3671426773071, 1955.336979389732, 2679.834455952118
1165.5849583148956, 2212.0343987872134, 875.0127070799286
1165.9479455947876, 2212.0343987872134, 875.0127070799286
1166.4842324256897, 1956.9708586368597, 2679.3776473244325
1166.8592517375946, 1956.9708586368597, 2679.3776473244325
1167.3680365085602, 1956.9708586368597, 2679.3776473244325
1167.973888874054, 1956.3853897252964, 2678.2205681614178
1168.3628759384155, 1956.3853897252964, 2678.2205681614178
1168.8670313358307, 1956.3853897252964, 2678.2205681614178
1169.355001449585, 1956.3853897252964, 2678.2205681614178
1169.8621845245361, 1956.3853897252964, 2678.2205681614178
1170.3693597316742, 1956.3853897252964, 2678.2205681614178
1171.6133961677551, 2868.862662937871, 2191.4074973618845
1173.004909992218, 1946.5395499573624, 2678.469630676172
1173.3978538513184, 1946.5395499573624, 2678.469630676172
1173.9902935028076, 1947.8521848920664, 2678.2734604997945
1174.370245218277, 1947.8521848920664, 2678.2734604997945
1174.8728303909302, 1947.8521848920664, 2678.2734604997945
1175.3854174613953, 1947.8521848920664, 2678.2734604997945
1175.8741087913513, 1947.8521848920664, 2678.2734604997945
1176.3568103313446, 1947.8521848920664, 2678.2734604997945
1176.8654372692108, 1947.8521848920664, 2678.2734604997945
1177.3782963752747, 1947.8521848920664, 2678.2734604997945
1177.9746959209442, 1945.6711161537455, 2679.384949989018
1178.3716654777527, 1945.6711161537455, 2679.384949989018
1178.9761607646942, 1946.05548553123, 2679.8618848270253
1179.4927456378937, 1947.8861753637616, 2678.7960483286124
1179.8598051071167, 1947.8861753637616, 2678.7960483286124
1180.5737206935883, 2065.326986961328, 2355.999999991024
1180.9786338806152, 1950.5423987945676, 2679.1552753321716
1181.3698842525482, 1950.5423987945676, 2679.1552753321716
1181.865995168686, 1950.5423987945676, 2679.1552753321716
1182.3626916408539, 1950.5423987945676, 2679.1552753321716
1182.8576085567474, 1950.5423987945676, 2679.1552753321716
1183.3728444576263, 1950.5423987945676, 2679.1552753321716
1183.8891987800598, 1950.5423987945676, 2679.1552753321716
1184.7554562091827, 2109.0092340929164, 75.70926748750706
1185.1314475536346, 2109.0092340929164, 75.70926748750706
1185.6341307163239, 2109.0092340929164, 75.70926748750706
1186.1302514076233, 2109.0092340929164, 75.70926748750706
1186.636794090271, 2109.0092340929164, 75.70926748750706
1187.1274764537811, 2109.0092340929164, 75.70926748750706
1187.5244100093842, 1666.0116361434614, 1421.9440011960853
1188.175663471222, 2593.9928547015516, 2299.0037362144767
1188.5676119327545, 2593.9928547015516, 2299.0037362144767
1189.030369758606, 671.5170328307803, 1677.1151814628302
1189.424522638321, 671.5170328307803, 1677.1151814628302
1189.916362285614, 671.5170328307803, 1677.1151814628302
1190.5466704368591, 2251.5137521435804, 1358.9877326206163
1190.9341275691986, 2251.5137521435804, 1358.9877326206163
1191.4395899772644, 2251.5137521435804, 1358.9877326206163
1191.9222943782806, 2251.5137521435804, 1358.9877326206163
1192.4296736717224, 2251.5137521435804, 1358.9877326206163
1192.9315638542175, 2251.5137521435804, 1358.9877326206163
1193.42879652977, 2251.5137521435804, 1358.9877326206163
1194.1768329143524, 1518.9910006877483, 26.984226134320235
1194.564805984497, 1518.9910006877483, 26.984226134320235
1195.0812420845032, 1518.9910006877483, 26.984226134320235
1195.5551357269287, 2083.9582233452984, 2948.978582840267
1195.9314093589783, 2083.9582233452984, 2948.978582840267
1202.9949207305908, 1948.4510393760352, 2677.7470836985176
1203.379565000534, 1948.4510393760352, 2677.7470836985176
1203.8792531490326, 1948.4510393760352, 2677.7470836985176
1204.5125255584717, 1947.7266316381724, 2677.892568680104
1204.8822865486145, 1947.7266316381724, 2677.892568680104
1205.3739972114563, 1947.7266316381724, 2677.892568680104
1205.8757565021515, 1947.7266316381724, 2677.892568680104
1206.5030345916748, 1947.90332317619, 2678.1454410370507
1206.8846809864044, 1947.90332317619, 2678.1454410370507
1207.4965982437134, 1948.5645118446844, 2678.720137152986
1207.877665758133, 1948.5645118446844, 2678.720137152986
1208.5032501220703, 1948.4952917184607, 2678.5584650487035
1209.0046679973602, 1948.1010139016973, 2677.4961428756014
1209.5109050273895, 1948.6303799695, 2678.7965207970046
1209.877921819687, 1948.6303799695, 2678.7965207970046
1210.389547586441, 1948.6303799695, 2678.7965207970046
1210.8892080783844, 1948.6303799695, 2678.7965207970046
1211.3739066123962, 1948.6303799695, 2678.7965207970046
1211.9852874279022, 1948.3109029189432, 2678.3329974244116
1212.3888263702393, 1948.3109029189432, 2678.3329974244116
1212.880159854889, 1948.3109029189432, 2678.3329974244116
1213.3766496181488, 1948.3109029189432, 2678.3329974244116
1213.9872417449951, 1937.118181012761, 1192.5283090089806
1214.5277919769287, 1937.6190900607023, 1191.9476508217017
1214.8949329853058, 1937.6190900607023, 1191.9476508217017
1215.380630016327, 1937.6190900607023, 1191.9476508217017
1215.9873750209808, 1937.712750707574, 1192.092674323907
1216.3861908912659, 1937.712750707574, 1192.092674323907
1216.877872467041, 1937.712750707574, 1192.092674323907
1217.3762078285217, 1937.712750707574, 1192.092674323907
1217.9081077575684, 1937.712750707574, 1192.092674323907
1218.686219215393, 524.0059601006982, 2962.0941182965043
1219.0781972408295, 524.0059601006982, 2962.0941182965043
1219.5758616924286, 524.0059601006982, 2962.0941182965043
1220.0455713272095, 1977.8635708993554, 2676.3172945274946
1220.724749803543, 1209.3729549199531, 1304.9584733041886
1221.1087198257446, 1209.3729549199531, 1304.9584733041886
1221.5944170951843, 1209.3729549199531, 1304.9584733041886
1222.0875804424286, 1209.3729549199531, 1304.9584733041886
1222.5712826251984, 465.8061090943474, 1981.9748339326802
1223.9931831359863, 1936.817572053312, 1192.3785403552326
1224.3897414207458, 1936.817572053312, 1192.3785403552326
1224.8850622177124, 1936.817572053312, 1192.3785403552326
1225.4974472522736, 1936.632664163808, 1191.8905860326938
1225.880586385727, 1936.632664163808, 1191.8905860326938
1226.3813557624817, 1936.632664163808, 1191.8905860326938
1226.8780434131622, 1936.632664163808, 1191.8905860326938
1227.3788537979126, 1936.632664163808, 1191.8905860326938
1227.8819963932037, 1936.632664163808, 1191.8905860326938
1228.3758726119995, 1936.632664163808, 1191.8905860326938
1228.8805887699127, 1936.632664163808, 1191.8905860326938
1229.5019495487213, 1937.6356833559182, 1191.7384100504348
1229.885419845581, 1937.6356833559182, 1191.7384100504348
1230.393780708313, 1937.6356833559182, 1191.7384100504348
1230.8777301311493, 1937.6356833559182, 1191.7384100504348
1231.378386259079, 1937.6356833559182, 1191.7384100504348
1232.0726890563965, 2558.9729244594173, 2329.7987347322646
1232.4751665592194, 2558.9729244594173, 2329.7987347322646
1232.9797468185425, 2558.9729244594173, 2329.7987347322646
1233.4669411182404, 2558.9729244594173, 2329.7987347322646
1233.9697377681732, 2558.9729244594173, 2329.7987347322646
1234.4682822227478, 2558.9729244594173, 2329.7987347322646
1235.000851392746, 2558.9729244594173, 2329.7987347322646
1235.476138830185, 2558.9729244594173, 2329.7987347322646
1235.9663515090942, 2558.9729244594173, 2329.7987347322646
1236.5721142292023, 1135.3031741698444, 1164.9816059462225
1236.9574620723724, 1135.3031741698444, 1164.9816059462225
1237.4525532722473, 1135.3031741698444, 1164.9816059462225
1237.9468758106232, 1135.3031741698444, 1164.9816059462225
1240.1033871173859, -259.24442931187224, 81.00007367697934
1240.576119184494, 1907.5002165952355, 1942.6850194857498
1241.0498487949371, 1605.000000014315, 2260.889640074816
1241.455289363861, 1605.000000014315, 2260.889640074816
1241.9471547603607, 1605.000000014315, 2260.889640074816
1242.547504901886, 2316.0278810691457, 66.42802449762912
1242.934469461441, 2316.0278810691457, 66.42802449762912
1243.4486718177795, 2316.0278810691457, 66.42802449762912
1243.9453480243683, 2316.0278810691457, 66.42802449762912
1244.4226438999176, 2316.0278810691457, 66.42802449762912
1244.9247000217438, 2316.0278810691457, 66.42802449762912
1245.4242551326752, 2316.0278810691457, 66.42802449762912
1245.9316556453705, 2316.0278810691457, 66.42802449762912
1246.4249188899994, 2316.0278810691457, 66.42802449762912
1247.211636543274, 202805.69823842077, 2488.9998078050735
1247.5896227359772, 202805.69823842077, 2488.9998078050735
1248.081303358078, 202805.69823842077, 2488.9998078050735
1248.5759761333466, 2014.486122776283, 2483.684392730356
1248.8652288913727, 1554.943580280549, 1458.580252956467
1249.066661119461, 1554.943580280549, 1458.580252956467
1249.4576115608215, 163.00887529025536, 2103.578820418251
1249.7343690395355, 163.00887529025536, 2103.578820418251
1249.9926760196686, 163.00887529025536, 2103.578820418251
1250.2519800662994, 163.00887529025536, 2103.578820418251
1250.4953272342682, 163.00887529025536, 2103.578820418251
1250.7835538387299, 163.00887529025536, 2103.578820418251
1251.0907292366028, 369.03298223771344, 1789.4999999999322
1251.38095164299, 1813.528292868504, 1908.4999999999254
1251.583408355713, 1813.528292868504, 1908.4999999999254
1251.739988565445, 1813.528292868504, 1908.4999999999254
1251.9015543460846, 1813.528292868504, 1908.4999999999254
1252.0565168857574, 1813.528292868504, 1908.4999999999254
1252.2340404987335, 1813.528292868504, 1908.4999999999254
1252.4075741767883, 1813.528292868504, 1908.4999999999254
1252.5621609687805, 1813.528292868504, 1908.4999999999254
1252.8916275501251, 1813.528292868504, 1908.4999999999254
1253.039263010025, 1813.528292868504, 1908.4999999999254
1253.3454101085663, 1516.6527188468976, 1429.1360960492925
1253.5179483890533, 1516.6527188468976, 1429.1360960492925
1253.9494893550873, 1516.6527188468976, 1429.1360960492925
1254.540337562561, 3754.824778565217, 1611.3094072842302
1255.1839518547058, 916.5877782251167, 1804.4869971021608
