time, x0, y0, x1, y1...
3.0627987384796143, 20.0, 20.0
3.8157830238342285, 2020.9011162396587, 2174.154221755306
4.112985849380493, 2020.9011162396587, 2174.154221755306
4.931793212890625, 2028.935799403539, 2175.4216619790786
5.198079824447632, 2028.935799403539, 2175.4216619790786
5.600004434585571, 2028.935799403539, 2175.4216619790786
6.402853727340698, 2026.8186445059976, 2175.131586622974
7.055107355117798, 2026.8186445059976, 2175.131586622974
7.7263102531433105, 2026.8186445059976, 2175.131586622974
8.091333389282227, 2026.8186445059976, 2175.131586622974
8.606951713562012, 2026.8186445059976, 2175.131586622974
9.07469892501831, 2026.8186445059976, 2175.131586622974
9.59730076789856, 2026.8186445059976, 2175.131586622974
10.358262062072754, 2030.51266515499, 2175.908298955894
11.068360567092896, 2030.51266515499, 2175.908298955894
11.845282554626465, 2023.0924288057406, 2175.040723834918
12.353919267654419, 2026.334787042036, 2172.8522245334048
12.605245590209961, 2026.334787042036, 2172.8522245334048
13.103910207748413, 2026.334787042036, 2172.8522245334048
13.59758973121643, 2026.334787042036, 2172.8522245334048
14.077304363250732, 2026.334787042036, 2172.8522245334048
14.35057258605957, 2026.334787042036, 2172.8522245334048
14.587936401367188, 2026.334787042036, 2172.8522245334048
14.967918872833252, 2026.334787042036, 2172.8522245334048
15.238194704055786, 2026.334787042036, 2172.8522245334048
15.535400152206421, 2026.334787042036, 2172.8522245334048
15.8086678981781, 2026.334787042036, 2172.8522245334048
16.074954509735107, 2026.334787042036, 2172.8522245334048
16.405070543289185, 2026.334787042036, 2172.8522245334048
16.658392906188965, 2026.334787042036, 2172.8522245334048
16.940637350082397, 2026.334787042036, 2172.8522245334048
17.191964149475098, 2026.334787042036, 2172.8522245334048
17.607851266860962, 2026.334787042036, 2172.8522245334048
18.099533796310425, 2026.334787042036, 2172.8522245334048
18.43862533569336, 2026.334787042036, 2172.8522245334048
18.706908702850342, 2026.334787042036, 2172.8522245334048
19.11880350112915, 2026.334787042036, 2172.8522245334048
19.603507041931152, 2026.334787042036, 2172.8522245334048
19.90470004081726, 2026.334787042036, 2172.8522245334048
20.449241638183594, 2036.6920120177913, 2173.6809099424627
21.075565099716187, 2036.6920120177913, 2173.6809099424627
21.339856147766113, 2036.6920120177913, 2173.6809099424627
21.604148626327515, 2036.6920120177913, 2173.6809099424627
21.84151291847229, 2036.6920120177913, 2173.6809099424627
22.099822282791138, 2036.6920120177913, 2173.6809099424627
22.364113807678223, 2036.6920120177913, 2173.6809099424627
22.87175464630127, 2026.819626029921, 2173.27630304936
23.59282422065735, 2026.819626029921, 2173.27630304936
24.41661787033081, 2028.14482252635, 2172.921369237551
25.006040334701538, 2028.14482252635, 2172.921369237551
25.28429388999939, 2028.14482252635, 2172.921369237551
25.613412857055664, 2028.14482252635, 2172.921369237551
26.353431701660156, 2029.108593274062, 2173.134866572814
26.65462613105774, 2029.108593274062, 2173.134866572814
27.35474944114685, 2029.8805117016427, 2173.021038704471
28.076816082000732, 2029.8805117016427, 2173.021038704471
28.592437028884888, 2029.8805117016427, 2173.021038704471
28.879667282104492, 2029.8805117016427, 2173.021038704471
29.166897773742676, 2029.8805117016427, 2173.021038704471
29.604725122451782, 2029.8805117016427, 2173.021038704471
30.118350982666016, 2029.8805117016427, 2173.021038704471
30.603052377700806, 2029.8805117016427, 2173.021038704471
31.122663021087646, 2029.8805117016427, 2173.021038704471
31.6073637008667, 2029.8805117016427, 2173.021038704471
32.10303544998169, 2029.8805117016427, 2173.021038704471
32.61566376686096, 2029.8805117016427, 2173.021038704471
33.12230658531189, 2029.8805117016427, 2173.021038704471
33.84337544441223, 2028.5695816853383, 2172.4816168989514
34.13160467147827, 2028.5695816853383, 2172.4816168989514
34.87162184715271, 2033.5368805814933, 2173.291094373462
35.5877046585083, 2033.5368805814933, 2173.291094373462
35.734312295913696, 2033.5368805814933, 2173.291094373462
36.077392578125, 2033.5368805814933, 2173.291094373462
36.574063777923584, 2033.5368805814933, 2173.291094373462
37.3599591255188, 2025.1650983040963, 2173.503181942155
38.3333535194397, 2028.425746566117, 2172.73067634524
38.58567714691162, 2028.425746566117, 2172.73067634524
39.06938195228577, 2028.425746566117, 2172.73067634524
39.595972299575806, 2028.425746566117, 2172.73067634524
40.08865213394165, 2028.425746566117, 2172.73067634524
40.379873514175415, 2028.425746566117, 2172.73067634524
40.58731746673584, 2028.425746566117, 2172.73067634524
41.05705952644348, 2028.425746566117, 2172.73067634524
41.887834787368774, 2025.2527633809889, 2172.6874478433406
42.60292077064514, 2025.2527633809889, 2172.6874478433406
42.77945137023926, 2025.2527633809889, 2172.6874478433406
43.09859323501587, 2025.2527633809889, 2172.6874478433406
43.85656237602234, 2025.2247471119917, 2173.3784395812727
43.99319624900818, 2025.2247471119917, 2173.3784395812727
44.59558415412903, 2025.2247471119917, 2173.3784395812727
45.27775812149048, 2024.734593618571, 2172.9653956020034
45.603883504867554, 2024.734593618571, 2172.9653956020034
46.0796103477478, 2024.734593618571, 2172.9653956020034
46.59323525428772, 2024.734593618571, 2172.9653956020034
47.43199110031128, 2027.4851124635286, 2172.786983214277
48.12413549423218, 2027.4851124635286, 2172.786983214277
48.635767459869385, 2027.4851124635286, 2172.786983214277
49.131439208984375, 2027.4851124635286, 2172.786983214277
49.62611484527588, 2027.4851124635286, 2172.786983214277
50.12677359580994, 2027.4851124635286, 2172.786983214277
50.651368618011475, 2027.4851124635286, 2172.786983214277
51.119115352630615, 2027.4851124635286, 2172.786983214277
51.63772678375244, 2027.4851124635286, 2172.786983214277
52.13539505004883, 2027.4851124635286, 2172.786983214277
52.876410245895386, 2028.143430210729, 2172.622182212464
53.60146975517273, 2028.143430210729, 2172.622182212464
54.10711455345154, 2028.143430210729, 2172.622182212464
54.588826179504395, 2028.143430210729, 2172.622182212464
55.06255745887756, 2028.143430210729, 2172.622182212464
55.58814883232117, 2028.143430210729, 2172.622182212464
56.32617235183716, 2028.6614949627065, 2172.3329264424488
56.549575328826904, 2028.6614949627065, 2172.3329264424488
57.08912992477417, 2028.6614949627065, 2172.3329264424488
57.92090344429016, 2027.791552182603, 2171.6243655910525
58.59110760688782, 2027.791552182603, 2171.6243655910525
59.07880139350891, 2027.791552182603, 2171.6243655910525
59.90658521652222, 2024.653491790305, 2172.729879528734
60.854047775268555, 2028.9033362404678, 2172.519581607289
61.59606194496155, 2028.9033362404678, 2172.519581607289
62.355029582977295, 2028.2949027937261, 2172.177961212526
63.07809281349182, 2028.2949027937261, 2172.177961212526
63.55681085586548, 2028.2949027937261, 2172.177961212526
64.35168242454529, 2029.3963228400198, 2173.1021048223506
65.08073210716248, 2029.3963228400198, 2173.1021048223506
65.58537936210632, 2029.3963228400198, 2173.1021048223506
66.1019959449768, 2029.3963228400198, 2173.1021048223506
66.6016571521759, 2029.3963228400198, 2173.1021048223506
67.0923433303833, 2029.3963228400198, 2173.1021048223506
67.78050136566162, 2034.0401662117818, 2173.2158896629085
68.08767771720886, 2034.0401662117818, 2173.2158896629085
68.57936215400696, 2034.0401662117818, 2173.2158896629085
69.08899736404419, 2034.0401662117818, 2173.2158896629085
69.85594320297241, 2029.984344430269, 2172.5188976244863
70.58997702598572, 2029.984344430269, 2172.5188976244863
71.08265972137451, 2029.984344430269, 2172.5188976244863
71.59329175949097, 2029.984344430269, 2172.5188976244863
72.08796691894531, 2029.984344430269, 2172.5188976244863
72.59062147140503, 2029.984344430269, 2172.5188976244863
73.09028315544128, 2029.984344430269, 2172.5188976244863
73.58894777297974, 2029.984344430269, 2172.5188976244863
74.09559059143066, 2029.984344430269, 2172.5188976244863
74.58926844596863, 2029.984344430269, 2172.5188976244863
75.10289406776428, 2029.984344430269, 2172.5188976244863
75.85388207435608, 2030.7836054818706, 2171.638981408042
76.56996488571167, 2030.7836054818706, 2171.638981408042
77.31696462631226, 2030.7195390909117, 2172.2025748659926
77.58823871612549, 2030.7195390909117, 2172.2025748659926
78.40106272697449, 2036.243804131041, 2171.208204614907
79.38343214988708, 2033.2775037840956, 2172.0069380292935
80.3747763633728, 2032.7273994235186, 2171.7831790605214
81.30329060554504, 2032.3654770958003, 2171.899520149381
81.86379027366638, 2032.7005916114035, 2171.5211668817483
82.61079025268555, 2032.7005916114035, 2171.5211668817483
83.36277651786804, 2033.57487896355, 2172.1912305562428
84.07486987113953, 2033.57487896355, 2172.1912305562428
84.8567750453949, 2027.5423964470006, 2171.60311432721
85.59878849983215, 2027.5423964470006, 2171.60311432721
86.08448767662048, 2027.5423964470006, 2171.60311432721
86.59212827682495, 2027.5423964470006, 2171.60311432721
87.36605620384216, 2025.9696148299035, 2171.585396067339
88.10507774353027, 2025.9696148299035, 2171.585396067339
88.58180069923401, 2025.9696148299035, 2171.585396067339
89.39063477516174, 2032.9996196531615, 2172.2551365386207
90.12267422676086, 2032.9996196531615, 2172.2551365386207
90.6233344078064, 2032.9996196531615, 2172.2551365386207
91.37831258773804, 2027.1676411284604, 2171.7228311584536
92.08641648292542, 2027.1676411284604, 2171.7228311584536
92.59405732154846, 2027.1676411284604, 2171.7228311584536
93.34209728240967, 2026.7689250148078, 2171.670983953684
94.09503841400146, 2026.7689250148078, 2171.670983953684
94.58871626853943, 2026.7689250148078, 2171.670983953684
95.31477379798889, 2030.7479454229137, 2172.0855143656895
95.62494206428528, 2030.7479454229137, 2172.0855143656895
96.09867310523987, 2030.7479454229137, 2172.0855143656895
96.62825417518616, 2030.7479454229137, 2172.0855143656895
97.11894083023071, 2030.7479454229137, 2172.0855143656895
97.60563731193542, 2030.7479454229137, 2172.0855143656895
98.35762429237366, 2034.45700388615, 2172.39113864966
99.44970107078552, 2032.8907632926976, 2173.0890140857728
100.0999584197998, 2032.8907632926976, 2173.0890140857728
100.59463429450989, 2032.8907632926976, 2173.0890140857728
101.4014744758606, 2037.1134705645832, 2171.852523660343
102.10259652137756, 2037.1134705645832, 2171.852523660343
102.61123418807983, 2037.1134705645832, 2171.852523660343
103.25151872634888, 2027.7813650973626, 2172.3651078181624
103.83595395088196, 2024.7691550497389, 2171.0185594602776
104.11021947860718, 2024.7691550497389, 2171.0185594602776
104.85123562812805, 2027.0796630831767, 2171.493941825054
105.59225177764893, 2027.0796630831767, 2171.493941825054
106.09989261627197, 2027.0796630831767, 2171.493941825054
106.60952758789062, 2027.0796630831767, 2171.493941825054
107.39043664932251, 2026.377221323945, 2171.208988453687
108.0905613899231, 2026.377221323945, 2171.208988453687
108.61016988754272, 2026.377221323945, 2171.208988453687
109.40105271339417, 2026.1006081324663, 2171.3334687653546
110.08920955657959, 2026.1006081324663, 2171.3334687653546
110.58488321304321, 2026.1006081324663, 2171.3334687653546
111.41067147254944, 2026.8377425894887, 2171.6185752902325
112.12276434898376, 2026.8377425894887, 2171.6185752902325
112.61644339561462, 2026.8377425894887, 2171.6185752902325
113.10313987731934, 2026.8377425894887, 2171.6185752902325
113.86410236358643, 2027.5860869839878, 2171.094888463212
114.60312342643738, 2027.5860869839878, 2171.094888463212
115.41295456886292, 2033.3983745977607, 2171.178700655836
116.08216333389282, 2033.3983745977607, 2171.178700655836
116.58082675933838, 2033.3983745977607, 2171.178700655836
117.07849454879761, 2033.3983745977607, 2171.178700655836
117.58912682533264, 2033.3983745977607, 2171.178700655836
118.08878874778748, 2033.3983745977607, 2171.178700655836
118.8717052936554, 2029.8844508640896, 2171.0364576982593
119.94382190704346, 2025.7182285315141, 2171.4129206535176
120.84740281105042, 2029.3576387601108, 2171.2720799442204
121.1037163734436, 2029.3576387601108, 2171.2720799442204
121.60038590431213, 2029.3576387601108, 2171.2720799442204
122.37830233573914, 2028.3330101142612, 2170.9217405544423
123.08541011810303, 2028.3330101142612, 2170.9217405544423
123.85135841369629, 2027.2533681162683, 2170.826524871563
124.62329149246216, 2027.2533681162683, 2170.826524871563
125.10001492500305, 2027.2533681162683, 2170.826524871563
125.90785145759583, 2029.424526063738, 2170.867663358215
126.61296391487122, 2029.424526063738, 2170.867663358215
127.09367728233337, 2029.424526063738, 2170.867663358215
127.91148805618286, 2027.8983470861865, 2171.093893055571
128.64252877235413, 2027.8983470861865, 2171.093893055571
129.129225730896, 2027.8983470861865, 2171.093893055571
129.8602693080902, 2029.536023144644, 2171.6909282317356
130.63818550109863, 2029.536023144644, 2171.6909282317356
131.10992169380188, 2029.536023144644, 2171.6909282317356
131.860910654068, 2028.3401790665157, 2171.0526236918445
132.5829782485962, 2028.3401790665157, 2171.0526236918445
133.36189126968384, 2024.655674321805, 2171.3480210205266
134.3741810321808, 2030.9060124902953, 2171.6547685152445
135.0942530632019, 2030.9060124902953, 2171.6547685152445
135.86319541931152, 2029.3022801461584, 2171.2599015264036
136.8884482383728, 2032.6079727270344, 2171.239019081467
137.90472674369812, 2029.3911957235425, 2170.0382119551555
138.61781883239746, 2029.3911957235425, 2170.0382119551555
139.12047219276428, 2029.3911957235425, 2170.0382119551555
139.8854262828827, 2029.6576632401889, 2170.61776749415
140.6104815006256, 2029.6576632401889, 2170.61776749415
141.10515713691711, 2029.6576632401889, 2170.61776749415
141.8840730190277, 2032.6535970642194, 2171.0994604323346
142.58718848228455, 2032.6535970642194, 2171.0994604323346
143.08485627174377, 2032.6535970642194, 2171.0994604323346
143.88970136642456, 2032.76175594075, 2170.507496386466
144.61176872253418, 2032.76175594075, 2170.507496386466
145.3278512954712, 2031.641399401065, 2171.2669131598655
145.5881531238556, 2031.641399401065, 2171.2669131598655
146.10476994514465, 2031.641399401065, 2171.2669131598655
146.5914659500122, 2031.641399401065, 2171.2669131598655
147.08514404296875, 2031.641399401065, 2171.2669131598655
147.58580422401428, 2031.641399401065, 2171.2669131598655
148.38965153694153, 2033.5172495125955, 2170.8271993815565
149.10772895812988, 2033.5172495125955, 2170.8271993815565
149.6133770942688, 2033.5172495125955, 2170.8271993815565
150.09408903121948, 2033.5172495125955, 2170.8271993815565
150.59873628616333, 2033.5172495125955, 2170.8271993815565
151.0904197692871, 2033.5172495125955, 2170.8271993815565
151.5840973854065, 2033.5172495125955, 2170.8271993815565
152.37498021125793, 2029.282845551245, 2170.33332376853
153.0890667438507, 2029.282845551245, 2170.33332376853
153.58972692489624, 2029.282845551245, 2170.33332376853
154.08739495277405, 2029.282845551245, 2170.33332376853
154.59902501106262, 2029.282845551245, 2170.33332376853
155.36497378349304, 2026.617527221506, 2170.608448289128
156.38025498390198, 2026.3681702507306, 2170.1801519746036
157.34766483306885, 2025.5710411360058, 2170.6479818828625
158.34798622131348, 2032.568767134521, 2171.313218180776
159.1149320602417, 2032.568767134521, 2171.313218180776
159.5966432094574, 2032.568767134521, 2171.313218180776
160.08334040641785, 2032.568767134521, 2171.313218180776
160.61092615127563, 2032.568767134521, 2171.313218180776
161.12754225730896, 2032.568767134521, 2171.313218180776
161.62122082710266, 2032.568767134521, 2171.313218180776
162.38018918037415, 2027.2624990081088, 2171.0487303792074
163.10923647880554, 2027.2624990081088, 2171.0487303792074
163.60690331459045, 2027.2624990081088, 2171.0487303792074
164.3898069858551, 2026.1316049210468, 2170.8961558365772
165.09392142295837, 2026.1316049210468, 2170.8961558365772
165.58660244941711, 2026.1316049210468, 2170.8961558365772
166.24384307861328, 2025.743797135551, 2170.5456640385646
166.85620284080505, 2023.6978272144627, 2170.4537299491917
167.61018419265747, 2023.6978272144627, 2170.4537299491917
168.10884881019592, 2023.6978272144627, 2170.4537299491917
168.60751509666443, 2023.6978272144627, 2170.4537299491917
169.3355634212494, 2028.337030590724, 2171.3818229837525
169.9090292453766, 2033.2376139695027, 2170.287853400525
170.58920788764954, 2033.2376139695027, 2170.287853400525
171.06892156600952, 2033.2376139695027, 2170.287853400525
171.9226372241974, 2029.67458837067, 2171.080185514444
172.6417112350464, 2029.67458837067, 2171.080185514444
173.12741136550903, 2029.67458837067, 2171.080185514444
173.91230869293213, 2026.3734114952283, 2170.8568549357888
174.609441280365, 2026.3734114952283, 2170.8568549357888
175.09713697433472, 2026.3734114952283, 2170.8568549357888
175.91295194625854, 2028.358265659508, 2170.756917684617
176.5901381969452, 2028.358265659508, 2170.756917684617
177.11872553825378, 2028.358265659508, 2170.756917684617
177.59345245361328, 2028.358265659508, 2170.756917684617
178.0901210308075, 2028.358265659508, 2170.756917684617
178.59476971626282, 2028.358265659508, 2170.756917684617
179.09144043922424, 2028.358265659508, 2170.756917684617
179.87334752082825, 2031.000815045044, 2169.91073831406
180.57746076583862, 2031.000815045044, 2169.91073831406
181.08011484146118, 2031.000815045044, 2169.91073831406
181.5847659111023, 2031.000815045044, 2169.91073831406
182.09439969062805, 2031.000815045044, 2169.91073831406
182.5950586795807, 2031.000815045044, 2169.91073831406
183.0807580947876, 2031.000815045044, 2169.91073831406
183.87762427330017, 2031.0492590171307, 2170.5871058012603
184.5927095413208, 2031.0492590171307, 2170.5871058012603
185.10832905769348, 2031.0492590171307, 2170.5871058012603
185.58804392814636, 2031.0492590171307, 2170.5871058012603
186.10765290260315, 2031.0492590171307, 2170.5871058012603
186.60332608222961, 2031.0492590171307, 2170.5871058012603
187.1019902229309, 2031.0492590171307, 2170.5871058012603
187.59467029571533, 2031.0492590171307, 2170.5871058012603
188.40549993515015, 2032.0337676652791, 2170.048549603679
189.1235773563385, 2032.0337676652791, 2170.048549603679
189.6192488670349, 2032.0337676652791, 2170.048549603679
190.11990928649902, 2032.0337676652791, 2170.048549603679
190.62954425811768, 2032.0337676652791, 2170.048549603679
191.103276014328, 2032.0337676652791, 2170.048549603679
191.61590337753296, 2032.0337676652791, 2170.048549603679
192.3868384361267, 2030.2267187618143, 2170.5013562901913
193.1109001636505, 2030.2267187618143, 2170.5013562901913
193.92571783065796, 2029.0721436820775, 2170.2122369690906
194.62883496284485, 2029.0721436820775, 2170.2122369690906
195.10256719589233, 2029.0721436820775, 2170.2122369690906
195.91040444374084, 2027.0787567243672, 2169.9181952850486
196.60055589675903, 2027.0787567243672, 2169.9181952850486
197.08525729179382, 2027.0787567243672, 2169.9181952850486
197.60187530517578, 2027.0787567243672, 2169.9181952850486
198.34388756752014, 2027.2950078803058, 2170.5124701006157
198.61915063858032, 2027.2950078803058, 2170.5124701006157
199.10086011886597, 2027.2950078803058, 2170.5124701006157
199.58456540107727, 2027.2950078803058, 2170.5124701006157
200.38143157958984, 2029.557122475642, 2169.9624900998506
201.12543964385986, 2029.557122475642, 2169.9624900998506
201.8804178237915, 2028.0815374400358, 2170.031834940852
202.6224308013916, 2028.0815374400358, 2170.031834940852
203.33851289749146, 2035.030433096866, 2169.71422188247
203.6227514743805, 2035.030433096866, 2169.71422188247
204.37074851989746, 2033.6167585535472, 2170.1887228562014
205.16462469100952, 2033.6167585535472, 2170.1887228562014
205.63835549354553, 2033.6167585535472, 2170.1887228562014
206.1200659275055, 2033.6167585535472, 2170.1887228562014
206.64266538619995, 2033.6167585535472, 2170.1887228562014
207.11938905715942, 2033.6167585535472, 2170.1887228562014
207.62802648544312, 2033.6167585535472, 2170.1887228562014
208.48672795295715, 2031.998919864989, 2169.1320293065937
209.15394115447998, 2031.998919864989, 2169.1320293065937
209.89196467399597, 2026.517607306732, 2170.2419575508097
210.5920910835266, 2026.517607306732, 2170.2419575508097
211.11868000030518, 2026.517607306732, 2170.2419575508097
211.60437941551208, 2026.517607306732, 2170.2419575508097
212.3942642211914, 2029.8628841372765, 2169.970580791032
213.36566376686096, 2032.5435900371276, 2169.940458220357
214.41186332702637, 2032.4056739076132, 2170.299468080906
215.38326120376587, 2031.2974482696163, 2170.0433158808446
216.38158869743347, 2033.0733117265577, 2170.375746515344
217.10664629936218, 2033.0733117265577, 2170.375746515344
217.6063072681427, 2033.0733117265577, 2170.375746515344
218.35031652450562, 2032.6119290319148, 2169.33587084094
219.33667373657227, 2031.4882503923081, 2170.2831649196755
219.64784240722656, 2031.4882503923081, 2170.2831649196755
220.1115996837616, 2031.4882503923081, 2170.2831649196755
220.623229265213, 2031.4882503923081, 2170.2831649196755
221.12089729309082, 2031.4882503923081, 2170.2831649196755
221.8848512172699, 2035.1459247278729, 2169.568118750716
222.89015913009644, 2038.1302065182588, 2170.012406274211
223.86255550384521, 2034.2975159283721, 2169.490975796427
224.85888719558716, 2034.362586071067, 2168.6709416850626
225.60289573669434, 2034.362586071067, 2168.6709416850626
226.31099891662598, 2036.4394445747548, 2169.8506286000943
226.88745856285095, 2039.125109847906, 2170.091534604614
227.59954810142517, 2039.125109847906, 2170.091534604614
228.09422421455383, 2039.125109847906, 2170.091534604614
228.58889985084534, 2039.125109847906, 2170.091534604614
229.11449241638184, 2039.125109847906, 2170.091534604614
229.59320974349976, 2039.125109847906, 2170.091534604614
230.1048400402069, 2039.125109847906, 2170.091534604614
230.9376096725464, 2033.2237183474795, 2169.444842128874
231.58288264274597, 2033.2237183474795, 2169.444842128874
232.0905246734619, 2033.2237183474795, 2169.444842128874
232.8794105052948, 2033.301697995936, 2169.266183542758
233.8867130279541, 2029.9583735580807, 2169.3631913712725
234.8960108757019, 2030.2134592830976, 2169.4486342686173
235.61209273338318, 2030.2134592830976, 2169.4486342686173
236.12272572517395, 2030.2134592830976, 2169.4486342686173
236.6064305305481, 2030.2134592830976, 2169.4486342686173
237.34345698356628, 2036.774849553297, 2169.930656301074
237.92390322685242, 2035.2182913251588, 2169.4519115628277
238.6190423965454, 2035.2182913251588, 2169.4519115628277
239.099755525589, 2035.2182913251588, 2169.4519115628277
239.8726840019226, 2026.6331852827425, 2169.5175348741977
240.6027295589447, 2026.6331852827425, 2169.5175348741977
241.38264298439026, 2034.0630710345633, 2169.4170226619785
242.10171627998352, 2034.0630710345633, 2169.4170226619785
242.62232208251953, 2034.0630710345633, 2169.4170226619785
243.0920648574829, 2034.0630710345633, 2169.4170226619785
243.84504771232605, 2028.1538284394132, 2169.0879944272956
244.12230467796326, 2028.1538284394132, 2169.0879944272956
244.83938455581665, 2028.8314830842232, 2169.9294912428295
245.10168385505676, 2028.8314830842232, 2169.9294912428295
245.5923683643341, 2028.8314830842232, 2169.9294912428295
246.10399842262268, 2028.8314830842232, 2169.9294912428295
246.60864663124084, 2028.8314830842232, 2169.9294912428295
247.37758803367615, 2028.780606838947, 2169.353234113527
248.33502435684204, 2028.942505384334, 2168.9929511000505
249.3712513446808, 2024.9212850041665, 2170.397950027173
250.3316788673401, 2026.28402865249, 2169.460642223968
250.60694098472595, 2026.28402865249, 2169.460642223968
251.35593605041504, 2025.999021253352, 2169.157452483228
252.10991621017456, 2025.999021253352, 2169.157452483228
252.6195523738861, 2025.999021253352, 2169.157452483228
253.32964968681335, 2029.7461985382076, 2169.831068145467
253.61189556121826, 2029.7461985382076, 2169.831068145467
254.3369529247284, 2029.8699870758085, 2168.5844781303417
255.38913536071777, 2030.5301528389411, 2169.3224550173823
256.3904538154602, 2027.620922499993, 2169.304458955518
257.0905797481537, 2027.620922499993, 2169.304458955518
257.9572591781616, 2027.816811627597, 2170.1400476441354
258.6803226470947, 2027.816811627597, 2170.1400476441354
259.1799855232239, 2027.816811627597, 2170.1400476441354
259.65371584892273, 2027.816811627597, 2170.1400476441354
260.36381459236145, 2022.8471147467003, 2169.4431538587287
261.33720803260803, 2025.0332772472354, 2169.5530941927
261.9056851863861, 2025.4416418082214, 2169.587881927873
262.6008243560791, 2025.4416418082214, 2169.587881927873
263.1044764518738, 2025.4416418082214, 2169.587881927873
263.8514771461487, 2027.6637833869365, 2169.4433184403347
264.60844898223877, 2027.6637833869365, 2169.4433184403347
265.38636684417725, 2026.6826443890373, 2169.46459882538
266.10145235061646, 2026.6826443890373, 2169.46459882538
266.6090910434723, 2026.6826443890373, 2169.46459882538
267.3860113620758, 2028.7805198066662, 2169.486192632512
268.38832783699036, 2025.6301035392578, 2168.884161805368
269.3796739578247, 2027.583283339717, 2169.6851688887555
270.407919883728, 2027.6657220923353, 2169.4366813837505
271.11203360557556, 2027.6657220923353, 2169.4366813837505
271.8550441265106, 2022.9202164869862, 2169.180191122335
272.8593566417694, 2026.3280967811588, 2168.9310008806856
273.90256357192993, 2023.9911506880999, 2168.8134396942805
274.5996963977814, 2023.9911506880999, 2168.8134396942805
275.0963656902313, 2023.9911506880999, 2168.8134396942805
275.58904576301575, 2023.9911506880999, 2168.8134396942805
276.10466504096985, 2023.9911506880999, 2168.8134396942805
276.60233187675476, 2023.9911506880999, 2168.8134396942805
277.091023683548, 2023.9911506880999, 2168.8134396942805
277.85797023773193, 2030.3377532828747, 2169.2032105555536
278.6049702167511, 2030.3377532828747, 2169.2032105555536
279.09166646003723, 2030.3377532828747, 2169.2032105555536
279.88454413414, 2028.1049539115445, 2169.167227694163
280.84297728538513, 2026.0954239479831, 2169.474391336049
281.9101197719574, 2026.6254542922702, 2169.416501122727
282.61223912239075, 2026.6254542922702, 2169.416501122727
283.09694170951843, 2026.6254542922702, 2169.416501122727
283.8229968547821, 2067.559720407669, 2169.357443474465
284.0763201713562, 2067.559720407669, 2169.357443474465
284.8602194786072, 2082.766499185996, 2166.766914772976
285.58228874206543, 2082.766499185996, 2166.766914772976
286.3781569004059, 2071.3882111825355, 2167.7515400926573
287.0942385196686, 2071.3882111825355, 2167.7515400926573
287.5849268436432, 2071.3882111825355, 2167.7515400926573
288.10652804374695, 2071.3882111825355, 2167.7515400926573
288.5852463245392, 2071.3882111825355, 2167.7515400926573
289.10086464881897, 2071.3882111825355, 2167.7515400926573
289.5855669975281, 2071.3882111825355, 2167.7515400926573
290.3594946861267, 2042.593075369907, 2169.4744862352345
291.0975179672241, 2042.593075369907, 2169.4744862352345
291.5921938419342, 2042.593075369907, 2169.4744862352345
292.0848751068115, 2042.593075369907, 2169.4744862352345
292.6064772605896, 2042.593075369907, 2169.4744862352345
293.094172000885, 2042.593075369907, 2169.4744862352345
293.5848579406738, 2042.593075369907, 2169.4744862352345
294.36277437210083, 2041.2328963877524, 2169.6700696205703
295.0838449001312, 2041.2328963877524, 2169.6700696205703
295.5825102329254, 2041.2328963877524, 2169.6700696205703
296.3863561153412, 2039.73288082725, 2169.698377938296
297.37171697616577, 2041.4859993855298, 2169.619058107671
298.08780002593994, 2041.4859993855298, 2169.619058107671
298.586464881897, 2041.4859993855298, 2169.619058107671
299.0811412334442, 2041.4859993855298, 2169.619058107671
299.56584334373474, 2041.4859993855298, 2169.619058107671
300.086448431015, 2041.4859993855298, 2169.619058107671
300.57513904571533, 2041.4859993855298, 2169.619058107671
301.10272693634033, 2041.4859993855298, 2169.619058107671
301.5784525871277, 2041.4859993855298, 2169.619058107671
302.3803060054779, 2041.1893496377747, 2169.549890071137
303.08940720558167, 2041.1893496377747, 2169.549890071137
303.60702109336853, 2041.1893496377747, 2169.549890071137
304.07975482940674, 2041.1893496377747, 2169.549890071137
304.85867071151733, 2039.040851324407, 2169.5230627172136
305.59070897102356, 2039.040851324407, 2169.5230627172136
306.3825886249542, 2042.258084239571, 2169.377447675636
307.0867030620575, 2042.258084239571, 2169.377447675636
307.5813798904419, 2042.258084239571, 2169.377447675636
308.0850303173065, 2042.258084239571, 2169.377447675636
308.8449947834015, 2042.8324343617492, 2169.2395192006757
309.8612732887268, 2040.1226464190863, 2169.551603533943
310.5873303413391, 2040.1226464190863, 2169.551603533943
311.0780153274536, 2040.1226464190863, 2169.551603533943
311.81005573272705, 2040.365003599341, 2169.4775969148372
312.3895046710968, 2043.0581277053107, 2169.3282745467677
313.07865834236145, 2043.0581277053107, 2169.3282745467677
313.8625600337982, 2042.1182229040526, 2169.332521612195
314.8588924407959, 2042.1615266524793, 2169.3804701683484
315.5769681930542, 2042.1615266524793, 2169.3804701683484
316.0826153755188, 2042.1615266524793, 2169.3804701683484
316.85355162620544, 2045.6826211841126, 2169.5237965501747
317.5915732383728, 2045.6826211841126, 2169.5237965501747
318.087247133255, 2045.6826211841126, 2169.5237965501747
318.5739440917969, 2045.6826211841126, 2169.5237965501747
319.3209431171417, 2042.6316228888493, 2169.3799119723444
319.58423948287964, 2042.6316228888493, 2169.3799119723444
320.08689308166504, 2042.6316228888493, 2169.3799119723444
320.5755841732025, 2042.6316228888493, 2169.3799119723444
321.35350155830383, 2046.4217311698608, 2169.277067080424
322.0725750923157, 2046.4217311698608, 2169.277067080424
322.56226682662964, 2046.4217311698608, 2169.277067080424
323.06491804122925, 2046.4217311698608, 2169.277067080424
323.572557926178, 2046.4217311698608, 2169.277067080424
324.0801999568939, 2046.4217311698608, 2169.277067080424
324.5599150657654, 2046.4217311698608, 2169.277067080424
325.0675563812256, 2046.4217311698608, 2169.277067080424
325.58217763900757, 2046.4217311698608, 2169.277067080424
326.35211634635925, 2043.5035983861667, 2169.524018793379
327.3245120048523, 2046.304479330363, 2169.3830113440786
327.59578561782837, 2046.304479330363, 2169.3830113440786
328.0964467525482, 2046.304479330363, 2169.3830113440786
328.8693759441376, 2048.4551442162965, 2169.3144405779167
329.83778190612793, 2048.2841073662007, 2169.3262106986263
330.1070604324341, 2048.2841073662007, 2169.3262106986263
330.5807921886444, 2048.2841073662007, 2169.3262106986263
331.3906238079071, 2046.7281478838192, 2169.4573853322822
332.07878160476685, 2046.7281478838192, 2169.4573853322822
332.5953984260559, 2046.7281478838192, 2169.4573853322822
333.0810971260071, 2046.7281478838192, 2169.4573853322822
333.58275413513184, 2046.7281478838192, 2169.4573853322822
334.0983741283417, 2046.7281478838192, 2169.4573853322822
334.57310152053833, 2046.7281478838192, 2169.4573853322822
335.085729598999, 2046.7281478838192, 2169.4573853322822
335.8287396430969, 2042.5362813530858, 2169.3091366331473
336.1010117530823, 2042.5362813530858, 2169.3091366331473
336.8200855255127, 2044.904731178647, 2169.291052073059
337.0754020214081, 2044.904731178647, 2169.291052073059
337.59401392936707, 2044.904731178647, 2169.291052073059
338.08569717407227, 2044.904731178647, 2169.291052073059
338.82072830200195, 2045.1548353261494, 2169.042766601724
339.35529804229736, 2048.978515395616, 2169.1476923432906
340.0683877468109, 2048.978515395616, 2169.1476923432906
340.5690460205078, 2048.978515395616, 2169.1476923432906
341.07170057296753, 2048.978515395616, 2169.1476923432906
341.58731961250305, 2048.978515395616, 2169.1476923432906
342.06803274154663, 2048.978515395616, 2169.1476923432906
342.5756733417511, 2048.978515395616, 2169.1476923432906
343.3815155029297, 2048.770718292624, 2168.613046286111
344.07166719436646, 2048.770718292624, 2168.613046286111
344.5823006629944, 2048.770718292624, 2168.613046286111
345.0859520435333, 2048.770718292624, 2168.613046286111
345.5766372680664, 2048.770718292624, 2168.613046286111
346.08128595352173, 2048.770718292624, 2168.613046286111
346.5719723701477, 2048.770718292624, 2168.613046286111
347.0666491985321, 2048.770718292624, 2168.613046286111
347.85254311561584, 2199.3205880861424, 2167.2286777330432
348.58857321739197, 2199.3205880861424, 2167.2286777330432
349.0652959346771, 2199.3205880861424, 2167.2286777330432
349.8432137966156, 2196.2691535513877, 2166.7381689048357
350.0885558128357, 2196.2691535513877, 2166.7381689048357
350.5882177352905, 2196.2691535513877, 2166.7381689048357
351.0699291229248, 2196.2691535513877, 2166.7381689048357
351.8468482494354, 2197.9582548355415, 2167.4994163305273
352.57589626312256, 2197.9582548355415, 2167.4994163305273
353.0825388431549, 2197.9582548355415, 2167.4994163305273
353.5742218494415, 2197.9582548355415, 2167.4994163305273
354.08685088157654, 2197.9582548355415, 2167.4994163305273
354.59548807144165, 2197.9582548355415, 2167.4994163305273
355.0841794013977, 2197.9582548355415, 2167.4994163305273
355.8601014614105, 2105.1436556951303, 2170.7683234127153
356.58715558052063, 2105.1436556951303, 2170.7683234127153
357.3301651477814, 2106.086749029807, 2170.8617880336865
357.60143876075745, 2106.086749029807, 2170.8617880336865
358.0961139202118, 2106.086749029807, 2170.8617880336865
358.60375475883484, 2106.086749029807, 2170.8617880336865
359.0984299182892, 2106.086749029807, 2170.8617880336865
359.6150462627411, 2106.086749029807, 2170.8617880336865
360.1047365665436, 2106.086749029807, 2170.8617880336865
360.87866377830505, 2106.4428582924666, 2170.679739589192
361.60073018074036, 2106.4428582924666, 2170.679739589192
362.08942103385925, 2106.4428582924666, 2170.679739589192
362.59307193756104, 2106.4428582924666, 2170.679739589192
363.40090918540955, 2107.2142568780932, 2170.6396360235
364.0531632900238, 2107.2142568780932, 2170.6396360235
364.75428438186646, 2106.7666781474086, 2170.583448771406
365.0883901119232, 2106.7666781474086, 2170.583448771406
365.5880558490753, 2106.7666781474086, 2170.583448771406
366.3629775047302, 2104.8046426359406, 2170.8563306727888
367.0940201282501, 2104.8046426359406, 2170.8563306727888
367.59467935562134, 2104.8046426359406, 2170.8563306727888
368.3247241973877, 2103.159546827136, 2170.761434500711
369.0816979408264, 2103.159546827136, 2170.761434500711
369.5793659687042, 2103.159546827136, 2170.761434500711
370.37523460388184, 2107.128883102446, 2170.601787349163
371.07735323905945, 2107.128883102446, 2170.601787349163
371.86723947525024, 2104.505455605695, 2170.832186628819
372.59429264068604, 2104.505455605695, 2170.832186628819
373.07699942588806, 2104.505455605695, 2170.832186628819
373.5786554813385, 2104.505455605695, 2170.832186628819
374.35258388519287, 2102.765515179422, 2170.64462050757
375.08163046836853, 2102.765515179422, 2170.64462050757
375.5872769355774, 2102.765515179422, 2170.64462050757
376.0709819793701, 2102.765515179422, 2170.64462050757
376.58859634399414, 2102.765515179422, 2170.64462050757
377.0842683315277, 2102.765515179422, 2170.64462050757
377.59191036224365, 2102.765515179422, 2170.64462050757
378.08459091186523, 2102.765515179422, 2170.64462050757
378.86350440979004, 2103.8450676463763, 2170.7727622371826
379.5945463180542, 2103.8450676463763, 2170.7727622371826
380.08722853660583, 2103.8450676463763, 2170.7727622371826
380.59486842155457, 2103.8450676463763, 2170.7727622371826
381.1104874610901, 2103.8450676463763, 2170.7727622371826
381.58920550346375, 2103.8450676463763, 2170.7727622371826
382.35415720939636, 2103.539638092405, 2170.930439062228
383.0951728820801, 2103.539638092405, 2170.930439062228
383.5898492336273, 2103.539638092405, 2170.930439062228
384.09549474716187, 2103.539638092405, 2170.930439062228
384.5851836204529, 2103.539638092405, 2170.930439062228
385.0798578262329, 2103.539638092405, 2170.930439062228
385.5795202255249, 2103.539638092405, 2170.930439062228
386.3564398288727, 2106.213046123956, 2170.698008774204
387.09745597839355, 2106.213046123956, 2170.698008774204
387.60808873176575, 2106.213046123956, 2170.698008774204
388.107750415802, 2106.213046123956, 2170.698008774204
388.59743905067444, 2106.213046123956, 2170.698008774204
389.38034319877625, 2104.299955754436, 2170.767541464593
390.4016098976135, 2106.028116793092, 2170.675228812669
391.3730080127716, 2105.5827893781297, 2170.6148257715367
392.3164813518524, 2108.047543927843, 2170.587008235927
393.106365442276, 2108.047543927843, 2170.587008235927
393.60602855682373, 2108.047543927843, 2170.587008235927
394.0887351036072, 2108.047543927843, 2170.587008235927
394.8307478427887, 2107.7538240889326, 2170.755032375647
395.078085899353, 2107.7538240889326, 2170.755032375647
395.58173847198486, 2107.7538240889326, 2170.755032375647
396.3277394771576, 2106.4414031372853, 2170.5966435050186
396.850341796875, 2106.2995579693184, 2170.695713527878
397.109646320343, 2106.2995579693184, 2170.695713527878
397.8247323036194, 2108.706339560559, 2170.73493931026
398.0900204181671, 2108.706339560559, 2170.73493931026
398.583699464798, 2108.706339560559, 2170.73493931026
399.388543844223, 2108.057346603006, 2170.671527943222
400.0856771469116, 2108.057346603006, 2170.671527943222
400.88553738594055, 2109.865689503933, 2170.6250187329283
401.5966308116913, 2109.865689503933, 2170.6250187329283
402.10527062416077, 2109.865689503933, 2170.6250187329283
402.60293769836426, 2109.865689503933, 2170.6250187329283
403.10559010505676, 2109.865689503933, 2170.6250187329283
403.863561630249, 2110.672254876682, 2170.7095450035004
404.8708634376526, 2112.1778882056897, 2170.5646407540826
405.84026741981506, 2110.5979874115405, 2170.637806150748
406.130490064621, 2110.5979874115405, 2170.637806150748
406.6042232513428, 2110.5979874115405, 2170.637806150748
407.3522207736969, 2110.108366435646, 2170.8293278738306
408.08226442337036, 2110.108366435646, 2170.8293278738306
408.8821220397949, 2109.6986061280536, 2170.387403135983
409.6021955013275, 2109.6986061280536, 2170.387403135983
410.3681445121765, 2110.5754484408258, 2170.834359505386
411.09818959236145, 2110.5754484408258, 2170.834359505386
411.59086894989014, 2110.5754484408258, 2170.834359505386
412.0945212841034, 2110.5754484408258, 2170.834359505386
412.86246490478516, 2110.2009837160535, 2170.7757061105676
413.85979413986206, 2110.9145003128056, 2170.3695410203536
414.5848534107208, 2110.9145003128056, 2170.3695410203536
415.0805253982544, 2110.9145003128056, 2170.3695410203536
415.8394920825958, 2111.5542050109307, 2170.5901764592218
416.10976910591125, 2111.5542050109307, 2170.5901764592218
416.58150577545166, 2111.5542050109307, 2170.5901764592218
417.33548760414124, 2115.118117276943, 2170.612334895661
418.0894684791565, 2115.118117276943, 2170.612334895661
418.5871353149414, 2115.118117276943, 2170.612334895661
419.08280897140503, 2115.118117276943, 2170.612334895661
419.5804748535156, 2115.118117276943, 2170.612334895661
420.0891137123108, 2115.118117276943, 2170.612334895661
420.92587304115295, 2032.3930183604048, 2074.4271850654395
421.6419563293457, 2032.3930183604048, 2074.4271850654395
422.1456072330475, 2032.3930183604048, 2074.4271850654395
422.6362931728363, 2032.3930183604048, 2074.4271850654395
423.1259820461273, 2032.3930183604048, 2074.4271850654395
433.4234082698822, 1096.4893256279593, 690.6366098073117
434.174396276474, 1096.4893256279593, 690.6366098073117
434.6700699329376, 1096.4893256279593, 690.6366098073117
435.43901085853577, 18186.36075509469, 995.4443728048745
436.1241753101349, 18186.36075509469, 995.4443728048745
436.63081884384155, 18186.36075509469, 995.4443728048745
437.1294844150543, 18186.36075509469, 995.4443728048745
437.98918199539185, 2154.2134939400194, 559.6840930289505
438.6623797416687, 2154.2134939400194, 559.6840930289505
439.1550624370575, 2154.2134939400194, 559.6840930289505
439.66170382499695, 2154.2134939400194, 559.6840930289505
440.16136479377747, 2154.2134939400194, 559.6840930289505
440.67598724365234, 2154.2134939400194, 559.6840930289505
441.4080271720886, 2439.8173719263423, 1152.91296707555
442.14006638526917, 2439.8173719263423, 1152.91296707555
442.91100311279297, 2544.7649604780095, 885.8266964933104
443.6500241756439, 2544.7649604780095, 885.8266964933104
444.39103960990906, -117.9061817318818, 416.70326552933324
445.1529998779297, -117.9061817318818, 416.70326552933324
445.6546564102173, -117.9061817318818, 416.70326552933324
446.7048456668854, 3960.77438687276, 573.0651190050069
447.4099555015564, 3960.77438687276, 573.0651190050069
448.42523741722107, 3960.77438687276, 573.0651190050069
449.42855048179626, 3960.77438687276, 573.0651190050069
450.4887111186981, 2545.276349947764, 921.7097804540497
451.24269223213196, 2545.276349947764, 921.7097804540497
451.73936319351196, 2545.276349947764, 921.7097804540497
452.4474675655365, 2080.415010210709, 1333.6806242344776
453.1685347557068, 2080.415010210709, 1333.6806242344776
453.6741816997528, 2080.415010210709, 1333.6806242344776
454.50595450401306, 467.1139513279446, 299.5909934089888
455.1911211013794, 467.1139513279446, 299.5909934089888
455.71072816848755, 467.1139513279446, 299.5909934089888
456.1964273452759, 467.1139513279446, 299.5909934089888
456.69908142089844, 467.1139513279446, 299.5909934089888
457.20572447776794, 467.1139513279446, 299.5909934089888
457.7013988494873, 467.1139513279446, 299.5909934089888
458.4035179615021, 1829.234419984424, 1246.7042252094166
459.416805267334, 1023.1854770592083, 832.4415133543889
460.14984130859375, 1023.1854770592083, 832.4415133543889
460.67244243621826, 1023.1854770592083, 832.4415133543889
461.3645877838135, 1367.1725002248584, 1127.6445255885235
462.15048384666443, 1367.1725002248584, 1127.6445255885235
462.6601207256317, 1367.1725002248584, 1127.6445255885235
463.1488106250763, 1367.1725002248584, 1127.6445255885235
463.91675639152527, 162.25257249778772, 1268.6417532668027
467.34557342529297, 2476.607609780231, 1229.4050988060678
468.463579416275, -7423.988506596621, 2075.2289308279137
469.205593585968, -7423.988506596621, 2075.2289308279137
469.9645628929138, 2888.776955120018, 1170.3754589731686
470.9090316295624, 2318.577981922805, 1099.6299695778648
471.6251132488251, 2318.577981922805, 1099.6299695778648
472.4648642539978, 1977.785935301877, 568.5768557876668
473.2358012199402, 1977.785935301877, 568.5768557876668
473.73646211624146, 1977.785935301877, 568.5768557876668
474.5283405780792, 1945.8260544015764, 1912.2313774692723
475.212509393692, 1945.8260544015764, 1912.2313774692723
475.7799880504608, 1945.8260544015764, 1912.2313774692723
476.2846384048462, 1945.8260544015764, 1912.2313774692723
476.88203740119934, 2998.0388862320924, 1218.856776645395
477.6479856967926, 2998.0388862320924, 1218.856776645395
478.12271523475647, 2998.0388862320924, 1218.856776645395
479.98572611808777, 459.6006425745837, 1189.5409664005444
480.8783357143402, 3038.7152438717567, 1968.8892151661732
481.9404921531677, 3038.7152438717567, 1968.8892151661732
482.67951226234436, 3038.7152438717567, 1968.8892151661732
483.273921251297, 3038.7152438717567, 1968.8892151661732
483.9401378631592, 2269.5727017964455, 158.47009770717762
484.97736072540283, 1972.6674178677335, 667.6765166532972
485.7213680744171, 1972.6674178677335, 667.6765166532972
486.2240221500397, 1972.6674178677335, 667.6765166532972
486.6548681259155, 1972.6674178677335, 667.6765166532972
487.52852845191956, 1587.6161615416129, 13.60424155647589
488.2735342979431, 1587.6161615416129, 13.60424155647589
488.7981286048889, 1587.6161615416129, 13.60424155647589
489.4114866256714, 2003.085162975796, 795.4706028096596
490.6362073421478, 2387.510689841988, 301.799372061836
491.5587363243103, 3265.096301999959, 447.23381732772305
492.2439022064209, 3265.096301999959, 447.23381732772305
492.95799112319946, 1611.5564456292138, 395.1174617218108
493.69102692604065, 1611.5564456292138, 395.1174617218108
494.1896917819977, 1611.5564456292138, 395.1174617218108
494.68536615371704, 1611.5564456292138, 395.1174617218108
495.510155916214, 3366.154132732572, 345.75068149912863
496.4127399921417, 3301.0828201997906, -8126.760111841893
497.3881275653839, 2703.109401027227, 714.3389052954144
498.18898272514343, 2703.109401027227, 714.3389052954144
498.64675664901733, 2703.109401027227, 714.3389052954144
499.45659136772156, 4012.1879555279115, 920.5378052103895
500.2295186519623, 4012.1879555279115, 920.5378052103895
500.9406147003174, 2392.657097000406, 617.5871782200666
501.6955945491791, 2392.657097000406, 617.5871782200666
502.1723163127899, 2392.657097000406, 617.5871782200666
502.7148644924164, 2392.657097000406, 617.5871782200666
503.52170300483704, 2101.3380957432573, 1542.3292890627115
504.1619884967804, 2101.3380957432573, 1542.3292890627115
504.98079657554626, 2750.8187914648206, 264.5395432037773
505.66895508766174, 2750.8187914648206, 264.5395432037773
506.1576442718506, 2750.8187914648206, 264.5395432037773
506.92459177970886, 2921.040347454567, 37369.14599493068
507.6456604003906, 2921.040347454567, 37369.14599493068
508.16327452659607, 2921.040347454567, 37369.14599493068
508.6429898738861, 2921.040347454567, 37369.14599493068
509.45681071281433, 2183.450643935958, 900.9761490719707
510.1768820285797, 2183.450643935958, 900.9761490719707
510.6635789871216, 2183.450643935958, 900.9761490719707
511.4654326438904, 2295.7170917789726, 360.2153504095173
512.1256639957428, 2295.7170917789726, 360.2153504095173
512.6323084831238, 2295.7170917789726, 360.2153504095173
513.4311683177948, 3122.0037626019116, 457.6763722904742
514.1362812519073, 3122.0037626019116, 457.6763722904742
514.8942523002625, 3769.9623558292674, 733.1359313080866
517.9351079463959, 2422.72339761632, 515.8226831972951
518.6860973834991, 2422.72339761632, 515.8226831972951
519.3932044506073, 2434.7829206163797, 405.86649235728663
520.1312272548676, 2434.7829206163797, 405.86649235728663
520.6448519229889, 2434.7829206163797, 405.86649235728663
521.1385297775269, 2434.7829206163797, 405.86649235728663
521.9264204502106, 2565.7890753396277, 748.6727489617159
522.6225566864014, 2565.7890753396277, 748.6727489617159
523.1202237606049, 2565.7890753396277, 748.6727489617159
523.9290580749512, 2994.9894957530128, 671.2707529768151
524.6231994628906, 2994.9894957530128, 671.2707529768151
525.1218655109406, 2994.9894957530128, 671.2707529768151
525.646458864212, 2994.9894957530128, 671.2707529768151
526.1371445655823, 2994.9894957530128, 671.2707529768151
526.6388022899628, 2994.9894957530128, 671.2707529768151
527.3987669944763, 3212.750558432188, 933.2413119614158
528.219569683075, 3212.750558432188, 933.2413119614158
528.7272112369537, 3212.750558432188, 933.2413119614158
529.1760075092316, 3212.750558432188, 933.2413119614158
529.8801221847534, 2676.306339376082, 524.9681783393484
530.8814423084259, 2698.180856962225, 559.0893124512621
531.8787710666656, 3383.55376749902, 498.78958561585364
532.8431885242462, -5602.123490137389, 590.353175731986
533.1274266242981, -5602.123490137389, 590.353175731986
533.9422454833984, 3124.0241071880555, 815.6250347638504
534.8717567920685, 3109.3158350117033, 842.9484948312248
535.9787929058075, 2945.081022031988, 424.8317548718318
536.8933429718018, 2944.473032940208, 793.8284547900864
537.6074311733246, 2944.473032940208, 793.8284547900864
538.1230506896973, 2944.473032940208, 793.8284547900864
539.8963024616241, 2389.612956155071, 225.58690280100487
540.8976221084595, 6465.189626840367, 631.7084900866503
541.9418241977692, 2589.3220398549297, 889.1701573633939
542.8753252029419, 2886.1764922341454, 872.5671521266513
543.9484505653381, 2987.9589850557395, 631.3489114607706
544.6755042076111, 2987.9589850557395, 631.3489114607706
545.1631982326508, 2987.9589850557395, 631.3489114607706
545.9630563259125, 2865.3139737239685, 126.69082005431389
546.955399274826, 3353.1074454106724, 61.63555971813494
547.9317855834961, 3124.792657389162, 415.5256453746602
548.6209387779236, 3124.792657389162, 415.5256453746602
549.4576985836029, 2542.7330702557338, 339.2908360949307
550.1727843284607, 2542.7330702557338, 339.2908360949307
550.6674599647522, 2542.7330702557338, 339.2908360949307
551.1621358394623, 2542.7330702557338, 339.2908360949307
551.6588041782379, 2542.7330702557338, 339.2908360949307
552.1614587306976, 2542.7330702557338, 339.2908360949307
552.6770780086517, 2542.7330702557338, 339.2908360949307
553.1707572937012, 2542.7330702557338, 339.2908360949307
554.4114351272583, 2285.1892552159197, 280.4743201473584
555.139484167099, 2285.1892552159197, 280.4743201473584
555.9572949409485, 2433.6912857233665, 493.5001716227159
556.6155323982239, 2433.6912857233665, 493.5001716227159
557.1321487426758, 2433.6912857233665, 493.5001716227159
557.6377954483032, 2433.6912857233665, 493.5001716227159
558.4605913162231, 2876.804372902785, 554.8734390897426
559.1876447200775, 2876.804372902785, 554.8734390897426
559.6643679141998, 2876.804372902785, 554.8734390897426
560.1899607181549, 2876.804372902785, 554.8734390897426
560.6836385726929, 2876.804372902785, 554.8734390897426
561.1693384647369, 2876.804372902785, 554.8734390897426
561.6510484218597, 2876.804372902785, 554.8734390897426
562.1566944122314, 2876.804372902785, 554.8734390897426
562.6703193187714, 2876.804372902785, 554.8734390897426
563.1809511184692, 2876.804372902785, 554.8734390897426
563.8980333805084, 2741.5219547066977, 373.49427455401053
564.6151120662689, 2741.5219547066977, 373.49427455401053
567.3936715126038, 2813.0813781814777, 721.887970645406
568.4498431682587, 2600.446486206652, 173.66065780076954
569.1599414348602, 2600.446486206652, 173.66065780076954
569.6416523456573, 2600.446486206652, 173.66065780076954
570.1592655181885, 2600.446486206652, 173.66065780076954
570.6559362411499, 2600.446486206652, 173.66065780076954
571.155599117279, 2600.446486206652, 173.66065780076954
571.8527321815491, 3078.941098172782, 817.3981727745089
572.6276557445526, 3078.941098172782, 817.3981727745089
573.1073708534241, 3078.941098172782, 817.3981727745089
573.6040415763855, 3078.941098172782, 817.3981727745089
574.4278361797333, 3747.8026400118956, 368.2215582157021
575.4072148799896, 37146.697482214455, 511.1561398552702
576.1432428359985, 37146.697482214455, 511.1561398552702
576.6578636169434, 37146.697482214455, 511.1561398552702
577.1605186462402, 37146.697482214455, 511.1561398552702
577.8985421657562, 2164.333483039879, 63.49999065820616
578.6664855480194, 2164.333483039879, 63.49999065820616
579.1471996307373, 2164.333483039879, 63.49999065820616
579.6558377742767, 2164.333483039879, 63.49999065820616
580.5663979053497, 953.0632576329698, 733.3447679928165
581.2715096473694, 953.0632576329698, 733.3447679928165
581.7641913890839, 953.0632576329698, 733.3447679928165
582.2429091930389, 953.0632576329698, 733.3447679928165
583.1016099452972, 3766.9523589405076, 104.65397033838053
583.7997407913208, 3766.9523589405076, 104.65397033838053
584.3153595924377, 3766.9523589405076, 104.65397033838053
585.1052443981171, 2638.1558286715695, 123.99337880286144
585.8213272094727, 2638.1558286715695, 123.99337880286144
586.9114079475403, 609.5072709477424, 692.4969786029317
587.6544194221497, 609.5072709477424, 692.4969786029317
588.9489517211914, 3357.373896483278, 897.8087427171921
589.6490769386292, 3357.373896483278, 897.8087427171921
590.3791227340698, 1134.0600560195749, 566.4353879683662
591.3744568824768, 3565.1786294061103, 472.17853576460203
592.1244487762451, 3565.1786294061103, 472.17853576460203
592.6530342102051, 3565.1786294061103, 472.17853576460203
593.1337463855743, 3565.1786294061103, 472.17853576460203
593.6443798542023, 3565.1786294061103, 472.17853576460203
594.1350655555725, 3565.1786294061103, 472.17853576460203
594.9409067630768, 2228.8971277182345, 632.460571418214
595.6669635772705, 2228.8971277182345, 632.460571418214
596.1277289390564, 2228.8971277182345, 632.460571418214
596.9485311508179, 1236.19287212113, 596.119973950161
597.6496546268463, 1236.19287212113, 596.119973950161
598.1383452415466, 1236.19287212113, 596.119973950161
600.3953032493591, 1960.07313746502, 799.7914448370211
601.3657031059265, 2437.6337355138, 579.2510812419139
602.3879656791687, 2804.2425330623987, 299.5918140579365
603.3643510341644, 2893.611355231597, 417.33571012798825
604.1482517719269, 2893.611355231597, 417.33571012798825
604.6459197998047, 2893.611355231597, 417.33571012798825
605.1395978927612, 2893.611355231597, 417.33571012798825
605.6422529220581, 2893.611355231597, 417.33571012798825
606.1209704875946, 2893.611355231597, 417.33571012798825
606.9088604450226, 2192.7790608732053, 487.20350777137276
607.6987442970276, 2192.7790608732053, 487.20350777137276
608.1595106124878, 2192.7790608732053, 487.20350777137276
608.962361574173, 2806.362381677312, 8.24858804768122
609.9158079624176, 3512.6433746448533, 616.2427539713087
610.6428616046906, 3512.6433746448533, 616.2427539713087
611.1435208320618, 3512.6433746448533, 616.2427539713087
611.6511616706848, 3512.6433746448533, 616.2427539713087
612.1418480873108, 3512.6433746448533, 616.2427539713087
612.9516794681549, 3127.876877886185, 804.4894656063698
613.6388399600983, 3127.876877886185, 804.4894656063698
614.1365070343018, 3127.876877886185, 804.4894656063698
614.6341743469238, 3127.876877886185, 804.4894656063698
615.460960149765, 3470.336005854567, 641.210072247985
616.1690647602081, 3470.336005854567, 641.210072247985
616.6717178821564, 3470.336005854567, 641.210072247985
617.3927872180939, 3741.509456395356, 969.5722763385486
618.1228325366974, 3741.509456395356, 969.5722763385486
618.9306688308716, 1752.544936049854, 349.71430746631415
619.6347835063934, 1752.544936049854, 349.71430746631415
620.1314537525177, 1752.544936049854, 349.71430746631415
620.9053819179535, 1629.2627865542079, 1097.9213462791297
621.6743216514587, 1629.2627865542079, 1097.9213462791297
622.1680002212524, 1629.2627865542079, 1097.9213462791297
622.6886069774628, 1629.2627865542079, 1097.9213462791297
623.4346089363098, 2850.9235008318237, -7.844260600486458
624.3920450210571, 3358.0411060961947, 600.7942738534458
625.440238237381, 1311.8427696682563, 1217.7589210300723
626.1493399143219, 1311.8427696682563, 1217.7589210300723
629.4155926704407, 3351.0798998710006, 746.6601457687843
630.1955051422119, 3351.0798998710006, 746.6601457687843
630.6283452510834, 3351.0798998710006, 746.6601457687843
631.4501452445984, 2801.8062770207293, 522.4461549002458
632.2310540676117, 2801.8062770207293, 522.4461549002458
632.7317128181458, 2801.8062770207293, 522.4461549002458
633.2423460483551, 2801.8062770207293, 522.4461549002458
633.6981265544891, 2801.8062770207293, 522.4461549002458
634.2346889972687, 2801.8062770207293, 522.4461549002458
634.7014391422272, 2801.8062770207293, 522.4461549002458
635.2240407466888, 2801.8062770207293, 522.4461549002458
635.6528916358948, 2801.8062770207293, 522.4461549002458
636.2303450107574, 2801.8062770207293, 522.4461549002458
636.7449667453766, 2801.8062770207293, 522.4461549002458
637.2326610088348, 2801.8062770207293, 522.4461549002458
637.7403016090393, 2801.8062770207293, 522.4461549002458
638.4194841384888, 3369.7722688865524, 50.63036703310801
639.1465368270874, 3369.7722688865524, 50.63036703310801
639.6452014446259, 3369.7722688865524, 50.63036703310801
640.1309013366699, 3369.7722688865524, 50.63036703310801
640.9158000946045, -1301.024932082259, 428.8438425389565
641.590991973877, -1301.024932082259, 428.8438425389565
642.3768863677979, 2491.6137439512054, 359.7759495737519
643.4161050319672, 2907.911165710965, 842.2696021132112
647.412403345108, -53959.86922952316, 1152.2345561982584
648.3937752246857, -45895.22682182039, 939.5269241775685
649.1238198280334, -45895.22682182039, 939.5269241775685
649.9166965484619, 2598.4760390115293, 882.4291897374138
650.9559144973755, 2662.995751931173, 905.5402835244365
651.6650168895721, 2662.995751931173, 905.5402835244365
652.4239828586578, 2039.6052898770608, 440.70951482217185
653.1360757350922, 2039.6052898770608, 440.70951482217185
653.659674167633, 2039.6052898770608, 440.70951482217185
1631.9293620586395, 2477.9888702701874, 2212.2302171883516
1632.2086148262024, 2477.9888702701874, 2212.2302171883516
1632.6683824062347, 2477.9888702701874, 2212.2302171883516
1633.1760244369507, 2477.9888702701874, 2212.2302171883516
1633.9918384552002, 2475.571063864827, 2212.204133058676
1634.676007270813, 2475.571063864827, 2212.204133058676
1635.1756687164307, 2475.571063864827, 2212.204133058676
1635.6593732833862, 2475.571063864827, 2212.204133058676
1636.4562397003174, 2477.807107116973, 2212.1293141044766
1637.40669465065, 2477.2396414049836, 2212.2711270254804
1637.9891362190247, 2475.7674327183536, 2212.190427567672
1638.6623330116272, 2475.7674327183536, 2212.190427567672
1639.409333705902, 2477.363125502597, 2211.9845362286287
1639.654676437378, 2477.363125502597, 2211.9845362286287
1640.1563341617584, 2477.363125502597, 2211.9845362286287
1640.6549966335297, 2477.363125502597, 2211.9845362286287
1641.397010087967, 2477.5079428032714, 2211.9972667771535
1641.6403589248657, 2477.5079428032714, 2211.9972667771535
1642.1559777259827, 2477.5079428032714, 2211.9972667771535
1642.6745891571045, 2477.5079428032714, 2211.9972667771535
1643.17325425148, 2477.5079428032714, 2211.9972667771535
1643.6649367809296, 2477.5079428032714, 2211.9972667771535
1644.4707789421082, 2478.876216950107, 2212.27006947633
1645.4192402362823, 2478.708370041441, 2212.2103515819904
1645.6875216960907, 2478.708370041441, 2212.2103515819904
1646.423551082611, 2478.16646445341, 2212.0237756802026
1646.955126285553, 2477.7656523715814, 2212.080284503305
1647.6552519798279, 2477.7656523715814, 2212.080284503305
1648.4212017059326, 2478.895900011289, 2211.9998245205466
1649.1761786937714, 2478.895900011289, 2211.9998245205466
1649.9022362232208, 2482.199448863464, 2211.9559485652712
1650.435806274414, 2479.4003600480173, 2212.1697917889555
1651.1558785438538, 2479.4003600480173, 2212.1697917889555
1651.660527229309, 2479.4003600480173, 2212.1697917889555
1652.395559310913, 2477.489206575615, 2212.0676546041764
1652.9171619415283, 2479.6898169248557, 2211.974834020812
1653.401864528656, 2477.8527524836313, 2212.1873447395537
1653.6511981487274, 2477.8527524836313, 2212.1873447395537
1654.149861574173, 2477.8527524836313, 2212.1873447395537
1654.657502412796, 2477.8527524836313, 2212.1873447395537
1655.3566296100616, 2480.649500121688, 2211.7387783009035
1655.9141383171082, 2479.3078296199096, 2211.9077112302084
1656.157485961914, 2479.3078296199096, 2211.9077112302084
1656.9413859844208, 2479.08212892655, 2212.0591384976015
1657.6694366931915, 2479.08212892655, 2212.0591384976015
1658.4653058052063, 2478.373296821301, 2211.917942608277
1659.16144156456, 2478.373296821301, 2211.917942608277
1659.9243986606598, 2479.053566777244, 2211.96067554696
1660.4789142608643, 2477.8899667445903, 2211.8997445131486
1661.159091949463, 2477.8899667445903, 2211.8997445131486
1661.9110794067383, 2478.465692472747, 2211.7498109394824
1662.149441242218, 2478.465692472747, 2211.7498109394824
1662.6690487861633, 2478.465692472747, 2211.7498109394824
1663.161729335785, 2478.465692472747, 2211.7498109394824
1663.6544108390808, 2478.465692472747, 2211.7498109394824
1664.4482858181, 2477.744881562173, 2212.0942902383676
1665.1703522205353, 2477.744881562173, 2212.0942902383676
1665.6720077991486, 2477.744881562173, 2212.0942902383676
1666.442943572998, 2478.196242383841, 2211.9036787407526
1667.1769783496857, 2478.196242383841, 2211.9036787407526
1667.6826252937317, 2478.196242383841, 2211.9036787407526
1668.4405941963196, 2481.067229205436, 2211.7989576600644
1669.1676483154297, 2481.067229205436, 2211.7989576600644
1669.9385831356049, 2478.857564451924, 2211.7715549383943
1670.929928779602, 2478.7302202828473, 2211.8586683277194
1671.1772675514221, 2478.7302202828473, 2211.8586683277194
1671.6789238452911, 2478.7302202828473, 2211.8586683277194
1672.164622783661, 2478.7302202828473, 2211.8586683277194
1672.6872246265411, 2478.7302202828473, 2211.8586683277194
1673.4292373657227, 2480.6098485070693, 2211.872306225378
1673.6855492591858, 2480.6098485070693, 2211.872306225378
1674.1682579517365, 2480.6098485070693, 2211.872306225378
1674.6579461097717, 2480.6098485070693, 2211.872306225378
1675.1745626926422, 2480.6098485070693, 2211.872306225378
1675.6722302436829, 2480.6098485070693, 2211.872306225378
1676.1689014434814, 2480.6098485070693, 2211.872306225378
1676.671553850174, 2480.6098485070693, 2211.872306225378
1677.1772012710571, 2480.6098485070693, 2211.872306225378
1677.663897037506, 2480.6098485070693, 2211.872306225378
1678.1645572185516, 2480.6098485070693, 2211.872306225378
1678.9564352035522, 3150.286222845113, 2208.62148808442
1679.6565608978271, 3150.286222845113, 2208.62148808442
1680.1562235355377, 3150.286222845113, 2208.62148808442
1680.6518955230713, 3150.286222845113, 2208.62148808442
1681.1705076694489, 3150.286222845113, 2208.62148808442
1681.6552090644836, 3150.286222845113, 2208.62148808442
1682.1608555316925, 3150.286222845113, 2208.62148808442
1683.0095834732056, 3121.7981131756546, 533.9779950235119
1683.9540541172028, 3277.381649579479, 2220.467551922255
1684.9124875068665, 2938.518541244413, 2222.2229039042127
1685.1777789592743, 2938.518541244413, 2222.2229039042127
1685.68940782547, 2938.518541244413, 2222.2229039042127
1686.1910636425018, 2938.518541244413, 2222.2229039042127
1686.9390623569489, 2659.496979350536, 2222.2465997101117
1687.673094511032, 2659.496979350536, 2222.2465997101117
1688.4530074596405, 2684.1210320947716, 2223.1286410389034
1689.172081232071, 2684.1210320947716, 2223.1286410389034
1689.6557857990265, 2684.1210320947716, 2223.1286410389034
1690.1604356765747, 2684.1210320947716, 2223.1286410389034
1690.9323692321777, 3358.3058569677355, 2219.8140348487345
1691.6464548110962, 3358.3058569677355, 2219.8140348487345
1692.161076784134, 3358.3058569677355, 2219.8140348487345
1692.6557528972626, 3358.3058569677355, 2219.8140348487345
1693.4516220092773, 3738.1714670555625, 2221.8579001975645
1694.1437697410583, 3738.1714670555625, 2221.8579001975645
1694.655398607254, 3738.1714670555625, 2221.8579001975645
1695.1720147132874, 3738.1714670555625, 2221.8579001975645
1695.6597084999084, 3738.1714670555625, 2221.8579001975645
1696.1753284931183, 3738.1714670555625, 2221.8579001975645
1696.6370918750763, 3738.1714670555625, 2221.8579001975645
1697.1557030677795, 3738.1714670555625, 2221.8579001975645
1697.67231965065, 3738.1714670555625, 2221.8579001975645
1698.1530323028564, 3738.1714670555625, 2221.8579001975645
1698.6457138061523, 3738.1714670555625, 2221.8579001975645
1699.1593384742737, 3738.1714670555625, 2221.8579001975645
1699.6889207363129, 3738.1714670555625, 2221.8579001975645
1700.1606571674347, 3738.1714670555625, 2221.8579001975645
1700.673284292221, 3738.1714670555625, 2221.8579001975645
1701.1649684906006, 3738.1714670555625, 2221.8579001975645
1701.675600528717, 3738.1714670555625, 2221.8579001975645
1702.175264120102, 3738.1714670555625, 2221.8579001975645
1702.9671430587769, 447.1477715338453, 2248.3881819119288
1703.6712577342987, 447.1477715338453, 2248.3881819119288
1704.5289595127106, 1479.2653572825525, 356.8224737108853
1705.506341934204, 3134.6932196032817, 503.7018503198589
1706.2094595432281, 3134.6932196032817, 503.7018503198589
1706.6981511116028, 3134.6932196032817, 503.7018503198589
1707.3673589229584, 803.4172915240358, 2257.2605253226675
1707.6506021022797, 803.4172915240358, 2257.2605253226675
1708.1602354049683, 803.4172915240358, 2257.2605253226675
1708.6539149284363, 803.4172915240358, 2257.2605253226675
1709.1615543365479, 803.4172915240358, 2257.2605253226675
1709.9294979572296, 1076.4237524735088, 2260.75167658853
1710.1778342723846, 1076.4237524735088, 2260.75167658853
1710.6675226688385, 1076.4237524735088, 2260.75167658853
1711.4514236450195, 1090.5700113837952, 2261.039242101527
1712.159527540207, 1090.5700113837952, 2261.039242101527
1712.6601867675781, 1090.5700113837952, 2261.039242101527
1713.4191541671753, 1078.210460175883, 2256.636564074242
1713.9457433223724, 1104.3825216922612, 2259.1040421071157
1714.6518528461456, 1104.3825216922612, 2259.1040421071157
1715.1355590820312, 1104.3825216922612, 2259.1040421071157
1715.9374115467072, 1101.9490623178726, 2254.828352188729
1716.657482624054, 1101.9490623178726, 2254.828352188729
1717.1631293296814, 1101.9490623178726, 2254.828352188729
1717.662790775299, 1101.9490623178726, 2254.828352188729
1718.1604583263397, 1101.9490623178726, 2254.828352188729
1718.661117553711, 1101.9490623178726, 2254.828352188729
1719.1537976264954, 1101.9490623178726, 2254.828352188729
1719.6644308567047, 1101.9490623178726, 2254.828352188729
1720.1620981693268, 1101.9490623178726, 2254.828352188729
1720.6687414646149, 1101.9490623178726, 2254.828352188729
1721.136489868164, 1101.9490623178726, 2254.828352188729
1721.9463205337524, 1045.3861179475443, 2255.4265131223833
1722.9446485042572, 1044.4469383292035, 2253.88376223378
1723.6687092781067, 1044.4469383292035, 2253.88376223378
1724.1683702468872, 1044.4469383292035, 2253.88376223378
1724.9333231449127, 1445.9881284102455, 2255.558282851126
1725.4858434200287, 1445.158073048863, 2257.5974944678887
1726.1640260219574, 1445.158073048863, 2257.5974944678887
1726.672664642334, 1445.158073048863, 2257.5974944678887
1727.1444022655487, 1445.158073048863, 2257.5974944678887
1727.9382767677307, 2105.220364834946, 2192.4577630776325
1728.9226400852203, 2131.553919219024, 2195.10509974889
1729.1689810752869, 2131.553919219024, 2195.10509974889
1729.9518840312958, 2110.7235976729944, 2190.968682728514
1730.6569974422455, 2110.7235976729944, 2190.968682728514
1731.142695903778, 2110.7235976729944, 2190.968682728514
1731.895679950714, 2094.9278660956597, 2194.545909592178
1732.1619658470154, 2094.9278660956597, 2194.545909592178
1732.6616275310516, 2094.9278660956597, 2194.545909592178
1733.1622898578644, 2094.9278660956597, 2194.545909592178
1733.6589577198029, 2094.9278660956597, 2194.545909592178
1734.1656002998352, 2094.9278660956597, 2194.545909592178
1734.6612730026245, 2094.9278660956597, 2194.545909592178
1735.4292171001434, 2203.120450094519, 2180.8830935292794
1736.1712296009064, 2203.120450094519, 2180.8830935292794
1736.6489515304565, 2203.120450094519, 2180.8830935292794
1737.1685600280762, 2203.120450094519, 2180.8830935292794
1737.9384973049164, 2386.362191891541, 2154.184244713737
1738.6635558605194, 2386.362191891541, 2154.184244713737
1739.1751906871796, 2386.362191891541, 2154.184244713737
1739.9590866565704, 2184.6273104320217, 2193.788134680775
1740.6562201976776, 2184.6273104320217, 2193.788134680775
1741.183807849884, 2184.6273104320217, 2193.788134680775
1741.9796767234802, 1738.9228904572099, 2201.7284971661097
1742.6927721500397, 1738.9228904572099, 2201.7284971661097
1743.17746925354, 1738.9228904572099, 2201.7284971661097
1743.6581826210022, 1738.9228904572099, 2201.7284971661097
1744.1728043556213, 1738.9228904572099, 2201.7284971661097
1744.6724655628204, 1738.9228904572099, 2201.7284971661097
1745.1701333522797, 1738.9228904572099, 2201.7284971661097
1745.6628136634827, 1738.9228904572099, 2201.7284971661097
1746.452698469162, 1701.7198837472383, 2247.939053258834
1747.1608023643494, 1701.7198837472383, 2247.939053258834
1747.9337351322174, 1701.5501007673204, 2247.80244491277
1748.4752836227417, 1700.4938525887028, 2248.0865229414985
1749.1634402275085, 1700.4938525887028, 2248.0865229414985
1749.6501379013062, 1700.4938525887028, 2248.0865229414985
1750.4230678081512, 1638.5789997042073, 2248.8899070804687
1751.1581001281738, 1638.5789997042073, 2248.8899070804687
1751.9449925422668, 1637.9390328912589, 2249.681994844434
1752.6640665531158, 1637.9390328912589, 2249.681994844434
1753.4210398197174, 1261.7830150608886, 2249.4067410840503
1753.990514755249, 1222.875679072398, 2252.290825679466
1754.6577281951904, 1222.875679072398, 2252.290825679466
1755.1474165916443, 1222.875679072398, 2252.290825679466
1755.9323165416718, 1266.77796163234, 2250.8811133378485
1756.671335697174, 1266.77796163234, 2250.8811133378485
1757.1709983348846, 1266.77796163234, 2250.8811133378485
1757.657695055008, 1266.77796163234, 2250.8811133378485
1758.1533682346344, 1266.77796163234, 2250.8811133378485
1758.667989730835, 1266.77796163234, 2250.8811133378485
1759.192584514618, 1266.77796163234, 2250.8811133378485
1759.6443755626678, 1266.77796163234, 2250.8811133378485
1760.4452302455902, 1254.943820328642, 2247.329030528132
1761.1563262939453, 1254.943820328642, 2247.329030528132
1761.6599774360657, 1254.943820328642, 2247.329030528132
1762.1416885852814, 1254.943820328642, 2247.329030528132
1762.6642887592316, 1254.943820328642, 2247.329030528132
1763.155972957611, 1254.943820328642, 2247.329030528132
1763.6686000823975, 1254.943820328642, 2247.329030528132
1764.4385387897491, 1287.6218120021067, 2246.2059995589893
1765.1635959148407, 1287.6218120021067, 2246.2059995589893
1765.9564735889435, 980.7436996262428, 2240.7249106130444
1766.664577960968, 980.7436996262428, 2240.7249106130444
1767.1762070655823, 980.7436996262428, 2240.7249106130444
1767.6419594287872, 980.7436996262428, 2240.7249106130444
1768.1575803756714, 980.7436996262428, 2240.7249106130444
1768.9574377536774, 1257.166549415671, 2238.7522909128816
1769.6755151748657, 1257.166549415671, 2238.7522909128816
1770.1741797924042, 1257.166549415671, 2238.7522909128816
1770.9321496486664, 1439.7522545314343, 2242.8496446092227
1771.214393377304, 1439.7522545314343, 2242.8496446092227
1771.6841356754303, 1439.7522545314343, 2242.8496446092227
1772.1618568897247, 1439.7522545314343, 2242.8496446092227
1772.9756772518158, 2102.906839018808, 2181.1448727449715
1773.6638352870941, 2102.906839018808, 2181.1448727449715
1774.4577088356018, 2114.358989960232, 2181.557303236881
1775.1837649345398, 2114.358989960232, 2181.557303236881
1775.6535077095032, 2114.358989960232, 2181.557303236881
1776.4354145526886, 2208.2062568508977, 2167.1723666465195
1777.159475326538, 2208.2062568508977, 2167.1723666465195
1777.6661183834076, 2208.2062568508977, 2167.1723666465195
1778.1498231887817, 2208.2062568508977, 2167.1723666465195
1778.6833944320679, 2208.2062568508977, 2167.1723666465195
1779.1800639629364, 2208.2062568508977, 2167.1723666465195
1779.6707496643066, 2208.2062568508977, 2167.1723666465195
1780.4207417964935, 2433.4844454630243, 2169.3554291907412
1780.9523179531097, 2368.0264724973986, 2178.4275048222457
1781.6624171733856, 2368.0264724973986, 2178.4275048222457
1782.452303647995, 2277.5633600705924, 2194.098565823439
1783.1723732948303, 2277.5633600705924, 2194.098565823439
1783.657075881958, 2277.5633600705924, 2194.098565823439
1784.1607282161713, 2277.5633600705924, 2194.098565823439
1784.989508152008, 1827.8793126494502, 2251.0871621391275
1785.65971326828, 1827.8793126494502, 2251.0871621391275
1786.1673555374146, 1827.8793126494502, 2251.0871621391275
1786.9482624530792, 1523.9261125382834, 2251.170297812921
1787.672324180603, 1523.9261125382834, 2251.170297812921
1788.1660034656525, 1523.9261125382834, 2251.170297812921
1788.9708471298218, 1522.3860323769466, 2252.3489471503813
1789.9133224487305, 1522.665038156805, 2252.329681090658
1790.159663438797, 1522.665038156805, 2252.329681090658
1790.9256119728088, 1520.1526864849736, 2251.96416442148
1791.1779367923737, 1520.1526864849736, 2251.96416442148
1791.6606450080872, 1520.1526864849736, 2251.96416442148
1792.4216077327728, 1521.1872562668252, 2253.278431774026
1792.9481961727142, 1522.592100676183, 2253.1930120387087
1793.643334388733, 1522.592100676183, 2253.1930120387087
1794.3913323879242, 1505.852800780225, 2252.209455090972
1794.6316890716553, 1505.852800780225, 2252.209455090972
1795.4385282993317, 1397.7606346878988, 2252.4135989652964
1796.1595976352692, 1397.7606346878988, 2252.4135989652964
1796.9604542255402, 1350.1300224813695, 2252.0882232453687
1797.9208817481995, 1346.1046222105028, 2251.169925204082
1798.1742033958435, 1346.1046222105028, 2251.169925204082
1799.0039820671082, 1414.2563261062587, 2251.311225683199
1799.6821644306183, 1414.2563261062587, 2251.311225683199
1800.1558964252472, 1414.2563261062587, 2251.311225683199
1800.886939048767, 1977.4661822938028, 2256.0682508805107
1801.4434492588043, 1973.3306656343568, 2252.953653782284
1802.14457321167, 1973.3306656343568, 2252.953653782284
1802.648222208023, 1973.3306656343568, 2252.953653782284
1803.145890712738, 1973.3306656343568, 2252.953653782284
1803.6605122089386, 1973.3306656343568, 2252.953653782284
1804.1591758728027, 1973.3306656343568, 2252.953653782284
1804.645872592926, 1973.3306656343568, 2252.953653782284
1805.4048418998718, 2376.8320821680018, 2226.607928462047
1805.6691341400146, 2376.8320821680018, 2226.607928462047
1806.1558299064636, 2376.8320821680018, 2226.607928462047
1806.9666595458984, 2317.032530399439, 2236.54137982173
1807.6647901535034, 2317.032530399439, 2236.54137982173
1808.1764194965363, 2317.032530399439, 2236.54137982173
1808.6720921993256, 2317.032530399439, 2236.54137982173
1809.142832994461, 2317.032530399439, 2236.54137982173
1809.6714169979095, 2317.032530399439, 2236.54137982173
1810.1640980243683, 2317.032530399439, 2236.54137982173
1811.0078375339508, 2160.504956294242, 2256.1207942289984
1811.6640820503235, 2160.504956294242, 2256.1207942289984
1812.1826918125153, 2160.504956294242, 2256.1207942289984
1812.6663966178894, 2160.504956294242, 2256.1207942289984
1813.1640632152557, 2160.504956294242, 2256.1207942289984
1813.6736993789673, 2160.504956294242, 2256.1207942289984
1814.174358844757, 2160.504956294242, 2256.1207942289984
1814.665045261383, 2160.504956294242, 2256.1207942289984
1815.4898359775543, 2057.44726178589, 2258.8861855782006
1816.17200922966, 2057.44726178589, 2258.8861855782006
1816.6666858196259, 2057.44726178589, 2258.8861855782006
1817.4795079231262, 2062.938655364047, 2257.765347406612
1818.1746473312378, 2062.938655364047, 2257.765347406612
1818.6912631988525, 2062.938655364047, 2257.765347406612
1819.1749680042267, 2062.938655364047, 2257.765347406612
1819.669644832611, 2062.938655364047, 2257.765347406612
1820.1693062782288, 2062.938655364047, 2257.765347406612
1820.6599941253662, 2062.938655364047, 2257.765347406612
1821.4778020381927, 2054.6280025723213, 2257.8835622628926
1822.1789243221283, 2054.6280025723213, 2257.8835622628926
1822.6656212806702, 2054.6280025723213, 2257.8835622628926
1823.4535119533539, 2055.797994611728, 2257.0411224909835
1824.4269051551819, 2055.3726785088843, 2257.084496024374
1824.6772360801697, 2055.3726785088843, 2257.084496024374
1825.1778943538666, 2055.3726785088843, 2257.084496024374
1825.689523935318, 2055.3726785088843, 2257.084496024374
1826.1662485599518, 2055.3726785088843, 2257.084496024374
1826.6539423465729, 2055.3726785088843, 2257.084496024374
1827.1446280479431, 2055.3726785088843, 2257.084496024374
1827.6791956424713, 2055.3726785088843, 2257.084496024374
1828.1728744506836, 2055.3726785088843, 2257.084496024374
1828.6535866260529, 2055.3726785088843, 2257.084496024374
1829.4315044879913, 2060.1528218267317, 2254.042958101483
1830.4238505363464, 2063.092983622691, 2254.048167806294
1830.6901342868805, 2063.092983622691, 2254.048167806294
1831.153891801834, 2063.092983622691, 2254.048167806294
1831.6754953861237, 2063.092983622691, 2254.048167806294
1832.47136592865, 2060.6052223163997, 2254.6026694981015
1833.16450881958, 2060.6052223163997, 2254.6026694981015
1833.932451725006, 2059.1245398416145, 2253.122453668107
1834.1987390518188, 2059.1245398416145, 2253.122453668107
1834.9577062129974, 2065.3239977438084, 2252.8863820555703
1835.6658096313477, 2065.3239977438084, 2252.8863820555703
1836.454699754715, 2058.293090918731, 2253.8397299010626
1837.4470403194427, 2062.242912200659, 2256.1616201415204
1838.1840665340424, 2062.242912200659, 2256.1616201415204
1838.6617889404297, 2062.242912200659, 2256.1616201415204
1839.4556622505188, 2063.2964826853904, 2254.06412412627
1840.170747756958, 2063.2964826853904, 2254.06412412627
1840.6704092025757, 2063.2964826853904, 2254.06412412627
1841.4064383506775, 2062.770069997112, 2252.308178057862
1841.6866896152496, 2062.770069997112, 2252.308178057862
1842.3768393993378, 2064.174553184004, 2253.306965961145
1842.660080909729, 2064.174553184004, 2253.306965961145
1843.1517651081085, 2064.174553184004, 2253.306965961145
1843.6663880348206, 2064.174553184004, 2253.306965961145
1844.4632532596588, 2062.4984020928355, 2248.422977522931
1845.14941573143, 2062.4984020928355, 2248.422977522931
1845.680993795395, 2062.4984020928355, 2248.422977522931
1846.1567180156708, 2062.4984020928355, 2248.422977522931
1846.6763274669647, 2062.4984020928355, 2248.422977522931
1847.4063732624054, 2060.3513391097035, 2242.066467931933
1847.6846284866333, 2060.3513391097035, 2242.066467931933
1848.4465861320496, 2063.791921016985, 2241.755759094576
1849.1586799621582, 2063.791921016985, 2241.755759094576
1849.9236314296722, 2064.430005800174, 2239.214744118708
1850.1919131278992, 2064.430005800174, 2239.214744118708
1850.9079954624176, 2062.473118718092, 2235.7894064085276
1851.1613178253174, 2062.473118718092, 2235.7894064085276
1851.9621732234955, 2062.8886225021474, 2232.0586374377176
1852.94952917099, 2064.6540956336203, 2229.3686093989245
1853.9757807254791, 2064.1017643049104, 2226.754461850464
1854.9441878795624, 2058.234480382988, 2226.2833905208167
1855.6762273311615, 2058.234480382988, 2226.2833905208167
1856.4092676639557, 2061.072262821856, 2222.5254829700984
1857.453468799591, 2058.705458701974, 2220.314883166503
1858.4468088150024, 2057.0200218518594, 2219.4986216579287
1859.1778509616852, 2057.0200218518594, 2219.4986216579287
1859.680505514145, 2057.0200218518594, 2219.4986216579287
1860.1731860637665, 2057.0200218518594, 2219.4986216579287
1860.9421272277832, 2048.0033413482374, 2215.7930040135134
1861.917516708374, 2046.657769243896, 2213.893285835279
1862.4600622653961, 2047.9047891478185, 2213.7519363970937
1863.1871149539948, 2047.9047891478185, 2213.7519363970937
1863.6768035888672, 2047.9047891478185, 2213.7519363970937
1864.1814527511597, 2047.9047891478185, 2213.7519363970937
1864.6761283874512, 2047.9047891478185, 2213.7519363970937
1865.1638224124908, 2047.9047891478185, 2213.7519363970937
1865.94273686409, 2046.8775347562269, 2213.8736765746535
1866.6777687072754, 2046.8775347562269, 2213.8736765746535
1867.4427199363708, 2045.1465194824982, 2213.28008438373
1868.1907188892365, 2045.1465194824982, 2213.28008438373
1868.6784121990204, 2045.1465194824982, 2213.28008438373
1869.194031238556, 2045.1465194824982, 2213.28008438373
1869.681725025177, 2045.1465194824982, 2213.28008438373
1870.4646286964417, 2040.6034241957823, 2212.882687083422
1871.1827054023743, 2040.6034241957823, 2212.882687083422
1871.6873540878296, 2040.6034241957823, 2212.882687083422
1872.1790387630463, 2040.6034241957823, 2212.882687083422
1872.710615158081, 2040.6034241957823, 2212.882687083422
1873.1823525428772, 2040.6034241957823, 2212.882687083422
1873.6700468063354, 2040.6034241957823, 2212.882687083422
1874.4499595165253, 2041.7614711963533, 2212.8703884965767
1875.1889789104462, 2041.7614711963533, 2212.8703884965767
1875.6806619167328, 2041.7614711963533, 2212.8703884965767
1876.4127006530762, 2039.3763892599732, 2212.7659569945663
1876.673003911972, 2039.3763892599732, 2212.7659569945663
1877.431972503662, 2041.7438971019674, 2212.883147658229
1877.6832995414734, 2041.7438971019674, 2212.883147658229
1878.1749835014343, 2041.7438971019674, 2212.883147658229
1878.6736476421356, 2041.7438971019674, 2212.883147658229
1879.1912608146667, 2041.7438971019674, 2212.883147658229
1879.6749653816223, 2041.7438971019674, 2212.883147658229
1880.1985640525818, 2041.7438971019674, 2212.883147658229
1880.6812720298767, 2041.7438971019674, 2212.883147658229
1881.1988847255707, 2041.7438971019674, 2212.883147658229
1881.69455742836, 2041.7438971019674, 2212.883147658229
1882.192224740982, 2041.7438971019674, 2212.883147658229
1882.6918876171112, 2041.7438971019674, 2212.883147658229
1883.1945412158966, 2041.7438971019674, 2212.883147658229
1883.6812388896942, 2041.7438971019674, 2212.883147658229
1884.1968574523926, 2041.7438971019674, 2212.883147658229
1884.975771188736, 2036.5431769822308, 2212.811877345499
1885.6659243106842, 2036.5431769822308, 2212.811877345499
1886.4637870788574, 2036.573710457239, 2212.6270414415817
1887.4451596736908, 2032.6761160508208, 2212.6421788061557
1888.1781964302063, 2032.6761160508208, 2212.6421788061557
1888.3547248840332, 2032.6761160508208, 2212.6421788061557
1888.6748669147491, 2032.6761160508208, 2212.6421788061557
1889.4278500080109, 2031.3516148242766, 2212.86197757955
1889.6911454200745, 2031.3516148242766, 2212.86197757955
1890.4381461143494, 2032.7685369404132, 2212.8040470914207
1891.1751725673676, 2032.7685369404132, 2212.8040470914207
1891.9490993022919, 2033.5546106232816, 2212.48946244713
1892.687123298645, 2033.5546106232816, 2212.48946244713
1893.4780049324036, 2033.192101772465, 2212.4786363957905
1894.180125951767, 2033.192101772465, 2212.4786363957905
1894.6757981777191, 2033.192101772465, 2212.4786363957905
1895.1754596233368, 2033.192101772465, 2212.4786363957905
1895.6611588001251, 2033.192101772465, 2212.4786363957905
1896.4939289093018, 2029.4261348050716, 2212.641811365666
1897.1761038303375, 2029.4261348050716, 2212.641811365666
1897.6817479133606, 2029.4261348050716, 2212.641811365666
1898.1724348068237, 2029.4261348050716, 2212.641811365666
1898.6701023578644, 2029.4261348050716, 2212.641811365666
1899.1867187023163, 2029.4261348050716, 2212.641811365666
1899.6754095554352, 2029.4261348050716, 2212.641811365666
1900.1680908203125, 2029.4261348050716, 2212.641811365666
1900.9240658283234, 2028.1288718699775, 2212.4273491538224
1901.1773872375488, 2028.1288718699775, 2212.4273491538224
1901.8864903450012, 2026.9056518134687, 2212.727441250903
1902.1687335968018, 2026.9056518134687, 2212.727441250903
1902.9755737781525, 2029.6364262979746, 2212.417689400357
1903.6856727600098, 2029.6364262979746, 2212.417689400357
1904.1933121681213, 2029.6364262979746, 2212.417689400357
1904.9722273349762, 2028.170148874871, 2212.6013627301254
1905.6952900886536, 2028.170148874871, 2212.6013627301254
1906.187973022461, 2028.170148874871, 2212.6013627301254
1906.6766619682312, 2028.170148874871, 2212.6013627301254
1907.1952724456787, 2028.170148874871, 2212.6013627301254
1907.6789791584015, 2028.170148874871, 2212.6013627301254
1908.1856219768524, 2028.170148874871, 2212.6013627301254
1908.693263053894, 2028.170148874871, 2212.6013627301254
1909.1769671440125, 2028.170148874871, 2212.6013627301254
1909.9578771591187, 2028.4564928630475, 2212.431816762839
1910.674955368042, 2028.4564928630475, 2212.431816762839
1911.1646447181702, 2028.4564928630475, 2212.431816762839
1911.6603178977966, 2028.4564928630475, 2212.431816762839
1912.473141670227, 2029.8088567177808, 2212.4412518327235
1913.1652874946594, 2029.8088567177808, 2212.4412518327235
1913.9531791210175, 2030.5423823289113, 2212.4207372748638
1914.9734454154968, 2029.444296981146, 2212.567741877017
1915.9258954524994, 2026.6455109219467, 2212.5167952403153
1916.1702418327332, 2026.6455109219467, 2212.5167952403153
1916.9232246875763, 2030.2389541422951, 2212.3499929161217
1917.1875174045563, 2030.2389541422951, 2212.3499929161217
1917.677205324173, 2030.2389541422951, 2212.3499929161217
1918.1589164733887, 2030.2389541422951, 2212.3499929161217
1918.6785242557526, 2030.2389541422951, 2212.3499929161217
1919.4345009326935, 2028.4797461635196, 2212.488872534671
1920.1705303192139, 2028.4797461635196, 2212.488872534671
1920.67418217659, 2028.4797461635196, 2212.488872534671
1921.4720449447632, 2028.722816558967, 2212.5171745073762
1922.180147409439, 2028.722816558967, 2212.5171745073762
1922.991975069046, 2029.8140952052825, 2212.88796631276
1923.6751444339752, 2029.8140952052825, 2212.88796631276
1923.8287336826324, 2029.8140952052825, 2212.88796631276
1924.1728127002716, 2029.8140952052825, 2212.88796631276
1924.6754684448242, 2029.8140952052825, 2212.88796631276
1925.195074081421, 2029.8140952052825, 2212.88796631276
1925.675789117813, 2029.8140952052825, 2212.88796631276
1926.1714611053467, 2029.8140952052825, 2212.88796631276
1926.6661360263824, 2029.8140952052825, 2212.88796631276
1927.176768541336, 2029.8140952052825, 2212.88796631276
1927.6684534549713, 2029.8140952052825, 2212.88796631276
1928.4403851032257, 2030.3233128489628, 2212.465884709112
1929.1714270114899, 2030.3233128489628, 2212.465884709112
1929.6800653934479, 2030.3233128489628, 2212.465884709112
1930.1797280311584, 2030.3233128489628, 2212.465884709112
1930.9716067314148, 2029.1354018986146, 2212.0805598356123
1931.6876895427704, 2029.1354018986146, 2212.0805598356123
1932.1664080619812, 2029.1354018986146, 2212.0805598356123
1933.0011730194092, 2031.022442635967, 2212.4484347784355
1933.6713778972626, 2031.022442635967, 2212.4484347784355
1934.1840062141418, 2031.022442635967, 2212.4484347784355
1934.6657147407532, 2031.022442635967, 2212.4484347784355
1935.1623849868774, 2031.022442635967, 2212.4484347784355
1935.6610507965088, 2031.022442635967, 2212.4484347784355
1936.161708831787, 2031.022442635967, 2212.4484347784355
1936.6823153495789, 2031.022442635967, 2212.4484347784355
1937.1690118312836, 2031.022442635967, 2212.4484347784355
1937.6796441078186, 2031.022442635967, 2212.4484347784355
1938.1753177642822, 2031.022442635967, 2212.4484347784355
1938.987143754959, 2030.5682500316825, 2212.1390034131496
1939.694249868393, 2030.5682500316825, 2212.1390034131496
1940.2138588428497, 2030.5682500316825, 2212.1390034131496
1940.7145178318024, 2030.5682500316825, 2212.1390034131496
1941.16730594635, 2030.5682500316825, 2212.1390034131496
1941.6689643859863, 2030.5682500316825, 2212.1390034131496
1942.1825869083405, 2030.5682500316825, 2212.1390034131496
1942.6722757816315, 2030.5682500316825, 2212.1390034131496
1943.191884279251, 2030.5682500316825, 2212.1390034131496
1943.6805758476257, 2030.5682500316825, 2212.1390034131496
1944.1852247714996, 2030.5682500316825, 2212.1390034131496
1944.6679329872131, 2030.5682500316825, 2212.1390034131496
1945.473774433136, 2028.3017445174796, 2212.377616654046
1946.1729032993317, 2028.3017445174796, 2212.377616654046
1946.674559354782, 2028.3017445174796, 2212.377616654046
1947.1841940879822, 2028.3017445174796, 2212.377616654046
1947.6698942184448, 2028.3017445174796, 2212.377616654046
1948.1755392551422, 2028.3017445174796, 2212.377616654046
1948.6702163219452, 2028.3017445174796, 2212.377616654046
1949.174865245819, 2028.3017445174796, 2212.377616654046
1949.6695396900177, 2028.3017445174796, 2212.377616654046
1950.1771793365479, 2028.3017445174796, 2212.377616654046
1950.6758449077606, 2028.3017445174796, 2212.377616654046
1951.4886684417725, 2026.6266715591885, 2212.4637369427787
1952.443111896515, 2027.129071825109, 2212.0935729730913
1953.1761491298676, 2027.129071825109, 2212.0935729730913
1953.3596580028534, 2027.129071825109, 2212.0935729730913
1953.6768083572388, 2027.129071825109, 2212.0935729730913
1954.1744766235352, 2027.129071825109, 2212.0935729730913
1954.663167476654, 2027.129071825109, 2212.0935729730913
1955.429116487503, 2026.7330211609792, 2212.2539319108705
1955.946730852127, 2027.405761350652, 2212.356667962197
1956.6648077964783, 2027.405761350652, 2212.356667962197
1957.175440788269, 2027.405761350652, 2212.356667962197
1957.6641318798065, 2027.405761350652, 2212.356667962197
1958.1717720031738, 2027.405761350652, 2212.356667962197
1958.665450334549, 2027.405761350652, 2212.356667962197
1959.1740891933441, 2027.405761350652, 2212.356667962197
1959.656797170639, 2027.405761350652, 2212.356667962197
1960.172415971756, 2027.405761350652, 2212.356667962197
1960.6820504665375, 2027.405761350652, 2212.356667962197
1961.1597709655762, 2027.405761350652, 2212.356667962197
1961.6604311466217, 2027.405761350652, 2212.356667962197
1962.4423365592957, 2025.4454809211604, 2212.339242661438
1963.455625295639, 2026.588872544688, 2212.325376535091
1964.1776902675629, 2026.588872544688, 2212.325376535091
1964.6673784255981, 2026.588872544688, 2212.325376535091
1965.4353234767914, 2026.3353145150186, 2212.201031513001
1966.4386370182037, 2025.2211981133596, 2211.9860287989095
1967.17267203331, 2025.2211981133596, 2211.9860287989095
1967.6753242015839, 2025.2211981133596, 2211.9860287989095
1968.4103562831879, 2027.0725022353354, 2211.9640669537034
1968.9469187259674, 2024.753773633192, 2212.2854370790005
1969.893384218216, 2018.9860155198169, 2212.005998862323
1970.1706428527832, 2018.9860155198169, 2212.005998862323
1970.8757541179657, 2023.345282503977, 2212.1244035346904
1971.4103231430054, 2026.6566753021966, 2212.214192163871
1971.677609205246, 2026.6566753021966, 2212.214192163871
1972.4545271396637, 2026.1844915980887, 2212.1155055476115
1973.1765937805176, 2026.1844915980887, 2212.1155055476115
1973.9485266208649, 2023.3045977601619, 2212.1004903594117
1974.9259097576141, 2024.1987528116256, 2212.4127411601125
1975.1941912174225, 2024.1987528116256, 2212.4127411601125
1975.6749050617218, 2024.1987528116256, 2212.4127411601125
1976.175562620163, 2024.1987528116256, 2212.4127411601125
1976.6941740512848, 2024.1987528116256, 2212.4127411601125
1977.1788766384125, 2024.1987528116256, 2212.4127411601125
1977.6915051937103, 2024.1987528116256, 2212.4127411601125
1978.183187007904, 2024.1987528116256, 2212.4127411601125
1978.974069595337, 2023.8055489123753, 2212.2381967685924
1979.6512565612793, 2023.8055489123753, 2212.2381967685924
1980.4780418872833, 2024.788103534176, 2212.5191028493814
1981.1632072925568, 2024.788103534176, 2212.5191028493814
1981.982016324997, 2025.0943391806486, 2212.272413412976
1982.6611971855164, 2025.0943391806486, 2212.272413412976
1983.1638505458832, 2025.0943391806486, 2212.272413412976
1983.6774759292603, 2025.0943391806486, 2212.272413412976
1984.1771385669708, 2025.0943391806486, 2212.272413412976
1984.676798582077, 2025.0943391806486, 2212.272413412976
1985.1964075565338, 2025.0943391806486, 2212.272413412976
1985.6761229038239, 2025.0943391806486, 2212.272413412976
1986.183765888214, 2025.0943391806486, 2212.272413412976
1986.9776391983032, 2024.7471327369062, 2212.383796056501
1987.6747715473175, 2024.7471327369062, 2212.383796056501
1988.1644608974457, 2024.7471327369062, 2212.383796056501
1988.6820743083954, 2024.7471327369062, 2212.383796056501
1989.1817355155945, 2024.7471327369062, 2212.383796056501
1989.6804008483887, 2024.7471327369062, 2212.383796056501
1990.4483444690704, 2021.7962032188768, 2212.115024821301
1991.1793892383575, 2021.7962032188768, 2212.115024821301
1991.6860303878784, 2021.7962032188768, 2212.115024821301
1992.16574716568, 2021.7962032188768, 2212.115024821301
1992.6644096374512, 2021.7962032188768, 2212.115024821301
1993.1780362129211, 2021.7962032188768, 2212.115024821301
1993.6707158088684, 2021.7962032188768, 2212.115024821301
1994.1753647327423, 2021.7962032188768, 2212.115024821301
1994.6680450439453, 2021.7962032188768, 2212.115024821301
1995.43399477005, 2025.602881996731, 2211.980358288634
1996.1829917430878, 2025.602881996731, 2211.980358288634
1996.6846466064453, 2025.602881996731, 2211.980358288634
1997.4416182041168, 2025.9025207551767, 2212.142456176259
1998.4140150547028, 2022.2484491570349, 2212.22424450322
1998.9376118183136, 2024.2872083718835, 2211.8546874180306
1999.966855764389, 2022.2618696524696, 2212.379815586147
2000.678948879242, 2022.2618696524696, 2212.379815586147
2001.1746218204498, 2022.2618696524696, 2212.379815586147
2001.6583275794983, 2022.2618696524696, 2212.379815586147
2002.193894147873, 2022.2618696524696, 2212.379815586147
2002.6775977611542, 2022.2618696524696, 2212.379815586147
2003.1882302761078, 2022.2618696524696, 2212.379815586147
2003.6779186725616, 2022.2618696524696, 2212.379815586147
2004.189556837082, 2022.2618696524696, 2212.379815586147
2004.6772437095642, 2022.2618696524696, 2212.379815586147
2005.1978499889374, 2022.2618696524696, 2212.379815586147
2005.6955170631409, 2022.2618696524696, 2212.379815586147
2006.1961772441864, 2022.2618696524696, 2212.379815586147
2006.67489361763, 2022.2618696524696, 2212.379815586147
2007.164582490921, 2022.2618696524696, 2212.379815586147
2007.6582617759705, 2022.2618696524696, 2212.379815586147
2008.1668984889984, 2022.2618696524696, 2212.379815586147
2008.6645662784576, 2022.2618696524696, 2212.379815586147
2009.455449104309, 2025.8111736352184, 2212.1442929051514
2010.1755213737488, 2025.8111736352184, 2212.1442929051514
2010.9604189395905, 2024.0220273127295, 2211.944500617556
2011.6765005588531, 2024.0220273127295, 2211.944500617556
2012.4733667373657, 2032.1177720161788, 2205.6612869990217
2013.1864573955536, 2032.1177720161788, 2205.6612869990217
2013.6721580028534, 2032.1177720161788, 2205.6612869990217
2014.4590508937836, 2028.9920357630315, 2204.7816675417616
2015.4793186187744, 2029.8362892199352, 2206.7519837934356
2016.1824362277985, 2029.8362892199352, 2206.7519837934356
2016.9533715248108, 2030.2531699968222, 2206.330878555352
2017.6784296035767, 2030.2531699968222, 2206.330878555352
2018.1890618801117, 2030.2531699968222, 2206.330878555352
2018.6717710494995, 2030.2531699968222, 2206.330878555352
2019.1814057826996, 2030.2531699968222, 2206.330878555352
2019.6710934638977, 2030.2531699968222, 2206.330878555352
2020.1727509498596, 2030.2531699968222, 2206.330878555352
2020.921745300293, 2028.7674549188962, 2209.5954572570035
2021.6637573242188, 2028.7674549188962, 2209.5954572570035
2022.169404745102, 2028.7674549188962, 2209.5954572570035
2022.66108751297, 2028.7674549188962, 2209.5954572570035
2023.152771472931, 2028.7674549188962, 2209.5954572570035
2023.665397644043, 2028.7674549188962, 2209.5954572570035
2024.1840257644653, 2028.7674549188962, 2209.5954572570035
2024.9639203548431, 2031.8353978293833, 2209.8225122109193
2025.6750161647797, 2031.8353978293833, 2209.8225122109193
2026.1726853847504, 2031.8353978293833, 2209.8225122109193
2026.6723463535309, 2031.8353978293833, 2209.8225122109193
2027.1779930591583, 2031.8353978293833, 2209.8225122109193
2027.6796488761902, 2031.8353978293833, 2209.8225122109193
2028.153380393982, 2031.8353978293833, 2209.8225122109193
2028.6500504016876, 2031.8353978293833, 2209.8225122109193
2029.1666688919067, 2031.8353978293833, 2209.8225122109193
2029.988466501236, 2035.0684810015384, 2209.7359628637746
2030.6965699195862, 2035.0684810015384, 2209.7359628637746
2031.1583340168, 2035.0684810015384, 2209.7359628637746
2031.6599898338318, 2035.0684810015384, 2209.7359628637746
2032.160650730133, 2035.0684810015384, 2209.7359628637746
2032.6652989387512, 2035.0684810015384, 2209.7359628637746
2033.4472048282623, 2031.5367564820033, 2209.9765396476623
2034.179245710373, 2031.5367564820033, 2209.9765396476623
2034.9441969394684, 2035.2421376616792, 2210.6626167475274
2035.6762375831604, 2035.2421376616792, 2210.6626167475274
2036.1619355678558, 2035.2421376616792, 2210.6626167475274
2036.6665852069855, 2035.2421376616792, 2210.6626167475274
2037.4355268478394, 2056.0784775453444, 2215.5785683231015
2038.1725516319275, 2056.0784775453444, 2215.5785683231015
2038.6851801872253, 2056.0784775453444, 2215.5785683231015
2039.4780566692352, 2054.6052279967807, 2215.4227250263325
2040.1702029705048, 2054.6052279967807, 2215.4227250263325
2040.6758501529694, 2054.6052279967807, 2215.4227250263325
2041.4487788677216, 2058.462626932845, 2216.384274740751
2042.1598749160767, 2058.462626932845, 2216.384274740751
2042.6625289916992, 2058.462626932845, 2216.384274740751
2043.475352048874, 2057.88796153155, 2221.8343029743173
2044.1744813919067, 2057.88796153155, 2221.8343029743173
2044.6821208000183, 2057.88796153155, 2221.8343029743173
2045.4470732212067, 2066.7602613679387, 2227.4216037436727
2046.1591651439667, 2066.7602613679387, 2227.4216037436727
2046.6548388004303, 2066.7602613679387, 2227.4216037436727
2047.1584916114807, 2066.7602613679387, 2227.4216037436727
2047.6661310195923, 2066.7602613679387, 2227.4216037436727
2048.161803007126, 2066.7602613679387, 2227.4216037436727
2048.6654546260834, 2066.7602613679387, 2227.4216037436727
2049.443371295929, 2060.6536190120455, 2226.829703715302
2050.164440870285, 2060.6536190120455, 2226.829703715302
2050.679062604904, 2060.6536190120455, 2226.829703715302
2051.4490010738373, 2060.4634628777435, 2226.44094087935
2052.1780486106873, 2060.4634628777435, 2226.44094087935
2052.6637477874756, 2060.4634628777435, 2226.44094087935
2053.170393228531, 2060.4634628777435, 2226.44094087935
2053.6770355701447, 2060.4634628777435, 2226.44094087935
2054.1766967773438, 2060.4634628777435, 2226.44094087935
2054.671372652054, 2060.4634628777435, 2226.44094087935
2055.4443039894104, 2059.5763055381394, 2225.741991349521
2056.167366504669, 2059.5763055381394, 2225.741991349521
2056.9363090991974, 2057.3442887295405, 2226.5529351568957
2057.966548681259, 2060.6014964634173, 2226.002761709333
2058.6756505966187, 2060.6014964634173, 2226.002761709333
2059.1693291664124, 2060.6014964634173, 2226.002761709333
2059.9173245429993, 2060.30925248239, 2225.9133136634964
2060.184611082077, 2060.30925248239, 2225.9133136634964
2060.927619457245, 2061.652694043149, 2225.5382366246085
2061.426285505295, 2059.954762958853, 2226.239005371614
2062.403666973114, 2060.902986780213, 2225.680674692915
2062.680925130844, 2060.902986780213, 2225.680674692915
2063.4398925304413, 2060.2746540473177, 2225.776416081085
2064.467141866684, 2061.4849924371347, 2225.5067712769687
2065.190205812454, 2061.4849924371347, 2225.5067712769687
2065.978095769882, 2059.966897845453, 2225.289765075457
2066.693181037903, 2059.966897845453, 2225.289765075457
2067.4671092033386, 2058.217600315462, 2225.97499679666
2068.171225309372, 2058.217600315462, 2225.97499679666
2068.675872325897, 2058.217600315462, 2225.97499679666
2069.1884994506836, 2058.217600315462, 2225.97499679666
2069.6781895160675, 2058.217600315462, 2225.97499679666
2070.1758556365967, 2058.217600315462, 2225.97499679666
2070.682498693466, 2058.217600315462, 2225.97499679666
2071.4504425525665, 2058.643285214554, 2226.1943245984526
2072.173506498337, 2058.643285214554, 2226.1943245984526
2072.6801500320435, 2058.643285214554, 2226.1943245984526
2073.1768193244934, 2058.643285214554, 2226.1943245984526
2073.9587256908417, 2055.902423454623, 2226.3641091302316
2074.655859231949, 2055.902423454623, 2226.3641091302316
2075.2053887844086, 2055.902423454623, 2226.3641091302316
2075.9613633155823, 2056.781327033067, 2226.641456697253
2076.6764488220215, 2056.781327033067, 2226.641456697253
2077.1791036129, 2056.781327033067, 2226.641456697253
2078.0098779201508, 2057.777828762045, 2225.7504576306983
2078.662132024765, 2057.777828762045, 2225.7504576306983
2079.167777299881, 2057.777828762045, 2225.7504576306983
2079.6634504795074, 2057.777828762045, 2225.7504576306983
2080.176078557968, 2057.777828762045, 2225.7504576306983
2080.678731918335, 2057.777828762045, 2225.7504576306983
2081.1763994693756, 2057.777828762045, 2225.7504576306983
2081.991218328476, 2065.453909434502, 2229.3551026190553
2082.6743879318237, 2065.453909434502, 2229.3551026190553
2083.201974630356, 2065.453909434502, 2229.3551026190553
2083.651770591736, 2065.453909434502, 2229.3551026190553
2084.4217097759247, 2062.45365255261, 2230.8706754030313
2085.122831106186, 2062.45365255261, 2230.8706754030313
2085.8837954998016, 2062.5005337394705, 2231.973495664047
2086.159056186676, 2062.5005337394705, 2231.973495664047
2086.9140355587006, 2065.535064332074, 2230.6000400592025
2087.1454157829285, 2065.535064332074, 2230.6000400592025
2087.6450774669647, 2065.535064332074, 2230.6000400592025
2088.152718067169, 2065.535064332074, 2230.6000400592025
2088.893733739853, 2065.078833459314, 2231.1249038281826
2089.418329000473, 2063.2639361157517, 2231.1862658438686
2089.681624650955, 2063.2639361157517, 2231.1862658438686
2090.411670923233, 2063.9993350644268, 2232.5442218075123
2090.6749641895294, 2063.9993350644268, 2232.5442218075123
2091.4578688144684, 2064.5327728943116, 2233.03855351312
2092.4950902462006, 2067.9144590358032, 2230.9627103438097
2093.178261756897, 2067.9144590358032, 2230.9627103438097
2093.6679496765137, 2067.9144590358032, 2230.9627103438097
2094.18656539917, 2067.9144590358032, 2230.9627103438097
2094.673257827759, 2067.9144590358032, 2230.9627103438097
2095.171923160553, 2067.9144590358032, 2230.9627103438097
2095.6735792160034, 2067.9144590358032, 2230.9627103438097
2096.174239397049, 2067.9144590358032, 2230.9627103438097
2096.966119289398, 2057.3785003103376, 2220.684647793821
2097.6652467250824, 2057.3785003103376, 2220.684647793821
2098.4601180553436, 2053.877975523958, 2218.747162977712
2099.2001354694366, 2053.877975523958, 2218.747162977712
2099.6948120594025, 2053.877975523958, 2218.747162977712
2100.1835029125214, 2053.877975523958, 2218.747162977712
2100.677181482315, 2053.877975523958, 2218.747162977712
2101.1718595027924, 2053.877975523958, 2218.747162977712
2101.6834869384766, 2053.877975523958, 2218.747162977712
2102.175169944763, 2053.877975523958, 2218.747162977712
2102.6598722934723, 2053.877975523958, 2218.747162977712
2103.1705055236816, 2053.877975523958, 2218.747162977712
2103.6931076049805, 2053.877975523958, 2218.747162977712
2104.1788046360016, 2053.877975523958, 2218.747162977712
2104.6724829673767, 2053.877975523958, 2218.747162977712
2105.4484045505524, 2053.6472050330544, 2216.7229831208247
2106.165484905243, 2053.6472050330544, 2216.7229831208247
2106.681104660034, 2053.6472050330544, 2216.7229831208247
2107.1727888584137, 2053.6472050330544, 2216.7229831208247
2107.6814272403717, 2053.6472050330544, 2216.7229831208247
2108.1771001815796, 2053.6472050330544, 2216.7229831208247
2108.6767609119415, 2053.6472050330544, 2216.7229831208247
2109.174427986145, 2053.6472050330544, 2216.7229831208247
2109.676084756851, 2053.6472050330544, 2216.7229831208247
2110.1867175102234, 2053.6472050330544, 2216.7229831208247
2110.6714193820953, 2053.6472050330544, 2216.7229831208247
2111.1750707626343, 2053.6472050330544, 2216.7229831208247
2111.6737349033356, 2053.6472050330544, 2216.7229831208247
2112.1654183864594, 2053.6472050330544, 2216.7229831208247
2112.678047180176, 2053.6472050330544, 2216.7229831208247
2113.165741443634, 2053.6472050330544, 2216.7229831208247
2113.9556255340576, 2052.6884582832463, 2213.3192053438897
2114.672705411911, 2052.6884582832463, 2213.3192053438897
2115.4336676597595, 2047.7177640863372, 2212.980836508104
2115.699955224991, 2047.7177640863372, 2212.980836508104
2116.1677026748657, 2047.7177640863372, 2212.980836508104
2116.6783344745636, 2047.7177640863372, 2212.980836508104
2117.4343094825745, 2044.9912778395517, 2212.56048889024
2118.4256551265717, 2048.2320316923865, 2212.196212064468
2119.4519095420837, 2044.2884093636565, 2212.615458715253
2120.177964448929, 2044.2884093636565, 2212.615458715253
2120.66366314888, 2044.2884093636565, 2212.615458715253
2121.1643221378326, 2044.2884093636565, 2212.615458715253
2121.9681708812714, 2047.244867066236, 2212.251065329808
2122.671287536621, 2047.244867066236, 2212.251065329808
2123.437236070633, 2046.031509952989, 2212.3629585691024
2124.1862297058105, 2046.031509952989, 2212.3629585691024
2124.667940378189, 2046.031509952989, 2212.3629585691024
2125.17059469223, 2046.031509952989, 2212.3629585691024
2125.9664640426636, 2044.285641594614, 2211.865212362842
2126.663596391678, 2044.285641594614, 2211.865212362842
2127.186197280884, 2044.285641594614, 2211.865212362842
2127.665913105011, 2044.285641594614, 2211.865212362842
2128.4627783298492, 2039.0928770072123, 2211.6903685467587
2129.425201654434, 2042.4710518219085, 2211.2469820601073
2129.6914896965027, 2042.4710518219085, 2211.2469820601073
2130.181177854538, 2042.4710518219085, 2211.2469820601073
2130.670866250992, 2042.4710518219085, 2211.2469820601073
2131.477705478668, 2039.511990860627, 2211.1771456390206
2132.4481070041656, 2038.2172008511698, 2210.954323564533
2133.178151845932, 2038.2172008511698, 2210.954323564533
2133.6708347797394, 2038.2172008511698, 2210.954323564533
2134.465704679489, 2036.5401521088716, 2210.9413077349677
2135.4261333942413, 2036.628099567986, 2210.630294159829
2136.173133611679, 2036.628099567986, 2210.630294159829
2136.929107427597, 2034.5673232447684, 2210.5602046466684
2137.2003824710846, 2034.5673232447684, 2210.5602046466684
2137.9354133605957, 2037.4885599650502, 2210.6865226094114
2138.9117991924286, 2039.1586584678312, 2210.387191927416
2139.1601338386536, 2039.1586584678312, 2210.387191927416
2139.6587991714478, 2039.1586584678312, 2210.387191927416
2140.1674370765686, 2039.1586584678312, 2210.387191927416
2140.6710879802704, 2039.1586584678312, 2210.387191927416
2141.1727459430695, 2039.1586584678312, 2210.387191927416
2141.6684188842773, 2039.1586584678312, 2210.387191927416
2142.173066139221, 2039.1586584678312, 2210.387191927416
2142.662755012512, 2039.1586584678312, 2210.387191927416
2143.4127480983734, 2033.787103338203, 2210.2304297934356
2143.6780359745026, 2033.787103338203, 2210.2304297934356
2144.1657299995422, 2033.787103338203, 2210.2304297934356
2144.686336517334, 2033.787103338203, 2210.2304297934356
2145.167049407959, 2033.787103338203, 2210.2304297934356
2145.966907978058, 2035.1349338096782, 2209.9406969116153
2146.6620457172394, 2035.1349338096782, 2209.9406969116153
2147.1736760139465, 2035.1349338096782, 2209.9406969116153
2147.942617416382, 2037.3406837176983, 2210.038867071254
2148.670668363571, 2037.3406837176983, 2210.038867071254
2149.1593585014343, 2037.3406837176983, 2210.038867071254
2149.647053003311, 2037.3406837176983, 2210.038867071254
2150.159681558609, 2037.3406837176983, 2210.038867071254
2150.6822803020477, 2037.3406837176983, 2210.038867071254
2151.1679809093475, 2037.3406837176983, 2210.038867071254
2151.662656068802, 2037.3406837176983, 2210.038867071254
2152.488445043564, 2033.0118606236588, 2209.9243201403933
2153.1556594371796, 2033.0118606236588, 2209.9243201403933
2153.6642968654633, 2033.0118606236588, 2209.9243201403933
2154.4352309703827, 2031.5589131663316, 2209.7072964470885
2155.182231903076, 2031.5589131663316, 2209.7072964470885
2155.9581549167633, 2030.6060964231774, 2209.962185374896
2156.6702473163605, 2030.6060964231774, 2209.962185374896
2157.150959253311, 2030.6060964231774, 2209.962185374896
2157.678546667099, 2030.6060964231774, 2209.962185374896
2158.459456682205, 2032.3313107541687, 2209.8491154202616
2159.1615760326385, 2032.3313107541687, 2209.8491154202616
2159.691157579422, 2032.3313107541687, 2209.8491154202616
2160.175860643387, 2032.3313107541687, 2209.8491154202616
2160.6894845962524, 2032.3313107541687, 2209.8491154202616
2161.4434673786163, 2031.8778911151062, 2209.7123441730832
2162.1555602550507, 2031.8778911151062, 2209.7123441730832
2162.921509027481, 2031.6510420035534, 2209.9211009011633
2163.1897897720337, 2031.6510420035534, 2209.9211009011633
2163.930806159973, 2036.0501663329294, 2209.33135245235
2164.9600491523743, 2030.7026663039783, 2209.513836552175
2165.667155265808, 2030.7026663039783, 2209.513836552175
2166.1578431129456, 2030.7026663039783, 2209.513836552175
2166.66747713089, 2030.7026663039783, 2209.513836552175
2167.1601576805115, 2030.7026663039783, 2209.513836552175
2167.9480481147766, 2028.4252057359604, 2209.694505839899
2168.9314148426056, 2029.144516899378, 2209.803238046897
2169.42609000206, 2027.9176283434597, 2209.512282980104
2169.6824049949646, 2027.9176283434597, 2209.512282980104
2170.4583265781403, 2028.2190785968385, 2209.8343328957285
2171.1694214344025, 2028.2190785968385, 2209.8343328957285
2171.9383630752563, 2030.4917924234362, 2209.7888205405375
2172.1896917819977, 2030.4917924234362, 2209.7888205405375
2172.946663379669, 2030.1243743636078, 2209.584495075873
2173.19499707222, 2030.1243743636078, 2209.584495075873
2173.6577587127686, 2030.1243743636078, 2209.584495075873
2174.175373315811, 2030.1243743636078, 2209.584495075873
2174.9682490825653, 2029.2288311957022, 2210.0128067341398
2175.2245638370514, 2029.2288311957022, 2210.0128067341398
2175.926682949066, 2030.7699881550125, 2209.5726969931175
2176.191973924637, 2030.7699881550125, 2209.5726969931175
2176.6657044887543, 2030.7699881550125, 2209.5726969931175
2176.8422322273254, 2030.7699881550125, 2209.5726969931175
2177.431653738022, 2031.7835684407792, 2209.902390125791
2178.4210062026978, 2031.7278925756834, 2209.786237611415
2178.661360502243, 2031.7278925756834, 2209.786237611415
2179.4283072948456, 2031.1869683071955, 2209.8071115322923
2179.67763876915, 2031.1869683071955, 2209.8071115322923
2180.1613433361053, 2031.1869683071955, 2209.8071115322923
2180.9262957572937, 2031.2486560154741, 2209.7065318231944
2181.910660266876, 2033.8567788659932, 2209.8842849288653
2182.1739554405212, 2033.8567788659932, 2209.8842849288653
2182.94389295578, 2035.127375902641, 2209.4304850741178
2183.7248022556305, 2035.127375902641, 2209.4304850741178
2184.1905546188354, 2035.127375902641, 2209.4304850741178
2184.930574655533, 2032.616720141672, 2209.5225157869627
2186.0505735874176, 2032.9643745760916, 2209.6942778196267
2186.671911716461, 2032.9643745760916, 2209.6942778196267
2187.1985008716583, 2032.9643745760916, 2209.6942778196267
2187.7101299762726, 2032.9643745760916, 2209.6942778196267
2188.248687505722, 2032.9643745760916, 2209.6942778196267
2188.707460165024, 2032.9643745760916, 2209.6942778196267
2189.2011382579803, 2032.9643745760916, 2209.6942778196267
2189.720746278763, 2032.9643745760916, 2209.6942778196267
2190.200461626053, 2032.9643745760916, 2209.6942778196267
2190.683168888092, 2032.9643745760916, 2209.6942778196267
2191.5239181518555, 2030.61937982003, 2209.9378896033536
2192.201104402542, 2030.61937982003, 2209.9378896033536
2192.74564743042, 2030.61937982003, 2209.9378896033536
2193.5195748806, 2031.040752062482, 2209.528162516421
2194.1987550258636, 2031.040752062482, 2209.528162516421
2194.6954259872437, 2031.040752062482, 2209.528162516421
2195.1791310310364, 2031.040752062482, 2209.528162516421
2195.947074174881, 2033.3134127289293, 2209.4373293393137
2196.682106256485, 2033.3134127289293, 2209.4373293393137
2197.1797747612, 2033.3134127289293, 2209.4373293393137
2197.6983890533447, 2033.3134127289293, 2209.4373293393137
2198.181091070175, 2033.3134127289293, 2209.4373293393137
2199.0248329639435, 2033.2346321294488, 2209.8394300990417
2199.7189741134644, 2033.2346321294488, 2209.8394300990417
2200.234594106674, 2033.2346321294488, 2209.8394300990417
2200.7881121635437, 2033.2346321294488, 2209.8394300990417
2201.200008392334, 2033.2346321294488, 2209.8394300990417
2201.698674440384, 2033.2346321294488, 2209.8394300990417
2202.2132952213287, 2033.2346321294488, 2209.8394300990417
2202.701987028122, 2033.2346321294488, 2209.8394300990417
2203.1767160892487, 2033.2346321294488, 2209.8394300990417
2203.7013115882874, 2033.2346321294488, 2209.8394300990417
2204.2318892478943, 2033.2346321294488, 2209.8394300990417
2204.6916604042053, 2033.2346321294488, 2209.8394300990417
2205.1903245449066, 2033.2346321294488, 2209.8394300990417
2205.7139236927032, 2033.2346321294488, 2209.8394300990417
2206.2774138450623, 2033.2346321294488, 2209.8394300990417
2206.7182323932648, 2033.2346321294488, 2209.8394300990417
2207.190967798233, 2033.2346321294488, 2209.8394300990417
2207.698606967926, 2033.2346321294488, 2209.8394300990417
2208.196274280548, 2033.2346321294488, 2209.8394300990417
2208.697932958603, 2033.2346321294488, 2209.8394300990417
2209.172660112381, 2033.2346321294488, 2209.8394300990417
2210.068261861801, 2061.3330129520973, 2224.8229335012384
2210.708547115326, 2061.3330129520973, 2224.8229335012384
2211.1932492256165, 2061.3330129520973, 2224.8229335012384
2211.696901321411, 2061.3330129520973, 2224.8229335012384
2212.5635788440704, 2059.54064316496, 2225.637514441215
2213.177934408188, 2059.54064316496, 2225.637514441215
2213.6785938739777, 2059.54064316496, 2225.637514441215
2214.476456642151, 2058.7984883861213, 2223.2717871240216
2215.2045085430145, 2058.7984883861213, 2223.2717871240216
2215.700180530548, 2058.7984883861213, 2223.2717871240216
2216.198844432831, 2058.7984883861213, 2223.2717871240216
2216.6805548667908, 2058.7984883861213, 2223.2717871240216
2217.1931822299957, 2058.7984883861213, 2223.2717871240216
2218.008001089096, 2058.9961695129346, 2223.6489310704956
2218.7220900058746, 2058.9961695129346, 2223.6489310704956
2219.178865671158, 2058.9961695129346, 2223.6489310704956
2220.02659535408, 2060.031202494897, 2223.218731379875
2220.6968014240265, 2060.031202494897, 2223.218731379875
2221.208431482315, 2060.031202494897, 2223.218731379875
2221.696124792099, 2060.031202494897, 2223.218731379875
2222.2167315483093, 2060.031202494897, 2223.218731379875
2222.713401079178, 2060.031202494897, 2223.218731379875
2223.1971051692963, 2060.031202494897, 2223.218731379875
2223.680810689926, 2060.031202494897, 2223.218731379875
2224.2223615646362, 2060.031202494897, 2223.218731379875
2224.7070639133453, 2060.031202494897, 2223.218731379875
2225.232654571533, 2060.031202494897, 2223.218731379875
2225.7073860168457, 2060.031202494897, 2223.218731379875
2226.2379655838013, 2060.031202494897, 2223.218731379875
2226.725657939911, 2060.031202494897, 2223.218731379875
2227.1953988075256, 2060.031202494897, 2223.218731379875
2227.7110211849213, 2060.031202494897, 2223.218731379875
2228.5338151454926, 2054.5935012950326, 2223.646188816965
2229.4932465553284, 2060.2764102770097, 2223.1641201128487
2230.5853214263916, 2059.838845137274, 2223.337464077303
2231.5228114128113, 2055.8032280790267, 2223.443768415582
2232.516152381897, 2059.4524682691576, 2222.5363063006403
2233.173393011093, 2059.4524682691576, 2222.5363063006403
2233.9732508659363, 2058.2749615607327, 2222.776884842216
2234.700304031372, 2058.2749615607327, 2222.776884842216
2235.20694732666, 2058.2749615607327, 2222.776884842216
2235.660731077194, 2058.2749615607327, 2222.776884842216
2235.806343793869, 2058.2749615607327, 2222.776884842216
2236.4635815620422, 2055.7643540875138, 2223.484244115971
2237.1696903705597, 2055.7643540875138, 2223.484244115971
2237.6573853492737, 2055.7643540875138, 2223.484244115971
2238.4452755451202, 2057.283320218982, 2223.7239354250287
2238.8142862319946, 2057.283320218982, 2223.7239354250287
2239.386753797531, 2058.7225432931705, 2223.178315408888
2239.6450624465942, 2058.7225432931705, 2223.178315408888
2240.394057035446, 2060.2983310910217, 2223.2044322267675
2240.6792933940887, 2060.2983310910217, 2223.2044322267675
2241.159010887146, 2060.2983310910217, 2223.2044322267675
2241.655681848526, 2060.2983310910217, 2223.2044322267675
2242.3927047252655, 2057.963044765933, 2223.079966871856
2242.6639788150787, 2057.963044765933, 2223.079966871856
2243.1656346321106, 2057.963044765933, 2223.079966871856
2243.661308288574, 2057.963044765933, 2223.079966871856
2244.151994943619, 2057.963044765933, 2223.079966871856
2244.9319071769714, 2059.6964784219053, 2222.9354611567146
2245.6719238758087, 2059.6964784219053, 2222.9354611567146
2246.1456558704376, 2059.6964784219053, 2222.9354611567146
2246.930553674698, 2057.9209525223387, 2222.7117876615785
2247.1599407196045, 2057.9209525223387, 2222.7117876615785
2247.9318718910217, 2053.3060415625605, 2223.5341955222416
2248.194171667099, 2053.3060415625605, 2223.5341955222416
2248.674882888794, 2053.3060415625605, 2223.5341955222416
2249.153602361679, 2053.3060415625605, 2223.5341955222416
2249.674206972122, 2053.3060415625605, 2223.5341955222416
2250.454119682312, 2061.3907476324707, 2222.94265384014
2251.1622223854065, 2061.3907476324707, 2222.94265384014
2251.6828293800354, 2061.3907476324707, 2222.94265384014
2252.168529033661, 2061.3907476324707, 2222.94265384014
2252.9604070186615, 2056.997766937761, 2222.9268268538863
2253.6944427490234, 2056.997766937761, 2222.9268268538863
2254.443436384201, 2057.7919490376107, 2222.5848739670255
2255.171486854553, 2057.7919490376107, 2222.5848739670255
2255.6681566238403, 2057.7919490376107, 2222.5848739670255
2256.1608395576477, 2057.7919490376107, 2222.5848739670255
2256.9407510757446, 2061.77085986596, 2223.594546503327
2257.678772687912, 2061.77085986596, 2223.594546503327
2258.4457201957703, 2056.192276116574, 2224.075214514671
2259.1757650375366, 2056.192276116574, 2224.075214514671
2259.6594705581665, 2056.192276116574, 2224.075214514671
2260.154146194458, 2056.192276116574, 2224.075214514671
2260.9540028572083, 2058.532303476483, 2223.8308849256646
2261.908447742462, 2058.689318053979, 2223.0271609579163
2262.460967540741, 2057.914539456144, 2223.712054837996
2263.1810393333435, 2057.914539456144, 2223.712054837996
2263.6747200489044, 2057.914539456144, 2223.712054837996
2264.1703910827637, 2057.914539456144, 2223.712054837996
2264.9882004261017, 2056.8767080743373, 2223.452917783285
2265.659403324127, 2056.8767080743373, 2223.452917783285
2266.155076265335, 2056.8767080743373, 2223.452917783285
2266.689644575119, 2056.8767080743373, 2223.452917783285
2267.170357465744, 2056.8767080743373, 2223.452917783285
2267.683981180191, 2056.8767080743373, 2223.452917783285
2268.1736719608307, 2056.8767080743373, 2223.452917783285
2268.9635560512543, 2061.694681402537, 2222.326838313351
2269.6606884002686, 2061.694681402537, 2222.326838313351
2270.1573593616486, 2061.694681402537, 2222.326838313351
2270.9263005256653, 2063.1539230621092, 2222.3151200928082
2271.181615591049, 2063.1539230621092, 2222.3151200928082
2271.65833902359, 2063.1539230621092, 2222.3151200928082
2272.170968055725, 2063.1539230621092, 2222.3151200928082
2272.6596579551697, 2063.1539230621092, 2222.3151200928082
2273.1802639961243, 2063.1539230621092, 2222.3151200928082
2273.9003376960754, 2061.83079586268, 2222.03471949992
2274.1716117858887, 2061.83079586268, 2222.03471949992
2274.9445407390594, 2060.607914707389, 2222.592789166626
2275.6506485939026, 2060.607914707389, 2222.592789166626
2276.170258283615, 2060.607914707389, 2222.592789166626
2276.64199590683, 2060.607914707389, 2222.592789166626
2277.1616032123566, 2060.607914707389, 2222.592789166626
2277.64630484581, 2060.607914707389, 2222.592789166626
2278.4112570285797, 2060.9225616537697, 2222.613148460059
2278.909921646118, 2058.8569072063365, 2222.630747996505
2279.4075887203217, 2058.956297921279, 2222.6800532050893
2279.6509370803833, 2058.956297921279, 2222.6800532050893
2280.167554140091, 2058.956297921279, 2222.6800532050893
2280.8946073055267, 2060.708124768493, 2223.1649036247927
2281.157902956009, 2060.708124768493, 2223.1649036247927
2281.668534755707, 2060.708124768493, 2223.1649036247927
2282.454430580139, 2061.439471574508, 2222.5496455333405
2283.496639251709, 2060.9339248349966, 2223.5014392236276
2284.1738266944885, 2060.9339248349966, 2223.5014392236276
2284.6734919548035, 2060.9339248349966, 2223.5014392236276
2285.5521364212036, 2058.5723484898976, 2222.8002506962603
2286.148540496826, 2058.5723484898976, 2222.8002506962603
2287.0361614227295, 2062.0022244473553, 2222.441805148125
2287.6804361343384, 2062.0022244473553, 2222.441805148125
2288.1900720596313, 2062.0022244473553, 2222.441805148125
2289.0447833538055, 2058.969572948669, 2223.3946816283997
2289.682076215744, 2058.969572948669, 2223.3946816283997
2290.1837344169617, 2058.969572948669, 2223.3946816283997
2290.951677799225, 2060.2083812134138, 2222.3717133739715
2291.6677594184875, 2060.2083812134138, 2222.3717133739715
2292.186370611191, 2060.2083812134138, 2222.3717133739715
2293.028117418289, 2060.761644353213, 2222.2131742635756
2293.6853568553925, 2060.761644353213, 2222.2131742635756
2294.1820278167725, 2060.761644353213, 2222.2131742635756
2294.6866767406464, 2060.761644353213, 2222.2131742635756
2295.213268518448, 2060.761644353213, 2222.2131742635756
2295.699962615967, 2060.761644353213, 2222.2131742635756
2296.2155816555023, 2060.761644353213, 2222.2131742635756
2296.697292804718, 2060.761644353213, 2222.2131742635756
2297.184986114502, 2060.761644353213, 2222.2131742635756
2297.7055928707123, 2060.761644353213, 2222.2131742635756
2298.178326368332, 2060.761644353213, 2222.2131742635756
2298.6710064411163, 2060.761644353213, 2222.2131742635756
2299.1537141799927, 2060.761644353213, 2222.2131742635756
2299.7082295417786, 2060.761644353213, 2222.2131742635756
2300.161017179489, 2060.761644353213, 2222.2131742635756
2300.9339487552643, 2062.159202315049, 2222.8247917334634
2301.163332939148, 2062.159202315049, 2222.8247917334634
2301.9931106567383, 2058.3119614078714, 2223.2840014824733
2302.970494031906, 2063.206081359492, 2223.232758356094
2303.9389011859894, 2061.438595009477, 2223.02077926075
2304.9731328487396, 2059.583491120271, 2223.220480561762
2306.0472555160522, 2059.942227719261, 2223.5516233062945
2306.9827518463135, 2058.0324492289706, 2223.601198878723
2308.0000269412994, 2062.7357701484675, 2222.606720721776
2308.718103170395, 2062.7357701484675, 2222.606720721776
2309.5239474773407, 2060.0301540392334, 2223.524472253683
2310.1921570301056, 2060.0301540392334, 2223.524472253683
2310.694810152054, 2060.0301540392334, 2223.524472253683
2311.4946689605713, 2061.9938054688287, 2223.0062893342174
2312.180831193924, 2061.9938054688287, 2223.0062893342174
2312.671518087387, 2061.9938054688287, 2223.0062893342174
2313.1592121124268, 2061.9938054688287, 2223.0062893342174
2313.7027566432953, 2061.9938054688287, 2223.0062893342174
2314.205409526825, 2061.9938054688287, 2223.0062893342174
2314.7030777931213, 2061.9938054688287, 2223.0062893342174
2315.1528730392456, 2061.9938054688287, 2223.0062893342174
2316.043488264084, 2056.766201669895, 2223.5322867975274
2317.0537827014923, 2059.445774302984, 2223.507753545547
2317.7140159606934, 2059.445774302984, 2223.507753545547
2318.2795009613037, 2059.445774302984, 2223.507753545547
2318.713339805603, 2059.445774302984, 2223.507753545547
2319.2010345458984, 2059.445774302984, 2223.507753545547
2319.716652393341, 2059.445774302984, 2223.507753545547
2320.219307422638, 2059.445774302984, 2223.507753545547
2320.74689412117, 2059.445774302984, 2223.507753545547
2321.2136442661285, 2059.445774302984, 2223.507753545547
2322.0793266296387, 2063.162809358754, 2223.1550296376186
2322.7136266231537, 2063.162809358754, 2223.1550296376186
2323.217278957367, 2063.162809358754, 2223.1550296376186
2323.7039754390717, 2063.162809358754, 2223.1550296376186
2324.238543510437, 2063.162809358754, 2223.1550296376186
2324.6853473186493, 2063.162809358754, 2223.1550296376186
2325.188001871109, 2063.162809358754, 2223.1550296376186
2326.094574689865, 2062.6450454347987, 2222.7242826371707
2326.7089293003082, 2062.6450454347987, 2222.7242826371707
2327.168697834015, 2062.6450454347987, 2222.7242826371707
2327.6743450164795, 2062.6450454347987, 2222.7242826371707
2328.181986093521, 2062.6450454347987, 2222.7242826371707
2328.6906237602234, 2062.6450454347987, 2222.7242826371707
2329.1783168315887, 2062.6450454347987, 2222.7242826371707
2330.0350217819214, 2064.908595821767, 2222.7127757617814
2330.68927192688, 2064.908595821767, 2222.7127757617814
2331.1819512844086, 2064.908595821767, 2222.7127757617814
2331.6596732139587, 2064.908595821767, 2222.7127757617814
2332.2131910324097, 2064.908595821767, 2222.7127757617814
2332.68891787529, 2064.908595821767, 2222.7127757617814
2333.2384448051453, 2064.908595821767, 2222.7127757617814
2333.699209690094, 2064.908595821767, 2222.7127757617814
2334.2008678913116, 2064.908595821767, 2222.7127757617814
2334.6855702400208, 2064.908595821767, 2222.7127757617814
2335.1962032318115, 2064.908595821767, 2222.7127757617814
2335.996060371399, 2075.3771393516167, 2222.752888049524
2336.6822226047516, 2075.3771393516167, 2222.752888049524
2337.2287588119507, 2075.3771393516167, 2222.752888049524
2338.047568321228, 2079.450376623735, 2223.1154609762657
2338.699819803238, 2079.450376623735, 2223.1154609762657
2339.1925015449524, 2079.450376623735, 2223.1154609762657
2339.6712210178375, 2079.450376623735, 2223.1154609762657
2340.551861524582, 2077.37606116332, 2222.7017344592373
2341.192146539688, 2077.37606116332, 2222.7017344592373
2341.9690685272217, 2079.4645994957004, 2223.6683785829127
2342.9963150024414, 2081.2603481604474, 2223.6564451258687
2343.6964404582977, 2081.2603481604474, 2223.6564451258687
2344.210066795349, 2081.2603481604474, 2223.6564451258687
2344.7087297439575, 2081.2603481604474, 2223.6564451258687
2345.2183651924133, 2081.2603481604474, 2223.6564451258687
2345.949409008026, 2080.4148646431963, 2223.8069475922075
2346.7203435897827, 2080.4148646431963, 2223.8069475922075
2347.245936155319, 2080.4148646431963, 2223.8069475922075
2347.667807340622, 2080.4148646431963, 2223.8069475922075
2348.582357406616, 2081.7243599612716, 2223.794631916649
2349.1847450733185, 2081.7243599612716, 2223.794631916649
2349.945707798004, 2076.7028632171427, 2223.806931176531
2350.6757519245148, 2076.7028632171427, 2223.806931176531
2351.1983540058136, 2076.7028632171427, 2223.806931176531
2351.644160747528, 2076.7028632171427, 2223.806931176531
2352.513830423355, 2071.917951934617, 2224.185786662737
2353.1680784225464, 2071.917951934617, 2224.185786662737
2353.643805503845, 2071.917951934617, 2224.185786662737
2354.1733865737915, 2071.917951934617, 2224.185786662737
2354.6640725135803, 2071.917951934617, 2224.185786662737
2355.190661907196, 2071.917951934617, 2224.185786662737
2355.9246973991394, 2081.3209087888054, 2223.98206167494
2356.530076265335, 2081.307835873063, 2223.9474606290046
2357.1733531951904, 2081.307835873063, 2223.9474606290046
2357.6869785785675, 2081.307835873063, 2223.9474606290046
2358.2125701904297, 2081.307835873063, 2223.9474606290046
2358.7042553424835, 2081.307835873063, 2223.9474606290046
2359.1809771060944, 2081.307835873063, 2223.9474606290046
2359.982830286026, 2074.1833507546035, 2223.9517709044
2360.969188451767, 2078.6021491535635, 2223.933005692708
2361.9435799121857, 2076.6713371104124, 2223.8288541737916
2362.9917755126953, 2075.9734052331046, 2224.0461854380665
2363.673946619034, 2075.9734052331046, 2224.0461854380665
2364.4538581371307, 2076.34675592249, 2223.29978927154
2365.5010538101196, 2075.305689156503, 2223.3289174309693
2366.1533069610596, 2075.305689156503, 2223.3289174309693
2366.676905632019, 2075.305689156503, 2223.3289174309693
2367.1795585155487, 2075.305689156503, 2223.3289174309693
2367.653290271759, 2075.305689156503, 2223.3289174309693
2368.129016160965, 2075.305689156503, 2223.3289174309693
2368.6955001354218, 2075.305689156503, 2223.3289174309693
2369.43053150177, 2075.8498558472547, 2223.7702625532243
2370.4448158740997, 2078.183513635673, 2224.132630111668
2371.2037839889526, 2078.183513635673, 2224.132630111668
2371.909893512726, 2079.258082764553, 2223.070948334129
2372.1432683467865, 2079.258082764553, 2223.070948334129
2372.9800276756287, 2077.3683482880742, 2224.2678345882796
2374.0092709064484, 2080.5985519023916, 2224.023009857186
2374.6635184288025, 2080.5985519023916, 2224.023009857186
2375.3815972805023, 2076.5988316775733, 2223.8949761421854
2375.9869751930237, 2071.457639167158, 2223.6856979249324
2376.701063156128, 2071.457639167158, 2223.6856979249324
2377.14786696434, 2071.457639167158, 2223.6856979249324
2378.000583410263, 2073.0326818857843, 2223.4232882187853
2378.7076909542084, 2073.0326818857843, 2223.4232882187853
2379.4596774578094, 2076.817394383012, 2223.6252696478477
2380.1787509918213, 2076.817394383012, 2223.6252696478477
2380.9885833263397, 2079.4107742632664, 2223.488348043998
2382.043757200241, 2077.866023637839, 2224.2283964512408
2382.942351579666, 2058.6021536339263, 2222.9674702968864
2383.6604297161102, 2058.6021536339263, 2222.9674702968864
2384.174054145813, 2058.6021536339263, 2222.9674702968864
2384.693661212921, 2058.6021536339263, 2222.9674702968864
2385.1624059677124, 2058.6021536339263, 2222.9674702968864
2385.912398338318, 2001.8809216513694, 2222.816329401883
2386.417047023773, 1974.5758012373567, 2223.1212096102877
2386.685328245163, 1974.5758012373567, 2223.1212096102877
2387.166040658951, 1974.5758012373567, 2223.1212096102877
2387.6786687374115, 1974.5758012373567, 2223.1212096102877
2388.183316707611, 1974.5758012373567, 2223.1212096102877
2388.691956281662, 1974.5758012373567, 2223.1212096102877
2389.1796522140503, 1974.5758012373567, 2223.1212096102877
2390.003443002701, 1990.783874739784, 2222.763148703824
2390.6796324253082, 1990.783874739784, 2222.763148703824
2391.4804887771606, 2009.7973670123476, 2223.0979402865582
2392.213525056839, 2009.7973670123476, 2223.0979402865582
2392.6872565746307, 2009.7973670123476, 2223.0979402865582
2393.1899123191833, 2009.7973670123476, 2223.0979402865582
2393.668630361557, 2009.7973670123476, 2223.0979402865582
2394.5831797122955, 2031.9358460740639, 2222.726713599887
2395.1586401462555, 2031.9358460740639, 2222.726713599887
2395.685229539871, 2031.9358460740639, 2222.726713599887
2396.204836845398, 2031.9358460740639, 2222.726713599887
2396.995719432831, 2041.936934005905, 2221.846835603681
2397.6739044189453, 2041.936934005905, 2221.846835603681
2398.538588285446, 2039.1869789146397, 2222.587900392001
2399.1988208293915, 2039.1869789146397, 2222.587900392001
2400.0026681423187, 2036.3105400769953, 2222.8552439316377
2400.682846069336, 2036.3105400769953, 2222.8552439316377
2401.1605682373047, 2036.3105400769953, 2222.8552439316377
2401.6572382450104, 2036.3105400769953, 2222.8552439316377
2402.5498483181, 2036.5249907776079, 2223.0771469483057
2403.1841502189636, 2036.5249907776079, 2223.0771469483057
2404.0149240493774, 2035.6176560463605, 2222.8326697794855
2404.7180428504944, 2035.6176560463605, 2222.8326697794855
2405.2306706905365, 2035.6176560463605, 2222.8326697794855
2405.6794679164886, 2035.6176560463605, 2222.8326697794855
2406.6319167613983, 2035.9596972952306, 2222.695098449791
2407.582372903824, 2041.136825694659, 2221.8466350036733
2408.2106931209564, 2041.136825694659, 2221.8466350036733
2408.7073588371277, 2041.136825694659, 2221.8466350036733
2409.2369408607483, 2041.136825694659, 2221.8466350036733
2409.6817502975464, 2041.136825694659, 2221.8466350036733
2410.198366165161, 2041.136825694659, 2221.8466350036733
2410.712988615036, 2041.136825694659, 2221.8466350036733
2411.4929032325745, 2044.865005009436, 2222.1937679434877
2412.197015285492, 2044.865005009436, 2222.1937679434877
2412.6996686458588, 2044.865005009436, 2222.1937679434877
2413.1853699684143, 2044.865005009436, 2222.1937679434877
2413.680044412613, 2044.865005009436, 2222.1937679434877
2414.584620952606, 2039.373753094492, 2222.45093128148
2415.4642658233643, 2041.4782422569895, 2222.503850847199
2416.4865283966064, 2037.9686346363426, 2222.8804215952027
2417.1946325302124, 2037.9686346363426, 2222.8804215952027
2417.6374459266663, 2037.9686346363426, 2222.8804215952027
2418.426334619522, 2035.6319182675725, 2222.6237728353685
2419.5004575252533, 2034.964313379492, 2222.628656382733
2420.503771543503, 2040.0992937367655, 2222.4498546745012
2421.481155395508, 2036.3702012878916, 2222.4786117476892
2422.5343339443207, 2039.3524021867781, 2222.368351254405
2423.1676392555237, 2039.3524021867781, 2222.368351254405
2423.9595177173615, 2037.1847747220916, 2222.91634537075
2424.91894865036, 2033.0366374719065, 2222.7319259396277
2425.2281210422516, 2033.0366374719065, 2222.7319259396277
2425.6809089183807, 2033.0366374719065, 2222.7319259396277
2426.3949971199036, 2007.5023385451652, 2222.298761967145
2427.4172592163086, 2007.1847604842533, 2222.5152569940287
2428.497367143631, 2014.4856361989437, 2222.221790802904
2429.4318640232086, 1998.5294464841272, 2222.5907383404415
2430.4291944503784, 1999.3699690719936, 2221.3355324026224
2431.4624276161194, 2016.7937850944859, 2221.422231853896
2432.4826962947845, 2025.7909295157176, 2222.1990045681564
2433.471049785614, 2021.0088907539164, 2223.0327632051076
2434.1901228427887, 2021.0088907539164, 2223.0327632051076
2434.7007563114166, 2021.0088907539164, 2223.0327632051076
2435.4417717456818, 2030.8426494283085, 2222.7254710162883
2436.1578540802, 2030.8426494283085, 2222.7254710162883
2436.959707736969, 2032.554757276441, 2222.706081917682
2437.699725151062, 2032.554757276441, 2222.706081917682
2438.183429956436, 2032.554757276441, 2222.706081917682
2438.983289003372, 2035.7934696752734, 2222.5302196219845
2440.035471200943, 2038.6220402371766, 2222.6633483706332
2440.98592710495, 2043.134200624797, 2222.6549458954887
2442.0211539268494, 2044.8485807785787, 2221.894863541908
2442.67041516304, 2044.8485807785787, 2221.894863541908
2443.5021872520447, 2045.1620210951498, 2223.6928980687267
2444.5055010318756, 2052.6236152739652, 2222.190271647214
2445.503828048706, 2049.563056954285, 2222.4739145681265
2446.2199099063873, 2049.563056954285, 2222.4739145681265
2446.672697544098, 2049.563056954285, 2222.4739145681265
2447.4486203193665, 2060.6377301712455, 2222.3797192425686
2448.1786646842957, 2060.6377301712455, 2222.3797192425686
2448.6813192367554, 2060.6377301712455, 2222.3797192425686
2449.413359642029, 2055.338646390077, 2222.918183098468
2449.6896200180054, 2055.338646390077, 2222.918183098468
2450.179307937622, 2055.338646390077, 2222.918183098468
2450.6729865074158, 2055.338646390077, 2222.918183098468
2451.3631389141083, 2058.4246706593144, 2222.1937763147466
2452.011402130127, 2056.9589690074627, 2222.0933999362524
2452.679613828659, 2056.9589690074627, 2222.0933999362524
2453.1663115024567, 2056.9589690074627, 2222.0933999362524
2453.424620628357, 2056.9589690074627, 2222.0933999362524
2453.9691610336304, 2060.403271322368, 2221.729786946581
2454.6742718219757, 2060.403271322368, 2221.729786946581
2455.162964105606, 2060.403271322368, 2221.729786946581
2455.954843521118, 2059.7990840441794, 2222.9452152904287
2456.641006708145, 2059.7990840441794, 2222.9452152904287
2457.165600538254, 2059.7990840441794, 2222.9452152904287
2457.684212207794, 2059.7990840441794, 2222.9452152904287
2458.3963067531586, 2060.7758139574184, 2222.5343766118667
2458.680545091629, 2060.7758139574184, 2222.5343766118667
2459.457465648651, 2059.720283407578, 2222.467200710772
2460.4537961483, 2058.360799156877, 2222.949419220189
2461.4142241477966, 2057.638356688579, 2223.013016503758
2461.7134232521057, 2057.638356688579, 2223.013016503758
2462.435489177704, 2056.778337809898, 2223.0386822972973
2463.147583961487, 2056.778337809898, 2223.0386822972973
2463.684146165848, 2056.778337809898, 2223.0386822972973
2464.185802221298, 2056.778337809898, 2223.0386822972973
2464.669507265091, 2056.778337809898, 2223.0386822972973
2465.1651804447174, 2056.778337809898, 2223.0386822972973
2465.6538712978363, 2056.778337809898, 2223.0386822972973
2466.1625101566315, 2056.778337809898, 2223.0386822972973
2466.6831147670746, 2056.778337809898, 2223.0386822972973
2467.1728043556213, 2056.778337809898, 2223.0386822972973
2467.6595017910004, 2056.778337809898, 2223.0386822972973
2468.4414076805115, 2058.956270494265, 2222.680884122461
2469.1475172042847, 2058.956270494265, 2222.680884122461
2469.652164697647, 2058.956270494265, 2222.680884122461
2470.159806728363, 2058.956270494265, 2222.680884122461
2470.92675280571, 2058.9191120212568, 2223.2237421538352
2471.180075407028, 2058.9191120212568, 2223.2237421538352
2471.6468250751495, 2058.9191120212568, 2223.2237421538352
2472.158455848694, 2058.9191120212568, 2223.2237421538352
2472.668088912964, 2058.9191120212568, 2223.2237421538352
2473.1597723960876, 2058.9191120212568, 2223.2237421538352
2473.9546461105347, 2058.5866058062616, 2222.667100087595
2474.6637468338013, 2058.5866058062616, 2222.667100087595
2475.153434753418, 2058.5866058062616, 2222.667100087595
2475.6580832004547, 2058.5866058062616, 2222.667100087595
2476.4848709106445, 2061.010736042652, 2222.6140808809946
2477.1690378189087, 2061.010736042652, 2222.6140808809946
2477.649749279022, 2061.010736042652, 2222.6140808809946
2478.4176943302155, 2061.459261754894, 2222.4735656842226
2478.689964056015, 2061.459261754894, 2222.4735656842226
2479.1597073078156, 2061.459261754894, 2222.4735656842226
2479.659368991852, 2061.459261754894, 2222.4735656842226
2480.475184440613, 2057.3977276702553, 2223.017194536711
2481.1663331985474, 2057.3977276702553, 2223.017194536711
2481.651035785675, 2057.3977276702553, 2223.017194536711
2482.156682252884, 2057.3977276702553, 2223.017194536711
2482.6653196811676, 2057.3977276702553, 2223.017194536711
2483.1699693202972, 2057.3977276702553, 2223.017194536711
2483.6726224422455, 2057.3977276702553, 2223.017194536711
2484.456522703171, 2058.4962278920902, 2223.388458973028
2485.161636829376, 2058.4962278920902, 2223.388458973028
2485.6602993011475, 2058.4962278920902, 2223.388458973028
2486.414281129837, 2060.8270628784594, 2222.611413437908
2486.6715910434723, 2060.8270628784594, 2222.611413437908
2487.161281347275, 2060.8270628784594, 2222.611413437908
2487.6659297943115, 2060.8270628784594, 2222.611413437908
2487.88733625412, 2060.8270628784594, 2222.611413437908
2488.1695806980133, 2060.8270628784594, 2222.611413437908
2488.6842017173767, 2060.8270628784594, 2222.611413437908
2489.151950120926, 2060.8270628784594, 2222.611413437908
2489.9398398399353, 2060.3665511308313, 2222.1245676434482
2490.661906480789, 2060.3665511308313, 2222.1245676434482
2491.180517911911, 2060.3665511308313, 2222.1245676434482
2491.657241821289, 2060.3665511308313, 2222.1245676434482
2492.4670729637146, 2060.156356442395, 2222.7865910638097
2493.159220457077, 2060.156356442395, 2222.7865910638097
2493.6668610572815, 2060.156356442395, 2222.7865910638097
2494.464725255966, 2063.1400330240313, 2222.947312588446
2495.156870365143, 2063.1400330240313, 2222.947312588446
2495.6555352211, 2063.1400330240313, 2222.947312588446
2496.1561942100525, 2063.1400330240313, 2222.947312588446
2496.670817375183, 2063.1400330240313, 2222.947312588446
2497.4228041172028, 2061.180279390169, 2222.592112983041
2497.9633553028107, 2059.230356831805, 2222.5125344953867
2498.877910375595, 2060.435783871776, 2222.1292904736993
2499.1571593284607, 2060.435783871776, 2222.1292904736993
2499.625907421112, 2060.435783871776, 2222.1292904736993
2500.1714425086975, 2060.435783871776, 2222.1292904736993
2500.662128686905, 2060.435783871776, 2222.1292904736993
2501.167774915695, 2060.435783871776, 2222.1292904736993
2501.638514280319, 2060.435783871776, 2222.1292904736993
2502.4164311885834, 2063.959878586985, 2222.2801039312135
2502.6727447509766, 2063.959878586985, 2222.2801039312135
2503.4357013702393, 2065.0265008565857, 2222.528244493998
2504.419068813324, 2064.6523084105906, 2222.559654104627
2505.175044298172, 2064.6523084105906, 2222.559654104627
2505.660744667053, 2064.6523084105906, 2222.559654104627
2506.1584117412567, 2064.6523084105906, 2222.559654104627
2506.6520898342133, 2064.6523084105906, 2222.559654104627
2507.1557409763336, 2064.6523084105906, 2222.559654104627
2507.663381576538, 2064.6523084105906, 2222.559654104627
2508.1530706882477, 2064.6523084105906, 2222.559654104627
2508.6477456092834, 2064.6523084105906, 2222.559654104627
2509.3628311157227, 2066.7960233821404, 2222.1398239903547
2509.6650211811066, 2066.7960233821404, 2222.1398239903547
2510.135762453079, 2066.7960233821404, 2222.1398239903547
2510.6583621501923, 2066.7960233821404, 2222.1398239903547
2511.165004491806, 2066.7960233821404, 2222.1398239903547
2511.663670539856, 2066.7960233821404, 2222.1398239903547
2512.142388343811, 2066.7960233821404, 2222.1398239903547
2512.6619970798492, 2066.7960233821404, 2222.1398239903547
2513.3681049346924, 2072.2004804611456, 2222.373945116652
2513.649352788925, 2072.2004804611456, 2222.373945116652
2514.1589889526367, 2072.2004804611456, 2222.373945116652
2514.9518649578094, 2073.2728654532157, 2222.270848819538
2515.6519904136658, 2073.2728654532157, 2222.270848819538
2516.155641078949, 2073.2728654532157, 2222.270848819538
2516.932561635971, 2068.5899558286314, 2222.758451346828
2517.93288230896, 2068.675003738151, 2223.2373793141487
2518.16526055336, 2068.675003738151, 2223.2373793141487
2518.9421803951263, 2068.201088689354, 2223.2171576974774
2519.9325289726257, 2069.412411914511, 2222.8758287189494
2520.1748819351196, 2069.412411914511, 2222.8758287189494
2520.954789876938, 2068.0507675224458, 2222.523006617494
2521.6668841838837, 2068.0507675224458, 2222.523006617494
2522.153580188751, 2068.0507675224458, 2222.523006617494
2522.9005811214447, 2067.11366081824, 2223.128700728839
2523.45609331131, 2064.2220097763034, 2223.1388783872817
2524.1641976833344, 2064.2220097763034, 2223.1388783872817
2524.962059736252, 2051.0661695636286, 2222.458984990229
2525.656201839447, 2051.0661695636286, 2222.458984990229
2526.1588571071625, 2051.0661695636286, 2222.458984990229
2526.679461956024, 2051.0661695636286, 2222.458984990229
2527.4783222675323, 2040.0734431182786, 2223.0553417557912
2528.1654829978943, 2040.0734431182786, 2223.0553417557912
2528.6761152744293, 2040.0734431182786, 2223.0553417557912
2529.1827602386475, 2040.0734431182786, 2223.0553417557912
2529.679428100586, 2040.0734431182786, 2223.0553417557912
2530.1780936717987, 2040.0734431182786, 2223.0553417557912
2530.664790868759, 2040.0734431182786, 2223.0553417557912
2531.1624579429626, 2040.0734431182786, 2223.0553417557912
2531.9304015636444, 2018.45728305743, 2222.533440521606
2532.6664311885834, 2018.45728305743, 2222.533440521606
2533.4593074321747, 1987.297103495027, 2223.158367557975
2534.416743040085, 1971.142107344241, 2222.900333889454
2534.694001197815, 1971.142107344241, 2222.900333889454
2535.518793106079, 1960.951424348108, 2222.8626385521543
2536.167056322098, 1960.951424348108, 2222.8626385521543
2536.654750585556, 1960.951424348108, 2222.8626385521543
2537.4386518001556, 1942.4521421163438, 2221.91244139467
2538.1567299365997, 1942.4521421163438, 2221.91244139467
2538.648413181305, 1942.4521421163438, 2221.91244139467
2539.1650297641754, 1942.4521421163438, 2221.91244139467
2539.6557137966156, 1942.4521421163438, 2221.91244139467
2540.179313182831, 1942.4521421163438, 2221.91244139467
2540.9681997299194, 1875.4946550923157, 2224.2316422482636
2541.941595554352, 1875.196948048808, 2223.847826700717
2542.3006315231323, 1875.196948048808, 2223.847826700717
2542.5818786621094, 1875.196948048808, 2223.847826700717
2542.825227499008, 1875.196948048808, 2223.847826700717
2543.166314125061, 1875.196948048808, 2223.847826700717
2543.9502148628235, 1860.3255324150211, 2224.9878562848075
2544.6782655715942, 1860.3255324150211, 2224.9878562848075
2545.455185651779, 1860.2703929674544, 2225.2098992023152
2546.1602969169617, 1860.2703929674544, 2225.2098992023152
2546.659960269928, 1860.2703929674544, 2225.2098992023152
2547.166603088379, 1860.2703929674544, 2225.2098992023152
2547.6792299747467, 1860.2703929674544, 2225.2098992023152
2548.1529614925385, 1860.2703929674544, 2225.2098992023152
2548.9727659225464, 1857.4780783085184, 2224.8397705536086
2549.6609241962433, 1857.4780783085184, 2224.8397705536086
2550.0239503383636, 1857.4780783085184, 2224.8397705536086
2550.2712891101837, 1857.4780783085184, 2224.8397705536086
2550.6422951221466, 1857.4780783085184, 2224.8397705536086
2551.1569175720215, 1857.4780783085184, 2224.8397705536086
2551.6765275001526, 1857.4780783085184, 2224.8397705536086
2552.1632227897644, 1857.4780783085184, 2224.8397705536086
2552.664879322052, 1857.4780783085184, 2224.8397705536086
2552.9311673641205, 1857.4780783085184, 2224.8397705536086
2553.1894764900208, 1857.4780783085184, 2224.8397705536086
2553.929493188858, 1859.7769703420213, 2224.258597412561
2554.6635286808014, 1859.7769703420213, 2224.258597412561
2555.161195039749, 1859.7769703420213, 2224.258597412561
2555.9331290721893, 1860.7933298286944, 2224.959999159885
2556.182460308075, 1860.7933298286944, 2224.959999159885
2556.920484304428, 1859.0160187239774, 2225.250162766254
2557.1847760677338, 1859.0160187239774, 2225.250162766254
2557.6644926071167, 1859.0160187239774, 2225.250162766254
2558.1561748981476, 1859.0160187239774, 2225.250162766254
2558.6518471240997, 1859.0160187239774, 2225.250162766254
2559.415802001953, 1863.99898074273, 2224.6382748956403
2559.950371026993, 1903.5321577639318, 2223.894642667734
2560.6824100017548, 1903.5321577639318, 2223.894642667734
2561.4603276252747, 1909.8716294015742, 2224.143186666307
2562.16544008255, 1909.8716294015742, 2224.143186666307
2562.661112308502, 1909.8716294015742, 2224.143186666307
2563.4091098308563, 1944.9291061224083, 2222.7800785213444
2563.669412612915, 1944.9291061224083, 2222.7800785213444
2564.161095380783, 1944.9291061224083, 2222.7800785213444
2564.660757780075, 1944.9291061224083, 2222.7800785213444
2565.4466540813446, 1951.5570377140907, 2223.2226380466805
2566.416058063507, 1985.534731150844, 2222.8382086189617
2566.6823456287384, 1985.534731150844, 2222.8382086189617
2567.1620597839355, 1985.534731150844, 2222.8382086189617
2567.9559359550476, 1990.0880557366172, 2222.5141707893786
2568.6570568084717, 1990.0880557366172, 2222.5141707893786
2569.4090433120728, 2046.7234273129538, 2222.6023675605056
2569.6892931461334, 2046.7234273129538, 2222.6023675605056
2570.4063720703125, 2052.395241870835, 2222.563884287462
2570.6606924533844, 2052.395241870835, 2222.563884287462
2571.154370546341, 2052.395241870835, 2222.563884287462
2571.6679944992065, 2052.395241870835, 2222.563884287462
2572.1736402511597, 2052.395241870835, 2222.563884287462
2572.667319059372, 2052.395241870835, 2222.563884287462
2573.4113278388977, 2066.861724575791, 2222.4839505396153
2573.6606595516205, 2066.861724575791, 2222.4839505396153
2574.1742827892303, 2066.861724575791, 2222.4839505396153
2574.6639721393585, 2066.861724575791, 2222.4839505396153
2575.1756014823914, 2066.861724575791, 2222.4839505396153
2575.955513715744, 2078.74729185524, 2223.279566983557
2576.915941953659, 2080.1278373325754, 2223.0750333081733
2577.430563926697, 2080.313960972231, 2223.157777702476
2577.950171470642, 2081.6720659352973, 2224.002959814482
2578.672238588333, 2081.6720659352973, 2224.002959814482
2579.180877685547, 2081.6720659352973, 2224.002959814482
2579.9368529319763, 2072.990224857389, 2223.863411697693
2580.9331846237183, 2076.8587183144236, 2223.587710233722
2581.9484663009644, 2077.833092940056, 2223.75818793533
2582.6884846687317, 2077.833092940056, 2223.75818793533
2582.9557690620422, 2077.833092940056, 2223.75818793533
2583.1961245536804, 2077.833092940056, 2223.75818793533
2583.459420442581, 2077.833092940056, 2223.75818793533
2583.7107498645782, 2077.833092940056, 2223.75818793533
2584.168520927429, 2077.833092940056, 2223.75818793533
2584.660205602646, 2077.833092940056, 2223.75818793533
2585.4161796569824, 2076.228335137791, 2223.9999065850943
2586.1641776561737, 2076.228335137791, 2223.9999065850943
2586.658854007721, 2076.228335137791, 2223.9999065850943
2587.15652012825, 2076.228335137791, 2223.9999065850943
2587.6472067832947, 2076.228335137791, 2223.9999065850943
2588.405177116394, 2078.8074837465724, 2222.9157499423563
2588.6684713363647, 2078.8074837465724, 2222.9157499423563
2589.1412057876587, 2078.8074837465724, 2222.9157499423563
2589.682755947113, 2078.8074837465724, 2222.9157499423563
2590.1594789028168, 2078.8074837465724, 2222.9157499423563
2590.6661219596863, 2078.8074837465724, 2222.9157499423563
2591.4390523433685, 2076.7424499072713, 2223.664668195225
2592.162116289139, 2076.7424499072713, 2223.664668195225
2592.6837191581726, 2076.7424499072713, 2223.664668195225
2593.17839550972, 2076.7424499072713, 2223.664668195225
2593.6800529956818, 2076.7424499072713, 2223.664668195225
2594.4539794921875, 2075.435491774627, 2223.4337813499365
2595.153107881546, 2075.435491774627, 2223.4337813499365
2595.6537675857544, 2075.435491774627, 2223.4337813499365
2596.4536254405975, 2075.9632931991796, 2224.1362950417497
2597.4479637145996, 2073.992166175809, 2223.3660480169283
2598.153073787689, 2073.992166175809, 2223.3660480169283
2598.9210181236267, 2076.41683812313, 2223.2605634016136
2599.665026664734, 2076.41683812313, 2223.2605634016136
2600.1736640930176, 2076.41683812313, 2223.2605634016136
2600.6683390140533, 2076.41683812313, 2223.2605634016136
2601.167004108429, 2076.41683812313, 2223.2605634016136
2601.6786348819733, 2076.41683812313, 2223.2605634016136
2602.4804866313934, 2074.562816218328, 2223.479055956952
2603.182606458664, 2074.562816218328, 2223.479055956952
2603.6872560977936, 2074.562816218328, 2223.479055956952
2604.4591879844666, 2079.267880854137, 2224.2700959343097
2605.190231323242, 2079.267880854137, 2224.2700959343097
2605.6689500808716, 2079.267880854137, 2224.2700959343097
2606.1636254787445, 2079.267880854137, 2224.2700959343097
2606.672261953354, 2079.267880854137, 2224.2700959343097
2607.1679344177246, 2079.267880854137, 2224.2700959343097
2607.6835544109344, 2079.267880854137, 2224.2700959343097
2608.4165921211243, 2077.5189078140916, 2223.6681413558026
2608.6988360881805, 2077.5189078140916, 2223.6681413558026
2609.160598754883, 2077.5189078140916, 2223.6681413558026
2609.6652479171753, 2077.5189078140916, 2223.6681413558026
2610.165908575058, 2077.5189078140916, 2223.6681413558026
2610.6845190525055, 2077.5189078140916, 2223.6681413558026
2611.201135158539, 2077.5189078140916, 2223.6681413558026
2611.6678853034973, 2077.5189078140916, 2223.6681413558026
2612.1735322475433, 2077.5189078140916, 2223.6681413558026
2612.686158657074, 2077.5189078140916, 2223.6681413558026
2613.166872024536, 2077.5189078140916, 2223.6681413558026
2613.6605517864227, 2077.5189078140916, 2223.6681413558026
2614.4504351615906, 2078.289656636181, 2223.877031148605
2615.1954412460327, 2078.289656636181, 2223.877031148605
2615.6831336021423, 2078.289656636181, 2223.877031148605
2616.1688330173492, 2078.289656636181, 2223.877031148605
2616.9676938056946, 2075.239092450653, 2221.751193792685
2617.6638300418854, 2075.239092450653, 2221.751193792685
2618.1724693775177, 2075.239092450653, 2221.751193792685
2618.6731276512146, 2075.239092450653, 2221.751193792685
2619.147855758667, 2075.239092450653, 2221.751193792685
2619.6724514961243, 2075.239092450653, 2221.751193792685
2620.1681241989136, 2075.239092450653, 2221.751193792685
2620.949033498764, 2075.052084250417, 2222.8983000296867
2621.6641175746918, 2075.052084250417, 2222.8983000296867
2622.4460260868073, 2077.6570296635045, 2222.873866927719
2623.1840481758118, 2077.6570296635045, 2222.873866927719
2623.663764476776, 2077.6570296635045, 2222.873866927719
2624.1634249687195, 2077.6570296635045, 2222.873866927719
2624.951315879822, 2075.473076004228, 2223.2018044340202
2625.658421754837, 2075.473076004228, 2223.2018044340202
2626.4413270950317, 2079.876290060847, 2222.7822914986773
2627.399759531021, 2076.8514995886553, 2222.9783536801297
2627.6750223636627, 2076.8514995886553, 2222.9783536801297
2628.160722255707, 2076.8514995886553, 2222.9783536801297
2628.6803307533264, 2076.8514995886553, 2222.9783536801297
2629.180990457535, 2076.8514995886553, 2222.9783536801297
2629.6726739406586, 2076.8514995886553, 2222.9783536801297
2630.1673486232758, 2076.8514995886553, 2222.9783536801297
2630.6550431251526, 2076.8514995886553, 2222.9783536801297
2631.4568960666656, 2073.3085358333487, 2222.9521816909337
2632.1899330615997, 2073.3085358333487, 2222.9521816909337
2632.687599182129, 2073.3085358333487, 2222.9521816909337
2633.407671689987, 2072.8298595636975, 2222.793022102196
2633.6580016613007, 2072.8298595636975, 2222.793022102196
2634.160656452179, 2072.8298595636975, 2222.793022102196
2634.915633916855, 2074.6249308027495, 2223.053343732003
2635.437237262726, 2076.409210988078, 2223.015647911736
2636.4435431957245, 2074.1385304752807, 2222.890072634144
2637.1785740852356, 2074.1385304752807, 2222.890072634144
2637.6692612171173, 2074.1385304752807, 2222.890072634144
2638.168922185898, 2074.1385304752807, 2222.890072634144
2638.925895690918, 2074.4949830204664, 2222.972252546522
2639.1931807994843, 2074.4949830204664, 2222.972252546522
2639.9232246875763, 2078.7103286914194, 2222.862079657272
2640.191506624222, 2078.7103286914194, 2222.862079657272
2640.6632442474365, 2078.7103286914194, 2222.862079657272
2641.427197933197, 2077.507259771603, 2223.251282855445
2641.673538208008, 2077.507259771603, 2223.251282855445
2642.1692128181458, 2077.507259771603, 2223.251282855445
2642.9371540546417, 2072.3199506523674, 2222.9964262995086
2643.7180631160736, 2072.3199506523674, 2222.9964262995086
2644.1738436222076, 2072.3199506523674, 2222.9964262995086
2644.686471223831, 2072.3199506523674, 2222.9964262995086
2645.4224996566772, 2075.445518625792, 2222.601240560617
2645.6987607479095, 2075.445518625792, 2222.601240560617
2646.18146777153, 2075.445518625792, 2222.601240560617
2646.670158624649, 2075.445518625792, 2222.601240560617
2647.194755792618, 2075.445518625792, 2222.601240560617
2647.7233378887177, 2075.445518625792, 2222.601240560617
2648.1870987415314, 2075.445518625792, 2222.601240560617
2648.6847655773163, 2075.445518625792, 2222.601240560617
2649.199387073517, 2075.445518625792, 2222.601240560617
2649.7080233097076, 2075.445518625792, 2222.601240560617
2650.2186572551727, 2075.445518625792, 2222.601240560617
2650.682415008545, 2075.445518625792, 2222.601240560617
2651.5181770324707, 2079.745165013318, 2223.026256909431
2652.1913738250732, 2079.745165013318, 2223.026256909431
2652.6810636520386, 2079.745165013318, 2223.026256909431
2653.2006719112396, 2079.745165013318, 2223.026256909431
2654.020476102829, 2072.5288745891826, 2222.8954054983838
2654.6807084083557, 2072.5288745891826, 2222.8954054983838
2655.1464636325836, 2072.5288745891826, 2222.8954054983838
2655.7099528312683, 2072.5288745891826, 2222.8954054983838
2656.195652484894, 2072.5288745891826, 2222.8954054983838
2656.9625980854034, 2077.793317458283, 2222.3768104593846
2658.0147807598114, 2077.468107443967, 2222.4674387418368
2658.6839904785156, 2077.468107443967, 2222.4674387418368
2659.594550848007, 2076.713524328176, 2222.6232061055484
2660.1889584064484, 2076.713524328176, 2222.6232061055484
2660.771399974823, 2076.713524328176, 2222.6232061055484
2661.6460592746735, 2074.9922036427033, 2222.5851842065335
2662.2065556049347, 2074.9922036427033, 2222.5851842065335
2662.7161927223206, 2074.9922036427033, 2222.5851842065335
2663.197902917862, 2074.9922036427033, 2222.5851842065335
2663.725489139557, 2074.9922036427033, 2222.5851842065335
2664.205204486847, 2074.9922036427033, 2222.5851842065335
2664.7118508815765, 2074.9922036427033, 2222.5851842065335
2665.6054549217224, 2074.4738184646517, 2222.7455120685813
2666.2178149223328, 2074.4738184646517, 2222.7455120685813
2666.708500623703, 2074.4738184646517, 2222.7455120685813
2667.557230234146, 2078.1973441721775, 2222.8099521060813
2668.198511838913, 2078.1973441721775, 2222.8099521060813
2668.7221097946167, 2078.1973441721775, 2222.8099521060813
2669.225760936737, 2078.1973441721775, 2222.8099521060813
2670.104407787323, 2078.681729348475, 2222.5334245519953
2670.740705013275, 2078.681729348475, 2222.5334245519953
2671.554524421692, 2076.3699840026857, 2223.3810642936032
2672.237694978714, 2076.3699840026857, 2223.3810642936032
2672.705443382263, 2076.3699840026857, 2223.3810642936032
2673.190146923065, 2076.3699840026857, 2223.3810642936032
2673.745658159256, 2076.3699840026857, 2223.3810642936032
2674.226371526718, 2076.3699840026857, 2223.3810642936032
2674.7210459709167, 2076.3699840026857, 2223.3810642936032
2675.1977701187134, 2076.3699840026857, 2223.3810642936032
2675.7343335151672, 2076.3699840026857, 2223.3810642936032
2676.207067489624, 2076.3699840026857, 2223.3810642936032
2676.717699289322, 2076.3699840026857, 2223.3810642936032
2677.2223496437073, 2076.3699840026857, 2223.3810642936032
2677.7349758148193, 2076.3699840026857, 2223.3810642936032
2678.315420627594, 2076.3699840026857, 2223.3810642936032
2678.7871577739716, 2076.3699840026857, 2223.3810642936032
2679.2249863147736, 2076.3699840026857, 2223.3810642936032
2680.1614780426025, 2078.9057620008657, 2222.5073883952937
2680.71200466156, 2078.9057620008657, 2222.5073883952937
2681.219645500183, 2078.9057620008657, 2222.5073883952937
2681.713325023651, 2078.9057620008657, 2222.5073883952937
2682.5620498657227, 2073.3272035103428, 2222.6422565568487
2683.514500141144, 2076.481122188165, 2222.049688872717
2684.551721572876, 2077.9062346580113, 2222.5201285659996
2685.1860241889954, 2077.9062346580113, 2222.5201285659996
2686.039737224579, 2077.3831862960133, 2222.3865983223563
2686.7039585113525, 2077.3831862960133, 2222.3865983223563
2687.2135951519012, 2077.3831862960133, 2222.3865983223563
2687.965581178665, 2074.013526496327, 2222.773350886839
2688.699615240097, 2074.013526496327, 2222.773350886839
2689.4855103492737, 2074.072327207273, 2222.6637532768214
2690.2384939193726, 2074.072327207273, 2222.6637532768214
2690.685297727585, 2074.072327207273, 2222.6637532768214
2691.4652106761932, 2075.3930674181565, 2222.2741370107374
2692.5203840732574, 2074.9457645659677, 2222.350869247955
2693.224498987198, 2074.9457645659677, 2222.350869247955
2694.0024156570435, 2077.388576474377, 2222.6415248535436
2694.71550655365, 2077.388576474377, 2222.6415248535436
2695.5033960342407, 2078.9570280208604, 2222.9371739959583
2696.5326397418976, 2075.481481064176, 2222.0139187370332
2697.200851202011, 2075.481481064176, 2222.0139187370332
2697.9707901477814, 2074.845475004756, 2222.726072533982
2698.6988396644592, 2074.845475004756, 2222.726072533982
2699.1975054740906, 2074.845475004756, 2222.726072533982
2699.972430229187, 2082.583698049584, 2223.265779084083
2700.702474594116, 2082.583698049584, 2223.265779084083
2701.2410323619843, 2082.583698049584, 2223.265779084083
2701.681852579117, 2082.583698049584, 2223.265779084083
2702.5226023197174, 2078.033656455194, 2222.66506843828
2703.182832479477, 2078.033656455194, 2222.66506843828
2703.9567601680756, 2077.0371571162796, 2223.1813960065465
2704.6987733840942, 2077.0371571162796, 2223.1813960065465
2705.2044196128845, 2077.0371571162796, 2223.1813960065465
2705.692113161087, 2077.0371571162796, 2223.1813960065465
2706.5498175621033, 2079.299404719867, 2222.812727505796
2707.493290901184, 2076.0627593290124, 2222.5509300690615
2708.182446241379, 2076.0627593290124, 2222.5509300690615
2708.954377412796, 2077.711860433682, 2221.9737864529798
2709.695394039154, 2077.711860433682, 2221.9737864529798
2710.442393541336, 2077.9847670263075, 2219.799168814236
2711.223302602768, 2077.9847670263075, 2219.799168814236
2711.7030186653137, 2077.9847670263075, 2219.799168814236
2712.5108563899994, 2070.3365260000396, 2216.7431464065025
2713.232921600342, 2070.3365260000396, 2216.7431464065025
2713.703660964966, 2070.3365260000396, 2216.7431464065025
2714.514490365982, 2063.7852832681247, 2214.9259204514387
2715.214615345001, 2063.7852832681247, 2214.9259204514387
2715.7072966098785, 2063.7852832681247, 2214.9259204514387
2716.1850168704987, 2063.7852832681247, 2214.9259204514387
2716.9818830490112, 2061.186127886228, 2212.345638700084
2717.6680459976196, 2061.186127886228, 2212.345638700084
2718.3581969738007, 2060.3818722406204, 2210.695812804582
2718.6823301315308, 2060.3818722406204, 2210.695812804582
2719.1799981594086, 2060.3818722406204, 2210.695812804582
2719.9748690128326, 2064.336941490881, 2209.866646921893
2720.6889564990997, 2064.336941490881, 2209.866646921893
2721.1926081180573, 2064.336941490881, 2209.866646921893
2721.692270040512, 2064.336941490881, 2209.866646921893
2722.5070888996124, 2060.3605910941264, 2209.828500772274
2723.4356014728546, 2063.5300201265045, 2209.816367406308
2724.1676411628723, 2063.5300201265045, 2209.816367406308
2724.7231538295746, 2063.5300201265045, 2209.816367406308
2725.2058613300323, 2063.5300201265045, 2209.816367406308
2725.7045261859894, 2063.5300201265045, 2209.816367406308
2726.5562450885773, 2058.276984289994, 2209.6790370492085
2727.1885516643524, 2058.276984289994, 2209.6790370492085
2727.708161354065, 2058.276984289994, 2209.6790370492085
2728.488072156906, 2060.5055648300145, 2209.7150033943144
2729.213129758835, 2060.5055648300145, 2209.7150033943144
2729.685867547989, 2060.5055648300145, 2209.7150033943144
2730.166577100754, 2060.5055648300145, 2209.7150033943144
2731.026276111603, 2058.47281689202, 2209.6807119403475
2731.9478085041046, 2064.0793127274337, 2209.5722750670393
2732.733703136444, 2064.0793127274337, 2209.5722750670393
2733.183500289917, 2064.0793127274337, 2209.5722750670393
2733.649251937866, 2064.0793127274337, 2209.5722750670393
2734.505957365036, 2057.6143324149416, 2209.1889802096757
2735.438461780548, 2062.4939383553588, 2209.53211389844
2736.1724956035614, 2062.4939383553588, 2209.53211389844
2736.6671714782715, 2062.4939383553588, 2209.53211389844
2737.420154571533, 2063.1371557278294, 2209.6311310887468
2737.92679810524, 2068.097686241979, 2209.669376092136
2738.180120229721, 2068.097686241979, 2209.669376092136
2738.911161661148, 2065.246718637358, 2209.5212993268324
2739.443736076355, 2063.0662037686293, 2209.8318994076244
2740.46799325943, 2062.673629836777, 2209.7168058390007
2741.1810841560364, 2062.673629836777, 2209.7168058390007
2741.6548166275024, 2062.673629836777, 2209.7168058390007
2742.43173623085, 2058.9884453489917, 2209.197430589453
2742.689046382904, 2058.9884453489917, 2209.197430589453
2743.171753168106, 2058.9884453489917, 2209.197430589453
2743.950667858124, 2062.5079600189047, 2209.6836297813647
2744.0833122730255, 2062.5079600189047, 2209.6836297813647
2744.703650712967, 2062.5079600189047, 2209.6836297813647
2745.4366891384125, 2063.457701586897, 2209.816795881381
2745.6920058727264, 2063.457701586897, 2209.816795881381
2746.1607496738434, 2063.457701586897, 2209.816795881381
2746.684347629547, 2063.457701586897, 2209.816795881381
2747.1760318279266, 2063.457701586897, 2209.816795881381
2747.6966383457184, 2063.457701586897, 2209.816795881381
2748.484528541565, 2063.525580363644, 2209.332222681232
2749.199611902237, 2063.525580363644, 2209.332222681232
2749.9575827121735, 2056.3297658064075, 2209.485072335473
2750.6906197071075, 2056.3297658064075, 2209.485072335473
2751.1703357696533, 2056.3297658064075, 2209.485072335473
2751.6739888191223, 2056.3297658064075, 2209.485072335473
2752.4598817825317, 2058.212446334467, 2209.382151673271
2753.191922187805, 2058.212446334467, 2209.382151673271
2753.6756267547607, 2058.212446334467, 2209.382151673271
2754.4904448986053, 2062.1251510150855, 2209.50848586689
2755.1746129989624, 2062.1251510150855, 2209.50848586689
2755.674280166626, 2062.1251510150855, 2209.50848586689
2756.4182827472687, 2053.124842159697, 2209.546899443687
2757.1912126541138, 2053.124842159697, 2209.546899443687
2757.6809022426605, 2053.124842159697, 2209.546899443687
2758.1825590133667, 2053.124842159697, 2209.546899443687
2758.6762368679047, 2053.124842159697, 2209.546899443687
2759.419246673584, 2059.9083256108447, 2209.6944478181163
2759.682542324066, 2059.9083256108447, 2209.6944478181163
2759.8251597881317, 2059.9083256108447, 2209.6944478181163
2760.155275821686, 2059.9083256108447, 2209.6944478181163
2760.9541370868683, 2065.0530535601097, 2209.590103479784
2761.4877076148987, 2065.0530535601097, 2209.590103479784
2761.682187795639, 2065.0530535601097, 2209.590103479784
2762.4680819511414, 2066.2814661687826, 2209.5491152831296
2762.7194097042084, 2066.2814661687826, 2209.5491152831296
2763.482367515564, 2060.6256159978316, 2209.478148082345
2763.6618864536285, 2060.6256159978316, 2209.478148082345
2764.4497768878937, 2065.186127091093, 2209.2654962441666
2765.4331443309784, 2059.5472780132573, 2210.100156038687
2765.5977036952972, 2059.5472780132573, 2210.100156038687
2766.1901161670685, 2059.5472780132573, 2210.100156038687
2766.6698322296143, 2059.5472780132573, 2210.100156038687
2767.407855987549, 2060.0478572558627, 2209.620082032553
2767.543491601944, 2060.0478572558627, 2209.620082032553
2768.010242462158, 2064.612991084802, 2209.4488319047978
2768.8689427375793, 2061.401080480098, 2209.4644973219083
2769.165150165558, 2061.401080480098, 2209.4644973219083
2769.662818670273, 2061.401080480098, 2209.4644973219083
2770.1754446029663, 2061.401080480098, 2209.4644973219083
2770.6741099357605, 2061.401080480098, 2209.4644973219083
2771.156817674637, 2061.401080480098, 2209.4644973219083
2771.925758600235, 2063.4767494200373, 2209.37254728743
2772.1820726394653, 2063.4767494200373, 2209.37254728743
2772.6727571487427, 2063.4767494200373, 2209.37254728743
2773.407788991928, 2062.36902208943, 2209.4874909074006
2773.9373726844788, 2060.0314350645335, 2209.517359787446
2774.2186188697815, 2060.0314350645335, 2209.517359787446
2774.695342063904, 2060.0314350645335, 2209.517359787446
2775.4014513492584, 2064.8690591945688, 2209.171121267135
2775.912086248398, 2061.020164226125, 2209.5730291271702
2776.4007744789124, 2059.9648778166556, 2209.730157804104
2776.884479522705, 2059.389060632011, 2209.46684512025
2777.1617381572723, 2059.389060632011, 2209.46684512025
2777.681346654892, 2059.389060632011, 2209.46684512025
2778.4044098854065, 2058.8115588496876, 2209.603160111842
2778.9489517211914, 2069.125068392235, 2209.6163123459355
2779.182327747345, 2069.125068392235, 2209.6163123459355
2779.666032552719, 2069.125068392235, 2209.6163123459355
2780.4190146923065, 2061.954137746307, 2209.376305551747
2780.6673500537872, 2061.954137746307, 2209.376305551747
2781.449256181717, 2062.9394646633605, 2209.533574245039
2782.42364692688, 2062.804652509191, 2209.5767794455505
2782.6750111579895, 2062.804652509191, 2209.5767794455505
2783.186605453491, 2062.804652509191, 2209.5767794455505
2783.701226234436, 2062.804652509191, 2209.5767794455505
2784.186925649643, 2062.804652509191, 2209.5767794455505
2784.691575050354, 2062.804652509191, 2209.5767794455505
2785.1832587718964, 2062.804652509191, 2209.5767794455505
2785.9103107452393, 2059.5593558901146, 2209.4876751264837
2786.0519320964813, 2059.5593558901146, 2209.4876751264837
2786.5057163238525, 2062.556210581571, 2209.5575102302314
2787.1749267578125, 2062.556210581571, 2209.5575102302314
2787.948852777481, 2063.4523744681724, 2209.4658292074746
2788.449511528015, 2063.0047604038264, 2209.7010896890215
2789.166591644287, 2063.0047604038264, 2209.7010896890215
2789.9006266593933, 2066.640157531518, 2209.488592889011
2790.1818737983704, 2066.640157531518, 2209.488592889011
2790.6835293769836, 2066.640157531518, 2209.488592889011
2791.4305307865143, 2060.5614737189753, 2209.5913455894097
2792.1775283813477, 2060.5614737189753, 2209.5913455894097
2792.6941463947296, 2060.5614737189753, 2209.5913455894097
2793.1828367710114, 2060.5614737189753, 2209.5913455894097
2793.9627516269684, 2063.784897287641, 2209.60708567419
2794.6828215122223, 2063.784897287641, 2209.60708567419
2795.175501346588, 2063.784897287641, 2209.60708567419
2795.6831424236298, 2063.784897287641, 2209.60708567419
2796.182804107666, 2063.784897287641, 2209.60708567419
2796.9258151054382, 2062.9736311431657, 2209.545584915098
2797.4982821941376, 2059.0683494822706, 2209.38627393887
2798.1804552078247, 2059.0683494822706, 2209.38627393887
2798.944409132004, 2059.1817662055905, 2209.386740457803
2799.189754486084, 2059.1817662055905, 2209.386740457803
2799.6804387569427, 2059.1817662055905, 2209.386740457803
2800.4224514961243, 2064.441058175836, 2209.7089477966265
2800.6677944660187, 2064.441058175836, 2209.7089477966265
2801.4477059841156, 2068.7709503094884, 2209.5125130995075
2802.189718723297, 2068.7709503094884, 2209.5125130995075
2802.676417350769, 2068.7709503094884, 2209.5125130995075
2803.4453568458557, 2063.462833818859, 2209.6061000786444
2804.175401687622, 2063.462833818859, 2209.6061000786444
2804.958306312561, 2065.8038161191694, 2209.9110897539867
2805.690344810486, 2065.8038161191694, 2209.9110897539867
2806.174050807953, 2065.8038161191694, 2209.9110897539867
2806.6707203388214, 2065.8038161191694, 2209.9110897539867
2807.4546208381653, 2064.560969280348, 2209.582535693114
2808.189653158188, 2064.560969280348, 2209.582535693114
2808.6863226890564, 2064.560969280348, 2209.582535693114
2809.487179040909, 2061.341316994173, 2209.4725850474883
2810.171347141266, 2061.341316994173, 2209.4725850474883
2810.678987979889, 2061.341316994173, 2209.4725850474883
2810.828587293625, 2061.341316994173, 2209.4725850474883
2811.157704591751, 2061.341316994173, 2209.4725850474883
2811.9505817890167, 2063.954180906078, 2209.665936094522
2812.955890417099, 2058.6369864301005, 2209.6529391062786
2813.676959514618, 2058.6369864301005, 2209.6529391062786
2814.169640302658, 2058.6369864301005, 2209.6529391062786
2814.6673085689545, 2058.6369864301005, 2209.6529391062786
2815.4681630134583, 2060.7665409405954, 2209.269342889409
2816.1692864894867, 2060.7665409405954, 2209.269342889409
2816.661967754364, 2060.7665409405954, 2209.269342889409
2817.0080420970917, 2060.7665409405954, 2209.269342889409
2817.5256547927856, 2062.846044499785, 2209.527142942374
2818.4431958198547, 2066.9792746651956, 2209.584350508868
2818.706491947174, 2066.9792746651956, 2209.584350508868
2819.181220293045, 2066.9792746651956, 2209.584350508868
2819.6699120998383, 2066.9792746651956, 2209.584350508868
2820.179547548294, 2066.9792746651956, 2209.584350508868
2820.6702337265015, 2066.9792746651956, 2209.584350508868
2821.412248134613, 2060.404148534232, 2209.280125938092
2821.9647674560547, 2061.5988543056897, 2209.657013095866
2822.955114841461, 2063.373809796553, 2209.3857525240946
2823.6871540546417, 2063.373809796553, 2209.3857525240946
2824.4371461868286, 2065.489133962945, 2209.669582815988
2824.6765065193176, 2065.489133962945, 2209.669582815988
2825.44744181633, 2061.7532210319055, 2209.6041536103003
2826.1754920482635, 2061.7532210319055, 2209.6041536103003
2826.6701667308807, 2061.7532210319055, 2209.6041536103003
2827.166839122772, 2061.7532210319055, 2209.6041536103003
2827.9547266960144, 2061.7450235196347, 2209.4202740896435
2828.6738018989563, 2061.7450235196347, 2209.4202740896435
2829.4746568202972, 2064.784127060937, 2209.5099961223327
2830.1757793426514, 2064.784127060937, 2209.5099961223327
2830.6714532375336, 2064.784127060937, 2209.5099961223327
2831.44438457489, 2061.235508288677, 2209.8152965759823
2832.1873927116394, 2061.235508288677, 2209.8152965759823
2832.7000210285187, 2061.235508288677, 2209.8152965759823
2833.18173122406, 2061.235508288677, 2209.8152965759823
2833.9586503505707, 2061.0027133738863, 2209.318810811417
2834.6657576560974, 2061.0027133738863, 2209.318810811417
2835.4526500701904, 2059.6889102203213, 2209.6663804990853
2836.187683582306, 2059.6889102203213, 2209.6663804990853
2836.944655895233, 2060.9932768630274, 2209.2855698083245
2837.9050829410553, 2064.517900236253, 2209.5441037743785
2838.1693761348724, 2064.517900236253, 2209.5441037743785
2838.6899807453156, 2064.517900236253, 2209.5441037743785
2839.175680875778, 2064.517900236253, 2209.5441037743785
2839.9516026973724, 2070.462820833096, 2209.64149834987
2840.6816477775574, 2070.462820833096, 2209.64149834987
2841.4525825977325, 2068.570327251831, 2209.5062818592805
2842.175647497177, 2068.570327251831, 2209.5062818592805
2842.6713201999664, 2068.570327251831, 2209.5062818592805
2843.44225525856, 2064.4999390650114, 2209.5792039126
2844.1683118343353, 2064.4999390650114, 2209.5792039126
2844.666976213455, 2064.4999390650114, 2209.5792039126
2845.181598186493, 2064.4999390650114, 2209.5792039126
2845.665303468704, 2064.4999390650114, 2209.5792039126
2846.1749382019043, 2064.4999390650114, 2209.5792039126
2846.6835765838623, 2064.4999390650114, 2209.5792039126
2847.1652867794037, 2064.4999390650114, 2209.5792039126
2847.9372189044952, 2068.7377827987834, 2209.5559853657633
2848.203506231308, 2068.7377827987834, 2209.5559853657633
2848.9425280094147, 2058.3385202284676, 2209.284592996047
2849.6825456619263, 2062.1406009445013, 2209.6178496963853
2849.8989667892456, 2062.1406009445013, 2209.6178496963853
2850.169242620468, 2062.1406009445013, 2209.6178496963853
2850.660926103592, 2062.1406009445013, 2209.6178496963853
2851.4597868919373, 2064.1292659813544, 2209.469961507937
2852.422210216522, 2062.5208768428383, 2209.5695809651443
2853.172202348709, 2062.5208768428383, 2209.5695809651443
2853.663886785507, 2062.5208768428383, 2209.5695809651443
2854.4258456230164, 2058.1628461676137, 2209.2888532676066
2854.6731832027435, 2058.1628461676137, 2209.2888532676066
2855.183814764023, 2058.1628461676137, 2209.2888532676066
2855.927823781967, 2075.636334199724, 2209.5219654325665
2856.205080270767, 2075.636334199724, 2209.5219654325665
2856.49031662941, 2075.636334199724, 2209.5219654325665
2856.6837978363037, 2075.636334199724, 2209.5219654325665
2857.4776740074158, 2068.747285974537, 2209.4907462297215
2858.445083618164, 2063.946345820351, 2209.302622570752
2858.7203452587128, 2063.946345820351, 2209.302622570752
2859.1811134815216, 2063.946345820351, 2209.302622570752
2859.9989223480225, 2075.2814036507457, 2209.5019183724553
2860.6771054267883, 2075.2814036507457, 2209.5019183724553
2861.465993642807, 2054.736670627141, 2209.266896877778
2862.4314074516296, 2067.2519483258084, 2209.5916520108767
2863.164447069168, 2067.2519483258084, 2209.5916520108767
2863.7030036449432, 2071.9127616915193, 2209.6800278892642
2863.911445379257, 2071.9127616915193, 2209.6800278892642
2864.469949245453, 2061.6207670640897, 2209.705777270685
2865.402452468872, 2060.10239138502, 2209.607617070886
2865.666744709015, 2060.10239138502, 2209.607617070886
2866.451643228531, 2059.3309756221515, 2209.231916370688
2866.595258951187, 2059.3309756221515, 2209.231916370688
2867.17271232605, 2059.3309756221515, 2209.231916370688
2867.9177169799805, 2066.0466489001938, 2209.414838792949
2868.168046951294, 2066.0466489001938, 2209.414838792949
2868.6886534690857, 2066.0466489001938, 2209.414838792949
2869.4186980724335, 2063.1331756270993, 2209.606406012074
2869.585251569748, 2063.1331756270993, 2209.606406012074
2869.781726360321, 2063.1331756270993, 2209.606406012074
2870.1287965774536, 2063.1331756270993, 2209.606406012074
2870.676330089569, 2063.1331756270993, 2209.606406012074
2870.8239345550537, 2063.1331756270993, 2209.606406012074
2871.168013572693, 2063.1331756270993, 2209.606406012074
2871.962886095047, 2064.4098567345054, 2209.4702418070833
2872.681960105896, 2064.4098567345054, 2209.4702418070833
2873.198578119278, 2064.4098567345054, 2209.4702418070833
2873.693252325058, 2064.4098567345054, 2209.4702418070833
2874.445237636566, 2069.5924972043194, 2209.639687061073
2875.186253786087, 2069.5924972043194, 2209.639687061073
2875.982122898102, 2055.0447196557593, 2209.4669750402286
2876.943547964096, 2063.8265484564804, 2209.482743164957
2877.7304451465607, 2063.8265484564804, 2209.482743164957
2878.5043692588806, 2063.728529667098, 2209.511412707843
2879.2164618968964, 2063.728529667098, 2209.511412707843
2879.6862065792084, 2063.728529667098, 2209.511412707843
2880.202821493149, 2063.728529667098, 2209.511412707843
2880.683534383774, 2063.728529667098, 2209.511412707843
2881.256000518799, 2063.728529667098, 2209.511412707843
2881.688841342926, 2063.728529667098, 2209.511412707843
2882.4647653102875, 2059.7215823289075, 2209.44520458946
2883.2077734470367, 2059.7215823289075, 2209.44520458946
2883.690483570099, 2059.7215823289075, 2209.44520458946
2884.5222544670105, 2060.8044040662494, 2209.572652334609
2885.206422328949, 2060.8044040662494, 2209.572652334609
2886.0541520118713, 2063.006077236956, 2209.538010672596
2886.6984298229218, 2063.006077236956, 2209.538010672596
2887.5232186317444, 2069.686528380075, 2209.6479694467125
2888.1814579963684, 2069.686528380075, 2209.6479694467125
2889.0002636909485, 2063.3373108185506, 2209.688679247772
2889.998592376709, 2064.466250237925, 2209.5160312082935
2890.6707911491394, 2064.466250237925, 2209.5160312082935
2891.4477105140686, 2062.622184974531, 2209.740363843188
2892.1937124729156, 2062.622184974531, 2209.740363843188
2892.6784148216248, 2062.622184974531, 2209.740363843188
2893.2169728279114, 2062.622184974531, 2209.740363843188
2893.710650205612, 2062.622184974531, 2209.740363843188
2894.204328775406, 2062.622184974531, 2209.740363843188
2895.0051834583282, 2067.389655995239, 2209.5419203954557
2895.667412519455, 2067.389655995239, 2209.5419203954557
2896.459290266037, 2060.679191368452, 2209.3244538498866
2897.1893355846405, 2060.679191368452, 2209.3244538498866
2898.045043706894, 2058.709557732461, 2209.4879104769384
2898.724225282669, 2058.709557732461, 2209.4879104769384
2899.219898223877, 2058.709557732461, 2209.4879104769384
2899.7235491275787, 2058.709557732461, 2209.4879104769384
2900.239170074463, 2058.709557732461, 2209.4879104769384
2900.73783326149, 2058.709557732461, 2209.4879104769384
2901.1976034641266, 2058.709557732461, 2209.4879104769384
2902.052315235138, 2063.3272004860864, 2209.588038881283
2902.705564022064, 2063.3272004860864, 2209.588038881283
2903.186278104782, 2063.3272004860864, 2209.588038881283
2904.047970056534, 2066.498576160601, 2209.576214205873
2905.0034115314484, 2066.2312222128576, 2209.5058599613194
2906.030661344528, 2064.5456358675524, 2209.7433644063008
2906.697876930237, 2064.5456358675524, 2209.7433644063008
2907.202523946762, 2064.5456358675524, 2209.7433644063008
2908.010360956192, 2056.229891215209, 2209.394580509915
2908.7054994106293, 2056.229891215209, 2209.394580509915
2909.1971831321716, 2056.229891215209, 2209.394580509915
2910.0518927574158, 2063.9312985374645, 2209.519259970512
2910.7001571655273, 2063.9312985374645, 2209.519259970512
2911.520960330963, 2067.2344068400935, 2209.488352560202
2912.2180948257446, 2067.2344068400935, 2209.488352560202
2913.0149598121643, 2067.176575958449, 2209.5973046504673
2913.684168577194, 2067.176575958449, 2209.5973046504673
2914.2207312583923, 2067.176575958449, 2209.5973046504673
2914.736350297928, 2067.176575958449, 2209.5973046504673
2915.189136505127, 2067.176575958449, 2209.5973046504673
2916.03786444664, 2062.616276344984, 2209.5087068269686
2916.70308303833, 2062.616276344984, 2209.5087068269686
2917.188784122467, 2062.616276344984, 2209.5087068269686
2918.0684266090393, 2061.71218041236, 2209.5005740113224
2918.7077145576477, 2061.71218041236, 2209.5005740113224
2919.186433315277, 2061.71218041236, 2209.5005740113224
2919.686096429825, 2061.71218041236, 2209.5005740113224
2920.2017152309418, 2061.71218041236, 2209.5005740113224
2920.725312232971, 2061.71218041236, 2209.5005740113224
2921.2090170383453, 2061.71218041236, 2209.5005740113224
2922.073703765869, 2065.747185099746, 2209.6487448230455
2922.675091266632, 2065.747185099746, 2209.6487448230455
2923.5577294826508, 2055.4521801655537, 2209.4766757907
2924.5400972366333, 2064.5538288429966, 2209.626131157914
2925.202325105667, 2064.5538288429966, 2209.626131157914
2925.6860313415527, 2064.5538288429966, 2209.626131157914
2926.2225918769836, 2064.5538288429966, 2209.626131157914
2926.7272408008575, 2064.5538288429966, 2209.626131157914
2927.6747052669525, 1585.105545405396, 1678.4999999999889
2928.5443754196167, 1785.1138093186853, 1546.0367390256386
2929.2684376239777, 1785.1138093186853, 1546.0367390256386
2930.00745677948, 1763.893759069984, 1365.4093585696478
2930.798339366913, 1763.893759069984, 1365.4093585696478
2931.2950093746185, 1763.893759069984, 1365.4093585696478
2931.791679620743, 1763.893759069984, 1365.4093585696478
2932.3112881183624, 1763.893759069984, 1365.4093585696478
2933.09618806839, 1821.5271598304378, 1854.5773333211248
2933.8322155475616, 1821.5271598304378, 1854.5773333211248
2934.3039524555206, 1821.5271598304378, 1854.5773333211248
2935.0988249778748, -40004.77783048185, 2385.830268262291
2935.8059318065643, -40004.77783048185, 2385.830268262291
2936.557916879654, 2093.021580970695, 881.069047058632
2937.276992082596, 2093.021580970695, 881.069047058632
2937.7587018013, 2093.021580970695, 881.069047058632
2938.272327184677, 2093.021580970695, 881.069047058632
2939.069193124771, 382.2211252055342, 2063.1176424788423
2940.0864686965942, 1937.0323020537332, 1398.7089292875432
2941.0359256267548, 2224.7775067967723, 748.5946944845937
2941.681198835373, 2224.7775067967723, 748.5946944845937
2942.542890071869, 428.3829826882225, 4687.5236680423895
2943.2908890247345, 428.3829826882225, 4687.5236680423895
2943.7735962867737, 428.3829826882225, 4687.5236680423895
2944.326116323471, 428.3829826882225, 4687.5236680423895
2944.7569642066956, 428.3829826882225, 4687.5236680423895
2945.521914243698, 2774.8541751144376, 1403.705203063893
2946.2659215927124, 2774.8541751144376, 1403.705203063893
2947.633261203766, 1638.1987880980864, 6379.100759533658
2948.5458195209503, 321.6892654580955, 2584.920294381809
2949.259905099869, 321.6892654580955, 2584.920294381809
2949.8333683013916, 321.6892654580955, 2584.920294381809
2950.329041481018, 321.6892654580955, 2584.920294381809
2950.7698624134064, 321.6892654580955, 2584.920294381809
2953.072695493698, 3908.9596411688276, 992.0000000327573
2953.820692062378, 3908.9596411688276, 992.0000000327573
2954.325340270996, 3908.9596411688276, 992.0000000327573
2954.7801234722137, 3908.9596411688276, 992.0000000327573
2955.8901517391205, 1562.1204012519154, 646.0104203013757
2956.5922706127167, 1562.1204012519154, 646.0104203013757
2957.738201856613, 3239.0566872676554, -2494.8474812156487
2958.3525569438934, 3239.0566872676554, -2494.8474812156487
2958.879147529602, 3239.0566872676554, -2494.8474812156487
2959.74183678627, 3834.0085331111136, 1308.9619068002542
2960.4389691352844, 3834.0085331111136, 1308.9619068002542
2961.371472597122, 3834.0085331111136, 1308.9619068002542
2961.9748570919037, 3834.0085331111136, 1308.9619068002542
2962.882429122925, 3834.0085331111136, 1308.9619068002542
2963.5566227436066, 2368.581611087382, 2603.6937569082756
2964.3026235103607, 2368.581611087382, 2603.6937569082756
2965.032670736313, 560.9381232979725, 436.29845720038384
2965.8444950580597, 560.9381232979725, 436.29845720038384
2966.3511390686035, 560.9381232979725, 436.29845720038384
2967.016359806061, 1810.9834842209204, 1616.586013639148
2968.068539381027, 1964.8827847138502, 2778.127440577472
2968.724782705307, 1964.8827847138502, 2778.127440577472
2969.216466188431, 1964.8827847138502, 2778.127440577472
2969.7849452495575, 1964.8827847138502, 2778.127440577472
2970.2566804885864, 1964.8827847138502, 2778.127440577472
2971.31085896492, 1800.9506442043269, 646.4776284498292
2972.234385728836, 1800.9506442043269, 646.4776284498292
2973.036238670349, 2491.120261267364, -9683.072118575765
2973.7593019008636, 2491.120261267364, -9683.072118575765
2974.2848942279816, 2491.120261267364, -9683.072118575765
2974.8045043945312, 2491.120261267364, -9683.072118575765
2975.566462993622, 1961.633105768725, 265.0168567208434
2976.359339237213, 1961.633105768725, 265.0168567208434
2976.8131244182587, 1961.633105768725, 265.0168567208434
2977.2549414634705, 1961.633105768725, 265.0168567208434
2978.1196258068085, -16845.346162021375, 1437.6051041464268
2978.8207490444183, -16845.346162021375, 1437.6051041464268
2979.6355669498444, 3656.167479500534, 2836.582242604095
2980.4204647541046, 3656.167479500534, 2836.582242604095
2980.9011809825897, 3656.167479500534, 2836.582242604095
2981.3090846538544, 3656.167479500534, 2836.582242604095
2982.105951309204, 2139.8887025857634, 1749.7610319943078
2982.7522218227386, 2139.8887025857634, 1749.7610319943078
2983.2209663391113, 2139.8887025857634, 1749.7610319943078
2983.6937000751495, 2139.8887025857634, 1749.7610319943078
2984.262178182602, 2139.8887025857634, 1749.7610319943078
2984.7448859214783, 2139.8887025857634, 1749.7610319943078
2985.2216091156006, 2139.8887025857634, 1749.7610319943078
2986.0912804603577, 1129.01173331236, 1410.1650542598338
2986.788414478302, 1129.01173331236, 1410.1650542598338
2987.2192735671997, 1129.01173331236, 1410.1650542598338
2987.749839782715, 1129.01173331236, 1410.1650542598338
2988.3013627529144, 1129.01173331236, 1410.1650542598338
2988.8189764022827, 1129.01173331236, 1410.1650542598338
2989.2887189388275, 1129.01173331236, 1410.1650542598338
2989.791375398636, 1129.01173331236, 1410.1650542598338
2990.7069215774536, 3106.267886965065, 51869.469264029074
2991.2744011878967, 3106.267886965065, 51869.469264029074
2991.7860317230225, 3106.267886965065, 51869.469264029074
2992.3455328941345, 3106.267886965065, 51869.469264029074
2992.8182673454285, 3106.267886965065, 51869.469264029074
2993.291002511978, 3106.267886965065, 51869.469264029074
2994.087867498398, 751.0333598106525, 2014.4335685101953
2994.7770235538483, 751.0333598106525, 2014.4335685101953
2995.3076016902924, 751.0333598106525, 2014.4335685101953
2996.144360303879, 541.6023357623858, 556.9999983247196
2996.880389213562, 541.6023357623858, 556.9999983247196
3000.110740184784, 1478.8431166863922, 1143.8553724943863
3000.7909178733826, 1478.8431166863922, 1143.8553724943863
3001.3055403232574, 1478.8431166863922, 1143.8553724943863
3001.752345085144, 1478.8431166863922, 1143.8553724943863
3002.7067880630493, 1115.3301440495356, 930.8433184884057
3003.3730041980743, 1115.3301440495356, 930.8433184884057
3003.829780817032, 1115.3301440495356, 930.8433184884057
3004.407235145569, 1115.3301440495356, 930.8433184884057
3004.8979218006134, 1115.3301440495356, 930.8433184884057
3005.39159822464, 1115.3301440495356, 930.8433184884057
3005.844386816025, 1115.3301440495356, 930.8433184884057
3006.752954006195, 1905.5744612531405, 1955.7723243748283
3007.318439722061, 1905.5744612531405, 1955.7723243748283
3007.8370513916016, 1905.5744612531405, 1955.7723243748283
3008.437442779541, 1905.5744612531405, 1955.7723243748283
3008.893222808838, 1905.5744612531405, 1955.7723243748283
3009.4058496952057, 1905.5744612531405, 1955.7723243748283
3010.128913640976, 1635.060427297511, 1707.4341555005433
3010.8619520664215, 1635.060427297511, 1707.4341555005433
3011.342663526535, 1635.060427297511, 1707.4341555005433
3011.8323526382446, 1635.060427297511, 1707.4341555005433
3012.4307503700256, 1635.060427297511, 1707.4341555005433
3013.3223628997803, 1635.060427297511, 1707.4341555005433
3013.8280091285706, 1635.060427297511, 1707.4341555005433
3014.3456218242645, 1635.060427297511, 1707.4341555005433
3014.82733297348, 1635.060427297511, 1707.4341555005433
3015.32799243927, 1635.060427297511, 1707.4341555005433
3015.8226675987244, 1635.060427297511, 1707.4341555005433
3016.3263189792633, 1635.060427297511, 1707.4341555005433
3016.8259801864624, 1635.060427297511, 1707.4341555005433
3017.3346185684204, 1635.060427297511, 1707.4341555005433
3017.819321155548, 1635.060427297511, 1707.4341555005433
3018.3120012283325, 1635.060427297511, 1707.4341555005433
3018.826625108719, 1635.060427297511, 1707.4341555005433
3019.320303440094, 1635.060427297511, 1707.4341555005433
3019.83891248703, 1635.060427297511, 1707.4341555005433
3020.3056626319885, 1635.060427297511, 1707.4341555005433
3020.8312561511993, 1635.060427297511, 1707.4341555005433
3021.6161544322968, 94.8309131037996, 1885.3073918271102
3022.8707954883575, 330.1628198909316, 2944.003109102908
3023.628765821457, 330.1628198909316, 2944.003109102908
3024.6071453094482, 330.1628198909316, 2944.003109102908
3025.600486755371, 330.1628198909316, 2944.003109102908
3028.1287167072296, 1474.7423264032686, 2629.01949630257
3028.9106216430664, 1474.7423264032686, 2629.01949630257
3029.3883423805237, 1474.7423264032686, 2629.01949630257
3029.8491084575653, 1474.7423264032686, 2629.01949630257
3030.333812713623, 1474.7423264032686, 2629.01949630257
3030.849431037903, 1474.7423264032686, 2629.01949630257
3031.3540778160095, 1474.7423264032686, 2629.01949630257
3032.117035627365, 1112.0783174306932, 575.0269190505701
3033.1402955055237, 3809.47468953114, 931.0679873185611
3034.08775806427, -17580.27540488384, 1451.2287466756372
3035.175844669342, 74.56727781968216, 2322.0788011866052
3036.0225780010223, 862.5341540581921, 926.0136375284033
3037.2712342739105, 694.6036627072286, 1990.2823014497676
3038.0850563049316, 354.0233777218289, 2109.4981773803734
3039.1282608509064, 3928.7983861643697, 1279.1409369641253
3039.754584312439, 3928.7983861643697, 1279.1409369641253
3040.2362945079803, 3928.7983861643697, 1279.1409369641253
3045.0324516296387, 1999.7728619510567, -266.9794316936778
3045.75950551033, 1999.7728619510567, -266.9794316936778
3046.544403076172, 1383.6120619549115, 1350.6369616532552
3047.352241039276, 1383.6120619549115, 1350.6369616532552
3047.8110122680664, 1383.6120619549115, 1350.6369616532552
3048.4453122615814, 1792.3402797848016, 1547.1866295518382
3048.769444465637, 1792.3402797848016, 1547.1866295518382
3049.2770850658417, 1792.3402797848016, 1547.1866295518382
3049.788715839386, 1792.3402797848016, 1547.1866295518382
3050.2744171619415, 1792.3402797848016, 1547.1866295518382
3051.1760017871857, 2062.5168372728895, 830.4473029237298
3051.812296152115, 2062.5168372728895, 830.4473029237298
3052.232174873352, 2062.5168372728895, 830.4473029237298
3053.2394750118256, 1699.118318733888, 146.19620592712155
3053.910677909851, 1699.118318733888, 146.19620592712155
3054.3534932136536, 1699.118318733888, 146.19620592712155
3055.2012248039246, 1964.3047725218673, 2289.3924887219846
3055.84050989151, 1964.3047725218673, 2289.3924887219846
3056.2633798122406, 1964.3047725218673, 2289.3924887219846
3057.4142956733704, 3514.5312495220487, 2184.5367840092986
3058.035632610321, 3514.5312495220487, 2184.5367840092986
3058.9541730880737, 3514.5312495220487, 2184.5367840092986
3060.0412611961365, 3514.5312495220487, 2184.5367840092986
3061.0794820785522, 563.2825172802183, 538.0403985345318
3061.79656124115, 563.2825172802183, 538.0403985345318
3062.2872548103333, 563.2825172802183, 538.0403985345318
3063.1010699272156, 2045.3206129182877, 46559.03471119699
3063.8051846027374, 2045.3206129182877, 46559.03471119699
3064.3048453330994, 2045.3206129182877, 46559.03471119699
3065.041872024536, 653.3510700887248, 2063.403608337015
3065.795852661133, 653.3510700887248, 2063.403608337015
3066.237671136856, 653.3510700887248, 2063.403608337015
3066.719381570816, 653.3510700887248, 2063.403608337015
3067.5890510082245, 905.0836464423612, 3968.2005770913656
3068.5405032634735, 2782.9726637412914, 2845.3103289204837
3069.6884291172028, 2467.995783600869, 170.4732489314022
3070.315749645233, 2467.995783600869, 170.4732489314022
3070.754574537277, 2467.995783600869, 170.4732489314022
3071.371922016144, 2467.995783600869, 170.4732489314022
3071.8326873779297, 2467.995783600869, 170.4732489314022
3072.3473093509674, 2467.995783600869, 170.4732489314022
3073.0304803848267, 1139.5222006778736, 1092.3875205700251
3073.795432806015, 1139.5222006778736, 1092.3875205700251
3074.301078557968, 1139.5222006778736, 1092.3875205700251
3075.0041959285736, 3062.6581549640932, -4845.379202066789
3075.8190133571625, 3062.6581549640932, -4845.379202066789
3076.3535826206207, 3062.6581549640932, -4845.379202066789
3077.208293199539, 2835.6588534466723, 1219.6862027664795
3077.9951853752136, 2835.6588534466723, 1219.6862027664795
3079.8123202323914, 3876.279762188363, 872.0067216650642
3080.555329799652, 2961.115151256977, 1499.2039410457744
3081.5636310577393, 2052.5396010148565, 573.3706497982181
3082.516081094742, 44821.55291473393, 714.5516380888953
3083.5622787475586, 491.4508727094397, 12030.626809037984
3084.522707223892, 1763.8806477839635, 714.5994435011054
3085.611791610718, 868.7031130632988, 573.9433185735228
3086.3198940753937, 868.7031130632988, 573.9433185735228
3086.7816593647003, 868.7031130632988, 573.9433185735228
3087.613430738449, 3769.8168985013763, 354.86180529140876
3088.293609857559, 3769.8168985013763, 354.86180529140876
3088.775319814682, 3769.8168985013763, 354.86180529140876
3089.609087705612, 1677.7324327028546, 1411.7267959458613
3090.928553581238, 3402.5741984620417, 1221.655953744468
3091.557869195938, 2565.606335756965, 2464.844531239569
3092.2799355983734, 2565.606335756965, 2464.844531239569
3092.718763113022, 2565.606335756965, 2464.844531239569
3093.2403633594513, 2565.606335756965, 2464.844531239569
3093.790889978409, 2565.606335756965, 2464.844531239569
3094.302519798279, 2565.606335756965, 2464.844531239569
3094.735361099243, 2565.606335756965, 2464.844531239569
3095.608024120331, 598.8593298407765, 1497.7524415303492
3096.2911944389343, 598.8593298407765, 1497.7524415303492
3096.7529575824738, 598.8593298407765, 1497.7524415303492
3097.6096634864807, 2046.1204831520859, 1814.6129013010195
3098.5790677070618, 2856.1268499048533, 894.6578796721639
3099.579389810562, -9556.855334368543, 1539.8719101232493
3100.265552520752, -9556.855334368543, 1539.8719101232493
3100.7323036193848, -9556.855334368543, 1539.8719101232493
3101.553103685379, 2447.5249593010985, 2501.2290407850674
3102.3110749721527, 2447.5249593010985, 2501.2290407850674
3102.799766778946, 2447.5249593010985, 2501.2290407850674
3103.2316098213196, 2447.5249593010985, 2501.2290407850674
3104.0853233337402, 1851.7053581345958, 1493.258592925917
3104.7754764556885, 1851.7053581345958, 1493.258592925917
3105.619216442108, -423.05389229433086, 1335.1898025481623
3106.3592348098755, -423.05389229433086, 1335.1898025481623
3106.8259847164154, -423.05389229433086, 1335.1898025481623
3107.5111503601074, 1956.2425175142143, 1692.788759409196
3108.2541604042053, 1956.2425175142143, 1692.788759409196
3109.0729682445526, 2556.6593061398708, 1097.8936474667462
3109.824954509735, 2556.6593061398708, 1097.8936474667462
3110.3216240406036, 2556.6593061398708, 1097.8936474667462
3110.829266309738, 2556.6593061398708, 1097.8936474667462
3111.2591145038605, 2556.6593061398708, 1097.8936474667462
3111.822606086731, 2556.6593061398708, 1097.8936474667462
3112.295338869095, 2556.6593061398708, 1097.8936474667462
3112.7790455818176, 2556.6593061398708, 1097.8936474667462
3113.582892894745, 2448.236392894983, 186.41298309360144
3114.356818675995, 2448.236392894983, 186.41298309360144
3114.8305518627167, 2448.236392894983, 186.41298309360144
3115.6164467334747, 1092.2722110253849, 1246.3588441441264
3116.624746799469, 524.534725341884, 1221.5370601162595
3117.3228771686554, 524.534725341884, 1221.5370601162595
3117.901332139969, 524.534725341884, 1221.5370601162595
3118.5745253562927, 3382.666067818219, 1225.9291386539608
3119.23974442482, 3382.666067818219, 1225.9291386539608
3120.1921939849854, 2911.211447597638, 1308.9799026451444
3120.8025608062744, 2911.211447597638, 1308.9799026451444
3121.6223640441895, 3497.1319866162476, 2056.629904489106
3122.3274755477905, 3497.1319866162476, 2056.629904489106
3122.8361160755157, 3497.1319866162476, 2056.629904489106
3123.3018686771393, 3497.1319866162476, 2056.629904489106
3123.7945506572723, 3497.1319866162476, 2056.629904489106
3124.3161511421204, 3497.1319866162476, 2056.629904489106
3124.807834625244, 3497.1319866162476, 2056.629904489106
3125.2735888957977, 3497.1319866162476, 2056.629904489106
3125.8031692504883, 3497.1319866162476, 2056.629904489106
3126.2390019893646, 3497.1319866162476, 2056.629904489106
3126.8324134349823, 3497.1319866162476, 2056.629904489106
3127.303152322769, 3497.1319866162476, 2056.629904489106
3127.7948372364044, 3497.1319866162476, 2056.629904489106
3128.31244969368, 3497.1319866162476, 2056.629904489106
3128.78418636322, 3497.1319866162476, 2056.629904489106
3129.214036464691, 3497.1319866162476, 2056.629904489106
3130.07971739769, 2721.9009907513096, 3895.2016457951463
3130.8147492408752, 2721.9009907513096, 3895.2016457951463
3131.2984552383423, 2721.9009907513096, 3895.2016457951463
3134.0211629867554, 362.2861056643529, 1741.1162290060513
3134.7811291217804, 362.2861056643529, 1741.1162290060513
3135.2947533130646, 362.2861056643529, 1741.1162290060513
3135.807380437851, 362.2861056643529, 1741.1162290060513
3136.2691447734833, 362.2861056643529, 1741.1162290060513
3137.0340960025787, 3468.1632759322324, 1263.6843539849413
3137.777106285095, 3468.1632759322324, 1263.6843539849413
3139.240187883377, 2700.609141445589, 2712.8577151681693
3139.927348613739, 2700.609141445589, 2712.8577151681693
3143.1277780532837, 3808.3257794473443, 1524.1357960263713
3143.778038740158, 3808.3257794473443, 1524.1357960263713
3144.2896671295166, 3808.3257794473443, 1524.1357960263713
3145.129419326782, 3601.148562665682, -7276.211668687143
3145.8155817985535, 3601.148562665682, -7276.211668687143
3146.3381819725037, 3601.148562665682, -7276.211668687143
3147.090168952942, 2257.3848185789298, 2202.455208207497
3149.580500125885, 3516.370154167968, 120.46351583496129
3150.3235108852386, 3516.370154167968, 120.46351583496129
3150.8052208423615, 3516.370154167968, 120.46351583496129
3151.3397891521454, 3516.370154167968, 120.46351583496129
3151.823494195938, 3516.370154167968, 120.46351583496129
3152.3540728092194, 3516.370154167968, 120.46351583496129
3152.8218202590942, 3516.370154167968, 120.46351583496129
3153.2865765094757, 3516.370154167968, 120.46351583496129
3153.8081810474396, 3516.370154167968, 120.46351583496129
3154.3337721824646, 3516.370154167968, 120.46351583496129
3154.8294444084167, 3516.370154167968, 120.46351583496129
3155.3440663814545, 3516.370154167968, 120.46351583496129
3155.820791721344, 3516.370154167968, 120.46351583496129
3156.2925267219543, 3516.370154167968, 120.46351583496129
3156.803160429001, 3516.370154167968, 120.46351583496129
3157.8942387104034, 916.7128670073723, 23.00301797449405
3158.627274990082, 1604.563374880643, 1755.5304543095463
3159.3094487190247, 1604.563374880643, 1755.5304543095463
3159.7742035388947, 1604.563374880643, 1755.5304543095463
3160.6089680194855, 498.75132494028367, 101.75798697469776
3161.292140007019, 498.75132494028367, 101.75798697469776
3161.7878127098083, 498.75132494028367, 101.75798697469776
3162.2864780426025, 498.75132494028367, 101.75798697469776
3162.780155658722, 498.75132494028367, 101.75798697469776
3163.2897906303406, 498.75132494028367, 101.75798697469776
3167.0746557712555, 1990.8238818172442, 1251.7722863151735
3167.827638864517, 1990.8238818172442, 1251.7722863151735
3168.3532309532166, 1990.8238818172442, 1251.7722863151735
3168.80801486969, 1990.8238818172442, 1251.7722863151735
3169.570971727371, 2483.286460075875, 2090.697554530569
3170.5254151821136, 1876.1388266561512, 1043.6378729951575
3171.547677755356, 3357.335997073024, 5129.655729927738
3172.342549085617, 3357.335997073024, 5129.655729927738
3172.808302640915, 3357.335997073024, 5129.655729927738
3174.092861890793, 2913.7611566858004, 1451.619867211181
3174.856816291809, 2913.7611566858004, 1451.619867211181
3175.2746996879578, 2913.7611566858004, 1451.619867211181
3176.1792752742767, 3632.4667085778765, 1592.458187783355
3176.81956076622, 3632.4667085778765, 1592.458187783355
3177.2633724212646, 3632.4667085778765, 1592.458187783355
3178.412296295166, 2178.2806341253126, 1649.0223698729108
3179.0017178058624, 2178.2806341253126, 1649.0223698729108
3180.0798308849335, 2135.6672140367227, 895.5437472023991
3181.018321275711, 2239.0239021373245, 556.8216142691952
3182.0794761180878, 2032.7169240861, 1058.9438815143171
3183.010981798172, 1748.720216830126, 1033.9197621023654
3183.8148300647736, 1748.720216830126, 1033.9197621023654
3184.2795889377594, 1748.720216830126, 1033.9197621023654
3184.7642879486084, 1748.720216830126, 1033.9197621023654
3185.2649476528168, 1748.720216830126, 1033.9197621023654
3185.812480211258, 1748.720216830126, 1033.9197621023654
3186.2971835136414, 1748.720216830126, 1033.9197621023654
3186.797842025757, 1748.720216830126, 1033.9197621023654
3187.2596056461334, 1748.720216830126, 1033.9197621023654
3187.7622616291046, 1748.720216830126, 1033.9197621023654
3188.285857439041, 1748.720216830126, 1033.9197621023654
3188.7765443325043, 1748.720216830126, 1033.9197621023654
3189.240301847458, 1748.720216830126, 1033.9197621023654
3194.0843307971954, 2691.3036898197747, 1164.0006754229335
3195.827663898468, 3467.644003351459, 654.9953720925436
3196.5387580394745, 3467.644003351459, 654.9953720925436
3197.5530433654785, 2641.3565153887926, 1920.1519874221588
3198.2890708446503, 2641.3565153887926, 1920.1519874221588
3198.788733959198, 2641.3565153887926, 1920.1519874221588
3199.2634632587433, 2641.3565153887926, 1920.1519874221588
3199.7601325511932, 2641.3565153887926, 1920.1519874221588
3200.312653541565, 2641.3565153887926, 1920.1519874221588
3200.7883789539337, 2641.3565153887926, 1920.1519874221588
3201.592226266861, 2878.3749306733844, 84.45088537758909
3202.305317401886, 2878.3749306733844, 84.45088537758909
3202.796004295349, 2878.3749306733844, 84.45088537758909
3203.2637510299683, 2878.3749306733844, 84.45088537758909
3204.011748313904, 2529.746205050088, 62793.11914516999
3204.7796907424927, 2529.746205050088, 62793.11914516999
3205.565587282181, 3769.2069547049746, 1743.9929407131096
3206.322559595108, 3769.2069547049746, 1743.9929407131096
3206.758392572403, 3769.2069547049746, 1743.9929407131096
3207.264039516449, 3769.2069547049746, 1743.9929407131096
3208.238429784775, 1552.7629605720908, 2326.9222063950338
3208.923594713211, 1552.7629605720908, 2326.9222063950338
3209.4063050746918, 1552.7629605720908, 2326.9222063950338
3212.101086616516, 2615.5942195668067, 754.8523239663095
3212.811187028885, 2615.5942195668067, 754.8523239663095
3213.2968842983246, 2615.5942195668067, 754.8523239663095
3213.7965466976166, 2615.5942195668067, 754.8523239663095
3214.313163995743, 2615.5942195668067, 754.8523239663095
3214.7450065612793, 2615.5942195668067, 754.8523239663095
3215.608693599701, 1515.2399347076832, 2076.319454851182
3216.659879207611, 3835.48869252878, 872.7984676368379
3217.300166606903, 3835.48869252878, 872.7984676368379
3217.7569432258606, 3835.48869252878, 872.7984676368379
3218.6076633930206, 1948.414715659845, 17.641103965485858
3219.2918314933777, 1948.414715659845, 17.641103965485858
3219.792490720749, 1948.414715659845, 17.641103965485858
3220.3101041316986, 1948.414715659845, 17.641103965485858
3220.7678797245026, 1948.414715659845, 17.641103965485858
3221.3144159317017, 1948.414715659845, 17.641103965485858
3221.7402765750885, 1948.414715659845, 17.641103965485858
3222.8233754634857, 2806.502739913634, 2220.6181542366658
3223.5304820537567, 2806.502739913634, 2220.6181542366658
3224.7292716503143, 2042.6275755799977, 1926.2246497646904
3225.376538515091, 2042.6275755799977, 1926.2246497646904
3225.8383026123047, 2042.6275755799977, 1926.2246497646904
3226.342950105667, 2042.6275755799977, 1926.2246497646904
3226.8505918979645, 2042.6275755799977, 1926.2246497646904
3227.3672094345093, 2042.6275755799977, 1926.2246497646904
3227.841936349869, 2042.6275755799977, 1926.2246497646904
3228.644786596298, 3400.998128190132, 2099.316079643732
3229.7697746753693, 3381.9721809646812, 467.12929930362185
3230.60653758049, 3331.1800743808176, 1369.9991074730053
3231.588903903961, 1271.7445081022884, 588.7500210784035
3233.679305076599, 3318.8483601637818, 2989.9938705295986
3234.5978457927704, 2824.5190669401, -117.16973887043758
3235.287002325058, 2824.5190669401, -117.16973887043758
3235.7607328891754, 2824.5190669401, -117.16973887043758
3236.6034758090973, 413.7448569050546, 2960.6914093723763
3237.646682739258, 1582.7788784616337, 1886.5170224898059
3238.6310460567474, 3500.4148688722416, 77360.19422881193
3239.3082332611084, 3500.4148688722416, 77360.19422881193
3239.7560353279114, 3500.4148688722416, 77360.19422881193
3243.0133113861084, 1638.5405149058786, 875.3657765022333
3244.0704822540283, 2986.583376028008, 279.01896220393076
3244.8104996681213, 2986.583376028008, 279.01896220393076
3245.3091650009155, 2986.583376028008, 279.01896220393076
3245.779908657074, 2986.583376028008, 279.01896220393076
3246.2446608543396, 2986.583376028008, 279.01896220393076
3246.831088066101, 2986.583376028008, 279.01896220393076
3247.32376909256, 2986.583376028008, 279.01896220393076
3247.762595176697, 2986.583376028008, 279.01896220393076
3248.2562730312347, 2986.583376028008, 279.01896220393076
3249.3682944774628, 2499.582195398436, 2286.003323409636
3250.021546602249, 2499.582195398436, 2286.003323409636
3251.0657510757446, 2270.4432471705395, 3447.0511404318427
3251.7848262786865, 2270.4432471705395, 3447.0511404318427
3252.533819437027, 2152.0672622185116, 1528.1161516587504
3253.280819416046, 2152.0672622185116, 1528.1161516587504
3253.797434568405, 2152.0672622185116, 1528.1161516587504
3254.261192560196, 2152.0672622185116, 1528.1161516587504
3255.256527900696, 3057.617174917074, 965.0030019284466
3256.0693533420563, 2027.700228326064, 2600.4404020126467
3256.7914175987244, 2027.700228326064, 2600.4404020126467
3257.2930748462677, 2027.700228326064, 2600.4404020126467
3257.7867550849915, 2027.700228326064, 2600.4404020126467
3258.556692123413, 792.1849250131573, 554.9251675574209
3259.2757654190063, 792.1849250131573, 554.9251675574209
3259.8063459396362, 792.1849250131573, 554.9251675574209
3260.4446351528168, 1929.7205912837787, 867.6760923755991
3261.243495941162, 1929.7205912837787, 867.6760923755991
3261.7720804214478, 1929.7205912837787, 867.6760923755991
3262.525064945221, 3994.2984515458684, 120.74729848853235
3263.310959815979, 3994.2984515458684, 120.74729848853235
3264.1297676563263, 1930.6863898606969, 1650.0680471603046
3264.7770352363586, 1930.6863898606969, 1650.0680471603046
3265.5250322818756, 3847.448401278394, 1371.0136968384224
3266.5722267627716, 3736.882252974393, 1897.2207309203163
3267.512709379196, 2130.5883306966275, 657.4556224552748
3268.2946145534515, 2130.5883306966275, 657.4556224552748
3268.772335767746, 2130.5883306966275, 657.4556224552748
3269.5422751903534, 2107.45282498006, -71500.99151749973
3270.293263196945, 2107.45282498006, -71500.99151749973
3271.0312881469727, 2627.371874109471, 2667.1321853889235
3272.160264492035, 2560.8833781885523, 200.51818580065347
3272.8214931488037, 2560.8833781885523, 200.51818580065347
3273.3321273326874, 2560.8833781885523, 200.51818580065347
3274.1040589809418, 92.82644915978396, 629.4127058166199
3274.783240556717, 92.82644915978396, 629.4127058166199
3275.606037378311, 646.5575364566787, -294.2440538503424
3276.5844173431396, 385.51535498386386, 389.35569871785725
3277.3054876327515, 385.51535498386386, 389.35569871785725
3277.761267185211, 385.51535498386386, 389.35569871785725
3278.555140733719, -2529.4465266747857, 1389.3300334257447
3279.2821938991547, -2529.4465266747857, 1389.3300334257447
3280.2286591529846, 2493.4279371806183, 1002.0034041861395
3280.9018564224243, 2493.4279371806183, 1002.0034041861395
3281.4154818058014, 2493.4279371806183, 1002.0034041861395
3281.8722586631775, 2493.4279371806183, 1002.0034041861395
3282.6382069587708, 999.580616318899, 6768.417935427353
3283.329356908798, 999.580616318899, 6768.417935427353
3284.011530637741, 2000.0615226872312, 1226.0631718238276
3284.7974264621735, 2000.0615226872312, 1226.0631718238276
3285.5573904514313, 2100.23938522126, 1103.3940032380522
3286.5976054668427, 1347.121184507353, 238.69965270572652
3287.640810728073, 2761.223341955072, 1665.621150148574
3291.6430943012238, 1903.8369533335174, 2224.8461420959284
3292.2953474521637, 1903.8369533335174, 2224.8461420959284
3292.8259267807007, 1903.8369533335174, 2224.8461420959284
3293.3415462970734, 1903.8369533335174, 2224.8461420959284
3293.8023133277893, 1903.8369533335174, 2224.8461420959284
3294.704895734787, 1182.812439844971, 1083.6057660991519
3295.374103784561, 1182.812439844971, 1083.6057660991519
3296.044308423996, -0.3347751314681081, 2077.993576072326
3296.789314508438, -0.3347751314681081, 2077.993576072326
3297.2780055999756, -0.3347751314681081, 2077.993576072326
3297.99209356308, 2409.611782824071, 384.15874328341454
3298.7899577617645, 2409.611782824071, 384.15874328341454
3299.279646873474, 2409.611782824071, 384.15874328341454
3299.7932703495026, 2409.611782824071, 384.15874328341454
3300.2949273586273, 2409.611782824071, 384.15874328341454
3300.7806282043457, 2409.611782824071, 384.15874328341454
3301.2423899173737, 2409.611782824071, 384.15874328341454
3301.8118662834167, 2409.611782824071, 384.15874328341454
3302.2816083431244, 2409.611782824071, 384.15874328341454
3302.96777176857, 735.9142122611055, 1437.3011438359927
3303.7466843128204, 735.9142122611055, 1437.3011438359927
3304.239364862442, 735.9142122611055, 1437.3011438359927
3304.7410213947296, 735.9142122611055, 1437.3011438359927
3305.237692117691, 735.9142122611055, 1437.3011438359927
3305.782233953476, 735.9142122611055, 1437.3011438359927
3306.273917198181, 735.9142122611055, 1437.3011438359927
3306.730694293976, 735.9142122611055, 1437.3011438359927
3307.7818791866302, 1579.07749106231, 2563.8697510000684
3308.3792808055878, 1579.07749106231, 2563.8697510000684
3308.8111243247986, 1579.07749106231, 2563.8697510000684
3309.6438925266266, 3364.03659743942, 2283.712656576935
3310.2801897525787, 3364.03659743942, 2283.712656576935
3310.782844543457, 3364.03659743942, 2283.712656576935
3311.6575009822845, 354.55571201472156, 3071.8414616618306
3312.281829357147, 354.55571201472156, 3071.8414616618306
3312.7755074501038, 354.55571201472156, 3071.8414616618306
3313.2253036499023, 354.55571201472156, 3071.8414616618306
3314.2635238170624, 2584.9954893074323, 2964.99721777875
3315.050416469574, 2922.6410297178404, 1495.903513761144
3315.81636428833, 2922.6410297178404, 1495.903513761144
3316.2970774173737, 2922.6410297178404, 1495.903513761144
3316.8097047805786, 2922.6410297178404, 1495.903513761144
3317.2445406913757, 2922.6410297178404, 1495.903513761144
3318.175050020218, 29.792387563033756, 1605.7030711103005
3318.8741796016693, 29.792387563033756, 1605.7030711103005
3319.339929819107, 29.792387563033756, 1605.7030711103005
3320.192646741867, 3666.8965842985463, 1438.705640380331
3320.901748895645, 3666.8965842985463, 1438.705640380331
3321.3824598789215, 3666.8965842985463, 1438.705640380331
3321.940964460373, 3666.8965842985463, 1438.705640380331
3322.8315799236298, 3666.8965842985463, 1438.705640380331
3323.5297100543976, 3352.063871852828, 1542.9916406372643
3324.2757143974304, 3352.063871852828, 1542.9916406372643
3325.1623380184174, 3349.766381454168, 286.5626133896167
3325.966186285019, 3349.766381454168, 286.5626133896167
3326.8697669506073, 3349.766381454168, 286.5626133896167
3327.3265450000763, 3349.766381454168, 286.5626133896167
3328.0984768867493, 3791.541476471469, 2921.4178651467373
3328.817551136017, 3791.541476471469, 2921.4178651467373
3329.4897513389587, 3332.4105109164275, 665.3683406800549
3330.281630754471, 3332.4105109164275, 665.3683406800549
3330.775308609009, 3332.4105109164275, 665.3683406800549
3331.5641989707947, 2898.6511489313257, 1502.3182035792781
3332.2982308864594, 2898.6511489313257, 1502.3182035792781
3332.99436712265, 566.2661666541102, 1933.5047758368794
3334.0964155197144, 3561.349896550785, -3286.707177819104
3334.798535823822, 3561.349896550785, -3286.707177819104
3335.254317522049, 3561.349896550785, -3286.707177819104
3336.310487270355, 3887.1024635421018, 2934.928722587321
3336.98468208313, 3887.1024635421018, 2934.928722587321
3338.0907213687897, 2211.193998621669, 64.8168818554525
3338.780873775482, 2211.193998621669, 64.8168818554525
3340.146215438843, 1861.7140067630003, -34170.907208824785
3341.083706140518, 2973.4429725849304, 2634.7819160084014
3344.165453672409, 685.0000000003953, 1573.9177372695538
3345.0141808986664, 3190.811641230287, 1435.3918136652176
3346.0982780456543, 1938.0202173843647, 65.7220217389466
3346.7694807052612, 1938.0202173843647, 65.7220217389466
3347.5593655109406, 217.535123070245, 1028.5677044838562
3348.322322845459, 217.535123070245, 1028.5677044838562
3348.8199920654297, 217.535123070245, 1028.5677044838562
3349.2657968997955, 217.535123070245, 1028.5677044838562
3350.35986661911, 2956.162882536844, 2975.003518223752
3351.0899131298065, 2956.162882536844, 2975.003518223752
3352.05632352829, 2956.162882536844, 2975.003518223752
3353.0775892734528, 3335.282488615522, 39.00577188654673
3354.354170560837, 3659.992748640544, 904.4333528307978
3355.0562920570374, 3659.992748640544, 904.4333528307978
3356.0735664367676, 1488.8445260247947, 1285.7567205183632
3357.589509010315, 444.6900895315723, 401.0510250451568
3358.3225450515747, 444.6900895315723, 401.0510250451568
3358.8082444667816, 444.6900895315723, 401.0510250451568
3359.2510583400726, 444.6900895315723, 401.0510250451568
3360.0130183696747, 2318.011105949688, 1584.0938163527014
3361.065201282501, 3386.084804395003, 693.2932865432477
3361.756350040436, 3386.084804395003, 693.2932865432477
3362.578150033951, 2432.585618644815, 1824.9819678161637
3363.2284083366394, 2432.585618644815, 1824.9819678161637
3363.7370462417603, 2432.585618644815, 1824.9819678161637
3364.314499616623, 2432.585618644815, 1824.9819678161637
3364.743352174759, 2432.585618644815, 1824.9819678161637
3365.230049133301, 2432.585618644815, 1824.9819678161637
3365.737689256668, 2432.585618644815, 1824.9819678161637
3366.6083579063416, -1270.5341617849117, 2506.618489723283
3367.332418680191, -1270.5341617849117, 2506.618489723283
3367.7054209709167, -1270.5341617849117, 2506.618489723283
3370.0062594413757, 562.480182947763, 413.2814910078964
3370.7801864147186, 562.480182947763, 413.2814910078964
3371.2738654613495, 562.480182947763, 413.2814910078964
3372.01887011528, 952.4404190211338, 499.6449001794064
3372.8077569007874, 952.4404190211338, 499.6449001794064
3373.2974457740784, 952.4404190211338, 499.6449001794064
3374.033474445343, 272.92756470079183, 2707.763538580581
3374.788453578949, 272.92756470079183, 2707.763538580581
3375.2751529216766, 272.92756470079183, 2707.763538580581
3376.063041448593, 3253.307076847509, 1622.9038377289535
3376.789098739624, 3253.307076847509, 1622.9038377289535
3377.305713891983, 3253.307076847509, 1622.9038377289535
3377.7136211395264, 3253.307076847509, 1622.9038377289535
3378.5982522964478, 2108.3346712438474, 1287.044749953024
3379.3223130702972, 2108.3346712438474, 1287.044749953024
3379.760141134262, 2108.3346712438474, 1287.044749953024
3381.5922346115112, 934.8058747046689, 1750.9041262483895
3382.3003392219543, 934.8058747046689, 1750.9041262483895
3382.8159584999084, 934.8058747046689, 1750.9041262483895
3383.3156197071075, 934.8058747046689, 1750.9041262483895
3384.0007858276367, 3601.5938001313875, 56.35447021148787
3385.1088178157806, 2553.769669009272, 25987.664021230696
3385.7750358581543, 2553.769669009272, 25987.664021230696
3386.274697303772, 2553.769669009272, 25987.664021230696
3386.7953016757965, 2553.769669009272, 25987.664021230696
3387.324886083603, 2553.769669009272, 25987.664021230696
3387.743762731552, 2553.769669009272, 25987.664021230696
3388.693219900131, 2410.955460900361, 2575.5329583362395
3389.3115644454956, 2410.955460900361, 2575.5329583362395
3389.7773180007935, 2410.955460900361, 2575.5329583362395
3390.6160731315613, 2054.5305341237286, 1404.3490406767717
3391.2952523231506, 2054.5305341237286, 1404.3490406767717
3391.7819509506226, 2054.5305341237286, 1404.3490406767717
3392.717446565628, 536.227059858521, 3999.9708001818935
3393.4205622673035, 536.227059858521, 3999.9708001818935
3393.8913009166718, 536.227059858521, 3999.9708001818935
3394.36403632164, 536.227059858521, 3999.9708001818935
3394.8826463222504, 536.227059858521, 3999.9708001818935
3395.371337890625, 536.227059858521, 3999.9708001818935
3395.851052761078, 536.227059858521, 3999.9708001818935
3396.7007784843445, 48.10171259815469, 1448.4820436930045
3397.3530311584473, 48.10171259815469, 1448.4820436930045
3397.8596754074097, 48.10171259815469, 1448.4820436930045
3398.6425790786743, 2780.1231483982665, 1601.580893687447
3399.2928376197815, 2780.1231483982665, 1601.580893687447
3399.7496149539948, 2780.1231483982665, 1601.580893687447
3400.5863740444183, -377.0393765559772, 1159.3785684930483
3401.260570049286, -377.0393765559772, 1159.3785684930483
3402.059431552887, 1920.494467631222, 106.49999999999682
3403.1086192131042, 206.11448308850376, 1523.2843722945065
3403.7489058971405, 206.11448308850376, 1523.2843722945065
3404.562727212906, 1611.7583915737828, 121.0979237953474
3405.2808027267456, 1611.7583915737828, 121.0979237953474
3405.79043841362, 1611.7583915737828, 121.0979237953474
3406.230260848999, 1611.7583915737828, 121.0979237953474
3406.8306527137756, 1611.7583915737828, 121.0979237953474
3407.298400402069, 1611.7583915737828, 121.0979237953474
3407.7980625629425, 1611.7583915737828, 121.0979237953474
3408.4991862773895, 2125.6487240439324, 2146.7816302023625
3409.285082101822, 2125.6487240439324, 2146.7816302023625
3409.793719291687, 2125.6487240439324, 2146.7816302023625
3410.250496149063, 2125.6487240439324, 2146.7816302023625
3411.1181721687317, -876.584831778353, 1279.4131331991177
3411.760452747345, -876.584831778353, 1279.4131331991177
3412.2142372131348, -876.584831778353, 1279.4131331991177
3413.157710313797, 2356.551540970977, 1418.5675001931836
3413.744140148163, 2356.551540970977, 1418.5675001931836
3414.242805480957, 2356.551540970977, 1418.5675001931836
3415.120454788208, -7654.484812576629, 2556.1886413723137
3415.781685590744, -7654.484812576629, 2556.1886413723137
3416.5386576652527, 3666.0232258868555, 2382.994825720689
3417.3714275360107, 3666.0232258868555, 2382.994825720689
3417.8680980205536, 3666.0232258868555, 2382.994825720689
3418.3288633823395, 3666.0232258868555, 2382.994825720689
3420.978767633438, 1930.0035742277232, 541.5013341043466
3422.2473714351654, 1930.0035742277232, 541.5013341043466
3423.299553155899, 1930.0035742277232, 541.5013341043466
3424.1692271232605, 1930.0035742277232, 541.5013341043466
3425.026928424835, 506.13581522165975, 539.8754455077656
3425.7479979991913, 506.13581522165975, 539.8754455077656
3426.5458602905273, 2506.2595106746694, 1844.777359851477
3427.310812473297, 2506.2595106746694, 1844.777359851477
3427.801498889923, 2506.2595106746694, 1844.777359851477
3428.2443125247955, 2506.2595106746694, 1844.777359851477
3428.7519550323486, 2506.2595106746694, 1844.777359851477
3429.278543949127, 2506.2595106746694, 1844.777359851477
3432.5248503684998, 2868.038394445992, 1494.4652106951933
3433.551101922989, 592.4748765736657, 809.2475080235245
3434.2402572631836, 592.4748765736657, 809.2475080235245
3435.083001613617, 2306.601885564636, 1674.834723744812
3436.2289323806763, 2705.6298974205665, 1404.2644534637896
3436.8532609939575, 2705.6298974205665, 1404.2644534637896
3437.441684961319, 2705.6298974205665, 1404.2644534637896
3438.448988199234, 2705.6298974205665, 1404.2644534637896
3439.4089291095734, 2705.6298974205665, 1404.2644534637896
3440.5389020442963, 2199.7615609063923, 289.5983654936492
3441.245012521744, 2199.7615609063923, 289.5983654936492
3441.765618085861, 2199.7615609063923, 289.5983654936492
3442.556499481201, 93.13448275422894, -45072.436761000885
3443.26061463356, 93.13448275422894, -45072.436761000885
3444.0774290561676, 1981.9130005078503, 614.5683623198076
3444.7935106754303, 1981.9130005078503, 614.5683623198076
3445.302149772644, 1981.9130005078503, 614.5683623198076
3445.7808668613434, 1981.9130005078503, 614.5683623198076
3446.2895045280457, 1981.9130005078503, 614.5683623198076
3446.798142671585, 1981.9130005078503, 614.5683623198076
3447.298803329468, 1981.9130005078503, 614.5683623198076
3448.4287753105164, 3854.3508463224425, 124.4668396592985
3449.149845123291, 3854.3508463224425, 124.4668396592985
3450.094316959381, 3854.3508463224425, 124.4668396592985
3451.181406021118, 3854.3508463224425, 124.4668396592985
3452.076012134552, 3854.3508463224425, 124.4668396592985
3453.089295864105, 3854.3508463224425, 124.4668396592985
3454.033767223358, 2679.7117852145147, 1359.1640039633762
3454.758828163147, 2679.7117852145147, 1359.1640039633762
3455.317330121994, 2679.7117852145147, 1359.1640039633762
3456.040395259857, 3241.8283458177903, 1145.716377342364
3456.7774205207825, 3241.8283458177903, 1145.716377342364
3457.2780797481537, 3241.8283458177903, 1145.716377342364
3458.0839233398438, 1166.5347467157685, 942.875023811282
3458.8907618522644, 1166.5347467157685, 942.875023811282
3459.5440130233765, 1218.742861324463, -4600.119942624034
3464.5585839748383, 95.62366994235913, 2222.2122889249263
3465.5788567066193, 2339.6549756899194, 1523.08568166882
3466.566209077835, 11160.809984699885, 2378.6002513152093
3467.2344193458557, 11160.809984699885, 2378.6002513152093
3467.7111427783966, 11160.809984699885, 2378.6002513152093
3470.47673869133, 1582.9040126372806, 411.2693812946995
3471.2646276950836, 1582.9040126372806, 411.2693812946995
3471.9936752319336, 3271.575980138689, 2653.928355571625
3472.8174691200256, 3271.575980138689, 2653.928355571625
3473.311147212982, 3271.575980138689, 2653.928355571625
3473.8287632465363, 3271.575980138689, 2653.928355571625
3474.607676267624, 3764.119235275507, 154.7397626693854
3475.5491564273834, 1850.6545034134394, 634.0091101460977
3476.5963504314423, 3620.7681904815395, 1667.32793217971
3477.531844854355, 3719.4440327393972, 6917.335602296904
3480.5746982097626, 2148.762216559824, 59.59638344708385
3481.308733224869, 2148.762216559824, 59.59638344708385
3481.779471874237, 2148.762216559824, 59.59638344708385
3482.5444247722626, 1306.246534108177, 2013.1179821424496
3483.262501001358, 1306.246534108177, 2013.1179821424496
3483.7511920928955, 1306.246534108177, 2013.1179821424496
3484.5969276428223, 2045.0040944368177, 2142.784477505947
3485.315004825592, 2045.0040944368177, 2142.784477505947
3485.8186559677124, 2045.0040944368177, 2142.784477505947
3486.2943828105927, 2045.0040944368177, 2142.784477505947
3486.795040845871, 2045.0040944368177, 2142.784477505947
3487.3385858535767, 2045.0040944368177, 2142.784477505947
3487.829271554947, 2045.0040944368177, 2142.784477505947
3488.249147415161, 2045.0040944368177, 2142.784477505947
3488.8006715774536, 2045.0040944368177, 2142.784477505947
3489.5616331100464, 3177.1734142068017, 538.1716896426444
3490.5948674678802, 1755.2521511724945, 1374.942929849264
3491.277040243149, 1755.2521511724945, 1374.942929849264
3492.0978424549103, 3528.530075651808, 512.0012378332729
3492.7909865379333, 3528.530075651808, 512.0012378332729
3493.6905772686005, 3132.161581095183, 2392.519238329231
3494.365768432617, 3132.161581095183, 2392.519238329231
3495.1008009910583, 2009.3994966705156, 1674.6887438918386
3496.1290471553802, 2644.3556807499517, 2954.9886890591956
3496.8112213611603, 2644.3556807499517, 2954.9886890591956
3497.336814880371, 2644.3556807499517, 2954.9886890591956
3497.8015699386597, 2644.3556807499517, 2954.9886890591956
3498.6054167747498, 350.6632475495187, -9046.528901718568
3499.849086046219, 323.1799576779638, 742.4963854664263
3500.5402357578278, 323.1799576779638, 742.4963854664263
3501.6273245811462, 3379.340791255203, 470.101682868309
3502.69247341156, 3905.0526569836125, 2417.2139724599087
3503.782553911209, 2947.99999999986, 1825.7108056794602
3504.470710992813, 2947.99999999986, 1825.7108056794602
3505.441114425659, 2947.99999999986, 1825.7108056794602
3506.420491218567, 2947.99999999986, 1825.7108056794602
3507.1036610603333, 3588.779328959774, 10689.217056760777
3507.797801733017, 3588.779328959774, 10689.217056760777
3508.3323702812195, 3588.779328959774, 10689.217056760777
3508.825051307678, 3588.779328959774, 10689.217056760777
3509.3147394657135, 3588.779328959774, 10689.217056760777
3509.811410665512, 3588.779328959774, 10689.217056760777
3510.653155565262, 474.22052164564474, 568.4366356657428
3511.3443071842194, 474.22052164564474, 568.4366356657428
3511.8130509853363, 474.22052164564474, 568.4366356657428
3512.3296670913696, 474.22052164564474, 568.4366356657428
3512.8263368606567, 474.22052164564474, 568.4366356657428
3513.3020632267, 474.22052164564474, 568.4366356657428
3513.804718732834, 474.22052164564474, 568.4366356657428
3514.353248357773, 474.22052164564474, 568.4366356657428
3514.8339607715607, 474.22052164564474, 568.4366356657428
3515.639804124832, 2845.0715337455335, 2475.841863921345
3516.620178937912, 23344.509761716967, 891.1647021840678
3517.2814078330994, 23344.509761716967, 891.1647021840678
3517.7760837078094, 23344.509761716967, 891.1647021840678
3518.6307950019836, 3964.3615599597542, 42.416147940977446
3519.5603058338165, 2164.3440959092127, 1973.9962552380023
3520.5835642814636, 1384.3890939574194, 1305.525296717377
3521.5659368038177, 2256.8543246971635, 2220.0055436194243
3524.056266307831, 3132.271401657123, 1088.3628955877339
3525.1224114894867, 3430.8825042622484, 1674.783604609772
3526.258370399475, 1526.6465425340332, 518.4062676934037
3527.0233211517334, 1526.6465425340332, 518.4062676934037
3527.9139363765717, 1526.6465425340332, 518.4062676934037
3528.390659570694, 1526.6465425340332, 518.4062676934037
3528.901291847229, 1526.6465425340332, 518.4062676934037
3529.5036799907684, 1526.6465425340332, 518.4062676934037
3530.527937412262, 3417.456695801912, 1973.1909911870405
3531.290893316269, 3417.456695801912, 1973.1909911870405
3531.734705209732, 3417.456695801912, 1973.1909911870405
3532.5963971614838, 1663.0612372452679, -112.48372259456754
3533.3144755363464, 1663.0612372452679, -112.48372259456754
3533.8071575164795, 1663.0612372452679, -112.48372259456754
3534.269917488098, 1663.0612372452679, -112.48372259456754
3534.8174505233765, 1663.0612372452679, -112.48372259456754
3535.291182041168, 1663.0612372452679, -112.48372259456754
3536.1139783859253, 476.38572464967876, 2678.9936167587325
3536.908850669861, 476.38572464967876, 2678.9936167587325
3537.36163854599, 476.38572464967876, 2678.9936167587325
3537.8513264656067, 476.38572464967876, 2678.9936167587325
3538.5773825645447, 3015.4443829479374, 1820.1949829201617
3539.3164048194885, 3015.4443829479374, 1820.1949829201617
3539.7741782665253, 3015.4443829479374, 1820.1949829201617
3540.2090146541595, 3015.4443829479374, 1820.1949829201617
3541.1445083618164, 3458.7581036201204, 2105.2177057501362
3541.810723543167, 3458.7581036201204, 2105.2177057501362
3542.5447602272034, 2167.347646627137, 1212.1541105532203
3543.3087129592896, 2167.347646627137, 1212.1541105532203
3543.789426803589, 2167.347646627137, 1212.1541105532203
3544.519470691681, 2341.281906961492, 1412.6725446876098
3545.217601299286, 2341.281906961492, 1412.6725446876098
3545.7451889514923, 2341.281906961492, 1412.6725446876098
3546.6118683815002, 3084.871899895493, 1499.5590449949748
3547.294041156769, 3084.871899895493, 1499.5590449949748
3547.8286101818085, 3084.871899895493, 1499.5590449949748
3548.277410030365, 3084.871899895493, 1499.5590449949748
3549.1949512958527, 393.74162647463595, 2915.1743578508967
3549.8501965999603, 393.74162647463595, 2915.1743578508967
3550.281044483185, 393.74162647463595, 2915.1743578508967
3550.8425397872925, 393.74162647463595, 2915.1743578508967
3551.3242490291595, 393.74162647463595, 2915.1743578508967
3552.0433247089386, 3033.128065716167, 2314.8862115028987
3553.063591480255, 786.3828524332074, 2450.2205858804323
3553.8066034317017, 786.3828524332074, 2450.2205858804323
3554.2204954624176, 786.3828524332074, 2450.2205858804323
3554.807920694351, 786.3828524332074, 2450.2205858804323
3555.293620824814, 786.3828524332074, 2450.2205858804323
3555.8052520751953, 786.3828524332074, 2450.2205858804323
3556.51135969162, 1262.1322427824568, 276.0273822519397
3557.277309179306, 1262.1322427824568, 276.0273822519397
3557.7759742736816, 1262.1322427824568, 276.0273822519397
3558.531949043274, 3268.408010890064, 1154.7885461671267
3559.264986515045, 3268.408010890064, 1154.7885461671267
3559.769635438919, 3268.408010890064, 1154.7885461671267
3560.252344608307, 3268.408010890064, 1154.7885461671267
3561.0851123332977, 2025.2138577451642, 2130.8695318951773
3561.744348049164, 2025.2138577451642, 2130.8695318951773
3562.237028837204, 2025.2138577451642, 2130.8695318951773
3563.1346254348755, 2460.477333293772, 2305.9888669898055
3563.839739084244, 2460.477333293772, 2305.9888669898055
3564.273577451706, 2460.477333293772, 2305.9888669898055
3565.4903168678284, 1788.4999999998304, 366.1275983167231
3566.540507555008, 1788.4999999998304, 366.1275983167231
3567.7223403453827, 1788.4999999998304, 366.1275983167231
3568.5172114372253, 1788.4999999998304, 366.1275983167231
3569.7000439167023, 1097.7593662735076, -76.52897622791322
3570.363268852234, 1097.7593662735076, -76.52897622791322
3571.098299741745, 3800.3249849230688, 864.0802929577354
3571.8403131961823, 3800.3249849230688, 864.0802929577354
3572.305069208145, 3800.3249849230688, 864.0802929577354
3572.7618470191956, 3800.3249849230688, 864.0802929577354
3573.598604440689, 1566.1610111312682, 1819.3212272769335
3574.535096645355, 1463.178136336035, 1727.1141058012606
3575.3259789943695, 1463.178136336035, 1727.1141058012606
3575.829630613327, 1463.178136336035, 1727.1141058012606
3576.2983753681183, 1463.178136336035, 1727.1141058012606
3577.0792841911316, -185.1763824496177, 124.50880872704049
3577.8093304634094, -185.1763824496177, 124.50880872704049
3578.555332183838, 3837.557631358529, 1238.7996808536511
3579.633444547653, 3929.9845683900803, 2621.2846268506805
3580.31262755394, 3929.9845683900803, 2621.2846268506805
3581.220197200775, 874.5354146046374, -187.67235968015225
3581.893393754959, 874.5354146046374, -187.67235968015225
3582.382084608078, 874.5354146046374, -187.67235968015225
3582.84783911705, 874.5354146046374, -187.67235968015225
3585.5186862945557, 1365.7539888531392, 1631.295830867811
3586.3105664253235, 1365.7539888531392, 1631.295830867811
3586.7314393520355, 1365.7539888531392, 1631.295830867811
3587.278972387314, 1365.7539888531392, 1631.295830867811
3587.785616159439, 1365.7539888531392, 1631.295830867811
3588.2483773231506, 1365.7539888531392, 1631.295830867811
3588.7260987758636, 1365.7539888531392, 1631.295830867811
3589.591779232025, 1983.4654602385458, 2282.593699382201
3590.29390001297, 1983.4654602385458, 2282.593699382201
3590.7566606998444, 1983.4654602385458, 2282.593699382201
3591.2982120513916, 1983.4654602385458, 2282.593699382201
3591.801861524582, 1983.4654602385458, 2282.593699382201
3592.2815783023834, 1983.4654602385458, 2282.593699382201
3593.3307666778564, 2101.6241949264127, 2848.9924314115297
3594.1964495182037, 2101.6241949264127, 2848.9924314115297
3595.019246816635, 2651.4448694014186, 3894.781341671044
3596.019567489624, 1839.8211904212078, 96.95099792491439
3596.7176990509033, 1839.8211904212078, 96.95099792491439
3597.57639837265, 2007.5026389673612, 286.5288193798536
3598.2785184383392, 2007.5026389673612, 286.5288193798536
3598.8120908737183, 2007.5026389673612, 286.5288193798536
3599.287817955017, 2007.5026389673612, 286.5288193798536
3600.0916633605957, 264.828061512053, 6.273085967340172
3600.8147275447845, 264.828061512053, 6.273085967340172
3601.332340478897, 264.828061512053, 6.273085967340172
3601.8280136585236, 264.828061512053, 6.273085967340172
3602.3127155303955, 264.828061512053, 6.273085967340172
3603.0487456321716, 2294.654391942235, 1548.1727761626926
3603.784775495529, 2294.654391942235, 1548.1727761626926
3604.5606968402863, 3209.1104089318255, 117.93028588786902
3605.287750482559, 3209.1104089318255, 117.93028588786902
3605.7774398326874, 3209.1104089318255, 117.93028588786902
3606.5782945156097, 1986.6248925871118, 2829.5301815966136
3607.2624628543854, 1986.6248925871118, 2829.5301815966136
3608.1411094665527, 3330.8303953221243, -13857.676433527557
3608.845223426819, 3330.8303953221243, -13857.676433527557
3609.3628385066986, 3330.8303953221243, -13857.676433527557
3609.8674874305725, 3330.8303953221243, -13857.676433527557
3610.3571751117706, 3330.8303953221243, -13857.676433527557
3610.8488581180573, 3330.8303953221243, -13857.676433527557
3611.3495178222656, 3330.8303953221243, -13857.676433527557
3611.8601520061493, 3330.8303953221243, -13857.676433527557
3615.0416333675385, 676.3852212346748, 2662.1617576826934
3615.778660058975, 676.3852212346748, 2662.1617576826934
3616.2513937950134, 676.3852212346748, 2662.1617576826934
3616.7929441928864, 676.3852212346748, 2662.1617576826934
3617.277645587921, 676.3852212346748, 2662.1617576826934
3617.823183298111, 676.3852212346748, 2662.1617576826934
3618.26699590683, 676.3852212346748, 2662.1617576826934
3618.769650697708, 676.3852212346748, 2662.1617576826934
3619.2782876491547, 676.3852212346748, 2662.1617576826934
3619.795900821686, 676.3852212346748, 2662.1617576826934
3620.630665540695, 417.40402394387, 2939.856068725123
3621.6439538002014, 3108.2449840837353, 1303.5854884739706
3622.6283161640167, 3919.0978141317637, 492.5227800822015
3623.2875533103943, 3919.0978141317637, 492.5227800822015
3623.8111493587494, 3919.0978141317637, 492.5227800822015
3624.625967502594, 2436.9594601556437, 38.999830507650046
3625.596368789673, 2431.7526388902784, 1700.59958302333
3626.551810026169, 3204.309790262745, 1060.5446602102245
3627.8952136039734, 190.13319376170233, 492.99577071326127
3628.6292474269867, 190.13319376170233, 492.99577071326127
3629.6126143932343, 190.13319376170233, 492.99577071326127
3630.6817519664764, 2.6071579409953034, 1505.0302534402435
3631.3190479278564, 2.6071579409953034, 1505.0302534402435
3631.845635652542, 2.6071579409953034, 1505.0302534402435
3632.3313341140747, 2.6071579409953034, 1505.0302534402435
3632.8479533195496, 2.6071579409953034, 1505.0302534402435
3633.5799927711487, 3272.127347315403, 1108.5630660331994
3634.6690742969513, 2020.1327798002023, 2063.7995375513215
3635.3273134231567, 2020.1327798002023, 2063.7995375513215
3635.8050343990326, 2020.1327798002023, 2063.7995375513215
3636.586938381195, 3405.2002172680086, 1609.8889912178429
3637.5423817634583, 3288.9422249753934, 1557.428192673574
3638.584590435028, 3423.690404536904, 425.7557321287552
3640.6001918315887, 3391.0349676082765, 89.93053488265825
3641.246461868286, 3391.0349676082765, 89.93053488265825
3642.1031675338745, 1979.271857309136, 2579.0815560868773
3645.567891359329, 3791.6932125117755, 1044.7489229380617
3646.6848998069763, -4428.449538015952, 502.13539381281527
3647.3780434131622, -4428.449538015952, 502.13539381281527
3647.837813138962, -4428.449538015952, 502.13539381281527
3648.3963162899017, -4428.449538015952, 502.13539381281527
3648.8969762325287, -4428.449538015952, 502.13539381281527
3649.343779563904, -4428.449538015952, 502.13539381281527
3650.119701862335, 2966.310105751428, 904.2406496475459
3650.7839229106903, 2966.310105751428, 904.2406496475459
3651.278599023819, 2966.310105751428, 904.2406496475459
3652.08144903183, 3927.99240827342, -2940.4999031670773
3652.8404173851013, 3927.99240827342, -2940.4999031670773
3653.3131499290466, 3927.99240827342, -2940.4999031670773
3654.062144756317, 1986.650344511039, 1794.4994345113257
3654.804157972336, 1986.650344511039, 1794.4994345113257
3655.28985953331, 1986.650344511039, 1794.4994345113257
3656.0338644981384, 1733.886487042212, 1568.1841580624448
3656.804800748825, 1733.886487042212, 1568.1841580624448
3657.303465604782, 1733.886487042212, 1568.1841580624448
3658.066424369812, 3489.4094430949353, 2548.517425566494
3658.843343257904, 3489.4094430949353, 2548.517425566494
3659.3120868206024, 3489.4094430949353, 2548.517425566494
3659.7489173412323, 3489.4094430949353, 2548.517425566494
3660.6415271759033, 1904.703209549106, -2837.631842529204
3661.3346724510193, 1904.703209549106, -2837.631842529204
3662.097629070282, 1695.287772397081, 1280.193368068138
3662.79575920105, 1695.287772397081, 1280.193368068138
3663.2744767665863, 1695.287772397081, 1280.193368068138
3664.067354440689, 2517.5698028589018, 1504.8543447128986
3664.772466659546, 2517.5698028589018, 1504.8543447128986
3665.274122953415, 2517.5698028589018, 1504.8543447128986
3666.508816719055, 3389.557226501225, 2233.988469801728
3667.5939111709595, 2398.7066010760095, -13477.760075631792
3668.58824968338, 2882.343793965924, 1461.1232067044327
3669.6055250167847, 2541.736580725786, 1586.5467251296673
3671.098525762558, 3593.29818510102, 575.7222974972258
3672.0888755321503, 241.99966713730183, 1104.4028126844728
3672.7720465660095, 241.99966713730183, 1104.4028126844728
3673.6068120002747, 10766.459720426983, 1519.0448718414868
3674.688913822174, 2259.835841016625, 1997.7020472550278
3675.3511395454407, 2259.835841016625, 1997.7020472550278
3675.857782125473, 2259.835841016625, 1997.7020472550278
3676.5628941059113, -2123.7168389050557, 1716.5259647740836
3677.278976917267, -2123.7168389050557, 1716.5259647740836
3677.7547023296356, -2123.7168389050557, 1716.5259647740836
3678.26832818985, -2123.7168389050557, 1716.5259647740836
3678.764000892639, -2123.7168389050557, 1716.5259647740836
3679.6157195568085, 874.6050422693062, 1236.2605359981185
3680.579139471054, 375.2253483701429, 2242.3742302605
3681.6323189735413, 56.30905138120197, 1009.6622540882388
3682.5738003253937, 2165.605933545819, 1340.7737296698217
3683.6189997196198, 2996.310087063525, 1797.5865337442258
3684.685145378113, 353.0013395925882, 420.8843733807078
3685.3433821201324, 353.0013395925882, 420.8843733807078
3686.1422460079193, 80.2278780375696, 536.4627965959127
3686.9012110233307, 80.2278780375696, 536.4627965959127
3687.352004289627, 80.2278780375696, 536.4627965959127
3687.8686199188232, 80.2278780375696, 536.4627965959127
3688.314426422119, 80.2278780375696, 536.4627965959127
3688.883901834488, 80.2278780375696, 536.4627965959127
3689.3496549129486, 80.2278780375696, 536.4627965959127
3689.8762469291687, 80.2278780375696, 536.4627965959127
3690.3300290107727, 80.2278780375696, 536.4627965959127
3690.8516325950623, 80.2278780375696, 536.4627965959127
3691.3183827400208, 80.2278780375696, 536.4627965959127
3691.8180446624756, 80.2278780375696, 536.4627965959127
3695.1092324256897, 1561.3139594664763, 1142.2427140594466
3695.7754485607147, 1561.3139594664763, 1142.2427140594466
3696.6022341251373, 1526.6534579704567, 228.56381270167915
3697.3183183670044, 1526.6534579704567, 228.56381270167915
3697.8299469947815, 1526.6534579704567, 228.56381270167915
3698.291711330414, 1526.6534579704567, 228.56381270167915
3698.8502147197723, 1526.6534579704567, 228.56381270167915
3699.317962408066, 1526.6534579704567, 228.56381270167915
3699.8046600818634, 1526.6534579704567, 228.56381270167915
3700.3033242225647, 1526.6534579704567, 228.56381270167915
3701.1171448230743, 348.39119596172446, 1398.9753505931549
3701.778377056122, 348.39119596172446, 1398.9753505931549
3702.65802192688, 54.36512851811828, 1466.6284189485739
3703.350166082382, 54.36512851811828, 1466.6284189485739
3703.859801054001, 54.36512851811828, 1466.6284189485739
3704.2816717624664, 54.36512851811828, 1466.6284189485739
3705.0805320739746, 1890.820315078475, 833.7419234395783
3705.970151424408, 2354.5543468221285, 1257.6625838081334
3707.48708820343, 30.524078498540828, 1522.9973300608358
3708.5971167087555, 30.524078498540828, 1522.9973300608358
3709.6832077503204, 30.524078498540828, 1522.9973300608358
3710.5359246730804, 30.524078498540828, 1522.9973300608358
3711.583121061325, 30.524078498540828, 1522.9973300608358
3712.546541452408, 30.524078498540828, 1522.9973300608358
3713.644600391388, 30.524078498540828, 1522.9973300608358
3714.550176858902, 30.524078498540828, 1522.9973300608358
3715.635270357132, 2376.861709783702, 431.78757445500315
3716.2875254154205, 2376.861709783702, 431.78757445500315
3717.1462252140045, 3623.8882921272448, 1223.5483959674098
3717.8443551063538, 3623.8882921272448, 1223.5483959674098
3718.579387664795, 2950.5193589156024, 2282.1142508565904
3719.3483278751373, 2950.5193589156024, 2282.1142508565904
3719.783164024353, 2950.5193589156024, 2282.1142508565904
3720.250912427902, 2950.5193589156024, 2282.1142508565904
3721.0208508968353, 2445.767895242932, 706.501025687529
3721.7648589611053, 2445.767895242932, 706.501025687529
3722.5068736076355, 2534.6675951345146, 1436.9744497413524
3723.6488127708435, 1929.8987911526328, 37.666710173077306
3724.5144951343536, 3923.118875930711, 1493.6886321099437
3725.2934114933014, 3923.118875930711, 1493.6886321099437
3725.8209969997406, 3923.118875930711, 1493.6886321099437
3726.249850988388, 3923.118875930711, 1493.6886321099437
3726.927035331726, 361.59515295331266, 1784.2255985836166
3727.2910611629486, 361.59515295331266, 1784.2255985836166
3727.774765729904, 361.59515295331266, 1784.2255985836166
3728.2245604991913, 361.59515295331266, 1784.2255985836166
3728.7401826381683, 361.59515295331266, 1784.2255985836166
3729.295692920685, 361.59515295331266, 1784.2255985836166
3729.7694244384766, 361.59515295331266, 1784.2255985836166
3730.2740750312805, 361.59515295331266, 1784.2255985836166
3731.1307802200317, 831.5794797079669, 1780.693237798936
3731.8707983493805, 831.5794797079669, 1780.693237798936
3732.2916712760925, 831.5794797079669, 1780.693237798936
3733.21918797493, 874.6637632107212, 34.903784822830325
3734.0170509815216, 874.6637632107212, 34.903784822830325
3735.281664609909, 1072.3144690714591, 1893.144484769763
3736.0176939964294, 1072.3144690714591, 1893.144484769763
3736.9641602039337, 372.2166019549454, 2226.4748694685845
3738.020332098007, 966.383486901953, 2306.4615117888097
3738.9857461452484, 3572.0810193907814, 1488.0825978518303
3740.0219717025757, 1990.6714813397211, 1203.917214182234
3740.7789454460144, 1990.6714813397211, 1203.917214182234
3743.065822124481, 2817.4286014042827, 1919.6116821426597
3743.7928745746613, 2817.4286014042827, 1919.6116821426597
3744.2935338020325, 2817.4286014042827, 1919.6116821426597
3744.76726770401, 2817.4286014042827, 1919.6116821426597
3745.3337490558624, 2817.4286014042827, 1919.6116821426597
3745.830418586731, 2817.4286014042827, 1919.6116821426597
3746.311131477356, 2817.4286014042827, 1919.6116821426597
3746.7489597797394, 2817.4286014042827, 1919.6116821426597
3747.9048640727997, 1143.9004206797465, 1338.3145401205736
3748.630921602249, 1143.9004206797465, 1338.3145401205736
3749.607307434082, 857.192536606823, 2706.9151864291607
3750.258563041687, 857.192536606823, 2706.9151864291607
3750.7143411636353, 857.192536606823, 2706.9151864291607
3751.6807539463043, 18.935014091975532, 1159.8405901290578
3752.3619318008423, 18.935014091975532, 1159.8405901290578
3753.141841650009, 1936.9295224925486, 366.4506421414705
3754.047417163849, 3961.8089426505526, 2225.1255579932217
3755.020812034607, 3124.019169428008, 1027.1722880198047
3755.813687801361, 3124.019169428008, 1027.1722880198047
3756.3043732643127, 3124.019169428008, 1027.1722880198047
3756.714277267456, 3124.019169428008, 1027.1722880198047
3757.538069963455, 769.5451244873894, 1765.5209220635422
3758.334936141968, 769.5451244873894, 1765.5209220635422
3759.544697999954, 3942.0065138964183, 2231.6181114370456
3760.583914041519, 498.25735523544313, 20.335649239857993
3761.321939229965, 498.25735523544313, 20.335649239857993
3762.1876208782196, 3034.121914439845, 1497.0822377525346
3763.0732498168945, 3311.2852023486976, 1837.7999898758417
3763.7584154605865, 3311.2852023486976, 1837.7999898758417
3764.3328762054443, 3311.2852023486976, 1837.7999898758417
3764.807608127594, 3311.2852023486976, 1837.7999898758417
3765.2474274635315, 3311.2852023486976, 1837.7999898758417
3765.8029408454895, 3311.2852023486976, 1837.7999898758417
3766.3185591697693, 3311.2852023486976, 1837.7999898758417
3766.7883021831512, 3311.2852023486976, 1837.7999898758417
3769.5439236164093, 1936.382542032491, 2771.133858877462
3770.279952764511, 1936.382542032491, 2771.133858877462
3770.7846007347107, 1936.382542032491, 2771.133858877462
3771.566507577896, 1291.4745659369519, 1434.719490261902
3772.340437412262, 1291.4745659369519, 1434.719490261902
3772.761308670044, 1291.4745659369519, 1434.719490261902
3773.6479337215424, 2427.2770221677974, 1932.2271544672212
3774.332102060318, 2427.2770221677974, 1932.2271544672212
3774.782896757126, 2427.2770221677974, 1932.2271544672212
3775.5747768878937, 628.0910475563835, 944.0534255927179
3776.313795566559, 628.0910475563835, 944.0534255927179
3776.781544446945, 628.0910475563835, 944.0534255927179
3777.675153017044, 2057.705867149271, 3560.455800386602
3778.3333876132965, 2057.705867149271, 3560.455800386602
3778.827067375183, 2057.705867149271, 3560.455800386602
3779.6807799339294, 1892.5900659635595, 1865.7339080644592
3780.350986480713, 1892.5900659635595, 1865.7339080644592
3780.820727586746, 1892.5900659635595, 1865.7339080644592
3781.2705252170563, 1892.5900659635595, 1865.7339080644592
3781.843987941742, 1892.5900659635595, 1865.7339080644592
3782.302760362625, 1892.5900659635595, 1865.7339080644592
3782.8143906593323, 1892.5900659635595, 1865.7339080644592
3783.270170211792, 1892.5900659635595, 1865.7339080644592
3783.8266801834106, 1892.5900659635595, 1865.7339080644592
3784.3323254585266, 1892.5900659635595, 1865.7339080644592
3784.778133392334, 1892.5900659635595, 1865.7339080644592
3785.297739982605, 1892.5900659635595, 1865.7339080644592
3785.8013911247253, 1892.5900659635595, 1865.7339080644592
3786.2920780181885, 1892.5900659635595, 1865.7339080644592
3786.800716161728, 1892.5900659635595, 1865.7339080644592
3787.480895757675, 789.1096666411548, 2511.615854090685
3788.30069899559, 789.1096666411548, 2511.615854090685
3788.790389060974, 789.1096666411548, 2511.615854090685
3789.5084652900696, 490.79010455560206, 1336.760977671753
3790.335251569748, 490.79010455560206, 1336.760977671753
3790.794022798538, 490.79010455560206, 1336.760977671753
3791.552992105484, 4488.906926984269, 1473.3931413844905
3792.351851463318, 4488.906926984269, 1473.3931413844905
3792.7547731399536, 4488.906926984269, 1473.3931413844905
3793.5386741161346, 315.0097460960463, 281.1204115817037
3794.3275620937347, 315.0097460960463, 281.1204115817037
3794.7913205623627, 315.0097460960463, 281.1204115817037
3795.5802075862885, 749.2138538371653, 2350.4877623877396
3796.2823276519775, 749.2138538371653, 2350.4877623877396
3797.0811882019043, 3933.565206471775, 1978.5089211075401
3797.7882947921753, 3933.565206471775, 1978.5089211075401
3798.6789124011993, 1969.7438415273134, 647.0034994962423
3799.6124124526978, 1969.7438415273134, 647.0034994962423
3800.5309505462646, 1969.7438415273134, 647.0034994962423
3801.5103285312653, 1964.1387750484485, 1762.0698716679085
3802.2294034957886, 1964.1387750484485, 1762.0698716679085
3802.730063676834, 1964.1387750484485, 1762.0698716679085
3803.2785942554474, 1964.1387750484485, 1762.0698716679085
3803.780251979828, 1964.1387750484485, 1762.0698716679085
3804.5761213302612, 1491.9740011712545, 972.4504972576569
3805.3121495246887, 1491.9740011712545, 972.4504972576569
3805.797848701477, 1491.9740011712545, 972.4504972576569
3806.290529727936, 1491.9740011712545, 972.4504972576569
3807.0534868240356, 3363.052836231383, 1495.6152666488035
3807.7954998016357, 3363.052836231383, 1495.6152666488035
3808.3171026706696, 3363.052836231383, 1495.6152666488035
3808.7978150844574, 3363.052836231383, 1495.6152666488035
3809.30246424675, 3363.052836231383, 1495.6152666488035
3810.0474696159363, 2751.1412350721002, 1508.3653744323344
3810.797461748123, 2751.1412350721002, 1508.3653744323344
3811.635218858719, 2694.6648409266118, 2933.801562049089
3812.5786924362183, -3798.2361657568763, 842.4379499822692
3813.23992228508, -3798.2361657568763, 842.4379499822692
3814.054739713669, 3798.327366200415, 1700.3386568691592
3814.8196907043457, 3798.327366200415, 1700.3386568691592
3815.321348428726, 3798.327366200415, 1700.3386568691592
3815.781117916107, 3798.327366200415, 1700.3386568691592
3816.5909497737885, 2105.5854083205277, 949.848903195867
3817.3100247383118, 2105.5854083205277, 949.848903195867
3818.0610122680664, 2101.69062180176, 3191.906824540618
3818.8359375, 2101.69062180176, 3191.906824540618
3819.333604812622, 2101.69062180176, 3191.906824540618
3820.065644264221, 2410.1302580738597, 2260.9820416967427
3820.7677657604218, 2410.1302580738597, 2260.9820416967427
3821.3093140125275, 2410.1302580738597, 2260.9820416967427
3821.7910261154175, 2410.1302580738597, 2260.9820416967427
3822.285700559616, 2410.1302580738597, 2260.9820416967427
3822.788353919983, 2410.1302580738597, 2260.9820416967427
3823.291008710861, 2410.1302580738597, 2260.9820416967427
3823.7757110595703, 2410.1302580738597, 2260.9820416967427
3824.5985066890717, 3046.3385022499065, 520.5771651309302
3825.2936458587646, 3046.3385022499065, 520.5771651309302
3826.2191684246063, 1475.9958467783542, 1099.3794042576974
3827.0678946971893, 1475.9958467783542, 1099.3794042576974
3828.071209192276, 1410.0510358351742, 659.5089718318042
3828.8421444892883, 1410.0510358351742, 659.5089718318042
3829.3088960647583, 1410.0510358351742, 659.5089718318042
3829.787612915039, 1410.0510358351742, 659.5089718318042
3830.244390487671, 1410.0510358351742, 659.5089718318042
3831.0462419986725, 3233.335097032976, 1081.3723012077514
3831.7882556915283, 3233.335097032976, 1081.3723012077514
3832.2699661254883, 3233.335097032976, 1081.3723012077514
3832.8145089149475, 3233.335097032976, 1081.3723012077514
3833.347081899643, 3233.335097032976, 1081.3723012077514
3833.8088471889496, 3233.335097032976, 1081.3723012077514
3834.2995307445526, 3233.335097032976, 1081.3723012077514
3834.80318236351, 3233.335097032976, 1081.3723012077514
3835.599051475525, 462.8639974313045, 1472.6674651305295
3838.501280784607, 2109.0644951377544, 1676.9230367954287
3839.302136659622, 2109.0644951377544, 1676.9230367954287
3839.729991197586, 2109.0644951377544, 1676.9230367954287
3840.5986642837524, 1510.9668876271269, 1403.1807087557436
3841.2888181209564, 1510.9668876271269, 1403.1807087557436
3841.7475888729095, 1510.9668876271269, 1403.1807087557436
3842.603297472, 1686.6024197012998, 2824.402634235516
3843.337331533432, 1686.6024197012998, 2824.402634235516
3843.868907928467, 1686.6024197012998, 2824.402634235516
3844.29576587677, 1686.6024197012998, 2824.402634235516
3844.900146961212, 1686.6024197012998, 2824.402634235516
3845.348945379257, 1686.6024197012998, 2824.402634235516
3845.8007369041443, 1686.6024197012998, 2824.402634235516
3846.2734701633453, 1686.6024197012998, 2824.402634235516
3847.1182084083557, 2844.5198280498744, 1476.809022347434
3847.7584936618805, 2844.5198280498744, 1476.809022347434
3848.5852794647217, 3781.3368486532963, 2152.9274835665165
3849.295377969742, 3781.3368486532963, 2152.9274835665165
3849.7830722332, 3781.3368486532963, 2152.9274835665165
3850.905068397522, -121.14488067601283, 2842.906584445249
3851.6301267147064, -121.14488067601283, 2842.906584445249
3852.5067794322968, 3681.9162647041107, 1692.741941789241
3853.6008491516113, 2800.106080640013, 1492.2616104368
3854.282026052475, 2800.106080640013, 1492.2616104368
3854.8235754966736, 2800.106080640013, 1492.2616104368
3855.321242570877, 2800.106080640013, 1492.2616104368
3855.815919160843, 2800.106080640013, 1492.2616104368
3857.2161693573, 2766.238596006677, 2182.681281513059
3858.0210161209106, 2008.2829019697797, 1160.748615459995
3859.089153289795, 2008.2745285539227, 1510.4394343789743
3859.8191990852356, 2008.2745285539227, 1510.4394343789743
3860.2969212532043, 2008.2745285539227, 1510.4394343789743
3860.8035638332367, 2008.2745285539227, 1510.4394343789743
3861.30522108078, 2008.2745285539227, 1510.4394343789743
3861.8058803081512, 2008.2745285539227, 1510.4394343789743
3862.2965660095215, 2008.2745285539227, 1510.4394343789743
3863.1303355693817, 3061.3141940707696, 1816.2388754224855
3863.7915630340576, 3061.3141940707696, 1816.2388754224855
3864.287237405777, 3061.3141940707696, 1816.2388754224855
3865.1319737434387, 434.9800767379083, 1766.9566381732548
3865.7572996616364, 434.9800767379083, 1766.9566381732548
3866.244993686676, 434.9800767379083, 1766.9566381732548
3871.195737838745, 638.7605988176553, -1819.3465257291157
3872.1711258888245, -25405.729573842833, 1347.3201716885187
3873.137538433075, 2634.035016633534, 2673.478972515982
3873.789791584015, 2634.035016633534, 2673.478972515982
3874.2655186653137, 2634.035016633534, 2673.478972515982
3874.7871215343475, 2634.035016633534, 2673.478972515982
3875.2877798080444, 2634.035016633534, 2673.478972515982
3875.7764739990234, 2634.035016633534, 2673.478972515982
3876.8535871505737, 3937.806039872756, 536.5502766119507
3877.5227959156036, 1634.90750660271, 1520.2778388389074
3878.2967240810394, 1634.90750660271, 1520.2778388389074
3878.7894039154053, 1634.90750660271, 1520.2778388389074
3879.6381316184998, 302.99996051678056, 1797.9330217019615
3880.3153178691864, 302.99996051678056, 1797.9330217019615
3881.0613203048706, 3967.519523260885, 930.0175213413587
3882.090565443039, 237.1831076571012, 2197.9493810405625
3882.779721260071, 237.1831076571012, 2197.9493810405625
3883.615481376648, 3151.546288876912, 1243.938667873162
3884.3056337833405, 3151.546288876912, 1243.938667873162
3884.791333436966, 3151.546288876912, 1243.938667873162
3885.595180749893, 1974.4865887249227, 1598.6215573295124
3886.5586020946503, 1708.006751666766, 1419.6628185945324
3887.3484864234924, 1708.006751666766, 1419.6628185945324
3887.7992792129517, 1708.006751666766, 1419.6628185945324
3888.3079171180725, 1708.006751666766, 1419.6628185945324
3889.003056526184, 2038.4324153319833, 3440.1068647776324
3889.7939381599426, 2038.4324153319833, 3440.1068647776324
3890.3454625606537, 2038.4324153319833, 3440.1068647776324
3891.0635392665863, 620.3593460183405, -16935.983882465236
3891.847440481186, 620.3593460183405, -16935.983882465236
3892.7121238708496, 3630.9367751981795, 2537.270936433918
3893.6196942329407, 2257.9569478928147, -709.6076686245297
3894.352731704712, 2257.9569478928147, -709.6076686245297
3895.0847709178925, 1285.9839464855283, 1497.3134543604008
3895.808832883835, 1285.9839464855283, 1497.3134543604008
3896.3284406661987, 1285.9839464855283, 1497.3134543604008
3896.7443273067474, 1285.9839464855283, 1497.3134543604008
3897.5840787887573, 3444.534772815963, 443.8074602589005
3898.2722368240356, 3444.534772815963, 443.8074602589005
3899.0631189346313, 1975.3670428345704, 286.4715595580504
3899.8520061969757, 1975.3670428345704, 286.4715595580504
3900.328729867935, 1975.3670428345704, 286.4715595580504
3900.989958524704, 17425.179620039777, 901.8754250874869
3901.81973695755, 17425.179620039777, 901.8754250874869
3902.3124191761017, 17425.179620039777, 901.8754250874869
3903.027503490448, 3586.7446177328325, 1154.693304302763
3903.794450044632, 3586.7446177328325, 1154.693304302763
3904.607273340225, 486.586390320752, 1159.4575594602916
3905.305404663086, 486.586390320752, 1159.4575594602916
3905.8669004440308, 486.586390320752, 1159.4575594602916
3906.3366429805756, 486.586390320752, 1159.4575594602916
3906.7754707336426, 486.586390320752, 1159.4575594602916
3907.27911901474, 486.586390320752, 1159.4575594602916
3907.819671392441, 486.586390320752, 1159.4575594602916
3908.314346551895, 486.586390320752, 1159.4575594602916
3908.818996191025, 486.586390320752, 1159.4575594602916
3909.6058888435364, 3739.3565210203437, 1768.0555370978736
3910.3409209251404, 3739.3565210203437, 1768.0555370978736
3910.8266201019287, 3739.3565210203437, 1768.0555370978736
3911.382132768631, 3739.3565210203437, 1768.0555370978736
3911.871821165085, 3739.3565210203437, 1768.0555370978736
3912.336576938629, 3739.3565210203437, 1768.0555370978736
3912.84122633934, 3739.3565210203437, 1768.0555370978736
3913.3498644828796, 3739.3565210203437, 1768.0555370978736
3913.8634881973267, 3739.3565210203437, 1768.0555370978736
3914.3491880893707, 3739.3565210203437, 1768.0555370978736
3914.8279073238373, 3739.3565210203437, 1768.0555370978736
3915.6167936325073, 2541.3795215795335, 1765.5565998803559
3916.350828409195, 2541.3795215795335, 1765.5565998803559
3918.1978828907013, 2850.469132021057, 79.98728249198288
3919.045612335205, 573.7432317355973, 2201.3894278806224
3919.8265216350555, 573.7432317355973, 2201.3894278806224
3920.306237220764, 573.7432317355973, 2201.3894278806224
3921.0572283267975, 290.71316760758424, 410.3098143334288
3921.858082294464, 290.71316760758424, 410.3098143334288
3922.3467741012573, 290.71316760758424, 410.3098143334288
3922.847432613373, 290.71316760758424, 410.3098143334288
3923.5395798683167, 311.4673331984078, 3993.559034089571
3924.283587217331, 311.4673331984078, 3993.559034089571
3924.731389284134, 311.4673331984078, 3993.559034089571
3925.230055809021, 311.4673331984078, 3993.559034089571
3927.0402069091797, 3146.143485292873, 1341.7142225123694
3927.8191204071045, 3146.143485292873, 1341.7142225123694
3928.4913218021393, 2058.038213345318, 2193.581814168866
3929.1984281539917, 2058.038213345318, 2193.581814168866
3930.0262105464935, 2058.3091499400452, 2193.625737715146
3930.7173597812653, 2058.3091499400452, 2193.625737715146
3931.195084095001, 2058.3091499400452, 2193.625737715146
3931.737629175186, 2058.3091499400452, 2193.625737715146
3932.2871572971344, 2058.3091499400452, 2193.625737715146
3932.7239871025085, 2058.3091499400452, 2193.625737715146
3933.4689922332764, 2057.421088839423, 2193.447644675706
3934.5221722126007, 2057.6928044334154, 2193.8551184021803
3935.4706330299377, 2055.474209767248, 2193.48849726921
3936.2166357040405, 2055.474209767248, 2193.48849726921
3936.7103159427643, 2055.474209767248, 2193.48849726921
3937.4662897586823, 2055.7313004203866, 2193.624540572001
3938.293075323105, 2055.7313004203866, 2193.624540572001
3938.7977244853973, 2055.7313004203866, 2193.624540572001
3939.2335584163666, 2055.7313004203866, 2193.624540572001
3939.733219385147, 2055.7313004203866, 2193.624540572001
3940.229890346527, 2055.7313004203866, 2193.624540572001
3940.715588092804, 2055.7313004203866, 2193.624540572001
3941.5443716049194, 2056.7485779925846, 2193.2987631181245
3941.7099273204803, 2056.7485779925846, 2193.2987631181245
3942.207592725754, 2056.7485779925846, 2193.2987631181245
3942.7142372131348, 2056.7485779925846, 2193.2987631181245
3943.2049238681793, 2056.7485779925846, 2193.2987631181245
3943.7245321273804, 2056.7485779925846, 2193.2987631181245
3944.2102315425873, 2056.7485779925846, 2193.2987631181245
3944.7128851413727, 2056.7485779925846, 2193.2987631181245
3945.2035706043243, 2056.7485779925846, 2193.2987631181245
3946.000437259674, 2053.938021420441, 2193.170393826568
3946.6955761909485, 2053.938021420441, 2193.170393826568
3947.1922466754913, 2053.938021420441, 2193.170393826568
3948.0010800361633, 2057.1032923003577, 2193.5518208181916
3948.702203273773, 2057.1032923003577, 2193.5518208181916
3949.1998710632324, 2057.1032923003577, 2193.5518208181916
3950.016684770584, 2056.5861131795155, 2193.2739030364
3950.703843355179, 2056.5861131795155, 2193.2739030364
3951.1935329437256, 2056.5861131795155, 2193.2739030364
3951.6822254657745, 2056.5861131795155, 2193.2739030364
3952.2088141441345, 2056.5861131795155, 2193.2739030364
3952.708475589752, 2056.5861131795155, 2193.2739030364
3953.1881918907166, 2056.5861131795155, 2193.2739030364
3953.9750847816467, 2056.018622115368, 2193.412634653236
3954.7051301002502, 2056.018622115368, 2193.412634653236
3955.4980068206787, 2056.4792156217777, 2192.8674827580476
3956.4424781799316, 2053.239971614269, 2193.1239631664225
3956.703778028488, 2053.239971614269, 2193.1239631664225
3957.205435037613, 2053.239971614269, 2193.1239631664225
3957.9973146915436, 2052.8113982814457, 2192.9621211340427
3958.697439432144, 2052.8113982814457, 2192.9621211340427
3959.212062597275, 2052.8113982814457, 2192.9621211340427
3959.699756860733, 2052.8113982814457, 2192.9621211340427
3960.2014117240906, 2052.8113982814457, 2192.9621211340427
3960.9514050483704, 2062.1060080005964, 2193.5907267263724
3961.704389333725, 2062.1060080005964, 2193.5907267263724
3962.209037065506, 2062.1060080005964, 2193.5907267263724
3962.703711748123, 2062.1060080005964, 2193.5907267263724
3963.1983897686005, 2062.1060080005964, 2193.5907267263724
3963.9593510627747, 2058.8721368532397, 2194.001258292447
3964.6963765621185, 2058.8721368532397, 2194.001258292447
3965.206012248993, 2058.8721368532397, 2194.001258292447
3965.986922264099, 2049.534352353692, 2192.321319385991
3966.9852476119995, 2053.2446584200284, 2192.6354217538974
3967.983575105667, 2054.948810546515, 2192.916674772528
3968.718606710434, 2054.948810546515, 2192.916674772528
3969.210291862488, 2054.948810546515, 2192.916674772528
3969.9662656784058, 2052.002287744676, 2192.7428715535675
3970.927691221237, 2042.05778601112, 2192.5922697363
3971.2129282951355, 2042.05778601112, 2192.5922697363
3971.7016201019287, 2042.05778601112, 2192.5922697363
3972.497488975525, 2049.009821325726, 2192.9502841579015
3973.216563463211, 2049.009821325726, 2192.9502841579015
3973.696278333664, 2049.009821325726, 2192.9502841579015
3974.227855205536, 2049.009821325726, 2192.9502841579015
3974.6557099819183, 2049.009821325726, 2192.9502841579015
3974.9160118103027, 2049.009821325726, 2192.9502841579015
3975.2211952209473, 2049.009821325726, 2192.9502841579015
3975.7019085884094, 2049.009821325726, 2192.9502841579015
3976.5247044563293, 2048.2152300053945, 2192.752946494701
3976.6912586688995, 2048.2152300053945, 2192.752946494701
3977.226825237274, 2048.2152300053945, 2192.752946494701
3977.733468770981, 2048.2152300053945, 2192.752946494701
3978.215179204941, 2048.2152300053945, 2192.752946494701
3978.721822500229, 2048.2152300053945, 2192.752946494701
3979.2304599285126, 2048.2152300053945, 2192.752946494701
3979.3890364170074, 2048.2152300053945, 2192.752946494701
3979.7091794013977, 2048.2152300053945, 2192.752946494701
3980.5010573863983, 2049.5952083952484, 2193.1334473788484
3981.2231245040894, 2049.5952083952484, 2193.1334473788484
3981.690873146057, 2049.5952083952484, 2193.1334473788484
3982.49870800972, 2048.4967445243265, 2192.7947813884316
3983.210802793503, 2048.4967445243265, 2192.7947813884316
3983.693510532379, 2048.4967445243265, 2192.7947813884316
3984.203145503998, 2048.4967445243265, 2192.7947813884316
3984.7237510681152, 2048.4967445243265, 2192.7947813884316
3985.200473546982, 2048.4967445243265, 2192.7947813884316
3985.7200837135315, 2048.4967445243265, 2192.7947813884316
3986.2376973629, 2048.4967445243265, 2192.7947813884316
3986.715418815613, 2048.4967445243265, 2192.7947813884316
3987.2051067352295, 2048.4967445243265, 2192.7947813884316
3987.9531033039093, 2048.1915171735354, 2193.0778274473437
3988.235348701477, 2048.1915171735354, 2193.0778274473437
3988.9843425750732, 2046.501460994901, 2192.768823643592
3989.3134620189667, 2046.501460994901, 2192.768823643592
3989.949758529663, 2045.6883372596926, 2192.963876818977
3990.22901058197, 2045.6883372596926, 2192.963876818977
3990.7057325839996, 2045.6883372596926, 2192.963876818977
3990.864308834076, 2045.6883372596926, 2192.963876818977
3991.212378025055, 2045.6883372596926, 2192.963876818977
3991.9603748321533, 2045.5746670225046, 2192.889292913043
3992.725327014923, 2045.5746670225046, 2192.889292913043
3993.506234884262, 2046.7669489978352, 2192.979522648501
3994.471649169922, 2046.6620373258766, 2193.012918415576
3995.2176520824432, 2046.6620373258766, 2193.012918415576
3995.721303462982, 2046.6620373258766, 2193.012918415576
3996.207003593445, 2046.6620373258766, 2193.012918415576
3996.7345905303955, 2046.6620373258766, 2193.012918415576
3997.2163002490997, 2046.6620373258766, 2193.012918415576
3998.025134086609, 2046.4113108983743, 2193.2372745261705
3998.7382254600525, 2046.4113108983743, 2193.2372745261705
3999.5041739940643, 2046.945589148954, 2193.018135759761
4000.2033021450043, 2046.945589148954, 2193.018135759761
4000.9832146167755, 2046.0105103448452, 2192.8869406709537
4001.7172486782074, 2046.0105103448452, 2192.8869406709537
4002.452281475067, 2046.971667760623, 2192.8761601033643
4002.984853744507, 2046.824887635741, 2192.9107570464166
4003.7218809127808, 2046.824887635741, 2192.9107570464166
4004.4688816070557, 2046.5468951583985, 2192.9238838239526
4005.203912973404, 2046.5468951583985, 2192.9238838239526
4005.9937982559204, 2046.5263420980848, 2192.8934050175053
4006.970183134079, 2045.394888602915, 2193.229471614051
4008.0084035396576, 2046.4282904992574, 2193.047206314871
4008.7284774780273, 2046.4282904992574, 2193.047206314871
4009.508387565613, 2045.1284993708439, 2192.6798684634105
4010.2115046977997, 2045.1284993708439, 2192.6798684634105
4010.710169315338, 2045.1284993708439, 2192.6798684634105
4011.2237932682037, 2045.1284993708439, 2192.6798684634105
4011.7035093307495, 2045.1284993708439, 2192.6798684634105
4012.425576210022, 2047.4174582607545, 2192.494585300649
4013.0130031108856, 2045.6657693596853, 2192.6132859041068
4013.991384267807, 2046.8518166343501, 2193.226348730006
4014.7383830547333, 2046.8518166343501, 2193.226348730006
4015.2031404972076, 2046.8518166343501, 2193.226348730006
4015.9321875572205, 2046.4627559193248, 2192.9020167362414
4016.489693403244, 2047.7000600889537, 2192.557572787341
4017.208768606186, 2047.7000600889537, 2192.557572787341
4017.725385427475, 2047.7000600889537, 2192.557572787341
4018.4644062519073, 2046.0550133777483, 2192.417996917634
4019.206419467926, 2046.0550133777483, 2192.417996917634
4019.950428009033, 2047.2646862171064, 2192.7984185296737
4020.473027229309, 2047.0332001377406, 2192.4446375994025
4021.1970915794373, 2047.0332001377406, 2192.4446375994025
4021.9351122379303, 2046.512295594438, 2192.7189493393716
4022.447741508484, 2047.8180976614333, 2192.69198863264
4023.4819712638855, 2048.279839523438, 2192.850622090004
4024.2279739379883, 2048.279839523438, 2192.850622090004
4024.7336189746857, 2048.279839523438, 2192.850622090004
4025.2143330574036, 2048.279839523438, 2192.850622090004
4025.7100048065186, 2048.279839523438, 2192.850622090004
4026.211661338806, 2048.279839523438, 2192.850622090004
4026.7013506889343, 2048.279839523438, 2192.850622090004
4027.2169699668884, 2048.279839523438, 2192.850622090004
4028.0467479228973, 2047.207483564341, 2192.3947588022857
4028.7199454307556, 2047.207483564341, 2192.3947588022857
4029.212626218796, 2047.207483564341, 2192.3947588022857
4029.71528172493, 2047.207483564341, 2192.3947588022857
4030.518131017685, 2046.1776158113455, 2192.8576311755555
4031.2082822322845, 2046.1776158113455, 2192.8576311755555
4031.9702422618866, 2047.479563542334, 2192.50705760404
4032.701285123825, 2047.479563542334, 2192.50705760404
4033.1989521980286, 2047.479563542334, 2192.50705760404
4033.7125775814056, 2047.479563542334, 2192.50705760404
4034.205258846283, 2047.479563542334, 2192.50705760404
4034.722872018814, 2047.479563542334, 2192.50705760404
4035.21954202652, 2047.479563542334, 2192.50705760404
4035.699259519577, 2047.479563542334, 2192.50705760404
4036.4751801490784, 2045.3090365891517, 2192.5902384271844
4037.208217382431, 2045.3090365891517, 2192.5902384271844
4037.731814622879, 2045.3090365891517, 2192.5902384271844
4038.2085387706757, 2045.3090365891517, 2192.5902384271844
4038.9625210762024, 2047.30093167574, 2192.2946671457007
4039.1111223697662, 2047.30093167574, 2192.2946671457007
4039.7115139961243, 2047.30093167574, 2192.2946671457007
4040.2181577682495, 2047.30093167574, 2192.2946671457007
4040.731781721115, 2047.30093167574, 2192.2946671457007
4041.211498260498, 2047.30093167574, 2192.2946671457007
4041.9894144535065, 2047.4857782051492, 2191.9487031473873
4042.147990465164, 2047.4857782051492, 2191.9487031473873
4042.7224531173706, 2047.4857782051492, 2191.9487031473873
4043.492390394211, 2046.1944808357496, 2192.449071181493
4044.2363979816437, 2046.1944808357496, 2192.449071181493
4044.7131226062775, 2046.1944808357496, 2192.449071181493
4045.218766927719, 2046.1944808357496, 2192.449071181493
4045.706461429596, 2046.1944808357496, 2192.449071181493
4046.402598619461, 2046.987851578207, 2192.2225147648173
4046.564165353775, 2046.987851578207, 2192.2225147648173
4046.7446825504303, 2046.987851578207, 2192.2225147648173
4047.411895275116, 2048.0614337085194, 2192.01332935744
4047.941477060318, 2048.070387758813, 2192.5058981585
4048.0920736789703, 2048.070387758813, 2192.5058981585
4048.300515651703, 2048.070387758813, 2192.5058981585
4048.9976489543915, 2049.2215535962496, 2192.2262276649913
4049.5252363681793, 2049.2215535962496, 2192.2262276649913
4049.9690487384796, 2050.320192956524, 2191.956918938247
4050.7050778865814, 2050.320192956524, 2191.956918938247
4051.5089251995087, 2049.149785385753, 2192.914153917739
4052.205060482025, 2049.149785385753, 2192.914153917739
4052.6827828884125, 2049.149785385753, 2192.914153917739
4053.463692188263, 2051.8202190765055, 2194.1312003360276
4054.213681936264, 2051.8202190765055, 2194.1312003360276
4054.703372001648, 2051.8202190765055, 2194.1312003360276
4055.185081243515, 2051.8202190765055, 2194.1312003360276
4055.939063310623, 2053.649960986913, 2195.1611293516253
4056.4297485351562, 2052.7060474477917, 2195.0126531757373
4057.4729561805725, 2054.537792102906, 2195.0715339847266
4058.4363763332367, 2053.700736955657, 2195.166239475962
4058.711639881134, 2053.700736955657, 2195.166239475962
4059.1833760738373, 2053.700736955657, 2195.166239475962
4059.7029836177826, 2053.700736955657, 2195.166239475962
4060.2166085243225, 2053.700736955657, 2195.166239475962
4060.7092900276184, 2053.700736955657, 2195.166239475962
4061.4951860904694, 2053.046438244924, 2194.568194450707
4062.2162549495697, 2053.046438244924, 2194.568194450707
4062.721901655197, 2053.046438244924, 2194.568194450707
4063.201617002487, 2053.046438244924, 2194.568194450707
4063.9735498428345, 2050.905155260471, 2193.512560045139
4064.7295253276825, 2050.905155260471, 2193.512560045139
4065.458573102951, 2049.981202136097, 2193.3812481597706
4065.9951362609863, 2052.8704874005916, 2193.0120478786766
4066.712215900421, 2052.8704874005916, 2193.0120478786766
4067.204898118973, 2052.8704874005916, 2193.0120478786766
4067.9748363494873, 2049.263283237071, 2193.029947567371
4068.729814052582, 2049.263283237071, 2193.029947567371
4069.404007911682, 2050.1288113226647, 2192.5132040046883
4069.9874460697174, 2050.6923391698506, 2192.728312532636
4070.7005372047424, 2050.6923391698506, 2192.728312532636
4071.4605057239532, 2049.5473831101117, 2192.3450038437
4072.2065036296844, 2049.5473831101117, 2192.3450038437
4072.9794356822968, 2049.1443317840703, 2192.45325826618
4073.718455553055, 2049.1443317840703, 2192.45325826618
4074.5043516159058, 2051.4585851960956, 2191.7992606439702
4075.460790872574, 2050.9009664428104, 2192.3096006510586
4075.7290728092194, 2050.9009664428104, 2192.3096006510586
4076.231726884842, 2050.9009664428104, 2192.3096006510586
4077.010640859604, 2051.165516108936, 2192.2617573902235
4077.7157526016235, 2051.165516108936, 2192.2617573902235
4078.2213985919952, 2051.165516108936, 2192.2617573902235
4079.008292198181, 2053.818023377547, 2193.7199034166642
4079.7134041786194, 2053.818023377547, 2193.7199034166642
4080.5172510147095, 2054.1336665910053, 2198.8858395624334
4081.197430372238, 2054.1336665910053, 2198.8858395624334
4081.706068277359, 2054.1336665910053, 2198.8858395624334
4082.2137100696564, 2054.1336665910053, 2198.8858395624334
4082.9228117465973, 2054.0274286582144, 2201.8963230750032
4083.4184823036194, 2054.215518619112, 2203.008780152246
4083.9001927375793, 2053.425380348036, 2206.200474413784
4084.1973967552185, 2053.425380348036, 2206.200474413784
4084.697060108185, 2053.425380348036, 2206.200474413784
4085.477968931198, 2053.4164413556455, 2208.452339156248
4086.2090106010437, 2053.4164413556455, 2208.452339156248
4086.70867228508, 2053.4164413556455, 2208.452339156248
4087.4466972351074, 2032.6549316734317, 2219.247705128483
4087.717969894409, 2032.6549316734317, 2219.247705128483
4088.47594332695, 2032.1615336088735, 2222.947274920279
4089.5151584148407, 2032.8419037112374, 2223.66892932752
4090.4626212120056, 2028.9555222715771, 2224.0634579884945
4091.2185974121094, 2028.9555222715771, 2224.0634579884945
4091.7172617912292, 2028.9555222715771, 2224.0634579884945
4092.20196390152, 2028.9555222715771, 2224.0634579884945
4092.9509584903717, 2038.154537099084, 2224.259437669133
4093.524422645569, 2037.0172894192783, 2222.8589432549497
4094.219562292099, 2037.0172894192783, 2222.8589432549497
4094.714237689972, 2037.0172894192783, 2222.8589432549497
4095.5011298656464, 2036.2183038434048, 2221.792253139396
4096.230178356171, 2036.2183038434048, 2221.792253139396
4096.941273927689, 2034.880365025702, 2222.721446701477
4097.210552930832, 2034.880365025702, 2222.721446701477
4097.706225395203, 2034.880365025702, 2222.721446701477
4098.212869882584, 2034.880365025702, 2222.721446701477
4098.9449100494385, 2046.7817320415813, 2222.1401283628725
4099.513386726379, 2051.272243862617, 2223.702136879266
4100.227474927902, 2051.272243862617, 2223.702136879266
4100.9455535411835, 2051.4036099967575, 2221.696215349084
4101.21782374382, 2051.4036099967575, 2221.696215349084
4101.708508491516, 2051.4036099967575, 2221.696215349084
4102.222133636475, 2051.4036099967575, 2221.696215349084
4102.716809749603, 2051.4036099967575, 2221.696215349084
4103.222455263138, 2051.4036099967575, 2221.696215349084
4103.713142156601, 2051.4036099967575, 2221.696215349084
4104.199837446213, 2051.4036099967575, 2221.696215349084
4104.7174525260925, 2051.4036099967575, 2221.696215349084
4105.504344701767, 2528.263307796885, 2223.699793707419
4106.234390258789, 2528.263307796885, 2223.699793707419
4106.723081111908, 2528.263307796885, 2223.699793707419
4107.2277319431305, 2528.263307796885, 2223.699793707419
4108.001658439636, 2060.8123606726604, 2226.1186536471687
4108.725719690323, 2060.8123606726604, 2226.1186536471687
4109.236353397369, 2060.8123606726604, 2226.1186536471687
4109.734020233154, 2060.8123606726604, 2226.1186536471687
4110.557814359665, 1995.4747947469007, 2229.924075057744
4111.21505522728, 1995.4747947469007, 2229.924075057744
4111.976016998291, 1996.747568671837, 2228.4168719086592
4112.700079202652, 1996.747568671837, 2228.4168719086592
4113.474007129669, 2016.8884212555356, 2222.1886541144195
4114.509232997894, 2019.453435841064, 2222.8114228958298
4115.534487724304, 2010.6095559462383, 2221.72066919074
4116.48594045639, 1960.8666558067368, 2214.725199537388
4117.212994813919, 1960.8666558067368, 2214.725199537388
4117.992906570435, 1961.3976253614564, 2212.6585263425136
4118.740902900696, 1961.3976253614564, 2212.6585263425136
4119.204660892487, 1961.3976253614564, 2212.6585263425136
4119.709308624268, 1961.3976253614564, 2212.6585263425136
4120.468276977539, 2024.1724706703408, 2206.9514343841583
4121.204306840897, 2024.1724706703408, 2206.9514343841583
4121.958287477493, 2024.1764590996293, 2207.3604542698317
4122.982545614243, 1999.403260836355, 2203.7637175790715
4123.995832443237, 1996.6965943911337, 2203.612309354235
4124.714906215668, 1996.6965943911337, 2203.612309354235
4125.2165632247925, 1996.6965943911337, 2203.612309354235
4126.025397062302, 2117.789760998169, 2202.641753876239
4126.9439380168915, 2128.4266080650495, 2202.6594943738587
4127.214213848114, 2128.4266080650495, 2202.6594943738587
4127.725844621658, 2128.4266080650495, 2202.6594943738587
4128.21054649353, 2128.4266080650495, 2202.6594943738587
4128.986469507217, 2138.7887175394226, 2203.379386129392
4129.667644739151, 2138.7887175394226, 2203.379386129392
4130.468499422073, 2138.0946612154507, 2202.8531150742124
4131.482786178589, 2087.443198586066, 2200.319895025906
4132.218814611435, 2087.443198586066, 2200.319895025906
4132.707505226135, 2087.443198586066, 2200.319895025906
4133.456499576569, 2047.2287688775639, 2198.684676082431
4134.206491470337, 2047.2287688775639, 2198.684676082431
4134.936537027359, 2013.2740865013345, 2196.0921290526
4135.2088079452515, 2013.2740865013345, 2196.0921290526
4136.0136523246765, 2013.7475938731493, 2196.570049941858
4136.707793474197, 2013.7475938731493, 2196.570049941858
4137.188506364822, 2013.7475938731493, 2196.570049941858
4137.706120729446, 2013.7475938731493, 2196.570049941858
4137.908579111099, 2013.7475938731493, 2196.570049941858
4138.212764501572, 2013.7475938731493, 2196.570049941858
4138.7194085121155, 2013.7475938731493, 2196.570049941858
4139.203113079071, 2013.7475938731493, 2196.570049941858
4139.967067241669, 1996.7943914231269, 2195.97305033683
4140.235349416733, 1996.7943914231269, 2195.97305033683
4140.697112321854, 1996.7943914231269, 2195.97305033683
4141.4451105594635, 1924.4653149286185, 2194.9579571331237
4141.954744577408, 2078.482876090267, 2196.1740709606565
4142.241975069046, 2078.482876090267, 2196.1740709606565
4142.705732822418, 2078.482876090267, 2196.1740709606565
4143.187443256378, 2078.482876090267, 2196.1740709606565
4143.9164917469025, 2091.5591084135426, 2196.6574430963888
4144.210703134537, 2091.5591084135426, 2196.6574430963888
4144.733305215836, 2091.5591084135426, 2196.6574430963888
4145.487286090851, 2086.552500600386, 2196.5299586368214
4146.45768737793, 1980.3791797201927, 2193.50002397585
4147.508872747421, 2094.108955870555, 2194.6638760329115
4148.200021982193, 2094.108955870555, 2194.6638760329115
4148.947022676468, 2034.7895728057783, 2194.00051864257
4149.217298984528, 2034.7895728057783, 2194.00051864257
4149.9393672943115, 1945.5182907307274, 2192.1513477871067
4150.448002338409, 1927.2878777323913, 2191.190592772936
4150.7372279167175, 1927.2878777323913, 2191.190592772936
4151.46328496933, 1892.4670230743466, 2190.1067649861334
4152.434682846069, 1851.5755341743227, 2188.182649585918
4152.716928243637, 1851.5755341743227, 2188.182649585918
4153.201628684998, 1851.5755341743227, 2188.182649585918
4153.685338020325, 1851.5755341743227, 2188.182649585918
4154.452280044556, 1851.433475203225, 2187.4558083589654
4154.735522508621, 1851.433475203225, 2187.4558083589654
4155.465567827225, 1873.3855348088534, 2186.8783818211987
4156.485835313797, 1870.4440015687692, 2187.4908971840623
4157.181972026825, 1870.4440015687692, 2187.4908971840623
4157.956897735596, 1889.1658286037805, 2185.553965714552
4158.2281703948975, 1889.1658286037805, 2185.553965714552
4158.714867115021, 1889.1658286037805, 2185.553965714552
4159.481813192368, 2087.2873542004877, 2181.3121095776123
4160.470167398453, 2291.5798840249445, 2181.166591489054
4161.207193613052, 2291.5798840249445, 2181.166591489054
4161.963169574738, 2549.690084253129, 2180.206688471383
4162.531648159027, 2538.2351883415295, 2181.3014486580923
4163.483099460602, 2505.0734118954265, 2182.7804705726207
4164.502369642258, 2505.059251157853, 2182.7757177238254
4165.216458559036, 2505.059251157853, 2182.7757177238254
4165.999361276627, 2477.4238272372136, 2182.654312934398
4166.65660238266, 2477.4238272372136, 2182.654312934398
4167.214109182358, 2477.4238272372136, 2182.654312934398
4167.706789493561, 2477.4238272372136, 2182.654312934398
4168.207449197769, 2477.4238272372136, 2182.654312934398
4168.720077037811, 2477.4238272372136, 2182.654312934398
4169.447130203247, 2220.445236004656, 2183.329600377119
4169.690478086472, 2220.445236004656, 2183.329600377119
4170.486346721649, 2078.9909551104906, 2184.077233665981
4171.460739612579, 2029.524676175664, 2184.332134233424
4172.5318694114685, 2028.9314608098578, 2184.2810857710315
4173.219031333923, 2028.9314608098578, 2184.2810857710315
4173.702734470367, 2028.9314608098578, 2184.2810857710315
4174.505585432053, 2325.9410594060937, 2190.205423921971
4175.21967291832, 2325.9410594060937, 2190.205423921971
4175.7113564014435, 2325.9410594060937, 2190.205423921971
4176.489273309708, 2335.1704569989906, 2190.3459677180244
4177.199371814728, 2335.1704569989906, 2190.3459677180244
4177.709007978439, 2335.1704569989906, 2190.3459677180244
4178.465981721878, 2332.985361971866, 2190.7626193571973
4178.742240905762, 2332.985361971866, 2190.7626193571973
4179.456329584122, 2334.372662131102, 2190.8477562677467
4179.964967250824, 2335.531479372265, 2190.391421906339
4180.961300134659, 2335.2014747523476, 2190.6915659629167
4181.242546319962, 2335.2014747523476, 2190.6915659629167
4181.712288856506, 2335.2014747523476, 2190.6915659629167
4182.514141082764, 2324.4427020592584, 2190.7441825288724
4183.490527868271, 2319.904901096522, 2190.8522216864517
4184.516778945923, 2262.5221760573427, 2189.64983058696
4185.221891403198, 2262.5221760573427, 2189.64983058696
4185.718561172485, 2262.5221760573427, 2189.64983058696
4186.202266454697, 2262.5221760573427, 2189.64983058696
4186.702925682068, 2262.5221760573427, 2189.64983058696
4187.157709121704, 2262.5221760573427, 2189.64983058696
4187.4180109500885, 2262.5221760573427, 2189.64983058696
4187.989480257034, 2233.0491326629203, 2190.3496055571627
4188.716534614563, 2233.0491326629203, 2190.3496055571627
4189.221182584763, 2233.0491326629203, 2190.3496055571627
4189.712865591049, 2233.0491326629203, 2190.3496055571627
4190.219510555267, 2233.0491326629203, 2190.3496055571627
4190.711193084717, 2233.0491326629203, 2190.3496055571627
4191.20786356926, 2233.0491326629203, 2190.3496055571627
4191.719492673874, 2233.0491326629203, 2190.3496055571627
4192.203197956085, 2233.0491326629203, 2190.3496055571627
4192.987098693848, 2095.5649277336615, 2189.8668197265015
4193.722131490707, 2095.5649277336615, 2189.8668197265015
4194.472122430801, 2065.038738683451, 2189.6503819277264
4195.215133666992, 2065.038738683451, 2189.6503819277264
4195.710807800293, 2065.038738683451, 2189.6503819277264
4196.20947098732, 2065.038738683451, 2189.6503819277264
4196.701155424118, 2065.038738683451, 2189.6503819277264
4197.459124088287, 2117.50696956293, 2190.660176504691
4197.990700006485, 2121.667389171581, 2190.360685094648
4199.009971618652, 2142.9011374923543, 2190.9137827258064
4199.971396923065, 2146.202627279639, 2190.9128556951064
4200.700444936752, 2146.202627279639, 2190.9128556951064
4201.211077451706, 2146.202627279639, 2190.9128556951064
4201.708745718002, 2146.202627279639, 2190.9128556951064
4202.48367190361, 2171.500165347283, 2194.386743567906
4203.207731246948, 2171.500165347283, 2194.386743567906
4203.706395626068, 2171.500165347283, 2194.386743567906
4204.212044000626, 2171.500165347283, 2194.386743567906
4204.716691017151, 2171.500165347283, 2194.386743567906
4205.224331378937, 2171.500165347283, 2194.386743567906
4205.698063135147, 2171.500165347283, 2194.386743567906
4206.199719905853, 2171.500165347283, 2194.386743567906
4206.741270780563, 2171.500165347283, 2194.386743567906
4207.231956005096, 2171.500165347283, 2194.386743567906
4207.7016978263855, 2171.500165347283, 2194.386743567906
4208.058742046356, 2171.500165347283, 2194.386743567906
4208.305084466934, 2171.500165347283, 2194.386743567906
4208.707006692886, 2171.500165347283, 2194.386743567906
4209.211655378342, 2171.500165347283, 2194.386743567906
4209.713311910629, 2171.500165347283, 2194.386743567906
4210.201006889343, 2171.500165347283, 2194.386743567906
4210.7166266441345, 2171.500165347283, 2194.386743567906
4211.215291261673, 2171.500165347283, 2194.386743567906
4211.909430742264, 2171.978277595084, 2193.548666164045
4212.200651884079, 2171.978277595084, 2193.548666164045
4212.910751819611, 2170.9935915366204, 2193.0855912835973
4213.206957578659, 2170.9935915366204, 2193.0855912835973
4213.729557752609, 2170.9935915366204, 2193.0855912835973
4214.195312023163, 2170.9935915366204, 2193.0855912835973
4215.010128974915, 2170.564657961367, 2192.39336264837
4215.710253953934, 2170.564657961367, 2192.39336264837
4216.200940847397, 2170.564657961367, 2192.39336264837
4216.986836194992, 2173.357468092848, 2192.7635101081023
4217.716881752014, 2173.357468092848, 2192.7635101081023
4218.2055723667145, 2173.357468092848, 2192.7635101081023
4218.994460821152, 2172.370749154477, 2192.610421568838
4219.707550764084, 2172.370749154477, 2192.610421568838
4220.204221487045, 2172.370749154477, 2192.610421568838
4221.001087427139, 2171.7975891967653, 2192.215824883288
4221.702209472656, 2171.7975891967653, 2192.215824883288
4222.201872110367, 2171.7975891967653, 2192.215824883288
4222.999736070633, 2171.110565619114, 2192.023454917973
4223.999059438705, 2171.93305917795, 2191.9346093982085
4224.694199323654, 2171.93305917795, 2191.9346093982085
4225.49106502533, 2173.2522438890046, 2191.8126364381524
4226.494377851486, 2172.598745379167, 2191.4400773228967
4227.498689174652, 2172.1467410252776, 2191.266845134329
4228.201806545258, 2172.1467410252776, 2191.266845134329
4228.9667592048645, 2171.5771336078437, 2191.038271699043
4229.710766792297, 2171.5771336078437, 2191.038271699043
4230.4817016124725, 2170.9153595191765, 2191.0348501418757
4231.238675355911, 2170.9153595191765, 2191.0348501418757
4231.6994416713715, 2170.9153595191765, 2191.0348501418757
4232.207081794739, 2170.9153595191765, 2191.0348501418757
4232.977019548416, 2172.212702370445, 2190.634737738637
4233.702079772949, 2172.212702370445, 2190.634737738637
4234.500940322876, 2172.7202348379533, 2190.6770774623647
4235.467352151871, 2167.8161221578903, 2190.468459475951
4236.189419269562, 2167.8161221578903, 2190.468459475951
4236.716008424759, 2167.8161221578903, 2190.468459475951
4237.478966474533, 2171.604298271739, 2190.4201681374593
4238.21599316597, 2171.604298271739, 2190.4201681374593
4238.983935594559, 2170.247896181744, 2190.3576654766716
4239.717971801758, 2170.247896181744, 2190.3576654766716
4240.22860455513, 2170.247896181744, 2190.3576654766716
4240.718292474747, 2170.247896181744, 2190.3576654766716
4241.481248855591, 2170.5157558168676, 2190.096037711098
4242.220270395279, 2170.5157558168676, 2190.096037711098
4242.713948726654, 2170.5157558168676, 2190.096037711098
4243.209622859955, 2170.5157558168676, 2190.096037711098
4243.715267658234, 2170.5157558168676, 2190.096037711098
4244.2119381427765, 2170.5157558168676, 2190.096037711098
4244.717583179474, 2170.5157558168676, 2190.096037711098
4245.210265636444, 2170.5157558168676, 2190.096037711098
4245.711921930313, 2170.5157558168676, 2190.096037711098
4246.214574813843, 2170.5157558168676, 2190.096037711098
4246.710247516632, 2170.5157558168676, 2190.096037711098
4247.207917690277, 2170.5157558168676, 2190.096037711098
4248.007774591446, 2171.3359127859526, 2190.092913589218
4248.713883638382, 2171.3359127859526, 2190.092913589218
4249.521720170975, 2171.953522603386, 2189.8597853479037
4250.225834131241, 2171.953522603386, 2189.8597853479037
4250.718514919281, 2171.953522603386, 2189.8597853479037
4251.223163366318, 2171.953522603386, 2189.8597853479037
4251.710857152939, 2171.953522603386, 2189.8597853479037
4252.216504335403, 2171.953522603386, 2189.8597853479037
4252.72115278244, 2171.953522603386, 2189.8597853479037
4253.209844589233, 2171.953522603386, 2189.8597853479037
4253.7284553050995, 2171.953522603386, 2189.8597853479037
4254.208171606064, 2171.953522603386, 2189.8597853479037
4254.715813875198, 2171.953522603386, 2189.8597853479037
4255.225447177887, 2171.953522603386, 2189.8597853479037
4255.723116159439, 2171.953522603386, 2189.8597853479037
4256.389331817627, 2171.123127051419, 2189.74900084938
4256.716454744339, 2171.123127051419, 2189.74900084938
4257.229081630707, 2171.123127051419, 2189.74900084938
4257.702814102173, 2171.123127051419, 2189.74900084938
4257.883330345154, 2171.123127051419, 2189.74900084938
4258.524613618851, 2172.5711039565103, 2189.6716344741058
4259.21177315712, 2172.5711039565103, 2189.6716344741058
4259.705452680588, 2172.5711039565103, 2189.6716344741058
4260.206110715866, 2172.5711039565103, 2189.6716344741058
4260.941143512726, 2172.1764940055227, 2189.7634953967704
4261.22937130928, 2172.1764940055227, 2189.7634953967704
4261.709086418152, 2172.1764940055227, 2189.7634953967704
4262.206754922867, 2172.1764940055227, 2189.7634953967704
4262.7094094753265, 2172.1764940055227, 2189.7634953967704
4263.222035169601, 2172.1764940055227, 2189.7634953967704
4263.398562431335, 2172.1764940055227, 2189.7634953967704
4263.736656904221, 2172.1764940055227, 2189.7634953967704
4264.458724737167, 2172.4328273178085, 2189.6744106770575
4265.208715200424, 2172.4328273178085, 2189.6744106770575
4266.0085735321045, 2173.235288842026, 2189.966051624027
4266.951051235199, 2170.8695509696845, 2189.9627191304844
4267.720988988876, 2170.8695509696845, 2189.9627191304844
4268.217660665512, 2170.8695509696845, 2189.9627191304844
4268.725300073624, 2170.8695509696845, 2189.9627191304844
4268.920776128769, 2170.8695509696845, 2189.9627191304844
4269.219974517822, 2170.8695509696845, 2189.9627191304844
4269.709664106369, 2170.8695509696845, 2189.9627191304844
4270.216307878494, 2170.8695509696845, 2189.9627191304844
4270.408791303635, 2170.8695509696845, 2189.9627191304844
4270.72095656395, 2170.8695509696845, 2189.9627191304844
4271.219620704651, 2170.8695509696845, 2189.9627191304844
4271.724269390106, 2170.8695509696845, 2189.9627191304844
4272.034440994263, 2170.8695509696845, 2189.9627191304844
4272.538090467453, 2171.425026434228, 2190.150182361146
4273.212286233902, 2171.425026434228, 2190.150182361146
4273.721920251846, 2171.425026434228, 2190.150182361146
4274.524770975113, 2171.140614499497, 2189.98862835795
4275.214923858643, 2171.140614499497, 2189.98862835795
4275.989849090576, 2172.010796036754, 2189.949017289029
4276.987178325653, 2171.154948434526, 2189.84242027579
4277.729191064835, 2171.154948434526, 2189.84242027579
4278.216884613037, 2171.154948434526, 2189.84242027579
4278.994801998138, 2171.089157135902, 2190.0425591342914
4279.719859361649, 2171.089157135902, 2190.0425591342914
4280.194589853287, 2171.089157135902, 2190.0425591342914
4280.682283163071, 2171.089157135902, 2190.0425591342914
4281.4592027664185, 2173.950150600416, 2189.6783853723896
4282.2032108306885, 2173.950150600416, 2189.6783853723896
4282.723817586899, 2173.950150600416, 2189.6783853723896
4283.216497659683, 2173.950150600416, 2189.6783853723896
4283.7161610126495, 2173.950150600416, 2189.6783853723896
4284.214825630188, 2173.950150600416, 2189.6783853723896
4284.966810703278, 2173.258150865865, 2189.773082028134
4285.721789121628, 2173.258150865865, 2189.773082028134
4286.210480690002, 2173.258150865865, 2189.773082028134
4287.028291225433, 2173.5459152949566, 2190.0891279260068
4287.732405900955, 2173.5459152949566, 2190.0891279260068
4288.242040634155, 2173.5459152949566, 2190.0891279260068
4288.996021986008, 2171.9627119815577, 2189.9138948008685
4289.721080541611, 2171.9627119815577, 2189.9138948008685
4290.206780910492, 2171.9627119815577, 2189.9138948008685
4290.719408035278, 2171.9627119815577, 2189.9138948008685
4291.2110912799835, 2171.9627119815577, 2189.9138948008685
4291.698784828186, 2171.9627119815577, 2189.9138948008685
4292.228367567062, 2171.9627119815577, 2189.9138948008685
4292.70907998085, 2171.9627119815577, 2189.9138948008685
4293.220709323883, 2171.9627119815577, 2189.9138948008685
4293.718377590179, 2171.9627119815577, 2189.9138948008685
4294.2130534648895, 2171.9627119815577, 2189.9138948008685
4295.017897605896, 2175.308748966814, 2189.6715868782726
4295.722012281418, 2175.308748966814, 2189.6715868782726
4296.489956378937, 2174.634904329876, 2189.930482483148
4297.220998048782, 2174.634904329876, 2189.930482483148
4297.732628107071, 2174.634904329876, 2189.930482483148
4298.469655036926, 2172.996147966934, 2189.9976495389815
4299.198703527451, 2172.996147966934, 2189.9976495389815
4299.710332632065, 2172.996147966934, 2189.9976495389815
4300.203014373779, 2172.996147966934, 2189.9976495389815
4300.699684858322, 2172.996147966934, 2189.9976495389815
4301.487574100494, 2174.2179633559226, 2189.885151674828
4302.197673082352, 2174.2179633559226, 2189.885151674828
4302.703319787979, 2174.2179633559226, 2189.885151674828
4303.240879774094, 2174.2179633559226, 2189.885151674828
4303.703640699387, 2174.2179633559226, 2189.885151674828
4304.2082896232605, 2174.2179633559226, 2189.885151674828
4304.944318771362, 2173.8002094251415, 2190.225028258395
4305.469911336899, 2174.9765350904595, 2189.847973218114
4305.734204530716, 2174.9765350904595, 2189.847973218114
4306.222894906998, 2174.9765350904595, 2189.847973218114
4306.72355389595, 2174.9765350904595, 2189.847973218114
4307.5104467868805, 2174.53487664689, 2189.7450493629813
4308.215559005737, 2174.53487664689, 2189.7450493629813
4308.7192125320435, 2174.53487664689, 2189.7450493629813
4309.476183414459, 2174.465272378759, 2189.9156836445477
4310.226175546646, 2174.465272378759, 2189.9156836445477
4310.737806081772, 2174.465272378759, 2189.9156836445477
4311.224502563477, 2174.465272378759, 2189.9156836445477
4311.720174789429, 2174.465272378759, 2189.9156836445477
4312.203879594803, 2174.465272378759, 2189.9156836445477
4312.710522651672, 2174.465272378759, 2189.9156836445477
4313.489438056946, 2174.6789059429925, 2189.710435536536
4314.218485593796, 2174.6789059429925, 2189.710435536536
4314.706179857254, 2174.6789059429925, 2189.710435536536
4315.483099460602, 2174.091632334641, 2189.8919224383967
4316.220125436783, 2174.091632334641, 2189.8919224383967
4316.956154823303, 2174.9779489748776, 2189.7657909839977
4317.720110177994, 2174.9779489748776, 2189.7657909839977
4318.217777013779, 2174.9779489748776, 2189.7657909839977
4318.713449716568, 2174.9779489748776, 2189.7657909839977
4319.505331754684, 2175.1901971907273, 2189.619406786526
4320.2064526081085, 2175.1901971907273, 2189.619406786526
4320.700131177902, 2175.1901971907273, 2189.619406786526
4321.512953042984, 2175.528045792313, 2189.721758414808
4322.212082624435, 2175.528045792313, 2189.721758414808
4322.715733528137, 2175.528045792313, 2189.721758414808
4323.203428506851, 2175.528045792313, 2189.721758414808
4323.719046592712, 2175.528045792313, 2189.721758414808
4324.204745769501, 2175.528045792313, 2189.721758414808
4324.723357200623, 2175.528045792313, 2189.721758414808
4325.204070806503, 2175.528045792313, 2189.721758414808
4325.700740814209, 2175.528045792313, 2189.721758414808
4326.211372613907, 2175.528045792313, 2189.721758414808
4326.7090401649475, 2175.528045792313, 2189.721758414808
4327.464019536972, 2173.6586234851407, 2189.4509799084553
4328.208026170731, 2173.6586234851407, 2189.4509799084553
4328.713673591614, 2173.6586234851407, 2189.4509799084553
4329.479621887207, 2176.6145583398365, 2189.8127914727575
4330.205677986145, 2176.6145583398365, 2189.8127914727575
4330.71431684494, 2176.6145583398365, 2189.8127914727575
4331.536114692688, 2176.291176255408, 2189.681400747719
4332.201335191727, 2176.291176255408, 2189.681400747719
4332.717952251434, 2176.291176255408, 2189.681400747719
4333.511825323105, 2176.133424931857, 2189.7858556501524
4334.224915266037, 2176.133424931857, 2189.7858556501524
4334.69665312767, 2176.133424931857, 2189.7858556501524
4335.224241018295, 2176.133424931857, 2189.7858556501524
4335.7318816185, 2176.133424931857, 2189.7858556501524
4336.21458864212, 2176.133424931857, 2189.7858556501524
4336.710260391235, 2176.133424931857, 2189.7858556501524
4337.548017978668, 2175.49085418876, 2189.790316474592
4338.227199316025, 2175.49085418876, 2189.790316474592
4338.710904121399, 2175.49085418876, 2189.790316474592
4339.50278377533, 2174.4090140753306, 2189.7613796039464
4340.2208614349365, 2174.4090140753306, 2189.7613796039464
4340.724511861801, 2174.4090140753306, 2189.7613796039464
4341.208217144012, 2174.4090140753306, 2189.7613796039464
4341.738795757294, 2174.4090140753306, 2189.7613796039464
4342.208538532257, 2174.4090140753306, 2189.7613796039464
4342.713187932968, 2174.4090140753306, 2189.7613796039464
4343.205868959427, 2174.4090140753306, 2189.7613796039464
4343.977801561356, 2174.9110800754447, 2189.564143093101
4344.719814538956, 2174.9110800754447, 2189.564143093101
4345.501720190048, 2173.3671501718345, 2190.075656093708
4346.201846837997, 2173.3671501718345, 2190.075656093708
4346.988738536835, 2170.455303630637, 2189.4412230400753
4348.005017995834, 2173.9051424521435, 2189.8898952242603
4348.724092245102, 2173.9051424521435, 2189.8898952242603
4349.471094369888, 2171.5469859812742, 2189.456078006898
4350.224076271057, 2171.5469859812742, 2189.456078006898
4350.958110332489, 2174.9065666736883, 2189.671522092642
4351.241352558136, 2174.9065666736883, 2189.671522092642
4352.0182728767395, 2173.736055253335, 2189.791385033818
4352.769261837006, 2173.736055253335, 2189.791385033818
4353.228033065796, 2173.736055253335, 2189.791385033818
4353.985005617142, 2175.0901510221297, 2189.6195076174436
4354.9823360443115, 2171.3034337853355, 2189.542933623455
4356.026539802551, 2172.406068022949, 2189.8615052670966
4356.712701797485, 2172.406068022949, 2189.8615052670966
4357.228322029114, 2172.406068022949, 2189.8615052670966
4357.707039356232, 2172.406068022949, 2189.8615052670966
4358.207699298859, 2172.406068022949, 2189.8615052670966
4358.715341091156, 2172.406068022949, 2189.8615052670966
4359.2219824790955, 2172.406068022949, 2189.8615052670966
4359.990923404694, 2174.744581848272, 2189.5531419514055
4360.711993694305, 2174.744581848272, 2189.5531419514055
4361.2106602191925, 2174.744581848272, 2189.5531419514055
4361.708325147629, 2174.744581848272, 2189.5531419514055
4362.216964006424, 2174.744581848272, 2189.5531419514055
4362.717622518539, 2174.744581848272, 2189.5531419514055
4363.214293479919, 2174.744581848272, 2189.5531419514055
4363.714952707291, 2174.744581848272, 2189.5531419514055
4364.447989463806, 2173.0362178506057, 2189.7062637806093
4364.719263792038, 2173.0362178506057, 2189.7062637806093
4365.210947275162, 2173.0362178506057, 2189.7062637806093
4365.6836812496185, 2173.0362178506057, 2189.7062637806093
4366.201294898987, 2173.0362178506057, 2189.7062637806093
4366.700956821442, 2173.0362178506057, 2189.7062637806093
4367.208598136902, 2173.0362178506057, 2189.7062637806093
4367.718233346939, 2173.0362178506057, 2189.7062637806093
4368.461243867874, 2170.3609525701995, 2189.5361896736663
4369.225198030472, 2170.3609525701995, 2189.5361896736663
4370.054978847504, 2174.6555683282563, 2189.5844947117475
4370.726179599762, 2174.6555683282563, 2189.5844947117475
4371.213875293732, 2174.6555683282563, 2189.5844947117475
4371.990792512894, 2171.7601099887092, 2190.2472362599274
4372.725824356079, 2171.7601099887092, 2190.2472362599274
4373.466841459274, 2175.429692816123, 2189.5067472570554
4374.470154047012, 2175.3505556955574, 2189.5095684527887
4375.477457523346, 2173.287718449621, 2189.4861576147878
4376.488748550415, 2171.2005986432605, 2189.337938214754
4377.230762004852, 2171.2005986432605, 2189.337938214754
4378.021645069122, 2174.0440287706097, 2189.7949138201097
4378.979080438614, 2171.8577031465957, 2189.4814444402577
4379.96244764328, 2175.77954187608, 2189.598957750405
4380.727399587631, 2175.77954187608, 2189.598957750405
4381.2021288871765, 2175.77954187608, 2189.598957750405
4381.954115390778, 2173.0501268668972, 2189.975843702329
4382.472727060318, 2173.3030851647854, 2189.5290666535725
4383.454098939896, 2173.5169952585575, 2189.7979084922645
4384.504285812378, 2175.0920599533047, 2189.585435078498
4385.44476723671, 2172.3590518641636, 2189.650543490708
4386.462043762207, 2172.4301223042153, 2189.6763008914363
4387.205055952072, 2172.4301223042153, 2189.6763008914363
4387.721670627594, 2172.4301223042153, 2189.6763008914363
4388.213354587555, 2172.4301223042153, 2189.6763008914363
4388.979304075241, 2171.777569539863, 2189.360564529872
4389.7153334617615, 2171.777569539863, 2189.360564529872
4390.202029466629, 2171.777569539863, 2189.360564529872
4390.95202255249, 2174.209756788286, 2189.558720090211
4391.194372177124, 2174.209756788286, 2189.558720090211
4391.93439078331, 2175.0763703596062, 2189.516019886402
4392.198683261871, 2175.0763703596062, 2189.516019886402
4392.94269156456, 2174.06450312458, 2189.667111128621
4393.201000213623, 2174.06450312458, 2189.667111128621
4393.716619253159, 2174.06450312458, 2189.667111128621
4394.212292432785, 2174.06450312458, 2189.667111128621
4395.008162021637, 2174.7780379437418, 2189.6383572761647
4395.70728802681, 2174.7780379437418, 2189.6383572761647
4396.42636346817, 2175.954706099712, 2189.6426883313006
4396.718580722809, 2175.954706099712, 2189.6426883313006
4397.211261510849, 2175.954706099712, 2189.6426883313006
4398.003142595291, 2174.9163464459934, 2189.683240471505
4398.703266620636, 2174.9163464459934, 2189.683240471505
4399.216891527176, 2174.9163464459934, 2189.683240471505
4399.699599742889, 2174.9163464459934, 2189.683240471505
4400.544336795807, 2175.890989163076, 2189.5356273740176
4401.2324941158295, 2175.890989163076, 2189.5356273740176
4401.699245691299, 2175.890989163076, 2189.5356273740176
4402.473172426224, 2173.9804077221584, 2189.7044895752274
4403.223163366318, 2173.9804077221584, 2189.7044895752274
4403.684927940369, 2173.9804077221584, 2189.7044895752274
4404.4897718429565, 2173.6212295498085, 2189.6758991073593
4405.205855369568, 2173.6212295498085, 2189.6758991073593
4405.966818809509, 2175.714047406482, 2189.653399281705
4406.710824966431, 2175.714047406482, 2189.653399281705
4407.199517726898, 2175.714047406482, 2189.653399281705
4407.69319486618, 2175.714047406482, 2189.653399281705
4408.19385433197, 2175.714047406482, 2189.653399281705
4408.706481695175, 2175.714047406482, 2189.653399281705
4409.219108581543, 2175.714047406482, 2189.653399281705
4409.689848184586, 2175.714047406482, 2189.653399281705
4410.494694471359, 2173.4724864026525, 2189.840323099578
4411.217757701874, 2173.4724864026525, 2189.840323099578
4411.714428663254, 2173.4724864026525, 2189.840323099578
4412.217083930969, 2173.4724864026525, 2189.840323099578
4412.727714538574, 2173.4724864026525, 2189.840323099578
4413.177511930466, 2173.4724864026525, 2189.840323099578
4413.964403629303, 2175.5057641531043, 2189.5127181915486
4414.902889490128, 2175.062201037157, 2189.67799226684
4415.206078290939, 2175.062201037157, 2189.67799226684
4415.718704938889, 2175.062201037157, 2189.67799226684
4416.494627952576, 2172.2416396295102, 2189.5245645515433
4417.206721305847, 2172.2416396295102, 2189.5245645515433
4417.705385684967, 2172.2416396295102, 2189.5245645515433
4418.2030527591705, 2172.2416396295102, 2189.5245645515433
4418.9570343494415, 2172.116804413298, 2189.4502195547366
4419.219331979752, 2172.116804413298, 2189.4502195547366
4419.695058822632, 2172.116804413298, 2189.4502195547366
4420.213670969009, 2172.116804413298, 2189.4502195547366
4420.723305225372, 2172.116804413298, 2189.4502195547366
4421.21897816658, 2172.116804413298, 2189.4502195547366
4421.719637393951, 2172.116804413298, 2189.4502195547366
4422.513512134552, 2174.007402259041, 2189.36375009398
4423.211642503738, 2174.007402259041, 2189.36375009398
4423.940690994263, 2174.568185416157, 2189.637771757226
4424.207973957062, 2174.568185416157, 2189.637771757226
4424.967940092087, 2172.213173884263, 2189.1940630524305
4425.717930793762, 2172.213173884263, 2189.1940630524305
4426.44199347496, 2173.3093706510426, 2189.335516814096
4426.722243070602, 2173.3093706510426, 2189.335516814096
4427.450292825699, 2176.285818310882, 2189.4502355402633
4428.495493412018, 2170.879557595275, 2189.493559638081
4429.215566158295, 2170.879557595275, 2189.493559638081
4429.93763256073, 2173.4434531802876, 2189.4532896980813
4430.20192527771, 2173.4434531802876, 2189.4532896980813
4431.004776477814, 2173.2535926584314, 2189.4359853666097
4431.705897331238, 2173.2535926584314, 2189.4359853666097
4432.17863202095, 2173.2535926584314, 2189.4359853666097
4432.710209608078, 2173.2535926584314, 2189.4359853666097
4433.210867166519, 2173.2535926584314, 2189.4359853666097
4433.709532022476, 2173.2535926584314, 2189.4359853666097
4434.177280902863, 2173.2535926584314, 2189.4359853666097
4435.005064249039, 2173.134308743285, 2189.3341605361893
4435.7111740112305, 2173.134308743285, 2189.3341605361893
4436.447202920914, 2171.508488259043, 2189.319981804288
4436.999722957611, 2174.8405344415023, 2189.515680410788
4437.716802597046, 2174.8405344415023, 2189.515680410788
4438.2114777565, 2174.8405344415023, 2189.515680410788
4438.973437309265, 2173.756025147831, 2189.750767116922
4439.92888045311, 2171.043993017474, 2189.4197266170377
4440.435522556305, 2173.641082047135, 2189.48667886963
4440.920225143433, 2171.990597507744, 2189.383560148309
4441.211445093155, 2171.990597507744, 2189.383560148309
4441.721080541611, 2171.990597507744, 2189.383560148309
4442.202791452408, 2171.990597507744, 2189.383560148309
4442.7024538517, 2171.990597507744, 2189.383560148309
4443.2110912799835, 2171.990597507744, 2189.383560148309
4443.705765724182, 2171.990597507744, 2189.383560148309
4444.4896676540375, 2173.1329377733728, 2189.5982399885006
4445.206746339798, 2173.1329377733728, 2189.5982399885006
4445.701422929764, 2173.1329377733728, 2189.5982399885006
4446.212055206299, 2173.1329377733728, 2189.5982399885006
4446.715707778931, 2173.1329377733728, 2189.5982399885006
4447.20439863205, 2173.1329377733728, 2189.5982399885006
4447.952396154404, 2170.4574977117504, 2189.4110399859674
4448.246607303619, 2170.4574977117504, 2189.4110399859674
4448.70737361908, 2170.4574977117504, 2189.4110399859674
4449.512219429016, 2172.4034466185835, 2189.2834765500097
4450.209352731705, 2172.4034466185835, 2189.2834765500097
4450.971312761307, 2173.8693616866963, 2189.887458087107
4451.985596179962, 2169.774609466562, 2189.4274330513035
4452.969960927963, 2171.751772605012, 2189.4465002715624
4453.958314657211, 2173.6798778820166, 2189.6748588707633
4454.2375664711, 2173.6798778820166, 2189.6748588707633
4454.7083060741425, 2173.6798778820166, 2189.6748588707633
4455.228911161423, 2173.6798778820166, 2189.6748588707633
4456.009820699692, 2171.2521859556487, 2189.3560647417785
4456.716927528381, 2171.2521859556487, 2189.3560647417785
4457.435005903244, 2173.9183888415714, 2189.589539433039
4457.966581106186, 2175.770878543109, 2189.4635462930696
4458.478210926056, 2170.6839174237803, 2189.295651484754
4459.487509965897, 2174.672394171265, 2189.546840068649
4460.463894844055, 2170.6343094867507, 2189.4742729325503
4461.509095430374, 2170.3090170158002, 2189.321461604754
4462.492462158203, 2170.5627929168904, 2189.371349261227
4463.503755807877, 2171.2529083632994, 2189.32640849894
4464.473159074783, 2169.935283222374, 2189.3477671942464
4465.5203557014465, 2169.5118421589154, 2189.4838827604963
4466.487765789032, 2170.890101265403, 2189.376567979987
4467.459163188934, 2170.7347567227075, 2189.3812018184462
4468.200180053711, 2170.7347567227075, 2189.3812018184462
4468.722780227661, 2170.7347567227075, 2189.3812018184462
4469.222442150116, 2170.7347567227075, 2189.3812018184462
4469.961465835571, 2171.0118909992343, 2189.3479999810984
4470.718437194824, 2171.0118909992343, 2189.3479999810984
4471.440503358841, 2170.040238201292, 2189.223092611545
4472.040895938873, 2170.648830094686, 2189.4356229320492
4472.705117225647, 2170.648830094686, 2189.4356229320492
4473.451120376587, 2171.0500784956366, 2189.219443031382
4473.727380037308, 2171.0500784956366, 2189.219443031382
4474.245991230011, 2171.0500784956366, 2189.219443031382
4474.709748983383, 2171.0500784956366, 2189.219443031382
4475.50262594223, 2169.0215509923787, 2189.3472103754116
4476.2047464847565, 2169.0215509923787, 2189.3472103754116
4476.722359657288, 2169.0215509923787, 2189.3472103754116
4477.51025056839, 2171.0593385110833, 2189.3762117853908
4478.497606992722, 2170.5522191475084, 2189.282742718673
4479.225657463074, 2170.5522191475084, 2189.282742718673
4479.704375267029, 2170.5522191475084, 2189.282742718673
4480.189078807831, 2170.5522191475084, 2189.282742718673
4480.952035665512, 2171.4493783050784, 2189.3424705117354
4481.437734127045, 2171.302752265349, 2189.311378668508
4481.737930774689, 2171.302752265349, 2189.311378668508
4482.177767753601, 2171.302752265349, 2189.311378668508
4482.707335233688, 2171.302752265349, 2189.311378668508
4483.196025848389, 2171.302752265349, 2189.311378668508
4483.997880220413, 2172.0410564000877, 2189.1766742464156
4484.917416572571, 2171.509160669193, 2189.445266534328
4485.201656103134, 2171.509160669193, 2189.445266534328
4486.004506349564, 2174.1478481552467, 2189.5879693809006
4486.986876249313, 2172.79355831531, 2189.7474723795603
4487.72190785408, 2172.79355831531, 2189.7474723795603
4488.21359038353, 2172.79355831531, 2189.7474723795603
4488.7351949214935, 2172.79355831531, 2189.7474723795603
4489.22189116478, 2172.79355831531, 2189.7474723795603
4489.982854604721, 2173.5471703294324, 2189.782317081429
4490.992150306702, 2171.1433448124103, 2189.296486387391
4491.722196340561, 2171.1433448124103, 2189.296486387391
4492.216872215271, 2171.1433448124103, 2189.296486387391
4492.995785951614, 2170.245773280578, 2189.3954609951015
4493.7118704319, 2170.245773280578, 2189.3954609951015
4494.530676603317, 2170.252186974852, 2189.4603219776463
4495.244763851166, 2170.252186974852, 2189.4603219776463
4495.991764545441, 2172.029068298551, 2189.355352716626
4496.745746850967, 2172.029068298551, 2189.355352716626
4497.475789546967, 2172.833127236052, 2188.9488804887237
4498.5339567661285, 2174.366102057235, 2189.573123057626
4499.220128536224, 2174.366102057235, 2189.573123057626
4500.002025842667, 2170.8078275062694, 2189.4428464041102
4500.749026060104, 2170.8078275062694, 2189.4428464041102
4501.238713979721, 2170.8078275062694, 2189.4428464041102
4501.73738026619, 2170.8078275062694, 2189.4428464041102
4502.229064702988, 2170.8078275062694, 2189.4428464041102
4503.000995635986, 2174.2760651883177, 2189.521872764881
4503.726053714752, 2174.2760651883177, 2189.521872764881
4504.219731807709, 2174.2760651883177, 2189.521872764881
4504.75629734993, 2174.2760651883177, 2189.521872764881
4505.23900270462, 2174.2760651883177, 2189.521872764881
4505.728692531586, 2174.2760651883177, 2189.521872764881
4506.527554273605, 2172.4146718935517, 2189.032297625394
4507.2326645851135, 2172.4146718935517, 2189.032297625394
4507.963707923889, 2171.257439183235, 2189.41595227185
4508.224011659622, 2171.257439183235, 2189.41595227185
4508.974998950958, 2170.6735315666533, 2188.9600785257503
4509.729978322983, 2170.6735315666533, 2188.9600785257503
4510.216677427292, 2170.6735315666533, 2188.9600785257503
4511.006560564041, 2172.8934275642905, 2189.157476079498
4511.726632833481, 2172.8934275642905, 2189.157476079498
4512.436729669571, 2174.237611690523, 2189.6900018877095
4513.022163629532, 2170.390313165043, 2189.2894359621105
4513.724282741547, 2170.390313165043, 2189.2894359621105
4514.469288349152, 2171.6172030752846, 2189.3460445200894
4515.2282547950745, 2171.6172030752846, 2189.3460445200894
4515.74586892128, 2171.6172030752846, 2189.3460445200894
4516.1976590156555, 2171.6172030752846, 2189.3460445200894
4516.722256183624, 2171.6172030752846, 2189.3460445200894
4517.239868402481, 2171.6172030752846, 2189.3460445200894
4517.727564334869, 2171.6172030752846, 2189.3460445200894
4518.500494480133, 2171.573979935873, 2189.074870845921
4519.227546453476, 2171.573979935873, 2189.074870845921
4519.727209568024, 2171.573979935873, 2189.074870845921
4520.218892335892, 2171.573979935873, 2189.074870845921
4521.037700653076, 2171.6740913289877, 2189.126448328435
4521.724860191345, 2171.6740913289877, 2189.126448328435
4522.436954021454, 2172.34403308126, 2189.3079933468816
4522.904701709747, 2172.6928919296984, 2189.2757071283395
4523.435280323029, 2172.215559357361, 2189.122563729998
4523.718521356583, 2172.215559357361, 2189.122563729998
4524.206216335297, 2172.215559357361, 2189.122563729998
4525.041978359222, 2171.366634784149, 2189.297131141825
4525.721159219742, 2171.366634784149, 2189.297131141825
4526.537973403931, 2172.926595467774, 2189.2417405195206
4527.488427877426, 2171.9588239639943, 2189.3526387150796
4528.467805147171, 2173.853812789627, 2189.62076868957
4529.165935993195, 2173.853812789627, 2189.62076868957
4529.924903154373, 2175.0093601623234, 2189.5486776402117
4530.214128494263, 2175.0093601623234, 2189.5486776402117
4530.71778178215, 2175.0093601623234, 2189.5486776402117
4531.241378545761, 2175.0093601623234, 2189.5486776402117
4531.723088502884, 2175.0093601623234, 2189.5486776402117
4532.210784196854, 2175.0093601623234, 2189.5486776402117
4532.948807477951, 2170.555841883077, 2189.4274868159596
4533.245013475418, 2170.555841883077, 2189.4274868159596
4533.717748641968, 2170.555841883077, 2189.4274868159596
4534.248327255249, 2170.555841883077, 2189.4274868159596
4534.725051403046, 2170.555841883077, 2189.4274868159596
4535.226707935333, 2170.555841883077, 2189.4274868159596
4535.704427480698, 2170.555841883077, 2189.4274868159596
4536.462398529053, 2170.05607393968, 2189.067763697897
4536.739656925201, 2170.05607393968, 2189.067763697897
4537.220368862152, 2170.05607393968, 2189.067763697897
4537.728009462357, 2170.05607393968, 2189.067763697897
4538.509916782379, 2173.0490004788076, 2189.037704283899
4539.2339770793915, 2173.0490004788076, 2189.037704283899
4540.026854753494, 2174.3684228587013, 2189.630092766721
4540.718003988266, 2174.3684228587013, 2189.630092766721
4541.229633808136, 2174.3684228587013, 2189.630092766721
4542.006553173065, 2170.4328179004297, 2189.5392557684536
4542.722636461258, 2170.4328179004297, 2189.5392557684536
4543.229280233383, 2170.4328179004297, 2189.5392557684536
4543.725949287415, 2170.4328179004297, 2189.5392557684536
4544.471951961517, 2169.3049394887566, 2189.1419662800354
4545.513163328171, 2171.708330778513, 2189.360079483804
4546.227252006531, 2171.708330778513, 2189.360079483804
4546.928373813629, 2171.6600079450736, 2189.313743877259
4547.49485707283, 2169.562884914557, 2189.2955886897544
4548.224901914597, 2169.562884914557, 2189.2955886897544
4549.00381731987, 2170.7860789754595, 2189.1280758152934
4549.723889350891, 2170.7860789754595, 2189.1280758152934
4550.210585594177, 2170.7860789754595, 2189.1280758152934
4550.940632581711, 2170.761226558222, 2189.096640188242
4551.513099431992, 2170.416653198396, 2189.2328821971946
4552.22918009758, 2170.416653198396, 2189.2328821971946
4552.955237865448, 2172.0654363483827, 2189.122296262753
4553.518728256226, 2173.104063447301, 2188.778308620032
4554.506084680557, 2171.438272161821, 2189.3304299562296
4555.4804747104645, 2171.8988795786045, 2189.091717003777
4556.457857847214, 2170.8076834932986, 2189.425183845752
4556.74209690094, 2170.8076834932986, 2189.425183845752
4557.235774517059, 2170.8076834932986, 2189.425183845752
4557.722471952438, 2170.8076834932986, 2189.425183845752
4558.230112314224, 2170.8076834932986, 2189.425183845752
4558.727780342102, 2170.8076834932986, 2189.425183845752
4559.23143196106, 2170.8076834932986, 2189.425183845752
4559.736079931259, 2170.8076834932986, 2189.425183845752
4560.227762699127, 2170.8076834932986, 2189.425183845752
4560.705485343933, 2170.8076834932986, 2189.425183845752
4561.5093314647675, 2172.315542864254, 2189.289944098819
4562.230400800705, 2172.315542864254, 2189.289944098819
4562.7300634384155, 2172.315542864254, 2189.289944098819
4563.2027978897095, 2172.315542864254, 2189.289944098819
4563.741354465485, 2172.315542864254, 2189.289944098819
4564.456441640854, 2170.6410473742962, 2189.180906859509
4565.498649835587, 2171.93464306308, 2189.258913959638
4566.454091787338, 2171.5198370854077, 2188.9723909664817
4566.756283998489, 2171.5198370854077, 2188.9723909664817
4567.558148860931, 2172.1809993413403, 2188.916013575651
4568.480665445328, 2170.414054773229, 2189.3354269620827
4569.209712982178, 2170.414054773229, 2189.3354269620827
4569.9467396736145, 2171.487531538069, 2188.968632993404
4570.224994421005, 2171.487531538069, 2188.968632993404
4570.731638431549, 2171.487531538069, 2188.968632993404
4571.556430101395, 2170.5614775811505, 2189.1923581079195
4572.22364282608, 2170.5614775811505, 2189.1923581079195
4572.695380687714, 2170.5614775811505, 2189.1923581079195
4573.205016136169, 2170.5614775811505, 2189.1923581079195
4573.7345979213715, 2170.5614775811505, 2189.1923581079195
4574.216308116913, 2170.5614775811505, 2189.1923581079195
4574.717964410782, 2170.5614775811505, 2189.1923581079195
4575.50784945488, 2174.7272920441937, 2189.006184119717
4576.23789358139, 2174.7272920441937, 2189.006184119717
4576.737556695938, 2174.7272920441937, 2189.006184119717
4577.216275215149, 2174.7272920441937, 2189.006184119717
4578.046052694321, 2172.3845801939, 2189.2046228429626
4578.743185520172, 2172.3845801939, 2189.2046228429626
4579.218914031982, 2172.3845801939, 2189.2046228429626
4580.0466957092285, 2173.0809037191866, 2188.955528012992
4580.7288699150085, 2173.0809037191866, 2188.955528012992
4581.21456861496, 2173.0809037191866, 2188.955528012992
4582.015424251556, 2170.884123202282, 2189.2976644106366
4582.957901477814, 2172.1699324999922, 2189.217638940049
4583.239148616791, 2172.1699324999922, 2189.217638940049
4583.721854925156, 2172.1699324999922, 2189.217638940049
4584.225505828857, 2172.1699324999922, 2189.217638940049
4584.73813533783, 2172.1699324999922, 2189.217638940049
4585.480147600174, 2172.6373000995623, 2189.170266393823
4586.220165491104, 2172.6373000995623, 2189.170266393823
4586.997085094452, 2173.788676329319, 2189.0249403325515
4587.97945523262, 2172.7267511054583, 2189.2399481435077
4588.953847169876, 2173.1024345446376, 2189.158485674985
4589.248058319092, 2173.1024345446376, 2189.158485674985
4589.956161260605, 2172.1526510909707, 2189.1003256498084
4590.2194583415985, 2172.1526510909707, 2189.1003256498084
4590.9255657196045, 2172.8826259196203, 2189.0143423097093
4591.495042085648, 2172.252963556407, 2189.249624394426
4592.5262796878815, 2173.018096195935, 2189.071200245735
4593.463769435883, 2173.336714184409, 2189.2610750038507
4594.241687297821, 2173.336714184409, 2189.2610750038507
4594.731377124786, 2173.336714184409, 2189.2610750038507
4595.475386142731, 2173.9958348438663, 2189.1375021600124
4596.237345218658, 2173.9958348438663, 2189.1375021600124
4596.73002409935, 2173.9958348438663, 2189.1375021600124
4597.515919446945, 2170.402958331585, 2189.125322099361
4598.515243530273, 2173.1281029263178, 2188.9336258179655
4599.218361854553, 2173.1281029263178, 2188.9336258179655
4599.9823162555695, 2170.2241036486416, 2189.1100744132987
4600.722334623337, 2170.2241036486416, 2189.1100744132987
4601.4284427165985, 2171.915294111424, 2189.1146044699753
4601.690742492676, 2171.915294111424, 2189.1146044699753
4602.454697847366, 2172.3576976867366, 2189.129737148188
4602.730954885483, 2172.3576976867366, 2189.129737148188
4603.219646930695, 2172.3576976867366, 2189.129737148188
4603.72030711174, 2172.3576976867366, 2189.129737148188
4604.494234323502, 2173.788570570726, 2188.9698510328144
4605.244225502014, 2173.788570570726, 2188.9698510328144
4606.044084072113, 2172.6460356749644, 2189.0932397632073
4607.013488769531, 2173.369667637573, 2189.1605040809814
4607.724585771561, 2173.369667637573, 2189.1605040809814
4608.478565692902, 2173.2585255665936, 2188.7825760722035
4609.458940267563, 2171.940151955087, 2188.980125730352
4609.74517416954, 2171.940151955087, 2188.980125730352
4610.515113115311, 2170.9743070504815, 2189.0109783390058
4611.231195449829, 2170.9743070504815, 2189.0109783390058
4612.008116722107, 2173.0124803111435, 2189.1104119713004
4612.7411522865295, 2173.0124803111435, 2189.1104119713004
4613.470200300217, 2171.926619194139, 2189.241108539299
4614.528366088867, 2175.0100060902328, 2188.9624067516725
4615.2334797382355, 2175.0100060902328, 2188.9624067516725
4615.974494695663, 2173.6245930315526, 2189.1123554341902
4616.9558663368225, 2173.9048648783973, 2189.183927702127
4617.2421016693115, 2173.9048648783973, 2189.183927702127
4617.972145795822, 2173.9591391858853, 2189.274657818301
4618.953517913818, 2174.855329401385, 2188.9565914068676
4619.217810153961, 2174.855329401385, 2188.9565914068676
4619.719466924667, 2174.855329401385, 2188.9565914068676
4620.560214519501, 2173.838234230253, 2188.9543998256845
4621.23441028595, 2173.838234230253, 2188.9543998256845
4621.7231023311615, 2173.838234230253, 2188.9543998256845
4622.528944015503, 2172.797473732845, 2189.131619186075
4623.2111167907715, 2172.797473732845, 2189.131619186075
4623.700806856155, 2172.797473732845, 2189.131619186075
4624.471742153168, 2174.253321924092, 2188.8618952536494
4625.236694574356, 2174.253321924092, 2188.8618952536494
4625.706436157227, 2174.253321924092, 2188.8618952536494
4626.2080936431885, 2174.253321924092, 2188.8618952536494
4626.729695558548, 2174.253321924092, 2188.8618952536494
4627.218388557434, 2174.253321924092, 2188.8618952536494
4627.69810295105, 2174.253321924092, 2188.8618952536494
4628.523890972137, 2172.8992115906212, 2189.0264479910084
4629.230998277664, 2172.8992115906212, 2189.0264479910084
4629.973012447357, 2172.068055933402, 2189.2282190295546
4630.241292953491, 2172.068055933402, 2189.2282190295546
4630.9823088645935, 2173.458944715669, 2189.111262155119
4631.7173409461975, 2173.458944715669, 2189.111262155119
4632.199051856995, 2173.458944715669, 2189.111262155119
4632.983949184418, 2174.2884528932022, 2189.0538536942945
4633.738928079605, 2174.2884528932022, 2189.0538536942945
4634.233603954315, 2174.2884528932022, 2189.0538536942945
4634.728278398514, 2174.2884528932022, 2189.0538536942945
4635.241903305054, 2174.2884528932022, 2189.0538536942945
4635.724610567093, 2174.2884528932022, 2189.0538536942945
4636.2152967453, 2174.2884528932022, 2189.0538536942945
4636.740889310837, 2174.2884528932022, 2189.0538536942945
4637.216616153717, 2174.2884528932022, 2189.0538536942945
4637.710293769836, 2174.2884528932022, 2189.0538536942945
4638.467267990112, 2173.931091698032, 2189.0227365610203
4639.2252368927, 2173.931091698032, 2189.0227365610203
4639.721908569336, 2173.931091698032, 2189.0227365610203
4640.4938406944275, 2173.857483394852, 2188.8063205455787
4641.236851215363, 2173.857483394852, 2188.8063205455787
4641.74050283432, 2173.857483394852, 2188.8063205455787
4642.475534915924, 2173.066292947176, 2189.091411150487
4643.23250746727, 2173.066292947176, 2189.091411150487
4643.731172323227, 2173.066292947176, 2189.091411150487
4644.483158349991, 2173.4718019748902, 2188.9675907225023
4645.272046089172, 2173.4718019748902, 2188.9675907225023
4645.724835157394, 2173.4718019748902, 2188.9675907225023
4646.486793518066, 2172.2899202445433, 2189.2232829230024
4647.2317996025085, 2172.2899202445433, 2189.2232829230024
4647.72248506546, 2172.2899202445433, 2189.2232829230024
4648.209182024002, 2172.2899202445433, 2189.2232829230024
4648.96515750885, 2173.8203462396186, 2188.988879124593
4649.483769416809, 2173.837905361469, 2188.9712433145546
4650.543930768967, 2173.441604578153, 2189.0445076512847
4651.256023168564, 2173.441604578153, 2189.0445076512847
4651.72377038002, 2173.441604578153, 2189.0445076512847
4652.220443487167, 2173.441604578153, 2189.0445076512847
4653.02029967308, 2172.4454225685568, 2189.336841840303
4653.736382961273, 2172.4454225685568, 2189.336841840303
4654.221085309982, 2172.4454225685568, 2189.336841840303
4655.016952991486, 2171.631449571526, 2189.0363083120083
4655.969403743744, 2173.0736455096994, 2189.1182970124864
4657.0106155872345, 2174.2434590117396, 2188.990676270147
4657.932148218155, 2173.072458014354, 2188.9315841585144
4658.1854701042175, 2173.072458014354, 2188.9315841585144
4658.9893164634705, 2173.4393358192583, 2189.19326056348
4659.965703248978, 2172.2830042616347, 2189.3010872076356
4660.252933263779, 2172.2830042616347, 2189.3010872076356
4660.722674846649, 2172.2830042616347, 2189.3010872076356
4661.228321552277, 2172.2830042616347, 2189.3010872076356
4661.718009710312, 2172.2830042616347, 2189.3010872076356
4662.498919248581, 2172.5881199732494, 2188.9104172674274
4663.221982717514, 2172.5881199732494, 2188.9104172674274
4663.739597320557, 2172.5881199732494, 2188.9104172674274
4664.486598491669, 2172.785043601403, 2188.912503114884
4665.227612257004, 2172.785043601403, 2188.912503114884
4665.720293521881, 2172.785043601403, 2188.912503114884
4666.209983587265, 2172.785043601403, 2188.912503114884
4666.996874809265, 2174.2709765153472, 2188.8228581125727
4667.72691988945, 2174.2709765153472, 2188.8228581125727
4668.484892845154, 2173.9999471902493, 2188.9670131369003
4669.232887506485, 2173.9999471902493, 2188.9670131369003
4669.724571466446, 2173.9999471902493, 2188.9670131369003
4670.222239255905, 2173.9999471902493, 2188.9670131369003
4670.722898244858, 2173.9999471902493, 2188.9670131369003
4671.239514350891, 2173.9999471902493, 2188.9670131369003
4671.720227956772, 2173.9999471902493, 2188.9670131369003
4672.222882032394, 2173.9999471902493, 2188.9670131369003
4672.967888355255, 2170.6101216915713, 2189.380469968128
4673.713890075684, 2170.6101216915713, 2189.380469968128
4674.194603681564, 2170.6101216915713, 2189.380469968128
4675.020392656326, 2171.0587060782586, 2189.0527194014617
4675.7155294418335, 2171.0587060782586, 2189.0527194014617
4676.204221963882, 2171.0587060782586, 2189.0527194014617
4676.940252542496, 2173.8932780048704, 2188.950688101844
4677.21052646637, 2173.8932780048704, 2188.950688101844
4677.7271456718445, 2173.8932780048704, 2188.950688101844
4678.5210201740265, 2175.1379732018668, 2188.848780834646
4679.554251432419, 2174.5603901425525, 2188.699115076663
4680.231438159943, 2174.5603901425525, 2188.699115076663
4680.735090017319, 2174.5603901425525, 2188.699115076663
4681.515998125076, 2172.8561301579884, 2189.0896756423735
4682.233079195023, 2172.8561301579884, 2189.0896756423735
4682.720773220062, 2172.8561301579884, 2189.0896756423735
4683.5665073394775, 2171.959227358598, 2189.156763519031
4684.219758749008, 2171.959227358598, 2189.156763519031
4684.990694999695, 2172.1994705342213, 2188.9452919830646
4685.206118822098, 2172.1994705342213, 2188.9452919830646
4685.730713605881, 2172.1994705342213, 2188.9452919830646
4686.225388288498, 2172.1994705342213, 2188.9452919830646
4686.697125911713, 2172.1994705342213, 2188.9452919830646
4687.505959749222, 2172.4201041411648, 2189.0746842667945
4687.675505876541, 2172.4201041411648, 2189.0746842667945
4688.218054056168, 2172.4201041411648, 2189.0746842667945
4689.005943536758, 2171.7778434548663, 2189.4270034210786
4689.976344823837, 2170.2998901475216, 2189.3853961690106
4690.690432548523, 2170.2998901475216, 2189.3853961690106
4691.494280576706, 2172.805219730999, 2188.967892549654
4692.473658084869, 2171.4294392573993, 2189.1069124638325
4693.547780990601, 2171.442221235903, 2189.232854588899
4694.248904466629, 2171.442221235903, 2189.232854588899
4694.934071063995, 2172.0494012935114, 2189.0552246469683
4695.517507791519, 2171.62600253373, 2189.367554449037
4696.557721853256, 2173.3183822374904, 2188.7116202340094
4697.515157699585, 2171.611878401948, 2189.0697945226298
4698.280109643936, 2171.611878401948, 2189.0697945226298
4698.759825706482, 2171.611878401948, 2189.0697945226298
4699.624511480331, 2173.4483970536116, 2188.9056367427197
4700.274769306183, 2173.4483970536116, 2188.9056367427197
4700.757477760315, 2173.4483970536116, 2188.9056367427197
4701.631137132645, 2171.768931960535, 2189.1331987537305
4702.253472328186, 2171.768931960535, 2189.1331987537305
4702.740168333054, 2171.768931960535, 2189.1331987537305
4703.602858781815, 2173.7143805169744, 2189.2378832756553
4704.2301778793335, 2173.7143805169744, 2189.2378832756553
4705.033029317856, 2174.02562836252, 2189.3496204917083
4705.731159210205, 2174.02562836252, 2189.3496204917083
4706.233813762665, 2174.02562836252, 2189.3496204917083
4706.733475923538, 2174.02562836252, 2189.3496204917083
4707.296966552734, 2174.02562836252, 2189.3496204917083
4707.775685548782, 2174.02562836252, 2189.3496204917083
4708.242435216904, 2174.02562836252, 2189.3496204917083
4708.7620458602905, 2174.02562836252, 2189.3496204917083
4709.608776807785, 2173.641301025919, 2189.204859264243
4710.230112075806, 2173.641301025919, 2189.204859264243
4711.100781679153, 2176.6800453240435, 2188.8256574529823
4711.822847604752, 2176.6800453240435, 2188.8256574529823
4712.26765704155, 2176.6800453240435, 2188.8256574529823
4712.765324831009, 2176.6800453240435, 2188.8256574529823
4713.526288509369, 2177.1697584818376, 2188.838553147414
4714.259323358536, 2177.1697584818376, 2188.838553147414
4714.738042354584, 2177.1697584818376, 2188.838553147414
4715.513964414597, 2177.3477188039246, 2188.827989402242
4716.240020751953, 2177.3477188039246, 2188.827989402242
4716.739683628082, 2177.3477188039246, 2188.827989402242
4717.464741945267, 2174.2755825872086, 2189.0768297728728
4718.246647357941, 2174.2755825872086, 2189.0768297728728
4718.732346057892, 2174.2755825872086, 2189.0768297728728
4719.496301651001, 2175.8889702413903, 2189.131857094885
4720.242303133011, 2175.8889702413903, 2189.131857094885
4721.010247707367, 2175.927159022548, 2189.211495803756
4722.028520584106, 2175.1260089655057, 2189.1512595294384
4722.999920129776, 2177.292812371265, 2188.942425513331
4724.059084177017, 2175.3003716804897, 2189.20286300823
4724.757215261459, 2175.3003716804897, 2189.20286300823
4725.486262559891, 2174.7911596644985, 2189.1622324847467
4726.260191917419, 2174.7911596644985, 2189.1622324847467
4727.004197835922, 2175.803399404419, 2188.975686532817
4728.075329065323, 2175.2856129166044, 2189.0271386467143
4728.7345650196075, 2175.2856129166044, 2189.0271386467143
4729.454637289047, 2176.673706173168, 2189.238286513657
4730.066997051239, 2176.3806633542167, 2189.0548328849623
4730.732216358185, 2176.3806633542167, 2189.0548328849623
4731.47522854805, 2176.20808697305, 2188.900786331106
4732.244168043137, 2176.20808697305, 2188.900786331106
4732.759786128998, 2176.20808697305, 2188.900786331106
4733.225540161133, 2176.20808697305, 2188.900786331106
4733.749137163162, 2176.20808697305, 2188.900786331106
4734.270742416382, 2176.20808697305, 2188.900786331106
4734.738487958908, 2176.20808697305, 2188.900786331106
4735.541339635849, 2175.8968293340317, 2189.1230169112514
4736.286345005035, 2175.8968293340317, 2189.1230169112514
4736.745115280151, 2175.8968293340317, 2189.1230169112514
4737.234804868698, 2175.8968293340317, 2189.1230169112514
4738.055607557297, 2177.0191555022525, 2189.0226374774084
4738.783657312393, 2177.0191555022525, 2189.0226374774084
4739.229464054108, 2177.0191555022525, 2189.0226374774084
4740.084174633026, 2176.496407960393, 2189.122304199044
4740.758369922638, 2176.496407960393, 2189.122304199044
4741.23309803009, 2176.496407960393, 2189.122304199044
4741.687880039215, 2176.496407960393, 2189.122304199044
4742.438868761063, 2177.712511511728, 2189.225352353301
4742.770980358124, 2177.712511511728, 2189.225352353301
4743.2257623672485, 2177.712511511728, 2189.225352353301
4743.77828335762, 2177.712511511728, 2189.225352353301
4744.294899463654, 2177.712511511728, 2189.225352353301
4744.726742982864, 2177.712511511728, 2189.225352353301
4745.216434240341, 2177.712511511728, 2189.225352353301
4746.113032102585, 2175.684504052792, 2189.3240984752274
4746.741349220276, 2175.684504052792, 2189.3240984752274
4747.230040550232, 2175.684504052792, 2189.3240984752274
4747.735686779022, 2175.684504052792, 2189.3240984752274
4748.508616447449, 2176.406224073953, 2189.2359954980834
4749.561797380447, 2177.5956738896034, 2189.1793309966756
4750.239981651306, 2177.5956738896034, 2189.1793309966756
4750.75959277153, 2177.5956738896034, 2189.1793309966756
4751.555459737778, 2174.906985833934, 2189.009171393105
4752.601657867432, 2174.814637020469, 2189.178206930834
4753.50723361969, 2178.3479981900737, 2189.0120179995974
4754.563404560089, 2177.088711016593, 2188.968083266757
4755.529816865921, 2176.9749380000185, 2189.0274080867075
4756.551082849503, 2176.122035137776, 2189.1318143151993
4757.536445379257, 2175.6493291570373, 2189.159594925389
4758.522804021835, 2173.226533364994, 2189.4431491538626
4759.608894109726, 2173.4854882604127, 2189.2627187877683
4760.275111198425, 2173.4854882604127, 2189.2627187877683
4760.726900577545, 2173.4854882604127, 2189.2627187877683
4761.29039311409, 2173.4854882604127, 2189.2627187877683
4761.761132001877, 2173.4854882604127, 2189.2627187877683
4762.6138484478, 2174.8745510976864, 2189.0149284471963
4763.278069734573, 2174.8745510976864, 2189.0149284471963
4763.775737047195, 2174.8745510976864, 2189.0149284471963
4764.298337221146, 2174.8745510976864, 2189.0149284471963
4764.797999382019, 2174.8745510976864, 2189.0149284471963
4765.289684534073, 2174.8745510976864, 2189.0149284471963
4765.777379274368, 2174.8745510976864, 2189.0149284471963
4766.264075994492, 2174.8745510976864, 2189.0149284471963
4766.773711204529, 2174.8745510976864, 2189.0149284471963
4767.277361631393, 2174.8745510976864, 2189.0149284471963
4767.75009560585, 2174.8745510976864, 2189.0149284471963
4768.270701169968, 2174.8745510976864, 2189.0149284471963
4768.737452030182, 2174.8745510976864, 2189.0149284471963
4769.614103555679, 2172.251429667024, 2189.148578307668
4770.247408628464, 2172.251429667024, 2189.148578307668
4770.795940160751, 2172.251429667024, 2189.148578307668
4771.301586389542, 2172.251429667024, 2189.148578307668
4771.774320840836, 2172.251429667024, 2189.148578307668
4772.607089757919, 2174.1910984527212, 2189.1934034762517
4773.593449831009, 2171.8797061476107, 2189.0874005461437
4774.275621891022, 2171.8797061476107, 2189.0874005461437
4774.816175937653, 2171.8797061476107, 2189.0874005461437
4775.284919500351, 2171.8797061476107, 2189.0874005461437
4775.784581899643, 2171.8797061476107, 2189.0874005461437
4776.592418909073, 2173.598395233731, 2188.9660402475865
4777.56681060791, 2172.71728865288, 2189.1062086258353
4778.545189857483, 2170.7006949333154, 2189.1715321907072
4779.258280754089, 2170.7006949333154, 2189.1715321907072
4780.083072423935, 2171.9878859723904, 2188.927191421678
4781.045496702194, 2172.1007286935273, 2188.8837473336803
4781.74063372612, 2172.1007286935273, 2188.8837473336803
4782.538499832153, 2169.9365878033623, 2189.2587529429948
4783.242611408234, 2169.9365878033623, 2189.2587529429948
4783.747260808945, 2169.9365878033623, 2189.2587529429948
4784.541135311127, 2172.367074627965, 2188.7927501981953
4785.22430562973, 2172.367074627965, 2188.7927501981953
4786.0750279426575, 2170.217950753363, 2189.1876783200505
4787.091306447983, 2169.064512564158, 2189.0371057885823
4788.020818948746, 2170.033563177865, 2189.068874239018
4789.047069549561, 2170.7994491391155, 2189.1461976733776
4789.763154268265, 2170.7994491391155, 2189.1461976733776
4790.243865966797, 2170.7994491391155, 2189.1461976733776
4791.061676263809, 2170.4755664809545, 2189.1726345762604
4792.034071445465, 2170.0092580443925, 2189.1637956469544
4793.047360420227, 2169.770674254657, 2189.08707701075
4793.998810768127, 2170.612786261533, 2188.9611705982356
4794.975197315216, 2170.608456349137, 2189.187224813186
4795.999453544617, 2171.064346535125, 2189.061200671614
4796.731493711472, 2171.064346535125, 2189.061200671614
4797.514398574829, 2169.410006321846, 2189.086037069532
4798.255413532257, 2169.410006321846, 2189.086037069532
4798.732136249542, 2169.410006321846, 2189.086037069532
4799.517034292221, 2168.910465912372, 2189.289278957306
4800.567223548889, 2168.4828261093744, 2189.295985554751
4801.524660110474, 2170.8185122233367, 2189.0798842655913
4802.253706455231, 2170.8185122233367, 2189.0798842655913
4802.73840880394, 2170.8185122233367, 2189.0798842655913
4803.522311210632, 2170.8448664974376, 2189.2243922825905
4804.248366117477, 2170.8448664974376, 2189.2243922825905
4804.7829349040985, 2170.8448664974376, 2189.2243922825905
4805.235723018646, 2170.8448664974376, 2189.2243922825905
4806.0964179039, 2170.8368481512807, 2189.041740824267
4806.788565158844, 2170.8368481512807, 2189.041740824267
4807.225395202637, 2170.8368481512807, 2189.041740824267
4807.702118873596, 2170.8368481512807, 2189.041740824267
4808.545859336853, 2170.8096557722056, 2188.934599504879
4809.560143947601, 2170.6444782454114, 2189.161434104671
4810.598363399506, 2171.35572192909, 2189.0613719431694
4811.224686384201, 2171.35572192909, 2189.0613719431694
4811.713379144669, 2171.35572192909, 2189.0613719431694
4812.544153213501, 2170.7544600632336, 2188.9419871644045
4813.522533655167, 2169.9108471704317, 2189.138393137002
4814.511884689331, 2171.448415792895, 2189.088809365286
4815.236944198608, 2171.448415792895, 2189.088809365286
4815.728627443314, 2171.448415792895, 2189.088809365286
4816.275163412094, 2171.448415792895, 2189.088809365286
4817.082999706268, 2169.673442134006, 2189.13153666731
4818.056395769119, 2169.720055479184, 2189.1630657860924
4818.730588674545, 2169.720055479184, 2189.1630657860924
4819.526458263397, 2172.144376510479, 2189.205805780899
4820.560688018799, 2171.4881347415244, 2189.0252684462494
4821.238872528076, 2171.4881347415244, 2189.0252684462494
4822.039728879929, 2171.4239074381067, 2188.9779613228025
4822.790716409683, 2171.4239074381067, 2188.9779613228025
4823.28040599823, 2171.4239074381067, 2188.9779613228025
4824.046354532242, 2171.038268262714, 2188.9346705335442
4825.077593564987, 2170.8844815912016, 2189.2727649506237
4826.018076181412, 2171.2153313943472, 2189.0323498064276
4826.744131088257, 2171.2153313943472, 2189.0323498064276
4827.4721829891205, 2171.448622075855, 2189.1011457292557
4828.4974365234375, 2172.0218965647036, 2189.1535889983975
4829.239449977875, 2172.0218965647036, 2189.1535889983975
4829.744099617004, 2172.0218965647036, 2189.1535889983975
4830.596815109253, 2170.0346463275864, 2189.2811498122924
4831.246076822281, 2170.0346463275864, 2189.2811498122924
4831.778650999069, 2170.0346463275864, 2189.2811498122924
4832.56454873085, 2170.5862121474192, 2189.0561714504333
4833.348448038101, 2170.5862121474192, 2189.0561714504333
4833.78428030014, 2170.5862121474192, 2189.0561714504333
4834.2350742816925, 2170.5862121474192, 2189.0561714504333
4834.7796149253845, 2170.5862121474192, 2189.0561714504333
4835.325153827667, 2170.5862121474192, 2189.0561714504333
4835.784923553467, 2170.5862121474192, 2189.0561714504333
4836.627667427063, 2169.3689853662186, 2189.0111422619534
4837.290890216827, 2169.3689853662186, 2189.0111422619534
4837.733705043793, 2169.3689853662186, 2189.0111422619534
4838.651247739792, 2169.33694503294, 2189.0532251595296
4839.241667032242, 2169.33694503294, 2189.0532251595296
4840.000634908676, 2170.1720000856744, 2189.097608668882
4840.975025892258, 2169.886592732971, 2189.1638088349087
4841.70307636261, 2169.886592732971, 2189.1638088349087
4842.2346534729, 2169.886592732971, 2189.1638088349087
4842.958714962006, 2170.893828265975, 2189.2279071996077
4843.280851840973, 2170.893828265975, 2189.2279071996077
4843.768546581268, 2170.893828265975, 2189.2279071996077
4844.262224435806, 2170.893828265975, 2189.2279071996077
4844.791805744171, 2170.893828265975, 2189.2279071996077
4845.296455144882, 2170.893828265975, 2189.2279071996077
4845.780159473419, 2170.893828265975, 2189.2279071996077
4846.547107934952, 2169.171308813307, 2189.042798857884
4847.310066699982, 2169.171308813307, 2189.042798857884
4847.753875255585, 2169.171308813307, 2189.042798857884
4848.244562149048, 2169.171308813307, 2189.042798857884
4849.150136470795, 2171.1271412889914, 2188.922090248898
4849.787429571152, 2171.1271412889914, 2188.922090248898
4850.605240345001, 2167.593479324611, 2189.0701413689844
4851.2804317474365, 2167.593479324611, 2189.0701413689844
4851.783086061478, 2167.593479324611, 2189.0701413689844
4852.24485039711, 2167.593479324611, 2189.0701413689844
4852.733541727066, 2167.593479324611, 2189.0701413689844
4853.248162508011, 2167.593479324611, 2189.0701413689844
4853.788715600967, 2167.593479324611, 2189.0701413689844
4854.22056221962, 2167.593479324611, 2189.0701413689844
4855.056322097778, 2170.1761113465395, 2188.9163835093714
4855.779386281967, 2170.1761113465395, 2188.9163835093714
4856.217213392258, 2170.1761113465395, 2188.9163835093714
4857.10683131218, 2168.6938311939057, 2189.1067579634396
4857.754098176956, 2168.6938311939057, 2189.1067579634396
4858.241795539856, 2168.6938311939057, 2189.1067579634396
4858.743449926376, 2168.6938311939057, 2189.1067579634396
4859.29297709465, 2168.6938311939057, 2189.1067579634396
4859.751750469208, 2168.6938311939057, 2189.1067579634396
4860.264377117157, 2168.6938311939057, 2189.1067579634396
4861.159978151321, 2168.5522421773394, 2189.0245219603776
4861.777325153351, 2168.5522421773394, 2189.0245219603776
4862.244076013565, 2168.5522421773394, 2189.0245219603776
4862.728776931763, 2168.5522421773394, 2189.0245219603776
4863.269330024719, 2168.5522421773394, 2189.0245219603776
4863.751041650772, 2168.5522421773394, 2189.0245219603776
4864.245715141296, 2168.5522421773394, 2189.0245219603776
4865.122368812561, 2167.510173325475, 2189.123280949622
4865.72475528717, 2167.510173325475, 2189.123280949622
4866.220429897308, 2167.510173325475, 2189.123280949622
4867.03125667572, 2169.329604225568, 2189.1400272816168
4867.727392673492, 2169.329604225568, 2189.1400272816168
4868.22206902504, 2169.329604225568, 2189.1400272816168
4869.046860933304, 2167.9690282923434, 2189.2423236282607
4869.722052574158, 2167.9690282923434, 2189.2423236282607
4870.468054294586, 2167.1182863924037, 2188.9239041288915
4871.014590978622, 2167.3350622029698, 2188.9796312500575
4871.96803855896, 2168.309944471023, 2189.190133679829
4872.92746925354, 2167.739427920838, 2189.0326330335893
4873.247611522675, 2167.739427920838, 2189.0326330335893
4873.744282245636, 2167.739427920838, 2189.0326330335893
4874.234968662262, 2167.739427920838, 2189.0326330335893
4874.7166793346405, 2167.739427920838, 2189.0326330335893
4875.235289573669, 2167.739427920838, 2189.0326330335893
4876.0042316913605, 2167.533081329686, 2189.2661521258206
4876.957678079605, 2167.3223698300408, 2189.0039940017223
4877.273831367493, 2167.3223698300408, 2189.0039940017223
4877.737589597702, 2167.3223698300408, 2189.0039940017223
4878.25021648407, 2167.3223698300408, 2189.0039940017223
4878.746887207031, 2167.3223698300408, 2189.0039940017223
4879.547742605209, 2168.382828697485, 2189.140345619471
4880.522134780884, 2169.177652705201, 2188.8090236111943
4881.24320268631, 2169.177652705201, 2188.8090236111943
4882.016133546829, 2168.3833403997974, 2189.0766824456796
4882.747175455093, 2168.3833403997974, 2189.0766824456796
4883.616847515106, 2167.088084881797, 2189.0222083407366
4884.276082754135, 2167.088084881797, 2189.0222083407366
4885.046020269394, 2168.340567725571, 2189.0196535282817
4885.753126859665, 2168.340567725571, 2189.0196535282817
4886.286698102951, 2168.340567725571, 2189.0196535282817
4886.748462200165, 2168.340567725571, 2189.0196535282817
4887.331899881363, 2168.340567725571, 2189.0196535282817
4887.813609600067, 2168.340567725571, 2189.0196535282817
4888.348178386688, 2168.340567725571, 2189.0196535282817
4888.740130662918, 2168.340567725571, 2189.0196535282817
4889.2996301651, 2168.340567725571, 2189.0196535282817
4889.7763550281525, 2168.340567725571, 2189.0196535282817
4890.284991979599, 2168.340567725571, 2189.0196535282817
4890.7886435985565, 2168.340567725571, 2189.0196535282817
4891.30127120018, 2168.340567725571, 2189.0196535282817
4891.793952465057, 2168.340567725571, 2189.0196535282817
4892.249731063843, 2168.340567725571, 2189.0196535282817
4892.77831530571, 2168.340567725571, 2189.0196535282817
4893.284963130951, 2168.340567725571, 2189.0196535282817
4893.7776420116425, 2168.340567725571, 2189.0196535282817
4894.301238298416, 2168.340567725571, 2189.0196535282817
4894.7679896354675, 2168.340567725571, 2189.0196535282817
4895.241721630096, 2168.340567725571, 2189.0196535282817
4895.801221609116, 2168.340567725571, 2189.0196535282817
4896.27694940567, 2168.340567725571, 2189.0196535282817
4896.7955594062805, 2168.340567725571, 2189.0196535282817
4897.252336025238, 2168.340567725571, 2189.0196535282817
4897.799870491028, 2168.340567725571, 2189.0196535282817
4898.280582904816, 2168.340567725571, 2189.0196535282817
4898.773264408112, 2168.340567725571, 2189.0196535282817
4899.280905008316, 2168.340567725571, 2189.0196535282817
4899.752641439438, 2168.340567725571, 2189.0196535282817
4900.287211894989, 2168.340567725571, 2189.0196535282817
4900.789865016937, 2168.340567725571, 2189.0196535282817
4901.263596773148, 2168.340567725571, 2189.0196535282817
4901.779215335846, 2168.340567725571, 2189.0196535282817
4902.259929180145, 2168.340567725571, 2189.0196535282817
4902.730666875839, 2168.340567725571, 2189.0196535282817
4903.57440829277, 2166.339554486653, 2189.0588997301907
4904.25757932663, 2166.339554486653, 2189.0588997301907
4904.810101747513, 2166.339554486653, 2189.0588997301907
4905.273858308792, 2166.339554486653, 2189.0588997301907
4905.795460939407, 2166.339554486653, 2189.0588997301907
4906.280166387558, 2166.339554486653, 2189.0588997301907
4906.789802074432, 2166.339554486653, 2189.0588997301907
4907.245580196381, 2166.339554486653, 2189.0588997301907
4908.098294258118, 2166.7659701290045, 2189.1366131069453
4908.746558666229, 2166.7659701290045, 2189.1366131069453
4909.262180328369, 2166.7659701290045, 2189.1366131069453
4909.746879816055, 2166.7659701290045, 2189.1366131069453
4910.268485546112, 2166.7659701290045, 2189.1366131069453
4910.8150203228, 2166.7659701290045, 2189.1366131069453
4911.255841255188, 2166.7659701290045, 2189.1366131069453
4911.784424543381, 2166.7659701290045, 2189.1366131069453
4912.255166292191, 2166.7659701290045, 2189.1366131069453
4912.744853258133, 2166.7659701290045, 2189.1366131069453
4913.2285578250885, 2166.7659701290045, 2189.1366131069453
4914.060331821442, 2163.380317301225, 2189.1708256430943
4914.747490644455, 2163.380317301225, 2189.1708256430943
4915.548346281052, 2165.327176531499, 2188.968667436502
4916.256450176239, 2165.327176531499, 2188.968667436502
4916.7451412677765, 2165.327176531499, 2188.968667436502
4917.242809295654, 2165.327176531499, 2188.968667436502
4918.010752916336, 2164.9393068176737, 2189.3289940364666
4918.771716117859, 2164.9393068176737, 2189.3289940364666
4919.579552650452, 2164.3843037801566, 2189.3380286601473
4920.509063720703, 2163.4701614353203, 2189.342597766873
4921.263045549393, 2163.4701614353203, 2189.342597766873
4922.073873281479, 2165.0480752239373, 2189.1180783976397
4923.0163497924805, 2165.9866710879846, 2189.17668994438
4924.05556678772, 2165.7841814987296, 2189.028304637913
4924.726769447327, 2165.7841814987296, 2189.028304637913
4925.239401817322, 2165.7841814987296, 2189.028304637913
4926.073165655136, 2165.5063149750267, 2188.9968087104758
4926.740378379822, 2165.5063149750267, 2188.9968087104758
4927.49037027359, 2164.0893745619446, 2189.142309057575
4928.251332044601, 2164.0893745619446, 2189.142309057575
4928.747004270554, 2164.0893745619446, 2189.142309057575
4929.243675231934, 2164.0893745619446, 2189.142309057575
4930.0365517139435, 2164.1709768329606, 2189.061948049696
4931.066794633865, 2165.2573383328872, 2188.890308402146
4931.712065219879, 2165.2573383328872, 2188.890308402146
4932.2416479587555, 2165.2573383328872, 2188.890308402146
4932.729341745377, 2165.2573383328872, 2188.890308402146
4933.489307880402, 2164.760545553206, 2189.0918443007276
4934.282183408737, 2164.760545553206, 2189.0918443007276
4934.99826669693, 2164.478515063197, 2189.0672687242836
4935.957697868347, 2165.3727446407142, 2189.0448927508196
4936.729630231857, 2165.3727446407142, 2189.0448927508196
4937.573370933533, 2164.952945177123, 2189.2002004176984
4938.229614019394, 2164.952945177123, 2189.2002004176984
4938.723293304443, 2164.952945177123, 2189.2002004176984
4939.5161690711975, 2165.059490896922, 2189.186691663693
4940.523473024368, 2165.0951978815137, 2189.1175905596415
4941.511825561523, 2164.794090849602, 2189.0111194932583
4942.199982643127, 2164.794090849602, 2189.0111194932583
4942.712609291077, 2164.794090849602, 2189.0111194932583
4943.554356575012, 2166.640338964065, 2189.3302265246725
4944.512790441513, 2164.9357826705095, 2189.312824892587
4945.509122610092, 2164.203970065404, 2189.407909482613
4946.467556476593, 2164.3585033397517, 2188.9444875468284
4947.527717351913, 2164.818645334656, 2189.2447547617066
4948.522056102753, 2164.2594381214903, 2189.0756245706852
4949.581218004227, 2164.2856226827216, 2189.3417840590037
4950.220509052277, 2164.2856226827216, 2189.3417840590037
4950.958531618118, 2165.4070410302293, 2189.1901969693117
4951.560917854309, 2164.227218726689, 2189.248866199001
4952.533313512802, 2164.8509043836134, 2189.10401831568
4953.558568477631, 2163.7787928108755, 2189.290711071712
4954.215809345245, 2163.7787928108755, 2189.290711071712
4954.718463182449, 2163.7787928108755, 2189.290711071712
4955.505356550217, 2165.754046141582, 2188.9256810664046
4956.234403848648, 2165.754046141582, 2188.9256810664046
4956.721101522446, 2165.754046141582, 2188.9256810664046
4957.46511554718, 2164.30254980922, 2189.0351765243327
4958.015634298325, 2162.808481838259, 2188.951665814304
4958.715759515762, 2162.808481838259, 2188.951665814304
4959.242349863052, 2162.808481838259, 2188.951665814304
4959.735030174255, 2162.808481838259, 2188.951665814304
4960.245662927628, 2162.808481838259, 2188.951665814304
4960.971720218658, 2165.52773336118, 2188.8254225280593
4961.743651866913, 2165.52773336118, 2188.8254225280593
4962.270241737366, 2165.52773336118, 2188.8254225280593
4962.699093818665, 2165.52773336118, 2188.8254225280593
4963.567768096924, 2162.4717124831686, 2189.1796839659037
4964.257921218872, 2162.4717124831686, 2189.1796839659037
4964.975000619888, 2161.2018946680637, 2189.4975983236345
4966.0241911411285, 2163.1541430832935, 2189.016735250087
4966.741270065308, 2163.1541430832935, 2189.016735250087
4967.240932703018, 2163.1541430832935, 2189.016735250087
4967.76153922081, 2163.1541430832935, 2189.016735250087
4968.258208274841, 2163.1541430832935, 2189.016735250087
4968.700025558472, 2163.1541430832935, 2189.016735250087
4969.561719179153, 2162.9025639228153, 2189.448284380542
4970.224942684174, 2162.9025639228153, 2189.448284380542
4970.742556810379, 2162.9025639228153, 2189.448284380542
4971.560366392136, 2163.0492720599577, 2189.077753767053
4972.493867397308, 2162.237511319142, 2189.347664814076
4973.2318913936615, 2162.237511319142, 2189.347664814076
4973.747511386871, 2162.237511319142, 2189.347664814076
4974.244179964066, 2162.237511319142, 2189.347664814076
4975.018108129501, 2162.5248550417364, 2189.278663899833
4976.009453296661, 2164.0988995957596, 2188.9709917994082
4976.740495920181, 2164.0988995957596, 2188.9709917994082
4977.226195335388, 2164.0988995957596, 2188.9709917994082
4977.73882317543, 2164.0988995957596, 2188.9709917994082
4978.485823392868, 2164.831853396606, 2189.541678866601
4979.226838350296, 2164.831853396606, 2189.541678866601
4979.789333105087, 2164.831853396606, 2189.541678866601
4980.23015165329, 2164.831853396606, 2189.541678866601
4980.735798835754, 2164.831853396606, 2189.541678866601
4981.523689746857, 2163.936746084576, 2188.873387257596
4982.463172674179, 2161.189190676149, 2189.246426402278
4983.482444286346, 2162.033745402421, 2189.226821217074
4984.225453615189, 2162.033745402421, 2189.226821217074
4984.731100797653, 2162.033745402421, 2189.226821217074
4985.24671959877, 2162.033745402421, 2189.226821217074
4986.0276300907135, 2163.647626916324, 2189.1402863407075
4986.769642114639, 2163.647626916324, 2189.1402863407075
4987.236392498016, 2163.647626916324, 2189.1402863407075
4987.7669723033905, 2163.647626916324, 2189.1402863407075
4988.547881603241, 2163.5432580013307, 2189.0383075759974
4989.242022037506, 2163.5432580013307, 2189.0383075759974
4990.030910015106, 2162.810778062891, 2189.153926042082
4991.046191453934, 2161.8441557652186, 2189.2524564832984
4992.091397285461, 2162.9967508681534, 2189.107447506822
4993.038855314255, 2161.5227089611003, 2189.189139363101
4993.782863378525, 2161.5227089611003, 2189.189139363101
4994.506924152374, 2163.7943387488094, 2188.927633423394
4995.240958929062, 2163.7943387488094, 2188.927633423394
4995.744610071182, 2163.7943387488094, 2188.927633423394
4996.2343010902405, 2163.7943387488094, 2188.927633423394
4997.075048208237, 2162.3866324249907, 2189.216198160933
4998.065396308899, 2163.235012731107, 2189.201764375918
4999.121569633484, 2164.1894118646687, 2188.8573109369177
4999.7349264621735, 2164.1894118646687, 2188.8573109369177
5000.237579345703, 2164.1894118646687, 2188.8573109369177
5000.753199338913, 2164.1894118646687, 2188.8573109369177
5001.265827178955, 2164.1894118646687, 2188.8573109369177
5001.7764592170715, 2164.1894118646687, 2188.8573109369177
5002.262159585953, 2164.1894118646687, 2188.8573109369177
5003.074982643127, 2162.992577330563, 2189.3384420305524
5003.746184825897, 2162.992577330563, 2189.3384420305524
5004.549035549164, 2165.0775759118533, 2189.252891200267
5005.241183042526, 2165.0775759118533, 2189.252891200267
5005.751814365387, 2165.0775759118533, 2189.252891200267
5006.261451721191, 2165.0775759118533, 2189.252891200267
5006.73019528389, 2165.0775759118533, 2189.252891200267
5007.5589764118195, 2166.8369622999567, 2188.9965111572765
5008.578246593475, 2166.1404470581438, 2189.0474459730244
5009.268398284912, 2166.1404470581438, 2189.0474459730244
5010.024374246597, 2163.3264270828868, 2189.240271122688
5010.980813741684, 2163.8749515320537, 2189.4574278588134
5011.715845108032, 2163.8749515320537, 2189.4574278588134
5012.524680137634, 2165.5456970347154, 2189.0839379519048
5013.507050037384, 2164.9269937548024, 2189.2522146074534
5014.2500603199005, 2164.9269937548024, 2189.2522146074534
5014.727780580521, 2164.9269937548024, 2189.2522146074534
5015.227443218231, 2164.9269937548024, 2189.2522146074534
5015.723114728928, 2164.9269937548024, 2189.2522146074534
5016.480087518692, 2167.414576125609, 2189.022074907192
5017.524292945862, 2166.4913894474826, 2189.1615704446654
5018.603402376175, 2166.627474399208, 2189.1418749649124
5019.264632701874, 2166.627474399208, 2189.1418749649124
5019.725398778915, 2166.627474399208, 2189.1418749649124
5020.5940721035, 2165.125501556581, 2189.3379963633715
5021.24832034111, 2165.125501556581, 2189.3379963633715
5021.726041793823, 2165.125501556581, 2189.3379963633715
5022.23069024086, 2165.125501556581, 2189.3379963633715
5022.7493019104, 2165.125501556581, 2189.3379963633715
5023.246968984604, 2165.125501556581, 2189.3379963633715
5023.689783811569, 2165.125501556581, 2189.3379963633715
5024.55047917366, 2164.5590412110096, 2189.3143986949744
5025.237638950348, 2164.5590412110096, 2189.3143986949744
5025.705388307571, 2164.5590412110096, 2189.3143986949744
5026.526188373566, 2167.3946261063643, 2189.077278591132
5027.233294725418, 2167.3946261063643, 2189.077278591132
5027.718995094299, 2167.3946261063643, 2189.077278591132
5028.59465098381, 2168.445592869913, 2189.0593365172167
5029.263858318329, 2168.445592869913, 2189.0593365172167
5029.727616071701, 2168.445592869913, 2189.0593365172167
5030.59728717804, 2166.0374583588086, 2189.109033387653
5031.246549367905, 2166.0374583588086, 2189.109033387653
5032.02446603775, 2167.004608605649, 2189.062177614241
5032.749524831772, 2167.004608605649, 2189.062177614241
5033.5194635391235, 2167.7297029740025, 2188.9391030771862
5034.219589471817, 2167.7297029740025, 2188.9391030771862
5035.0074779987335, 2166.3196647417844, 2189.2148570127715
5036.027747631073, 2169.6477966793072, 2188.9111970180784
5036.74582362175, 2169.6477966793072, 2188.9111970180784
5037.241496562958, 2169.6477966793072, 2188.9111970180784
5037.71423125267, 2169.6477966793072, 2188.9111970180784
5038.535032749176, 2168.484267173157, 2188.8877667355096
5039.24413561821, 2168.484267173157, 2188.8877667355096
5040.025043725967, 2167.2526096643123, 2189.2080182350383
5040.7281613349915, 2167.2526096643123, 2189.2080182350383
5041.524030208588, 2166.691906350254, 2189.070688673475
5042.544298410416, 2165.7436331375357, 2189.293300157119
5043.255394220352, 2165.7436331375357, 2189.293300157119
5043.722144842148, 2165.7436331375357, 2189.293300157119
5044.467150211334, 2165.37968943505, 2189.401585302251
5045.243071079254, 2165.37968943505, 2189.401585302251
5045.748717546463, 2165.37968943505, 2189.401585302251
5046.23641204834, 2165.37968943505, 2189.401585302251
5046.747044801712, 2165.37968943505, 2189.401585302251
5047.236733198166, 2165.37968943505, 2189.401585302251
5047.9857268333435, 2166.369651454244, 2189.1415510686556
5049.066833257675, 2167.6678820240218, 2189.1949871389834
5050.067154407501, 2167.5213732327716, 2189.262388572661
5050.737359762192, 2167.5213732327716, 2189.262388572661
5051.549186706543, 2168.370679672512, 2189.2218271823112
5052.24432516098, 2168.370679672512, 2189.2218271823112
5052.748972892761, 2168.370679672512, 2189.2218271823112
5053.526891469955, 2167.827858571378, 2189.0842880413725
5054.51923418045, 2166.0844741271594, 2189.005843024912
5055.237310171127, 2166.0844741271594, 2189.005843024912
5056.034176826477, 2166.5337911434112, 2188.9652358544736
5056.755246162415, 2166.5337911434112, 2188.9652358544736
5057.232967853546, 2166.5337911434112, 2188.9652358544736
5058.031827449799, 2166.7930144836664, 2189.1846651903443
5058.749905824661, 2166.7930144836664, 2189.1846651903443
5059.229621648788, 2166.7930144836664, 2189.1846651903443
5060.051420211792, 2168.0866698601694, 2189.1111916246036
5060.730601787567, 2168.0866698601694, 2189.1111916246036
5061.527469158173, 2168.032125920373, 2189.0605035840063
5062.230585575104, 2168.032125920373, 2189.0605035840063
5062.733239412308, 2168.032125920373, 2189.0605035840063
5063.247862577438, 2168.032125920373, 2189.0605035840063
5063.7894115448, 2168.032125920373, 2189.0605035840063
5064.239206790924, 2168.032125920373, 2189.0605035840063
5065.05003619194, 2169.8317611832576, 2188.978758110585
5065.720243215561, 2169.8317611832576, 2188.978758110585
5066.233865976334, 2169.8317611832576, 2188.978758110585
5067.030732393265, 2169.3040057445896, 2189.5990634849004
5068.04501914978, 2166.6249294671475, 2189.0149148680734
5068.741153240204, 2166.6249294671475, 2189.0149148680734
5069.2398183345795, 2166.6249294671475, 2189.0149148680734
5069.737484455109, 2166.6249294671475, 2189.0149148680734
5070.279034376144, 2166.6249294671475, 2189.0149148680734
5070.7717163562775, 2166.6249294671475, 2189.0149148680734
5071.261404275894, 2166.6249294671475, 2189.0149148680734
5071.760068893433, 2166.6249294671475, 2189.0149148680734
5072.558929681778, 2166.966761145238, 2189.2035471651297
5073.2430992126465, 2166.966761145238, 2189.2035471651297
5074.066891908646, 2168.376026706758, 2188.9353597754307
5074.748070001602, 2168.376026706758, 2188.9353597754307
5075.5249881744385, 2167.2312094893327, 2189.2844767545107
5076.518327951431, 2168.8631000542155, 2189.328978903022
5077.543585538864, 2168.199970675584, 2189.2575519312372
5078.504010915756, 2167.306324086497, 2189.0611609555444
5079.508321762085, 2166.0726359309892, 2189.3815375636805
5080.509640455246, 2168.798813888433, 2189.1813526846545
5081.537888050079, 2167.9288786107686, 2189.436954427616
5082.561146974564, 2166.5900697812735, 2189.154252287138
5083.278227567673, 2166.5900697812735, 2189.154252287138
5083.733010292053, 2166.5900697812735, 2189.154252287138
5084.260596752167, 2166.5900697812735, 2189.154252287138
5085.0474898815155, 2169.4433651572103, 2189.191066452204
5086.022880315781, 2168.3369076341132, 2189.1346055663976
5086.772869825363, 2168.3369076341132, 2189.1346055663976
5087.269539833069, 2168.3369076341132, 2189.1346055663976
5088.066406726837, 2168.7148407678696, 2189.329761712153
5088.741598844528, 2168.7148407678696, 2189.329761712153
5089.546443223953, 2169.033191665414, 2189.0726499606462
5090.234601259232, 2169.033191665414, 2189.0726499606462
5090.755207300186, 2169.033191665414, 2189.0726499606462
5091.243899345398, 2169.033191665414, 2189.0726499606462
5091.7066605091095, 2169.033191665414, 2189.0726499606462
5092.532447814941, 2169.5571282576466, 2189.164550341039
5093.54872751236, 2169.0338450164945, 2189.206191014307
5094.560018539429, 2169.188132722849, 2189.207355418517
5095.231221675873, 2169.188132722849, 2189.207355418517
5095.928355693817, 2170.3595134426632, 2189.272479056833
5096.555675983429, 2170.4423563899045, 2189.1978002256255
5097.297688007355, 2170.4423563899045, 2189.1978002256255
5098.01776099205, 2169.805015698075, 2189.319849690174
5098.963228940964, 2168.787488915465, 2189.435555484966
5099.249464035034, 2168.787488915465, 2189.435555484966
5099.713220357895, 2168.787488915465, 2189.435555484966
5100.580896854401, 2167.9593910638564, 2189.189758846599
5101.537336349487, 2168.9476324261464, 2189.4348399293062
5102.20853972435, 2168.9476324261464, 2189.4348399293062
5102.7261526584625, 2168.9476324261464, 2189.4348399293062
5103.2447645664215, 2168.9476324261464, 2189.4348399293062
5103.911977529526, 2168.6811448721514, 2189.4163129023686
5104.201203107834, 2168.6811448721514, 2189.4163129023686
5104.729788303375, 2168.6811448721514, 2189.4163129023686
5105.500724077225, 2170.2247892685473, 2189.1803036563297
5106.234758615494, 2170.2247892685473, 2189.1803036563297
5106.748382329941, 2170.2247892685473, 2189.1803036563297
5107.276967763901, 2170.2247892685473, 2189.1803036563297
5107.715792894363, 2170.2247892685473, 2189.1803036563297
5108.203488111496, 2170.2247892685473, 2189.1803036563297
5108.750023126602, 2170.2247892685473, 2189.1803036563297
5109.208794593811, 2170.2247892685473, 2189.1803036563297
5109.730399131775, 2170.2247892685473, 2189.1803036563297
5110.2340495586395, 2170.2247892685473, 2189.1803036563297
5110.751664400101, 2170.2247892685473, 2189.1803036563297
5111.266286611557, 2170.2247892685473, 2189.1803036563297
5111.714086771011, 2170.2247892685473, 2189.1803036563297
5112.228708744049, 2170.2247892685473, 2189.1803036563297
5112.779234409332, 2170.2247892685473, 2189.1803036563297
5113.233020782471, 2170.2247892685473, 2189.1803036563297
5113.711738586426, 2170.2247892685473, 2189.1803036563297
5114.540519237518, 2166.0212752410926, 2189.1106062884455
5115.234659194946, 2166.0212752410926, 2189.1106062884455
5115.712382078171, 2166.0212752410926, 2189.1106062884455
5116.508249998093, 2164.2511817626105, 2189.0838224365925
5117.236299276352, 2164.2511817626105, 2189.0838224365925
5117.95338010788, 2164.0390864011015, 2189.2203642196596
5118.535820245743, 2166.1933080099807, 2188.9501144128844
5119.220985889435, 2166.1933080099807, 2188.9501144128844
5119.725635051727, 2166.1933080099807, 2188.9501144128844
5120.48061299324, 2166.1586881450417, 2188.917803986435
5121.23858332634, 2166.1586881450417, 2188.917803986435
5121.71231508255, 2166.1586881450417, 2188.917803986435
5122.20200419426, 2166.1586881450417, 2188.917803986435
5123.016821861267, 2164.165991012844, 2189.1515519300756
5123.7249274253845, 2164.165991012844, 2189.1515519300756
5124.2066378593445, 2164.165991012844, 2189.1515519300756
5125.045390844345, 2164.8522251946483, 2189.1050209355753
5125.730555772781, 2164.8522251946483, 2189.1050209355753
5126.492516040802, 2162.8330981815093, 2189.151908655348
5127.225553035736, 2162.8330981815093, 2189.151908655348
5127.743166446686, 2162.8330981815093, 2189.151908655348
5128.530060052872, 2162.709913905288, 2189.021952156653
5129.497469902039, 2163.28513483284, 2189.0671999154943
5130.23449587822, 2163.28513483284, 2189.0671999154943
5131.0154049396515, 2162.919358866095, 2189.418797472189
5131.99577999115, 2160.6882888983464, 2189.3212344434924
5132.727820396423, 2160.6882888983464, 2189.3212344434924
5133.235459804535, 2160.6882888983464, 2189.3212344434924
5134.06424164772, 2163.024642462239, 2189.091812537677
5134.741430044174, 2163.024642462239, 2189.091812537677
5135.276994466782, 2163.024642462239, 2189.091812537677
5135.735766410828, 2163.024642462239, 2189.091812537677
5136.5515830516815, 2163.650029561649, 2189.1057621195814
5137.5130088329315, 2164.8059973681434, 2189.0953669225855
5138.243051767349, 2164.8059973681434, 2189.0953669225855
5138.998030662537, 2163.215440343309, 2189.0698175931516
5140.025279998779, 2164.62246650418, 2188.7771454342233
5140.7643032073975, 2164.62246650418, 2188.7771454342233
5141.245015144348, 2164.62246650418, 2188.7771454342233
5142.097730636597, 2161.5050582655485, 2189.172515531129
5142.767935991287, 2161.5050582655485, 2189.172515531129
5143.565799474716, 2162.376575014483, 2189.021029051818
5144.232016324997, 2162.376575014483, 2189.021029051818
5144.769576072693, 2162.376575014483, 2189.021029051818
5145.586388587952, 2161.2448724718106, 2189.195696756134
5146.519890069962, 2160.926243303845, 2189.178000690793
5147.557114839554, 2161.84979528385, 2189.177135676022
5148.267210960388, 2161.84979528385, 2189.177135676022
5148.780836105347, 2161.84979528385, 2189.177135676022
5149.2655377388, 2161.84979528385, 2189.177135676022
5149.737275123596, 2161.84979528385, 2189.177135676022
5150.250899553299, 2161.84979528385, 2189.177135676022
5150.733607053757, 2161.84979528385, 2189.177135676022
5151.245237588882, 2161.84979528385, 2189.177135676022
5152.044099807739, 2162.9532285142973, 2189.165004745453
5152.730260848999, 2162.9532285142973, 2189.165004745453
5153.563031435013, 2162.819030519154, 2189.2853286149866
5154.5683381557465, 2161.827489894993, 2189.2466442572545
5155.578634738922, 2163.607098333763, 2189.19663995404
5156.537068128586, 2161.748421691862, 2189.2443480773914
5157.512456417084, 2161.1626274407013, 2189.0979870903966
5158.519758462906, 2161.0429587502153, 2189.1522448961623
5159.269750118256, 2161.0429587502153, 2189.1522448961623
5159.6766612529755, 2161.0429587502153, 2189.1522448961623
5160.453579902649, 2161.14228150534, 2189.312815535428
5160.745796918869, 2161.14228150534, 2189.312815535428
5161.440937280655, 2160.271975603663, 2189.4201963689948
5162.083217382431, 2160.9572412918747, 2189.200689532957
5162.7693791389465, 2160.9572412918747, 2189.200689532957
5163.255079269409, 2160.9572412918747, 2189.200689532957
5164.026015281677, 2162.811444329617, 2189.62969788465
5164.731126308441, 2162.811444329617, 2189.62969788465
5165.485107421875, 2162.5436829013056, 2189.183301338436
5166.552250385284, 2162.9664663915696, 2189.152839307073
5167.470794200897, 2162.202184227529, 2189.1976256103344
5168.519982099533, 2161.2817498226186, 2189.034134019042
5169.250026226044, 2161.2817498226186, 2189.034134019042
5169.731738090515, 2161.2817498226186, 2189.034134019042
5170.510650873184, 2162.5128700833666, 2188.853638780753
5171.251667261124, 2162.5128700833666, 2188.853638780753
5171.719415664673, 2162.5128700833666, 2188.853638780753
5172.471400260925, 2161.8050766172782, 2189.159438433104
5173.237350463867, 2161.8050766172782, 2189.159438433104
5173.7011086940765, 2161.8050766172782, 2189.159438433104
5174.23667383194, 2161.8050766172782, 2189.159438433104
5175.045507907867, 2162.28627902058, 2189.1739505826936
5175.943106412888, 2162.261529299099, 2189.246954364937
5176.218367576599, 2162.261529299099, 2189.246954364937
5176.748946905136, 2162.261529299099, 2189.246954364937
5177.27753162384, 2162.261529299099, 2189.246954364937
5177.718351840973, 2162.261529299099, 2189.246954364937
5178.211032629013, 2162.261529299099, 2189.246954364937
5178.781504392624, 2162.261529299099, 2189.246954364937
5179.235289573669, 2162.261529299099, 2189.246954364937
5179.701043367386, 2162.261529299099, 2189.246954364937
5180.531818151474, 2161.518323154067, 2189.00917301788
5181.237927675247, 2161.518323154067, 2189.00917301788
5181.71265745163, 2161.518323154067, 2189.00917301788
5182.212320327759, 2161.518323154067, 2189.00917301788
5183.010181188583, 2161.4162432092, 2189.2323663361394
5183.719284057617, 2161.4162432092, 2189.2323663361394
5184.493211507797, 2160.7665702460567, 2189.2499584008197
5185.230237007141, 2160.7665702460567, 2189.2499584008197
5185.731894254684, 2160.7665702460567, 2189.2499584008197
5186.204628705978, 2160.7665702460567, 2189.2499584008197
5187.052358388901, 2161.2948776951125, 2189.342623101338
5187.733535528183, 2161.2948776951125, 2189.342623101338
5188.530401945114, 2161.5530099705147, 2189.0380702441576
5189.242494344711, 2161.5530099705147, 2189.0380702441576
5189.752129793167, 2161.5530099705147, 2189.0380702441576
5190.24481010437, 2161.5530099705147, 2189.0380702441576
5190.767411708832, 2161.5530099705147, 2189.0380702441576
5191.477509737015, 2159.8339406171467, 2189.1784713732245
5192.235480546951, 2159.8339406171467, 2189.1784713732245
5192.737138032913, 2159.8339406171467, 2189.1784713732245
5193.481145143509, 2161.5373227515315, 2189.0652669143306
5194.247093915939, 2161.5373227515315, 2189.0652669143306
5194.999080896378, 2160.695886400655, 2189.193397293976
5196.078191518784, 2159.6332448156413, 2189.184835512627
5196.753382444382, 2159.6332448156413, 2189.184835512627
5197.506366491318, 2160.234380200812, 2189.1645489914645
5198.512671947479, 2161.044189432255, 2189.0766406225375
5199.213795661926, 2161.044189432255, 2189.0766406225375
5199.734400987625, 2161.044189432255, 2189.0766406225375
5200.234062671661, 2161.044189432255, 2189.0766406225375
5200.74768781662, 2161.044189432255, 2189.0766406225375
5201.21643280983, 2161.044189432255, 2189.0766406225375
5201.694153785706, 2161.044189432255, 2189.0766406225375
5202.23969244957, 2161.044189432255, 2189.0766406225375
5202.734368085861, 2161.044189432255, 2189.0766406225375
5203.231037855148, 2161.044189432255, 2189.0766406225375
5204.031894445419, 2160.3788790820104, 2189.143531501996
5204.726035356522, 2160.3788790820104, 2189.143531501996
5205.233676433563, 2160.3788790820104, 2189.143531501996
5205.999625921249, 2160.7399135352675, 2189.0217216754577
5207.048815250397, 2160.4323941403372, 2189.140959064079
5207.728994846344, 2160.4323941403372, 2189.140959064079
5208.199734210968, 2160.4323941403372, 2189.140959064079
5208.709369421005, 2160.4323941403372, 2189.140959064079
5209.27086520195, 2160.4323941403372, 2189.140959064079
5209.715674877167, 2160.4323941403372, 2189.140959064079
5210.473645687103, 2159.1753580304394, 2189.180704292011
5211.017189502716, 2159.9140805393026, 2189.1020514742545
5211.738258838654, 2159.9140805393026, 2189.1020514742545
5212.207003355026, 2159.9140805393026, 2189.1020514742545
5213.038776636124, 2159.9378135242864, 2189.2385671666107
5213.733915090561, 2159.9378135242864, 2189.2385671666107
5214.232579946518, 2159.9378135242864, 2189.2385671666107
5214.985563993454, 2160.3065683830278, 2189.550337741899
5215.73854804039, 2160.3065683830278, 2189.550337741899
5216.234220027924, 2160.3065683830278, 2189.550337741899
5216.980223655701, 2158.6480218587812, 2189.127521688783
5217.747169017792, 2158.6480218587812, 2189.127521688783
5218.231871604919, 2158.6480218587812, 2189.127521688783
5218.950946092606, 2159.9258481271418, 2188.927843658179
5219.509450435638, 2160.2367205993255, 2189.112598934206
5220.236503601074, 2160.2367205993255, 2189.112598934206
5220.716219186783, 2160.2367205993255, 2189.112598934206
5221.286692142487, 2160.2367205993255, 2189.112598934206
5221.729507684708, 2160.2367205993255, 2189.112598934206
5222.512410163879, 2160.2551640798915, 2189.1941030164203
5223.5097398757935, 2160.1594071192567, 2189.2181125827087
5224.232802867889, 2160.1594071192567, 2189.2181125827087
5224.790311336517, 2160.1594071192567, 2189.2181125827087
5225.2421002388, 2160.1594071192567, 2189.2181125827087
5225.750739336014, 2160.1594071192567, 2189.2181125827087
5226.248405456543, 2160.1594071192567, 2189.2181125827087
5226.775993824005, 2160.1594071192567, 2189.2181125827087
5227.301585674286, 2160.1594071192567, 2189.2181125827087
5227.720463752747, 2160.1594071192567, 2189.2181125827087
5228.2719876766205, 2160.1594071192567, 2189.2181125827087
5229.064865589142, 2158.7381777090222, 2189.114916206862
5229.745043039322, 2158.7381777090222, 2189.114916206862
5230.215783119202, 2158.7381777090222, 2189.114916206862
5230.719434976578, 2158.7381777090222, 2189.114916206862
5231.498349189758, 2160.50832681429, 2189.0587519591504
5232.521609306335, 2158.613890473931, 2189.357196474797
5233.586756467819, 2159.432382819232, 2189.239283464459
5234.245991945267, 2159.432382819232, 2189.239283464459
5234.970054388046, 2161.672365085674, 2188.6818797322258
5235.5554847717285, 2159.2994543465934, 2189.299617746356
5236.236660718918, 2159.2994543465934, 2189.299617746356
5236.968699932098, 2159.603041271669, 2189.070044903419
5237.532191991806, 2159.472314092326, 2189.3468357876995
5238.232317209244, 2159.472314092326, 2189.3468357876995
5238.752923965454, 2159.472314092326, 2189.3468357876995
5239.516877412796, 2158.930795144839, 2189.2990145448302
5240.470326423645, 2158.882911279805, 2189.262675527553
5240.770520687103, 2158.882911279805, 2189.262675527553
5241.481617450714, 2159.7526265863044, 2189.160175850267
5242.5298137664795, 2160.893823341328, 2189.0065066672014
5243.525146484375, 2160.7147622009375, 2188.9227880867616
5244.52845954895, 2160.0839106504654, 2189.035162272522
5245.259501695633, 2160.0839106504654, 2189.035162272522
5246.017471790314, 2160.6822178049297, 2189.106643782733
5247.051702260971, 2160.822469490608, 2189.1716166291035
5247.73487329483, 2160.822469490608, 2189.1716166291035
5248.4818749427795, 2162.4624571885433, 2189.2251242389752
5249.261785984039, 2162.4624571885433, 2189.2251242389752
5249.730529785156, 2162.4624571885433, 2189.2251242389752
5250.505457878113, 2161.299864284063, 2189.23759394029
5251.223531246185, 2161.299864284063, 2189.23759394029
5252.019401788712, 2160.5090830235536, 2189.1344581404087
5252.759421348572, 2160.5090830235536, 2189.1344581404087
5253.207221508026, 2160.5090830235536, 2189.1344581404087
5253.738797187805, 2160.5090830235536, 2189.1344581404087
5254.2524218559265, 2160.5090830235536, 2189.1344581404087
5254.744105100632, 2160.5090830235536, 2189.1344581404087
5255.534986972809, 2162.386285982874, 2189.09214253925
5256.288968324661, 2162.386285982874, 2189.09214253925
5256.788630723953, 2162.386285982874, 2189.09214253925
5257.2274560928345, 2162.386285982874, 2189.09214253925
5257.734099626541, 2162.386285982874, 2189.09214253925
5258.252710342407, 2162.386285982874, 2189.09214253925
5258.751375198364, 2162.386285982874, 2189.09214253925
5259.524307727814, 2162.662694912907, 2189.050832973401
5260.260334968567, 2162.662694912907, 2189.050832973401
5260.734066963196, 2162.662694912907, 2189.050832973401
5261.547888040543, 2161.2228104550854, 2189.387800468583
5262.253996133804, 2161.2228104550854, 2189.387800468583
5263.029919624329, 2163.1226128121143, 2189.197402570891
5264.047194242477, 2162.824725850182, 2189.104485329562
5265.02757024765, 2165.2118062594473, 2188.8729377809254
5266.041853427887, 2162.4693973477365, 2189.221176911744
5266.722032785416, 2162.4693973477365, 2189.221176911744
5267.48499083519, 2164.0451268171937, 2188.9708559218557
5268.248944044113, 2164.0451268171937, 2188.9708559218557
5268.784510612488, 2164.0451268171937, 2188.9708559218557
5269.49760055542, 2164.492689983213, 2189.1068636240484
5270.249587059021, 2164.492689983213, 2189.1068636240484
5271.026508331299, 2163.569673268732, 2189.2082334355723
5272.007879972458, 2163.7099043359526, 2189.1234423613255
5272.736926317215, 2163.7099043359526, 2189.1234423613255
5273.2276129722595, 2163.7099043359526, 2189.1234423613255
5273.971620559692, 2164.0872165589635, 2189.1327022474798
5274.268825769424, 2164.0872165589635, 2189.1327022474798
5274.770483016968, 2164.0872165589635, 2189.1327022474798
5275.207311868668, 2164.0872165589635, 2189.1327022474798
5275.927384138107, 2164.26026716756, 2189.087152982944
5276.252513170242, 2164.26026716756, 2189.087152982944
5276.98654794693, 2163.4430636282077, 2189.161550738705
5278.044714689255, 2165.0045537515302, 2189.136071510659
5278.994172811508, 2163.42196173681, 2189.0628529778296
5279.722222805023, 2163.42196173681, 2189.0628529778296
5280.535045862198, 2163.712155156933, 2189.1414862931574
5281.2202117443085, 2163.712155156933, 2189.1414862931574
5281.991150856018, 2163.2804046570714, 2189.161877729505
5282.730168581009, 2163.2804046570714, 2189.161877729505
5283.228833913803, 2163.2804046570714, 2189.161877729505
5283.986804008484, 2163.3474695197897, 2189.190364262493
5285.020036935806, 2163.6949824762614, 2189.229800523938
5285.9894416332245, 2164.2432975289594, 2189.049463739187
5287.002729892731, 2163.938301537678, 2189.081280239899
5287.713824272156, 2163.938301537678, 2189.081280239899
5288.5715272426605, 2162.470623990042, 2189.0684774633824
5289.253701210022, 2162.470623990042, 2189.0684774633824
5289.71945476532, 2162.470623990042, 2189.0684774633824
5290.539261817932, 2163.218101533771, 2189.160600377854
5291.270301580429, 2163.218101533771, 2189.160600377854
5292.031263828278, 2163.6153106706333, 2189.1370494377766
5292.735378503799, 2163.6153106706333, 2189.1370494377766
5293.265957832336, 2163.6153106706333, 2189.1370494377766
5293.721737861633, 2163.6153106706333, 2189.1370494377766
5294.576448202133, 2164.207501623765, 2189.1762833110242
5295.249646425247, 2164.207501623765, 2189.1762833110242
5295.717392921448, 2164.207501623765, 2189.1762833110242
5296.218052864075, 2164.207501623765, 2189.1762833110242
5296.7306797504425, 2164.207501623765, 2189.1762833110242
5297.235329389572, 2164.207501623765, 2189.1762833110242
5297.986318588257, 2163.9409628893345, 2189.09098506564
5298.750272035599, 2163.9409628893345, 2189.09098506564
5299.281849384308, 2163.9409628893345, 2189.09098506564
5299.709704875946, 2163.9409628893345, 2189.09098506564
5300.638216972351, 2162.256194233609, 2189.0932467371813
5301.236614704132, 2162.256194233609, 2189.0932467371813
5301.729296684265, 2162.256194233609, 2189.0932467371813
5302.4623346328735, 2162.748329890674, 2189.090343168413
5302.87223482132, 2161.854024822849, 2189.2193669739313
5303.526484251022, 2162.982716172508, 2188.987843952948
5304.552737951279, 2162.9647738054637, 2189.2228126079376
5305.235906362534, 2162.9647738054637, 2189.2228126079376
5305.715622186661, 2162.9647738054637, 2189.2228126079376
5306.512489080429, 2164.4408823505673, 2189.0282780386597
5307.234555006027, 2164.4408823505673, 2189.0282780386597
5308.0284304618835, 2162.4024781496687, 2189.2668248151513
5308.734539031982, 2162.4024781496687, 2189.2668248151513
5309.455608129501, 2163.485119563404, 2189.040183665545
5309.771760940552, 2163.485119563404, 2189.040183665545
5310.238511323929, 2163.485119563404, 2189.040183665545
5310.738174200058, 2163.485119563404, 2189.040183665545
5311.223872900009, 2163.485119563404, 2189.040183665545
5312.058640241623, 2161.132993769257, 2189.1790426016646
5312.727845907211, 2161.132993769257, 2189.1790426016646
5313.2265112400055, 2161.132993769257, 2189.1790426016646
5313.7351496219635, 2161.132993769257, 2189.1790426016646
5314.285675525665, 2161.132993769257, 2189.1790426016646
5314.7304837703705, 2161.132993769257, 2189.1790426016646
5315.227154254913, 2161.132993769257, 2189.1790426016646
5315.736788988113, 2161.132993769257, 2189.1790426016646
5316.2982857227325, 2161.132993769257, 2189.1790426016646
5316.744092941284, 2161.132993769257, 2189.1790426016646
5317.546942949295, 2161.264120550812, 2189.187518392265
5318.240086555481, 2161.264120550812, 2189.187518392265
5318.718803405762, 2161.264120550812, 2189.187518392265
5319.229437351227, 2161.264120550812, 2189.187518392265
5320.030293464661, 2161.024390201468, 2189.212581662023
5320.748369693756, 2161.024390201468, 2189.212581662023
5321.54523730278, 2160.905253539588, 2189.1017266069093
5322.238380432129, 2160.905253539588, 2189.1017266069093
5322.780928373337, 2160.905253539588, 2189.1017266069093
5323.217758655548, 2160.905253539588, 2189.1017266069093
5324.0654883384705, 2159.6094678801405, 2189.4008261835975
5324.737688541412, 2159.6094678801405, 2189.4008261835975
5325.496656894684, 2161.0538320323853, 2188.9554741010274
5326.246647357941, 2161.0538320323853, 2188.9554741010274
5326.7403264045715, 2161.0538320323853, 2188.9554741010274
5327.509268283844, 2163.6104213340222, 2189.1126957904607
5328.263249397278, 2163.6104213340222, 2189.1126957904607
5328.775876522064, 2163.6104213340222, 2189.1126957904607
5329.567757129669, 2160.0687674743053, 2189.456915571005
5330.246936559677, 2160.0687674743053, 2189.456915571005
5330.748594045639, 2160.0687674743053, 2189.456915571005
5331.513544559479, 2163.1224857465377, 2189.0136475780387
5332.262539863586, 2163.1224857465377, 2189.0136475780387
5332.731284379959, 2163.1224857465377, 2189.0136475780387
5333.46432185173, 2161.85258430501, 2189.2217897259497
5333.736593008041, 2161.85258430501, 2189.2217897259497
5334.236256122589, 2161.85258430501, 2189.2217897259497
5334.733922243118, 2161.85258430501, 2189.2217897259497
5335.442026615143, 2161.8639902710315, 2189.114069583845
5335.701331138611, 2161.8639902710315, 2189.114069583845
5336.238892793655, 2161.8639902710315, 2189.114069583845
5336.729578733444, 2161.8639902710315, 2189.114069583845
5337.503506660461, 2162.134483367584, 2189.124494439905
5338.548709630966, 2162.789673690705, 2189.120898320254
5339.236864328384, 2162.789673690705, 2189.120898320254
5339.753481626511, 2162.789673690705, 2189.120898320254
5340.262120962143, 2162.789673690705, 2189.120898320254
5340.800676345825, 2162.789673690705, 2189.120898320254
5341.226537466049, 2162.789673690705, 2189.120898320254
5342.10019826889, 3607.901122154746, 199.9344000742769
5342.781373977661, 3607.901122154746, 199.9344000742769
5343.232167482376, 3607.901122154746, 199.9344000742769
5344.011081933975, 2322.2878259772065, 61.57120999831085
5344.9944479465485, 2159.893264186468, 2189.2260540801585
5346.036657571793, 2164.7669271339105, 2189.281123132697
5346.756729364395, 2164.7669271339105, 2189.281123132697
5347.293292760849, 2164.7669271339105, 2189.281123132697
5348.0073800086975, 2162.1463513294466, 2189.1846235966
5348.735430955887, 2162.1463513294466, 2189.1846235966
5349.2699999809265, 2162.1463513294466, 2189.1846235966
5350.032957077026, 2162.5783547146193, 2189.251263980171
5350.748042106628, 2162.5783547146193, 2189.251263980171
5351.498033285141, 2163.390998292894, 2189.1143704216497
5352.497357606888, 2163.8282248494047, 2189.211396126346
5353.241365194321, 2163.8282248494047, 2189.211396126346
5353.708116531372, 2163.8282248494047, 2189.211396126346
5354.50697684288, 2161.6448187894466, 2189.368929933558
5355.200121641159, 2161.6448187894466, 2189.368929933558
5356.019928693771, 2161.943973399199, 2189.428704589564
5356.740996599197, 2161.943973399199, 2189.428704589564
5357.250632286072, 2161.943973399199, 2189.428704589564
5358.032536745071, 2162.194993003742, 2189.4419595097143
5358.731664896011, 2162.194993003742, 2189.4419595097143
5359.287176847458, 2162.194993003742, 2189.4419595097143
5359.737971544266, 2162.194993003742, 2189.4419595097143
5360.237632513046, 2162.194993003742, 2189.4419595097143
5361.06342124939, 2163.018191583911, 2189.374708782746
5362.010884523392, 2161.7789154180696, 2189.2656746791736
5362.754891872406, 2161.7789154180696, 2189.2656746791736
5363.491919517517, 2165.1551016435824, 2189.503202048388
5364.5151789188385, 2161.2553538701404, 2189.322384629181
5365.517494916916, 2162.6617708461804, 2189.185910401505
5366.503853082657, 2163.1873507923688, 2189.040193052807
5367.4712636470795, 2163.739323668173, 2189.5460531219273
5368.6271686553955, 2164.628750537713, 2189.168521870118
5369.249501466751, 2164.628750537713, 2189.168521870118
5370.019439935684, 2162.7354935065273, 2189.271326505183
5370.738515615463, 2162.7354935065273, 2189.271326505183
5371.231196641922, 2162.7354935065273, 2189.271326505183
5371.920351028442, 2162.7102647870865, 2189.465666683308
5372.205585718155, 2162.7102647870865, 2189.465666683308
5372.733174085617, 2162.7102647870865, 2189.465666683308
5373.239816665649, 2162.7102647870865, 2189.465666683308
5373.957896471024, 2161.951986032886, 2189.400557065479
5374.245126724243, 2161.951986032886, 2189.400557065479
5374.979160308838, 2160.888928373353, 2189.3908781876726
5375.881743431091, 2161.618748415813, 2189.372710365221
5376.225821495056, 2161.618748415813, 2189.372710365221
5376.985786437988, 2161.23267627823, 2189.3782091708395
5377.746750116348, 2161.23267627823, 2189.3782091708395
5378.229456663132, 2161.23267627823, 2189.3782091708395
5378.729120016098, 2161.23267627823, 2189.3782091708395
5379.216812610626, 2161.23267627823, 2189.3782091708395
5379.755370855331, 2161.23267627823, 2189.3782091708395
5380.231097459793, 2161.23267627823, 2189.3782091708395
5381.004028558731, 2162.0258675585537, 2189.1172605616816
5381.779951095581, 2162.0258675585537, 2189.1172605616816
5382.2516877651215, 2162.0258675585537, 2189.1172605616816
5382.7613224983215, 2162.0258675585537, 2189.1172605616816
5383.502338647842, 2161.2292194297547, 2189.1411779143878
5384.251332044601, 2161.2292194297547, 2189.1411779143878
5384.724067926407, 2161.2292194297547, 2189.1411779143878
5385.207772016525, 2161.2292194297547, 2189.1411779143878
5386.067468881607, 2163.0104075545373, 2189.1776993123785
5386.750640153885, 2163.0104075545373, 2189.1776993123785
5387.475699663162, 2162.1874711831047, 2189.1816908162937
5388.229681015015, 2162.1874711831047, 2189.1816908162937
5388.74330496788, 2162.1874711831047, 2189.1816908162937
5389.511248588562, 2162.9138203344146, 2189.157705537599
5390.250268697739, 2162.9138203344146, 2189.157705537599
5390.745942592621, 2162.9138203344146, 2189.157705537599
5391.5088992118835, 2161.347191399311, 2189.261439705543
5392.250912666321, 2161.347191399311, 2189.261439705543
5392.748579978943, 2161.347191399311, 2189.261439705543
5393.19239282608, 2161.347191399311, 2189.261439705543
5394.06007027626, 2164.7221976548844, 2189.5097217677044
5394.736257314682, 2164.7221976548844, 2189.5097217677044
5395.226943969727, 2164.7221976548844, 2189.5097217677044
5396.079660654068, 2161.5564244545294, 2188.9332855681355
5396.755850553513, 2161.5564244545294, 2188.9332855681355
5397.224594831467, 2161.5564244545294, 2188.9332855681355
5398.118202447891, 2160.883642859251, 2189.3202877614954
5398.7624771595, 2160.883642859251, 2189.3202877614954
5399.541391372681, 2160.4341667680765, 2189.257921911489
5400.253484487534, 2160.4341667680765, 2189.257921911489
5400.976548433304, 2161.7352203992864, 2189.3215218127316
5401.720556020737, 2161.7352203992864, 2189.3215218127316
5402.257119655609, 2161.7352203992864, 2189.3215218127316
5403.061965942383, 2161.4272030060815, 2189.340689666502
5403.709231853485, 2161.4272030060815, 2189.340689666502
5404.253774166107, 2161.4272030060815, 2189.340689666502
5405.031690835953, 2161.7804702475055, 2189.219789702823
5406.010070562363, 2162.1001552229177, 2189.009810981022
5406.7361261844635, 2162.1001552229177, 2189.009810981022
5407.450214624405, 2162.590014305412, 2188.946452004864
5407.7075271606445, 2162.590014305412, 2188.946452004864
5408.239102840424, 2162.590014305412, 2188.946452004864
5408.958176136017, 2162.893450659352, 2189.167326544662
5409.307242155075, 2162.893450659352, 2189.167326544662
5410.03729057312, 2162.2410280661184, 2189.214709641207
5410.750379562378, 2162.2410280661184, 2189.214709641207
5411.2201199531555, 2162.2410280661184, 2189.214709641207
5411.732749700546, 2162.2410280661184, 2189.214709641207
5412.252356767654, 2162.2410280661184, 2189.214709641207
5412.733068227768, 2162.2410280661184, 2189.214709641207
5413.211787939072, 2162.2410280661184, 2189.214709641207
5414.028599500656, 2161.6517574568793, 2189.29278044636
5414.751663923264, 2161.6517574568793, 2189.29278044636
5415.230381965637, 2161.6517574568793, 2189.29278044636
5415.724059343338, 2161.6517574568793, 2189.29278044636
5416.540873527527, 2161.5090488721785, 2189.168699383854
5417.487339019775, 2161.8481842157194, 2189.4184336608946
5418.531542301178, 2163.530187682705, 2189.072753017764
5419.222692012787, 2163.530187682705, 2189.072753017764
5419.706398487091, 2163.530187682705, 2189.072753017764
5420.52520442009, 2163.1819922430045, 2189.3601161942775
5421.227325201035, 2163.1819922430045, 2189.3601161942775
5422.027184486389, 2162.2403858136504, 2189.381675749517
5422.764209270477, 2162.2403858136504, 2189.381675749517
5423.219988584518, 2162.2403858136504, 2189.381675749517
5423.705688714981, 2162.2403858136504, 2189.381675749517
5424.585332632065, 2162.040528348822, 2189.3677792322555
5425.5298063755035, 2162.984058817328, 2189.1206838326084
5426.565032243729, 2164.174547240959, 2189.6096632537856
5427.492548942566, 2163.8639435029017, 2189.1110476024
5428.507830142975, 2164.6978080336503, 2189.5677790863474
5429.4672610759735, 2161.3958269869845, 2189.3959740428027
5430.5224351882935, 2160.8128118132563, 2189.3269021883166
5431.25547337532, 2160.8128118132563, 2189.3269021883166
5431.728208065033, 2160.8128118132563, 2189.3269021883166
5432.516097068787, 2163.3347236595328, 2189.217899839941
5433.25212597847, 2163.3347236595328, 2189.217899839941
5433.982172250748, 2162.0440010022694, 2189.2635520546964
5434.72119307518, 2162.0440010022694, 2189.2635520546964
5435.234817504883, 2162.0440010022694, 2189.2635520546964
5435.959879159927, 2163.3572258607187, 2188.9774259445117
5436.567249774933, 2162.685625669639, 2189.3003527000196
5437.471829652786, 2161.710094250229, 2189.3705574177934
5438.520021915436, 2162.0967236971355, 2189.5036144793594
5439.455515623093, 2162.4515254730522, 2189.195553684234
5440.452847003937, 2160.955358269556, 2189.292264377209
5440.745063304901, 2160.955358269556, 2189.292264377209
5441.287611246109, 2160.955358269556, 2189.292264377209
5441.982749700546, 2161.586194830164, 2189.162173956098
5442.744709253311, 2161.586194830164, 2189.162173956098
5443.247362613678, 2161.586194830164, 2189.162173956098
5443.7111213207245, 2161.586194830164, 2189.162173956098
5444.451138973236, 2162.62118745021, 2189.3724270462926
5444.750339746475, 2162.62118745021, 2189.3724270462926
5445.555184841156, 2165.505889790292, 2189.4875681989706
5446.232370138168, 2165.505889790292, 2189.4875681989706
5446.734026193619, 2165.505889790292, 2189.4875681989706
5447.244660377502, 2165.505889790292, 2189.4875681989706
5447.725372314453, 2165.505889790292, 2189.4875681989706
5448.5711081027985, 2161.606711836274, 2189.2287251622147
5449.2782146930695, 2161.606711836274, 2189.2287251622147
5449.724021196365, 2161.606711836274, 2189.2287251622147
5450.232660293579, 2161.606711836274, 2189.2287251622147
5451.031519651413, 2162.120612253877, 2189.019217293294
5451.717684030533, 2162.120612253877, 2189.019217293294
5452.236295461655, 2162.120612253877, 2189.019217293294
5453.016205072403, 2162.1503020171217, 2189.4236521440075
5453.735279560089, 2162.1503020171217, 2189.4236521440075
5454.5161900520325, 2163.6917657132612, 2189.045029077979
5455.495567321777, 2163.122527641368, 2189.333138236013
5456.495888948441, 2164.120755288672, 2189.199024785498
5457.238899469376, 2164.120755288672, 2189.199024785498
5458.088622808456, 2161.9772826730705, 2189.403657836498
5458.7358911037445, 2161.9772826730705, 2189.403657836498
5459.473915815353, 2161.923214419239, 2189.3586009464516
5460.251832008362, 2161.923214419239, 2189.3586009464516
5461.014788150787, 2161.0913667238992, 2189.228457434002
5461.753810405731, 2161.0913667238992, 2189.228457434002
5462.214576721191, 2161.0913667238992, 2189.228457434002
5462.723214626312, 2161.0913667238992, 2189.228457434002
5463.492154121399, 2161.9192821691386, 2189.225262883574
5464.4705357551575, 2161.159948567241, 2189.4668945857334
5465.234489202499, 2161.159948567241, 2189.4668945857334
5466.002433300018, 2162.0660203940092, 2189.473158536844
5467.03067946434, 2160.872448167567, 2189.3260624416785
5467.735791444778, 2160.872448167567, 2189.3260624416785
5468.191572189331, 2160.872448167567, 2189.3260624416785
5469.031322479248, 2162.2201813950896, 2189.176095693451
5470.0755269527435, 2162.227671135441, 2189.166322516959
5470.739748477936, 2162.227671135441, 2189.166322516959
5471.234424591064, 2162.227671135441, 2189.166322516959
5472.0243084430695, 2162.59324246858, 2189.0681087668913
5472.728423833847, 2162.59324246858, 2189.0681087668913
5473.514319419861, 2161.2888471158662, 2189.249377162811
5474.255334377289, 2161.2888471158662, 2189.249377162811
5474.741034269333, 2161.2888471158662, 2189.249377162811
5475.226734161377, 2161.2888471158662, 2189.249377162811
5475.701463699341, 2161.2888471158662, 2189.249377162811
5476.523262023926, 2161.951472469939, 2189.2945427333507
5477.501642465591, 2162.7368085985267, 2189.166314540639
5478.503959655762, 2161.6391844742525, 2189.404120565135
5479.2130608558655, 2161.6391844742525, 2189.404120565135
5479.734664201736, 2161.6391844742525, 2189.404120565135
5480.250283241272, 2161.6391844742525, 2189.404120565135
5480.77986574173, 2161.6391844742525, 2189.404120565135
5481.223676204681, 2161.6391844742525, 2189.404120565135
5482.080383062363, 2161.5979030113676, 2189.397157630649
5482.789484500885, 2161.5979030113676, 2189.397157630649
5483.237284898758, 2161.5979030113676, 2189.397157630649
5484.0122101306915, 2164.0748309496307, 2189.215989484454
5484.748239040375, 2164.0748309496307, 2189.215989484454
5485.237929582596, 2164.0748309496307, 2189.215989484454
5486.0088629722595, 2163.0421638060634, 2189.293319503279
5486.746887207031, 2163.0421638060634, 2189.293319503279
5487.233586072922, 2163.0421638060634, 2189.293319503279
5487.747209787369, 2163.0421638060634, 2189.293319503279
5488.6029171943665, 2160.697740796595, 2189.2613952986117
5489.2721264362335, 2160.697740796595, 2189.2613952986117
5489.745858192444, 2160.697740796595, 2189.2613952986117
5490.275438547134, 2160.697740796595, 2189.2613952986117
5490.810008525848, 2160.697740796595, 2189.2613952986117
5491.2827434539795, 2160.697740796595, 2189.2613952986117
5491.737524032593, 2160.697740796595, 2189.2613952986117
5492.250153303146, 2160.697740796595, 2189.2613952986117
5492.726874828339, 2160.697740796595, 2189.2613952986117
5493.266431093216, 2160.697740796595, 2189.2613952986117
5493.708247661591, 2160.697740796595, 2189.2613952986117
5494.53603053093, 2162.466669073349, 2189.1215270757134
5495.2351586818695, 2162.466669073349, 2189.1215270757134
5496.008089065552, 2163.4938565444572, 2189.100572177555
5496.753094911575, 2163.4938565444572, 2189.100572177555
5497.235801696777, 2163.4938565444572, 2189.100572177555
5498.000754594803, 2164.2102454811347, 2189.2788498584623
5498.970157384872, 2163.0834993756066, 2189.3128800574846
5499.267362356186, 2163.0834993756066, 2189.3128800574846
5499.746081113815, 2163.0834993756066, 2189.3128800574846
5500.468147039413, 2162.9083184919896, 2189.0560818605177
5500.747398614883, 2162.9083184919896, 2189.0560818605177
5501.467472076416, 2161.5288683589556, 2189.2519862481395
5502.589467763901, 2161.868945926832, 2189.2174544842987
5503.481079339981, 2162.874509807159, 2189.1501952447948
5504.561187744141, 2163.2670617625545, 2189.1151775218727
5505.23538184166, 2163.2670617625545, 2189.1151775218727
5505.750004053116, 2163.2670617625545, 2189.1151775218727
5506.527920722961, 2161.4520888499096, 2189.508297536984
5507.518269777298, 2162.223540070301, 2189.330528574855
5508.503630399704, 2161.5146628602083, 2189.2313530939196
5509.266587734222, 2161.5146628602083, 2189.2313530939196
5509.731343507767, 2161.5146628602083, 2189.2313530939196
5510.515245437622, 2162.109717654912, 2189.1365458549203
5511.255263805389, 2162.109717654912, 2189.1365458549203
5511.743954181671, 2162.109717654912, 2189.1365458549203
5512.538826227188, 2160.999584646996, 2189.3162475141953
5513.505238771439, 2160.682841735953, 2189.2652453685632
5514.241267681122, 2160.682841735953, 2189.2652453685632
5515.05010175705, 2162.284910287137, 2189.1889585650933
5516.034465551376, 2162.292518674372, 2189.109043498583
5517.014841556549, 2162.790962110467, 2189.2381354713402
5518.0650317668915, 2163.2646151101344, 2189.0180841015163
5518.767149209976, 2163.2646151101344, 2189.0180841015163
5519.475254058838, 2163.784723429069, 2189.0634183576094
5520.257158994675, 2163.784723429069, 2189.0634183576094
5520.959278583527, 2161.612472884489, 2189.469329240509
5521.514791250229, 2162.0555702281963, 2189.279611549039
5522.239849567413, 2162.0555702281963, 2189.279611549039
5523.050678730011, 2161.4227111035884, 2189.014261629982
5523.74681520462, 2161.4227111035884, 2189.014261629982
5524.211570739746, 2161.4227111035884, 2189.014261629982
5524.75212264061, 2161.4227111035884, 2189.014261629982
5525.244806051254, 2161.4227111035884, 2189.014261629982
5526.036683320999, 2163.6428062542245, 2189.1513289629775
5526.75376534462, 2163.6428062542245, 2189.1513289629775
5527.216524839401, 2163.6428062542245, 2189.1513289629775
5528.045305967331, 2163.009278821433, 2189.0595432930063
5528.984791755676, 2161.5889900610205, 2189.3874199705697
5530.067889213562, 2162.927557902628, 2189.329177923909
5530.775994539261, 2162.927557902628, 2189.329177923909
5531.23675942421, 2162.927557902628, 2189.329177923909
5532.015673875809, 2162.807244986532, 2189.342399670515
5532.8514568805695, 2162.5976027992247, 2189.288241627193
5533.363066911697, 2162.649576518783, 2189.310779406977
5533.706147909164, 2162.649576518783, 2189.310779406977
5534.254678249359, 2162.649576518783, 2189.310779406977
5534.7423729896545, 2162.649576518783, 2189.310779406977
5535.2250809669495, 2162.649576518783, 2189.310779406977
5536.063834428787, 2162.505654289758, 2189.408707013931
5536.775927305222, 2162.505654289758, 2189.408707013931
5537.251653909683, 2162.505654289758, 2189.408707013931
5538.069464921951, 2161.9221228115443, 2189.302591233634
5538.735680103302, 2161.9221228115443, 2189.302591233634
5539.229359388351, 2161.9221228115443, 2189.302591233634
5539.996306180954, 2163.4022257867896, 2189.33859447524
5541.036519527435, 2164.277296603815, 2189.1815101057373
5541.984980106354, 2163.183592111126, 2189.139344152606
5542.761900186539, 2163.183592111126, 2189.139344152606
5543.558765172958, 2162.203973428881, 2189.2045574984995
5544.24492931366, 2162.203973428881, 2189.2045574984995
5545.025838136673, 2163.5284097677604, 2189.251925322693
5545.719979763031, 2163.5284097677604, 2189.251925322693
5546.5248239040375, 2163.722486966182, 2188.9978303742923
5547.228938579559, 2163.722486966182, 2188.9978303742923
5547.709650993347, 2163.722486966182, 2188.9978303742923
5548.521477937698, 2165.2323017977546, 2189.011906943921
5549.2525203228, 2165.2323017977546, 2189.011906943921
5550.038417100906, 2163.9866396200414, 2189.055685514893
5550.738540887833, 2163.9866396200414, 2189.055685514893
5551.249174356461, 2163.9866396200414, 2189.055685514893
5551.726894617081, 2163.9866396200414, 2189.055685514893
5552.521765947342, 2162.930160170897, 2189.013257427877
5553.276744604111, 2162.930160170897, 2189.013257427877
5554.053664684296, 2161.706218069427, 2189.43393683567
5555.10883975029, 2163.734124212904, 2189.498156258628
5556.057301521301, 2160.8035553049067, 2189.264152843345
5556.736481428146, 2160.8035553049067, 2189.264152843345
5557.248111963272, 2160.8035553049067, 2189.264152843345
5557.731817007065, 2160.8035553049067, 2189.264152843345
5558.531674623489, 2163.9318433799417, 2189.0118624046086
5559.533989906311, 2163.1669926090276, 2189.1796688993436
5560.248078107834, 2163.1669926090276, 2189.1796688993436
5560.973136663437, 2163.9405892086206, 2189.23260781111
5562.024322271347, 2163.3664697554996, 2189.1928930273098
5563.003700494766, 2162.972258394466, 2189.3327527907477
5563.746710300446, 2162.972258394466, 2189.3327527907477
5564.521634817123, 2161.524129838227, 2189.271984586873
5565.231734514236, 2161.524129838227, 2189.271984586873
5565.753336429596, 2161.524129838227, 2189.271984586873
5566.236044883728, 2161.524129838227, 2189.271984586873
5566.71177148819, 2161.524129838227, 2189.271984586873
5567.607372760773, 2162.9003450851937, 2189.186953755072
5568.221727371216, 2162.9003450851937, 2189.186953755072
5568.728372812271, 2162.9003450851937, 2189.186953755072
5569.566128492355, 2162.517428450918, 2189.254062412031
5570.239325761795, 2162.517428450918, 2189.254062412031
5570.724028587341, 2162.517428450918, 2189.254062412031
5571.5697638988495, 2161.4368883121642, 2189.302549651026
5572.5212144851685, 2162.4919484351612, 2189.331503217846
5573.601323843002, 2162.6840812651762, 2189.1867778584206
5574.208697080612, 2162.6840812651762, 2189.1867778584206
5574.727308273315, 2162.6840812651762, 2189.1867778584206
5575.556088209152, 2163.4255502461365, 2189.184327516044
5576.221307754517, 2163.4255502461365, 2189.184327516044
5576.725956439972, 2163.4255502461365, 2189.184327516044
5577.23060631752, 2163.4255502461365, 2189.184327516044
5577.791103601456, 2163.4255502461365, 2189.184327516044
5578.242895364761, 2163.4255502461365, 2189.184327516044
5578.756520748138, 2163.4255502461365, 2189.184327516044
5579.222272157669, 2163.4255502461365, 2189.184327516044
5579.768810033798, 2163.4255502461365, 2189.184327516044
5580.257501125336, 2163.4255502461365, 2189.184327516044
5580.724251747131, 2163.4255502461365, 2189.184327516044
5581.200974702835, 2163.4255502461365, 2189.184327516044
5581.939995288849, 2162.6618882537373, 2188.9151146069557
5582.17037820816, 2162.6618882537373, 2188.9151146069557
5582.748830080032, 2162.6618882537373, 2188.9151146069557
5583.575614929199, 2165.9432439317457, 2189.488129839422
5584.241831541061, 2165.9432439317457, 2189.488129839422
5584.98185133934, 2162.0457345810446, 2189.3265293959016
5586.02006983757, 2162.7094006909465, 2189.032340745156
5586.737149953842, 2162.7094006909465, 2189.032340745156
5587.565930604935, 2162.0616965971913, 2189.324384210305
5588.274035215378, 2162.0616965971913, 2189.324384210305
5588.997100353241, 2161.389606891644, 2189.335107296089
5590.097153425217, 2161.713609300738, 2189.2688231627903
5590.749407291412, 2161.713609300738, 2189.2688231627903
5591.528322219849, 2163.2742214764153, 2189.237987006378
5592.228447437286, 2163.2742214764153, 2189.237987006378
5593.039275884628, 2163.3137602728702, 2189.1019595184407
5593.777299165726, 2163.3137602728702, 2189.1019595184407
5594.263001680374, 2163.3137602728702, 2189.1019595184407
5594.741717576981, 2163.3137602728702, 2189.1019595184407
5595.498690605164, 2160.7483131571234, 2189.476370992272
5596.250675916672, 2160.7483131571234, 2189.476370992272
5596.72141623497, 2160.7483131571234, 2189.476370992272
5597.183179616928, 2160.7483131571234, 2189.476370992272
5598.059833049774, 2162.666108720255, 2189.2518966282287
5598.742005348206, 2162.666108720255, 2189.2518966282287
5599.213742017746, 2162.666108720255, 2189.2518966282287
5599.994651556015, 2161.422611006996, 2189.314769938436
5600.986995458603, 2161.9377221636328, 2189.1171922782055
5602.077075242996, 2161.9471545528245, 2189.168015231231
5602.726337432861, 2161.9471545528245, 2189.168015231231
5603.48929643631, 2163.32084507367, 2189.0621947960058
5604.233302116394, 2163.32084507367, 2189.0621947960058
5605.036153078079, 2162.7382684948684, 2189.070682544593
5606.029493093491, 2162.0335226146594, 2189.3290506130193
5606.73161315918, 2162.0335226146594, 2189.3290506130193
5607.214320898056, 2162.0335226146594, 2189.3290506130193
5608.052076339722, 2161.8610445025934, 2189.189277357789
5608.720287799835, 2161.8610445025934, 2189.189277357789
5609.510172128677, 2164.667415086888, 2189.464390037506
5610.232239246368, 2164.667415086888, 2189.464390037506
5610.727911233902, 2164.667415086888, 2189.464390037506
5611.228572845459, 2164.667415086888, 2189.464390037506
5611.720254659653, 2164.667415086888, 2189.464390037506
5612.537067651749, 2161.9734047072648, 2189.401025904981
5613.2381908893585, 2161.9734047072648, 2189.401025904981
5614.021093845367, 2161.045847618819, 2189.1058506110767
5614.730196714401, 2161.045847618819, 2189.1058506110767
5615.226865768433, 2161.045847618819, 2189.1058506110767
5615.686635255814, 2161.045847618819, 2189.1058506110767
5616.524390459061, 2162.040656629126, 2189.292179523656
5617.211551427841, 2162.040656629126, 2189.292179523656
5617.7102155685425, 2162.040656629126, 2189.292179523656
5618.491124391556, 2161.667170890844, 2189.3657586261265
5619.219176769257, 2161.667170890844, 2189.3657586261265
5619.718837738037, 2161.667170890844, 2189.3657586261265
5620.258392572403, 2161.667170890844, 2189.3657586261265
5620.72514295578, 2161.667170890844, 2189.3657586261265
5621.238767385483, 2161.667170890844, 2189.3657586261265
5621.979783535004, 2160.9125993395523, 2189.2047098060425
5622.723790884018, 2160.9125993395523, 2189.2047098060425
5623.237416744232, 2160.9125993395523, 2189.2047098060425
5623.71413898468, 2160.9125993395523, 2189.2047098060425
5624.508013248444, 2163.1638277411557, 2189.017860107815
5625.497365236282, 2162.343881775966, 2189.043369895173
5626.227410316467, 2162.343881775966, 2189.043369895173
5626.985380887985, 2161.5150847624905, 2189.3270691500647
5627.997671842575, 2161.072599578118, 2189.2052420403284
5629.032897472382, 2163.2204427975853, 2189.253355321721
5629.991332054138, 2164.4380592495722, 2189.0349904382647
5630.720379114151, 2164.4380592495722, 2189.0349904382647
5631.222036361694, 2164.4380592495722, 2189.0349904382647
5631.7236931324005, 2164.4380592495722, 2189.0349904382647
5632.542500257492, 2162.5429988618384, 2189.0028095341863
5633.49295592308, 2161.974022950664, 2189.3968996371514
5634.5521194934845, 2162.7585782362517, 2189.277230003976
5635.495594024658, 2160.671669989548, 2189.277668330575
5636.538800239563, 2161.4406125583428, 2189.1930427144393
5637.517179965973, 2163.318054363621, 2189.0415623807253
5638.536451101303, 2162.184582172846, 2189.2962716442516
5639.523808479309, 2163.007577431766, 2189.432332616525
5640.567014455795, 2162.6699975767447, 2189.2129795254123
5641.467602014542, 2161.935034527259, 2189.2082509828906
5642.584611654282, 2162.066471469775, 2188.9803470823927
5643.236865282059, 2162.066471469775, 2188.9803470823927
5643.724560022354, 2162.066471469775, 2188.9803470823927
5644.224221944809, 2162.066471469775, 2188.9803470823927
5645.019093036652, 2163.557821379944, 2189.0707804204403
5646.025398492813, 2162.769485914496, 2188.9877214555377
5646.748462438583, 2162.769485914496, 2188.9877214555377
5647.235159158707, 2162.769485914496, 2188.9877214555377
5647.719862937927, 2162.769485914496, 2188.9877214555377
5648.210546731949, 2162.769485914496, 2188.9877214555377
5648.748107671738, 2162.769485914496, 2188.9877214555377
5649.505082845688, 2161.1377981534442, 2189.317313768296
5650.56324839592, 2163.4383123860507, 2189.0838152482734
5651.271351575851, 2163.4383123860507, 2189.0838152482734
5651.735111951828, 2163.4383123860507, 2189.0838152482734
5652.214826107025, 2163.4383123860507, 2189.0838152482734
5652.760363578796, 2163.4383123860507, 2189.0838152482734
5653.22611784935, 2163.4383123860507, 2189.0838152482734
5653.727774858475, 2163.4383123860507, 2189.0838152482734
5654.54757809639, 2162.874269591584, 2189.023789999913
5655.243715047836, 2162.874269591584, 2189.023789999913
5655.710465669632, 2162.874269591584, 2189.023789999913
5656.48539018631, 2161.1111238768735, 2189.078788849839
5657.228399991989, 2161.1111238768735, 2189.078788849839
5657.7210812568665, 2161.1111238768735, 2189.078788849839
5658.204786777496, 2161.1111238768735, 2189.078788849839
5658.993673324585, 2165.1870553243366, 2189.616169778765
5660.028902053833, 2163.5101027056103, 2189.2821225406874
5661.048172712326, 2162.8827771275005, 2189.348624097345
5662.0494928359985, 2166.1436320904136, 2189.4672092186497
5662.73166513443, 2166.1436320904136, 2189.4672092186497
5663.502600431442, 2163.8903395003667, 2189.102398708562
5664.2436170578, 2163.8903395003667, 2189.102398708562
5664.749263763428, 2163.8903395003667, 2189.102398708562
5665.2289781570435, 2163.8903395003667, 2189.102398708562
5666.040804386139, 2163.5712296550755, 2189.3416794574787
5667.065062761307, 2164.150401594651, 2189.2603248589867
5668.003549337387, 2163.6594838727824, 2189.333701686795
5669.028803110123, 2163.2049980888955, 2189.3408666275986
5669.986239910126, 2167.9446694562907, 2189.477301369469
5671.023463726044, 2164.785247751895, 2189.3552696419392
5672.037746667862, 2162.696851789902, 2189.3334471238686
5672.7378718853, 2162.696851789902, 2189.3334471238686
5673.523767709732, 2163.7208461825476, 2189.230754301324
5674.234863758087, 2163.7208461825476, 2189.230754301324
5674.740510940552, 2163.7208461825476, 2189.230754301324
5675.566299676895, 2165.492773800119, 2189.562146703397
5676.2384996414185, 2165.492773800119, 2189.562146703397
5676.737164258957, 2165.492773800119, 2189.562146703397
5677.253779172897, 2165.492773800119, 2189.562146703397
5678.081564903259, 2163.898398322491, 2189.270060180799
5678.737807273865, 2163.898398322491, 2189.270060180799
5679.2255001068115, 2163.898398322491, 2189.270060180799
5679.995438814163, 2164.7430983125805, 2189.107549022644
5680.743436098099, 2164.7430983125805, 2189.107549022644
5681.226143836975, 2164.7430983125805, 2189.107549022644
5681.768691301346, 2164.7430983125805, 2189.107549022644
5682.214497089386, 2164.7430983125805, 2189.107549022644
5682.708176136017, 2164.7430983125805, 2189.107549022644
5683.236760139465, 2164.7430983125805, 2189.107549022644
5683.726448535919, 2164.7430983125805, 2189.107549022644
5684.235086917877, 2164.7430983125805, 2189.107549022644
5685.073857307434, 2165.667321631489, 2189.3193549930284
5685.7350697517395, 2165.667321631489, 2189.3193549930284
5686.214787483215, 2165.667321631489, 2189.3193549930284
5687.00865983963, 2165.8055312807537, 2189.2111983476393
5687.722747802734, 2165.8055312807537, 2189.2111983476393
5688.224405050278, 2165.8055312807537, 2189.2111983476393
5689.029249429703, 2164.402007037306, 2189.2423183514843
5690.02259016037, 2165.723342738869, 2189.3277484014448
5690.715733528137, 2165.723342738869, 2189.3277484014448
5691.266260623932, 2165.723342738869, 2189.3277484014448
5692.032208681107, 2165.0419492828496, 2189.3748640895324
5692.69842505455, 2165.0419492828496, 2189.3748640895324
5693.519227027893, 2163.4638624362933, 2189.352806163791
5694.221347570419, 2163.4638624362933, 2189.352806163791
5694.719016313553, 2163.4638624362933, 2189.352806163791
5695.556772470474, 2165.3706574577764, 2189.3140179224765
5696.191072225571, 2165.3706574577764, 2189.3140179224765
5696.9570236206055, 2166.1605582347515, 2189.071167054432
5697.556416511536, 2166.401173380537, 2189.0348633431245
5698.236595392227, 2166.401173380537, 2189.0348633431245
5698.701352357864, 2166.401173380537, 2189.0348633431245
5699.537112951279, 2165.9576785643703, 2189.167155891727
5700.532449245453, 2165.3236030645626, 2189.2952458399504
5701.54972410202, 2165.116889227584, 2189.329287656313
5702.208959579468, 2165.116889227584, 2189.329287656313
5702.955959320068, 2166.383721375649, 2189.1236507511076
5703.2222464084625, 2166.383721375649, 2189.1236507511076
5703.72091126442, 2166.383721375649, 2189.1236507511076
5704.242516040802, 2166.383721375649, 2189.1236507511076
5705.0074672698975, 2166.288284961842, 2189.0958858227923
5705.726541042328, 2166.288284961842, 2189.0958858227923
5706.502466440201, 2166.367606059088, 2189.0162611943883
5707.506773471832, 2166.1575400327083, 2189.093721841048
5708.237816333771, 2166.1575400327083, 2189.093721841048
5708.949909448624, 2166.9371441435305, 2189.0905226241925
5709.508414030075, 2168.5575373683764, 2188.9144737671268
5710.22549366951, 2168.5575373683764, 2188.9144737671268
5710.949556350708, 2166.352318182674, 2189.1121215848157
5711.210855722427, 2166.352318182674, 2189.1121215848157
5712.0017375946045, 2164.28979453251, 2189.2909541246167
5712.719815969467, 2164.28979453251, 2189.2909541246167
5713.221472501755, 2164.28979453251, 2189.2909541246167
5713.725122690201, 2164.28979453251, 2189.2909541246167
5714.26767039299, 2164.28979453251, 2189.2909541246167
5714.718463182449, 2164.28979453251, 2189.2909541246167
5715.586139678955, 2164.5489592018125, 2189.2303968761576
5716.4897220134735, 2165.6205468036906, 2189.0682730863223
5717.570825099945, 2165.6221979441357, 2189.219614563505
5718.225074768066, 2165.6221979441357, 2189.219614563505
5718.97606420517, 2165.211792610601, 2189.2797105704103
5719.745004415512, 2165.211792610601, 2189.2797105704103
5720.258628606796, 2165.211792610601, 2189.2797105704103
5720.701442956924, 2165.211792610601, 2189.2797105704103
5721.512271404266, 2164.493400252629, 2189.3109991891056
5722.222371101379, 2164.493400252629, 2189.3109991891056
5722.700091600418, 2164.493400252629, 2189.3109991891056
5723.486984491348, 2165.159933909034, 2189.5455522615357
5724.227002620697, 2165.159933909034, 2189.5455522615357
5724.7166912555695, 2165.159933909034, 2189.5455522615357
5725.240289926529, 2165.159933909034, 2189.5455522615357
5726.00923037529, 2162.9839385968235, 2189.4295348934943
5726.7083604335785, 2162.9839385968235, 2189.4295348934943
5727.2299637794495, 2162.9839385968235, 2189.4295348934943
5727.738599777222, 2162.9839385968235, 2189.4295348934943
5728.274166345596, 2162.9839385968235, 2189.4295348934943
5728.738922357559, 2162.9839385968235, 2189.4295348934943
5729.540774822235, 2163.0341095628314, 2189.2801567524716
5730.260847330093, 2163.0341095628314, 2189.2801567524716
5730.748543977737, 2163.0341095628314, 2189.2801567524716
5731.58330655098, 2161.593677605345, 2189.4245087601016
5732.236556053162, 2161.593677605345, 2189.4245087601016
5733.007492303848, 2164.724372082372, 2189.5894135477774
5733.986870288849, 2162.309659149547, 2189.230696175519
5734.726888418198, 2162.309659149547, 2189.230696175519
5735.235528230667, 2162.309659149547, 2189.230696175519
5735.732198476791, 2162.309659149547, 2189.230696175519
5736.218893289566, 2162.309659149547, 2189.230696175519
5736.725536108017, 2162.309659149547, 2189.230696175519
5737.512429714203, 2161.4258914774114, 2189.2254320190937
5738.245467424393, 2161.4258914774114, 2189.2254320190937
5738.716206550598, 2161.4258914774114, 2189.2254320190937
5739.212876796722, 2161.4258914774114, 2189.2254320190937
5740.060606718063, 2160.9190618501966, 2189.36825892549
5740.73180937767, 2160.9190618501966, 2189.36825892549
5741.503743648529, 2161.1686382748344, 2189.242753558786
5742.484118938446, 2161.439626189208, 2189.139823128993
5743.491424798965, 2162.0624416143555, 2189.4847383660576
5744.48276591301, 2160.088873929251, 2189.3599148121475
5745.216802358627, 2160.088873929251, 2189.3599148121475
5746.03062081337, 2159.9902811471698, 2189.3687963890784
5746.736733675003, 2159.9902811471698, 2189.3687963890784
5747.514647960663, 2161.1153098951627, 2189.515470800317
5748.249678611755, 2161.1153098951627, 2189.515470800317
5748.728397607803, 2161.1153098951627, 2189.515470800317
5749.477391719818, 2159.752017108598, 2189.382035232614
5750.228380203247, 2159.752017108598, 2189.382035232614
5750.77790927887, 2159.752017108598, 2189.382035232614
5751.20476770401, 2159.752017108598, 2189.382035232614
5752.055488348007, 2163.1673349210837, 2189.5668643534655
5752.735666751862, 2163.1673349210837, 2189.5668643534655
5753.205409288406, 2163.1673349210837, 2189.5668643534655
5753.712052822113, 2163.1673349210837, 2189.5668643534655
5754.221689462662, 2163.1673349210837, 2189.5668643534655
5754.7153673172, 2163.1673349210837, 2189.5668643534655
5755.213034152985, 2163.1673349210837, 2189.5668643534655
5755.71569108963, 2163.1673349210837, 2189.5668643534655
5756.24028301239, 2163.1673349210837, 2189.5668643534655
5756.751915931702, 2163.1673349210837, 2189.5668643534655
5757.192733287811, 2163.1673349210837, 2189.5668643534655
5758.043456077576, 2159.647670434161, 2189.3896815625862
5758.730615139008, 2159.647670434161, 2189.3896815625862
5759.212326288223, 2159.647670434161, 2189.3896815625862
5760.0181674957275, 2159.277206162414, 2189.461782224706
5761.055389642715, 2161.010399980394, 2189.1766779133395
5762.031776428223, 2160.49108469664, 2189.2280019062887
5762.726914405823, 2160.49108469664, 2189.2280019062887
5763.195659160614, 2160.49108469664, 2189.2280019062887
5763.709283828735, 2160.49108469664, 2189.2280019062887
5764.537067890167, 2159.9294505412527, 2189.451724673215
5765.485527515411, 2162.6483080670337, 2189.5284058006505
5766.23851108551, 2162.6483080670337, 2189.5284058006505
5766.736179590225, 2162.6483080670337, 2189.5284058006505
5767.211905956268, 2162.6483080670337, 2189.5284058006505
5767.975860118866, 2160.8897318781956, 2189.3043193715844
5768.7168753147125, 2160.8897318781956, 2189.3043193715844
5769.219530105591, 2160.8897318781956, 2189.3043193715844
5769.712210655212, 2160.8897318781956, 2189.3043193715844
5770.540992021561, 2161.7809524716013, 2188.9447756372024
5771.497431278229, 2160.290434914954, 2189.3777059454233
5772.257395505905, 2160.290434914954, 2189.3777059454233
5772.741100311279, 2160.290434914954, 2189.3777059454233
5773.237770795822, 2160.290434914954, 2189.3777059454233
5773.971805334091, 2161.1919118764154, 2189.2340272287897
5775.009028196335, 2159.0352614615927, 2189.4151495073916
5775.928565979004, 2160.961987391035, 2189.4070548784507
5776.313536167145, 2160.961987391035, 2189.4070548784507
5776.737399816513, 2160.961987391035, 2189.4070548784507
5777.514320135117, 2161.0905482245166, 2189.375265060012
5778.23140001297, 2161.0905482245166, 2189.375265060012
5779.015300750732, 2163.7279491260215, 2189.5388750679945
5779.952791690826, 2159.9677442376487, 2189.2908277788024
5780.574125528336, 2160.3439134020678, 2189.3637553544495
5781.22837471962, 2160.3439134020678, 2189.3637553544495
5781.946451187134, 2159.811605209197, 2189.4230768314965
5782.5608060359955, 2160.8988286672957, 2189.404560273618
5783.229017734528, 2160.8988286672957, 2189.404560273618
5783.968039989471, 2159.7309740085516, 2189.4342432729495
5784.601343631744, 2160.707234969646, 2189.3999133628968
5785.51788854599, 2161.83557725395, 2189.107988582907
5786.5521194934845, 2161.008227712052, 2189.3672708491404
5787.250249862671, 2161.008227712052, 2189.3672708491404
5787.976306438446, 2160.0472157362033, 2189.3552996261856
5788.728292226791, 2160.0472157362033, 2189.3552996261856
5789.2349371910095, 2160.0472157362033, 2189.3552996261856
5789.960991382599, 2162.7930880014246, 2189.5545695809806
5790.577342510223, 2161.4720583432963, 2189.1953661482967
5791.491894721985, 2158.141082377039, 2189.4518177862906
5792.557040452957, 2161.1465219708352, 2189.102574159257
5793.243203163147, 2161.1465219708352, 2189.102574159257
5793.990203619003, 2162.435503606008, 2189.2631562747256
5794.727229833603, 2162.435503606008, 2189.2631562747256
5795.239857196808, 2162.435503606008, 2189.2631562747256
5795.719572544098, 2162.435503606008, 2189.2631562747256
5796.56730389595, 2158.772677054635, 2189.346419981549
5797.5387008190155, 2157.4076768807145, 2189.488616673937
5798.210900783539, 2157.4076768807145, 2189.488616673937
5798.741481781006, 2157.4076768807145, 2189.488616673937
5799.495473146439, 2159.7661445361723, 2189.4452656772096
5800.562603712082, 2161.7745095507485, 2189.5342059404784
5801.54198217392, 2159.9986999412636, 2189.2860057930043
5802.49044251442, 2159.1968067799507, 2189.3768558056026
5803.496748447418, 2158.991761297333, 2189.4111729080405
5804.490088224411, 2158.539927949296, 2189.4476809070543
5805.23708820343, 2158.539927949296, 2189.4476809070543
5805.693865537643, 2158.539927949296, 2189.4476809070543
5806.461807966232, 2161.1681997811716, 2189.5110144420196
5807.550894021988, 2157.9306441326644, 2189.237065968212
5808.486387252808, 2156.875341488784, 2189.4795909859963
5809.235381603241, 2156.875341488784, 2189.4795909859963
5809.746019124985, 2156.875341488784, 2189.4795909859963
5810.4890258312225, 2159.468416359086, 2189.1072769476805
5811.2330327034, 2159.468416359086, 2189.1072769476805
5811.732696056366, 2159.468416359086, 2189.1072769476805
5812.519589185715, 2160.0058788940332, 2189.096712539347
5813.227691650391, 2160.0058788940332, 2189.096712539347
5813.729349374771, 2160.0058788940332, 2189.096712539347
5814.495299816132, 2158.863366903456, 2189.233344346566
5815.228334903717, 2158.863366903456, 2189.233344346566
5815.76091003418, 2158.863366903456, 2189.233344346566
5816.238629102707, 2158.863366903456, 2189.233344346566
5817.053448200226, 2158.8140049363656, 2189.3099150612315
5817.749584674835, 2158.8140049363656, 2189.3099150612315
5818.239274024963, 2158.8140049363656, 2189.3099150612315
5819.076032876968, 2159.154576129453, 2189.1314465376004
5819.752222776413, 2159.154576129453, 2189.1314465376004
5820.217974662781, 2159.154576129453, 2189.1314465376004
5821.042769193649, 2159.3541889985086, 2189.2277570902834
5821.7538640499115, 2159.3541889985086, 2189.2277570902834
5822.542749404907, 2157.464976663915, 2189.4710420170427
5823.249857187271, 2157.464976663915, 2189.4710420170427
5823.738547563553, 2157.464976663915, 2189.4710420170427
5824.55137181282, 2160.5138427243087, 2189.541261978273
5825.289394855499, 2160.5138427243087, 2189.541261978273
5825.735202074051, 2160.5138427243087, 2189.541261978273
5826.223894834518, 2160.5138427243087, 2189.541261978273
5826.727545261383, 2160.5138427243087, 2189.541261978273
5827.276076555252, 2160.5138427243087, 2189.541261978273
5827.745818853378, 2160.5138427243087, 2189.541261978273
5828.240494728088, 2160.5138427243087, 2189.541261978273
5829.01841044426, 2161.8563734778986, 2189.527540467205
5829.7324986457825, 2161.8563734778986, 2189.527540467205
5830.191270112991, 2161.8563734778986, 2189.527540467205
5831.046978712082, 2157.425744031597, 2189.3493765773296
5832.010399103165, 2160.344569992592, 2189.470636400025
5832.707532167435, 2160.344569992592, 2189.470636400025
5833.559252023697, 2158.111344936607, 2189.145340303595
5834.241426229477, 2158.111344936607, 2189.145340303595
5835.012361526489, 2160.4171271193454, 2189.6492327636006
5835.735424757004, 2160.4171271193454, 2189.6492327636006
5836.496388196945, 2158.266941140963, 2189.509486435161
5837.280289411545, 2158.266941140963, 2189.509486435161
5837.735070466995, 2158.266941140963, 2189.509486435161
5838.487057685852, 2160.947808014035, 2189.439077541522
5839.524279356003, 2159.5915957501825, 2189.568715366234
5840.238369703293, 2159.5915957501825, 2189.568715366234
5840.984370470047, 2162.0334926618366, 2189.649493886349
5841.718403816223, 2162.0334926618366, 2189.649493886349
5842.456427812576, 2158.392495896975, 2189.3415675893148
5843.0009706020355, 2159.761958892793, 2189.463168463496
5843.730017900467, 2159.761958892793, 2189.463168463496
5844.235665559769, 2159.761958892793, 2189.463168463496
5844.70440864563, 2159.761958892793, 2189.463168463496
5845.276875972748, 2159.761958892793, 2189.463168463496
5845.730660915375, 2159.761958892793, 2189.463168463496
5846.215363264084, 2159.761958892793, 2189.463168463496
5846.98131275177, 2163.50168508167, 2189.5972420046264
5847.744269609451, 2163.50168508167, 2189.5972420046264
5848.508223772049, 2160.31877245328, 2189.4405130021546
5849.512535333633, 2162.7779002649245, 2189.6429612058087
5850.528813123703, 2159.8201191205094, 2189.4360557537657
5851.571022748947, 2158.5098232417845, 2189.310086772109
5852.4945504665375, 2158.9810586200942, 2189.448899115533
5853.244541168213, 2158.9810586200942, 2189.448899115533
5853.7382209300995, 2158.9810586200942, 2189.448899115533
5854.2438678741455, 2158.9810586200942, 2189.448899115533
5854.705631017685, 2158.9810586200942, 2189.448899115533
5855.586271286011, 2160.6003339433955, 2189.4620448806504
5856.24351143837, 2160.6003339433955, 2189.4620448806504
5856.710261583328, 2160.6003339433955, 2189.4620448806504
5857.543032169342, 2161.6565716092337, 2189.320433607916
5858.231189250946, 2161.6565716092337, 2189.320433607916
5858.69594502449, 2161.6565716092337, 2189.320433607916
5859.509765386581, 2162.6972723400154, 2189.3361117353875
5860.472189426422, 2164.0089750293378, 2189.505977573721
5861.515395402908, 2159.8797620387895, 2189.4299900611913
5862.441915512085, 2164.428271092884, 2189.579124491257
5862.884728908539, 2162.7265877220775, 2189.7663962730685
5863.506065130234, 2163.0109772419523, 2189.494328785567
5864.220153093338, 2163.0109772419523, 2189.494328785567
5864.971142530441, 2160.928853941752, 2189.294131002101
5865.740082740784, 2160.928853941752, 2189.294131002101
5866.233762025833, 2160.928853941752, 2189.294131002101
5866.711482048035, 2160.928853941752, 2189.294131002101
5867.575169086456, 2164.348248968717, 2189.4977180065225
5868.226426124573, 2164.348248968717, 2189.4977180065225
5868.978413581848, 2161.2333981157676, 2189.428068708116
5869.569828510284, 2163.1824072494173, 2188.8694367106564
5870.243025779724, 2163.1824072494173, 2188.8694367106564
5871.022938013077, 2165.8066529924695, 2189.483549297384
5872.045201778412, 2160.060916155614, 2189.436095124052
5872.996652364731, 2161.777689480957, 2189.1907653967814
5873.717722654343, 2161.777689480957, 2189.1907653967814
5874.547500371933, 2161.8087024424512, 2189.491957866184
5875.223690271378, 2161.8087024424512, 2189.491957866184
5876.020555734634, 2162.794714600186, 2189.224429461258
5876.737635850906, 2162.794714600186, 2189.224429461258
5877.490619421005, 2163.167145620645, 2189.352111644587
5878.506898403168, 2165.568625174548, 2189.5228989144334
5879.557086467743, 2166.958265295736, 2189.6630909437263
5880.479616641998, 2162.339240617808, 2189.3738549087457
5881.5288071632385, 2165.0092637560742, 2189.5554615471588
5882.514168262482, 2164.436780844794, 2189.6080766342907
5883.264159679413, 2164.436780844794, 2189.6080766342907
5883.744873046875, 2164.436780844794, 2189.6080766342907
5884.562685251236, 2164.8568975014614, 2189.6164595807427
5885.271785259247, 2164.8568975014614, 2189.6164595807427
5885.722577571869, 2164.8568975014614, 2189.6164595807427
5886.551360607147, 2163.181285356789, 2189.3465670082455
5887.231536865234, 2163.181285356789, 2189.3465670082455
5887.723221540451, 2163.181285356789, 2189.3465670082455
5888.227869987488, 2163.181285356789, 2189.3465670082455
5889.042688131332, 2163.2396826138665, 2189.4639317509163
5889.706909894943, 2163.2396826138665, 2189.4639317509163
5890.527711391449, 2162.4314509683186, 2189.200982413885
5891.241799116135, 2162.4314509683186, 2189.200982413885
5891.755424261093, 2162.4314509683186, 2189.200982413885
5892.5084092617035, 2162.5415388500737, 2189.3699730347976
5893.2703676223755, 2162.5415388500737, 2189.3699730347976
5893.73811507225, 2162.5415388500737, 2189.3699730347976
5894.526006221771, 2163.056957800915, 2189.1903928967204
5895.591152906418, 2163.8146324885743, 2189.330302247448
5896.512686729431, 2164.940945476946, 2189.6529906468113
5897.495055198669, 2161.7706361237992, 2189.258760007368
5898.216125488281, 2161.7706361237992, 2189.258760007368
5899.037924051285, 2161.56974114555, 2189.1066117902255
5899.7859218120575, 2161.56974114555, 2189.1066117902255
5900.5847845077515, 2162.5607063687826, 2189.0816879452136
5901.250999450684, 2162.5607063687826, 2189.0816879452136
5901.790552854538, 2162.5607063687826, 2189.0816879452136
5902.245336055756, 2162.5607063687826, 2189.0816879452136
5902.733031988144, 2162.5607063687826, 2189.0816879452136
5903.242664575577, 2162.5607063687826, 2189.0816879452136
5903.790199279785, 2162.5607063687826, 2189.0816879452136
5904.225034952164, 2162.5607063687826, 2189.0816879452136
5905.044840335846, 2165.8365077979097, 2189.689537512156
5905.725018262863, 2165.8365077979097, 2189.689537512156
5906.221688747406, 2165.8365077979097, 2189.689537512156
5907.0045919418335, 2165.331079065162, 2189.5176541630485
5907.784504175186, 2165.331079065162, 2189.5176541630485
5908.235297679901, 2165.331079065162, 2189.5176541630485
5908.718004465103, 2165.331079065162, 2189.5176541630485
5909.258556842804, 2165.331079065162, 2189.5176541630485
5909.745253324509, 2165.331079065162, 2189.5176541630485
5910.237934589386, 2165.331079065162, 2189.5176541630485
5910.725629329681, 2165.331079065162, 2189.5176541630485
5911.502548456192, 2161.857040550119, 2189.3934102610824
5912.5307948589325, 2161.9107565266145, 2189.2773975655955
5913.506184577942, 2161.579065599285, 2189.0516228991614
5914.237227201462, 2161.579065599285, 2189.0516228991614
5915.005168676376, 2161.482388721271, 2189.3111759936464
5915.742196083069, 2161.482388721271, 2189.3111759936464
5916.219918489456, 2161.482388721271, 2189.3111759936464
5916.715589761734, 2161.482388721271, 2189.3111759936464
5917.469571352005, 2162.4035471783304, 2189.3648758272807
5918.503801822662, 2163.5172759450925, 2189.256478995891
5919.2527956962585, 2163.5172759450925, 2189.256478995891
5919.747471570969, 2163.5172759450925, 2189.256478995891
5920.264088392258, 2163.5172759450925, 2189.256478995891
5920.997124910355, 2161.445868070771, 2189.3235884759306
5921.7451248168945, 2161.445868070771, 2189.3235884759306
5922.2398002147675, 2161.445868070771, 2189.3235884759306
5923.007741928101, 2162.335251217334, 2189.2488155136925
5923.719835758209, 2162.335251217334, 2189.2488155136925
5924.239443778992, 2162.335251217334, 2189.2488155136925
5924.702206373215, 2162.335251217334, 2189.2488155136925
5925.5619032382965, 2163.627704059356, 2189.3782926179842
5926.248065233231, 2163.627704059356, 2189.3782926179842
5926.707834482193, 2163.627704059356, 2189.3782926179842
5927.5565621852875, 2162.9850171715552, 2189.400956474304
5928.24272441864, 2162.9850171715552, 2189.400956474304
5928.976760387421, 2165.897736119095, 2189.51655984769
5929.745699644089, 2165.897736119095, 2189.51655984769
5930.484723567963, 2164.852851362847, 2189.263705549109
5931.563831567764, 2162.8802256594704, 2189.274187586976
5932.4853637218475, 2163.9451221712443, 2189.2282128680463
5933.490671873093, 2163.8432324170267, 2189.4777384863073
5934.525900602341, 2163.04453569857, 2189.456927599642
5935.558136224747, 2163.0518996829583, 2189.2610841543424
5936.255270242691, 2163.0518996829583, 2189.2610841543424
5936.9374458789825, 2165.1187658752547, 2189.498711727354
5937.545813798904, 2162.769255243952, 2189.485748955684
5938.242947101593, 2162.769255243952, 2189.485748955684
5938.737624406815, 2162.769255243952, 2189.485748955684
5939.598317861557, 2163.1718264963206, 2189.379770765801
5940.2445867061615, 2163.1718264963206, 2189.379770765801
5940.746244907379, 2163.1718264963206, 2189.379770765801
5941.235934019089, 2163.1718264963206, 2189.379770765801
5941.762523174286, 2163.1718264963206, 2189.379770765801
5942.243237257004, 2163.1718264963206, 2189.379770765801
5942.756863594055, 2163.1718264963206, 2189.379770765801
5943.230592012405, 2163.1718264963206, 2189.379770765801
5943.781119823456, 2163.1718264963206, 2189.379770765801
5944.267815113068, 2163.1718264963206, 2189.379770765801
5944.7545120716095, 2163.1718264963206, 2189.379770765801
5945.2073011398315, 2163.1718264963206, 2189.379770765801
5945.746854543686, 2163.1718264963206, 2189.379770765801
5946.266463518143, 2163.1718264963206, 2189.379770765801
5946.76612663269, 2163.1718264963206, 2189.379770765801
5947.231878757477, 2163.1718264963206, 2189.379770765801
5947.789385795593, 2163.1718264963206, 2189.379770765801
5948.292040109634, 2163.1718264963206, 2189.379770765801
5948.78871011734, 2163.1718264963206, 2189.379770765801
5949.233518838882, 2163.1718264963206, 2189.379770765801
5949.793021440506, 2163.1718264963206, 2189.379770765801
5950.24181842804, 2163.1718264963206, 2189.379770765801
5950.7674124240875, 2163.1718264963206, 2189.379770765801
5951.587216615677, 2161.1579536864947, 2189.404815660462
5952.237475156784, 2161.1579536864947, 2189.404815660462
5952.793985843658, 2161.1579536864947, 2189.404815660462
5953.227824449539, 2161.1579536864947, 2189.404815660462
5954.114449262619, 2162.571725739458, 2189.203733729963
5954.7657063007355, 2162.571725739458, 2189.203733729963
5955.242429018021, 2162.571725739458, 2189.203733729963
5955.7321190834045, 2162.571725739458, 2189.203733729963
5956.280648469925, 2162.571725739458, 2189.203733729963
5956.726455450058, 2162.571725739458, 2189.203733729963
5957.229110002518, 2162.571725739458, 2189.203733729963
5958.073847770691, 2163.4841708564536, 2189.224479860959
5958.7360734939575, 2163.4841708564536, 2189.224479860959
5959.220776796341, 2163.4841708564536, 2189.224479860959
5960.015647888184, 2164.325132404613, 2189.4455617307276
5961.00400185585, 2165.930093321083, 2189.444005460341
5961.721081972122, 2165.930093321083, 2189.444005460341
5962.231714010239, 2165.930093321083, 2189.444005460341
5962.728384971619, 2165.930093321083, 2189.444005460341
5963.484360694885, 2163.1557073783565, 2189.364398979763
5964.249311685562, 2163.1557073783565, 2189.364398979763
5964.730024814606, 2163.1557073783565, 2189.364398979763
5965.208743572235, 2163.1557073783565, 2189.364398979763
5965.995635986328, 2162.2996622525307, 2189.323311921098
5966.746625900269, 2162.2996622525307, 2189.323311921098
5967.476670026779, 2163.9167287323344, 2189.47979513751
5968.218683242798, 2163.9167287323344, 2189.47979513751
5968.725326538086, 2163.9167287323344, 2189.47979513751
5969.200057506561, 2163.9167287323344, 2189.47979513751
5970.004900217056, 2163.273085541128, 2189.4506612750506
5970.750903844833, 2163.273085541128, 2189.4506612750506
5971.2116684913635, 2163.273085541128, 2189.4506612750506
5972.025490760803, 2163.1210356270085, 2189.2592872498
5972.722623825073, 2163.1210356270085, 2189.2592872498
5973.217299699783, 2163.1210356270085, 2189.2592872498
5973.705990791321, 2163.1210356270085, 2189.2592872498
5974.511832475662, 2162.494061362793, 2189.4270246833285
5975.20996260643, 2162.494061362793, 2189.4270246833285
5976.003837823868, 2164.9257201317537, 2189.6462434841396
5976.74086356163, 2164.9257201317537, 2189.6462434841396
5977.238533735275, 2164.9257201317537, 2189.6462434841396
5978.006474733353, 2163.062645850241, 2189.311942175908
5978.726547241211, 2163.062645850241, 2189.311942175908
5979.223217010498, 2163.062645850241, 2189.311942175908
5979.976201295853, 2163.194586897727, 2189.3653498920135
5981.009434938431, 2162.5875772821596, 2189.2712458224996
5981.967869758606, 2165.9955240349705, 2189.5828537350685
5982.722846031189, 2165.9955240349705, 2189.5828537350685
5983.490790605545, 2163.2126618350176, 2189.387195407979
5984.227817296982, 2163.2126618350176, 2189.387195407979
5984.743436098099, 2163.2126618350176, 2189.387195407979
5985.235121250153, 2163.2126618350176, 2189.387195407979
5985.710845708847, 2163.2126618350176, 2189.387195407979
5986.517685413361, 2167.1987142324188, 2189.5566913492667
5987.429245233536, 2164.2323144214156, 2189.2984194430564
5987.699522733688, 2164.2323144214156, 2189.2984194430564
5988.531293869019, 2163.236206271336, 2189.369370150677
5989.224438428879, 2163.236206271336, 2189.369370150677
5989.970441818237, 2162.8514442349174, 2189.425332491284
5990.754341363907, 2162.8514442349174, 2189.425332491284
5991.255999088287, 2162.8514442349174, 2189.425332491284
5991.723745346069, 2162.8514442349174, 2189.425332491284
5992.560505628586, 2163.3907004970533, 2189.2366520949877
5993.224726438522, 2163.3907004970533, 2189.2366520949877
5994.007630586624, 2162.662257876811, 2189.161691731337
5994.762609004974, 2162.662257876811, 2189.161691731337
5995.527559995651, 2162.332467411281, 2189.3918885016724
5996.561791181564, 2163.695667420311, 2189.271417658122
5997.228006601334, 2163.695667420311, 2189.271417658122
5997.706726312637, 2163.695667420311, 2189.271417658122
5998.217358350754, 2163.695667420311, 2189.271417658122
5998.728989124298, 2163.695667420311, 2189.271417658122
5999.230644464493, 2163.695667420311, 2189.271417658122
5999.745266675949, 2163.695667420311, 2189.271417658122
6000.277840614319, 2163.695667420311, 2189.271417658122
6000.713674545288, 2163.695667420311, 2189.271417658122
6001.549436330795, 2161.677324859646, 2189.3445647079725
6002.482936143875, 2162.631036863691, 2189.2380774010576
6003.188047885895, 2162.631036863691, 2189.2380774010576
6003.987908124924, 2166.0026958467715, 2189.542524426027
6004.724932670593, 2166.0026958467715, 2189.542524426027
6005.468940973282, 2161.382529871539, 2189.4358887500207
6006.2259130477905, 2161.382529871539, 2189.4358887500207
6006.752504348755, 2161.382529871539, 2189.4358887500207
6007.219253778458, 2161.382529871539, 2189.4358887500207
6007.7448472976685, 2161.382529871539, 2189.4358887500207
6008.233539581299, 2161.382529871539, 2189.4358887500207
6008.715249300003, 2161.382529871539, 2189.4358887500207
6009.507127523422, 2165.9717576471962, 2189.5058750024264
6010.242159366608, 2165.9717576471962, 2189.5058750024264
6010.72985625267, 2165.9717576471962, 2189.5058750024264
6011.487825632095, 2160.664511709223, 2189.141072870516
6012.241805791855, 2160.664511709223, 2189.141072870516
6013.024709939957, 2161.5817431055493, 2189.381458597658
6013.781683444977, 2161.5817431055493, 2189.381458597658
6014.536661148071, 2165.6279913116114, 2189.5883220751466
6015.231799840927, 2165.6279913116114, 2189.5883220751466
6015.705531597137, 2165.6279913116114, 2189.5883220751466
6016.5083820819855, 2161.572233119282, 2189.257819562332
6017.242415904999, 2161.572233119282, 2189.257819562332
6018.038284540176, 2162.214927852727, 2189.408085459032
6018.741401672363, 2162.214927852727, 2189.408085459032
6019.50635433197, 2160.054100173825, 2189.3449944476533
6020.23141336441, 2160.054100173825, 2189.3449944476533
6021.075152635574, 2162.2438413197756, 2189.272973934895
6022.040568113327, 2161.1907995461515, 2189.3613179557174
6023.091753005981, 2162.262149916969, 2189.2793854403194
6023.746001958847, 2162.262149916969, 2189.2793854403194
6024.198789834976, 2162.262149916969, 2189.2793854403194
6025.02956533432, 2161.9625766625995, 2189.3519234793775
6025.7466452121735, 2161.9625766625995, 2189.3519234793775
6026.225363254547, 2161.9625766625995, 2189.3519234793775
6027.041177988052, 2163.537396306744, 2189.096328821611
6028.018562793732, 2161.549969522039, 2189.493342957275
6028.957048416138, 2164.392098705931, 2189.437522849436
6029.2811806201935, 2164.392098705931, 2189.437522849436
6029.743940830231, 2164.392098705931, 2189.437522849436
6030.219668626785, 2164.392098705931, 2189.437522849436
6031.060416936874, 2161.9482057261393, 2189.317675979901
6031.739598989487, 2161.9482057261393, 2189.317675979901
6032.223303794861, 2161.9482057261393, 2189.317675979901
6033.030141830444, 2161.9603909333646, 2189.349741477029
6033.738247156143, 2161.9603909333646, 2189.349741477029
6034.2189610004425, 2161.9603909333646, 2189.349741477029
6035.006849765778, 2164.2978944410174, 2188.937026827631
6035.740883350372, 2164.2978944410174, 2188.937026827631
6036.517803907394, 2162.5458506558816, 2189.433153661691
6037.260813713074, 2162.5458506558816, 2189.433153661691
6037.9958465099335, 2162.5552198840915, 2189.3270577312305
6038.961260795593, 2163.108107367124, 2189.3940320703764
6039.532730340958, 2162.888513488004, 2189.3229480500686
6040.2438271045685, 2162.888513488004, 2189.3229480500686
6040.972873926163, 2163.976229030393, 2189.242579904382
6041.697932243347, 2163.976229030393, 2189.242579904382
6042.509759902954, 2162.750441719409, 2189.3264672712307
6043.283687591553, 2162.750441719409, 2189.3264672712307
6043.7314875125885, 2162.750441719409, 2189.3264672712307
6044.249102830887, 2162.750441719409, 2189.3264672712307
6044.988123416901, 2163.1633438075505, 2189.28550751924
6045.72913813591, 2163.1633438075505, 2189.28550751924
6046.512043476105, 2162.46159067662, 2189.244969450331
6047.575195550919, 2163.636296990327, 2189.1591887967897
6048.243407011032, 2163.636296990327, 2189.1591887967897
6048.675250053406, 2163.636296990327, 2189.1591887967897
6049.553897619247, 2163.125362611749, 2189.1840190820467
6050.512332439423, 2161.6581381484193, 2189.350434089343
6051.55553817749, 2162.062232345239, 2189.3796970935346
6052.242697477341, 2162.062232345239, 2189.3796970935346
6052.703464746475, 2162.062232345239, 2189.3796970935346
6053.526261091232, 2162.4644862568202, 2189.2617817425594
6054.506636857986, 2165.8994869899525, 2189.582493721984
6055.497982501984, 2166.6343711671357, 2189.528887822525
6056.452426433563, 2164.987108061796, 2189.621711448207
6056.7456407547, 2164.987108061796, 2189.621711448207
6057.235330581665, 2164.987108061796, 2189.621711448207
6057.719034910202, 2164.987108061796, 2189.621711448207
6058.5617780685425, 2162.897710365748, 2189.3426852749735
6059.236969947815, 2162.897710365748, 2189.3426852749735
6059.724665403366, 2162.897710365748, 2189.3426852749735
6060.192411899567, 2162.897710365748, 2189.3426852749735
6060.733961582184, 2162.897710365748, 2189.3426852749735
6061.246588468552, 2162.897710365748, 2189.3426852749735
6062.004559755325, 2164.3876329574773, 2189.107950152778
6062.742582559586, 2164.3876329574773, 2189.107950152778
6063.236261129379, 2164.3876329574773, 2189.107950152778
6063.992237329483, 2163.203741547231, 2189.468693454477
6065.0025334358215, 2162.5197072770434, 2189.434018733337
6066.01980805397, 2163.7130458520414, 2189.02491468872
6066.74885559082, 2163.7130458520414, 2189.02491468872
6067.237547636032, 2163.7130458520414, 2189.02491468872
6067.979562044144, 2160.662873544544, 2189.269838726923
6068.215928316116, 2160.662873544544, 2189.269838726923
6068.978884935379, 2165.74941045909, 2189.4688585851245
6069.717907190323, 2165.74941045909, 2189.4688585851245
6070.499812364578, 2162.794202065085, 2189.1888463452524
6071.518086910248, 2163.98138924829, 2189.238734077147
6072.239157915115, 2163.98138924829, 2189.238734077147
6073.044997692108, 2161.298690571329, 2189.2660529327704
6074.089201211929, 2162.4558063651953, 2189.114372107056
6074.760404109955, 2162.4558063651953, 2189.114372107056
6075.603147268295, 2163.135587085284, 2189.142845788408
6076.242435693741, 2163.135587085284, 2189.142845788408
6076.741100311279, 2163.135587085284, 2189.142845788408
6077.574867725372, 2163.8243475719564, 2188.8879059743053
6078.242081403732, 2163.8243475719564, 2188.8879059743053
6078.781636953354, 2163.8243475719564, 2188.8879059743053
6079.232429027557, 2163.8243475719564, 2188.8879059743053
6079.771985292435, 2163.8243475719564, 2188.8879059743053
6080.277631282806, 2163.8243475719564, 2188.8879059743053
6080.792252540588, 2163.8243475719564, 2188.8879059743053
6081.2400550842285, 2163.8243475719564, 2188.8879059743053
6082.108727455139, 2162.4965464475763, 2189.2591279404123
6083.12401008606, 2161.8341041176427, 2189.3399534852615
6084.073467731476, 2162.6503606297365, 2189.455993861249
6085.0648148059845, 2163.9636814667233, 2189.219090586026
6085.997316360474, 2164.004410757371, 2189.047551345774
6086.74032664299, 2164.004410757371, 2189.047551345774
6087.23101234436, 2164.004410757371, 2189.047551345774
6087.738653659821, 2164.004410757371, 2189.047551345774
6088.577407836914, 2162.762130374684, 2189.4026672689415
6089.25958108902, 2162.762130374684, 2189.4026672689415
6089.76323223114, 2162.762130374684, 2189.4026672689415
6090.2479338645935, 2162.762130374684, 2189.4026672689415
6090.758567810059, 2162.762130374684, 2189.4026672689415
6091.258230209351, 2162.762130374684, 2189.4026672689415
6091.982289791107, 2165.551386891211, 2189.4665240363574
6092.746244192123, 2165.551386891211, 2189.4665240363574
6093.272834539413, 2165.551386891211, 2189.4665240363574
6093.763521671295, 2165.551386891211, 2189.4665240363574
6094.298089027405, 2165.551386891211, 2189.4665240363574
6094.767834663391, 2165.551386891211, 2189.4665240363574
6095.273478031158, 2165.551386891211, 2189.4665240363574
6095.786105155945, 2165.551386891211, 2189.4665240363574
6096.279784202576, 2165.551386891211, 2189.4665240363574
6096.782437324524, 2165.551386891211, 2189.4665240363574
6097.333961009979, 2165.551386891211, 2189.4665240363574
6097.749846696854, 2165.551386891211, 2189.4665240363574
6098.2814245224, 2165.551386891211, 2189.4665240363574
6098.796046495438, 2165.551386891211, 2189.4665240363574
6099.282742738724, 2165.551386891211, 2189.4665240363574
6100.066645860672, 2161.533859021278, 2189.4905974505054
6101.097882986069, 2161.9858018093723, 2189.38122511289
6101.775069236755, 2161.9858018093723, 2189.38122511289
6102.273733615875, 2161.9858018093723, 2189.38122511289
6103.0725955963135, 2162.5878307565513, 2189.406097963324
6104.054964542389, 2163.73029389419, 2189.3212379972488
6105.055287361145, 2161.8952359494033, 2189.4194052445787
6105.748429298401, 2161.8952359494033, 2189.4194052445787
6106.246096372604, 2161.8952359494033, 2189.4194052445787
6106.743764638901, 2161.8952359494033, 2189.4194052445787
6107.591495752335, 2164.819359709863, 2189.5787474266667
6108.546936035156, 2162.5771479523264, 2189.1133977616714
6109.2699999809265, 2162.5771479523264, 2189.1133977616714
6109.723786354065, 2162.5771479523264, 2189.1133977616714
6110.6024334430695, 2162.1889065371233, 2189.1442429198682
6111.578817844391, 2161.6116194249444, 2189.4195505880425
6112.253013372421, 2161.6116194249444, 2189.4195505880425
6112.780600786209, 2161.6116194249444, 2189.4195505880425
6113.267298698425, 2161.6116194249444, 2189.4195505880425
6113.756985425949, 2161.6116194249444, 2189.4195505880425
6114.239693641663, 2161.6116194249444, 2189.4195505880425
6115.074458122253, 2162.08115167006, 2189.1206981316814
6116.040871143341, 2162.6924887946634, 2189.126107676597
6117.016258239746, 2162.310787409327, 2189.3724464254833
6117.979679107666, 2162.8825187335437, 2189.3332593051073
6119.043828487396, 2164.9730396338473, 2189.5262451190215
6119.974338293076, 2162.099990689136, 2189.3932147156443
6120.547801971436, 2163.456865584643, 2189.3642400597228
6121.226983785629, 2163.456865584643, 2189.3642400597228
6122.038810253143, 2163.763974735097, 2189.25161478762
6122.750903367996, 2163.763974735097, 2189.25161478762
6123.232612848282, 2163.763974735097, 2189.25161478762
6123.71831536293, 2163.763974735097, 2189.25161478762
6124.545098781586, 2163.239699768571, 2189.3270099785204
6125.245224475861, 2163.239699768571, 2189.3270099785204
6125.7209503650665, 2163.239699768571, 2189.3270099785204
6126.58164525032, 2164.9666837164714, 2189.501070998193
6127.415412902832, 2162.482748697744, 2189.291984808748
6127.943001508713, 2163.475435253432, 2189.2091667614604
6128.267132520676, 2163.475435253432, 2189.2091667614604
6128.725903749466, 2163.475435253432, 2189.2091667614604
6129.59058880806, 2161.781097763649, 2189.1346693727396
6130.2677755355835, 2161.781097763649, 2189.1346693727396
6130.727543830872, 2161.781097763649, 2189.1346693727396
6131.205267190933, 2161.781097763649, 2189.1346693727396
6132.00811624527, 2163.0741638893733, 2189.2083737885664
6132.74115395546, 2163.0741638893733, 2189.2083737885664
6133.501118183136, 2162.45629114051, 2189.3890795808843
6134.2431309223175, 2162.45629114051, 2189.3890795808843
6134.729828834534, 2162.45629114051, 2189.3890795808843
6135.493782520294, 2162.5959982463987, 2189.517535737136
6136.229813337326, 2162.5959982463987, 2189.517535737136
6136.723490715027, 2162.5959982463987, 2189.517535737136
6137.213178396225, 2162.5959982463987, 2189.517535737136
6138.019021034241, 2164.427680127475, 2188.827006441208
6138.7311136722565, 2164.427680127475, 2188.827006441208
6139.4252552986145, 2164.8537164059335, 2189.2099149846517
6140.07551407814, 2163.1654477202737, 2189.033850954369
6140.734749555588, 2163.1654477202737, 2189.033850954369
6141.235409736633, 2163.1654477202737, 2189.033850954369
6141.727091550827, 2163.1654477202737, 2189.033850954369
6142.243708372116, 2163.1654477202737, 2189.033850954369
6142.717440843582, 2163.1654477202737, 2189.033850954369
6143.515303850174, 2161.5632440385125, 2189.257999057422
6144.2473430633545, 2161.5632440385125, 2189.257999057422
6144.734040737152, 2161.5632440385125, 2189.257999057422
6145.545868396759, 2162.460709202398, 2189.249902274991
6146.262946844101, 2162.460709202398, 2189.249902274991
6146.7865443229675, 2162.460709202398, 2189.249902274991
6147.260276556015, 2162.460709202398, 2189.249902274991
6147.729023218155, 2162.460709202398, 2189.249902274991
6148.235666751862, 2162.460709202398, 2189.249902274991
6148.742306947708, 2162.460709202398, 2189.249902274991
6149.555131196976, 2162.937275665653, 2189.215546217948
6150.281187295914, 2162.937275665653, 2189.215546217948
6150.726993322372, 2162.937275665653, 2189.215546217948
6151.215685844421, 2162.937275665653, 2189.215546217948
6151.731304168701, 2162.937275665653, 2189.215546217948
6152.224982738495, 2162.937275665653, 2189.215546217948
6152.744590759277, 2162.937275665653, 2189.215546217948
6153.531484365463, 2163.0886825599196, 2189.190016577366
6154.495902776718, 2163.15083435835, 2188.8096314602453
6155.2349236011505, 2163.15083435835, 2188.8096314602453
6155.740569353104, 2163.15083435835, 2188.8096314602453
6156.246215105057, 2163.15083435835, 2188.8096314602453
6156.764825582504, 2163.15083435835, 2188.8096314602453
6157.242548465729, 2163.15083435835, 2188.8096314602453
6157.732236862183, 2163.15083435835, 2188.8096314602453
6158.2418711185455, 2163.15083435835, 2188.8096314602453
6158.74253153801, 2163.15083435835, 2188.8096314602453
6159.233216524124, 2163.15083435835, 2188.8096314602453
6160.053024768829, 2162.0851977007196, 2189.1022012716403
6160.737190246582, 2162.0851977007196, 2189.1022012716403
6161.232862472534, 2162.0851977007196, 2189.1022012716403
6161.974875450134, 2162.527995421527, 2189.145211210603
6162.72287273407, 2162.527995421527, 2189.145211210603
6163.231512069702, 2162.527995421527, 2189.145211210603
6164.059294939041, 2161.6593030275885, 2189.103169334748
6164.738476753235, 2161.6593030275885, 2189.103169334748
6165.222181081772, 2161.6593030275885, 2189.103169334748
6165.721843481064, 2161.6593030275885, 2189.103169334748
6166.511727333069, 2160.8308100579225, 2189.342469916193
6167.241773843765, 2160.8308100579225, 2189.342469916193
6168.0944900512695, 2164.988757119109, 2189.6679648957456
6168.732780456543, 2164.988757119109, 2189.6679648957456
6169.51668214798, 2163.909199168041, 2189.153119882922
6170.577839851379, 2162.084042504654, 2189.2312058826296
6171.243061065674, 2162.084042504654, 2189.2312058826296
6171.72177863121, 2162.084042504654, 2189.2312058826296
6172.270309925079, 2162.084042504654, 2189.2312058826296
6172.765981435776, 2162.084042504654, 2189.2312058826296
6173.2307369709015, 2162.084042504654, 2189.2312058826296
6173.710453271866, 2162.084042504654, 2189.2312058826296
6174.543221712112, 2162.539096493249, 2189.0643864484887
6175.248334169388, 2162.539096493249, 2189.0643864484887
6175.695140123367, 2162.539096493249, 2189.0643864484887
6176.4979882240295, 2160.784169677264, 2189.3973751004246
6177.27889752388, 2160.784169677264, 2189.3973751004246
6177.961070299149, 2162.1177007318834, 2188.738196567254
6178.311133146286, 2162.1177007318834, 2188.738196567254
6178.731008768082, 2162.1177007318834, 2188.738196567254
6179.247626543045, 2162.1177007318834, 2188.738196567254
6179.927805662155, 2160.908728949959, 2189.2015830911164
6180.550137996674, 2160.8556927482246, 2189.181365247264
6181.232311010361, 2160.8556927482246, 2189.181365247264
6181.983300447464, 2162.4175834721664, 2189.0526913509257
6182.724315881729, 2162.4175834721664, 2189.0526913509257
6183.4523668289185, 2162.456913670002, 2189.2918904939906
6184.547434568405, 2163.1995335141273, 2189.0792164558175
6185.515841960907, 2162.2494542700315, 2189.1026886989466
6186.60991358757, 2162.9029664455056, 2189.096723311503
6187.248203277588, 2162.9029664455056, 2189.096723311503
6187.743877887726, 2162.9029664455056, 2189.096723311503
6188.242540359497, 2162.9029664455056, 2189.096723311503
6188.779103755951, 2162.9029664455056, 2189.096723311503
6189.253833293915, 2162.9029664455056, 2189.096723311503
6189.7415273189545, 2162.9029664455056, 2189.096723311503
6190.571305274963, 2163.0157818362513, 2189.042639452872
6191.526747226715, 2162.0054542122575, 2188.9404818251137
6192.546017408371, 2163.727278071431, 2189.2627351828996
6193.508441209793, 2164.1700499197386, 2189.339212512789
6194.220533847809, 2164.1700499197386, 2189.339212512789
6194.748120546341, 2164.1700499197386, 2189.339212512789
6195.22883439064, 2164.1700499197386, 2189.339212512789
6195.99179148674, 2162.4650198165036, 2189.059616375804
6196.780678272247, 2162.4650198165036, 2189.059616375804
6197.263386249542, 2162.4650198165036, 2189.059616375804
6197.725151538849, 2162.4650198165036, 2189.059616375804
6198.576869249344, 2160.9340395066683, 2189.1750304693037
6199.222141504288, 2160.9340395066683, 2189.1750304693037
6199.709835290909, 2160.9340395066683, 2189.1750304693037
6200.251385211945, 2160.9340395066683, 2189.1750304693037
6200.7460606098175, 2160.9340395066683, 2189.1750304693037
6201.240736722946, 2160.9340395066683, 2189.1750304693037
6201.723444223404, 2160.9340395066683, 2189.1750304693037
6202.546240329742, 2161.048187403936, 2189.241231316628
6203.248360872269, 2161.048187403936, 2189.241231316628
6203.715111494064, 2161.048187403936, 2189.241231316628
6204.513971567154, 2161.1788155847366, 2189.2481939111444
6205.223072767258, 2161.1788155847366, 2189.2481939111444
6205.707776784897, 2161.1788155847366, 2189.2481939111444
6206.552514076233, 2161.593112712512, 2189.198642493767
6207.26460814476, 2161.593112712512, 2189.198642493767
6207.961740016937, 2161.1009692009393, 2189.267287554251
6208.523236989975, 2161.070407644747, 2189.1868777901273
6209.2752232551575, 2161.070407644747, 2189.1868777901273
6209.710058689117, 2161.070407644747, 2189.1868777901273
6210.186782360077, 2161.070407644747, 2189.1868777901273
6211.000602245331, 2163.829308279936, 2189.116135446733
6212.001921892166, 2161.904789581557, 2189.123894002362
6213.006233215332, 2160.158293502539, 2189.3093372473186
6213.734285116196, 2160.158293502539, 2189.3093372473186
6214.516189336777, 2162.3794756184784, 2189.235742858222
6215.249227285385, 2162.3794756184784, 2189.235742858222
6215.756867647171, 2162.3794756184784, 2189.235742858222
6216.203672885895, 2162.3794756184784, 2189.235742858222
6217.048410892487, 2164.481625073193, 2188.8833326249896
6218.011829614639, 2161.759415076119, 2189.40808752191
6219.034091949463, 2163.109924931568, 2189.088102698306
6219.713274002075, 2163.109924931568, 2189.088102698306
6220.495180606842, 2161.962004065009, 2189.2711715257747
6221.23220705986, 2161.962004065009, 2189.2711715257747
6221.719900608063, 2161.962004065009, 2189.2711715257747
6222.208591938019, 2161.962004065009, 2189.2711715257747
6223.022413730621, 2161.3324177825875, 2189.1630468718195
6223.727525234222, 2161.3324177825875, 2189.1630468718195
6224.482503890991, 2162.4596953722908, 2189.080514635844
6225.460883617401, 2160.136874784095, 2189.2107107353436
6225.714204788208, 2160.136874784095, 2189.2107107353436
6226.484144210815, 2161.852507900535, 2188.9902583480457
6227.512390613556, 2161.3299763313676, 2189.206900235606
6228.470825433731, 2162.4464616250707, 2189.1887823246016
6229.2417595386505, 2162.4464616250707, 2189.1887823246016
6230.043615102768, 2160.3657428078886, 2189.382306546501
6230.746731519699, 2160.3657428078886, 2189.382306546501
6231.243399620056, 2160.3657428078886, 2189.382306546501
6231.76699757576, 2160.3657428078886, 2189.382306546501
6232.214800357819, 2160.3657428078886, 2189.382306546501
6233.0744972229, 2164.5197156538884, 2189.233875479661
6233.713785171509, 2164.5197156538884, 2189.233875479661
6234.217437028885, 2164.5197156538884, 2189.233875479661
6235.053199529648, 2161.9676220142305, 2189.3002628699073
6235.741356611252, 2161.9676220142305, 2189.3002628699073
6236.222069501877, 2161.9676220142305, 2189.3002628699073
6236.716744422913, 2161.9676220142305, 2189.3002628699073
6237.221394300461, 2161.9676220142305, 2189.3002628699073
6237.733023405075, 2161.9676220142305, 2189.3002628699073
6238.218723058701, 2161.9676220142305, 2189.3002628699073
6239.054486274719, 2163.132457933431, 2188.9700450333917
6239.734663248062, 2163.132457933431, 2188.9700450333917
6240.494630813599, 2162.8880045014657, 2189.087514093877
6241.233650684357, 2162.8880045014657, 2189.087514093877
6241.714362859726, 2162.8880045014657, 2189.087514093877
6242.213027238846, 2162.8880045014657, 2189.087514093877
6242.724657058716, 2162.8880045014657, 2189.087514093877
6243.480633497238, 2162.3253173326734, 2189.1955093584934
6244.493919610977, 2162.0563477679048, 2189.1360858447756
6245.230946302414, 2162.0563477679048, 2189.1360858447756
6245.739584684372, 2162.0563477679048, 2189.1360858447756
6246.209327220917, 2162.0563477679048, 2189.1360858447756
6246.994225740433, 2163.435850563618, 2189.17845371416
6247.743220090866, 2163.435850563618, 2189.17845371416
6248.228918552399, 2163.435850563618, 2189.17845371416
6249.012820243835, 2163.489528934738, 2189.0941977823118
6249.723916769028, 2163.489528934738, 2189.0941977823118
6250.2385404109955, 2163.489528934738, 2189.0941977823118
6251.054353713989, 2162.6226531629363, 2188.9751741986797
6251.742512464523, 2162.6226531629363, 2188.9751741986797
6252.237188339233, 2162.6226531629363, 2188.9751741986797
6253.030063867569, 2161.3570988203737, 2189.1788495841693
6254.042353391647, 2163.0625577913393, 2189.2237139811573
6255.008765697479, 2160.774691681909, 2189.076435239047
6255.737815380096, 2160.774691681909, 2189.076435239047
6256.5077521800995, 2164.0161716281104, 2188.8918522530953
6257.557940006256, 2163.6857173555277, 2188.891655208291
6258.252081394196, 2163.6857173555277, 2188.891655208291
6259.000078201294, 2163.6960830281364, 2188.8454942865565
6260.045280456543, 2162.512753232953, 2189.134563638515
6260.718476772308, 2162.512753232953, 2189.134563638515
6261.570197105408, 2161.1012307248675, 2189.232256032942
6262.2344186306, 2161.1012307248675, 2189.232256032942
6262.718123435974, 2161.1012307248675, 2189.232256032942
6263.2327444553375, 2161.1012307248675, 2189.232256032942
6263.7762887477875, 2161.1012307248675, 2189.232256032942
6264.244036912918, 2161.1012307248675, 2189.232256032942
6264.953138828278, 2163.6453529475775, 2188.5303209996487
6265.205462932587, 2163.6453529475775, 2188.5303209996487
6265.671215772629, 2163.6453529475775, 2188.5303209996487
6266.4620978832245, 2163.3925252191207, 2188.727908687885
6267.213085889816, 2163.3925252191207, 2188.727908687885
6267.683825969696, 2163.3925252191207, 2188.727908687885
6268.463737249374, 2160.5669834714977, 2189.44421348873
6268.725038528442, 2160.5669834714977, 2189.44421348873
6269.498965740204, 2161.0714101001213, 2189.103859741329
6270.225023031235, 2161.0714101001213, 2189.103859741329
6271.020891904831, 2159.8910180645744, 2189.246547934239
6271.7429575920105, 2159.8910180645744, 2189.246547934239
6272.215691566467, 2159.8910180645744, 2189.246547934239
6272.6914184093475, 2159.8910180645744, 2189.246547934239
6273.566076517105, 2161.9123126086583, 2188.883570014968
6274.495586633682, 2161.9892136373714, 2189.0719592421974
6275.215658903122, 2161.9892136373714, 2189.0719592421974
6275.748232841492, 2161.9892136373714, 2189.0719592421974
6276.247895240784, 2161.9892136373714, 2189.0719592421974
6276.999881982803, 2163.1971792218446, 2188.800882344596
6277.745883464813, 2163.1971792218446, 2188.800882344596
6278.247539997101, 2163.1971792218446, 2188.800882344596
6278.717282295227, 2163.1971792218446, 2188.800882344596
6279.569002151489, 2161.281369527903, 2188.963951280327
6280.248184680939, 2161.281369527903, 2188.963951280327
6280.714933156967, 2161.281369527903, 2188.963951280327
6281.588594198227, 2163.328872527727, 2188.7524557074717
6282.492174625397, 2161.3834784243086, 2189.096066825334
6283.4924964904785, 2160.7444537721803, 2189.0441789598303
6284.218551874161, 2160.7444537721803, 2189.0441789598303
6284.703254938126, 2160.7444537721803, 2189.0441789598303
6285.518072605133, 2161.2434104901213, 2189.243244978628
6286.4844851493835, 2161.649258515858, 2189.199943344242
6287.465856790543, 2163.3652254876297, 2188.93775698277
6288.42329287529, 2163.5706100313264, 2188.885793995074
6288.7274787425995, 2163.5706100313264, 2188.885793995074
6289.213177919388, 2163.5706100313264, 2188.885793995074
6290.061905622482, 2163.788581602088, 2188.895480917123
6290.710171461105, 2163.788581602088, 2188.895480917123
6291.194873571396, 2163.788581602088, 2188.895480917123
6291.990741729736, 2164.8803797037103, 2188.59888787379
6292.733751535416, 2164.8803797037103, 2188.59888787379
6293.246378660202, 2164.8803797037103, 2188.59888787379
6293.7590072155, 2164.8803797037103, 2188.59888787379
6294.200823545456, 2164.8803797037103, 2188.59888787379
6295.0106546878815, 2161.629393234267, 2189.1456277180996
6295.731724500656, 2161.629393234267, 2189.1456277180996
6296.456782817841, 2161.988675538672, 2189.0264437036362
6296.98836016655, 2163.846525085474, 2188.862755016023
6298.001646757126, 2160.8784227449414, 2189.14064438798
6299.044852733612, 2162.0832410830935, 2189.1849527537984
6299.742983341217, 2162.0832410830935, 2189.1849527537984
6300.225692033768, 2162.0832410830935, 2189.1849527537984
6301.011586666107, 2161.027123464381, 2189.2871568362316
6301.723680496216, 2161.027123464381, 2189.2871568362316
6302.240298509598, 2161.027123464381, 2189.2871568362316
6303.027190208435, 2162.0027469728866, 2189.3254030513203
6304.028508424759, 2163.53446361448, 2188.7359547072483
6304.9979128837585, 2162.4140651369294, 2188.943229742187
6305.707013845444, 2162.4140651369294, 2188.943229742187
6306.498893022537, 2161.006963631714, 2188.9466509938175
6307.532128334045, 2162.210444218527, 2188.7647779423896
6308.244220256805, 2162.210444218527, 2188.7647779423896
6309.01914525032, 2162.9818786004644, 2188.870646147538
6310.0663414001465, 2163.898994224845, 2188.7468969375004
6310.737545490265, 2163.898994224845, 2188.7468969375004
6311.538400888443, 2161.394499573502, 2189.023270778042
6312.25647687912, 2161.394499573502, 2189.023270778042
6312.744172334671, 2161.394499573502, 2189.023270778042
6313.484189987183, 2162.4687750007793, 2188.67772684708
6314.195285558701, 2162.4687750007793, 2188.67772684708
6314.715891838074, 2162.4687750007793, 2188.67772684708
6315.1956079006195, 2162.4687750007793, 2188.67772684708
6316.015413045883, 2162.7397929559097, 2188.8262776508436
6316.719526767731, 2162.7397929559097, 2188.8262776508436
6317.269054889679, 2162.7397929559097, 2188.8262776508436
6317.732815742493, 2162.7397929559097, 2188.8262776508436
6318.267382383347, 2162.7397929559097, 2188.8262776508436
6318.743108034134, 2162.7397929559097, 2188.8262776508436
6319.220829963684, 2162.7397929559097, 2188.8262776508436
6319.979797363281, 2161.553673493553, 2189.164168595362
6320.724801778793, 2161.553673493553, 2189.164168595362
6321.237430810928, 2161.553673493553, 2189.164168595362
6322.054243087769, 2162.22264383233, 2188.7358774916524
6322.769327402115, 2162.22264383233, 2188.7358774916524
6323.227103233337, 2162.22264383233, 2188.7358774916524
6324.026960372925, 2161.996156312145, 2189.080385348385
6324.737060308456, 2161.996156312145, 2189.080385348385
6325.217771291733, 2161.996156312145, 2189.080385348385
6325.716435670853, 2161.996156312145, 2189.080385348385
6326.573143720627, 2160.291229650508, 2189.0483983409686
6327.229385852814, 2160.291229650508, 2189.0483983409686
6328.060162305832, 2160.002131430873, 2188.9778397258897
6328.74532699585, 2160.002131430873, 2188.9778397258897
6329.245985984802, 2160.002131430873, 2188.9778397258897
6329.732681512833, 2160.002131430873, 2188.9778397258897
6330.576423406601, 2159.425495096716, 2188.993098901207
6331.242639303207, 2159.425495096716, 2188.993098901207
6331.707394599915, 2159.425495096716, 2188.993098901207
6332.520217895508, 2161.047766302411, 2188.8047577275984
6333.488626241684, 2159.5881026151474, 2189.08927778304
6334.500914573669, 2160.914603464148, 2189.051001962259
6335.236945152283, 2160.914603464148, 2189.051001962259
6335.910140991211, 2159.3843986495417, 2189.02622090865
6336.504550218582, 2160.964940941722, 2188.8982278779467
6337.214648008347, 2160.964940941722, 2188.8982278779467
6337.934721946716, 2157.9875703233565, 2188.960497986477
6338.506190061569, 2158.6021346799507, 2189.0729984434006
6339.422736406326, 2158.001356357842, 2189.0125089922544
6339.917410612106, 2159.527796544773, 2188.926447567444
6340.475916385651, 2159.658882412682, 2189.1534954573517
6341.528099298477, 2159.692375561359, 2189.05242837424
6342.232213258743, 2159.692375561359, 2189.05242837424
6342.767779111862, 2159.692375561359, 2189.05242837424
6343.261457681656, 2159.692375561359, 2189.05242837424
6343.741174221039, 2159.692375561359, 2189.05242837424
6344.260781288147, 2159.692375561359, 2189.05242837424
6344.769419908524, 2159.692375561359, 2189.05242837424
6345.278057336807, 2159.692375561359, 2189.05242837424
6345.747799396515, 2159.692375561359, 2189.05242837424
6346.23549413681, 2159.692375561359, 2189.05242837424
6346.743134498596, 2159.692375561359, 2189.05242837424
6347.2238483428955, 2159.692375561359, 2189.05242837424
6347.727499008179, 2159.692375561359, 2189.05242837424
6348.550295591354, 2159.145710175334, 2188.997251455167
6349.557599544525, 2158.171164845527, 2189.074914398975
6350.589835166931, 2158.821792025659, 2188.928133927857
6351.244082689285, 2158.821792025659, 2188.928133927857
6352.024992465973, 2156.3821085227983, 2188.978096805505
6353.042268037796, 2156.091366289376, 2189.1811098577846
6353.721450805664, 2156.091366289376, 2189.1811098577846
6354.4933822155, 2158.779705259036, 2188.919473204441
6355.223429203033, 2158.779705259036, 2188.919473204441
6356.032264709473, 2157.7708491047833, 2189.321980401547
6356.73338508606, 2157.7708491047833, 2189.321980401547
6357.491355895996, 2158.4413145028484, 2188.8805918357275
6358.268275260925, 2158.4413145028484, 2188.8805918357275
6358.730039358139, 2158.4413145028484, 2188.8805918357275
6359.51194524765, 2159.5391247329644, 2188.8531430562116
6360.246976137161, 2159.5391247329644, 2188.8531430562116
6360.732676267624, 2159.5391247329644, 2188.8531430562116
6361.480673313141, 2159.1057254121665, 2188.916300120591
6362.586710691452, 2158.1935995159774, 2189.084412543352
6363.508244037628, 2160.20783034333, 2188.668766793631
6364.550452470779, 2155.866039029826, 2189.146854299129
6365.530828237534, 2157.9974298270513, 2189.0614298659525
6366.225966691971, 2157.9974298270513, 2189.0614298659525
6366.73360824585, 2157.9974298270513, 2189.0614298659525
6367.223297834396, 2157.9974298270513, 2189.0614298659525
6368.026146650314, 2159.871023610476, 2188.7814959332663
6368.724279165268, 2159.871023610476, 2188.7814959332663
6369.494215726852, 2158.0524298702567, 2189.0425557264825
6370.245205163956, 2158.0524298702567, 2189.0425557264825
6370.7259175777435, 2158.0524298702567, 2189.0425557264825
6371.242534637451, 2158.0524298702567, 2189.0425557264825
6371.730228900909, 2158.0524298702567, 2189.0425557264825
6372.196982383728, 2158.0524298702567, 2189.0425557264825
6373.002820730209, 2158.339225091879, 2188.9439850643626
6373.750819206238, 2158.339225091879, 2188.9439850643626
6374.50280547142, 2158.268131591306, 2188.868717688803
6375.2617728710175, 2158.268131591306, 2188.868717688803
6375.74248456955, 2158.268131591306, 2188.868717688803
6376.2042491436005, 2158.268131591306, 2188.868717688803
6377.059956789017, 2156.9920893607705, 2188.7971901614765
6378.039336204529, 2158.991409632228, 2188.795189311923
6379.039656162262, 2157.48369071581, 2188.8434911934473
6379.743772029877, 2157.48369071581, 2188.8434911934473
6380.202543497086, 2157.48369071581, 2188.8434911934473
6380.720156431198, 2157.48369071581, 2188.8434911934473
6381.500067949295, 2157.9526260288058, 2188.8559494596416
6382.503381252289, 2158.410010437773, 2189.0275340609137
6383.258360624313, 2158.410010437773, 2189.0275340609137
6383.745056629181, 2158.410010437773, 2189.0275340609137
6384.194853544235, 2158.410010437773, 2189.0275340609137
6385.029618740082, 2154.74526256478, 2189.287926229459
6385.959128856659, 2157.195316617552, 2189.0616879508275
6386.492701053619, 2158.4597623937184, 2188.965075896337
6387.5259330272675, 2158.976933115994, 2189.1664929736567
6388.213094711304, 2158.976933115994, 2189.1664929736567
6388.722729444504, 2158.976933115994, 2189.1664929736567
6389.498651742935, 2157.109580078469, 2189.297948760441
6390.202766656876, 2157.109580078469, 2189.297948760441
6390.714395999908, 2157.109580078469, 2189.297948760441
6391.550157546997, 2158.314891446215, 2188.743185033507
6392.226348638535, 2158.314891446215, 2188.743185033507
6393.029198408127, 2157.767776587545, 2188.96875419073
6393.719350099564, 2157.767776587545, 2188.96875419073
6394.240953207016, 2157.767776587545, 2188.96875419073
6394.723660707474, 2157.767776587545, 2188.96875419073
6395.285157442093, 2157.767776587545, 2188.96875419073
6395.727971076965, 2157.767776587545, 2188.96875419073
6396.268523693085, 2157.767776587545, 2188.96875419073
6397.029486656189, 2159.368847549482, 2188.819706751447
6397.732603549957, 2159.368847549482, 2188.819706751447
6398.249221324921, 2159.368847549482, 2188.819706751447
6399.027137756348, 2157.2865043909524, 2189.0724342171084
6400.001529216766, 2157.8822611411697, 2188.760196089038
6401.035759449005, 2157.100021218542, 2188.84738312126
6401.734888315201, 2157.100021218542, 2188.84738312126
6402.220587015152, 2157.100021218542, 2188.84738312126
6402.718254566193, 2157.100021218542, 2188.84738312126
6403.548032045364, 2156.890186462269, 2188.9122417190997
6404.282066345215, 2156.890186462269, 2188.9122417190997
6404.743829965591, 2156.890186462269, 2188.9122417190997
6405.59056353569, 2155.5758094371563, 2189.111825841411
6406.482176780701, 2155.090795377822, 2189.1841386214423
6407.237153291702, 2155.090795377822, 2189.1841386214423
6407.723850011826, 2155.090795377822, 2189.1841386214423
6408.239470243454, 2155.090795377822, 2189.1841386214423
6408.73713850975, 2155.090795377822, 2189.1841386214423
6409.602819442749, 2155.3528453692425, 2189.0764911218916
6410.263051509857, 2155.3528453692425, 2189.0764911218916
6410.739776849747, 2155.3528453692425, 2189.0764911218916
6411.252403974533, 2155.3528453692425, 2189.0764911218916
6411.745085000992, 2155.3528453692425, 2189.0764911218916
6412.535966873169, 2156.8476415585496, 2188.729533639943
6413.56022310257, 2155.369767523829, 2189.204454703586
6414.231427192688, 2155.369767523829, 2189.204454703586
6414.699172496796, 2155.369767523829, 2189.204454703586
6415.540919542313, 2156.5618932583384, 2188.7843649219835
6416.510323524475, 2154.4234792049033, 2189.1752494017474
6417.229398488998, 2154.4234792049033, 2189.1752494017474
6417.744020462036, 2154.4234792049033, 2189.1752494017474
6418.542881965637, 2154.6018183807446, 2188.7781416016746
6419.211092710495, 2154.6018183807446, 2188.7781416016746
6419.786551237106, 2154.6018183807446, 2188.7781416016746
6420.243328094482, 2154.6018183807446, 2188.7781416016746
6420.7100784778595, 2154.6018183807446, 2188.7781416016746
6421.492982149124, 2154.9636145109544, 2189.028763346533
6422.491310834885, 2157.91801122728, 2188.7738128139003
6423.213375329971, 2157.91801122728, 2188.7738128139003
6424.047142744064, 2157.5765142738555, 2188.6820873490756
6424.745273590088, 2157.5765142738555, 2188.6820873490756
6425.2309737205505, 2157.5765142738555, 2188.6820873490756
6425.696725606918, 2157.5765142738555, 2188.6820873490756
6426.218329668045, 2157.5765142738555, 2188.6820873490756
6427.068053483963, 2157.013781235153, 2188.9755182309527
6427.77915096283, 2157.013781235153, 2188.9755182309527
6428.558064937592, 2156.233099265334, 2188.852596877636
6429.548413276672, 2155.11270872702, 2188.9945977691
6430.250533342361, 2155.11270872702, 2188.9945977691
6431.044410705566, 2156.3574380337177, 2188.977621123651
6431.745529174805, 2156.3574380337177, 2188.977621123651
6432.508487939835, 2156.444752984035, 2189.134577329369
6433.23553943634, 2156.444752984035, 2189.134577329369
6434.000492811203, 2155.83907870215, 2189.1197147830453
6434.918034315109, 2155.855872252295, 2188.974699863007
6435.5603148937225, 2158.3920646842093, 2188.740037487088
6436.256451368332, 2158.3920646842093, 2188.740037487088
6437.041349649429, 2156.9810470045663, 2188.881602585317
6437.728509902954, 2156.9810470045663, 2188.881602585317
6438.267068147659, 2156.9810470045663, 2188.881602585317
6439.093853473663, 2155.496503118699, 2189.120603581843
6440.059268951416, 2157.494435719518, 2188.842957020241
6441.068566322327, 2157.123734364976, 2188.9999017842206
6441.758718013763, 2157.123734364976, 2188.9999017842206
6442.247408628464, 2157.123734364976, 2188.9999017842206
6443.070207595825, 2156.9957155974967, 2188.8903916148984
6443.698523759842, 2156.9957155974967, 2188.8903916148984
6444.520326375961, 2158.2138446220797, 2189.0240441926508
6445.247376680374, 2158.2138446220797, 2189.0240441926508
6445.762996673584, 2158.2138446220797, 2189.0240441926508
6446.228748559952, 2158.2138446220797, 2189.0240441926508
6447.028607130051, 2158.178951814789, 2188.9675737764887
6448.019953012466, 2158.527876741511, 2188.880984911898
6448.726063251495, 2158.527876741511, 2188.880984911898
6449.528912067413, 2157.6563047665672, 2188.8754114022336
6450.2320291996, 2157.6563047665672, 2188.8754114022336
6450.991995811462, 2159.311889824873, 2188.7991431597934
6451.723038434982, 2159.311889824873, 2188.7991431597934
6452.212727308273, 2159.311889824873, 2188.7991431597934
6452.721363782883, 2159.311889824873, 2188.7991431597934
6453.534187793732, 2159.6155177915875, 2189.0595921517547
6454.2363114356995, 2159.6155177915875, 2189.0595921517547
6454.956380844116, 2158.688090250677, 2188.9502117135257
6455.515882015228, 2160.479715473798, 2188.6876284156456
6456.546123743057, 2158.9602703340256, 2189.017279698319
6457.537469148636, 2160.0386340468267, 2188.825896786204
6458.548760175705, 2159.6547745985004, 2188.749626777883
6459.235921382904, 2159.6547745985004, 2188.749626777883
6459.969955921173, 2158.95003727107, 2189.047122814358
6460.74188876152, 2158.95003727107, 2189.047122814358
6461.5138211250305, 2158.511450752212, 2189.039280929909
6462.260822057724, 2158.511450752212, 2189.039280929909
6462.742532253265, 2158.511450752212, 2189.039280929909
6463.267125844955, 2158.511450752212, 2189.039280929909
6463.7229063510895, 2158.511450752212, 2189.039280929909
6464.536727428436, 2161.5193918628343, 2188.8579403379786
6465.209925174713, 2161.5193918628343, 2188.8579403379786
6465.727537870407, 2161.5193918628343, 2188.8579403379786
6466.590229034424, 2160.9451896705173, 2188.9357302073627
6467.274396419525, 2160.9451896705173, 2188.9357302073627
6467.7251896858215, 2160.9451896705173, 2188.9357302073627
6468.214878797531, 2160.9451896705173, 2188.9357302073627
6468.742465734482, 2160.9451896705173, 2188.9357302073627
6469.220186948776, 2160.9451896705173, 2188.9357302073627
6469.99112534523, 2160.8532784515087, 2188.7496594141417
6470.7740268707275, 2160.8532784515087, 2188.7496594141417
6471.190910816193, 2160.8532784515087, 2188.7496594141417
6471.765370845795, 2160.8532784515087, 2188.7496594141417
6472.267028093338, 2160.8532784515087, 2188.7496594141417
6473.048935413361, 2159.6242027711646, 2188.4083891534
6474.097126960754, 2161.7924340793675, 2188.789640770903
6474.765339851379, 2161.7924340793675, 2188.789640770903
6475.634012937546, 2161.5089287546853, 2188.722546638856
6476.240390539169, 2161.5089287546853, 2188.722546638856
6477.070167303085, 2163.063839775458, 2188.645017149376
6477.743364572525, 2163.063839775458, 2188.645017149376
6478.251005887985, 2163.063839775458, 2188.645017149376
6479.086766958237, 2161.4783407558566, 2188.9211300321285
6479.749990940094, 2161.4783407558566, 2188.9211300321285
6480.2536425590515, 2161.4783407558566, 2188.9211300321285
6480.735352516174, 2161.4783407558566, 2188.9211300321285
6481.233021974564, 2161.4783407558566, 2188.9211300321285
6481.776566028595, 2161.4783407558566, 2188.9211300321285
6482.57542681694, 2158.7230507784575, 2189.0048132620286
6483.230673551559, 2158.7230507784575, 2189.0048132620286
6484.064439296722, 2159.8450806670735, 2188.942804642016
6484.744617938995, 2159.8450806670735, 2188.942804642016
6485.247272729874, 2159.8450806670735, 2188.942804642016
6485.737959384918, 2159.8450806670735, 2188.942804642016
6486.281502485275, 2159.8450806670735, 2188.942804642016
6486.730302095413, 2159.8450806670735, 2188.942804642016
6487.592990636826, 2162.2278044642853, 2188.891400669175
6488.529483795166, 2161.7184937349716, 2188.7216133141214
6489.233597993851, 2161.7184937349716, 2188.7216133141214
6489.7641768455505, 2161.7184937349716, 2188.7216133141214
6490.550072193146, 2161.199499110989, 2188.946329237269
6491.223270893097, 2161.199499110989, 2188.946329237269
6491.731909275055, 2161.199499110989, 2188.946329237269
6492.232568025589, 2161.199499110989, 2188.946329237269
6492.7890775203705, 2161.199499110989, 2188.946329237269
6493.224910736084, 2161.199499110989, 2188.946329237269
6493.70562338829, 2161.199499110989, 2188.946329237269
6494.4795508384705, 2158.575551390089, 2188.423828102648
6495.234529256821, 2158.575551390089, 2188.423828102648
6495.724218845367, 2158.575551390089, 2188.423828102648
6496.495155334473, 2160.607858182643, 2188.7999790041667
6497.237166881561, 2160.607858182643, 2188.7999790041667
6497.996135473251, 2159.8362187795556, 2188.8892686602567
6498.762085437775, 2159.8362187795556, 2188.8892686602567
6499.236812829971, 2159.8362187795556, 2188.8892686602567
6499.738469839096, 2159.8362187795556, 2188.8892686602567
6500.222174882889, 2159.8362187795556, 2188.8892686602567
6501.048960208893, 2161.6836116610475, 2188.8292001105406
6501.780002832413, 2161.6836116610475, 2188.8292001105406
6502.4731476306915, 2160.430359747193, 2188.799137936755
6503.232114315033, 2160.430359747193, 2188.799137936755
6503.779648303986, 2160.430359747193, 2188.799137936755
6504.568538188934, 2160.84216839177, 2188.7446305971494
6505.237743854523, 2160.84216839177, 2188.7446305971494
6505.749374866486, 2160.84216839177, 2188.7446305971494
6506.547239780426, 2161.555843293868, 2188.6772935987037
6507.272297620773, 2161.555843293868, 2188.6772935987037
6507.74303650856, 2161.555843293868, 2188.6772935987037
6508.544889688492, 2162.852657709654, 2188.5538099658343
6509.245015382767, 2162.852657709654, 2188.5538099658343
6509.7566459178925, 2162.852657709654, 2188.5538099658343
6510.52658367157, 2162.1052028938957, 2188.917362980916
6511.246655464172, 2162.1052028938957, 2188.917362980916
6511.721384048462, 2162.1052028938957, 2188.917362980916
6512.512265920639, 2160.792542527998, 2188.6276269634977
6513.2323389053345, 2160.792542527998, 2188.6276269634977
6513.748955965042, 2160.792542527998, 2188.6276269634977
6514.539838790894, 2161.694571479723, 2188.539560820868
6515.236970663071, 2161.694571479723, 2188.539560820868
6515.77752327919, 2161.694571479723, 2188.539560820868
6516.211362123489, 2161.694571479723, 2188.539560820868
6516.727977991104, 2161.694571479723, 2188.539560820868
6517.227641105652, 2161.694571479723, 2188.539560820868
6517.732288599014, 2161.694571479723, 2188.539560820868
6518.2120044231415, 2161.694571479723, 2188.539560820868
6518.7605357170105, 2161.694571479723, 2188.539560820868
6519.244241476059, 2161.694571479723, 2188.539560820868
6519.75287938118, 2161.694571479723, 2188.539560820868
6520.510849475861, 2160.3141146849784, 2189.030882785538
6521.248872280121, 2160.3141146849784, 2189.030882785538
6521.734571933746, 2160.3141146849784, 2189.030882785538
6522.209301233292, 2160.3141146849784, 2189.030882785538
6522.999185562134, 2162.536522267424, 2188.7825917230466
6523.755161762238, 2162.536522267424, 2188.7825917230466
6524.207950115204, 2162.536522267424, 2188.7825917230466
6524.704619646072, 2162.536522267424, 2188.7825917230466
6525.2142543792725, 2162.536522267424, 2188.7825917230466
6525.720897674561, 2162.536522267424, 2188.7825917230466
6526.47487950325, 2163.0049078727884, 2188.7136167720437
6527.51010799408, 2162.689906547942, 2188.7134866985716
6528.2122275829315, 2162.689906547942, 2188.7134866985716
6529.039013147354, 2162.3420723613485, 2188.7698420983074
6529.995452642441, 2162.113228036123, 2188.767845419826
6530.711535453796, 2162.113228036123, 2188.767845419826
6531.510395526886, 2163.423158374919, 2188.6926161849883
6532.237449884415, 2163.423158374919, 2188.6926161849883
6532.684254169464, 2163.423158374919, 2188.6926161849883
6533.550931930542, 2161.8587965679862, 2188.8240171816797
6534.240087509155, 2161.8587965679862, 2188.8240171816797
6534.9392166137695, 2161.0034626569286, 2189.0465857352187
6535.270327806473, 2161.0034626569286, 2189.0465857352187
6535.7201244831085, 2161.0034626569286, 2189.0465857352187
6536.213802814484, 2161.0034626569286, 2189.0465857352187
6537.013662338257, 2161.7586669849306, 2188.711712040048
6537.970099449158, 2161.4524817378706, 2188.8651569088356
6538.917562246323, 2165.189167690861, 2188.5586611709473
6539.4940185546875, 2164.107131284734, 2188.5871540942862
6540.226058959961, 2164.107131284734, 2188.5871540942862
6540.708767652512, 2164.107131284734, 2188.5871540942862
6541.510618925095, 2161.5560691378178, 2189.2487356765396
6542.228698015213, 2161.5560691378178, 2189.2487356765396
6543.035537242889, 2162.5524953815075, 2188.626435324739
6543.749623298645, 2162.5524953815075, 2188.626435324739
6544.249285697937, 2162.5524953815075, 2188.626435324739
6544.993294477463, 2163.158219908575, 2188.7503075557
6545.784177064896, 2163.158219908575, 2188.7503075557
6546.231976985931, 2163.158219908575, 2188.7503075557
6546.723664045334, 2163.158219908575, 2188.7503075557
6547.561417102814, 2164.5934950017677, 2188.8109003818136
6548.254562616348, 2164.5934950017677, 2188.8109003818136
6548.9516954422, 2164.8017646461126, 2188.536925695137
6549.595970153809, 2163.056479095589, 2189.2005254734763
6550.221296072006, 2163.056479095589, 2189.2005254734763
6550.722953796387, 2163.056479095589, 2189.2005254734763
6551.581652641296, 2164.701674966514, 2188.898186480361
6552.234903097153, 2164.701674966514, 2188.898186480361
6552.70863699913, 2164.701674966514, 2188.898186480361
6553.571325778961, 2164.539629677459, 2188.8672728923016
6554.5118062496185, 2161.740604358713, 2188.794664644909
6555.239858627319, 2161.740604358713, 2188.794664644909
6555.7654502391815, 2161.740604358713, 2188.794664644909
6556.254141330719, 2161.740604358713, 2188.794664644909
6556.96922659874, 2163.655839186111, 2188.6906734961667
6557.568622350693, 2164.503819213906, 2188.6490917545593
6558.240822315216, 2164.503819213906, 2188.6490917545593
6558.948927402496, 2161.5092998590953, 2188.940237218195
6559.498454093933, 2162.71715844337, 2188.759459558855
6560.254430055618, 2162.71715844337, 2188.759459558855
6560.992453575134, 2162.5782189995266, 2188.881684348154
6561.730478048325, 2162.5782189995266, 2188.881684348154
6562.232135057449, 2162.5782189995266, 2188.881684348154
6562.714842796326, 2162.5782189995266, 2188.881684348154
6563.562571763992, 2161.9040028871013, 2188.978771017187
6564.228787660599, 2161.9040028871013, 2188.978771017187
6564.718476772308, 2161.9040028871013, 2188.978771017187
6565.206171512604, 2161.9040028871013, 2188.978771017187
6565.752707719803, 2161.9040028871013, 2188.978771017187
6566.229430913925, 2161.9040028871013, 2188.978771017187
6566.721116304398, 2161.9040028871013, 2188.978771017187
6567.556876182556, 2162.7177669037465, 2188.944844666335
6568.231071710587, 2162.7177669037465, 2188.944844666335
6568.719763278961, 2162.7177669037465, 2188.944844666335
6569.537572860718, 2161.1431081920077, 2188.830544213753
6570.498000860214, 2161.5299958012824, 2188.8675463500317
6571.200121641159, 2161.5299958012824, 2188.8675463500317
6571.732695579529, 2161.5299958012824, 2188.8675463500317
6572.243327617645, 2161.5299958012824, 2188.8675463500317
6572.732020378113, 2161.5299958012824, 2188.8675463500317
6573.229688167572, 2161.5299958012824, 2188.8675463500317
6574.013587474823, 2160.212617856613, 2188.8777587869927
6574.739645242691, 2160.212617856613, 2188.8777587869927
6575.510580539703, 2161.229533885107, 2188.696938585251
6576.224669218063, 2161.229533885107, 2188.696938585251
6576.745274066925, 2161.229533885107, 2188.696938585251
6577.45836520195, 2160.4428362736458, 2188.6822769229148
6578.027840852737, 2160.8442616674147, 2188.78278877881
6579.020181894302, 2159.366564621839, 2188.9598907355153
6580.037458658218, 2159.505196765385, 2189.0279314805944
6580.737583398819, 2159.505196765385, 2189.0279314805944
6581.22128868103, 2159.505196765385, 2189.0279314805944
6581.7468819618225, 2159.505196765385, 2189.0279314805944
6582.421075105667, 2157.565426783941, 2189.1472983672543
6582.71529006958, 2157.565426783941, 2189.1472983672543
6583.236891508102, 2157.565426783941, 2189.1472983672543
6583.998851776123, 2161.3972937578787, 2188.642902603191
6585.081951618195, 2159.706940424625, 2188.876136019998
6585.688326597214, 2159.706940424625, 2188.876136019998
6586.208932876587, 2159.706940424625, 2188.876136019998
6586.994829654694, 2157.5489377983104, 2189.0497346150223
6587.744822740555, 2157.5489377983104, 2189.0497346150223
6588.270414590836, 2157.5489377983104, 2189.0497346150223
6588.745143175125, 2157.5489377983104, 2189.0497346150223
6589.499123573303, 2158.250171441717, 2189.049085019926
6590.248118638992, 2158.250171441717, 2189.049085019926
6591.00509095192, 2156.869081240509, 2188.745493402745
6591.722170829773, 2156.869081240509, 2188.745493402745
6592.2437744140625, 2156.869081240509, 2188.745493402745
6592.73845076561, 2156.869081240509, 2188.745493402745
6593.4465544223785, 2158.007104460704, 2189.0021076577445
6593.983117818832, 2159.35332829855, 2188.663627064205
6594.257383823395, 2159.35332829855, 2188.663627064205
6594.69620847702, 2159.35332829855, 2188.663627064205
6595.229779481888, 2159.35332829855, 2188.663627064205
6596.099451780319, 2158.0536480918076, 2188.9126008152234
6596.746717214584, 2158.0536480918076, 2188.9126008152234
6597.530617952347, 2159.9447852477224, 2188.9262415669823
6598.247698068619, 2159.9447852477224, 2188.9262415669823
6599.043568134308, 2158.291249287019, 2188.994133945052
6600.083781957626, 2158.7936421357563, 2188.652054512943
6600.720077514648, 2158.7936421357563, 2188.652054512943
6601.214754343033, 2158.7936421357563, 2188.652054512943
6602.054505348206, 2158.18640234856, 2189.045784667027
6602.746653079987, 2158.18640234856, 2189.045784667027
6603.520581483841, 2160.2811027722732, 2188.5230756040182
6604.245638370514, 2160.2811027722732, 2188.5230756040182
6604.778213262558, 2160.2811027722732, 2188.5230756040182
6605.533190011978, 2158.220076659406, 2188.768817603102
6606.24727845192, 2158.220076659406, 2188.768817603102
6606.770875930786, 2158.220076659406, 2188.768817603102
6607.288490533829, 2158.220076659406, 2188.768817603102
6607.741279363632, 2158.220076659406, 2188.768817603102
6608.25789809227, 2158.220076659406, 2188.768817603102
6608.73561501503, 2158.220076659406, 2188.768817603102
6609.543454170227, 2157.9793581798967, 2188.981925305871
6610.5677099227905, 2157.455919760729, 2189.0932360074316
6611.493232011795, 2159.8360171346335, 2188.8808972179236
6612.55538725853, 2159.719152955715, 2188.793491863563
6613.246536254883, 2159.719152955715, 2188.793491863563
6613.704310655594, 2159.719152955715, 2188.793491863563
6614.556030750275, 2159.7129941100984, 2188.633957401589
6615.493521928787, 2158.109156826956, 2188.7774512626875
6616.563654661179, 2158.827168375448, 2188.9012073004624
6617.24383354187, 2158.827168375448, 2188.9012073004624
6617.921020269394, 2159.1356143023077, 2188.822980660384
6618.561306476593, 2157.9374118570304, 2188.793770961304
6619.51176071167, 2157.248001833915, 2188.776211394397
6620.575911283493, 2159.7020371025374, 2188.5455468670193
6621.227167844772, 2159.7020371025374, 2188.5455468670193
6621.9861352443695, 2160.3745640436396, 2188.603857244782
6622.761060714722, 2160.3745640436396, 2188.603857244782
6623.237784862518, 2160.3745640436396, 2188.603857244782
6623.97780251503, 2158.249429701071, 2188.8954151792
6624.7277953624725, 2158.249429701071, 2188.8954151792
6625.508704423904, 2160.9877344012157, 2188.6371858179023
6626.535952091217, 2159.7947360755616, 2188.62247517739
6627.246053695679, 2159.7947360755616, 2188.62247517739
6628.006016731262, 2159.8237196422638, 2188.475081656442
6628.753016710281, 2159.8237196422638, 2188.475081656442
6629.220763683319, 2159.8237196422638, 2188.475081656442
6629.997683286667, 2158.1776941679836, 2188.704907740297
6630.737701892853, 2158.1776941679836, 2188.704907740297
6631.2593059539795, 2158.1776941679836, 2188.704907740297
6631.73104262352, 2158.1776941679836, 2188.704907740297
6632.2267146110535, 2158.1776941679836, 2188.704907740297
6633.03754401207, 2159.17815446618, 2188.8237175208337
6633.716725349426, 2159.17815446618, 2188.8237175208337
6634.211402654648, 2159.17815446618, 2188.8237175208337
6634.74098277092, 2159.17815446618, 2188.8237175208337
6635.271561861038, 2159.17815446618, 2188.8237175208337
6635.730334043503, 2159.17815446618, 2188.8237175208337
6636.503265142441, 2160.1644551556587, 2188.754484583108
6637.264227628708, 2160.1644551556587, 2188.754484583108
6637.720005512238, 2160.1644551556587, 2188.754484583108
6638.562751054764, 2162.271902197306, 2188.481934643524
6639.281823635101, 2162.271902197306, 2188.481934643524
6639.746579408646, 2162.271902197306, 2188.481934643524
6640.537462234497, 2163.254454960128, 2188.5539814870126
6641.245565652847, 2163.254454960128, 2188.5539814870126
6641.730268716812, 2163.254454960128, 2188.5539814870126
6642.461310625076, 2159.992817753959, 2188.731784025721
6643.229254722595, 2159.992817753959, 2188.731784025721
6643.743877410889, 2159.992817753959, 2188.731784025721
6644.227581739426, 2159.992817753959, 2188.731784025721
6645.018463373184, 2159.1801714746944, 2188.7770720628823
6645.716594219208, 2159.1801714746944, 2188.7770720628823
6646.235205411911, 2159.1801714746944, 2188.7770720628823
6646.722898721695, 2159.1801714746944, 2188.7770720628823
6647.491841077805, 2161.034195779839, 2188.69511544778
6648.2567937374115, 2161.034195779839, 2188.69511544778
6648.779393911362, 2161.034195779839, 2188.69511544778
6649.500462293625, 2158.3859910026504, 2188.879642998997
6650.238485336304, 2158.3859910026504, 2188.879642998997
6650.736153841019, 2158.3859910026504, 2188.879642998997
6651.489137649536, 2159.967388640336, 2189.068389904735
6652.234142780304, 2159.967388640336, 2189.068389904735
6652.717849731445, 2159.967388640336, 2189.068389904735
6653.449890375137, 2157.9830017374907, 2188.433037576527
6654.0632445812225, 2160.263801762189, 2188.81242376371
6654.743423461914, 2160.263801762189, 2188.81242376371
6655.2002012729645, 2160.263801762189, 2188.81242376371
6656.060896158218, 2158.6256348939087, 2188.812689204687
6656.719133138657, 2158.6256348939087, 2188.812689204687
6657.489071846008, 2160.1410398038715, 2188.909440963083
6658.233079195023, 2160.1410398038715, 2188.909440963083
6658.975093364716, 2159.505777501619, 2188.849085621683
6660.045227527618, 2159.099129963507, 2189.0481185447143
6660.732387304306, 2159.099129963507, 2189.0481185447143
6661.493350505829, 2159.6469918362177, 2188.799184755148
6662.197463512421, 2159.6469918362177, 2188.799184755148
6662.726049900055, 2159.6469918362177, 2188.799184755148
6663.207759380341, 2159.6469918362177, 2188.799184755148
6664.038534641266, 2161.752323499076, 2188.5463607263055
6664.730681419373, 2161.752323499076, 2188.5463607263055
6665.192446470261, 2161.752323499076, 2188.5463607263055
6665.72701382637, 2161.752323499076, 2188.5463607263055
6666.495954751968, 2160.0976756334935, 2188.872969553275
6667.211040735245, 2160.0976756334935, 2188.872969553275
6668.039820432663, 2160.3562536642876, 2188.686151253199
6669.00324177742, 2159.9799856345935, 2188.6516046534616
6669.704363584518, 2159.9799856345935, 2188.6516046534616
6670.246911525726, 2159.9799856345935, 2188.6516046534616
6670.735602140427, 2159.9799856345935, 2188.6516046534616
6671.214321136475, 2159.9799856345935, 2188.6516046534616
6672.054071426392, 2157.6529220012444, 2189.010306572089
6672.733253479004, 2157.6529220012444, 2189.010306572089
6673.5540561676025, 2160.841820317789, 2188.767734572399
6674.510494232178, 2162.405944876386, 2188.7487244657245
6675.227574586868, 2162.405944876386, 2188.7487244657245
6675.693329572678, 2162.405944876386, 2188.7487244657245
6676.487202644348, 2159.3236621126666, 2188.8301538164524
6677.231210231781, 2159.3236621126666, 2188.8301538164524
6677.996161222458, 2159.909239296087, 2188.80159162417
6678.724211215973, 2159.909239296087, 2188.80159162417
6679.217890501022, 2159.909239296087, 2188.80159162417
6679.686636686325, 2159.909239296087, 2188.80159162417
6680.534365653992, 2159.0422011893347, 2189.09821253571
6681.4768409729, 2159.520793031918, 2188.625907540342
6682.548970222473, 2161.2032488016625, 2188.4965329240486
6683.216183423996, 2161.2032488016625, 2188.4965329240486
6683.952214479446, 2159.9289949558915, 2188.7049996167516
6684.598482370377, 2159.5334842103694, 2188.9239258268167
6685.235776901245, 2159.5334842103694, 2188.9239258268167
6685.968813657761, 2159.9167108644497, 2188.929284042201
6686.721796751022, 2159.9167108644497, 2188.929284042201
6687.506695508957, 2159.9696083895506, 2188.944926607528
6688.230757474899, 2159.9696083895506, 2188.944926607528
6688.717453718185, 2159.9696083895506, 2188.944926607528
6689.528283119202, 2160.7448350117384, 2188.6023570474995
6690.243368387222, 2160.7448350117384, 2188.6023570474995
6690.718096494675, 2160.7448350117384, 2188.6023570474995
6691.233715772629, 2160.7448350117384, 2188.6023570474995
6691.955782651901, 2156.5197725534563, 2188.947400680315
6692.546201467514, 2158.7081480729557, 2188.74334060942
6693.2403428554535, 2158.7081480729557, 2188.74334060942
6693.718065261841, 2158.7081480729557, 2188.74334060942
6694.532882452011, 2158.4612199586877, 2188.750328152635
6695.48233962059, 2161.35659281014, 2188.675211870333
6696.511583566666, 2158.6896932113636, 2189.1017080666693
6697.481984615326, 2158.5324802437653, 2188.810607239318
6698.561096906662, 2158.847062563174, 2188.78722587125
6699.223322629929, 2158.847062563174, 2188.78722587125
6699.712013959885, 2158.847062563174, 2188.78722587125
6700.55076789856, 2159.8981030638165, 2188.7212780063933
6701.526158094406, 2160.552631944582, 2188.6002940731205
6702.569363117218, 2161.264151901241, 2188.662029726498
6703.246549367905, 2161.264151901241, 2188.662029726498
6703.697343111038, 2161.264151901241, 2188.662029726498
6704.489223003387, 2160.233287417689, 2188.6712196633644
6705.243204832077, 2160.233287417689, 2188.6712196633644
6705.725912094116, 2160.233287417689, 2188.6712196633644
6706.4569573402405, 2160.674175328788, 2188.7842417417683
6707.472236633301, 2160.5615515445356, 2188.76241179084
6708.496492624283, 2158.3986031839313, 2188.9049196864535
6709.445950984955, 2159.9991121817693, 2188.686791394625
6710.067285776138, 2159.2476586619437, 2188.7811332210913
6710.7215349674225, 2159.2476586619437, 2188.7811332210913
6711.514411687851, 2159.3952357720245, 2188.924051050091
6712.245455265045, 2159.3952357720245, 2188.924051050091
6713.0443160533905, 2158.7546133407404, 2188.9136741495995
6713.740452289581, 2158.7546133407404, 2188.9136741495995
6714.52335524559, 2160.6603816104457, 2188.850703369606
6715.249410390854, 2160.6603816104457, 2188.850703369606
6715.985440015793, 2160.631327497015, 2188.458516399913
6717.081504821777, 2160.2064686694916, 2188.9234291407697
6717.737747907639, 2160.2064686694916, 2188.9234291407697
6718.492726802826, 2159.059338774936, 2188.782567809492
6719.235737800598, 2159.059338774936, 2188.782567809492
6719.722433805466, 2159.059338774936, 2188.782567809492
6720.5212943553925, 2159.897639706693, 2188.60353110133
6721.25034236908, 2159.897639706693, 2188.60353110133
6721.748013019562, 2159.897639706693, 2188.60353110133
6722.200798511505, 2159.897639706693, 2188.60353110133
6723.017609834671, 2160.942034587828, 2188.8628692023713
6723.727709531784, 2160.942034587828, 2188.8628692023713
6724.206428289413, 2160.942034587828, 2188.8628692023713
6724.713070631027, 2160.942034587828, 2188.8628692023713
6725.23966050148, 2160.942034587828, 2188.8628692023713
6725.739322900772, 2160.942034587828, 2188.8628692023713
6726.586056232452, 2160.3715738050005, 2188.7929932615325
6727.235317230225, 2160.3715738050005, 2188.7929932615325
6727.719021558762, 2160.3715738050005, 2188.7929932615325
6728.205718755722, 2160.3715738050005, 2188.7929932615325
6728.714358091354, 2160.3715738050005, 2188.7929932615325
6729.230972766876, 2160.3715738050005, 2188.7929932615325
6729.746593475342, 2160.3715738050005, 2188.7929932615325
6730.225310325623, 2160.3715738050005, 2188.7929932615325
6731.0211799144745, 2159.614245627928, 2188.748379177498
6731.722302913666, 2159.614245627928, 2188.748379177498
6732.2209684848785, 2159.614245627928, 2188.748379177498
6732.734592676163, 2159.614245627928, 2188.748379177498
6733.258190393448, 2159.614245627928, 2188.748379177498
6733.739899635315, 2159.614245627928, 2188.748379177498
6734.221610069275, 2159.614245627928, 2188.748379177498
6734.9686098098755, 2160.1122188294917, 2188.574731947178
6735.73057103157, 2160.1122188294917, 2188.574731947178
6736.463606834412, 2159.760371267302, 2188.713993607684
6736.701969623566, 2159.760371267302, 2188.713993607684
6737.26645731926, 2159.760371267302, 2188.713993607684
6737.723234653473, 2159.760371267302, 2188.713993607684
6738.2159152030945, 2159.760371267302, 2188.713993607684
6738.7085955142975, 2159.760371267302, 2188.713993607684
6739.271089553833, 2159.760371267302, 2188.713993607684
6739.734847545624, 2159.760371267302, 2188.713993607684
6740.21257019043, 2159.760371267302, 2188.713993607684
6741.089220046997, 2158.58734055537, 2188.991960035611
6741.750450134277, 2158.58734055537, 2188.991960035611
6742.230166435242, 2158.58734055537, 2188.991960035611
6742.703899145126, 2158.58734055537, 2188.991960035611
6743.531681537628, 2160.6725008014196, 2188.7038985303257
6744.215849637985, 2160.6725008014196, 2188.7038985303257
6745.051611185074, 2160.740492424178, 2188.9477861478103
6745.966161966324, 2159.7097116203854, 2188.6457466773204
6747.00238776207, 2161.2661541537013, 2188.643325461925
6747.731435537338, 2161.2661541537013, 2188.643325461925
6748.215140581131, 2161.2661541537013, 2188.643325461925
6748.9551594257355, 2160.113941868676, 2188.908519325333
6749.580484390259, 2161.0644905764334, 2188.678511817397
6750.517974853516, 2160.6480465996215, 2188.692599723914
6751.240041971207, 2160.6480465996215, 2188.692599723914
6751.95113658905, 2160.481631891595, 2188.8952928488884
6752.51762008667, 2161.011539769739, 2188.769127382649
6753.533898591995, 2160.860637961213, 2188.967527367415
6754.2609531879425, 2160.860637961213, 2188.967527367415
6754.687809228897, 2160.860637961213, 2188.967527367415
6755.572441101074, 2160.8531079953304, 2188.7124089354975
6756.25261926651, 2160.8531079953304, 2188.7124089354975
6756.967703819275, 2160.863703079471, 2188.8034434389765
6758.033849954605, 2159.719818981252, 2188.693109026085
6758.952390432358, 2159.2714859483362, 2188.7750022004548
6759.307439565659, 2159.2714859483362, 2188.7750022004548
6759.756238460541, 2159.2714859483362, 2188.7750022004548
6760.239941835403, 2159.2714859483362, 2188.7750022004548
6760.7146718502045, 2159.2714859483362, 2188.7750022004548
6761.550434112549, 2160.915329837466, 2188.6601778193417
6762.236596107483, 2160.915329837466, 2188.6601778193417
6762.690382242203, 2160.915329837466, 2188.6601778193417
6763.570025444031, 2160.8339832749357, 2188.483056800694
6764.235245466232, 2160.8339832749357, 2188.483056800694
6764.702991962433, 2160.8339832749357, 2188.483056800694
6765.497864484787, 2159.762229933043, 2188.7029194860265
6766.222922801971, 2159.762229933043, 2188.7029194860265
6766.992862462997, 2158.8875636348803, 2188.8150367201047
6768.000164747238, 2159.020988270211, 2188.8810649708603
6768.990512132645, 2159.191920642114, 2188.7348375092474
6769.732525587082, 2159.191920642114, 2188.7348375092474
6770.226204395294, 2159.191920642114, 2188.7348375092474
6770.969213962555, 2160.446203018152, 2188.8524735212413
6771.7361607551575, 2160.446203018152, 2188.8524735212413
6772.5011122226715, 2160.7819382303755, 2188.6669200071024
6773.549305200577, 2159.936023491494, 2188.513746017108
6774.488789558411, 2160.0645360767226, 2188.8595102059
6775.5529408454895, 2160.54148048555, 2188.6360746740124
6776.491428136826, 2158.30617569893, 2188.6711162293714
6777.460832595825, 2159.3981779510627, 2188.7755059342717
6778.234758853912, 2159.3981779510627, 2188.7755059342717
6778.931895017624, 2159.6312806387537, 2188.849400258069
6779.172249078751, 2159.6312806387537, 2188.849400258069
6780.029952287674, 2159.402856348528, 2188.84729148241
6780.7131226062775, 2159.402856348528, 2188.84729148241
6781.489046096802, 2159.246694311898, 2188.7970419383328
6782.2370429039, 2159.246694311898, 2188.7970419383328
6783.022939443588, 2159.5284403547657, 2188.6106158650796
6783.7370262146, 2159.5284403547657, 2188.6106158650796
6784.513947486877, 2158.2668558989726, 2188.812939675388
6785.527234792709, 2159.0344389756137, 2188.6795670179154
6786.253288269043, 2159.0344389756137, 2188.6795670179154
6786.740985155106, 2159.0344389756137, 2188.6795670179154
6787.45706653595, 2159.0495095676456, 2188.893099364734
6788.235980272293, 2159.0495095676456, 2188.893099364734
6788.71768951416, 2159.0495095676456, 2188.893099364734
6789.473665237427, 2157.1780058123945, 2189.063106211095
6790.219668626785, 2157.1780058123945, 2189.063106211095
6790.737283229828, 2157.1780058123945, 2189.063106211095
6791.223978757858, 2157.1780058123945, 2189.063106211095
6791.716660261154, 2157.1780058123945, 2189.063106211095
6792.495574235916, 2159.251755256143, 2188.6690766788356
6793.503874063492, 2158.536809303363, 2188.7860893018637
6794.47726893425, 2158.79334087659, 2188.8855193041945
6795.230252027512, 2158.79334087659, 2188.8855193041945
6795.77080488205, 2158.79334087659, 2188.8855193041945
6796.519798994064, 2159.2921463086973, 2188.6799996899813
6797.522114753723, 2158.549275158122, 2188.9323367786824
6798.234208583832, 2158.549275158122, 2188.9323367786824
6798.746835947037, 2158.549275158122, 2188.9323367786824
6799.245501041412, 2158.549275158122, 2188.9323367786824
6800.002474069595, 2160.301238365899, 2188.735032623527
6801.046679019928, 2160.2582235561176, 2188.6698338950796
6801.784700632095, 2160.2582235561176, 2188.6698338950796
6802.233499765396, 2160.2582235561176, 2188.6698338950796
6802.755104541779, 2160.2582235561176, 2188.6698338950796
6803.259752750397, 2160.2582235561176, 2188.6698338950796
6803.725504159927, 2160.2582235561176, 2188.6698338950796
6804.259075880051, 2160.2582235561176, 2188.6698338950796
6804.724828958511, 2160.2582235561176, 2188.6698338950796
6805.248427152634, 2160.2582235561176, 2188.6698338950796
6805.959524393082, 2159.118776566959, 2188.9032806450005
6806.2936272621155, 2159.118776566959, 2188.9032806450005
6807.105455160141, 2159.4893720504306, 2188.652321594879
6807.783638954163, 2159.4893720504306, 2188.652321594879
6808.257371425629, 2159.4893720504306, 2188.652321594879
6809.0991179943085, 2159.157148025778, 2188.807915969536
6809.778297424316, 2159.157148025778, 2188.807915969536
6810.252028942108, 2159.157148025778, 2188.807915969536
6810.74969625473, 2159.157148025778, 2188.807915969536
6811.269305229187, 2159.157148025778, 2188.807915969536
6811.749020814896, 2159.157148025778, 2188.807915969536
6812.235719442368, 2159.157148025778, 2188.807915969536
6812.75133895874, 2159.157148025778, 2188.807915969536
6813.2509977817535, 2159.157148025778, 2188.807915969536
6813.789556503296, 2159.157148025778, 2188.807915969536
6814.242344617844, 2159.157148025778, 2188.807915969536
6814.737021207809, 2159.157148025778, 2188.807915969536
6815.603698968887, 2162.415499763382, 2188.6061229195193
6816.244982242584, 2162.415499763382, 2188.6061229195193
6816.774564266205, 2162.415499763382, 2188.6061229195193
6817.237326860428, 2162.415499763382, 2188.6061229195193
6817.756933450699, 2162.415499763382, 2188.6061229195193
6818.239641189575, 2162.415499763382, 2188.6061229195193
6819.022544622421, 2159.053798484603, 2188.984692376995
6819.981976747513, 2160.191202526331, 2188.686544574412
6821.012217283249, 2157.970949917288, 2189.0784711140022
6821.979627370834, 2160.062918182392, 2188.5681070202645
6822.719644546509, 2160.062918182392, 2188.5681070202645
6823.437723398209, 2158.389539666338, 2188.7320389884426
6823.733929157257, 2158.389539666338, 2188.7320389884426
6824.237580299377, 2158.389539666338, 2188.7320389884426
6825.016495466232, 2159.9962359308097, 2188.739469213046
6825.722603797913, 2159.9962359308097, 2188.739469213046
6826.600254535675, 2159.4177236019455, 2188.7963549281267
6827.521786928177, 2159.357784993168, 2188.7454631538117
6828.562999248505, 2160.391464509931, 2188.623284848247
6829.22921538353, 2160.391464509931, 2188.623284848247
6830.033063411713, 2160.760433955976, 2188.6954331594147
6830.7551283836365, 2160.760433955976, 2188.6954331594147
6831.241825342178, 2160.760433955976, 2188.6954331594147
6831.714560747147, 2160.760433955976, 2188.6954331594147
6832.532371044159, 2159.2446637987814, 2188.830406572773
6833.463876485825, 2160.786828427679, 2188.5888775837284
6834.223841905594, 2160.786828427679, 2188.5888775837284
6834.726495981216, 2160.786828427679, 2188.5888775837284
6835.535330057144, 2159.801150083687, 2188.9578857767956
6836.198553562164, 2159.801150083687, 2188.9578857767956
6836.733121871948, 2159.801150083687, 2188.9578857767956
6837.4811198711395, 2159.768027569751, 2188.846690128538
6838.230114936829, 2159.768027569751, 2188.846690128538
6838.73476266861, 2159.768027569751, 2188.846690128538
6839.251378774643, 2159.768027569751, 2188.846690128538
6840.055228233337, 2159.2712864450305, 2188.7357706567223
6840.7344081401825, 2159.2712864450305, 2188.7357706567223
6841.242048501968, 2159.2712864450305, 2188.7357706567223
6842.051880598068, 2160.360135289957, 2188.5727703824373
6843.028265714645, 2159.1544102873095, 2188.712245562094
6843.98570394516, 2157.6283596696308, 2188.476905250794
6844.718739748001, 2157.6283596696308, 2188.476905250794
6845.235356330872, 2157.6283596696308, 2188.476905250794
6845.746986627579, 2157.6283596696308, 2188.476905250794
6846.521911621094, 2159.735309264684, 2188.9114544495283
6847.49031829834, 2159.720032846965, 2188.77292761381
6848.219365596771, 2159.720032846965, 2188.77292761381
6849.0451567173, 2159.563626167099, 2188.8202835315874
6849.768219947815, 2159.563626167099, 2188.8202835315874
6850.231977462769, 2159.563626167099, 2188.8202835315874
6851.000918626785, 2161.237551178678, 2188.85347036591
6852.068061828613, 2158.850481594479, 2189.0384020309775
6852.723305940628, 2158.850481594479, 2189.0384020309775
6853.552087306976, 2159.3905954363227, 2188.7349849250986
6854.232265472412, 2159.3905954363227, 2188.7349849250986
6854.9682970047, 2160.5277451781644, 2188.771647912472
6855.757182359695, 2160.5277451781644, 2188.771647912472
6856.2518582344055, 2160.5277451781644, 2188.771647912472
6856.979909181595, 2161.1929298534774, 2188.6431196337767
6857.763810873032, 2161.1929298534774, 2188.6431196337767
6858.241531610489, 2161.1929298534774, 2188.6431196337767
6858.727231025696, 2161.1929298534774, 2188.6431196337767
6859.489189624786, 2160.971361229625, 2188.6380408371147
6860.484524488449, 2160.065378714712, 2188.660880189748
6861.201603889465, 2160.065378714712, 2188.660880189748
6862.002460002899, 2161.345854198255, 2188.5951031438153
6862.7394869327545, 2161.345854198255, 2188.5951031438153
6863.483495473862, 2161.004795425471, 2188.588099340507
6864.486808538437, 2161.0811572548087, 2188.725723536284
6865.473166704178, 2160.007588325907, 2188.8536844040486
6866.464513301849, 2158.713953940735, 2188.912943480988
6866.746757745743, 2158.713953940735, 2188.912943480988
6867.521682024002, 2158.3349133453157, 2188.7924410273117
6868.237764120102, 2158.3349133453157, 2188.7924410273117
6868.734434604645, 2158.3349133453157, 2188.7924410273117
6869.577179193497, 2160.7635701134427, 2188.5853151868437
6870.247383356094, 2160.7635701134427, 2188.5853151868437
6870.805887937546, 2160.7635701134427, 2188.5853151868437
6871.24670791626, 2160.7635701134427, 2188.5853151868437
6872.09742975235, 2158.748386139814, 2189.0168160412713
6872.718766212463, 2158.748386139814, 2189.0168160412713
6873.593423843384, 2161.873764524217, 2188.604511049921
6874.2386972904205, 2161.873764524217, 2188.604511049921
6874.732373952866, 2161.873764524217, 2188.604511049921
6875.501316547394, 2159.095935910283, 2188.8965045239456
6876.234351873398, 2159.095935910283, 2188.8965045239456
6876.77490568161, 2159.095935910283, 2188.8965045239456
6877.201763391495, 2159.095935910283, 2188.8965045239456
6877.985662698746, 2159.830531907541, 2188.7698099270656
6878.732663393021, 2159.830531907541, 2188.7698099270656
6879.573413133621, 2159.560318811074, 2188.806502506574
6880.242619514465, 2159.560318811074, 2188.806502506574
6881.023529052734, 2161.3817755049854, 2188.6808263774296
6881.721661329269, 2161.3817755049854, 2188.6808263774296
6882.225311040878, 2161.3817755049854, 2188.6808263774296
6882.695053100586, 2161.3817755049854, 2188.6808263774296
6883.19072675705, 2161.3817755049854, 2188.6808263774296
6884.0424451828, 2157.6572270233196, 2188.985997016982
6884.752543449402, 2157.6572270233196, 2188.985997016982
6885.466633319855, 2157.9076185014733, 2188.962577197477
6886.504851818085, 2157.842823023307, 2188.9469361264632
6887.199990749359, 2157.842823023307, 2188.9469361264632
6887.724585533142, 2157.842823023307, 2188.9469361264632
6888.241202831268, 2157.842823023307, 2188.9469361264632
6888.725904464722, 2157.842823023307, 2188.9469361264632
6889.459940433502, 2159.919727450391, 2188.774984669088
6890.20693898201, 2159.919727450391, 2188.774984669088
6890.7355234622955, 2159.919727450391, 2188.774984669088
6891.42467880249, 2159.504632395675, 2188.7320793222398
6891.89940738678, 2160.0160892373756, 2188.8143727633924
6892.223539590836, 2160.0160892373756, 2188.8143727633924
6892.7281885147095, 2160.0160892373756, 2188.8143727633924
6893.206906795502, 2160.0160892373756, 2188.8143727633924
6893.6985902786255, 2160.0160892373756, 2188.8143727633924
6894.475508928299, 2159.9714999890443, 2188.750966535008
6895.233480215073, 2159.9714999890443, 2188.750966535008
6895.734140396118, 2159.9714999890443, 2188.750966535008
6896.239786148071, 2159.9714999890443, 2188.750966535008
6897.053606748581, 2160.7718498912245, 2188.528228856156
6897.724808931351, 2160.7718498912245, 2188.528228856156
6898.243421316147, 2160.7718498912245, 2188.528228856156
6899.002388477325, 2158.8154414986066, 2188.367417996034
6899.736422300339, 2158.8154414986066, 2188.367417996034
6900.234090328217, 2158.8154414986066, 2188.367417996034
6900.734750032425, 2158.8154414986066, 2188.367417996034
6901.537600040436, 2160.6866866787527, 2188.521937417117
6902.23273897171, 2160.6866866787527, 2188.521937417117
6902.731403589249, 2160.6866866787527, 2188.521937417117
6903.531261205673, 2159.329435309135, 2188.6641623836867
6904.5575132369995, 2158.735590963961, 2188.7540479055556
6905.532901525497, 2158.5124806392, 2188.8086065614593
6906.235022544861, 2158.5124806392, 2188.8086065614593
6907.016928195953, 2157.4842197966213, 2188.9041191005176
6907.739994764328, 2157.4842197966213, 2188.9041191005176
6908.250625610352, 2157.4842197966213, 2188.9041191005176
6909.037517786026, 2159.873506618182, 2188.9159606131493
6909.74263048172, 2159.873506618182, 2188.9159606131493
6910.509576797485, 2159.8871166217714, 2188.752734164972
6911.225660324097, 2159.8871166217714, 2188.752734164972
6911.745267868042, 2159.8871166217714, 2188.752734164972
6912.27584695816, 2159.8871166217714, 2188.752734164972
6913.0128746032715, 2159.247413334201, 2188.4947773538297
6913.721974849701, 2159.247413334201, 2188.4947773538297
6914.250559091568, 2159.247413334201, 2188.4947773538297
6915.004540205002, 2159.211355035289, 2188.846229534892
6916.006856441498, 2159.6798494450286, 2188.841928611313
6916.71595788002, 2159.6798494450286, 2188.841928611313
6917.1976680755615, 2159.6798494450286, 2188.841928611313
6917.731239080429, 2159.6798494450286, 2188.841928611313
6918.4832265377045, 2158.8280304573177, 2188.902578816206
6919.532416343689, 2159.0183609347764, 2188.891699888469
6920.505810260773, 2161.537439119336, 2188.8484887465083
6921.542035579681, 2159.7516876248383, 2188.6917513803082
6922.51443195343, 2159.8918314624802, 2188.7894175459205
6923.51575088501, 2156.8147292015187, 2188.8090659664704
6924.24280333519, 2156.8147292015187, 2188.8090659664704
6924.711550951004, 2156.8147292015187, 2188.8090659664704
6925.408682346344, 2160.1301186962282, 2188.6878886806116
6925.969180822372, 2160.1510041023694, 2188.7042958552797
6926.7131905555725, 2160.1510041023694, 2188.7042958552797
6927.480135440826, 2162.0561720240626, 2188.5420632167165
6928.235113859177, 2162.0561720240626, 2188.5420632167165
6928.701863527298, 2162.0561720240626, 2188.5420632167165
6929.525658369064, 2159.1761386308526, 2188.769737305169
6930.249718904495, 2159.1761386308526, 2188.769737305169
6930.72843837738, 2159.1761386308526, 2188.769737305169
6931.527299404144, 2158.743839371341, 2188.716830922886
6932.237396478653, 2158.743839371341, 2188.716830922886
6932.7221002578735, 2158.743839371341, 2188.716830922886
6933.501015424728, 2160.672559662415, 2188.6064621894184
6934.508318662643, 2160.3830329753278, 2188.732991190255
6935.526591300964, 2160.5182187896676, 2188.5436637142166
6936.239680051804, 2160.5182187896676, 2188.5436637142166
6937.068461179733, 2158.684776979062, 2188.824048847949
6938.063797712326, 2156.3264634234333, 2188.365140152657
6938.755945682526, 2156.3264634234333, 2188.365140152657
6939.2226939201355, 2156.3264634234333, 2188.365140152657
6940.040502786636, 2159.559251532179, 2188.5818932300417
6940.976994514465, 2159.8804311364224, 2188.807902266047
6942.036159992218, 2160.6785251764563, 2188.7268971223475
6942.72730922699, 2160.6785251764563, 2188.7268971223475
6943.48428273201, 2160.6056008779065, 2188.590160269381
6944.228290319443, 2160.6056008779065, 2188.590160269381
6944.736928939819, 2160.6056008779065, 2188.590160269381
6945.483929872513, 2161.086112637995, 2188.6398438164624
6946.21696472168, 2161.086112637995, 2188.6398438164624
6946.732584476471, 2161.086112637995, 2188.6398438164624
6947.488560199738, 2159.5923380142717, 2188.8067969621784
6948.240546703339, 2159.5923380142717, 2188.8067969621784
6948.730235338211, 2159.5923380142717, 2188.8067969621784
6949.494188785553, 2160.9388012504105, 2188.816981257805
6950.484538316727, 2159.6104142113904, 2188.878524887394
6951.232535839081, 2159.6104142113904, 2188.878524887394
6952.020425796509, 2159.9015405816467, 2188.6765775855292
6952.958912611008, 2159.4564398834236, 2188.9258080355935
6953.249134540558, 2159.4564398834236, 2188.9258080355935
6954.0150847435, 2157.985949352624, 2188.8376802791727
6955.026376485825, 2159.9604898943953, 2188.7843489757033
6955.990795373917, 2161.690806960403, 2188.674771234799
6957.1277503967285, 2161.0270228183504, 2188.649475261754
6957.762052059174, 2161.0270228183504, 2188.649475261754
6958.510048627853, 2160.2826642345926, 2188.7406147361053
6959.266024827957, 2160.2826642345926, 2188.7406147361053
6959.740755081177, 2160.2826642345926, 2188.7406147361053
6960.207503318787, 2160.2826642345926, 2188.7406147361053
6961.034290790558, 2157.1976970936603, 2188.3771759965825
6961.717462062836, 2157.1976970936603, 2188.3771759965825
6962.207148313522, 2157.1976970936603, 2188.3771759965825
6962.71678519249, 2157.1976970936603, 2188.3771759965825
6963.529608011246, 2159.4783921946578, 2188.667902288873
6964.1988162994385, 2159.4783921946578, 2188.667902288873
6965.016626119614, 2158.1238141106505, 2188.798279432968
6965.705780267715, 2158.1238141106505, 2188.798279432968
6966.216415405273, 2158.1238141106505, 2188.798279432968
6966.701115369797, 2158.1238141106505, 2188.798279432968
6967.457091808319, 2158.9497290736135, 2188.8026407892826
6967.97670006752, 2160.292519738064, 2188.792329156575
6968.491323232651, 2160.915187608308, 2188.675634454461
6969.48566031456, 2161.5473087934615, 2188.6319777842846
6970.468029499054, 2159.7853330636563, 2188.8269860540286
6971.517221212387, 2161.365725286273, 2188.536195972348
6972.480641841888, 2160.4054693666512, 2188.757622938658
6973.538808107376, 2160.7261713339667, 2188.615680289079
6974.461336612701, 2157.909800113055, 2188.3577217550924
6975.513520956039, 2160.3741621119425, 2188.780754069703
6976.220626115799, 2160.3741621119425, 2188.780754069703
6976.664438724518, 2160.3741621119425, 2188.780754069703
6977.551064491272, 2158.8765026026063, 2189.057301044199
6978.2332372665405, 2158.8765026026063, 2189.057301044199
6978.90643453598, 2160.604341021668, 2188.567216651758
6979.475909948349, 2160.769715877038, 2188.5361219944925
6980.193987369537, 2160.769715877038, 2188.5361219944925
6980.9758932590485, 2158.287722819197, 2188.7429501691363
6981.708930015564, 2158.287722819197, 2188.7429501691363
6982.210587501526, 2158.287722819197, 2188.7429501691363
6982.99249458313, 2158.8728534128327, 2188.82766514462
6983.708575963974, 2158.8728534128327, 2188.82766514462
6984.20524597168, 2158.8728534128327, 2188.82766514462
6984.705904960632, 2158.8728534128327, 2188.82766514462
6985.463876247406, 2158.2325063527596, 2188.650959837828
6986.409343957901, 2159.4091649002976, 2188.4792804334725
6986.696576356888, 2159.4091649002976, 2188.4792804334725
6987.507404088974, 2158.2614714588362, 2188.9365219314386
6988.2105214595795, 2158.2614714588362, 2188.9365219314386
6988.706194639206, 2158.2614714588362, 2188.9365219314386
6989.534976005554, 2156.7012764243254, 2188.6734070591383
6990.213160276413, 2156.7012764243254, 2188.6734070591383
6990.709828853607, 2156.7012764243254, 2188.6734070591383
6991.497720718384, 2157.836073323336, 2188.6035087339033
6992.204826593399, 2157.836073323336, 2188.6035087339033
6992.700499296188, 2157.836073323336, 2188.6035087339033
6993.517312288284, 2156.2498218545356, 2188.2814045612004
6994.214445352554, 2156.2498218545356, 2188.2814045612004
6994.693163633347, 2156.2498218545356, 2188.2814045612004
6995.191828727722, 2156.2498218545356, 2188.2814045612004
6995.721410274506, 2156.2498218545356, 2188.2814045612004
6996.220074176788, 2156.2498218545356, 2188.2814045612004
6996.701785326004, 2156.2498218545356, 2188.2814045612004
6997.520592212677, 2156.2772802736968, 2188.791850896162
6998.203763246536, 2156.2772802736968, 2188.791850896162
6998.691457748413, 2156.2772802736968, 2188.791850896162
6999.520238161087, 2156.514046184225, 2188.8756386141517
7000.510586977005, 2155.419944966116, 2188.812032622274
7001.552795886993, 2156.840470661015, 2188.794245706808
7002.221006631851, 2156.840470661015, 2188.794245706808
7002.709698200226, 2156.840470661015, 2188.794245706808
7003.480633974075, 2156.7681411594194, 2188.8217858026596
7004.516858816147, 2159.312571897726, 2188.6686463496476
7005.509203195572, 2157.0365473976585, 2188.67877528619
7006.460654735565, 2156.3908096267232, 2188.7602770250433
7007.468955755234, 2156.4177460314722, 2188.8244782299575
7008.210967540741, 2156.4177460314722, 2188.8244782299575
7008.702651023865, 2156.4177460314722, 2188.8244782299575
7009.1823670864105, 2156.4177460314722, 2188.8244782299575
7010.013142347336, 2156.4321908241714, 2188.753250217132
7010.708281993866, 2156.4321908241714, 2188.753250217132
7011.2548179626465, 2156.4321908241714, 2188.753250217132
7011.742510795593, 2156.4321908241714, 2188.753250217132
7012.484526157379, 2158.5136711985324, 2188.5967385348
7013.223546028137, 2158.5136711985324, 2188.5967385348
7013.982514858246, 2157.7773474336973, 2188.6820717243104
7015.0007882118225, 2154.755027783538, 2188.993438118336
7016.009086847305, 2154.4459938631553, 2188.50049975056
7017.020380735397, 2156.4207217948974, 2188.7495543123655
7017.709533929825, 2156.4207217948974, 2188.7495543123655
7018.462517976761, 2154.2123231320306, 2188.991096737402
7018.993097066879, 2155.457840431628, 2188.5709466941994
7019.959509372711, 2156.089694984786, 2188.6554715832185
7020.273668289185, 2156.089694984786, 2188.6554715832185
7020.701523303986, 2156.089694984786, 2188.6554715832185
7021.190215826035, 2156.089694984786, 2188.6554715832185
7021.930232524872, 2158.289195286346, 2188.470621510055
7022.220454931259, 2158.289195286346, 2188.470621510055
7022.9554874897, 2158.2922683351153, 2188.5611052290024
7023.223769426346, 2158.2922683351153, 2188.5611052290024
7024.027616024017, 2157.5003048647104, 2188.651879107767
7024.725747585297, 2157.5003048647104, 2188.651879107767
7025.51563334465, 2158.1864281083526, 2188.646698991655
7026.2177522182465, 2158.1864281083526, 2188.646698991655
7026.705446720123, 2158.1864281083526, 2188.646698991655
7027.217076539993, 2158.1864281083526, 2188.646698991655
7027.692802906036, 2158.1864281083526, 2188.646698991655
7028.222385406494, 2158.1864281083526, 2188.646698991655
7028.705092191696, 2158.1864281083526, 2188.646698991655
7029.190791845322, 2158.1864281083526, 2188.646698991655
7029.984665632248, 2156.370004294109, 2188.704538413328
7030.711719274521, 2156.370004294109, 2188.704538413328
7031.188442230225, 2156.370004294109, 2188.704538413328
7031.983315706253, 2156.6369200723207, 2188.8915787152437
7032.718346834183, 2156.6369200723207, 2188.8915787152437
7033.2030482292175, 2156.6369200723207, 2188.8915787152437
7033.920129537582, 2158.2177189210206, 2188.8277486340403
7034.214340686798, 2158.2177189210206, 2188.8277486340403
7034.710012674332, 2158.2177189210206, 2188.8277486340403
7035.211669921875, 2158.2177189210206, 2188.8277486340403
7036.028484106064, 2158.1593881815757, 2188.573108334654
7036.716640710831, 2158.1593881815757, 2188.573108334654
7037.2262761592865, 2158.1593881815757, 2188.573108334654
7037.701006650925, 2158.1593881815757, 2188.573108334654
7038.270479679108, 2158.1593881815757, 2188.573108334654
7038.719279527664, 2158.1593881815757, 2188.573108334654
7039.233900547028, 2158.1593881815757, 2188.573108334654
7039.972921848297, 2158.0080145331294, 2188.7538321118077
7040.741862535477, 2158.0080145331294, 2188.7538321118077
7041.195647954941, 2158.0080145331294, 2188.7538321118077
7042.002487421036, 2159.5979423977396, 2188.5951024850083
7042.714579820633, 2159.5979423977396, 2188.5951024850083
7043.225214242935, 2159.5979423977396, 2188.5951024850083
7043.701936483383, 2159.5979423977396, 2188.5951024850083
7044.195614337921, 2159.5979423977396, 2188.5951024850083
7044.713227748871, 2159.5979423977396, 2188.5951024850083
7045.209898233414, 2159.5979423977396, 2188.5951024850083
7045.692606449127, 2159.5979423977396, 2188.5951024850083
7046.197255849838, 2159.5979423977396, 2188.5951024850083
7046.7328197956085, 2159.5979423977396, 2188.5951024850083
7047.2245054244995, 2159.5979423977396, 2188.5951024850083
7047.721173524857, 2159.5979423977396, 2188.5951024850083
7048.533997058868, 2157.2901919411247, 2188.8805660010325
7049.20619893074, 2157.2901919411247, 2188.8805660010325
7049.7048625946045, 2157.2901919411247, 2188.8805660010325
7050.502726316452, 2158.016099587649, 2188.855759555025
7051.210832118988, 2158.016099587649, 2188.855759555025
7051.920928239822, 2159.223791126546, 2188.8813540340043
7052.198187351227, 2159.223791126546, 2188.8813540340043
7052.7187922000885, 2159.223791126546, 2188.8813540340043
7053.491722106934, 2160.1646183846906, 2188.69469647076
7054.508998394012, 2159.11307730514, 2188.8499387148886
7055.211118936539, 2159.11307730514, 2188.8499387148886
7055.672883272171, 2159.11307730514, 2188.8499387148886
7056.5275938510895, 2158.5889381023667, 2188.8544597384484
7057.240684270859, 2158.5889381023667, 2188.8544597384484
7057.745333909988, 2158.5889381023667, 2188.8544597384484
7058.253972053528, 2158.5889381023667, 2188.8544597384484
7058.748647212982, 2158.5889381023667, 2188.8544597384484
7059.260276556015, 2158.5889381023667, 2188.8544597384484
7059.784872531891, 2158.5889381023667, 2188.8544597384484
7060.211240053177, 2158.5889381023667, 2188.8544597384484
7060.722869873047, 2158.5889381023667, 2188.8544597384484
7061.231508255005, 2158.5889381023667, 2188.8544597384484
7061.730174779892, 2158.5889381023667, 2188.8544597384484
7062.211883306503, 2158.5889381023667, 2188.8544597384484
7062.730494976044, 2158.5889381023667, 2188.8544597384484
7063.201233625412, 2158.5889381023667, 2188.8544597384484
7063.701894044876, 2158.5889381023667, 2188.8544597384484
7064.455874443054, 2161.58391278482, 2188.644615428201
7065.459187746048, 2161.040686968696, 2188.8001018398463
7065.727469444275, 2161.040686968696, 2188.8001018398463
7066.494415998459, 2160.3887246066292, 2189.0207738661957
7067.234434366226, 2160.3887246066292, 2189.0207738661957
7067.726118087769, 2160.3887246066292, 2189.0207738661957
7068.523983955383, 2162.117646259278, 2188.602662595984
7069.241060972214, 2162.117646259278, 2188.602662595984
7070.036930561066, 2159.0209286146123, 2188.4016399276784
7070.7350606918335, 2159.0209286146123, 2188.4016399276784
7071.208793401718, 2159.0209286146123, 2188.4016399276784
7071.724411725998, 2159.0209286146123, 2188.4016399276784
7072.19415473938, 2159.0209286146123, 2188.4016399276784
7072.726729631424, 2159.0209286146123, 2188.4016399276784
7073.461760044098, 2161.037770388834, 2188.6815537839752
7074.506961107254, 2160.740225129452, 2188.7999263885426
7075.229028463364, 2160.740225129452, 2188.7999263885426
7075.709741353989, 2160.740225129452, 2188.7999263885426
7076.179484844208, 2160.740225129452, 2188.7999263885426
7077.020231962204, 2163.158861895522, 2188.685022224868
7077.998612880707, 2161.504177639355, 2188.6891426049533
7079.00292301178, 2158.8544742770514, 2188.8962790068485
7079.699058294296, 2158.8544742770514, 2188.8962790068485
7080.5358192920685, 2159.441186635047, 2188.91222879217
7081.213004350662, 2159.441186635047, 2188.91222879217
7081.720645189285, 2159.441186635047, 2188.91222879217
7082.190388441086, 2159.441186635047, 2188.91222879217
7083.049088716507, 2161.9426088504424, 2188.7540508799343
7083.720291137695, 2161.9426088504424, 2188.7540508799343
7084.525136470795, 2161.339687885638, 2188.6580817211548
7085.235235452652, 2161.339687885638, 2188.6580817211548
7085.747863292694, 2161.339687885638, 2188.6580817211548
7086.2195999622345, 2161.339687885638, 2188.6580817211548
7087.036413192749, 2159.2763738941626, 2188.681696676034
7088.027757883072, 2160.341144126636, 2188.65670688471
7089.034062623978, 2161.20137068818, 2188.653731341189
7089.724215507507, 2161.20137068818, 2188.653731341189
7090.221882104874, 2161.20137068818, 2188.653731341189
7091.023734807968, 2160.915076500683, 2188.8379753439885
7091.701919078827, 2160.915076500683, 2188.8379753439885
7092.503772735596, 2159.6777761214657, 2188.7151820716767
7093.536009550095, 2159.785152361652, 2188.78222572673
7094.219179153442, 2159.785152361652, 2188.78222572673
7095.0359926223755, 2159.906431377499, 2188.8332087225294
7095.720160484314, 2159.906431377499, 2188.8332087225294
7096.520020723343, 2159.302988629466, 2188.7663221650178
7097.224133491516, 2159.302988629466, 2188.7663221650178
7097.708835601807, 2159.302988629466, 2188.7663221650178
7098.206502914429, 2159.302988629466, 2188.7663221650178
7098.68621969223, 2159.302988629466, 2188.7663221650178
7099.2337527275085, 2159.302988629466, 2188.7663221650178
7099.728427171707, 2159.302988629466, 2188.7663221650178
7100.2639939785, 2159.302988629466, 2188.7663221650178
7101.050886392593, 2160.261026336951, 2188.678413319147
7101.725083112717, 2160.261026336951, 2188.678413319147
7102.239702939987, 2160.261026336951, 2188.678413319147
7103.023604631424, 2159.9922914460617, 2188.745835105488
7103.705778121948, 2159.9922914460617, 2188.745835105488
7104.209428548813, 2159.9922914460617, 2188.745835105488
7104.707097053528, 2159.9922914460617, 2188.745835105488
7105.177836418152, 2159.9922914460617, 2188.745835105488
7105.728362083435, 2159.9922914460617, 2188.745835105488
7106.236999988556, 2159.9922914460617, 2188.745835105488
7106.6997628211975, 2159.9922914460617, 2188.745835105488
7107.497624635696, 2160.1631234227048, 2188.7321324003074
7108.488969564438, 2158.2433373679864, 2188.891468714618
7109.514225721359, 2160.2393421160623, 2188.6757897758757
7110.508562803268, 2157.877486689678, 2188.860517046253
7111.55077123642, 2160.0323177521686, 2188.7976865838964
7112.2379314899445, 2160.0323177521686, 2188.7976865838964
7112.687728643417, 2160.0323177521686, 2188.7976865838964
7113.547424554825, 2161.819065237857, 2188.7753880448568
7114.220623254776, 2161.819065237857, 2188.7753880448568
7114.938700437546, 2159.0994524306975, 2188.4854224538703
7115.533109664917, 2162.592506647992, 2188.4957318433776
7116.203314304352, 2162.592506647992, 2188.4957318433776
7117.003172159195, 2160.141543785107, 2188.974540105656
7117.727233409882, 2160.141543785107, 2188.974540105656
7118.218916654587, 2160.141543785107, 2188.974540105656
7118.982872724533, 2162.2557887422704, 2188.7009612759402
7119.730868577957, 2162.2557887422704, 2188.7009612759402
7120.232524871826, 2162.2557887422704, 2188.7009612759402
7120.69827914238, 2162.2557887422704, 2188.7009612759402
7121.539026021957, 2163.732581273255, 2188.6300863158635
7122.464549541473, 2163.3244054042825, 2188.5629902754663
7123.50476360321, 2160.3467359082742, 2188.9558876603032
7124.209874391556, 2160.3467359082742, 2188.9558876603032
7124.991781949997, 2161.9713109361523, 2188.6852390253744
7125.705869674683, 2161.9713109361523, 2188.6852390253744
7126.263377666473, 2161.9713109361523, 2188.6852390253744
7126.705194711685, 2161.9713109361523, 2188.6852390253744
7127.531980752945, 2159.311158094453, 2189.3932909675796
7128.202184915543, 2159.311158094453, 2189.3932909675796
7128.693869352341, 2159.311158094453, 2189.3932909675796
7129.549577951431, 2161.216413558934, 2188.7549190952163
7130.20881152153, 2161.216413558934, 2188.7549190952163
7130.712466239929, 2161.216413558934, 2188.7549190952163
7131.475421905518, 2160.810777003654, 2188.8969470402944
7132.2094559669495, 2160.810777003654, 2188.8969470402944
7132.732056856155, 2160.810777003654, 2188.8969470402944
7133.515957355499, 2165.079619551258, 2188.660804749835
7134.205111980438, 2165.079619551258, 2188.660804749835
7134.988015413284, 2163.8783387875114, 2188.6192244302015
7135.986343383789, 2164.29259208429, 2188.762687971327
7136.999628782272, 2162.9207872125417, 2188.704201192765
7137.721694946289, 2162.9207872125417, 2188.704201192765
7138.481662511826, 2163.590149021898, 2188.6367124843155
7139.169819355011, 2163.590149021898, 2188.6367124843155
7139.744279623032, 2163.590149021898, 2188.6367124843155
7140.206043481827, 2163.590149021898, 2188.6367124843155
7140.960024595261, 2161.983056510908, 2188.96967670671
7141.452706575394, 2163.868257557153, 2188.6903138126563
7141.97231388092, 2161.6015852933347, 2188.7455815846142
7142.226632356644, 2161.6015852933347, 2188.7455815846142
7142.700366020203, 2161.6015852933347, 2188.7455815846142
7143.46332192421, 2161.990810292255, 2188.8661687333456
7144.086653470993, 2162.8172039753485, 2188.8732692687654
7144.959316492081, 2163.614145171881, 2188.870909864051
7146.045407772064, 2164.038482123266, 2188.775298802962
7146.71760892868, 2164.038482123266, 2188.775298802962
7147.452640295029, 2161.2906838785266, 2189.137541451208
7147.789736747742, 2161.2906838785266, 2189.137541451208
7148.217593193054, 2161.2906838785266, 2189.137541451208
7148.9725704193115, 2165.6027661550947, 2188.757317989053
7150.037717819214, 2162.6780090814673, 2188.8769241581736
7150.722882986069, 2162.6780090814673, 2188.8769241581736
7151.198610544205, 2162.6780090814673, 2188.8769241581736
7152.042350292206, 2161.2454122176932, 2188.9081217735315
7152.725521564484, 2161.2454122176932, 2188.9081217735315
7153.461551427841, 2163.816233596158, 2188.6188684288945
7154.201569318771, 2163.816233596158, 2188.6188684288945
7155.019381046295, 2164.5103572261014, 2188.763650791977
7156.00673699379, 2164.3549618897164, 2188.7840286161063
7157.035979509354, 2163.7812377307473, 2188.701895668447
7157.994413137436, 2162.3339961149904, 2189.0759516810845
7158.702517032623, 2162.3339961149904, 2189.0759516810845
7159.442535161972, 2161.3931981339792, 2188.9594145732995
7159.960149049759, 2162.1440842949382, 2188.8140836774
7160.964460611343, 2162.0026455884918, 2188.824336520635
7162.050551891327, 2161.262574057829, 2189.024477735756
7162.7257442474365, 2161.262574057829, 2189.024477735756
7163.200473546982, 2161.262574057829, 2189.024477735756
7163.709110736847, 2161.262574057829, 2189.024477735756
7164.224730014801, 2161.262574057829, 2189.024477735756
7164.742345094681, 2161.262574057829, 2189.024477735756
7165.464411020279, 2160.350935692307, 2188.876578964381
7166.4866733551025, 2161.61851045316, 2188.7977056676164
7167.203753709793, 2161.61851045316, 2188.7977056676164
7168.008598089218, 2163.7926629667345, 2188.6244459331674
7168.728671073914, 2163.7926629667345, 2188.6244459331674
7169.452732801437, 2159.3046196731893, 2188.3890725484657
7169.6781277656555, 2159.3046196731893, 2188.3890725484657
7170.468013048172, 2160.5558335786845, 2188.746096170778
7171.209029436111, 2160.5558335786845, 2188.746096170778
7172.040801286697, 2159.7902563689877, 2188.6857611062087
7172.72297501564, 2159.7902563689877, 2188.6857611062087
7173.491916418076, 2160.2337513805137, 2189.0395430390367
7174.515176773071, 2161.96179065371, 2188.7133461100047
7175.20433139801, 2161.96179065371, 2188.7133461100047
7175.911437988281, 2158.974076985961, 2188.975537489699
7176.22459936142, 2158.974076985961, 2188.975537489699
7176.702319860458, 2158.974076985961, 2188.975537489699
7177.48123550415, 2160.6862282365078, 2188.8664042146042
7178.511475801468, 2160.119549693663, 2188.9733637819877
7179.2195818424225, 2160.119549693663, 2188.9733637819877
7179.941646575928, 2160.614714313017, 2188.8069101293686
7180.539046049118, 2161.7922536305177, 2188.716440106065
7181.502467632294, 2161.1901026340447, 2188.6787154291283
7182.51974272728, 2161.6461517557436, 2188.51765175749
7183.193937540054, 2161.6461517557436, 2188.51765175749
7183.9788365364075, 2158.609262010696, 2188.8838649420195
7184.710876703262, 2158.609262010696, 2188.8838649420195
7185.20255947113, 2158.609262010696, 2188.8838649420195
7186.009398937225, 2159.9351815335717, 2188.66192820166
7186.703541517258, 2159.9351815335717, 2188.66192820166
7187.505392551422, 2160.5978525924224, 2188.8631639917626
7188.212500095367, 2160.5978525924224, 2188.8631639917626
7189.007372379303, 2159.1600629049367, 2188.865972404292
7189.703508138657, 2159.1600629049367, 2188.865972404292
7190.541264295578, 2158.194481852424, 2188.857703948242
7191.526625871658, 2159.5307334781314, 2188.906344410866
7192.238719701767, 2159.5307334781314, 2188.906344410866
7192.716442108154, 2159.5307334781314, 2188.906344410866
7193.529263973236, 2158.8421474400507, 2188.6912097619747
7194.541553497314, 2159.636642496833, 2188.575239291434
7195.208766460419, 2159.636642496833, 2188.575239291434
7195.7004499435425, 2159.636642496833, 2188.575239291434
7196.207094669342, 2159.636642496833, 2188.575239291434
7196.710744142532, 2159.636642496833, 2188.575239291434
7197.48965883255, 2159.8856007650193, 2188.7118207228445
7198.217709779739, 2159.8856007650193, 2188.7118207228445
7198.722358226776, 2159.8856007650193, 2188.7118207228445
7199.228004693985, 2159.8856007650193, 2188.7118207228445
7199.740632534027, 2159.8856007650193, 2188.7118207228445
7200.242288351059, 2159.8856007650193, 2188.7118207228445
7200.717017889023, 2159.8856007650193, 2188.7118207228445
7201.555770874023, 2157.0625469142224, 2188.949735971593
7202.222985982895, 2157.0625469142224, 2188.949735971593
7202.707687139511, 2157.0625469142224, 2188.949735971593
7203.228293418884, 2157.0625469142224, 2188.949735971593
7203.726957321167, 2157.0625469142224, 2188.949735971593
7204.2226305007935, 2157.0625469142224, 2188.949735971593
7204.703342437744, 2157.0625469142224, 2188.949735971593
7205.2419011592865, 2157.0625469142224, 2188.949735971593
7205.7196226119995, 2157.0625469142224, 2188.949735971593
7206.208313941956, 2157.0625469142224, 2188.949735971593
7206.728920221329, 2157.0625469142224, 2188.949735971593
7207.226587533951, 2157.0625469142224, 2188.949735971593
7207.707300186157, 2157.0625469142224, 2188.949735971593
7208.208957672119, 2157.0625469142224, 2188.949735971593
7208.719590187073, 2157.0625469142224, 2188.949735971593
7209.476562976837, 2161.402705184471, 2188.669633901976
7210.235531568527, 2161.402705184471, 2188.669633901976
7210.721229791641, 2161.402705184471, 2188.669633901976
7211.50812292099, 2159.040560766352, 2189.0164640393223
7212.1902956962585, 2159.040560766352, 2189.0164640393223
7212.6849727630615, 2159.040560766352, 2189.0164640393223
7213.487825155258, 2159.530677972326, 2188.819330130521
7214.219862699509, 2159.530677972326, 2188.819330130521
7214.933950662613, 2159.382603114504, 2188.8028007017874
7215.4545567035675, 2159.671314557553, 2188.7446368356423
7216.067913770676, 2160.297088967554, 2188.734784590414
7216.7131860256195, 2160.297088967554, 2188.734784590414
7217.4921002388, 2160.423122724777, 2188.6821036799906
7218.201201677322, 2160.423122724777, 2188.6821036799906
7218.697871923447, 2160.423122724777, 2188.6821036799906
7219.496731996536, 2159.2842225065547, 2188.782925651232
7220.240739822388, 2159.2842225065547, 2188.782925651232
7220.702503919601, 2159.2842225065547, 2188.782925651232
7221.481419086456, 2158.4880987387364, 2188.8916338650515
7222.489719152451, 2158.5694504259523, 2189.124493825684
7223.204803466797, 2158.5694504259523, 2189.124493825684
7223.73837518692, 2158.5694504259523, 2189.124493825684
7224.501333475113, 2160.099611616249, 2188.702818234728
7225.228385686874, 2160.099611616249, 2188.702818234728
7225.724057435989, 2160.099611616249, 2188.702818234728
7226.211752176285, 2160.099611616249, 2188.702818234728
7227.034548997879, 2158.9511199558187, 2188.813704434331
7227.723703145981, 2158.9511199558187, 2188.813704434331
7228.505609750748, 2159.471389357691, 2188.7852164489123
7229.212716341019, 2159.471389357691, 2188.7852164489123
7229.740303993225, 2159.471389357691, 2188.7852164489123
7230.495282173157, 2160.232931280313, 2188.7373621108627
7231.210368156433, 2160.232931280313, 2188.7373621108627
7231.722995042801, 2160.232931280313, 2188.7373621108627
7232.493931055069, 2158.7413849998884, 2188.8170409293293
7233.2179918289185, 2158.7413849998884, 2188.8170409293293
7233.702693939209, 2158.7413849998884, 2188.8170409293293
7234.504547595978, 2159.344263617708, 2188.6598007622556
7235.180735588074, 2159.344263617708, 2188.6598007622556
7236.0145037174225, 2157.7965808420263, 2188.8801996803236
7236.717621088028, 2157.7965808420263, 2188.8801996803236
7237.47758603096, 2158.007078544103, 2188.63272528819
7238.209625244141, 2158.007078544103, 2188.63272528819
7238.714276075363, 2158.007078544103, 2188.63272528819
7239.175040721893, 2158.007078544103, 2188.63272528819
7240.0108025074005, 2158.5878242329727, 2188.5250126236506
7240.755808353424, 2158.5878242329727, 2188.5250126236506
7241.484857797623, 2156.9950019903567, 2188.7946398018157
7242.220885276794, 2156.9950019903567, 2188.7946398018157
7242.705587148666, 2156.9950019903567, 2188.7946398018157
7243.449595689774, 2157.486227361851, 2188.834840079828
7243.7089014053345, 2157.486227361851, 2188.834840079828
7244.519729375839, 2160.075451357171, 2188.5368355826304
7245.173977851868, 2160.075451357171, 2188.5368355826304
7245.688601970673, 2160.075451357171, 2188.5368355826304
7246.204220056534, 2160.075451357171, 2188.5368355826304
7246.722830057144, 2160.075451357171, 2188.5368355826304
7247.202548265457, 2160.075451357171, 2188.5368355826304
7248.0363137722015, 2157.4811398080506, 2188.829848247066
7248.741425275803, 2157.4811398080506, 2188.829848247066
7249.216154336929, 2157.4811398080506, 2188.829848247066
7250.020002603531, 2157.0127581572797, 2188.7226141749697
7250.704169988632, 2157.0127581572797, 2188.7226141749697
7251.201837301254, 2157.0127581572797, 2188.7226141749697
7251.965792894363, 2158.0578069072467, 2188.7681335070315
7252.716781139374, 2158.0578069072467, 2188.7681335070315
7253.191510438919, 2158.0578069072467, 2188.7681335070315
7253.979399681091, 2156.3274247560043, 2188.786910316533
7254.97772693634, 2156.314070628874, 2188.835349702659
7255.9600965976715, 2157.572332538176, 2188.673358495146
7256.708093166351, 2157.572332538176, 2188.673358495146
7257.210748195648, 2157.572332538176, 2188.673358495146
7257.943784952164, 2156.508076293446, 2188.94833186783
7258.513260126114, 2154.9836493510593, 2189.067884539519
7259.48864865303, 2155.8022560431236, 2189.0656903805666
7260.543824195862, 2155.7767662141036, 2188.854822742568
7261.539158821106, 2157.8848665081587, 2188.845494721102
7262.523522138596, 2156.536440310161, 2188.935721259388
7263.224645376205, 2156.536440310161, 2188.935721259388
7263.719322443008, 2156.536440310161, 2188.935721259388
7264.5511202812195, 2156.606675870941, 2189.029781390279
7265.202349901199, 2156.606675870941, 2189.029781390279
7265.70899271965, 2156.606675870941, 2189.029781390279
7266.243562698364, 2156.606675870941, 2189.029781390279
7266.72926068306, 2156.606675870941, 2189.029781390279
7267.238896608353, 2156.606675870941, 2189.029781390279
7267.716618537903, 2156.606675870941, 2189.029781390279
7268.216279745102, 2156.606675870941, 2189.029781390279
7268.750848054886, 2156.606675870941, 2189.029781390279
7269.216601848602, 2156.606675870941, 2189.029781390279
7269.6963176727295, 2156.606675870941, 2189.029781390279
7270.527091741562, 2155.904043564093, 2188.7360000127846
7271.211260318756, 2155.904043564093, 2188.7360000127846
7271.706933259964, 2155.904043564093, 2188.7360000127846
7272.513771772385, 2156.111466729377, 2188.7773017493073
7273.206915378571, 2156.111466729377, 2188.7773017493073
7273.686632156372, 2156.111466729377, 2188.7773017493073
7274.5822331905365, 2157.065812400914, 2188.9043257180497
7275.57457780838, 2156.8901325139473, 2188.7005410433776
7276.579884767532, 2154.571891115012, 2188.977256988222
7277.230143785477, 2154.571891115012, 2188.977256988222
7278.042968034744, 2157.92279884373, 2188.8183468372004
7278.742095947266, 2157.92279884373, 2188.8183468372004
7279.5469398498535, 2155.9328346385914, 2189.0505718515433
7280.200191497803, 2155.9328346385914, 2189.0505718515433
7281.023984909058, 2155.772383241505, 2188.8866295423327
7281.720121860504, 2155.772383241505, 2188.8866295423327
7282.22078204155, 2155.772383241505, 2188.8866295423327
7283.076488494873, 2154.6029038771185, 2188.856445485817
7283.697826385498, 2154.6029038771185, 2188.856445485817
7284.470756292343, 2158.4032067509293, 2188.617685689343
7285.2377026081085, 2158.4032067509293, 2188.617685689343
7285.706446886063, 2158.4032067509293, 2188.617685689343
7286.490348815918, 2156.855615056191, 2188.8054414533094
7287.210419654846, 2156.855615056191, 2188.8054414533094
7287.708087444305, 2156.855615056191, 2188.8054414533094
7288.510938644409, 2154.839295901793, 2188.854200487258
7289.200092792511, 2154.839295901793, 2188.854200487258
7289.723691940308, 2154.839295901793, 2188.854200487258
7290.487644672394, 2155.2289869580286, 2188.7459618313474
7291.488962888718, 2156.701549504584, 2188.8213067844463
7292.46634721756, 2156.6701833681327, 2188.703866298143
7293.053774356842, 2157.388037486522, 2188.8442142444774
7293.999243021011, 2156.0117492539766, 2188.8397837820544
7294.736268281937, 2156.0117492539766, 2188.8397837820544
7295.529146194458, 2156.901818064273, 2188.838187823987
7296.500544309616, 2159.495189093419, 2188.5581894654315
7297.50585269928, 2158.0311679020806, 2188.912428855362
7298.211962938309, 2158.0311679020806, 2188.912428855362
7298.695666074753, 2158.0311679020806, 2188.912428855362
7299.478570461273, 2155.1583624960895, 2188.878794750311
7300.212605714798, 2155.1583624960895, 2188.878794750311
7301.005481958389, 2157.0114853952773, 2188.807627502364
7301.988848686218, 2155.248257991931, 2189.0316129525695
7302.713906764984, 2155.248257991931, 2189.0316129525695
7303.233516931534, 2155.248257991931, 2189.0316129525695
7303.7132313251495, 2155.248257991931, 2189.0316129525695
7304.236829996109, 2155.248257991931, 2189.0316129525695
7304.986821174622, 2157.4986940477143, 2188.8913269397954
7305.69193315506, 2157.4986940477143, 2188.8913269397954
7306.504759073257, 2157.6869694361376, 2188.917861550844
7307.214854955673, 2157.6869694361376, 2188.917861550844
7308.005737781525, 2157.923497052346, 2188.829630335071
7308.704865932465, 2157.923497052346, 2188.829630335071
7309.214502096176, 2157.923497052346, 2188.829630335071
7309.714163303375, 2157.923497052346, 2188.829630335071
7310.231777429581, 2157.923497052346, 2188.829630335071
7310.708500862122, 2157.923497052346, 2188.829630335071
7311.434557199478, 2156.827770810447, 2188.7588950562754
7312.009017944336, 2158.292660022048, 2188.508391953722
7312.75103187561, 2158.292660022048, 2188.508391953722
7313.212795495987, 2158.292660022048, 2188.508391953722
7313.718442201614, 2158.292660022048, 2188.508391953722
7314.513313770294, 2159.676399443523, 2188.8841787031056
7315.2104461193085, 2159.676399443523, 2188.8841787031056
7315.990357637405, 2158.592023219655, 2188.9355843118205
7316.977714300156, 2157.929987693886, 2188.774901067803
7317.69778585434, 2157.929987693886, 2188.774901067803
7318.227368593216, 2157.929987693886, 2188.774901067803
7318.716059684753, 2157.929987693886, 2188.774901067803
7319.211731672287, 2157.929987693886, 2188.774901067803
7319.99363899231, 2158.3543310492178, 2188.769259877376
7320.960050344467, 2159.55827952635, 2188.7795387685096
7321.257255077362, 2159.55827952635, 2188.7795387685096
7321.707051277161, 2159.55827952635, 2188.7795387685096
7322.4909517765045, 2155.927687623489, 2188.962102336976
7323.231967687607, 2155.927687623489, 2188.962102336976
7323.953036785126, 2154.839210552467, 2189.157777585991
7324.241265296936, 2154.839210552467, 2189.157777585991
7324.702031373978, 2154.839210552467, 2189.157777585991
7325.20169377327, 2154.839210552467, 2189.157777585991
7325.988586902618, 2157.9928273767596, 2188.910589900162
7326.720626831055, 2157.9928273767596, 2188.910589900162
7327.209317922592, 2157.9928273767596, 2188.910589900162
7327.991224050522, 2157.6574891192217, 2188.7881131548247
7328.9815719127655, 2158.6170916290953, 2188.880734288548
7330.037749528885, 2158.965350940613, 2188.8470897363545
7330.719919681549, 2158.965350940613, 2188.8470897363545
7331.205617189407, 2158.965350940613, 2188.8470897363545
7331.692314624786, 2158.965350940613, 2188.8470897363545
7332.197959423065, 2158.965350940613, 2188.8470897363545
7332.701611042023, 2158.965350940613, 2188.8470897363545
7333.202271223068, 2158.965350940613, 2188.8470897363545
7333.721880197525, 2158.965350940613, 2188.8470897363545
7334.492816209793, 2157.7888672355193, 2188.865377890801
7335.472193479538, 2155.607001602816, 2188.9065448348806
7336.538338899612, 2157.3398437527053, 2189.0903056703223
7337.475827455521, 2155.9342200528213, 2189.033783202473
7338.523023605347, 2155.988704357758, 2188.920771918271
7339.175278186798, 2155.988704357758, 2188.920771918271
7339.70915722847, 2155.988704357758, 2188.920771918271
7340.531489610672, 2155.747814934274, 2189.0138109287323
7341.550480127335, 2156.805484854898, 2188.824967140772
7342.564217567444, 2155.9632102373325, 2189.0163774478806
7343.253372192383, 2155.9632102373325, 2189.0163774478806
7343.7038996219635, 2155.9632102373325, 2189.0163774478806
7344.510080575943, 2157.918931415116, 2188.6723674790574
7345.210207700729, 2157.918931415116, 2188.6723674790574
7345.752113103867, 2157.918931415116, 2188.6723674790574
7346.2038741111755, 2157.918931415116, 2188.6723674790574
7347.01328086853, 2157.183803109368, 2188.887014245506
7347.998342514038, 2157.678219500835, 2188.822213733745
7348.734371185303, 2157.678219500835, 2188.822213733745
7349.229046583176, 2157.678219500835, 2188.822213733745
7349.728708744049, 2157.678219500835, 2188.822213733745
7350.21241402626, 2157.678219500835, 2188.822213733745
7350.725041627884, 2157.678219500835, 2188.822213733745
7351.201764583588, 2157.678219500835, 2188.822213733745
7351.708407878876, 2157.678219500835, 2188.822213733745
7352.5222289562225, 2156.200343860104, 2188.783245871127
7353.207395076752, 2156.200343860104, 2188.783245871127
7353.710048675537, 2156.200343860104, 2188.783245871127
7354.198740243912, 2156.200343860104, 2188.783245871127
7355.013557910919, 2155.6239335965606, 2189.099950891292
7355.962018251419, 2155.741824826076, 2188.97746512166
7356.985278844833, 2157.958124575352, 2188.838760938774
7357.702359199524, 2157.958124575352, 2188.838760938774
7358.5301423072815, 2156.550389276186, 2188.9025073771777
7359.20633149147, 2156.550389276186, 2188.9025073771777
7359.928398132324, 2156.7532013811597, 2188.929050261239
7360.201668262482, 2156.7532013811597, 2188.929050261239
7360.723270177841, 2156.7532013811597, 2188.929050261239
7361.199993848801, 2156.7532013811597, 2188.929050261239
7361.7255859375, 2156.7532013811597, 2188.929050261239
7362.467599868774, 2156.8462315712104, 2188.8531202388544
7363.476895809174, 2155.6405012371783, 2189.0133449280224
7364.425356864929, 2157.2031841337653, 2188.9100649234606
7364.990841627121, 2156.414993641691, 2188.909084499074
7366.014103651047, 2155.9679620431552, 2188.959131132748
7367.072269678116, 2156.901555608786, 2188.589434609407
7367.785359382629, 2156.901555608786, 2188.589434609407
7368.200251340866, 2156.901555608786, 2188.589434609407
7368.680961608887, 2156.901555608786, 2188.589434609407
7369.245452404022, 2156.901555608786, 2188.589434609407
7369.723171234131, 2156.901555608786, 2188.589434609407
7370.206876277924, 2156.901555608786, 2188.589434609407
7370.706538438797, 2156.901555608786, 2188.589434609407
7371.197224140167, 2156.901555608786, 2188.589434609407
7371.710848331451, 2156.901555608786, 2188.589434609407
7372.557582139969, 2155.569735303868, 2188.9527206090643
7373.208837509155, 2155.569735303868, 2188.9527206090643
7373.742408514023, 2155.569735303868, 2188.9527206090643
7374.207165718079, 2155.569735303868, 2188.9527206090643
7375.058883905411, 2156.7702556001473, 2188.696481753903
7375.985403776169, 2155.058516489427, 2188.9227885107707
7377.027615070343, 2156.2904382370266, 2188.8266114451153
7377.70280456543, 2156.2904382370266, 2188.8266114451153
7378.20845079422, 2156.2904382370266, 2188.8266114451153
7379.009306192398, 2155.211704097057, 2188.753001544755
7379.965745449066, 2154.66561526371, 2188.8253994999186
7380.70476603508, 2154.66561526371, 2188.8253994999186
7381.221382856369, 2154.66561526371, 2188.8253994999186
7381.992319107056, 2155.535810100093, 2189.158671707929
7382.70441198349, 2155.535810100093, 2189.158671707929
7383.4224898815155, 2156.30762851154, 2188.9591311791232
7383.66783452034, 2156.30762851154, 2188.9591311791232
7384.503594636917, 2154.7987380711866, 2189.102095398415
7385.210701227188, 2154.7987380711866, 2189.102095398415
7386.050452709198, 2157.122467791768, 2188.8601014066703
7386.717666625977, 2157.122467791768, 2188.8601014066703
7387.462671041489, 2155.5085673390936, 2188.8303206105857
7388.521834850311, 2156.758074803478, 2188.824833855964
7389.4982216358185, 2156.295979342933, 2188.883202709154
7390.495550632477, 2157.3617543618793, 2188.8763203972935
7391.192683935165, 2157.3617543618793, 2188.8763203972935
7391.979576826096, 2157.1415707271904, 2188.7950865690414
7392.705632448196, 2157.1415707271904, 2188.7950865690414
7393.192330121994, 2157.1415707271904, 2188.7950865690414
7393.974235773087, 2156.677596895813, 2188.714267185781
7394.723230600357, 2156.677596895813, 2188.714267185781
7395.237853765488, 2156.677596895813, 2188.714267185781
7395.739513158798, 2156.677596895813, 2188.714267185781
7396.523410081863, 2157.1559381919205, 2188.9806246719654
7397.245476961136, 2157.1559381919205, 2188.9806246719654
7397.684303045273, 2157.1559381919205, 2188.9806246719654
7398.559957027435, 2154.4409659496278, 2189.2249950411638
7399.272050380707, 2154.4409659496278, 2189.2249950411638
7400.029023170471, 2157.229210571399, 2188.923130988432
7400.715185642242, 2157.229210571399, 2188.923130988432
7401.228810548782, 2157.229210571399, 2188.923130988432
7401.972818374634, 2158.887739418948, 2188.688923299041
7402.709845066071, 2158.887739418948, 2188.688923299041
7403.515687465668, 2156.9052313376674, 2188.8966493797593
7404.504041433334, 2157.581578803384, 2188.9533152887693
7405.215137481689, 2157.581578803384, 2188.9533152887693
7405.965128183365, 2156.23811051888, 2188.9077157418938
7406.707141876221, 2156.23811051888, 2188.9077157418938
7407.196830749512, 2156.23811051888, 2188.9077157418938
7407.95480298996, 2157.4183465147344, 2188.838665657681
7408.563172340393, 2158.4213076206315, 2188.914199928862
7409.470741987228, 2156.8640452031605, 2188.8848371722847
7410.5388815402985, 2156.983748886387, 2189.0461167844064
7411.210084438324, 2156.983748886387, 2189.0461167844064
7411.959079027176, 2157.0545563214046, 2189.0340005238436
7412.556479692459, 2157.7335608561375, 2188.6467261447133
7413.205741643906, 2157.7335608561375, 2188.6467261447133
7413.702412366867, 2157.7335608561375, 2188.6467261447133
7414.189108371735, 2157.7335608561375, 2188.6467261447133
7414.7117075920105, 2157.7335608561375, 2188.6467261447133
7415.217354297638, 2157.7335608561375, 2188.6467261447133
7415.688094854355, 2157.7335608561375, 2188.6467261447133
7416.502912759781, 2157.286656144085, 2189.0154143150826
7417.210018634796, 2157.286656144085, 2189.0154143150826
7417.988935709, 2156.3445450749036, 2188.9757123220193
7418.976289987564, 2156.4963296415917, 2189.2098654270176
7419.992569208145, 2156.9327618914563, 2188.9854489905565
7420.719621658325, 2156.9327618914563, 2188.9854489905565
7421.207316160202, 2156.9327618914563, 2188.9854489905565
7421.681047439575, 2156.9327618914563, 2188.9854489905565
7422.447993993759, 2156.5768513390963, 2188.7491550798177
7423.204966783524, 2156.5768513390963, 2188.7491550798177
7423.766463279724, 2156.5768513390963, 2188.7491550798177
7424.224237203598, 2156.5768513390963, 2188.7491550798177
7425.009135484695, 2157.7970846814937, 2188.8542079182357
7425.732199192047, 2157.7970846814937, 2188.8542079182357
7426.218896627426, 2157.7970846814937, 2188.8542079182357
7426.746483325958, 2157.7970846814937, 2188.8542079182357
7427.2252016067505, 2157.7970846814937, 2188.8542079182357
7428.048996925354, 2155.5604724784853, 2188.836024269873
7428.709228038788, 2155.5604724784853, 2188.836024269873
7429.212879896164, 2155.5604724784853, 2188.836024269873
7430.031689167023, 2157.499183372831, 2188.8675917217965
7430.777689933777, 2157.499183372831, 2188.8675917217965
7431.533665418625, 2156.735022872206, 2188.956920822284
7432.214841842651, 2156.735022872206, 2188.956920822284
7432.747415304184, 2156.735022872206, 2188.956920822284
7433.540293216705, 2157.566356813244, 2188.8911664898956
7434.223464727402, 2157.566356813244, 2188.8911664898956
7434.715146303177, 2157.566356813244, 2188.8911664898956
7435.21680355072, 2157.566356813244, 2188.8911664898956
7435.745388746262, 2157.566356813244, 2188.8911664898956
7436.201167821884, 2157.566356813244, 2188.8911664898956
7436.9970371723175, 2156.214537550703, 2188.994485267127
7437.722097635269, 2156.214537550703, 2188.994485267127
7438.234724521637, 2156.214537550703, 2188.994485267127
7438.7094514369965, 2156.214537550703, 2188.994485267127
7439.2180898189545, 2156.214537550703, 2188.994485267127
7440.048864841461, 2157.2991055763487, 2189.0101967606834
7440.706106185913, 2157.2991055763487, 2189.0101967606834
7441.504966020584, 2157.921080702935, 2188.7036030565514
7442.197113037109, 2157.921080702935, 2188.7036030565514
7442.95508646965, 2154.549915374195, 2189.0470974885616
7443.238325834274, 2154.549915374195, 2189.0470974885616
7444.007266521454, 2157.1949914141815, 2189.0070047955296
7444.710383653641, 2157.1949914141815, 2189.0070047955296
7445.230988740921, 2157.1949914141815, 2189.0070047955296
7446.010901451111, 2158.84225330165, 2189.067009411029
7447.0810351371765, 2156.5310518182505, 2189.0980891131444
7448.040467500687, 2155.1480636075207, 2189.1511593565206
7448.69571185112, 2155.1480636075207, 2189.1511593565206
7449.220307588577, 2155.1480636075207, 2189.1511593565206
7449.7109932899475, 2155.1480636075207, 2189.1511593565206
7450.20965886116, 2155.1480636075207, 2189.1511593565206
7450.694359540939, 2155.1480636075207, 2189.1511593565206
7451.213970184326, 2155.1480636075207, 2189.1511593565206
7451.721609354019, 2155.1480636075207, 2189.1511593565206
7452.480578184128, 2156.517775674729, 2189.1054522853105
7453.213614225388, 2156.517775674729, 2189.1054522853105
7453.745190382004, 2156.517775674729, 2189.1054522853105
7454.181023836136, 2156.517775674729, 2189.1054522853105
7454.968914747238, 2154.7884627974786, 2189.0186283428466
7456.000152587891, 2156.874777633471, 2188.930804878745
7457.0174305438995, 2156.1737993411957, 2189.023274276517
7457.725533008575, 2156.1737993411957, 2189.023274276517
7458.220347881317, 2156.1737993411957, 2189.023274276517
7459.060469150543, 2156.4017542339975, 2188.98884869417
7459.710728645325, 2156.4017542339975, 2188.98884869417
7460.20740032196, 2156.4017542339975, 2188.98884869417
7461.037587881088, 2158.7479341171706, 2188.697657692302
7461.737711906433, 2158.7479341171706, 2188.697657692302
7462.204463005066, 2158.7479341171706, 2188.697657692302
7462.992319583893, 2156.211195744094, 2188.877404559647
7463.809132814407, 2156.211195744094, 2188.877404559647
7464.224021196365, 2156.211195744094, 2188.877404559647
7464.697152137756, 2156.211195744094, 2188.877404559647
7465.535905122757, 2155.00057337751, 2189.132673252461
7466.213091135025, 2155.00057337751, 2189.132673252461
7467.041873455048, 2155.8720685579674, 2189.0129195674995
7467.722372055054, 2155.8720685579674, 2189.0129195674995
7468.199234724045, 2155.8720685579674, 2189.0129195674995
7468.991625070572, 2156.6509588614476, 2189.1346982405084
7469.711696386337, 2156.6509588614476, 2189.1346982405084
7470.20637178421, 2156.6509588614476, 2189.1346982405084
7470.9703278541565, 2156.8565926883243, 2189.0102503691733
7471.989597797394, 2156.006552617093, 2189.0756703696493
7472.909135103226, 2154.6012701583527, 2189.002863622977
7473.493570804596, 2155.5362646569465, 2189.199168952072
7474.200678110123, 2155.5362646569465, 2189.199168952072
7474.666429281235, 2155.5362646569465, 2189.199168952072
7475.495209932327, 2155.367819087702, 2189.259703938065
7476.2073040008545, 2155.367819087702, 2189.259703938065
7476.871527671814, 2154.7493349998012, 2189.348212985304
7477.463938713074, 2155.823857706531, 2189.142696308225
7478.461269378662, 2156.583426661268, 2189.0877828607704
7479.523425102234, 2157.8521312906273, 2188.8991204492527
7480.206596374512, 2157.8521312906273, 2188.8991204492527
7480.706258058548, 2157.8521312906273, 2188.8991204492527
7481.234841585159, 2157.8521312906273, 2188.8991204492527
7482.009767770767, 2155.34883379278, 2189.074444993391
7482.713882923126, 2155.34883379278, 2189.074444993391
7483.495788097382, 2157.0642620693634, 2188.9729195282484
7484.224835634232, 2157.0642620693634, 2188.9729195282484
7484.9738302230835, 2155.56788442107, 2189.0584841248838
7485.749752283096, 2155.56788442107, 2189.0584841248838
7486.222488164902, 2155.56788442107, 2189.0584841248838
7486.707189083099, 2155.56788442107, 2189.0584841248838
7487.176933765411, 2155.56788442107, 2189.0584841248838
7487.713494300842, 2155.56788442107, 2189.0584841248838
7488.234100103378, 2155.56788442107, 2189.0584841248838
7489.023986339569, 2155.912688834048, 2188.9277781780183
7489.713140010834, 2155.912688834048, 2188.9277781780183
7490.218786239624, 2155.912688834048, 2188.9277781780183
7490.700497150421, 2155.912688834048, 2188.9277781780183
7491.201155900955, 2155.912688834048, 2188.9277781780183
7491.6998200416565, 2155.912688834048, 2188.9277781780183
7492.212447881699, 2155.912688834048, 2188.9277781780183
7492.695156812668, 2155.912688834048, 2188.9277781780183
7493.5458772182465, 2155.621119479473, 2189.2183096475756
7494.203117847443, 2155.621119479473, 2189.2183096475756
7494.701784133911, 2155.621119479473, 2189.2183096475756
7495.4812271595, 2156.5208460545473, 2189.10174634268
7496.219250679016, 2156.5208460545473, 2189.10174634268
7496.714177131653, 2156.5208460545473, 2189.10174634268
7497.477133274078, 2158.982996038723, 2189.000088751587
7498.44024515152, 2159.2579378172777, 2188.633827711311
7498.725693702698, 2159.2579378172777, 2188.633827711311
7499.399942398071, 2155.8452806295104, 2189.086020406039
7499.7201154232025, 2155.8452806295104, 2189.086020406039
7500.211799621582, 2155.8452806295104, 2189.086020406039
7500.710463523865, 2155.8452806295104, 2189.086020406039
7501.195198535919, 2155.8452806295104, 2189.086020406039
7502.047428846359, 2157.7403358919355, 2188.9242335647614
7502.70766210556, 2157.7403358919355, 2188.9242335647614
7503.527467250824, 2157.5906547292757, 2189.0901436604317
7504.491458654404, 2157.2416429226278, 2188.82213823977
7505.540461063385, 2155.7024488382267, 2189.1620076354698
7506.227620601654, 2155.7024488382267, 2189.1620076354698
7506.718307495117, 2155.7024488382267, 2189.1620076354698
7507.182064771652, 2155.7024488382267, 2189.1620076354698
7508.050740003586, 2156.833798344859, 2189.036024831615
7509.022137403488, 2156.7448419024586, 2188.9754052939425
7509.71328663826, 2156.7448419024586, 2188.9754052939425
7510.198986053467, 2156.7448419024586, 2188.9754052939425
7510.731560230255, 2156.7448419024586, 2188.9754052939425
7511.180359840393, 2156.7448419024586, 2188.9754052939425
7512.040056705475, 2157.763221425912, 2188.8346681660387
7512.73619389534, 2157.763221425912, 2188.8346681660387
7513.5210909843445, 2158.3595251131974, 2188.7635356628866
7514.20525932312, 2158.3595251131974, 2188.7635356628866
7514.947271823883, 2155.442142501102, 2189.0948443211137
7515.260433673859, 2155.442142501102, 2189.0948443211137
7515.72020316124, 2155.442142501102, 2189.0948443211137
7516.230835437775, 2155.442142501102, 2189.0948443211137
7516.731494188309, 2155.442142501102, 2189.0948443211137
7517.464532852173, 2155.6382881938466, 2188.831277478408
7518.196571350098, 2155.6382881938466, 2188.831277478408
7518.700222730637, 2155.6382881938466, 2188.831277478408
7519.181933164597, 2155.6382881938466, 2188.831277478408
7519.983786582947, 2156.5567508640233, 2189.071641603368
7520.696876049042, 2156.5567508640233, 2189.071641603368
7521.460831642151, 2155.1497173010757, 2188.9618268772924
7522.481098890305, 2156.7886261939307, 2188.9076284620824
7523.469453334808, 2156.522533581754, 2188.825335394013
7524.214458227158, 2156.522533581754, 2188.825335394013
7524.708136081696, 2156.522533581754, 2188.825335394013
7525.187853574753, 2156.522533581754, 2188.825335394013
7525.951806545258, 2154.381180784967, 2189.0437196638854
7526.248012542725, 2154.381180784967, 2189.0437196638854
7526.78956246376, 2154.381180784967, 2189.0437196638854
7527.250330448151, 2154.381180784967, 2189.0437196638854
7527.732040166855, 2154.381180784967, 2189.0437196638854
7528.229706764221, 2154.381180784967, 2189.0437196638854
7528.707426786423, 2154.381180784967, 2189.0437196638854
7529.208088159561, 2154.381180784967, 2189.0437196638854
7530.071774721146, 2154.3860825694805, 2189.1207631781167
7530.721036195755, 2154.3860825694805, 2189.1207631781167
7531.215714931488, 2154.3860825694805, 2189.1207631781167
7531.69443154335, 2154.3860825694805, 2189.1207631781167
7532.514117479324, 2157.4910861217227, 2188.8554519603927
7533.217235088348, 2157.4910861217227, 2188.8554519603927
7534.020087718964, 2157.460030384974, 2188.8762813828057
7534.706248283386, 2157.460030384974, 2188.8762813828057
7535.473195552826, 2156.3252343322565, 2188.868851632536
7536.215208530426, 2156.3252343322565, 2188.868851632536
7536.710880756378, 2156.3252343322565, 2188.868851632536
7537.1856100559235, 2156.3252343322565, 2188.868851632536
7537.665325880051, 2156.3252343322565, 2188.868851632536
7538.47814822197, 2156.31128630301, 2188.923174135047
7539.2101883888245, 2156.31128630301, 2188.923174135047
7539.94821190834, 2156.042891480263, 2188.8092021701004
7540.538631677628, 2156.252885154095, 2188.9373333658914
7541.208838224411, 2156.252885154095, 2188.9373333658914
7541.671599626541, 2156.252885154095, 2188.9373333658914
7542.508356809616, 2155.9156831873443, 2189.1340890505558
7543.509676456451, 2156.951098324324, 2188.9526673141186
7544.226756334305, 2156.951098324324, 2188.9526673141186
7544.706471920013, 2156.951098324324, 2188.9526673141186
7545.197158813477, 2156.951098324324, 2188.9526673141186
7545.928200483322, 2157.2148713975735, 2188.992327691065
7546.5176217556, 2155.408757711252, 2189.027003966969
7547.506975889206, 2155.1405671334196, 2189.1366130937254
7548.536216974258, 2155.454598488543, 2189.293080700873
7549.525567770004, 2156.053919406092, 2188.8769830858573
7550.531873226166, 2156.068420649871, 2189.034082760464
7551.228008747101, 2156.068420649871, 2189.034082760464
7551.980998754501, 2156.9891893908425, 2188.808669339795
7552.7259974479675, 2156.9891893908425, 2188.808669339795
7553.214689016342, 2156.9891893908425, 2188.808669339795
7553.666480064392, 2156.9891893908425, 2188.808669339795
7554.505234241486, 2158.3982188724503, 2188.843195050449
7555.215331792831, 2158.3982188724503, 2188.843195050449
7555.989261865616, 2157.0238065297317, 2188.901573295592
7556.707337379456, 2157.0238065297317, 2188.901573295592
7557.470296382904, 2157.4341925365047, 2188.8618091244325
7558.201337337494, 2157.4341925365047, 2188.8618091244325
7558.701997280121, 2157.4341925365047, 2188.8618091244325
7559.207643032074, 2157.4341925365047, 2188.8618091244325
7559.691348791122, 2157.4341925365047, 2188.8618091244325
7560.203975200653, 2157.4341925365047, 2188.8618091244325
7560.726575374603, 2157.4341925365047, 2188.8618091244325
7561.208285808563, 2157.4341925365047, 2188.8618091244325
7561.699969530106, 2157.4341925365047, 2188.8618091244325
7562.509800672531, 2154.2744352520194, 2189.1343313069688
7563.209926605225, 2154.2744352520194, 2189.1343313069688
7563.718565225601, 2154.2744352520194, 2189.1343313069688
7564.556320428848, 2158.0371751882544, 2189.5548372826565
7565.2035875320435, 2158.0371751882544, 2189.5548372826565
7565.958567619324, 2157.682801263322, 2188.83286687983
7566.54300069809, 2156.2835204369785, 2189.1468550255686
7567.2251744270325, 2156.2835204369785, 2189.1468550255686
7567.692921876907, 2156.2835204369785, 2189.1468550255686
7568.527687072754, 2156.1420885038556, 2189.2766287778218
7569.204874753952, 2156.1420885038556, 2189.2766287778218
7569.933921337128, 2156.9730415012405, 2189.037723353538
7570.177269458771, 2156.9730415012405, 2189.037723353538
7570.733779668808, 2156.9730415012405, 2189.037723353538
7571.20850944519, 2156.9730415012405, 2189.037723353538
7571.6842358112335, 2156.9730415012405, 2189.037723353538
7572.460157632828, 2156.009128320499, 2189.1314895155483
7573.211146593094, 2156.009128320499, 2189.1314895155483
7573.977096319199, 2156.438040572386, 2189.0600490917363
7574.96145939827, 2156.718468118861, 2188.9491805128173
7575.695494413376, 2156.718468118861, 2188.9491805128173
7576.468425273895, 2156.6835133202267, 2189.0060971083553
7577.49068903923, 2155.927548661422, 2189.136454549675
7578.17884516716, 2155.927548661422, 2189.136454549675
7578.9906713962555, 2156.6141852002993, 2188.931179054122
7579.714732170105, 2156.6141852002993, 2188.931179054122
7580.165526151657, 2156.6141852002993, 2188.931179054122
7580.979346036911, 2156.9278604102265, 2188.987225712256
7581.70440530777, 2156.9278604102265, 2188.987225712256
7582.503266572952, 2157.1874408771505, 2188.9618820445244
7583.226329088211, 2157.1874408771505, 2188.9618820445244
7583.722999572754, 2157.1874408771505, 2188.9618820445244
7584.186758995056, 2157.1874408771505, 2188.9618820445244
7584.997586250305, 2156.4410597680235, 2188.9823371894618
7585.956022977829, 2156.3500160040394, 2189.0024525945187
7587.02416062355, 2155.79521165795, 2189.0261230059336
7587.757198572159, 2155.79521165795, 2189.0261230059336
7588.18904209137, 2155.79521165795, 2189.0261230059336
7588.998872518539, 2155.9080149540555, 2189.050939465568
7589.719941854477, 2155.9080149540555, 2189.050939465568
7590.182703971863, 2155.9080149540555, 2189.050939465568
7590.972588300705, 2156.863718436967, 2189.1606279960456
7591.707619905472, 2156.863718436967, 2189.1606279960456
7592.5673179626465, 2158.899357987169, 2188.952407185403
7593.2335340976715, 2158.899357987169, 2188.952407185403
7593.7760808467865, 2158.899357987169, 2188.952407185403
7594.208921670914, 2158.899357987169, 2188.952407185403
7594.700606107712, 2158.899357987169, 2188.952407185403
7595.214229822159, 2158.899357987169, 2188.952407185403
7595.737828493118, 2158.899357987169, 2188.952407185403
7596.219539165497, 2158.899357987169, 2188.952407185403
7597.051311016083, 2156.7638524483036, 2188.8086553545804
7597.713538885117, 2156.7638524483036, 2188.8086553545804
7598.211206436157, 2156.7638524483036, 2188.8086553545804
7598.706880092621, 2156.7638524483036, 2188.8086553545804
7599.209532737732, 2156.7638524483036, 2188.8086553545804
7599.70720076561, 2156.7638524483036, 2188.8086553545804
7600.5040674209595, 2157.1595334199837, 2189.0725249123902
7601.4525265693665, 2156.8273271375374, 2189.251078928807
7602.186561584473, 2156.8273271375374, 2189.251078928807
7603.002378463745, 2157.1702665446714, 2189.10357175426
7603.9727783203125, 2158.005077235781, 2189.007726638444
7604.97110581398, 2157.291309976897, 2189.0828297091557
7605.709129571915, 2157.291309976897, 2189.0828297091557
7606.468097448349, 2155.041996252786, 2189.204609508158
7607.521276473999, 2157.0747627720243, 2189.1765609485647
7608.2144203186035, 2157.0747627720243, 2189.1765609485647
7608.949453115463, 2156.979473774007, 2189.0232853531
7609.231696367264, 2156.979473774007, 2189.0232853531
7609.7283663749695, 2156.979473774007, 2189.0232853531
7610.189134836197, 2156.979473774007, 2189.0232853531
7610.703758478165, 2156.979473774007, 2189.0232853531
7611.496632099152, 2157.4289752027403, 2188.8440951724965
7612.1997492313385, 2157.4289752027403, 2188.8440951724965
7612.993624687195, 2156.349201105858, 2189.009939450675
7613.994941949844, 2156.047365220696, 2189.3405802018015
7614.96235203743, 2156.530857345204, 2189.2581114930017
7615.247588157654, 2156.530857345204, 2189.2581114930017
7615.708353996277, 2156.530857345204, 2189.2581114930017
7616.211010932922, 2156.530857345204, 2189.2581114930017
7617.001890659332, 2156.3204512568786, 2189.110064277508
7617.712986707687, 2156.3204512568786, 2189.110064277508
7618.203674316406, 2156.3204512568786, 2189.110064277508
7618.928731441498, 2158.3925762489, 2188.7513609889666
7619.534111022949, 2156.0343589374565, 2189.1778719289373
7620.506507635117, 2156.593926929906, 2189.0263376070984
7621.493862867355, 2158.2798978198934, 2189.0062689595775
7622.206953525543, 2158.2798978198934, 2189.0062689595775
7622.705618858337, 2158.2798978198934, 2189.0062689595775
7623.490517616272, 2156.384219057764, 2189.1086469512657
7624.201612234116, 2156.384219057764, 2189.1086469512657
7624.960581064224, 2156.022355269272, 2189.2648623156697
7625.533048152924, 2157.6833128345033, 2189.14689726918
7626.19228219986, 2157.6833128345033, 2189.14689726918
7626.955241441727, 2156.6370455073948, 2189.0131003079823
7627.469861984253, 2156.631537171266, 2189.1737671042174
7627.72617483139, 2156.631537171266, 2189.1737671042174
7628.216862440109, 2156.631537171266, 2189.1737671042174
7628.718518257141, 2156.631537171266, 2189.1737671042174
7629.20920419693, 2156.631537171266, 2189.1737671042174
7629.725821256638, 2156.631537171266, 2189.1737671042174
7630.220497608185, 2156.631537171266, 2189.1737671042174
7631.007390737534, 2154.9093934699135, 2189.3377211245065
7631.973801374435, 2155.595791956873, 2189.2174228638896
7632.708833217621, 2155.595791956873, 2189.2174228638896
7633.170598268509, 2155.595791956873, 2189.2174228638896
7633.723118543625, 2155.595791956873, 2189.2174228638896
7634.4870727062225, 2156.2661061669273, 2189.0017779727036
7635.535265684128, 2157.4296757473717, 2188.9569719691976
7636.50367307663, 2157.4323486416156, 2189.108051280656
7637.512969493866, 2157.2802216798877, 2189.3489530785373
7638.499328613281, 2156.4781931214966, 2189.415752966319
7639.529570102692, 2156.363516715526, 2188.8812986524763
7640.507951259613, 2157.161507407355, 2189.0314595987425
7641.2080755233765, 2157.161507407355, 2189.0314595987425
7641.708738565445, 2157.161507407355, 2189.0314595987425
7642.476679325104, 2157.004155003093, 2189.208854874007
7643.203732728958, 2157.004155003093, 2189.208854874007
7643.742290258408, 2157.004155003093, 2189.208854874007
7644.529183626175, 2155.878363269073, 2189.050565042333
7645.53449177742, 2156.039182913716, 2189.003642424257
7646.495916366577, 2156.6635332150818, 2188.9291732526576
7647.217984676361, 2156.6635332150818, 2188.9291732526576
7647.724626779556, 2156.6635332150818, 2188.9291732526576
7648.253212213516, 2156.6635332150818, 2188.9291732526576
7648.7817969322205, 2156.6635332150818, 2188.9291732526576
7649.203666448593, 2156.6635332150818, 2188.9291732526576
7649.731253862381, 2156.6635332150818, 2188.9291732526576
7650.2169535160065, 2156.6635332150818, 2188.9291732526576
7650.728583574295, 2156.6635332150818, 2188.9291732526576
7651.5025107860565, 2155.305807572501, 2189.086672227981
7652.2006413936615, 2155.305807572501, 2189.086672227981
7653.042387962341, 2155.6662564756302, 2188.885985236129
7654.0586659908295, 2155.2604997997614, 2189.3452855804485
7654.729869127274, 2155.2604997997614, 2189.3452855804485
7655.208587408066, 2155.2604997997614, 2189.3452855804485
7655.73916888237, 2155.2604997997614, 2189.3452855804485
7656.207911968231, 2155.2604997997614, 2189.3452855804485
7656.707573413849, 2155.2604997997614, 2189.3452855804485
7657.207236766815, 2155.2604997997614, 2189.3452855804485
7658.010086297989, 2155.170135921215, 2189.148084496723
7658.717192173004, 2155.170135921215, 2189.148084496723
7659.209874629974, 2155.170135921215, 2189.148084496723
7660.060596466064, 2154.701152983586, 2189.168725515076
7660.726811647415, 2154.701152983586, 2189.168725515076
7661.229466676712, 2154.701152983586, 2189.168725515076
7661.733117818832, 2154.701152983586, 2189.168725515076
7662.2307851314545, 2154.701152983586, 2189.168725515076
7662.743412017822, 2154.701152983586, 2189.168725515076
7663.221134185791, 2154.701152983586, 2189.168725515076
7663.962148666382, 2151.8213581306522, 2189.247465150247
7664.984411478043, 2153.7056303387744, 2188.8731524294662
7666.07349729538, 2153.9417702673977, 2189.0705502015353
7666.71777009964, 2153.9417702673977, 2189.0705502015353
7667.228403329849, 2153.9417702673977, 2189.0705502015353
7668.056187152863, 2154.244442007844, 2189.012455968964
7668.712428808212, 2154.244442007844, 2189.012455968964
7669.506304502487, 2154.6922221502296, 2189.0674607845986
7670.515600681305, 2153.0330674342767, 2189.1235028439037
7671.238665103912, 2153.0330674342767, 2189.1235028439037
7671.967712879181, 2153.0590112503924, 2189.065692877215
7672.2290143966675, 2153.0590112503924, 2189.065692877215
7673.02986907959, 2151.416882395542, 2189.2636693356462
7673.705062627792, 2151.416882395542, 2189.2636693356462
7674.463032722473, 2153.393068854475, 2188.917903446782
7675.199060678482, 2153.393068854475, 2188.917903446782
7675.706701993942, 2153.393068854475, 2188.917903446782
7676.544458866119, 2152.850405155855, 2189.1434341375098
7677.224637031555, 2152.850405155855, 2189.1434341375098
7677.712331056595, 2152.850405155855, 2189.1434341375098
7678.222964048386, 2152.850405155855, 2189.1434341375098
7678.709661960602, 2152.850405155855, 2189.1434341375098
7679.220294237137, 2152.850405155855, 2189.1434341375098
7680.043091773987, 2153.842158500936, 2189.108899900582
7680.747205018997, 2153.842158500936, 2189.108899900582
7681.240884542465, 2153.842158500936, 2189.108899900582
7681.735558509827, 2153.842158500936, 2189.108899900582
7682.225247144699, 2153.842158500936, 2189.108899900582
7682.715932369232, 2153.842158500936, 2189.108899900582
7683.21360039711, 2153.842158500936, 2189.108899900582
7683.705284118652, 2153.842158500936, 2189.108899900582
7684.559996843338, 2151.8203859556315, 2189.2173739743557
7685.243166923523, 2151.8203859556315, 2189.2173739743557
7685.9602472782135, 2153.0272070439264, 2189.232979791063
7686.712231636047, 2153.0272070439264, 2189.232979791063
7687.2158834934235, 2153.0272070439264, 2189.232979791063
7688.002777099609, 2154.367163087632, 2189.0442435568625
7688.724845170975, 2154.367163087632, 2189.0442435568625
7689.1975774765015, 2154.367163087632, 2189.0442435568625
7690.002422332764, 2154.0314111544626, 2188.9972630550988
7690.717508554459, 2154.0314111544626, 2188.9972630550988
7691.2101883888245, 2154.0314111544626, 2188.9972630550988
7691.707858085632, 2154.0314111544626, 2188.9972630550988
7692.533645153046, 2152.70890549428, 2189.200742834357
7693.514019727707, 2153.0065215228624, 2189.0338667779315
7694.203175067902, 2153.0065215228624, 2189.0338667779315
7694.7118129730225, 2153.0065215228624, 2189.0338667779315
7695.522641420364, 2152.6022506863196, 2189.2539342965133
7696.473097324371, 2153.506920383076, 2189.3481444018544
7697.489376306534, 2153.9018542666554, 2189.1444212536817
7698.532581567764, 2151.98265592637, 2189.2577556873803
7699.535895586014, 2151.13314974648, 2189.1298431184873
7700.490340471268, 2155.060990953501, 2189.203352941291
7701.241330385208, 2155.060990953501, 2189.203352941291
7702.075096607208, 2153.4465357134027, 2189.2271433074707
7702.728348016739, 2153.4465357134027, 2189.2271433074707
7703.542169570923, 2154.9461220683693, 2189.273622290754
7704.441759586334, 2154.885365793599, 2189.1899571585946
7704.7120361328125, 2154.885365793599, 2189.1899571585946
7705.535829782486, 2154.1257669312636, 2189.260546525461
7706.2120196819305, 2154.1257669312636, 2189.260546525461
7706.721656084061, 2154.1257669312636, 2189.260546525461
7707.529490947723, 2155.6304054082016, 2189.0624806220767
7708.215653896332, 2155.6304054082016, 2189.0624806220767
7709.0234916210175, 2153.2283423247295, 2189.232847208211
7709.734586954117, 2153.2283423247295, 2189.232847208211
7710.519484758377, 2155.769724217811, 2188.9700704573224
7711.222604751587, 2155.769724217811, 2188.9700704573224
7711.718275308609, 2155.769724217811, 2188.9700704573224
7712.530101776123, 2157.894782456301, 2188.8254462777704
7713.511474370956, 2154.7980369994407, 2189.1370525038114
7714.467912912369, 2155.33602461022, 2189.1476221013154
7715.204939365387, 2155.33602461022, 2189.1476221013154
7716.039705753326, 2156.5984740147896, 2188.9681599824307
7717.024070262909, 2158.875022883352, 2189.485135030242
7717.999456882477, 2154.7824236941037, 2189.1409780608215
7718.994791269302, 2156.228213667267, 2188.8437786353115
7719.728826522827, 2156.228213667267, 2188.8437786353115
7720.4907858371735, 2157.144126751476, 2189.0359232034666
7721.486120462418, 2157.3407421014426, 2189.058123065501
7722.421616077423, 2156.8065833332, 2189.406490800856
7722.6839146614075, 2156.8065833332, 2189.406490800856
7723.215491056442, 2156.8065833332, 2189.406490800856
7724.042277574539, 2158.481354112795, 2188.9470850094212
7724.7045040130615, 2158.481354112795, 2188.9470850094212
7725.2191252708435, 2158.481354112795, 2188.9470850094212
7725.735741376877, 2158.481354112795, 2188.9470850094212
7726.203489542007, 2158.481354112795, 2188.9470850094212
7727.054213285446, 2154.919876314606, 2189.1305724098825
7727.994693517685, 2156.275391151422, 2189.3117474602204
7729.0199472904205, 2157.077527847104, 2189.1244829511115
7729.723064899445, 2157.077527847104, 2189.1244829511115
7730.466075658798, 2158.3849171460683, 2188.831653474807
7731.487342119217, 2159.6838501960397, 2189.038358182623
7732.16951417923, 2159.6838501960397, 2189.038358182623
7732.717047929764, 2159.6838501960397, 2189.038358182623
7733.21272110939, 2159.6838501960397, 2189.038358182623
7734.016568899155, 2157.6500503114758, 2189.1141255759967
7734.974005460739, 2157.4613506168203, 2189.257693021545
7735.7319757938385, 2157.4613506168203, 2189.257693021545
7736.546793460846, 2160.158508949342, 2189.4833933211603
7737.230961561203, 2160.158508949342, 2189.4833933211603
7737.730623960495, 2160.158508949342, 2189.4833933211603
7738.211337327957, 2160.158508949342, 2189.4833933211603
7738.992245197296, 2157.5413461740295, 2189.318558774566
7739.723290681839, 2157.5413461740295, 2189.318558774566
7740.628864765167, 2156.7978573583305, 2188.9274483990002
7741.19634437561, 2156.7978573583305, 2188.9274483990002
7741.713958024979, 2156.7978573583305, 2188.9274483990002
7742.540744543076, 2156.8678456074113, 2189.163971669849
7743.244860172272, 2156.8678456074113, 2189.163971669849
7743.684682846069, 2156.8678456074113, 2189.163971669849
7744.513461828232, 2157.6262522951374, 2189.08591357161
7745.464913606644, 2156.9356135983426, 2189.1058691402923
7745.697292566299, 2156.9356135983426, 2189.1058691402923
7746.518094539642, 2159.5059886174145, 2189.072799773939
7747.1972761154175, 2159.5059886174145, 2189.072799773939
7747.96023273468, 2157.235344646346, 2189.1401550148134
7748.534694433212, 2157.3422018478386, 2189.2854048531726
7749.198915719986, 2157.3422018478386, 2189.2854048531726
7749.982816934586, 2157.9945433882294, 2189.2799103218185
7750.728819608688, 2157.9945433882294, 2189.2799103218185
7751.218509674072, 2157.9945433882294, 2189.2799103218185
7751.701215028763, 2157.9945433882294, 2189.2799103218185
7752.5549302101135, 2158.54544502087, 2189.288035137806
7753.241092681885, 2158.54544502087, 2189.288035137806
7753.70485162735, 2158.54544502087, 2189.288035137806
7754.547594308853, 2157.177942817209, 2189.1765624597306
7755.192866325378, 2157.177942817209, 2189.1765624597306
7755.694524049759, 2157.177942817209, 2189.1765624597306
7756.210142850876, 2157.177942817209, 2189.1765624597306
7756.719779014587, 2157.177942817209, 2189.1765624597306
7757.212459564209, 2157.177942817209, 2189.1765624597306
7757.9953627586365, 2156.9983939865324, 2189.1019503429316
7758.731392383575, 2156.9983939865324, 2189.1019503429316
7759.192157745361, 2156.9983939865324, 2189.1019503429316
7759.701793193817, 2156.9983939865324, 2189.1019503429316
7760.491678237915, 2158.4583404235614, 2189.287374021606
7761.215739965439, 2158.4583404235614, 2189.287374021606
7761.706426858902, 2158.4583404235614, 2189.287374021606
7762.210076808929, 2158.4583404235614, 2189.287374021606
7762.749632835388, 2158.4583404235614, 2189.287374021606
7763.231342077255, 2158.4583404235614, 2189.287374021606
7763.698092460632, 2158.4583404235614, 2189.287374021606
7764.19775724411, 2158.4583404235614, 2189.287374021606
7764.725342750549, 2158.4583404235614, 2189.287374021606
7765.224006414413, 2158.4583404235614, 2189.287374021606
7765.981976747513, 2159.562825460486, 2189.5249740281783
7766.697064399719, 2159.562825460486, 2189.5249740281783
7767.2196633815765, 2159.562825460486, 2189.5249740281783
7767.720322608948, 2159.562825460486, 2189.5249740281783
7768.218987941742, 2159.562825460486, 2189.5249740281783
7768.7206444740295, 2159.562825460486, 2189.5249740281783
7769.229282855988, 2159.562825460486, 2189.5249740281783
7769.701018333435, 2159.562825460486, 2189.5249740281783
7770.487912416458, 2158.4393535061554, 2189.094966731939
7771.500202894211, 2156.9522437256023, 2189.1991231571124
7772.209302663803, 2156.9522437256023, 2189.1991231571124
7773.002179145813, 2158.6543095924453, 2189.0362071346985
7773.699313163757, 2158.6543095924453, 2189.0362071346985
7774.509145975113, 2157.832865685795, 2189.164434498829
7775.48353600502, 2158.2367452869066, 2189.1464018661864
7776.20560336113, 2158.2367452869066, 2189.1464018661864
7776.6982843875885, 2158.2367452869066, 2189.1464018661864
7777.220884561539, 2158.2367452869066, 2189.1464018661864
7778.003787755966, 2159.0387039939587, 2189.000194726892
7778.705908536911, 2159.0387039939587, 2189.000194726892
7779.505766868591, 2158.4768284878355, 2189.0532489771604
7780.216861248016, 2158.4768284878355, 2189.0532489771604
7780.707547426224, 2158.4768284878355, 2189.0532489771604
7781.5293481349945, 2158.8995831817556, 2189.215348007793
7782.539641857147, 2159.5893240209966, 2189.055332668083
7783.210844993591, 2159.5893240209966, 2189.055332668083
7783.972805261612, 2158.635181350739, 2189.2626840551393
7784.517346382141, 2158.729203271002, 2189.3301442161073
7785.210491895676, 2158.729203271002, 2189.3301442161073
7786.0253093242645, 2159.3856452666373, 2189.5223137609355
7786.7334134578705, 2159.3856452666373, 2189.5223137609355
7787.197171211243, 2159.3856452666373, 2189.5223137609355
7788.011989116669, 2158.2244598926004, 2189.2741506140737
7788.7021408081055, 2158.2244598926004, 2189.2741506140737
7789.527930021286, 2158.8728201631047, 2189.1423484446377
7790.226060390472, 2158.8728201631047, 2189.1423484446377
7790.729711771011, 2158.8728201631047, 2189.1423484446377
7791.5864181518555, 2158.7410162536808, 2189.099157219214
7792.20077252388, 2158.7410162536808, 2189.099157219214
7793.019580125809, 2159.559312953865, 2189.183138515823
7793.710730552673, 2159.559312953865, 2189.183138515823
7794.24230670929, 2159.559312953865, 2189.183138515823
7794.6980855464935, 2159.559312953865, 2189.183138515823
7795.210713863373, 2159.559312953865, 2189.183138515823
7795.992621421814, 2158.8606923554325, 2189.1753471600177
7796.722665786743, 2158.8606923554325, 2189.1753471600177
7797.21434879303, 2158.8606923554325, 2189.1753471600177
7797.736949920654, 2158.8606923554325, 2189.1753471600177
7798.202702045441, 2158.8606923554325, 2189.1753471600177
7798.760210752487, 2158.8606923554325, 2189.1753471600177
7799.231946468353, 2158.8606923554325, 2189.1753471600177
7800.026817560196, 2158.518167856186, 2189.23501362607
7801.015171051025, 2160.3331827318043, 2188.880089126406
7802.028459072113, 2159.9482700195017, 2189.1953178426734
7803.009829998016, 2159.4649023010297, 2189.188191001785
7803.726910114288, 2159.4649023010297, 2189.188191001785
7804.2106165885925, 2159.4649023010297, 2189.188191001785
7805.030419826508, 2158.939607779386, 2189.3433977655036
7805.735532283783, 2158.939607779386, 2189.3433977655036
7806.199291467667, 2158.939607779386, 2189.3433977655036
7807.018097639084, 2158.8140018471013, 2189.390521428368
7807.72221326828, 2158.8140018471013, 2189.390521428368
7808.525064945221, 2159.943779588814, 2189.282803947446
7809.207236289978, 2159.943779588814, 2189.282803947446
7809.71587395668, 2159.943779588814, 2189.282803947446
7810.4927933216095, 2160.012515719081, 2189.103545282685
7811.4711747169495, 2158.1195791207538, 2189.315637515131
7812.220169067383, 2158.1195791207538, 2189.315637515131
7812.714844226837, 2158.1195791207538, 2189.315637515131
7813.204532623291, 2158.1195791207538, 2189.315637515131
7814.018353223801, 2159.973314889562, 2189.25951895588
7814.700527429581, 2159.973314889562, 2189.25951895588
7815.211159706116, 2159.973314889562, 2189.25951895588
7816.013013124466, 2158.897744807748, 2189.380228511713
7816.715132951736, 2158.897744807748, 2189.380228511713
7817.528953552246, 2159.019728230322, 2189.4254556906735
7818.239052772522, 2159.019728230322, 2189.4254556906735
7818.711786746979, 2159.019728230322, 2189.4254556906735
7819.226408481598, 2159.019728230322, 2189.4254556906735
7819.701136350632, 2159.019728230322, 2189.4254556906735
7820.224736213684, 2159.019728230322, 2189.4254556906735
7821.0515213012695, 2159.8190187005607, 2189.355528618532
7822.011949062347, 2159.4510766914213, 2189.2370296226222
7822.715067625046, 2159.4510766914213, 2189.2370296226222
7823.241657733917, 2159.4510766914213, 2189.2370296226222
7823.713395833969, 2159.4510766914213, 2189.2370296226222
7824.512254714966, 2161.0298756942975, 2189.2673956893564
7825.248284578323, 2161.0298756942975, 2189.2673956893564
7825.738976478577, 2161.0298756942975, 2189.2673956893564
7826.558775186539, 2159.2070025474995, 2189.2663913026818
7827.2180099487305, 2159.2070025474995, 2189.2663913026818
7828.038813352585, 2160.0688272924544, 2189.446916781909
7828.701038599014, 2160.0688272924544, 2189.446916781909
7829.2086789608, 2160.0688272924544, 2189.446916781909
7829.774166345596, 2160.0688272924544, 2189.446916781909
7830.533134698868, 2159.82664193293, 2189.164266621452
7831.228271484375, 2159.82664193293, 2189.164266621452
7831.727934360504, 2159.82664193293, 2189.164266621452
7832.534775257111, 2161.2898297983347, 2189.2005301564895
7833.535096168518, 2159.374500442898, 2189.3219989659915
7834.5573580265045, 2160.352321127671, 2189.3085505408103
7835.2455151081085, 2160.352321127671, 2189.3085505408103
7835.706282377243, 2160.352321127671, 2189.3085505408103
7836.21990609169, 2160.352321127671, 2189.3085505408103
7837.016774177551, 2160.4568498970757, 2189.319870767373
7837.721884012222, 2160.4568498970757, 2189.319870767373
7838.231519699097, 2160.4568498970757, 2189.319870767373
7838.702259302139, 2160.4568498970757, 2189.319870767373
7839.2278525829315, 2160.4568498970757, 2189.319870767373
7839.712554693222, 2160.4568498970757, 2189.319870767373
7840.224185466766, 2160.4568498970757, 2189.319870767373
7840.714870929718, 2160.4568498970757, 2189.319870767373
7841.524702787399, 2161.360782555454, 2189.3559144096303
7842.2238347530365, 2161.360782555454, 2189.3559144096303
7842.732468366623, 2161.360782555454, 2189.3559144096303
7843.56324338913, 2161.9072722330407, 2189.3789179696983
7844.19854259491, 2161.9072722330407, 2189.3789179696983
7844.733111143112, 2161.9072722330407, 2189.3789179696983
7845.19686961174, 2161.9072722330407, 2189.3789179696983
7845.719470500946, 2161.9072722330407, 2189.3789179696983
7846.513344287872, 2162.508712389663, 2189.412489581353
7847.486737251282, 2162.6698107145953, 2189.278023682066
7848.2247631549835, 2162.6698107145953, 2189.278023682066
7848.9996864795685, 2160.964873214208, 2189.3922731403645
7850.048878192902, 2160.9141567502243, 2189.397704533247
7851.00830745697, 2160.3520465387633, 2189.2569503134237
7852.030571937561, 2163.296824303904, 2189.616512840005
7853.034883737564, 2161.3802304403957, 2189.2987957036953
7853.784873723984, 2161.3802304403957, 2189.2987957036953
7854.2177147865295, 2161.3802304403957, 2189.2987957036953
7854.719372034073, 2161.3802304403957, 2189.2987957036953
7855.199086904526, 2161.3802304403957, 2189.2987957036953
7855.737645626068, 2161.3802304403957, 2189.2987957036953
7856.2333171367645, 2161.3802304403957, 2189.2987957036953
7856.997273206711, 2162.8919473448636, 2189.382106779317
7858.023525238037, 2161.023679928888, 2189.325585522206
7858.722652435303, 2161.023679928888, 2189.325585522206
7859.221316814423, 2161.023679928888, 2189.325585522206
7860.099964618683, 2162.996673834059, 2189.6490721243235
7860.740249872208, 2162.996673834059, 2189.6490721243235
7861.218967914581, 2162.996673834059, 2189.6490721243235
7862.0138392448425, 2160.401632340451, 2189.331525641451
7862.7039914131165, 2160.401632340451, 2189.331525641451
7863.495871543884, 2162.42198247034, 2189.1538475320967
7864.201980829239, 2162.42198247034, 2189.1538475320967
7864.712612390518, 2162.42198247034, 2189.1538475320967
7865.181358575821, 2162.42198247034, 2189.1538475320967
7866.036071300507, 2161.812302476998, 2189.0841205091097
7866.6943073272705, 2161.812302476998, 2189.0841205091097
7867.203941583633, 2161.812302476998, 2189.0841205091097
7868.081593036652, 2162.317259471695, 2189.398650068867
7869.0011303424835, 2162.8114618777945, 2189.0242449046627
7870.050320386887, 2161.2175066870404, 2189.3310727382122
7870.713544845581, 2161.2175066870404, 2189.3310727382122
7871.195254564285, 2161.2175066870404, 2189.3310727382122
7872.036004066467, 2161.4510079039683, 2189.032736532985
7872.699228048325, 2161.4510079039683, 2189.032736532985
7873.207865953445, 2161.4510079039683, 2189.032736532985
7874.029664754868, 2162.1779057576955, 2189.3304533664796
7874.713834524155, 2162.1779057576955, 2189.3304533664796
7875.213496208191, 2162.1779057576955, 2189.3304533664796
7875.994405031204, 2162.0361835255035, 2189.20687131324
7876.952838182449, 2160.5826484273985, 2189.4352728233275
7877.212144136429, 2160.5826484273985, 2189.4352728233275
7877.679892539978, 2160.5826484273985, 2189.4352728233275
7878.19251871109, 2160.5826484273985, 2189.4352728233275
7878.712127447128, 2160.5826484273985, 2189.4352728233275
7879.191843032837, 2160.5826484273985, 2189.4352728233275
7879.9518077373505, 2160.5764822556666, 2189.42839205631
7880.2340528965, 2160.5764822556666, 2189.42839205631
7880.731720209122, 2160.5764822556666, 2189.42839205631
7881.217419624329, 2160.5764822556666, 2189.42839205631
7881.706111192703, 2160.5764822556666, 2189.42839205631
7882.230706691742, 2160.5764822556666, 2189.42839205631
7882.698452949524, 2160.5764822556666, 2189.42839205631
7883.217064857483, 2160.5764822556666, 2189.42839205631
7883.700770139694, 2160.5764822556666, 2189.42839205631
7884.537529706955, 2163.0763860699553, 2189.5608358670884
7885.2107264995575, 2163.0763860699553, 2189.5608358670884
7885.717369794846, 2163.0763860699553, 2189.5608358670884
7886.603995800018, 2160.8095273224517, 2189.363354515318
7887.219348907471, 2160.8095273224517, 2189.363354515318
7888.018209218979, 2159.2573011250934, 2189.301388681585
7888.714344739914, 2159.2573011250934, 2189.301388681585
7889.219991445541, 2159.2573011250934, 2189.301388681585
7889.975967645645, 2159.883292674493, 2189.2416887171184
7890.751889705658, 2159.883292674493, 2189.2416887171184
7891.244569540024, 2159.883292674493, 2189.2416887171184
7891.715309381485, 2159.883292674493, 2189.2416887171184
7892.227938175201, 2159.883292674493, 2189.2416887171184
7892.7066559791565, 2159.883292674493, 2189.2416887171184
7893.231250524521, 2159.883292674493, 2189.2416887171184
7894.029114961624, 2159.1347078022263, 2189.330750321558
7894.749185562134, 2159.1347078022263, 2189.330750321558
7895.501173496246, 2158.459223037986, 2189.4992955092275
7896.570309638977, 2162.2748020190934, 2189.6428655906807
7897.551681995392, 2160.478325883869, 2189.097917129157
7898.536046504974, 2159.863772378343, 2189.5182387904492
7899.2192170619965, 2159.863772378343, 2189.5182387904492
7899.706912755966, 2159.863772378343, 2189.5182387904492
7900.197597503662, 2159.863772378343, 2189.5182387904492
7900.7381503582, 2159.863772378343, 2189.5182387904492
7901.2218544483185, 2159.863772378343, 2189.5182387904492
7901.70855307579, 2159.863772378343, 2189.5182387904492
7902.58021736145, 2157.288797911794, 2189.3755571168995
7903.544636249542, 2157.8037874659663, 2189.318757177252
7904.218830823898, 2157.8037874659663, 2189.318757177252
7904.753398180008, 2157.8037874659663, 2189.318757177252
7905.486435174942, 2158.322702109455, 2189.418185447114
7906.1935431957245, 2158.322702109455, 2189.418185447114
7906.739082098007, 2158.322702109455, 2189.418185447114
7907.231762647629, 2158.322702109455, 2189.418185447114
7907.705494403839, 2158.322702109455, 2189.418185447114
7908.501363515854, 2156.499087415383, 2189.4123749319997
7909.203483343124, 2156.499087415383, 2189.4123749319997
7909.699156999588, 2156.499087415383, 2189.4123749319997
7910.204802036285, 2156.499087415383, 2189.4123749319997
7910.7333862781525, 2156.499087415383, 2189.4123749319997
7911.2230768203735, 2156.499087415383, 2189.4123749319997
7911.69979929924, 2156.499087415383, 2189.4123749319997
7912.601384401321, 2158.6312940551697, 2189.623857914892
7913.19180393219, 2158.6312940551697, 2189.623857914892
7914.006622552872, 2157.2195503865087, 2189.2861525567228
7914.986996889114, 2155.5791637333473, 2189.31490700994
7915.9933025836945, 2159.733720706437, 2189.5284849133304
7917.048476457596, 2155.6821580255855, 2189.419933448072
7917.731647968292, 2155.6821580255855, 2189.419933448072
7918.192415475845, 2155.6821580255855, 2189.419933448072
7918.728977203369, 2155.6821580255855, 2189.419933448072
7919.200714349747, 2155.6821580255855, 2189.419933448072
7919.714339017868, 2155.6821580255855, 2189.419933448072
7920.48327922821, 2157.3372523063204, 2189.3662854527383
7921.511526107788, 2156.9542871977123, 2189.4478376016923
7922.204671621323, 2156.9542871977123, 2189.4478376016923
7923.048411846161, 2157.354131209831, 2189.414321986132
7923.6976726055145, 2157.354131209831, 2189.414321986132
7924.2272572517395, 2157.354131209831, 2189.414321986132
7925.040078639984, 2157.014175195158, 2189.2756868747
7925.749179363251, 2157.014175195158, 2189.2756868747
7926.197977542877, 2157.014175195158, 2189.2756868747
7927.087594985962, 2157.393964289614, 2189.201220902116
7927.743838310242, 2157.393964289614, 2189.201220902116
7928.206599712372, 2157.393964289614, 2189.201220902116
7929.081257581711, 2156.2243380161062, 2189.504257683532
7929.733510971069, 2156.2243380161062, 2189.504257683532
7930.187296152115, 2156.2243380161062, 2189.504257683532
7931.01607632637, 2157.3962775224304, 2189.4130231015406
7931.713209629059, 2157.3962775224304, 2189.4130231015406
7932.473176002502, 2157.3894531120095, 2189.3089742048714
7933.230149030685, 2157.3894531120095, 2189.3089742048714
7933.701885223389, 2157.3894531120095, 2189.3089742048714
7934.460854053497, 2160.760329978863, 2189.5120846447944
7935.2347803115845, 2160.760329978863, 2189.5120846447944
7935.6955473423, 2160.760329978863, 2189.5120846447944
7936.200195550919, 2160.760329978863, 2189.5120846447944
7937.061888933182, 2158.1555731179374, 2189.217188493293
7937.707160711288, 2158.1555731179374, 2189.217188493293
7938.190866470337, 2158.1555731179374, 2189.217188493293
7939.081480979919, 2158.417751734589, 2189.1851403995674
7939.739718198776, 2158.417751734589, 2189.1851403995674
7940.206467628479, 2158.417751734589, 2189.1851403995674
7940.7141098976135, 2158.417751734589, 2189.1851403995674
7941.213772535324, 2158.417751734589, 2189.1851403995674
7941.717421770096, 2158.417751734589, 2189.1851403995674
7942.198135137558, 2158.417751734589, 2189.1851403995674
7943.05185008049, 2160.898576274279, 2189.5887349598006
7943.7060983181, 2160.898576274279, 2189.5887349598006
7944.185813188553, 2160.898576274279, 2189.5887349598006
7945.052493095398, 2160.7326663484573, 2189.5915686352387
7946.017908334732, 2159.4949710482324, 2189.75145657779
7947.028203248978, 2154.712558386656, 2189.3781286671756
7947.713367462158, 2154.712558386656, 2189.3781286671756
7948.507243394852, 2157.153617586405, 2189.371266211531
7949.222326993942, 2157.153617586405, 2189.371266211531
7949.719994306564, 2157.153617586405, 2189.371266211531
7950.207690000534, 2157.153617586405, 2189.371266211531
7950.68341588974, 2157.153617586405, 2189.371266211531
7951.21598982811, 2157.153617586405, 2189.371266211531
7951.711661100388, 2157.153617586405, 2189.371266211531
7952.2053399086, 2157.153617586405, 2189.371266211531
7953.014173746109, 2158.414309849381, 2189.383612854949
7953.715297222137, 2158.414309849381, 2189.383612854949
7954.210970163345, 2158.414309849381, 2189.383612854949
7954.96395277977, 2156.5515346168695, 2189.459757627363
7955.544399738312, 2156.2628855779544, 2189.2395159292864
7956.543724060059, 2157.5690355786774, 2189.3879286377396
7957.201960802078, 2157.5690355786774, 2189.3879286377396
7957.720574378967, 2157.5690355786774, 2189.3879286377396
7958.247163295746, 2157.5690355786774, 2189.3879286377396
7958.697956323624, 2157.5690355786774, 2189.3879286377396
7959.540697813034, 2156.139972214809, 2189.309294198618
7960.481179714203, 2155.547189805566, 2189.3888709423854
7961.237156152725, 2155.547189805566, 2189.3888709423854
7961.714876651764, 2155.547189805566, 2189.3888709423854
7962.240469455719, 2155.547189805566, 2189.3888709423854
7962.995449066162, 2156.0368777149456, 2189.497464827174
7963.754414796829, 2156.0368777149456, 2189.497464827174
7964.23911857605, 2156.0368777149456, 2189.497464827174
7965.0090589523315, 2154.907102459333, 2189.466391166429
7965.7490746974945, 2154.907102459333, 2189.466391166429
7966.216822147369, 2154.907102459333, 2189.466391166429
7966.704517364502, 2154.907102459333, 2189.466391166429
7967.572193861008, 2155.8276656713406, 2189.378293649092
7968.220458030701, 2155.8276656713406, 2189.378293649092
7969.007351875305, 2158.7780436848325, 2189.5061631128965
7969.73141169548, 2158.7780436848325, 2189.5061631128965
7970.215650320053, 2158.7780436848325, 2189.5061631128965
7970.710502386093, 2158.7780436848325, 2189.5061631128965
7971.594165086746, 2159.124234459809, 2189.6100833057185
7972.209975004196, 2159.124234459809, 2189.6100833057185
7972.706819057465, 2159.124234459809, 2189.6100833057185
7973.482968091965, 2154.7326294032714, 2189.4171211780586
7974.203896045685, 2154.7326294032714, 2189.4171211780586
7974.97532916069, 2156.5468495458654, 2189.436922961224
7975.980674266815, 2155.022038793517, 2189.2848281719516
7976.946529626846, 2155.117496121531, 2189.4411110237693
7977.478204250336, 2155.65793673658, 2189.441614733365
7978.552544116974, 2157.174465743037, 2189.6260615420315
7979.533353328705, 2157.4980064739057, 2189.5483991463248
7980.241457700729, 2157.4980064739057, 2189.5483991463248
7980.735135555267, 2157.4980064739057, 2189.5483991463248
7981.1998908519745, 2157.4980064739057, 2189.5483991463248
7981.71550989151, 2157.4980064739057, 2189.5483991463248
7982.204201698303, 2157.4980064739057, 2189.5483991463248
7982.715832948685, 2157.4980064739057, 2189.5483991463248
7983.563563585281, 2156.082150098171, 2189.4085969715684
7984.239750623703, 2156.082150098171, 2189.4085969715684
7984.714480638504, 2156.082150098171, 2189.4085969715684
7985.193200111389, 2156.082150098171, 2189.4085969715684
7986.01898765564, 2154.645375465728, 2189.2475440683315
7986.989389181137, 2157.419239851457, 2189.551835564807
7987.69749546051, 2157.419239851457, 2189.551835564807
7988.209123849869, 2157.419239851457, 2189.551835564807
7988.762640476227, 2157.419239851457, 2189.551835564807
7989.241361379623, 2157.419239851457, 2189.551835564807
7989.729054450989, 2157.419239851457, 2189.551835564807
7990.209766387939, 2157.419239851457, 2189.551835564807
7990.758298158646, 2157.419239851457, 2189.551835564807
7991.237015724182, 2157.419239851457, 2189.551835564807
7992.055823326111, 2157.211941716056, 2189.582463216593
7992.723035335541, 2157.211941716056, 2189.582463216593
7993.199760198593, 2157.211941716056, 2189.582463216593
7993.722360610962, 2157.211941716056, 2189.582463216593
7994.214044332504, 2157.211941716056, 2189.582463216593
7994.771551370621, 2157.211941716056, 2189.582463216593
7995.603324174881, 2154.7044330159038, 2189.377237654933
7996.2436101436615, 2154.7044330159038, 2189.377237654933
7996.71933555603, 2154.7044330159038, 2189.377237654933
7997.483290672302, 2155.7058977224046, 2189.2940724722475
7998.222310781479, 2155.7058977224046, 2189.2940724722475
7998.7509508132935, 2155.7058977224046, 2189.2940724722475
7999.21959900856, 2155.7058977224046, 2189.2940724722475
7999.722594499588, 2155.7058977224046, 2189.2940724722475
8000.244599819183, 2155.7058977224046, 2189.2940724722475
8000.721361875534, 2155.7058977224046, 2189.2940724722475
8001.5050365924835, 2158.586660328971, 2189.457413883699
8002.228073358536, 2158.586660328971, 2189.457413883699
8002.723947048187, 2158.586660328971, 2189.457413883699
8003.222697019577, 2158.586660328971, 2189.457413883699
8004.076584339142, 2156.820496562078, 2189.3202811600645
8004.735600233078, 2156.820496562078, 2189.3202811600645
8005.234632492065, 2156.820496562078, 2189.3202811600645
8006.106242418289, 2155.6122396907235, 2189.347739394785
8006.726335287094, 2155.6122396907235, 2189.347739394785
8007.243946790695, 2155.6122396907235, 2189.347739394785
8007.713419437408, 2155.6122396907235, 2189.347739394785
8008.24032497406, 2155.6122396907235, 2189.347739394785
8008.726009607315, 2155.6122396907235, 2189.347739394785
8009.206794500351, 2155.6122396907235, 2189.347739394785
8009.717848300934, 2155.6122396907235, 2189.347739394785
8010.243439912796, 2155.6122396907235, 2189.347739394785
8010.715177297592, 2155.6122396907235, 2189.347739394785
8011.26670050621, 2155.6122396907235, 2189.347739394785
8011.718491792679, 2155.6122396907235, 2189.347739394785
8012.205187320709, 2155.6122396907235, 2189.347739394785
8013.021239280701, 2158.004665165262, 2189.247171498363
8014.051945924759, 2155.911436056513, 2189.328093129885
8014.719158887863, 2155.911436056513, 2189.328093129885
8015.217825651169, 2155.911436056513, 2189.328093129885
8016.053116798401, 2160.457420398248, 2189.4708166829637
8017.057984113693, 2157.876998283314, 2189.5697599880186
8017.728765249252, 2157.876998283314, 2189.5697599880186
8018.543126821518, 2159.9961232055553, 2189.541896929007
8019.2661645412445, 2159.9961232055553, 2189.541896929007
8019.743883609772, 2159.9961232055553, 2189.541896929007
8020.2563672065735, 2159.9961232055553, 2189.541896929007
8020.722295045853, 2159.9961232055553, 2189.541896929007
8021.222203493118, 2159.9961232055553, 2189.541896929007
8021.726967573166, 2159.9961232055553, 2189.541896929007
8022.232941627502, 2159.9961232055553, 2189.541896929007
8022.71385550499, 2159.9961232055553, 2189.541896929007
8023.248425960541, 2159.9961232055553, 2189.541896929007
8023.7181668281555, 2159.9961232055553, 2189.541896929007
8024.571883201599, 2159.4155225529853, 2189.36411280612
8025.220144271851, 2159.4155225529853, 2189.36411280612
8025.722800731659, 2159.4155225529853, 2189.36411280612
8026.242409229279, 2159.4155225529853, 2189.36411280612
8027.067198753357, 2159.8151447751134, 2189.6488555916217
8027.738401889801, 2159.8151447751134, 2189.6488555916217
8028.263994932175, 2159.8151447751134, 2189.6488555916217
8028.705812692642, 2159.8151447751134, 2189.6488555916217
8029.258333206177, 2159.8151447751134, 2189.6488555916217
8029.707130432129, 2159.8151447751134, 2189.6488555916217
8030.519954204559, 2161.0206531937783, 2189.5309481001664
8031.49933218956, 2163.5142840515873, 2189.5645662108386
8032.478709459305, 2162.862770577329, 2189.6771005616065
8033.464070558548, 2161.5606854575044, 2189.543617806037
8034.2230389118195, 2161.5606854575044, 2189.543617806037
8034.766582727432, 2161.5606854575044, 2189.543617806037
8035.205408811569, 2161.5606854575044, 2189.543617806037
8035.716041088104, 2161.5606854575044, 2189.543617806037
8036.232657432556, 2161.5606854575044, 2189.543617806037
8036.719414234161, 2161.5606854575044, 2189.543617806037
8037.551602602005, 2162.9323870167045, 2189.5866624382074
8038.544812917709, 2158.944538413381, 2189.438841605934
8039.213831186295, 2158.944538413381, 2189.438841605934
8039.729543924332, 2158.944538413381, 2189.438841605934
8040.230367898941, 2158.944538413381, 2189.438841605934
8040.71538734436, 2158.944538413381, 2189.438841605934
8041.281807422638, 2158.944538413381, 2189.438841605934
8041.7231233119965, 2158.944538413381, 2189.438841605934
8042.211861133575, 2158.944538413381, 2189.438841605934
8042.722920417786, 2158.944538413381, 2189.438841605934
8043.242872714996, 2158.944538413381, 2189.438841605934
8043.7129554748535, 2158.944538413381, 2189.438841605934
8044.219974517822, 2158.944538413381, 2189.438841605934
8044.723002195358, 2158.944538413381, 2189.438841605934
8045.238980054855, 2158.944538413381, 2189.438841605934
8046.0079872608185, 2159.4721982123124, 2189.4258985638535
8046.716039419174, 2159.4721982123124, 2189.4258985638535
8047.209718465805, 2159.4721982123124, 2189.4258985638535
8047.721348524094, 2159.4721982123124, 2189.4258985638535
8048.215027093887, 2159.4721982123124, 2189.4258985638535
8048.7376272678375, 2159.4721982123124, 2189.4258985638535
8049.217343091965, 2159.4721982123124, 2189.4258985638535
8049.717003822327, 2159.4721982123124, 2189.4258985638535
8050.224647521973, 2159.4721982123124, 2189.4258985638535
8050.762206315994, 2159.4721982123124, 2189.4258985638535
8051.2494151592255, 2159.4721982123124, 2189.4258985638535
8051.719180345535, 2159.4721982123124, 2189.4258985638535
8052.582279920578, 2158.883070836512, 2189.3731441238306
8053.2415635585785, 2158.883070836512, 2189.3731441238306
8053.756711244583, 2158.883070836512, 2189.3731441238306
8054.26736664772, 2158.883070836512, 2189.3731441238306
8054.79149889946, 2158.883070836512, 2189.3731441238306
8055.247691392899, 2158.883070836512, 2189.3731441238306
8055.74936580658, 2158.883070836512, 2189.3731441238306
8056.290452480316, 2158.883070836512, 2189.3731441238306
8056.75922203064, 2158.883070836512, 2189.3731441238306
8057.232407569885, 2158.883070836512, 2189.3731441238306
8057.779475450516, 2158.883070836512, 2189.3731441238306
8058.216329336166, 2158.883070836512, 2189.3731441238306
8058.756416320801, 2158.883070836512, 2189.3731441238306
8059.2316744327545, 2158.883070836512, 2189.3731441238306
8060.039293050766, 2160.8520148442435, 2189.5470195658695
8061.048657417297, 2161.351991107169, 2189.505278986525
8062.087408781052, 2161.71547396263, 2189.4998254218917
8063.018916845322, 2161.6159630481566, 2189.614063903375
8064.041177034378, 2160.9833453448587, 2189.501713407624
8064.85400223732, 2157.698123634171, 2189.489703606014
8065.185114145279, 2157.698123634171, 2189.489703606014
8065.949068784714, 2160.580607683126, 2189.616169495737
8066.233309745789, 2160.580607683126, 2189.616169495737
8066.9733273983, 2161.6867502481546, 2189.672261476505
8067.733292341232, 2161.6867502481546, 2189.672261476505
8068.232954263687, 2161.6867502481546, 2189.672261476505
8068.713667154312, 2161.6867502481546, 2189.672261476505
8069.222304105759, 2161.6867502481546, 2189.672261476505
8069.714985132217, 2161.6867502481546, 2189.672261476505
8070.542769193649, 2161.9579832281856, 2189.5033119042023
8071.2324051856995, 2161.9579832281856, 2189.5033119042023
8071.786453962326, 2161.9579832281856, 2189.5033119042023
8072.262409687042, 2161.9579832281856, 2189.5033119042023
8073.155638694763, 2157.3436798121006, 2189.41422074978
8073.729562282562, 2157.3436798121006, 2189.41422074978
8074.241474866867, 2157.3436798121006, 2189.41422074978
8074.727992534637, 2157.3436798121006, 2189.41422074978
8075.277544498444, 2157.3436798121006, 2189.41422074978
8075.748186349869, 2157.3436798121006, 2189.41422074978
8076.25718331337, 2157.3436798121006, 2189.41422074978
8077.0689952373505, 2160.415609609502, 2189.5038564498527
8077.772569656372, 2160.415609609502, 2189.5038564498527
8078.223548412323, 2160.415609609502, 2189.5038564498527
8079.1094806194305, 2159.332847141967, 2189.3350388443196
8079.750762701035, 2159.332847141967, 2189.3350388443196
8080.230251789093, 2159.332847141967, 2189.3350388443196
8081.083137989044, 2157.5065952010577, 2189.40217192757
8081.735393285751, 2157.5065952010577, 2189.40217192757
8082.236052274704, 2157.5065952010577, 2189.40217192757
8082.7367107868195, 2157.5065952010577, 2189.40217192757
8083.242358207703, 2157.5065952010577, 2189.40217192757
8083.714093446732, 2157.5065952010577, 2189.40217192757
8084.233702659607, 2157.5065952010577, 2189.40217192757
8085.067470550537, 2160.3855611097083, 2189.533331161097
8085.72371339798, 2160.3855611097083, 2189.533331161097
8086.238335132599, 2160.3855611097083, 2189.533331161097
8087.010269403458, 2160.520137886059, 2189.6723351329283
8087.69343829155, 2160.520137886059, 2189.6723351329283
8088.477341175079, 2161.9154611734825, 2189.479629410744
8089.501597642899, 2160.067990067241, 2189.627274792136
8090.204714775085, 2160.067990067241, 2189.627274792136
8091.068401098251, 2161.9341523112944, 2189.630262753577
8091.723647117615, 2161.9341523112944, 2189.630262753577
8092.2223110198975, 2161.9341523112944, 2189.630262753577
8092.707015514374, 2161.9341523112944, 2189.630262753577
8093.5736927986145, 2161.6370323595115, 2189.5226880831897
8094.243900299072, 2161.6370323595115, 2189.5226880831897
8095.010845661163, 2160.957870180516, 2189.532301747428
8095.721942424774, 2160.957870180516, 2189.532301747428
8096.2684779167175, 2160.957870180516, 2189.532301747428
8096.7182738780975, 2160.957870180516, 2189.532301747428
8097.265808105469, 2160.957870180516, 2189.532301747428
8097.731561183929, 2160.957870180516, 2189.532301747428
8098.232218980789, 2160.957870180516, 2189.532301747428
8098.739859819412, 2160.957870180516, 2189.532301747428
8099.2734344005585, 2160.957870180516, 2189.532301747428
8099.767109632492, 2160.957870180516, 2189.532301747428
8100.221892118454, 2160.957870180516, 2189.532301747428
8100.706593990326, 2160.957870180516, 2189.532301747428
8101.239167690277, 2160.957870180516, 2189.532301747428
8101.7178864479065, 2160.957870180516, 2189.532301747428
8102.218545675278, 2160.957870180516, 2189.532301747428
