time, x0, y0, x1, y1...
3.7589271068573, 3304.525832043482, 2566.697931975933
4.0611162185668945, 3304.525832043482, 2566.697931975933
4.522879600524902, 3304.525832043482, 2566.697931975933
5.045478820800781, 3304.525832043482, 2566.697931975933
5.529184103012085, 3304.525832043482, 2566.697931975933
6.061755180358887, 3304.525832043482, 2566.697931975933
6.552440643310547, 3304.525832043482, 2566.697931975933
7.23760199546814, 2782.10088082734, 772.985358261183
7.507879972457886, 2782.10088082734, 772.985358261183
8.06342363357544, 2782.10088082734, 772.985358261183
8.52016544342041, 2782.10088082734, 772.985358261183
9.304078578948975, 2856.7465659288446, 2255.4416399160136
9.747877359390259, 2737.7629495928113, 266.1763033987171
10.049068689346313, 2737.7629495928113, 266.1763033987171
10.555712461471558, 2737.7629495928113, 266.1763033987171
11.242870092391968, 2138.1877527625547, 2806.7635008405496
11.550046443939209, 2138.1877527625547, 2806.7635008405496
12.192324161529541, 3431.1755657741737, 2043.2481240189989
12.511467933654785, 3431.1755657741737, 2043.2481240189989
13.045038938522339, 3431.1755657741737, 2043.2481240189989
13.510792016983032, 3431.1755657741737, 2043.2481240189989
14.248812675476074, 9321.909448122735, 1507.337019601736
17.75541353225708, 4140.983090657438, 1579.5583835402635
18.248094081878662, 3653.5808529259066, 24300.50601679145
18.8056001663208, 605.2421725822495, 2226.874060977789
19.204530954360962, 2838.5253751848913, 36510.38992695222
19.519686698913574, 2838.5253751848913, 36510.38992695222
20.033310413360596, 2838.5253751848913, 36510.38992695222
20.51501989364624, 2838.5253751848913, 36510.38992695222
21.014681339263916, 2838.5253751848913, 36510.38992695222
21.532292127609253, 2838.5253751848913, 36510.38992695222
22.0296950340271, 2838.5253751848913, 36510.38992695222
22.508412837982178, 2838.5253751848913, 36510.38992695222
23.207538843154907, 288.7095336188428, 1441.1433603919372
23.757066011428833, 986.540516298957, 1360.1320279587724
24.189905881881714, 383.3361297839765, 1247.3372363399371
24.488107919692993, 383.3361297839765, 1247.3372363399371
25.013697862625122, 383.3361297839765, 1247.3372363399371
25.654979944229126, 1375.7853196848089, 1118.2300537628623
25.985094785690308, 1375.7853196848089, 1118.2300537628623
26.477803230285645, 1375.7853196848089, 1118.2300537628623
26.990400552749634, 1375.7853196848089, 1118.2300537628623
27.487069129943848, 1375.7853196848089, 1118.2300537628623
27.982741117477417, 1375.7853196848089, 1118.2300537628623
28.487389087677002, 1375.7853196848089, 1118.2300537628623
29.28126049041748, 948.7158364735001, 1582.033650238301
29.688169956207275, 791.2442286842039, 1712.9772444257492
30.18683362007141, 984.6186077754436, 1820.3881422477389
30.480048418045044, 984.6186077754436, 1820.3881422477389
31.1482572555542, 1931.2181265862744, 1919.320003446897
31.685818672180176, 1816.5565663827829, 1959.597986182729
32.26426649093628, 1854.449754866954, 1950.5689675798953
32.675169706344604, 2225.929587632714, 1870.1316312208064
33.196767807006836, 1543.7988887823337, 1813.0750459151157
33.678476095199585, 793.0167413630361, 1881.118712304703
34.21606779098511, 275.5232730613262, 1849.4860347800357
34.49129843711853, 275.5232730613262, 1849.4860347800357
35.01888370513916, 275.5232730613262, 1849.4860347800357
35.484636068344116, 275.5232730613262, 1849.4860347800357
36.20470571517944, 2106.5339008048136, 2807.4916541467483
36.637561559677124, 172.4882424648258, 49.55796408959751
37.41446352005005, 2270.3303418588507, 1478.1989149556493
38.22728610038757, 2270.3303418588507, 1478.1989149556493
38.739911794662476, 772.6189998936735, 2057.4268767645563
39.023151874542236, 772.6189998936735, 2057.4268767645563
39.7881019115448, 2713.2543944424033, 971.9611525241679
40.23889422416687, 3164.0674916319567, 1442.774156944366
40.53410267829895, 3164.0674916319567, 1442.774156944366
41.290077209472656, 1338.3487643648077, 1915.9436561179593
41.549381494522095, 1338.3487643648077, 1915.9436561179593
42.04704833030701, 1338.3487643648077, 1915.9436561179593
42.539730072021484, 1338.3487643648077, 1915.9436561179593
43.03342413902283, 1338.3487643648077, 1915.9436561179593
43.55101752281189, 1338.3487643648077, 1915.9436561179593
44.061649322509766, 1338.3487643648077, 1915.9436561179593
44.73487305641174, 3071.729786722134, 2464.077628223519
45.24647355079651, -36338.63548045016, 2438.9535632123598
45.739153146743774, 2412.7606298233522, 666.7164312457161
46.01541447639465, 2412.7606298233522, 666.7164312457161
46.52803826332092, 2412.7606298233522, 666.7164312457161
47.02869653701782, 2412.7606298233522, 666.7164312457161
50.74473786354065, 265.8271839000444, 538.8064036968127
51.038949489593506, 265.8271839000444, 538.8064036968127
51.778966426849365, -1797.4391249685373, 84.08229812743174
52.07916188240051, -1797.4391249685373, 84.08229812743174
52.587799072265625, -1797.4391249685373, 84.08229812743174
53.078484535217285, -1797.4391249685373, 84.08229812743174
53.7427031993866, 2859.761190764637, 1474.8838341534818
54.045891761779785, 2859.761190764637, 1474.8838341534818
54.56450128555298, 2859.761190764637, 1474.8838341534818
55.04720664024353, 2859.761190764637, 1474.8838341534818
55.723395109176636, -14753.23048056242, -618.070982064693
56.0565025806427, -14753.23048056242, -618.070982064693
56.76360750198364, 2585.3944250220625, 2793.987557162412
57.06380367279053, 2585.3944250220625, 2793.987557162412
57.55947422981262, 2585.3944250220625, 2793.987557162412
58.26857399940491, 2843.782462004182, 1798.68085435798
58.733327865600586, 1254.3295446519578, 1659.2299149022472
59.233017683029175, 36.02977741440103, 1114.0190580415315
59.563106536865234, 36.02977741440103, 1114.0190580415315
60.04880237579346, 36.02977741440103, 1114.0190580415315
60.5534508228302, 36.02977741440103, 1114.0190580415315
61.05311131477356, 36.02977741440103, 1114.0190580415315
61.55476689338684, 36.02977741440103, 1114.0190580415315
62.0444540977478, 36.02977741440103, 1114.0190580415315
62.75355386734009, 911.8544530827085, 2128.9430774258285
63.32601976394653, 3823.299449426068, 2752.6098353825814
65.27679181098938, 210.7931636110515, 1876.205379390655
65.56701326370239, 210.7931636110515, 1876.205379390655
66.04473328590393, 210.7931636110515, 1876.205379390655
66.55137538909912, 210.7931636110515, 1876.205379390655
67.26047563552856, 2392.3624182671024, 1883.2682520075514
67.80002927780151, 2340.51162737868, 242.3907587256912
68.24084854125977, 2556.5003708731356, 1985.4112930767947
68.5998911857605, 2556.5003708731356, 1985.4112930767947
69.05067753791809, 2556.5003708731356, 1985.4112930767947
69.55732011795044, 2556.5003708731356, 1985.4112930767947
70.0659568309784, 2556.5003708731356, 1985.4112930767947
70.80896544456482, 372.4471486518964, 1418.6005945518546
71.06428098678589, 372.4471486518964, 1418.6005945518546
71.5469868183136, 372.4471486518964, 1418.6005945518546
72.08953285217285, 372.4471486518964, 1418.6005945518546
72.58420705795288, 372.4471486518964, 1418.6005945518546
73.32322669029236, 26.577065051567217, 1787.5723822263467
76.89365792274475, 1930.0115296499998, 603.7143331836086
77.6725709438324, 1930.0115296499998, 603.7143331836086
78.16126108169556, 1930.0115296499998, 603.7143331836086
78.67588305473328, 1930.0115296499998, 603.7143331836086
79.1685688495636, 1930.0115296499998, 603.7143331836086
79.6762011051178, 1930.0115296499998, 603.7143331836086
80.20278978347778, 1930.0115296499998, 603.7143331836086
84.7326488494873, 968.5736232394828, 1809.8194641860573
85.02686071395874, 968.5736232394828, 1809.8194641860573
85.53051042556763, 968.5736232394828, 1809.8194641860573
86.02618193626404, 968.5736232394828, 1809.8194641860573
86.53584456443787, 968.5736232394828, 1809.8194641860573
87.07537078857422, 968.5736232394828, 1809.8194641860573
87.54012656211853, 968.5736232394828, 1809.8194641860573
88.24523496627808, 3448.5189775620725, 1555.8888652949386
88.75686430931091, 3031.785673660227, 1199.4544935594452
89.2824559211731, 2275.563423074126, 2000.3725757064763
89.53876972198486, 2275.563423074126, 2000.3725757064763
90.21496510505676, 2818.5494989491176, 1119.1649926411387
90.52612209320068, 2818.5494989491176, 1119.1649926411387
91.03775119781494, 2818.5494989491176, 1119.1649926411387
91.78774118423462, 1253.2899514975575, 1643.4685544630456
92.27045607566833, 3160.566590294388, 1017.4934510027499
92.53673386573792, 3160.566590294388, 1017.4934510027499
93.03041076660156, 3160.566590294388, 1017.4934510027499
93.53605556488037, 3160.566590294388, 1017.4934510027499
94.04369568824768, 3160.566590294388, 1017.4934510027499
94.52440738677979, 3160.566590294388, 1017.4934510027499
95.06994438171387, 3160.566590294388, 1017.4934510027499
95.55963230133057, 3160.566590294388, 1017.4934510027499
96.04433417320251, 3160.566590294388, 1017.4934510027499
96.53402161598206, 3160.566590294388, 1017.4934510027499
97.03467917442322, 3160.566590294388, 1017.4934510027499
97.56525778770447, 3160.566590294388, 1017.4934510027499
98.02701926231384, 3160.566590294388, 1017.4934510027499
98.54961895942688, 3160.566590294388, 1017.4934510027499
99.22780132293701, 2556.7327982455504, 1056.0553813130102
99.5399661064148, 2556.7327982455504, 1056.0553813130102
100.2540512084961, 2578.426384098196, 1011.2301402824098
100.54527831077576, 2578.426384098196, 1011.2301402824098
101.07086181640625, 2578.426384098196, 1011.2301402824098
101.7819573879242, 2789.6536090893705, 1152.179301763233
102.05422711372375, 2789.6536090893705, 1152.179301763233
102.56086945533752, 2789.6536090893705, 1152.179301763233
103.27196311950684, 2493.0039775308514, 1637.695704890785
103.56816840171814, 2493.0039775308514, 1637.695704890785
104.08578324317932, 2493.0039775308514, 1637.695704890785
104.56649374961853, 2493.0039775308514, 1637.695704890785
105.07114148139954, 2493.0039775308514, 1637.695704890785
105.61368823051453, 2493.0039775308514, 1637.695704890785
106.31081891059875, 3188.6212232537664, 2974.500000066377
106.80748772621155, 2425.0181958014036, 1625.0225670098735
107.0867395401001, 2425.0181958014036, 1625.0225670098735
107.57443284988403, 2425.0181958014036, 1625.0225670098735
108.22169780731201, 2645.5085280269845, 1591.7410409972267
108.50693392753601, 2645.5085280269845, 1591.7410409972267
109.0125777721405, 2645.5085280269845, 1591.7410409972267
109.4942877292633, 2645.5085280269845, 1591.7410409972267
112.6528217792511, 2603.3723801531937, 1567.3358345561514
113.1804084777832, 2847.6481718583254, 1468.4507753106707
113.50354170799255, 2847.6481718583254, 1468.4507753106707
114.01616883277893, 2847.6481718583254, 1468.4507753106707
114.49089646339417, 2847.6481718583254, 1468.4507753106707
115.27479481697083, 2943.4151536843215, 549.4238944838959
115.57399368286133, 2943.4151536843215, 549.4238944838959
116.09559512138367, 2943.4151536843215, 549.4238944838959
116.56832885742188, 2943.4151536843215, 549.4238944838959
117.07297587394714, 2943.4151536843215, 549.4238944838959
117.56864786148071, 2943.4151536843215, 549.4238944838959
118.20993828773499, 1586.954859140555, 2749.002986434645
118.5021460056305, 1586.954859140555, 2749.002986434645
119.00080943107605, 1586.954859140555, 2749.002986434645
119.48949980735779, 1586.954859140555, 2749.002986434645
120.0270586013794, 1586.954859140555, 2749.002986434645
120.74513387680054, 3391.0521577656687, 2518.714738997427
121.0423378944397, 3391.0521577656687, 2518.714738997427
121.53800940513611, 3391.0521577656687, 2518.714738997427
122.04764342308044, 3391.0521577656687, 2518.714738997427
122.53134751319885, 3391.0521577656687, 2518.714738997427
123.04397368431091, 3391.0521577656687, 2518.714738997427
123.71318006515503, 1781.8147278389395, 1819.9900001200817
123.99841547012329, 1781.8147278389395, 1819.9900001200817
124.68657159805298, 2536.3422424039827, 1844.7826381771665
125.0067126750946, 2536.3422424039827, 1844.7826381771665
125.68988180160522, 2645.6680376214917, 1812.8921347396126
126.00703191757202, 2645.6680376214917, 1812.8921347396126
127.21579241752625, 2121.6316008337194, 2237.8905324168145
127.5070128440857, 2121.6316008337194, 2237.8905324168145
127.99672842025757, 2121.6316008337194, 2237.8905324168145
128.71876454353333, 1750.9648453391844, 2994.295658664626
129.24934267997742, 1235.7716743400588, 3262.439160486464
129.5126371383667, 1235.7716743400588, 3262.439160486464
130.01229786872864, 1235.7716743400588, 3262.439160486464
130.52492451667786, 1235.7716743400588, 3262.439160486464
131.00164580345154, 1235.7716743400588, 3262.439160486464
132.31712079048157, 3825.116952507105, 559.3230373737756
132.58141374588013, 3825.116952507105, 559.3230373737756
133.0671124458313, 3825.116952507105, 559.3230373737756
133.5418393611908, 3825.116952507105, 559.3230373737756
134.26589846611023, 2412.464122617559, 1205.7708604683726
134.7665560245514, 2112.447409868953, 1523.574241056149
135.2761902809143, 2476.803724841278, 1684.3061972646235
135.76388359069824, 2410.7017939906323, 925.0351343770135
136.06707048416138, 2410.7017939906323, 925.0351343770135
136.73528003692627, 2871.2933775056654, 1105.9326967007664
137.05442428588867, 2871.2933775056654, 1105.9326967007664
137.5800166130066, 2871.2933775056654, 1105.9326967007664
138.27216124534607, 3087.4907366266057, 320.954884994252
138.5484209060669, 3087.4907366266057, 320.954884994252
139.03711318969727, 3087.4907366266057, 320.954884994252
139.55272936820984, 3087.4907366266057, 320.954884994252
140.06834864616394, 3087.4907366266057, 320.954884994252
142.7312114238739, 634.2982381892391, 2341.416411457592
142.99350786209106, 634.2982381892391, 2341.416411457592
143.69064044952393, 1176.0083753817144, 2328.0443347255455
144.21523642539978, 2443.6974348073195, 2598.4480653167693
144.50246405601501, 2443.6974348073195, 2598.4480653167693
144.99314880371094, 2443.6974348073195, 2598.4480653167693
145.53270268440247, 2443.6974348073195, 2598.4480653167693
145.99745726585388, 2443.6974348073195, 2598.4480653167693
146.48714470863342, 2443.6974348073195, 2598.4480653167693
146.99578142166138, 2443.6974348073195, 2598.4480653167693
147.4914529323578, 2443.6974348073195, 2598.4480653167693
147.9871244430542, 2443.6974348073195, 2598.4480653167693
148.4937674999237, 2443.6974348073195, 2598.4480653167693
149.0333218574524, 2443.6974348073195, 2598.4480653167693
149.69255447387695, 3975.3666676571993, 2929.3872983402107
150.00571656227112, 3975.3666676571993, 2929.3872983402107
150.4964005947113, 3975.3666676571993, 2929.3872983402107
150.9910750389099, 3975.3666676571993, 2929.3872983402107
151.67224836349487, 949.384523375942, 2926.153719212273
151.98443984985352, 949.384523375942, 2926.153719212273
152.7344310283661, 467.93026588234824, 2924.243695691971
153.25101733207703, 280.21942846984416, 2927.151294340999
153.7456910610199, 269.9883131492559, 2923.1876982406216
154.0309281349182, 269.9883131492559, 2923.1876982406216
154.53357982635498, 269.9883131492559, 2923.1876982406216
155.21375679969788, 233.6634423423867, 2923.8696109366424
155.74732780456543, 199.4547521137116, 2928.8119204480563
156.01361346244812, 199.4547521137116, 2928.8119204480563
156.55117297172546, 199.4547521137116, 2928.8119204480563
157.01293516159058, 199.4547521137116, 2928.8119204480563
157.54351329803467, 199.4547521137116, 2928.8119204480563
158.24263978004456, 1849.133985617122, 2928.450322903992
158.72534561157227, 605.7369396600807, 2938.7425948849786
159.00260305404663, 605.7369396600807, 2938.7425948849786
159.53617310523987, 605.7369396600807, 2938.7425948849786
160.22532606124878, 2130.155951459333, 2947.105085110142
160.5265188217163, 2130.155951459333, 2947.105085110142
161.01620745658875, 2130.155951459333, 2947.105085110142
161.76320433616638, 3726.9363640799206, 2927.6047631741626
162.04445052146912, 3726.9363640799206, 2927.6047631741626
162.7545509338379, 3729.6176371279, 2927.2352226034495
163.21830487251282, 794.9452643298011, 2883.525651680206
163.53046894073486, 794.9452643298011, 2883.525651680206
164.00220370292664, 794.9452643298011, 2883.525651680206
164.51981592178345, 794.9452643298011, 2883.525651680206
165.22592449188232, 3702.0321249568083, 2927.210928846957
165.54407143592834, 3702.0321249568083, 2927.210928846957
166.2162697315216, 3732.7296279333823, 2924.660996804163
166.5573558807373, 3732.7296279333823, 2924.660996804163
167.02310800552368, 3732.7296279333823, 2924.660996804163
167.72722029685974, 3769.5645124954985, 2952.67407160559
168.7584569454193, 3766.3487009982387, 2952.550124759546
169.03272128105164, 3766.3487009982387, 2952.550124759546
169.52540111541748, 3766.3487009982387, 2952.550124759546
170.01109981536865, 3766.3487009982387, 2952.550124759546
170.54865884780884, 3766.3487009982387, 2952.550124759546
171.01241636276245, 3766.3487009982387, 2952.550124759546
171.71253943443298, 3786.561949737005, 2939.8415480700023
172.20123076438904, 3766.990319511319, 2917.9421431266587
172.51143193244934, 3766.990319511319, 2917.9421431266587
172.71186232566833, 3766.990319511319, 2917.9421431266587
172.90634059906006, 3766.990319511319, 2917.9421431266587
173.06790733337402, 3766.990319511319, 2917.9421431266587
173.2374815940857, 3766.990319511319, 2917.9421431266587
173.3840594291687, 3766.990319511319, 2917.9421431266587
173.54263544082642, 3766.990319511319, 2917.9421431266587
174.03730940818787, 3766.990319511319, 2917.9421431266587
174.5180208683014, 3766.990319511319, 2917.9421431266587
175.02865266799927, 3766.990319511319, 2917.9421431266587
175.51435089111328, 3766.990319511319, 2917.9421431266587
176.03296065330505, 3766.990319511319, 2917.9421431266587
176.51766204833984, 3766.990319511319, 2917.9421431266587
177.02131342887878, 3766.990319511319, 2917.9421431266587
177.5349359512329, 3766.990319511319, 2917.9421431266587
178.02861285209656, 3766.990319511319, 2917.9421431266587
178.7107846736908, 3796.98682454301, 2929.953819847561
179.02095437049866, 3796.98682454301, 2929.953819847561
179.52958989143372, 3796.98682454301, 2929.953819847561
180.01229572296143, 3796.98682454301, 2929.953819847561
180.50996232032776, 3796.98682454301, 2929.953819847561
181.20709443092346, 702.0029901908808, 2956.706342490525
181.75063705444336, 3778.7614883042456, 2956.1931526281737
182.01393246650696, 3778.7614883042456, 2956.1931526281737
182.72402954101562, 3758.696752183122, 2988.962603055482
183.0381863117218, 3758.696752183122, 2988.962603055482
183.51391172409058, 3758.696752183122, 2988.962603055482
184.00659203529358, 3758.696752183122, 2988.962603055482
184.73164772987366, 3761.983104741859, 2601.3115885626003
185.0118968486786, 3761.983104741859, 2601.3115885626003
185.50258207321167, 3761.983104741859, 2601.3115885626003
186.00024843215942, 3761.983104741859, 2601.3115885626003
186.50389957427979, 3761.983104741859, 2601.3115885626003
187.00854587554932, 3761.983104741859, 2601.3115885626003
187.49723601341248, 3761.983104741859, 2601.3115885626003
188.18339681625366, 3732.6107884814896, 878.9929392263033
188.68704771995544, 2640.415165620717, -100.76148458592102
189.01616501808167, 2640.415165620717, -100.76148458592102
189.51383113861084, 2640.415165620717, -100.76148458592102
190.01947617530823, 2640.415165620717, -100.76148458592102
190.69765853881836, 3751.3041710443003, 355.96999999454914
191.19532561302185, 3681.9798113180104, 545.4206556962333
191.65908312797546, 3711.5338563838623, 1008.4100581897716
192.0270960330963, 3711.5338563838623, 1008.4100581897716
192.51678371429443, 3711.5338563838623, 1008.4100581897716
193.0343964099884, 3711.5338563838623, 1008.4100581897716
193.51111912727356, 3711.5338563838623, 1008.4100581897716
194.24714612960815, 3682.0864104422135, 2107.169575621443
194.69394874572754, 3703.0065083269637, 2106.021677307106
195.21654796600342, 3735.8423074447514, 2155.151306008875
195.52970910072327, 3735.8423074447514, 2155.151306008875
196.01341271400452, 3735.8423074447514, 2155.151306008875
196.71054410934448, 3589.2289082075613, 1266.3274208795362
197.23613786697388, 3621.3581028574085, 1254.5526705238196
197.56226134300232, 3621.3581028574085, 1254.5526705238196
198.04596614837646, 3621.3581028574085, 1254.5526705238196
198.5246822834015, 3621.3581028574085, 1254.5526705238196
199.23251390457153, 3723.3831302029143, 1086.651587498768
199.68928861618042, 3735.36183110988, 1091.5237655753872
200.02339458465576, 3735.36183110988, 1091.5237655753872
200.51507568359375, 3735.36183110988, 1091.5237655753872
201.03169226646423, 3735.36183110988, 1091.5237655753872
201.7188503742218, 3726.2355110797052, 1095.3800595469008
202.02303671836853, 3726.2355110797052, 1095.3800595469008
202.6992220878601, 3724.93645717649, 1092.4319615348836
203.18093061447144, 3720.3025548371, 1103.043260623356
203.75439500808716, 3721.367828537933, 1100.5093238490967
204.31289839744568, 3726.2644748429793, 1090.3700295896103
204.55924201011658, 3726.2644748429793, 1090.3700295896103
205.06189012527466, 3726.2644748429793, 1090.3700295896103
205.52165842056274, 3726.2644748429793, 1090.3700295896103
206.21380305290222, 3728.0530402101454, 1085.5397599105042
206.75934147834778, 3718.7694882453316, 1102.7033309490412
207.25999975204468, 3712.106642986551, 1097.700122373514
207.50534081459045, 3712.106642986551, 1097.700122373514
208.02694439888, 3712.106642986551, 1097.700122373514
208.51164507865906, 3712.106642986551, 1097.700122373514
209.02028155326843, 3712.106642986551, 1097.700122373514
209.50398683547974, 3712.106642986551, 1097.700122373514
210.2051055431366, 3723.8048985555756, 1101.1049425467636
210.5262463092804, 3723.8048985555756, 1101.1049425467636
211.01692914962769, 3723.8048985555756, 1101.1049425467636
211.7210431098938, 3720.7351747467387, 1099.1651159078563
212.23167395591736, 3719.074113661531, 1100.2947504438453
212.7243549823761, 3725.949065511196, 1095.4152279131251
213.20506691932678, 3726.7864633590407, 1102.8016152588723
213.5122435092926, 3726.7864633590407, 1102.8016152588723
214.00192999839783, 3726.7864633590407, 1102.8016152588723
214.50059509277344, 3726.7864633590407, 1102.8016152588723
215.18675470352173, 3723.47859851363, 1094.4292234471163
215.71135091781616, 3719.5019412485776, 1101.9883096925375
216.03747630119324, 3719.5019412485776, 1101.9883096925375
216.509211063385, 3719.5019412485776, 1101.9883096925375
217.21232676506042, 3715.8461620398357, 1096.651439816681
217.50554084777832, 3715.8461620398357, 1096.651439816681
218.24755263328552, 3724.8545738351377, 1090.8369092686569
218.53278732299805, 3724.8545738351377, 1090.8369092686569
219.24188780784607, 3725.2498037091887, 1097.9094036359074
219.51818132400513, 3725.2498037091887, 1097.9094036359074
220.20630311965942, 3719.046499340219, 1098.733900422629
220.5055286884308, 3719.046499340219, 1098.733900422629
221.02311372756958, 3719.046499340219, 1098.733900422629
221.52676463127136, 3719.046499340219, 1098.733900422629
222.21491956710815, 3713.8895707864, 1108.8166546990199
222.5131196975708, 3713.8895707864, 1108.8166546990199
223.23019933700562, 3715.4712146931433, 1099.449108433338
223.50645852088928, 3715.4712146931433, 1099.449108433338
224.0270848274231, 3715.4712146931433, 1099.449108433338
224.5127613544464, 3715.4712146931433, 1099.449108433338
225.01441597938538, 3715.4712146931433, 1099.449108433338
225.50111150741577, 3715.4712146931433, 1099.449108433338
226.00575947761536, 3715.4712146931433, 1099.449108433338
226.51243233680725, 3715.4712146931433, 1099.449108433338
227.21252608299255, 3719.866127839318, 1114.227253652985
227.5207006931305, 3719.866127839318, 1114.227253652985
228.01138472557068, 3719.866127839318, 1114.227253652985
228.71150922775269, 3714.932833037221, 1096.9499708565418
229.02267336845398, 3714.932833037221, 1096.9499708565418
229.51635265350342, 3714.932833037221, 1096.9499708565418
230.00703620910645, 3714.932833037221, 1096.9499708565418
230.5236520767212, 3714.932833037221, 1096.9499708565418
231.00935077667236, 3714.932833037221, 1096.9499708565418
231.5070173740387, 3714.932833037221, 1096.9499708565418
232.17921495437622, 3730.1101739215405, 1100.2667136413684
232.74868750572205, 3721.959515446135, 1104.3215983991854
233.2323911190033, 3720.096215259234, 1094.6083550910919
233.5236120223999, 3720.096215259234, 1094.6083550910919
234.20179343223572, 3723.9771069668004, 1095.25961522505
234.50997042655945, 3723.9771069668004, 1095.25961522505
235.000652551651, 3723.9771069668004, 1095.25961522505
235.5062985420227, 3723.9771069668004, 1095.25961522505
236.0149335861206, 3723.9771069668004, 1095.25961522505
236.692120552063, 3719.9838688327177, 1100.9500061909384
237.20377802848816, 3721.261797509394, 1108.383178567966
237.5069375038147, 3721.261797509394, 1108.383178567966
238.23099637031555, 3710.0718404477816, 1106.2340640691218
238.7196867465973, 3723.977845702851, 1098.475567599058
238.99993586540222, 3723.977845702851, 1098.475567599058
239.5065758228302, 3723.977845702851, 1098.475567599058
240.2366201877594, 3720.3706562924262, 1096.7076865738172
240.70436716079712, 3723.8228566007992, 1099.868034394691
241.1963062286377, 3724.814442580441, 1105.415850059843
241.51245832443237, 3724.814442580441, 1105.415850059843
242.20061349868774, 3720.3377505252392, 1098.7577421182198
242.51477217674255, 3720.3377505252392, 1098.7577421182198
243.2109067440033, 3722.5408100497616, 1098.9080885044364
243.74248242378235, 3716.3352994062643, 1101.7484522607574
244.22419023513794, 3722.3816627794977, 1105.0903297487564
244.72684407234192, 3719.4409453428134, 1099.9453492138653
245.01008439064026, 3719.4409453428134, 1099.9453492138653
245.5157287120819, 3719.4409453428134, 1099.9453492138653
246.20887160301208, 3728.7501783581047, 1092.8954789980994
246.71351885795593, 3719.545850081484, 1103.6820419011683
247.18625211715698, 3719.2323864973546, 1110.4782994162126
247.5303304195404, 3719.2323864973546, 1110.4782994162126
248.1516649723053, 3724.4030733490818, 1099.765866110687
248.6822431087494, 3813.8149588659385, 1100.4086450934929
249.00338339805603, 3813.8149588659385, 1100.4086450934929
249.50703239440918, 3813.8149588659385, 1100.4086450934929
249.99372839927673, 3813.8149588659385, 1100.4086450934929
250.50037050247192, 3813.8149588659385, 1100.4086450934929
250.9960412979126, 3813.8149588659385, 1100.4086450934929
251.5046784877777, 3813.8149588659385, 1100.4086450934929
251.98838233947754, 3813.8149588659385, 1100.4086450934929
252.51397466659546, 3813.8149588659385, 1100.4086450934929
253.00764989852905, 3813.8149588659385, 1100.4086450934929
253.72173643112183, 3059.391093537809, 1102.9847609284438
253.9910171031952, 3059.391093537809, 1102.9847609284438
254.65324091911316, 3071.304281294925, 1096.0644243346876
255.16187691688538, 3085.3405697156236, 1091.7116261577892
255.49598360061646, 3085.3405697156236, 1091.7116261577892
255.98965883255005, 3085.3405697156236, 1091.7116261577892
256.4853308200836, 3085.3405697156236, 1091.7116261577892
257.18345856666565, 3321.571100768964, 1092.7697713918785
257.4826571941376, 3321.571100768964, 1092.7697713918785
258.2117030620575, 3308.844560083322, 1089.8240981176145
258.7183458805084, 3313.7100469755196, 1114.0653162977098
258.9856297969818, 3313.7100469755196, 1114.0653162977098
259.4962604045868, 3313.7100469755196, 1114.0653162977098
259.9989140033722, 3313.7100469755196, 1114.0653162977098
260.50356101989746, 3313.7100469755196, 1114.0653162977098
260.9962418079376, 3313.7100469755196, 1114.0653162977098
261.4849314689636, 3313.7100469755196, 1114.0653162977098
261.99855494499207, 3313.7100469755196, 1114.0653162977098
262.4892406463623, 3313.7100469755196, 1114.0653162977098
263.1863715648651, 257.2147918050413, 1098.1192268634047
263.70198917388916, 253.36097510658306, 1105.2622963409842
264.00218510627747, 253.36097510658306, 1105.2622963409842
264.5337612628937, 253.36097510658306, 1105.2622963409842
265.0054965019226, 253.36097510658306, 1105.2622963409842
265.5131356716156, 253.36097510658306, 1105.2622963409842
266.01080226898193, 253.36097510658306, 1105.2622963409842
266.51046442985535, 253.36097510658306, 1105.2622963409842
267.24050664901733, 269.0836013220511, 13.260535101676028
267.54967856407166, 269.0836013220511, 13.260535101676028
268.04834175109863, 269.0836013220511, 13.260535101676028
268.72153759002686, 3663.029354200205, 1089.7216848752146
269.03769040107727, 3663.029354200205, 1089.7216848752146
269.78867840766907, 3660.468662952223, 1099.3218909251896
270.0479824542999, 3660.468662952223, 1099.3218909251896
270.78899669647217, 3656.4006760878574, 1110.0059159050163
271.06326174736023, 3656.4006760878574, 1110.0059159050163
271.5280158519745, 3656.4006760878574, 1110.0059159050163
272.23512172698975, 3653.1024669033286, 1097.9349707055449
272.54828238487244, 3653.1024669033286, 1097.9349707055449
273.01802468299866, 3653.1024669033286, 1097.9349707055449
273.5166873931885, 3653.1024669033286, 1097.9349707055449
274.0293128490448, 3653.1024669033286, 1097.9349707055449
274.53994512557983, 3653.1024669033286, 1097.9349707055449
275.0156705379486, 3653.1024669033286, 1097.9349707055449
275.6858739852905, 3625.4453416696892, 1101.1096201676885
276.19052290916443, 3621.0400693619886, 1099.5498456513772
276.7161123752594, 3624.16083498759, 1087.834311035583
277.0163085460663, 3624.16083498759, 1087.834311035583
277.5339207649231, 3624.16083498759, 1087.834311035583
278.02959275245667, 3624.16083498759, 1087.834311035583
278.5192799568176, 3624.16083498759, 1087.834311035583
279.174524307251, 3625.715133754519, 1107.3522168939426
279.75097918510437, 3618.439474209303, 1094.358295975523
280.2685935497284, 3613.3656833019013, 1113.598419628616
280.5278990268707, 3613.3656833019013, 1113.598419628616
281.0395259857178, 3613.3656833019013, 1113.598419628616
281.6957676410675, 3608.454512248677, 1095.710249455423
282.1924366950989, 3614.1347582203935, 1102.2985917815943
282.7459535598755, 3609.1115680815456, 1102.0843577410733
283.23763513565063, 3614.3682980260137, 1105.3775709462943
283.5348389148712, 3614.3682980260137, 1105.3775709462943
283.66549015045166, 3614.3682980260137, 1105.3775709462943
284.1980621814728, 3612.1767997912702, 1113.849004255951
284.53914737701416, 3612.1767997912702, 1113.849004255951
285.1943917274475, 3617.9707564668497, 1107.802116613157
285.7638649940491, 3616.524905456788, 1111.337440992227
286.07004499435425, 3616.524905456788, 1111.337440992227
286.51983976364136, 3616.524905456788, 1111.337440992227
287.24689078330994, 3612.289681217564, 1104.4250020683132
287.7395701408386, 3618.102719609737, 1101.776234371833
288.05372858047485, 3618.102719609737, 1101.776234371833
288.52546525001526, 3618.102719609737, 1101.776234371833
289.2425420284271, 3616.7088043153435, 1086.747859455178
289.5267813205719, 3616.7088043153435, 1086.747859455178
290.03242564201355, 3616.7088043153435, 1086.747859455178
290.5251054763794, 3616.7088043153435, 1086.747859455178
291.04770588874817, 3616.7088043153435, 1086.747859455178
291.531409740448, 3616.7088043153435, 1086.747859455178
292.2724230289459, 403.9651298145822, 1096.4619745666778
292.7301959991455, 403.7852208615909, 1087.3283268928574
293.03438091278076, 403.7852208615909, 1087.3283268928574
293.53603649139404, 403.7852208615909, 1087.3283268928574
294.2411468029022, 399.0511001507509, 1100.3034825906159
294.75477027893066, 397.4936585760328, 1095.6981059949214
295.2544310092926, 404.59406895285764, 1100.6130702298915
295.7341454029083, 403.04073232600706, 1095.3325306700046
296.24278259277344, 404.8246288172312, 1097.3440022098814
296.5210371017456, 404.8246288172312, 1097.3440022098814
297.05261182785034, 404.8246288172312, 1097.3440022098814
297.7567250728607, 408.7033016039075, 1096.0332439690976
298.26237058639526, 420.61281683079403, 1093.9501630426248
298.5575792789459, 420.61281683079403, 1093.9501630426248
299.0353002548218, 420.61281683079403, 1093.9501630426248
299.7374174594879, 420.389913577616, 1080.2272267449737
300.0286364555359, 420.389913577616, 1080.2272267449737
300.5412633419037, 420.389913577616, 1080.2272267449737
301.03394293785095, 420.389913577616, 1080.2272267449737
301.717111825943, 411.99118358295397, 1088.7297694965314
302.01930141448975, 411.99118358295397, 1088.7297694965314
302.7264070510864, 420.0935167991804, 1078.8845785477663
303.0196228027344, 420.0935167991804, 1078.8845785477663
303.7227373123169, 421.66889823457825, 1094.698060066181
304.0568413734436, 421.66889823457825, 1094.698060066181
304.6991193294525, 439.9384275970588, 1092.3023656869714
305.1718530654907, 431.7142724842532, 1073.8360332737022
305.4820227622986, 431.7142724842532, 1073.8360332737022
305.98171210289, 431.7142724842532, 1073.8360332737022
306.64690017700195, 436.0120764746181, 1085.6764455347316
306.98898434638977, 436.0120764746181, 1085.6764455347316
307.4956257343292, 436.0120764746181, 1085.6764455347316
308.2655625343323, 440.40847701729143, 1078.9030387655955
308.48597145080566, 440.40847701729143, 1078.9030387655955
308.9886543750763, 440.40847701729143, 1078.9030387655955
309.48828530311584, 440.40847701729143, 1078.9030387655955
310.0098888874054, 440.40847701729143, 1078.9030387655955
310.6940541267395, 433.3561002076517, 1075.8711038141805
310.9962465763092, 433.3561002076517, 1075.8711038141805
311.490918636322, 433.3561002076517, 1075.8711038141805
312.1700978279114, 473.9233452486689, 1036.288920815144, 3661.0384412710505, 1081.5752973551942
312.67873668670654, 473.9233452486689, 1036.288920815144, 3661.0384412710505, 1081.5752973551942
313.1813876628876, 473.9233452486689, 1036.288920815144, 3661.0384412710505, 1081.5752973551942
313.869544506073, 460.83687229923623, 1049.8250955524595, 3677.09269857204, 1064.850897958822
314.86886644363403, 452.81013135995505, 1062.2277069907227, 3639.759260492964, 1104.8713190017415
315.9260325431824, 461.4610918562304, 1044.186005129587, 3681.3615631973025, 1058.935922084493
316.86252427101135, 453.0596300468736, 1051.1413994702625, 3676.1694585305063, 1060.8094054867938
317.89675116539, 3697.6721697225285, 1049.9540093260603, 461.9986074398597, 1055.1519708900094
318.70857548713684, 3697.6721697225285, 1049.9540093260603, 461.9986074398597, 1055.1519708900094
319.36780881881714, 480.81910837758437, 1033.1062651332613, 3646.776692366169, 1097.2968356683398
320.1896059513092, 480.81910837758437, 1033.1062651332613, 3646.776692366169, 1097.2968356683398
320.9116711616516, 449.5676598853817, 1043.2616895921365, 3668.964623905068, 1057.7805459237638
321.90002274513245, 541.0686141573302, 984.2266413674173, 3662.191811467154, 1087.4948134049525
322.6919000148773, 541.0686141573302, 984.2266413674173, 3662.191811467154, 1087.4948134049525
323.1616418361664, 541.0686141573302, 984.2266413674173, 3662.191811467154, 1087.4948134049525
323.91063475608826, 474.6735777466101, 1034.3673623320578, 3620.0316749253034, 1123.4068689265541
324.7005178928375, 474.6735777466101, 1034.3673623320578, 3620.0316749253034, 1123.4068689265541
325.35975313186646, 462.71529699348304, 1036.9507883128551, 3650.8197900013975, 1084.0225406713812
326.3580758571625, 457.8171392653968, 1055.088685639416, 3680.3343319219534, 1063.0045799517839
327.39529609680176, 517.7625537037404, 988.2584904449371, 3675.9280961589807, 1059.5238301265165
328.1791949272156, 517.7625537037404, 988.2584904449371, 3675.9280961589807, 1059.5238301265165
328.6818480491638, 517.7625537037404, 988.2584904449371, 3675.9280961589807, 1059.5238301265165
328.8344392776489, 517.7625537037404, 988.2584904449371, 3675.9280961589807, 1059.5238301265165
329.38396668434143, 520.8879094337143, 979.2428188188115, 3654.867023051085, 1075.6823781089554
330.3703227043152, 468.3759344465105, 1054.6349269455122, 3669.1221263050197, 1083.8491027106716
331.1841723918915, 468.3759344465105, 1054.6349269455122, 3669.1221263050197, 1083.8491027106716
331.30481815338135, 468.3759344465105, 1054.6349269455122, 3669.1221263050197, 1083.8491027106716
331.8902494907379, 527.4165283471062, 993.4661523581534, 3682.133153881602, 1068.5947269923486
332.8676300048828, 453.1434647661631, 1058.714703433639, 3614.8977234995964, 1130.1386583513502
333.2206835746765, 453.1434647661631, 1058.714703433639, 3614.8977234995964, 1130.1386583513502
333.730318069458, 453.1434647661631, 1058.714703433639, 3614.8977234995964, 1130.1386583513502
334.32871437072754, 467.43656916139946, 1046.832696228646, 3667.882266234147, 1076.906767041947
334.6827664375305, 467.43656916139946, 1046.832696228646, 3667.882266234147, 1076.906767041947
335.2622127532959, 467.43656916139946, 1046.832696228646, 3667.882266234147, 1076.906767041947
335.72098302841187, 467.43656916139946, 1046.832696228646, 3667.882266234147, 1076.906767041947
336.20369005203247, 467.43656916139946, 1046.832696228646, 3667.882266234147, 1076.906767041947
336.78612899780273, 467.43656916139946, 1046.832696228646, 3667.882266234147, 1076.906767041947
337.39449858665466, 450.81836497867255, 1049.4459638107992, 3620.936895877198, 1112.9660300594308
338.18737387657166, 450.81836497867255, 1049.4459638107992, 3620.936895877198, 1112.9660300594308
338.73091673851013, 450.81836497867255, 1049.4459638107992, 3620.936895877198, 1112.9660300594308
339.4659469127655, 461.9104905711287, 1061.358684285715, 3655.790087213147, 1096.184660391893
340.37152004241943, 464.5165882318836, 1048.8758956897645, 3677.3759763077423, 1070.3761173912671
341.37582898139954, 463.9807129641759, 1050.0979306943718, 3684.183909483881, 1063.8326160137624
342.4030907154083, 511.3630196126002, 1000.9662288895194, 3681.6086230012884, 1063.5187123016265
343.17500734329224, 511.3630196126002, 1000.9662288895194, 3681.6086230012884, 1063.5187123016265
343.7135636806488, 511.3630196126002, 1000.9662288895194, 3681.6086230012884, 1063.5187123016265
344.18131041526794, 511.3630196126002, 1000.9662288895194, 3681.6086230012884, 1063.5187123016265
344.71288561820984, 511.3630196126002, 1000.9662288895194, 3681.6086230012884, 1063.5187123016265
345.1896080970764, 511.3630196126002, 1000.9662288895194, 3681.6086230012884, 1063.5187123016265
345.73813796043396, 511.3630196126002, 1000.9662288895194, 3681.6086230012884, 1063.5187123016265
346.38939237594604, 502.3090300096916, 989.8742268346483, 3690.4832866117376, 1033.0578778178758
347.38871455192566, 523.0604667998844, 990.8979734891307, 3653.3346479157444, 1091.18686226487
348.2125070095062, 523.0604667998844, 990.8979734891307, 3653.3346479157444, 1091.18686226487
348.73410868644714, 523.0604667998844, 990.8979734891307, 3653.3346479157444, 1091.18686226487
349.20883655548096, 523.0604667998844, 990.8979734891307, 3653.3346479157444, 1091.18686226487
349.9189393520355, 497.24557157530484, 999.198933091353, 3649.9399328352247, 1077.2573396411076
350.72776651382446, 497.24557157530484, 999.198933091353, 3649.9399328352247, 1077.2573396411076
351.3790211677551, 509.08238399097525, 1008.2148883344194, 3668.5831919922125, 1078.8376102198447
352.22176218032837, 509.08238399097525, 1008.2148883344194, 3668.5831919922125, 1078.8376102198447
352.70147681236267, 509.08238399097525, 1008.2148883344194, 3668.5831919922125, 1078.8376102198447
353.18717527389526, 509.08238399097525, 1008.2148883344194, 3668.5831919922125, 1078.8376102198447
353.6808521747589, 509.08238399097525, 1008.2148883344194, 3668.5831919922125, 1078.8376102198447
354.193478345871, 509.08238399097525, 1008.2148883344194, 3668.5831919922125, 1078.8376102198447
354.6791775226593, 509.08238399097525, 1008.2148883344194, 3668.5831919922125, 1078.8376102198447
355.35935401916504, 526.9740269519825, 988.2213238668352, 3668.329055225412, 1078.4223190504356
356.37563014030457, 510.67605805661344, 990.7585963764051, 3641.611979534256, 1089.6189784989122
357.2163784503937, 510.67605805661344, 990.7585963764051, 3641.611979534256, 1089.6189784989122
357.73997354507446, 510.67605805661344, 990.7585963764051, 3641.611979534256, 1089.6189784989122
358.1907660961151, 510.67605805661344, 990.7585963764051, 3641.611979534256, 1089.6189784989122
358.6824474334717, 510.67605805661344, 990.7585963764051, 3641.611979534256, 1089.6189784989122
359.1970691680908, 510.67605805661344, 990.7585963764051, 3641.611979534256, 1089.6189784989122
359.70171666145325, 510.67605805661344, 990.7585963764051, 3641.611979534256, 1089.6189784989122
360.3988893032074, 520.4486523600929, 994.9375699738221, 3682.7040196185158, 1062.8604822391937
361.4051513671875, 518.303881369352, 990.254216265849, 3654.2164681027607, 1084.1492331174666
362.1910455226898, 518.303881369352, 990.254216265849, 3654.2164681027607, 1084.1492331174666
362.67973613739014, 518.303881369352, 990.254216265849, 3654.2164681027607, 1084.1492331174666
363.18238973617554, 518.303881369352, 990.254216265849, 3654.2164681027607, 1084.1492331174666
363.86855006217957, 508.54988788685614, 1003.4980702327923, 3664.3857265630522, 1079.0593304169183
364.8688690662384, 530.4264619295978, 990.7098076647721, 3648.9476110842356, 1104.2693645259903
365.6936583518982, 530.4264619295978, 990.7098076647721, 3648.9476110842356, 1104.2693645259903
366.1973092556, 530.4264619295978, 990.7098076647721, 3648.9476110842356, 1104.2693645259903
366.8575391769409, 510.77433730530646, 993.8653334402437, 3661.802134305429, 1073.6711592933038
367.67135882377625, 510.77433730530646, 993.8653334402437, 3661.802134305429, 1073.6711592933038
368.3276000022888, 521.7418689436544, 987.6602276765115, 3704.8290125496524, 1032.5597327268097
368.6906270980835, 521.7418689436544, 987.6602276765115, 3704.8290125496524, 1032.5597327268097
369.2231991291046, 521.7418689436544, 987.6602276765115, 3704.8290125496524, 1032.5597327268097
369.8684709072113, 520.9022262580111, 995.0993532916679, 3644.0834574080977, 1101.043104253871
370.6723155975342, 520.9022262580111, 995.0993532916679, 3644.0834574080977, 1101.043104253871
371.4153251647949, 499.1650746161817, 998.1218552551754, 3630.868846303994, 1097.8934461352421
372.384726524353, 515.2969124939862, 985.7333178514551, 3649.8618518962157, 1080.6290918957422
373.2264711856842, 515.2969124939862, 985.7333178514551, 3649.8618518962157, 1080.6290918957422
373.7091774940491, 515.2969124939862, 985.7333178514551, 3649.8618518962157, 1080.6290918957422
374.36442160606384, 506.85613107562, 994.6692041747444, 3650.456481301047, 1080.2716336354326
375.39665508270264, 494.47841423642245, 1009.8815809559727, 3786.3974896661844, 1062.928336692182
376.19750809669495, 494.47841423642245, 1009.8815809559727, 3786.3974896661844, 1062.928336692182
376.6612660884857, 494.47841423642245, 1009.8815809559727, 3786.3974896661844, 1062.928336692182
377.3813364505768, 508.40317409420834, 1001.7890663465162, 3660.648910469694, 1080.110397355602
378.23704290390015, 508.40317409420834, 1001.7890663465162, 3660.648910469694, 1080.110397355602
378.9232039451599, 511.2658855689258, 1004.7139280361448, 3640.2200546539016, 1106.4222537351334
379.6831684112549, 511.2658855689258, 1004.7139280361448, 3640.2200546539016, 1106.4222537351334
380.1977880001068, 511.2658855689258, 1004.7139280361448, 3640.2200546539016, 1106.4222537351334
380.8480455875397, 502.91403412567126, 979.9894115541638, 3653.205873959537, 1057.5734352189288
381.67881894111633, 502.91403412567126, 979.9894115541638, 3653.205873959537, 1057.5734352189288
382.447758436203, 504.6528492294212, 989.682046718347, 3639.6213223107147, 1082.8708449505868
383.19076800346375, 504.6528492294212, 989.682046718347, 3639.6213223107147, 1082.8708449505868
383.7103753089905, 504.6528492294212, 989.682046718347, 3639.6213223107147, 1082.8708449505868
384.19906520843506, 504.6528492294212, 989.682046718347, 3639.6213223107147, 1082.8708449505868
384.8483257293701, 508.9321793054184, 998.2297876700147, 3667.4850093381774, 1072.5049633227775
385.68707728385925, 508.9321793054184, 998.2297876700147, 3667.4850093381774, 1072.5049633227775
386.23161816596985, 508.9321793054184, 998.2297876700147, 3667.4850093381774, 1072.5049633227775
386.9357314109802, 518.8835306745898, 994.0132532397079, 3645.7859505289325, 1097.6365497007625
387.70467042922974, 518.8835306745898, 994.0132532397079, 3645.7859505289325, 1097.6365497007625
388.1704227924347, 518.8835306745898, 994.0132532397079, 3645.7859505289325, 1097.6365497007625
388.6790587902069, 518.8835306745898, 994.0132532397079, 3645.7859505289325, 1097.6365497007625
389.4150867462158, 497.61218199168076, 988.508314382165, 3644.0004807030105, 1066.6729929978014
390.1959934234619, 497.61218199168076, 988.508314382165, 3644.0004807030105, 1066.6729929978014
390.6687264442444, 497.61218199168076, 988.508314382165, 3644.0004807030105, 1066.6729929978014
391.19631361961365, 497.61218199168076, 988.508314382165, 3644.0004807030105, 1066.6729929978014
391.67004323005676, 497.61218199168076, 988.508314382165, 3644.0004807030105, 1066.6729929978014
392.4270143508911, 513.5150538672931, 1000.8473005612341, 3656.745655640758, 1087.5728314750634
393.1740126609802, 513.5150538672931, 1000.8473005612341, 3656.745655640758, 1087.5728314750634
393.6946179866791, 513.5150538672931, 1000.8473005612341, 3656.745655640758, 1087.5728314750634
394.38775968551636, 526.0133736676794, 990.19522636337, 3670.179407113492, 1076.1536329050766
395.19858741760254, 526.0133736676794, 990.19522636337, 3670.179407113492, 1076.1536329050766
395.6922650337219, 526.0133736676794, 990.19522636337, 3670.179407113492, 1076.1536329050766
396.3884267807007, 518.5621173074705, 996.2720958597483, 3653.612332297464, 1090.7212879128383
397.16332244873047, 518.5621173074705, 996.2720958597483, 3653.612332297464, 1090.7212879128383
397.6739537715912, 518.5621173074705, 996.2720958597483, 3653.612332297464, 1090.7212879128383
398.1776051521301, 518.5621173074705, 996.2720958597483, 3653.612332297464, 1090.7212879128383
398.933589220047, 514.8540927403712, 993.9934228913239, 3634.071896473936, 1105.0507921154076
399.6706027984619, 514.8540927403712, 993.9934228913239, 3634.071896473936, 1105.0507921154076
400.38069891929626, 490.80583879287485, 1002.0425833120637, 3691.6989646222373, 1028.116894854395
401.2174563407898, 490.80583879287485, 1002.0425833120637, 3691.6989646222373, 1028.116894854395
401.7330756187439, 490.80583879287485, 1002.0425833120637, 3691.6989646222373, 1028.116894854395
402.53093671798706, 516.3785919483512, 991.0181999262852, 3634.8234345644323, 1102.5058913696062
403.1841878890991, 516.3785919483512, 991.0181999262852, 3634.8234345644323, 1102.5058913696062
403.7037947177887, 516.3785919483512, 991.0181999262852, 3634.8234345644323, 1102.5058913696062
404.1884958744049, 516.3785919483512, 991.0181999262852, 3634.8234345644323, 1102.5058913696062
404.68815517425537, 516.3785919483512, 991.0181999262852, 3634.8234345644323, 1102.5058913696062
405.434157371521, 507.74654708403824, 1002.9874459862228, 3662.8733548737287, 1079.0439669738814
406.43347930908203, 514.4780900900166, 993.4041301552004, 3673.637569768211, 1062.8340471922227
407.40686988830566, 516.5606377486763, 982.9592143385505, 3661.6814740213763, 1068.2161642345698
408.2007427215576, 516.5606377486763, 982.9592143385505, 3661.6814740213763, 1068.2161642345698
408.7203507423401, 516.5606377486763, 982.9592143385505, 3661.6814740213763, 1068.2161642345698
409.2050504684448, 516.5606377486763, 982.9592143385505, 3661.6814740213763, 1068.2161642345698
409.94207549095154, 513.1310669770016, 1002.9857736077639, 3667.9398183592134, 1078.7201608670982
410.8875412940979, 511.91541359262163, 1007.5795088511978, 3640.3053808895775, 1109.5992575586797
411.8768906593323, 506.93056326067637, 991.0744400182036, 3657.9009528390234, 1069.933959163943
412.85227704048157, 505.09565074213384, 990.7068352509781, 3664.7869071603172, 1061.4441892708373
413.1844217777252, 505.09565074213384, 990.7068352509781, 3664.7869071603172, 1061.4441892708373
413.70499086380005, 505.09565074213384, 990.7068352509781, 3664.7869071603172, 1061.4441892708373
414.32532930374146, 506.9990778886581, 991.7404678772364, 3658.184964357592, 1071.5117650811662
414.93669033050537, 514.162678169349, 1000.5712776570302, 3663.9922582631375, 1082.2815074667287
415.6986496448517, 514.162678169349, 1000.5712776570302, 3663.9922582631375, 1082.2815074667287
416.1963152885437, 514.162678169349, 1000.5712776570302, 3663.9922582631375, 1082.2815074667287
416.715922832489, 514.162678169349, 1000.5712776570302, 3663.9922582631375, 1082.2815074667287
417.1896526813507, 514.162678169349, 1000.5712776570302, 3663.9922582631375, 1082.2815074667287
417.70128083229065, 514.162678169349, 1000.5712776570302, 3663.9922582631375, 1082.2815074667287
418.1670331954956, 514.162678169349, 1000.5712776570302, 3663.9922582631375, 1082.2815074667287
418.7235426902771, 514.162678169349, 1000.5712776570302, 3663.9922582631375, 1082.2815074667287
419.40172481536865, 504.7457876654584, 1012.3393059853676, 3637.2228782622824, 1114.3101103391627
420.3571639060974, 515.6828903187743, 1008.1876020547063, 3666.6550868632257, 1080.996270781546
421.3804214000702, 509.2868152280567, 1006.3046181124797, 3664.8746023935164, 1083.6322877614157
422.17229890823364, 509.2868152280567, 1006.3046181124797, 3664.8746023935164, 1083.6322877614157
422.70990777015686, 509.2868152280567, 1006.3046181124797, 3664.8746023935164, 1083.6322877614157
423.33617997169495, 505.4978423029252, 1010.7442375241756, 3683.6881011442165, 1063.2872772488709
423.7171607017517, 505.4978423029252, 1010.7442375241756, 3683.6881011442165, 1063.2872772488709
424.3544511795044, 514.936436224433, 994.6218755024979, 3656.098557793111, 1084.2902465681925
425.17425417900085, 514.936436224433, 994.6218755024979, 3656.098557793111, 1084.2902465681925
425.706826210022, 514.936436224433, 994.6218755024979, 3656.098557793111, 1084.2902465681925
426.3870041370392, 498.8661116799987, 1014.6912995345072, 3634.9570996880902, 1108.7652779970213
427.18985295295715, 498.8661116799987, 1014.6912995345072, 3634.9570996880902, 1108.7652779970213
427.71145510673523, 498.8661116799987, 1014.6912995345072, 3634.9570996880902, 1108.7652779970213
428.1792013645172, 498.8661116799987, 1014.6912995345072, 3634.9570996880902, 1108.7652779970213
428.936172246933, 487.5817638444586, 999.1048230319893, 3669.8008593701516, 1046.497187047839
429.7260551452637, 487.5817638444586, 999.1048230319893, 3669.8008593701516, 1046.497187047839
430.19878911972046, 487.5817638444586, 999.1048230319893, 3669.8008593701516, 1046.497187047839
430.6775059700012, 487.5817638444586, 999.1048230319893, 3669.8008593701516, 1046.497187047839
431.3397307395935, 502.87781854954915, 1011.0512541768824, 3682.1280670787364, 1062.4348755792337
431.7167203426361, 502.87781854954915, 1011.0512541768824, 3682.1280670787364, 1062.4348755792337
432.3988924026489, 493.13731250924025, 1015.9487636990074, 3669.854573167475, 1067.4405169115532
433.37328124046326, 519.84816484777, 1006.0175771586471, 3659.2382757208215, 1095.9271159117595
434.19308495521545, 519.84816484777, 1006.0175771586471, 3659.2382757208215, 1095.9271159117595
434.7186758518219, 519.84816484777, 1006.0175771586471, 3659.2382757208215, 1095.9271159117595
435.2163417339325, 519.84816484777, 1006.0175771586471, 3659.2382757208215, 1095.9271159117595
435.6930639743805, 519.84816484777, 1006.0175771586471, 3659.2382757208215, 1095.9271159117595
436.19372272491455, 519.84816484777, 1006.0175771586471, 3659.2382757208215, 1095.9271159117595
436.69438195228577, 519.84816484777, 1006.0175771586471, 3659.2382757208215, 1095.9271159117595
437.17210125923157, 519.84816484777, 1006.0175771586471, 3659.2382757208215, 1095.9271159117595
437.7206304073334, 519.84816484777, 1006.0175771586471, 3659.2382757208215, 1095.9271159117595
438.3678958415985, 524.7403021413571, 993.1096836479758, 3640.370005597652, 1107.9642811602027
439.17872285842896, 524.7403021413571, 993.1096836479758, 3640.370005597652, 1107.9642811602027
439.9426758289337, 513.5837214223586, 996.9244166548795, 3652.626750972189, 1091.200436667073
440.6846866607666, 513.5837214223586, 996.9244166548795, 3652.626750972189, 1091.200436667073
441.1883738040924, 513.5837214223586, 996.9244166548795, 3652.626750972189, 1091.200436667073
441.87449884414673, 495.5032453180953, 990.5540414478182, 3675.8666851635394, 1037.1013356996407
442.67335772514343, 495.5032453180953, 990.5540414478182, 3675.8666851635394, 1037.1013356996407
443.38046288490295, 505.0762974768581, 1006.6439080042883, 3650.1219698336863, 1087.812737902288
444.38477087020874, 513.8945644326271, 988.8130209228378, 3684.993791046897, 1047.2743231355662
445.4110219478607, 494.56972560847066, 1007.2509098133447, 3680.8181450494053, 1048.8519578406951
446.37144660949707, 510.31307856832456, 1003.775464764095, 3662.0544074606405, 1086.4456718382924
447.3777506351471, 505.16486743281996, 1007.2537096395475, 3676.4732276254967, 1064.2283510317825
448.17167139053345, 505.16486743281996, 1007.2537096395475, 3676.4732276254967, 1064.2283510317825
448.7031981945038, 505.16486743281996, 1007.2537096395475, 3676.4732276254967, 1064.2283510317825
449.18889689445496, 505.16486743281996, 1007.2537096395475, 3676.4732276254967, 1064.2283510317825
449.67758679389954, 505.16486743281996, 1007.2537096395475, 3676.4732276254967, 1064.2283510317825
450.38170051574707, 510.4026667097697, 1000.5408274437347, 3651.4040042663887, 1088.019101640236
451.35010504722595, 511.5928337894153, 1012.2713276066928, 3650.8194288784584, 1105.6797027943126
452.36737871170044, 495.3021083277507, 1016.5468644568896, 3659.333460310551, 1081.7714434020904
453.19715547561646, 495.3021083277507, 1016.5468644568896, 3659.333460310551, 1081.7714434020904
453.6868426799774, 495.3021083277507, 1016.5468644568896, 3659.333460310551, 1081.7714434020904
454.9544460773468, 431.10963424000556, 174.87576063889503, 665.9032419217378, 862.1321978233611
456.1981122493744, 431.10963424000556, 174.87576063889503, 665.9032419217378, 862.1321978233611
457.2652802467346, 431.10963424000556, 174.87576063889503, 665.9032419217378, 862.1321978233611
457.8676381111145, 498.3347989599142, 1003.6269661282718, 3678.8011586840635, 1049.0881425238015
458.92181301116943, 507.30768609360564, 994.1397691546874, 3667.4267423714728, 1065.7549183789363
459.68578028678894, 507.30768609360564, 994.1397691546874, 3667.4267423714728, 1065.7549183789363
460.22132992744446, 507.30768609360564, 994.1397691546874, 3667.4267423714728, 1065.7549183789363
460.93840861320496, 513.8133066345983, 1000.376033262234, 3682.2199932526228, 1059.1534867850662
461.8888609409332, 485.44903380109065, 1008.2137085918089, 3685.8768889979656, 1037.21144695488
462.67375802993774, 485.44903380109065, 1008.2137085918089, 3685.8768889979656, 1037.21144695488
463.1973547935486, 485.44903380109065, 1008.2137085918089, 3685.8768889979656, 1037.21144695488
463.7039966583252, 485.44903380109065, 1008.2137085918089, 3685.8768889979656, 1037.21144695488
464.38716554641724, 509.9554359785626, 1000.254358751336, 3672.7980221636317, 1065.4706749704667
465.43934631347656, 511.0154311740321, 996.874392585914, 3661.47921304075, 1067.3253277445283
466.35888171195984, 487.96884574598664, 1014.429935565119, 3685.480283517749, 1043.4151688921584
467.3033516407013, 487.96884574598664, 1014.429935565119, 3685.480283517749, 1043.4151688921584
467.94164061546326, 508.62888835302743, 999.3213699541426, 3690.95281435785, 1046.1369317127378
468.69362592697144, 508.62888835302743, 999.3213699541426, 3690.95281435785, 1046.1369317127378
469.3827793598175, 502.7161357142661, 1011.2501975784346, 3657.9557094119236, 1088.7900899242245
470.26941299438477, 502.7161357142661, 1011.2501975784346, 3657.9557094119236, 1088.7900899242245
470.6882791519165, 502.7161357142661, 1011.2501975784346, 3657.9557094119236, 1088.7900899242245
471.2258393764496, 502.7161357142661, 1011.2501975784346, 3657.9557094119236, 1088.7900899242245
471.73746943473816, 502.7161357142661, 1011.2501975784346, 3657.9557094119236, 1088.7900899242245
472.4475643634796, 509.4588717039623, 1003.6850312066767, 3686.4676050789476, 1057.5605844749127
473.4020073413849, 513.3704538716459, 1005.4195738895072, 3671.106992926677, 1080.0146726810349
474.2158262729645, 513.3704538716459, 1005.4195738895072, 3671.106992926677, 1080.0146726810349
474.68058013916016, 513.3704538716459, 1005.4195738895072, 3671.106992926677, 1080.0146726810349
475.18323278427124, 513.3704538716459, 1005.4195738895072, 3671.106992926677, 1080.0146726810349
475.68488907814026, 513.3704538716459, 1005.4195738895072, 3671.106992926677, 1080.0146726810349
476.2184591293335, 513.3704538716459, 1005.4195738895072, 3671.106992926677, 1080.0146726810349
476.69318771362305, 513.3704538716459, 1005.4195738895072, 3671.106992926677, 1080.0146726810349
477.18487000465393, 513.3704538716459, 1005.4195738895072, 3671.106992926677, 1080.0146726810349
477.6765513420105, 513.3704538716459, 1005.4195738895072, 3671.106992926677, 1080.0146726810349
478.3906373977661, 515.8616309176873, 1002.7136153007809, 3662.805875508664, 1084.743057356704
479.40292477607727, 502.88288020344663, 1007.0121090696751, 3693.3971545815457, 1045.735409162836
480.23170351982117, 502.88288020344663, 1007.0121090696751, 3693.3971545815457, 1045.735409162836
480.68149876594543, 502.88288020344663, 1007.0121090696751, 3693.3971545815457, 1045.735409162836
481.19113302230835, 502.88288020344663, 1007.0121090696751, 3693.3971545815457, 1045.735409162836
481.9002318382263, 510.81382967276414, 1001.4461772154098, 3648.2384663957546, 1093.3984627863283
482.68014216423035, 510.81382967276414, 1001.4461772154098, 3648.2384663957546, 1093.3984627863283
483.39921498298645, 506.6479202524334, 1000.2568793517681, 3694.832043366612, 1039.3853291175478
484.18411111831665, 506.6479202524334, 1000.2568793517681, 3694.832043366612, 1039.3853291175478
484.6847701072693, 506.6479202524334, 1000.2568793517681, 3694.832043366612, 1039.3853291175478
485.1904151439667, 506.6479202524334, 1000.2568793517681, 3694.832043366612, 1039.3853291175478
485.8656051158905, 490.9185826709675, 1018.4895471756997, 3635.099261967803, 1098.086392006762
486.86791944503784, 510.35166257539714, 1000.821119030323, 3673.067418067688, 1066.9459218483237
487.72761511802673, 510.35166257539714, 1000.821119030323, 3673.067418067688, 1066.9459218483237
488.21231603622437, 510.35166257539714, 1000.821119030323, 3673.067418067688, 1066.9459218483237
488.70499563217163, 510.35166257539714, 1000.821119030323, 3673.067418067688, 1066.9459218483237
489.17274165153503, 510.35166257539714, 1000.821119030323, 3673.067418067688, 1066.9459218483237
489.6724030971527, 510.35166257539714, 1000.821119030323, 3673.067418067688, 1066.9459218483237
490.1950042247772, 510.35166257539714, 1000.821119030323, 3673.067418067688, 1066.9459218483237
490.7235858440399, 510.35166257539714, 1000.821119030323, 3673.067418067688, 1066.9459218483237
491.37883043289185, 488.4621412115617, 1014.4526113327904, 3666.2315215816584, 1063.0743562736598
492.18167901039124, 488.4621412115617, 1014.4526113327904, 3666.2315215816584, 1063.0743562736598
492.8478932380676, 486.7213473614092, 1012.009393106697, 3700.713725327045, 1025.5249916593782
493.405398607254, 491.2212272876299, 1008.9932459130846, 3662.880977172426, 1063.6044276195532
494.41968154907227, 494.5417312674563, 1002.3879480498977, 3682.5249205865653, 1037.0701931694769
495.15869998931885, 494.5417312674563, 1002.3879480498977, 3682.5249205865653, 1037.0701931694769
495.87577867507935, 485.93344643008203, 1017.9258484395252, 3702.645808895595, 1030.8426862725535
496.6716454029083, 485.93344643008203, 1017.9258484395252, 3702.645808895595, 1030.8426862725535
497.3627932071686, 510.614750335321, 1001.9872851046707, 3676.4704661497203, 1064.71131474184
498.17461800575256, 510.614750335321, 1001.9872851046707, 3676.4704661497203, 1064.71131474184
498.86277437210083, 490.04480353394325, 1010.1445384003298, 3682.288544590178, 1046.9644038937304
499.7095046043396, 490.04480353394325, 1010.1445384003298, 3682.288544590178, 1046.9644038937304
500.19221091270447, 490.04480353394325, 1010.1445384003298, 3682.288544590178, 1046.9644038937304
500.7118191719055, 490.04480353394325, 1010.1445384003298, 3682.288544590178, 1046.9644038937304
501.18654704093933, 490.04480353394325, 1010.1445384003298, 3682.288544590178, 1046.9644038937304
501.8697154521942, 481.7213877200357, 1010.295752985289, 3646.5149500938473, 1070.908093313403
502.710462808609, 481.7213877200357, 1010.295752985289, 3646.5149500938473, 1070.908093313403
503.3796694278717, 499.42972509710705, 1013.4673813445568, 3670.4788527807414, 1074.5191536209709
504.1974766254425, 499.42972509710705, 1013.4673813445568, 3670.4788527807414, 1074.5191536209709
504.6871647834778, 499.42972509710705, 1013.4673813445568, 3670.4788527807414, 1074.5191536209709
505.3763175010681, 480.1971207304859, 1017.180570130813, 3644.6668474645226, 1078.8107370553553
506.3706531524658, 507.10701781387365, 999.2529474757239, 3694.256459290306, 1040.0674131994062
507.1804826259613, 507.10701781387365, 999.2529474757239, 3694.256459290306, 1040.0674131994062
507.6901173591614, 507.10701781387365, 999.2529474757239, 3694.256459290306, 1040.0674131994062
508.3613188266754, 498.93074529955067, 1009.4399115271419, 3651.9313536995933, 1087.2434903674266
509.1861078739166, 498.93074529955067, 1009.4399115271419, 3651.9313536995933, 1087.2434903674266
509.70770955085754, 498.93074529955067, 1009.4399115271419, 3651.9313536995933, 1087.2434903674266
510.34799337387085, 508.0081076084852, 998.7178860933284, 3681.8240074731625, 1054.6886363861076
510.71401262283325, 508.0081076084852, 998.7178860933284, 3681.8240074731625, 1054.6886363861076
511.220654964447, 508.0081076084852, 998.7178860933284, 3681.8240074731625, 1054.6886363861076
511.9227738380432, 492.97818996465895, 1019.7145743330362, 3659.9663914048006, 1079.273193584777
512.680742263794, 492.97818996465895, 1019.7145743330362, 3659.9663914048006, 1079.273193584777
513.3369841575623, 518.4636245274794, 1001.8657161749263, 3634.302437118996, 1116.7549639240972
513.9024679660797, 509.0471450097756, 1001.8079962826247, 3683.904978853566, 1053.3054108774184
514.719279050827, 509.0471450097756, 1001.8079962826247, 3683.904978853566, 1053.3054108774184
515.185031414032, 509.0471450097756, 1001.8079962826247, 3683.904978853566, 1053.3054108774184
515.6896781921387, 509.0471450097756, 1001.8079962826247, 3683.904978853566, 1053.3054108774184
516.1973209381104, 509.0471450097756, 1001.8079962826247, 3683.904978853566, 1053.3054108774184
516.6919920444489, 509.0471450097756, 1001.8079962826247, 3683.904978853566, 1053.3054108774184
517.3631930351257, 494.42449584378545, 1017.1292859760708, 3691.1587999303365, 1051.264582872495
518.1879839897156, 494.42449584378545, 1017.1292859760708, 3691.1587999303365, 1051.264582872495
518.6996121406555, 494.42449584378545, 1017.1292859760708, 3691.1587999303365, 1051.264582872495
519.2222113609314, 494.42449584378545, 1017.1292859760708, 3691.1587999303365, 1051.264582872495
519.7438144683838, 494.42449584378545, 1017.1292859760708, 3691.1587999303365, 1051.264582872495
520.1726651191711, 494.42449584378545, 1017.1292859760708, 3691.1587999303365, 1051.264582872495
520.6932687759399, 494.42449584378545, 1017.1292859760708, 3691.1587999303365, 1051.264582872495
521.2148714065552, 494.42449584378545, 1017.1292859760708, 3691.1587999303365, 1051.264582872495
521.886072397232, 490.05278462619657, 1015.0234681212376, 3677.048293518051, 1051.1298862463893
522.7338004112244, 490.05278462619657, 1015.0234681212376, 3677.048293518051, 1051.1298862463893
523.3720898628235, 489.81397373188537, 1016.6748478326891, 3690.232844095489, 1040.37266201239
524.19189286232, 489.81397373188537, 1016.6748478326891, 3690.232844095489, 1040.37266201239
524.7035212516785, 489.81397373188537, 1016.6748478326891, 3690.232844095489, 1040.37266201239
525.1742601394653, 489.81397373188537, 1016.6748478326891, 3690.232844095489, 1040.37266201239
525.6918737888336, 489.81397373188537, 1016.6748478326891, 3690.232844095489, 1040.37266201239
526.1835558414459, 489.81397373188537, 1016.6748478326891, 3690.232844095489, 1040.37266201239
526.9145970344543, 496.0259133327466, 1014.6150661363132, 3668.2010172300306, 1068.5775588090887
527.9029471874237, 488.2825892355335, 1019.4770205627847, 3686.682064935077, 1049.5038365264074
528.7247450351715, 488.2825892355335, 1019.4770205627847, 3686.682064935077, 1049.5038365264074
529.352064371109, 490.6337765841138, 1009.038125459275, 3685.5749679796954, 1043.96667162442
530.1848330497742, 490.6337765841138, 1009.038125459275, 3685.5749679796954, 1043.96667162442
530.8909401893616, 500.57734770151677, 1007.7834674567608, 3691.191519297893, 1058.0614339849683
531.8792917728424, 511.18486345026173, 992.0589130988084, 3673.433689778653, 1058.2987085281168
532.8177762031555, 511.18486345026173, 992.0589130988084, 3673.433689778653, 1058.2987085281168
533.457062959671, 495.26816559717156, 1015.4183383765878, 3659.1168649842375, 1079.8624359540395
534.2090482711792, 495.26816559717156, 1015.4183383765878, 3659.1168649842375, 1079.8624359540395
534.9141581058502, 485.4447510592878, 1021.450857823439, 3680.246040428094, 1054.549115793971
535.962349653244, 478.0503319381042, 1028.2769910166558, 3672.1776106930374, 1060.9433686889724
536.8948516845703, 498.5410819162199, 1008.9170302818499, 3664.8048013293505, 1069.7197872952768
537.9161131381989, 500.05321505668996, 1008.1463568931014, 3688.5029821403605, 1047.0001823608231
538.6890413761139, 500.05321505668996, 1008.1463568931014, 3688.5029821403605, 1047.0001823608231
539.1697528362274, 500.05321505668996, 1008.1463568931014, 3688.5029821403605, 1047.0001823608231
539.6823794841766, 500.05321505668996, 1008.1463568931014, 3688.5029821403605, 1047.0001823608231
540.1650862693787, 500.05321505668996, 1008.1463568931014, 3688.5029821403605, 1047.0001823608231
540.6797087192535, 500.05321505668996, 1008.1463568931014, 3688.5029821403605, 1047.0001823608231
541.1604182720184, 500.05321505668996, 1008.1463568931014, 3688.5029821403605, 1047.0001823608231
541.6919941902161, 500.05321505668996, 1008.1463568931014, 3688.5029821403605, 1047.0001823608231
542.1687166690826, 500.05321505668996, 1008.1463568931014, 3688.5029821403605, 1047.0001823608231
542.9137194156647, 502.74692859230856, 1010.4739887097031, 3682.2996254700147, 1055.9607809836482
543.670690536499, 502.74692859230856, 1010.4739887097031, 3682.2996254700147, 1055.9607809836482
544.3508696556091, 482.35427816595956, 1012.8736482079785, 3675.281990445067, 1044.0788445201188
545.165685415268, 482.35427816595956, 1012.8736482079785, 3675.281990445067, 1044.0788445201188
545.8548374176025, 469.51966926034595, 1010.874320291251, 3635.9597987186203, 1075.961194509569
546.3644714355469, 513.459208749256, 1001.3669660400741, 3665.6579909966404, 1081.1459118660132
547.1613364219666, 513.459208749256, 1001.3669660400741, 3665.6579909966404, 1081.1459118660132
547.684933423996, 513.459208749256, 1001.3669660400741, 3665.6579909966404, 1081.1459118660132
548.2105247974396, 513.459208749256, 1001.3669660400741, 3665.6579909966404, 1081.1459118660132
548.6712906360626, 513.459208749256, 1001.3669660400741, 3665.6579909966404, 1081.1459118660132
549.3933548927307, 509.17572703099785, 1006.9721440329153, 3649.9706294118055, 1094.7425760622575
550.3827035427094, 485.6952493571936, 1016.6813702240725, 3675.627816134758, 1052.1133348646906
551.2054989337921, 485.6952493571936, 1016.6813702240725, 3675.627816134758, 1052.1133348646906
551.6782321929932, 485.6952493571936, 1016.6813702240725, 3675.627816134758, 1052.1133348646906
552.3983016014099, 487.0680755388886, 1011.3976226812356, 3680.401880980284, 1048.3853786733548
553.1772139072418, 487.0680755388886, 1011.3976226812356, 3680.401880980284, 1048.3853786733548
553.7087903022766, 487.0680755388886, 1011.3976226812356, 3680.401880980284, 1048.3853786733548
555.0751295089722, 682.7630833923329, 828.156929153203, 404.80789128671006, 2896.100338841583
556.3477177619934, 682.7630833923329, 828.156929153203, 404.80789128671006, 2896.100338841583
557.462729215622, 682.7630833923329, 828.156929153203, 404.80789128671006, 2896.100338841583
558.8569931983948, 682.7630833923329, 828.156929153203, 404.80789128671006, 2896.100338841583
560.3659493923187, 682.7630833923329, 828.156929153203, 404.80789128671006, 2896.100338841583
561.8749053478241, 682.7630833923329, 828.156929153203, 404.80789128671006, 2896.100338841583
563.3798725605011, 682.7630833923329, 828.156929153203, 404.80789128671006, 2896.100338841583
564.3851790428162, 487.56749310692663, 1014.373168588055, 3646.3258808407454, 1082.6664579842634
565.2378931045532, 487.56749310692663, 1014.373168588055, 3646.3258808407454, 1082.6664579842634
565.8981244564056, 494.5753350814519, 1015.0074357117549, 3673.7596534653503, 1059.0011336210796
566.861542224884, 491.3417311634355, 1015.8663992970984, 3666.7586828268636, 1067.7497626509655
567.6723690032959, 491.3417311634355, 1015.8663992970984, 3666.7586828268636, 1067.7497626509655
568.1999576091766, 491.3417311634355, 1015.8663992970984, 3666.7586828268636, 1067.7497626509655
568.7175679206848, 491.3417311634355, 1015.8663992970984, 3666.7586828268636, 1067.7497626509655
569.4057238101959, 504.7810192691714, 1014.0447766159571, 3678.901398375573, 1067.9632284666668
570.2055802345276, 504.7810192691714, 1014.0447766159571, 3678.901398375573, 1067.9632284666668
570.6763203144073, 504.7810192691714, 1014.0447766159571, 3678.901398375573, 1067.9632284666668
571.3834238052368, 488.57740683611064, 1010.765756759351, 3690.308784984225, 1037.9934828444852
572.2102077007294, 488.57740683611064, 1010.765756759351, 3690.308784984225, 1037.9934828444852
572.9362630844116, 482.00674296711776, 1006.6097826896179, 3685.6988444098474, 1032.0890025338178
573.6962275505066, 482.00674296711776, 1006.6097826896179, 3685.6988444098474, 1032.0890025338178
574.1948916912079, 482.00674296711776, 1006.6097826896179, 3685.6988444098474, 1032.0890025338178
574.6835803985596, 482.00674296711776, 1006.6097826896179, 3685.6988444098474, 1032.0890025338178
575.192224740982, 482.00674296711776, 1006.6097826896179, 3685.6988444098474, 1032.0890025338178
575.9132850170135, 482.73410746357297, 1023.4607193157906, 3683.7029593885354, 1049.2890548657358
576.8677265644073, 475.51472806727924, 1026.8483354181858, 3693.074580928303, 1034.1241620837336
577.6975038051605, 475.51472806727924, 1026.8483354181858, 3693.074580928303, 1034.1241620837336
578.4175736904144, 464.5167654621243, 1024.8925300840801, 3667.881772971968, 1049.6405290966118
579.1865131855011, 464.5167654621243, 1024.8925300840801, 3667.881772971968, 1049.6405290966118
579.904589176178, 484.6709720500848, 1010.4019341597093, 3676.4994063897147, 1048.6342625492243
580.6795115470886, 484.6709720500848, 1010.4019341597093, 3676.4994063897147, 1048.6342625492243
581.1841599941254, 484.6709720500848, 1010.4019341597093, 3676.4994063897147, 1048.6342625492243
581.872316122055, 489.59987789688375, 1018.195948629319, 3685.9086141276634, 1048.754877364875
582.6592078208923, 489.59987789688375, 1018.195948629319, 3685.9086141276634, 1048.754877364875
583.2117257118225, 489.59987789688375, 1018.195948629319, 3685.9086141276634, 1048.754877364875
583.8440315723419, 468.73690022900666, 1021.7135873175824, 3682.3894266989723, 1035.8055995661334
584.3895699977875, 478.0869589626769, 1009.9647273155177, 3651.486419485483, 1064.2507692596948
585.4507262706757, 486.61563311806844, 1018.1480372603777, 3656.729101044876, 1074.0355784154492
586.172792673111, 486.61563311806844, 1018.1480372603777, 3656.729101044876, 1074.0355784154492
586.882887840271, 468.9300440916413, 1024.7231716432148, 3655.534321176141, 1065.4385220205218
587.7216410636902, 468.9300440916413, 1024.7231716432148, 3655.534321176141, 1065.4385220205218
588.1754240989685, 468.9300440916413, 1024.7231716432148, 3655.534321176141, 1065.4385220205218
588.6770803928375, 468.9300440916413, 1024.7231716432148, 3655.534321176141, 1065.4385220205218
589.1817276477814, 468.9300440916413, 1024.7231716432148, 3655.534321176141, 1065.4385220205218
589.8728747367859, 482.1503405376034, 1005.7527176712459, 3641.7715426312175, 1075.5231909306767
590.7116272449493, 482.1503405376034, 1005.7527176712459, 3641.7715426312175, 1075.5231909306767
591.1803715229034, 482.1503405376034, 1005.7527176712459, 3641.7715426312175, 1075.5231909306767
591.6969888210297, 482.1503405376034, 1005.7527176712459, 3641.7715426312175, 1075.5231909306767
592.175704240799, 482.1503405376034, 1005.7527176712459, 3641.7715426312175, 1075.5231909306767
592.6723732948303, 482.1503405376034, 1005.7527176712459, 3641.7715426312175, 1075.5231909306767
593.3864593505859, 468.4913541325931, 1034.6138512261145, 3676.077791491947, 1052.1430483605022
594.3698241710663, 490.0918920520517, 1028.128026417507, 3678.777702761467, 1062.3702269717946
595.1956119537354, 490.0918920520517, 1028.128026417507, 3678.777702761467, 1062.3702269717946
595.8867590427399, 478.28248582101213, 1029.472224623426, 3656.6607060426936, 1075.0040385427985
596.8392071723938, 479.9399607644458, 1030.728420151141, 3674.6831862378326, 1061.602888439008
597.3657953739166, 481.75753093320674, 1018.7627730923548, 3647.2558953363955, 1080.2079726072488
598.1836037635803, 481.75753093320674, 1018.7627730923548, 3647.2558953363955, 1080.2079726072488
598.7580649852753, 481.75753093320674, 1018.7627730923548, 3647.2558953363955, 1080.2079726072488
599.2048678398132, 481.75753093320674, 1018.7627730923548, 3647.2558953363955, 1080.2079726072488
599.942889213562, 472.37500072887997, 1025.5512693178493, 3628.24628856711, 1098.4434621484318
600.7118289470673, 472.37500072887997, 1025.5512693178493, 3628.24628856711, 1098.4434621484318
601.2005212306976, 472.37500072887997, 1025.5512693178493, 3628.24628856711, 1098.4434621484318
601.7600197792053, 472.37500072887997, 1025.5512693178493, 3628.24628856711, 1098.4434621484318
602.4232420921326, 496.3869367754871, 1018.603066882999, 3695.278994700125, 1044.8552250340376
603.190188407898, 496.3869367754871, 1018.603066882999, 3695.278994700125, 1044.8552250340376
603.6908450126648, 496.3869367754871, 1018.603066882999, 3695.278994700125, 1044.8552250340376
604.3740153312683, 486.47106696515476, 1020.4512048630601, 3660.870255753711, 1071.3482404498181
605.1758663654327, 486.47106696515476, 1020.4512048630601, 3660.870255753711, 1071.3482404498181
605.7124283313751, 486.47106696515476, 1020.4512048630601, 3660.870255753711, 1071.3482404498181
606.2330324649811, 486.47106696515476, 1020.4512048630601, 3660.870255753711, 1071.3482404498181
606.7217233181, 486.47106696515476, 1020.4512048630601, 3660.870255753711, 1071.3482404498181
607.1765053272247, 486.47106696515476, 1020.4512048630601, 3660.870255753711, 1071.3482404498181
607.7210454940796, 486.47106696515476, 1020.4512048630601, 3660.870255753711, 1071.3482404498181
608.1688451766968, 486.47106696515476, 1020.4512048630601, 3660.870255753711, 1071.3482404498181
608.7143833637238, 486.47106696515476, 1020.4512048630601, 3660.870255753711, 1071.3482404498181
609.373616695404, 494.5356027840157, 1014.7189442970068, 3666.4948872215996, 1070.4879309528562
610.3609702587128, 492.29962692698615, 1010.9153942982583, 3652.876633210886, 1080.0401585140862
611.2007207870483, 492.29962692698615, 1010.9153942982583, 3652.876633210886, 1080.0401585140862
611.6993832588196, 492.29962692698615, 1010.9153942982583, 3652.876633210886, 1080.0401585140862
612.3965163230896, 508.79983117227493, 1009.9424478669821, 3667.5353198891116, 1078.433225326383
613.1834425926208, 508.79983117227493, 1009.9424478669821, 3667.5353198891116, 1078.433225326383
613.8974995613098, 480.7828007666145, 1020.0920645479661, 3640.9856123834347, 1087.3951743124396
614.732274055481, 480.7828007666145, 1020.0920645479661, 3640.9856123834347, 1087.3951743124396
615.1910338401794, 480.7828007666145, 1020.0920645479661, 3640.9856123834347, 1087.3951743124396
615.8662257194519, 477.5884460778201, 1030.0023650174214, 3669.0268639768797, 1064.3843941563982
616.6960015296936, 477.5884460778201, 1030.0023650174214, 3669.0268639768797, 1064.3843941563982
617.1647436618805, 477.5884460778201, 1030.0023650174214, 3669.0268639768797, 1064.3843941563982
617.877833366394, 482.83521148772337, 1023.5734268055548, 3666.4350394787125, 1066.0931186520827
618.8861310482025, 482.27037595214927, 1019.6564381473037, 3639.1481134529613, 1088.4176426431436
619.9393103122711, 479.91058640253107, 1009.8686469894146, 3652.5357488900268, 1066.7112794842062
620.7022635936737, 479.91058640253107, 1009.8686469894146, 3652.5357488900268, 1066.7112794842062
621.3714706897736, 462.5256248990329, 1028.5105031413939, 3650.215720709642, 1069.5381792687544
622.179306268692, 462.5256248990329, 1028.5105031413939, 3650.215720709642, 1069.5381792687544
622.9143357276917, 482.1456008948843, 1024.5166817669328, 3669.319332621192, 1063.6164010264388
623.6982355117798, 482.1456008948843, 1024.5166817669328, 3669.319332621192, 1063.6164010264388
624.364449262619, 484.65306225175294, 1013.6599124556576, 3651.534943849346, 1075.1334461560432
625.1792685985565, 484.65306225175294, 1013.6599124556576, 3651.534943849346, 1075.1334461560432
625.915295124054, 476.555836514499, 1034.5716234564836, 3682.127807213633, 1055.665911016481
626.6852314472198, 476.555836514499, 1034.5716234564836, 3682.127807213633, 1055.665911016481
627.1978578567505, 476.555836514499, 1034.5716234564836, 3682.127807213633, 1055.665911016481
627.6845519542694, 476.555836514499, 1034.5716234564836, 3682.127807213633, 1055.665911016481
628.3836784362793, 465.95637560610635, 1038.3567298938997, 3674.0192309909985, 1056.024841151601
629.3850243091583, 474.59109932789147, 1021.7241686819351, 3612.997165519171, 1114.75739757881
630.1878442764282, 474.59109932789147, 1021.7241686819351, 3612.997165519171, 1114.75739757881
630.9408271312714, 466.7715699859148, 1032.1029718800705, 3635.494426715405, 1090.9377535739957
631.6688749790192, 466.7715699859148, 1032.1029718800705, 3635.494426715405, 1090.9377535739957
632.392936706543, 477.19618746456734, 1017.0926550938058, 3664.3506841407784, 1059.372767416261
633.1888031959534, 477.19618746456734, 1017.0926550938058, 3664.3506841407784, 1059.372767416261
633.8789529800415, 487.05606171163413, 1020.8164143951417, 3687.38655497985, 1047.2872579451114
634.9650416374207, 475.39485712779765, 1019.9214653562532, 3664.952330963955, 1059.087079153302
635.957382440567, 459.31380614605985, 1032.9251203095523, 3677.1920055419746, 1043.935893339973
636.6874570846558, 459.31380614605985, 1032.9251203095523, 3677.1920055419746, 1043.935893339973
637.1791090965271, 459.31380614605985, 1032.9251203095523, 3677.1920055419746, 1043.935893339973
637.6797676086426, 459.31380614605985, 1032.9251203095523, 3677.1920055419746, 1043.935893339973
638.1834173202515, 459.31380614605985, 1032.9251203095523, 3677.1920055419746, 1043.935893339973
638.6721069812775, 459.31380614605985, 1032.9251203095523, 3677.1920055419746, 1043.935893339973
639.1917164325714, 459.31380614605985, 1032.9251203095523, 3677.1920055419746, 1043.935893339973
639.707334280014, 459.31380614605985, 1032.9251203095523, 3677.1920055419746, 1043.935893339973
640.3665664196014, 483.0842654508422, 1024.3979579408142, 3658.3026931123077, 1074.5690111726349
641.3638963699341, 495.9502626377305, 1018.0006354423471, 3672.03906628597, 1068.979078065864
642.1807062625885, 495.9502626377305, 1018.0006354423471, 3672.03906628597, 1068.979078065864
642.8818280696869, 480.2704032670076, 1026.7763325606618, 3654.6653097998687, 1076.778644100399
643.8572127819061, 462.6309088680851, 1040.7577235506326, 3679.4711410874174, 1051.476972525867
644.6790103912354, 462.6309088680851, 1040.7577235506326, 3679.4711410874174, 1051.476972525867
645.4060616493225, 483.1242315428698, 1017.1858718385614, 3659.825404243911, 1069.1484020855503
646.3894283771515, 471.80098706659004, 1028.007807145376, 3664.546178070057, 1063.6592628514557
647.1842970848083, 471.80098706659004, 1028.007807145376, 3664.546178070057, 1063.6592628514557
647.6819648742676, 471.80098706659004, 1028.007807145376, 3664.546178070057, 1063.6592628514557
648.4159955978394, 462.3334239285226, 1036.1844982015741, 3650.5346237034832, 1074.814231731308
649.1988987922668, 462.3334239285226, 1036.1844982015741, 3650.5346237034832, 1074.814231731308
649.6885857582092, 462.3334239285226, 1036.1844982015741, 3650.5346237034832, 1074.814231731308
650.2101881504059, 462.3334239285226, 1036.1844982015741, 3650.5346237034832, 1074.814231731308
650.8594477176666, 481.2828894622794, 1013.0134086996025, 3656.09139248638, 1068.8453047977962
651.6972026824951, 481.2828894622794, 1013.0134086996025, 3656.09139248638, 1068.8453047977962
652.390344619751, 458.9535463762773, 1034.516469192022, 3652.4023291371955, 1069.8686308353376
653.2211203575134, 458.9535463762773, 1034.516469192022, 3652.4023291371955, 1069.8686308353376
653.6619381904602, 458.9535463762773, 1034.516469192022, 3652.4023291371955, 1069.8686308353376
654.1905221939087, 458.9535463762773, 1034.516469192022, 3652.4023291371955, 1069.8686308353376
654.8966310024261, 468.68017851478885, 1027.265465173258, 3668.6578524002753, 1057.6510304913625
655.6785337924957, 468.68017851478885, 1027.265465173258, 3668.6578524002753, 1057.6510304913625
656.2011322975159, 468.68017851478885, 1027.265465173258, 3668.6578524002753, 1057.6510304913625
656.8783195018768, 1240.1973681006202, 2081.6466725795362, 2349.9999999998445, 2891.5945011691383
657.6711947917938, 1240.1973681006202, 2081.6466725795362, 2349.9999999998445, 2891.5945011691383
658.3703196048737, 462.69269364772975, 1038.4848995037578, 3683.6260041282358, 1046.4385914207887
659.1701767444611, 462.69269364772975, 1038.4848995037578, 3683.6260041282358, 1046.4385914207887
659.6678445339203, 462.69269364772975, 1038.4848995037578, 3683.6260041282358, 1046.4385914207887
660.2093904018402, 462.69269364772975, 1038.4848995037578, 3683.6260041282358, 1046.4385914207887
660.8965494632721, 459.97129408693144, 1035.9649887615662, 3670.6317340301352, 1054.9019821878394
661.6754620075226, 459.97129408693144, 1035.9649887615662, 3670.6317340301352, 1054.9019821878394
662.1811079978943, 459.97129408693144, 1035.9649887615662, 3670.6317340301352, 1054.9019821878394
662.7047047615051, 459.97129408693144, 1035.9649887615662, 3670.6317340301352, 1054.9019821878394
663.196387052536, 459.97129408693144, 1035.9649887615662, 3670.6317340301352, 1054.9019821878394
663.896525144577, 471.53748864709644, 1017.0279257099147, 3651.75017160389, 1069.3242765058694
664.7043492794037, 471.53748864709644, 1017.0279257099147, 3651.75017160389, 1069.3242765058694
665.4363830089569, 477.79692496151654, 1030.3570753349604, 3661.541672660798, 1071.740412363398
666.5244674682617, 488.4729596740933, 1018.7274532433144, 3672.9817320298803, 1061.414652959195
667.2395527362823, 488.4729596740933, 1018.7274532433144, 3672.9817320298803, 1061.414652959195
667.7093212604523, 488.4729596740933, 1018.7274532433144, 3672.9817320298803, 1061.414652959195
668.3874750137329, 486.7298524672678, 1024.4763361097944, 3626.5438981835705, 1112.8644585242089
669.267119884491, 486.7298524672678, 1024.4763361097944, 3626.5438981835705, 1112.8644585242089
669.694004535675, 486.7298524672678, 1024.4763361097944, 3626.5438981835705, 1112.8644585242089
670.2026116847992, 486.7298524672678, 1024.4763361097944, 3626.5438981835705, 1112.8644585242089
670.8179614543915, 461.80374282876016, 1047.7302172188138, 3654.5604571652784, 1080.2126323589591
671.1789948940277, 461.80374282876016, 1047.7302172188138, 3654.5604571652784, 1080.2126323589591
671.683641910553, 461.80374282876016, 1047.7302172188138, 3654.5604571652784, 1080.2126323589591
672.4655482769012, 3700.700586641605, 1026.9243988818762, 455.9854329582877, 1039.526253793868
673.3701231479645, 471.1490624428703, 1041.1699664866906, 3671.748985477047, 1065.8260984021658
674.1699798107147, 471.1490624428703, 1041.1699664866906, 3671.748985477047, 1065.8260984021658
674.8282165527344, 3704.7214345549655, 1035.443362153351, 479.74355870787053, 1036.4864130954152
675.2271480560303, 3704.7214345549655, 1035.443362153351, 479.74355870787053, 1036.4864130954152
675.8923642635345, 494.5081659854782, 1027.7572118266237, 3671.7838931108754, 1073.1905135849986
676.7021939754486, 494.5081659854782, 1027.7572118266237, 3671.7838931108754, 1073.1905135849986
677.1659526824951, 494.5081659854782, 1027.7572118266237, 3671.7838931108754, 1073.1905135849986
677.6885509490967, 494.5081659854782, 1027.7572118266237, 3671.7838931108754, 1073.1905135849986
678.183226108551, 494.5081659854782, 1027.7572118266237, 3671.7838931108754, 1073.1905135849986
678.913268327713, 463.7831177336983, 1036.7649396645993, 3669.0231149128863, 1059.507955048308
679.8756895065308, 454.89837439162835, 1037.7270336990132, 3659.235877099031, 1064.0868471532347
680.6825270652771, 454.89837439162835, 1037.7270336990132, 3659.235877099031, 1064.0868471532347
681.1851818561554, 454.89837439162835, 1037.7270336990132, 3659.235877099031, 1064.0868471532347
681.8872981071472, 481.29701300198724, 1032.1578511174412, 3678.7877758935006, 1060.326122439702
682.675187587738, 481.29701300198724, 1032.1578511174412, 3678.7877758935006, 1060.326122439702
683.1987853050232, 481.29701300198724, 1032.1578511174412, 3678.7877758935006, 1060.326122439702
683.6994440555573, 481.29701300198724, 1032.1578511174412, 3678.7877758935006, 1060.326122439702
684.2070827484131, 481.29701300198724, 1032.1578511174412, 3678.7877758935006, 1060.326122439702
684.9052114486694, 462.9737497324721, 1030.028558224695, 3663.2139332681745, 1059.207753630833
685.7120490074158, 462.9737497324721, 1030.028558224695, 3663.2139332681745, 1059.207753630833
686.2037315368652, 462.9737497324721, 1030.028558224695, 3663.2139332681745, 1059.207753630833
686.7233386039734, 462.9737497324721, 1030.028558224695, 3663.2139332681745, 1059.207753630833
687.1661524772644, 462.9737497324721, 1030.028558224695, 3663.2139332681745, 1059.207753630833
687.6987268924713, 462.9737497324721, 1030.028558224695, 3663.2139332681745, 1059.207753630833
688.3649399280548, 475.10827680052535, 1018.5776616741487, 3660.03955269197, 1066.4867897158017
689.201726436615, 475.10827680052535, 1018.5776616741487, 3660.03955269197, 1066.4867897158017
689.729282617569, 475.10827680052535, 1018.5776616741487, 3660.03955269197, 1066.4867897158017
690.1890504360199, 475.10827680052535, 1018.5776616741487, 3660.03955269197, 1066.4867897158017
690.7226204872131, 475.10827680052535, 1018.5776616741487, 3660.03955269197, 1066.4867897158017
691.1714196205139, 475.10827680052535, 1018.5776616741487, 3660.03955269197, 1066.4867897158017
691.7099766731262, 475.10827680052535, 1018.5776616741487, 3660.03955269197, 1066.4867897158017
692.3761901855469, 481.3026568184282, 1027.671166409808, 3650.8771347466422, 1083.516070427286
693.1760466098785, 481.3026568184282, 1027.671166409808, 3650.8771347466422, 1083.516070427286
693.7136080265045, 481.3026568184282, 1027.671166409808, 3650.8771347466422, 1083.516070427286
694.1733732223511, 481.3026568184282, 1027.671166409808, 3650.8771347466422, 1083.516070427286
694.6869964599609, 481.3026568184282, 1027.671166409808, 3650.8771347466422, 1083.516070427286
695.373158454895, 466.2119813026428, 1045.3520507431954, 3664.248788524338, 1072.1432241862262
696.1650381088257, 466.2119813026428, 1045.3520507431954, 3664.248788524338, 1072.1432241862262
696.9010634422302, 491.6425847516014, 1030.949779354092, 3682.8866642477615, 1063.0434704503086
697.9173402786255, 475.75782437331367, 1032.8213085527705, 3684.604639021079, 1050.6396543710907
698.9086837768555, 483.5222643763176, 1008.9774543137524, 3647.7828668785355, 1078.5973284317718
699.9129922389984, 477.56194437994003, 1031.1021545678993, 3649.283711893127, 1086.817573737271
700.6968936920166, 477.56194437994003, 1031.1021545678993, 3649.283711893127, 1086.817573737271
701.3920288085938, 470.82710883845556, 1023.1438088113033, 3658.9627909930605, 1066.5144729415156
702.1819131374359, 470.82710883845556, 1023.1438088113033, 3658.9627909930605, 1066.5144729415156
702.8780536651611, 480.3502289998524, 1027.3008534439052, 3681.760937151643, 1051.6585039050292
703.7028362751007, 480.3502289998524, 1027.3008534439052, 3681.760937151643, 1051.6585039050292
704.3840110301971, 479.1198882999134, 1024.657766928989, 3634.2327102522686, 1097.6282195979227
705.3953001499176, 468.2718781001166, 1041.3665398932021, 3659.841476459371, 1076.3163077259082
706.189172744751, 468.2718781001166, 1041.3665398932021, 3659.841476459371, 1076.3163077259082
706.7406961917877, 468.2718781001166, 1041.3665398932021, 3659.841476459371, 1076.3163077259082
707.4418153762817, 529.3653441260027, 981.0373728336807, 3661.564745787076, 1075.269923983561
708.1947996616364, 529.3653441260027, 981.0373728336807, 3661.564745787076, 1075.269923983561
708.7363471984863, 529.3653441260027, 981.0373728336807, 3661.564745787076, 1075.269923983561
709.2220454216003, 529.3653441260027, 981.0373728336807, 3661.564745787076, 1075.269923983561
709.6887943744659, 529.3653441260027, 981.0373728336807, 3661.564745787076, 1075.269923983561
710.1705052852631, 529.3653441260027, 981.0373728336807, 3661.564745787076, 1075.269923983561
710.7050709724426, 529.3653441260027, 981.0373728336807, 3661.564745787076, 1075.269923983561
711.2047338485718, 529.3653441260027, 981.0373728336807, 3661.564745787076, 1075.269923983561
711.8898961544037, 488.90740591070994, 1045.5727347054728, 3682.5268773240214, 1071.3465259102113
712.6827709674835, 488.90740591070994, 1045.5727347054728, 3682.5268773240214, 1071.3465259102113
713.1714632511139, 488.90740591070994, 1045.5727347054728, 3682.5268773240214, 1071.3465259102113
713.6791019439697, 488.90740591070994, 1045.5727347054728, 3682.5268773240214, 1071.3465259102113
714.186742067337, 488.90740591070994, 1045.5727347054728, 3682.5268773240214, 1071.3465259102113
714.6664555072784, 488.90740591070994, 1045.5727347054728, 3682.5268773240214, 1071.3465259102113
715.3656115531921, 459.4003847638177, 1048.3835053639255, 3648.562967260942, 1085.6088941257578
716.1973528862, 459.4003847638177, 1048.3835053639255, 3648.562967260942, 1085.6088941257578
716.6551270484924, 459.4003847638177, 1048.3835053639255, 3648.562967260942, 1085.6088941257578
717.1847071647644, 459.4003847638177, 1048.3835053639255, 3648.562967260942, 1085.6088941257578
717.969603061676, 472.3621537801068, 1036.6803925037784, 3689.5528320051744, 1046.3345121232967
718.6737172603607, 472.3621537801068, 1036.6803925037784, 3689.5528320051744, 1046.3345121232967
719.3728430271149, 460.5326845160958, 1047.4924148642651, 3675.7614178129807, 1059.7426448605543
720.1946406364441, 460.5326845160958, 1047.4924148642651, 3675.7614178129807, 1059.7426448605543
720.6733589172363, 460.5326845160958, 1047.4924148642651, 3675.7614178129807, 1059.7426448605543
721.1839895248413, 460.5326845160958, 1047.4924148642651, 3675.7614178129807, 1059.7426448605543
721.6607122421265, 460.5326845160958, 1047.4924148642651, 3675.7614178129807, 1059.7426448605543
722.1783261299133, 460.5326845160958, 1047.4924148642651, 3675.7614178129807, 1059.7426448605543
722.6740248203278, 460.5326845160958, 1047.4924148642651, 3675.7614178129807, 1059.7426448605543
723.1936039924622, 460.5326845160958, 1047.4924148642651, 3675.7614178129807, 1059.7426448605543
723.6673336029053, 460.5326845160958, 1047.4924148642651, 3675.7614178129807, 1059.7426448605543
724.2118773460388, 460.5326845160958, 1047.4924148642651, 3675.7614178129807, 1059.7426448605543
724.8751292228699, 492.6037370798362, 1024.382054883251, 3674.2093928939958, 1067.6868630796419
725.6669762134552, 492.6037370798362, 1024.382054883251, 3674.2093928939958, 1067.6868630796419
726.4159693717957, 552.6336993549908, 971.1070430406292, 3657.924939875737, 1088.014894975292
727.2218103408813, 552.6336993549908, 971.1070430406292, 3657.924939875737, 1088.014894975292
727.7264580726624, 552.6336993549908, 971.1070430406292, 3657.924939875737, 1088.014894975292
728.1852283477783, 552.6336993549908, 971.1070430406292, 3657.924939875737, 1088.014894975292
728.6848905086517, 552.6336993549908, 971.1070430406292, 3657.924939875737, 1088.014894975292
729.3650665283203, 487.44482205753354, 1029.6694424906673, 3646.0055589359395, 1098.6244312784756
730.2606656551361, 487.44482205753354, 1029.6694424906673, 3646.0055589359395, 1098.6244312784756
730.7184383869171, 487.44482205753354, 1029.6694424906673, 3646.0055589359395, 1098.6244312784756
731.210120677948, 487.44482205753354, 1029.6694424906673, 3646.0055589359395, 1098.6244312784756
731.7357141971588, 487.44482205753354, 1029.6694424906673, 3646.0055589359395, 1098.6244312784756
732.5236024856567, 3708.2539432378258, 1042.4146287782708, 486.0483297114444, 1043.8386168084876
733.2097640037537, 3708.2539432378258, 1042.4146287782708, 486.0483297114444, 1043.8386168084876
733.7333583831787, 3708.2539432378258, 1042.4146287782708, 486.0483297114444, 1043.8386168084876
734.2260391712189, 3708.2539432378258, 1042.4146287782708, 486.0483297114444, 1043.8386168084876
734.7127339839935, 3708.2539432378258, 1042.4146287782708, 486.0483297114444, 1043.8386168084876
735.4717004299164, 464.79462136085306, 1047.7854398799886, 3666.4520750560337, 1071.0150920018973
736.2157092094421, 464.79462136085306, 1047.7854398799886, 3666.4520750560337, 1071.0150920018973
736.699413061142, 464.79462136085306, 1047.7854398799886, 3666.4520750560337, 1071.0150920018973
737.2309880256653, 464.79462136085306, 1047.7854398799886, 3666.4520750560337, 1071.0150920018973
737.8652856349945, 480.6834085187859, 1044.0365244427212, 3675.50719124772, 1071.819104627118
738.7060325145721, 480.6834085187859, 1044.0365244427212, 3675.50719124772, 1071.819104627118
739.2176625728607, 480.6834085187859, 1044.0365244427212, 3675.50719124772, 1071.819104627118
739.8639311790466, 481.70722665962745, 1040.9374754978292, 3671.082362769362, 1075.3841717522484
740.8582646846771, 474.64202050229363, 1056.0862187697871, 3667.836464977215, 1083.6306358527231
741.9024686813354, 486.3608336180507, 1040.1888385999569, 3669.187188581552, 1079.1718308969525
742.6853697299957, 486.3608336180507, 1040.1888385999569, 3669.187188581552, 1079.1718308969525
743.4074356555939, 481.59615348561897, 1035.6324944674227, 3689.731095224485, 1053.0924261253354
744.2142720222473, 481.59615348561897, 1035.6324944674227, 3689.731095224485, 1053.0924261253354
744.7308878898621, 481.59615348561897, 1035.6324944674227, 3689.731095224485, 1053.0924261253354
745.4080753326416, 555.4498363030154, 966.8292258438582, 3706.6897123454164, 1037.275090009199
746.1979591846466, 555.4498363030154, 966.8292258438582, 3706.6897123454164, 1037.275090009199
746.9100487232208, 547.3367240972934, 969.3600876785969, 3664.7720907681655, 1074.4742926073577
747.7029242515564, 547.3367240972934, 969.3600876785969, 3664.7720907681655, 1074.4742926073577
748.244472026825, 547.3367240972934, 969.3600876785969, 3664.7720907681655, 1074.4742926073577
748.9066970348358, 481.2283615988484, 1043.2963539595444, 3677.701154663582, 1069.2128148076335
749.8411934375763, 479.4031751837491, 1037.2216319831646, 3677.1250753738827, 1063.7750851894389
750.2191817760468, 479.4031751837491, 1037.2216319831646, 3677.1250753738827, 1063.7750851894389
750.7028841972351, 479.4031751837491, 1037.2216319831646, 3677.1250753738827, 1063.7750851894389
751.2304694652557, 479.4031751837491, 1037.2216319831646, 3677.1250753738827, 1063.7750851894389
751.9256069660187, 489.2303917704958, 1034.9801120082861, 3673.7693316328855, 1075.1622401840339
752.9009926319122, 474.0062583258173, 1053.820338163513, 3678.718336071165, 1071.3240776786183
753.7437357902527, 474.0062583258173, 1053.820338163513, 3678.718336071165, 1071.3240776786183
754.2433958053589, 474.0062583258173, 1053.820338163513, 3678.718336071165, 1071.3240776786183
754.7031655311584, 474.0062583258173, 1053.820338163513, 3678.718336071165, 1071.3240776786183
755.2237689495087, 474.0062583258173, 1053.820338163513, 3678.718336071165, 1071.3240776786183
755.7184431552887, 474.0062583258173, 1053.820338163513, 3678.718336071165, 1071.3240776786183
756.4444971084595, 471.2917868255129, 1052.2012198082134, 3669.856824886564, 1075.1882607975688
757.2034633159637, 471.2917868255129, 1052.2012198082134, 3669.856824886564, 1075.1882607975688
757.7130966186523, 471.2917868255129, 1052.2012198082134, 3669.856824886564, 1075.1882607975688
758.2037818431854, 471.2917868255129, 1052.2012198082134, 3669.856824886564, 1075.1882607975688
758.6775135993958, 471.2917868255129, 1052.2012198082134, 3669.856824886564, 1075.1882607975688
759.2080919742584, 471.2917868255129, 1052.2012198082134, 3669.856824886564, 1075.1882607975688
759.6937890052795, 471.2917868255129, 1052.2012198082134, 3669.856824886564, 1075.1882607975688
760.2233700752258, 471.2917868255129, 1052.2012198082134, 3669.856824886564, 1075.1882607975688
760.9175100326538, 3689.768043177333, 1052.0522608510316, 463.18004309875744, 1053.9920880602701
761.7073938846588, 3689.768043177333, 1052.0522608510316, 463.18004309875744, 1053.9920880602701
762.1851134300232, 3689.768043177333, 1052.0522608510316, 463.18004309875744, 1053.9920880602701
762.6847739219666, 3689.768043177333, 1052.0522608510316, 463.18004309875744, 1053.9920880602701
763.3669483661652, 459.9174339058644, 1046.7344747701081, 3672.1432123541854, 1060.6510934545965
764.3991801738739, 475.7185015068115, 1035.1379117327597, 3674.8299811898755, 1060.802931346006
765.1850731372833, 475.7185015068115, 1035.1379117327597, 3674.8299811898755, 1060.802931346006
765.7276196479797, 475.7185015068115, 1035.1379117327597, 3674.8299811898755, 1060.802931346006
766.1784121990204, 475.7185015068115, 1035.1379117327597, 3674.8299811898755, 1060.802931346006
766.8436300754547, 475.40328262997605, 1025.6645009612655, 3664.1039783741676, 1065.8605287682342
767.1777346134186, 475.40328262997605, 1025.6645009612655, 3664.1039783741676, 1065.8605287682342
767.8369960784912, 488.79163802268204, 1036.6905583968728, 3682.9180385799186, 1064.4907789883932
768.1870291233063, 488.79163802268204, 1036.6905583968728, 3682.9180385799186, 1064.4907789883932
768.7255852222443, 488.79163802268204, 1036.6905583968728, 3682.9180385799186, 1064.4907789883932
769.4137423038483, 481.7671807165047, 1045.6647994163493, 3658.394196442234, 1090.3694688731905
770.1796896457672, 481.7671807165047, 1045.6647994163493, 3658.394196442234, 1090.3694688731905
770.8818113803864, 488.96352755690407, 1045.3944064253017, 3691.217729883574, 1063.174119413432
771.7504806518555, 488.96352755690407, 1045.3944064253017, 3691.217729883574, 1063.174119413432
772.2092790603638, 488.96352755690407, 1045.3944064253017, 3691.217729883574, 1063.174119413432
772.7158935070038, 488.96352755690407, 1045.3944064253017, 3691.217729883574, 1063.174119413432
773.3960695266724, 480.59546057081667, 1046.991492936189, 3656.3631494451683, 1094.108611713411
774.2228534221649, 480.59546057081667, 1046.991492936189, 3656.3631494451683, 1094.108611713411
774.9110095500946, 459.1611961003179, 1053.8121258841397, 3665.548854874021, 1071.8390537309238
775.6590075492859, 459.1611961003179, 1053.8121258841397, 3665.548854874021, 1071.8390537309238
776.1736273765564, 459.1611961003179, 1053.8121258841397, 3665.548854874021, 1071.8390537309238
776.8807311058044, 465.6602751311905, 1054.6211514645834, 3685.3190893187843, 1058.2402989089057
777.7005338668823, 465.6602751311905, 1054.6211514645834, 3685.3190893187843, 1058.2402989089057
778.1802554130554, 465.6602751311905, 1054.6211514645834, 3685.3190893187843, 1058.2402989089057
778.8743898868561, 468.1400100739156, 1036.7386829495515, 3652.383105831988, 1079.3807260672424
779.9046277999878, 3698.994160834001, 1036.9478182918594, 461.09674582999486, 1050.0443462441904
780.7304153442383, 3698.994160834001, 1036.9478182918594, 461.09674582999486, 1050.0443462441904
781.2290782928467, 3698.994160834001, 1036.9478182918594, 461.09674582999486, 1050.0443462441904
781.7327287197113, 3698.994160834001, 1036.9478182918594, 461.09674582999486, 1050.0443462441904
782.3450882434845, 477.13265563784324, 1044.2811869919478, 3648.163758806089, 1095.2539095213767
783.3733327388763, 475.4438029791802, 1044.777616174448, 3696.090845082374, 1047.524476040734
784.207099199295, 475.4438029791802, 1044.777616174448, 3696.090845082374, 1047.524476040734
784.7197232246399, 475.4438029791802, 1044.777616174448, 3696.090845082374, 1047.524476040734
785.1855072975159, 475.4438029791802, 1044.777616174448, 3696.090845082374, 1047.524476040734
785.7409863471985, 475.4438029791802, 1044.777616174448, 3696.090845082374, 1047.524476040734
786.3244240283966, 466.93629068293393, 1046.7125421607252, 3653.2034486117286, 1085.3391020017546
786.7413070201874, 466.93629068293393, 1046.7125421607252, 3653.2034486117286, 1085.3391020017546
787.1861162185669, 466.93629068293393, 1046.7125421607252, 3653.2034486117286, 1085.3391020017546
787.7067189216614, 466.93629068293393, 1046.7125421607252, 3653.2034486117286, 1085.3391020017546
788.1674842834473, 466.93629068293393, 1046.7125421607252, 3653.2034486117286, 1085.3391020017546
788.7210009098053, 466.93629068293393, 1046.7125421607252, 3653.2034486117286, 1085.3391020017546
789.401180267334, 495.2640034433863, 1028.2331006749037, 3682.753402490188, 1063.517933397884
790.1751058101654, 495.2640034433863, 1028.2331006749037, 3682.753402490188, 1063.517933397884
790.7016932964325, 495.2640034433863, 1028.2331006749037, 3682.753402490188, 1063.517933397884
791.1744277477264, 495.2640034433863, 1028.2331006749037, 3682.753402490188, 1063.517933397884
791.7139801979065, 495.2640034433863, 1028.2331006749037, 3682.753402490188, 1063.517933397884
792.2216205596924, 495.2640034433863, 1028.2331006749037, 3682.753402490188, 1063.517933397884
792.9446823596954, 467.577641986949, 1047.5217807093688, 3689.048053717429, 1050.051417739359
793.7116267681122, 467.577641986949, 1047.5217807093688, 3689.048053717429, 1050.051417739359
794.1734256744385, 467.577641986949, 1047.5217807093688, 3689.048053717429, 1050.051417739359
794.7009766101837, 467.577641986949, 1047.5217807093688, 3689.048053717429, 1050.051417739359
795.4070830345154, 467.1986409203136, 1043.319678282162, 3666.5846381406363, 1067.5226136338529
796.4343330860138, 472.97500219117666, 1029.6399123709416, 3667.75948101787, 1062.4754368849647
797.2212488651276, 472.97500219117666, 1029.6399123709416, 3667.75948101787, 1062.4754368849647
797.700936794281, 472.97500219117666, 1029.6399123709416, 3667.75948101787, 1062.4754368849647
798.2185533046722, 472.97500219117666, 1029.6399123709416, 3667.75948101787, 1062.4754368849647
798.6882910728455, 472.97500219117666, 1029.6399123709416, 3667.75948101787, 1062.4754368849647
799.1769812107086, 472.97500219117666, 1029.6399123709416, 3667.75948101787, 1062.4754368849647
799.9728529453278, 473.63836262889333, 1045.6846063535372, 3680.2756254480432, 1061.6974345441279
800.7248327732086, 473.63836262889333, 1045.6846063535372, 3680.2756254480432, 1061.6974345441279
801.420970916748, 469.94775889876206, 1038.1836239771171, 3660.668699448952, 1075.6682018972801
802.3744113445282, 455.50722192877436, 1044.0223176111458, 3670.152385144389, 1057.575369937052
803.2281250953674, 455.50722192877436, 1044.0223176111458, 3670.152385144389, 1057.575369937052
803.9661464691162, 3700.0244524554714, 1042.5624416063174, 471.6371414702629, 1047.1726233565394
804.7450594902039, 3700.0244524554714, 1042.5624416063174, 471.6371414702629, 1047.1726233565394
805.3953161239624, 477.5806003744651, 1031.0194161477884, 3655.975986697469, 1078.1981742528885
806.3407843112946, 485.0455581003624, 1037.9231888200893, 3661.029294313574, 1082.2054396654858
806.8813345432281, 451.9687641002853, 1044.7783334511505, 3641.9593076206015, 1084.0613810323548
807.7151005268097, 451.9687641002853, 1044.7783334511505, 3641.9593076206015, 1084.0613810323548
808.1898283958435, 451.9687641002853, 1044.7783334511505, 3641.9593076206015, 1084.0613810323548
808.735365152359, 451.9687641002853, 1044.7783334511505, 3641.9593076206015, 1084.0613810323548
809.1931397914886, 451.9687641002853, 1044.7783334511505, 3641.9593076206015, 1084.0613810323548
809.6818315982819, 451.9687641002853, 1044.7783334511505, 3641.9593076206015, 1084.0613810323548
810.4457817077637, 493.99443925565055, 1031.381652515006, 3705.775856023987, 1043.7534144700644
811.3623275756836, 3712.9204319784862, 1042.3775887885024, 477.1875653631247, 1051.66111000042
812.192102432251, 3712.9204319784862, 1042.3775887885024, 477.1875653631247, 1051.66111000042
812.8633050918579, 455.62464246088956, 1042.2730776470662, 3645.536721759011, 1082.4040130285434
813.9174792766571, 463.17383356578887, 1045.618688463173, 3656.31893516764, 1079.1009096752873
814.8549673557281, 470.66583833182295, 1042.7016961949225, 3654.7367194284943, 1083.2703951610292
815.8542897701263, 497.3860394911184, 1034.7620940352501, 3665.343242308393, 1088.9970656875125
816.7010197639465, 497.3860394911184, 1034.7620940352501, 3665.343242308393, 1088.9970656875125
817.1986875534058, 497.3860394911184, 1034.7620940352501, 3665.343242308393, 1088.9970656875125
817.7043323516846, 497.3860394911184, 1034.7620940352501, 3665.343242308393, 1088.9970656875125
818.200003862381, 497.3860394911184, 1034.7620940352501, 3665.343242308393, 1088.9970656875125
818.7026553153992, 497.3860394911184, 1034.7620940352501, 3665.343242308393, 1088.9970656875125
819.1793789863586, 497.3860394911184, 1034.7620940352501, 3665.343242308393, 1088.9970656875125
819.7318968772888, 497.3860394911184, 1034.7620940352501, 3665.343242308393, 1088.9970656875125
820.4220471382141, 485.21258065076677, 1039.7193517391988, 3694.796303392635, 1053.0764869753707
821.4253590106964, 2720, 1035, 2738.3179602559962, 2668
822.2720894813538, 2720, 1035, 2738.3179602559962, 2668
822.8106470108032, 2720, 1035, 2738.3179602559962, 2668
823.4230055809021, 482.1675460353158, 1039.3769050636843, 3680.023820852377, 1063.5894272145883
824.4283113479614, 2378, 2111, 2378, 2822.061504809261
825.2211873531342, 2378, 2111, 2378, 2822.061504809261
825.7218463420868, 2378, 2111, 2378, 2822.061504809261
826.4070100784302, 2918, 1585, 3541.301236782041, 2201.93976069251
827.3873817920685, 1510.8199745547302, 282.2832768187079, 3512.4201209591597, 2083.992798547137
828.2101771831512, 1510.8199745547302, 282.2832768187079, 3512.4201209591597, 2083.992798547137
828.8933458328247, 2692.352328004039, 1409.9891436129794, 3520.0122820110364, 2176.0296204091355
829.8637466430664, 1527.1295483809572, 1564.324102218668, 3528.711725526589, 2143.945847696624
830.7024986743927, 1527.1295483809572, 1564.324102218668, 3528.711725526589, 2143.945847696624
831.2400572299957, 1527.1295483809572, 1564.324102218668, 3528.711725526589, 2143.945847696624
831.7127902507782, 1527.1295483809572, 1564.324102218668, 3528.711725526589, 2143.945847696624
832.2224254608154, 1527.1295483809572, 1564.324102218668, 3528.711725526589, 2143.945847696624
832.7001442909241, 1527.1295483809572, 1564.324102218668, 3528.711725526589, 2143.945847696624
833.3912923336029, 2028, 1845, 3568.7737568522457, 2132.2450439273975
834.2420117855072, 2028, 1845, 3568.7737568522457, 2132.2450439273975
834.883293390274, 2820.3170205375322, 554.0009747036853, 2857.470200541525, 2207.7174772693706
835.8876023292542, 461.5139928670072, 1049.8934353239865, 3680.2356065032945, 1056.0384673172948
836.6705045700073, 461.5139928670072, 1049.8934353239865, 3680.2356065032945, 1056.0384673172948
837.2559359073639, 461.5139928670072, 1049.8934353239865, 3680.2356065032945, 1056.0384673172948
837.6788029670715, 461.5139928670072, 1049.8934353239865, 3680.2356065032945, 1056.0384673172948
838.3869051933289, 475.8983906358711, 1049.9277144250093, 3680.308857715057, 1068.1733316722366
839.1967346668243, 475.8983906358711, 1049.9277144250093, 3680.308857715057, 1068.1733316722366
839.8489878177643, 490.31724886866857, 1033.6804343288688, 3654.062908405242, 1092.200712199646
840.6807606220245, 490.31724886866857, 1033.6804343288688, 3654.062908405242, 1092.200712199646
841.1834123134613, 490.31724886866857, 1033.6804343288688, 3654.062908405242, 1092.200712199646
841.8456645011902, 471.67005028793005, 1038.6623712473847, 3658.9369060775907, 1074.1567613942877
842.4210963249207, 475.07908560617784, 1031.4075820489147, 3636.223855245996, 1097.9672334786833
843.4004685878754, 479.0986340385683, 1027.6334668620077, 3662.267295864831, 1069.5295365695292
844.3589098453522, 471.0554979686333, 1025.4433725011968, 3655.4295140170507, 1069.100834926844
845.2116158008575, 471.0554979686333, 1025.4433725011968, 3655.4295140170507, 1069.100834926844
845.6703867912292, 471.0554979686333, 1025.4433725011968, 3655.4295140170507, 1069.100834926844
846.3774933815002, 458.8090424802639, 1038.8169984985066, 3656.096199625022, 1068.098141885774
847.198292016983, 458.8090424802639, 1038.8169984985066, 3656.096199625022, 1068.098141885774
847.691969871521, 458.8090424802639, 1038.8169984985066, 3656.096199625022, 1068.098141885774
848.2305250167847, 458.8090424802639, 1038.8169984985066, 3656.096199625022, 1068.098141885774
848.9107024669647, 464.9573885930673, 1030.5847626331295, 3652.8932519424334, 1071.4112506005474
849.9130165576935, 455.705904395997, 1040.196291159842, 3641.5663317029394, 1083.1516912177285
850.7068901062012, 455.705904395997, 1040.196291159842, 3641.5663317029394, 1083.1516912177285
851.1965773105621, 455.705904395997, 1040.196291159842, 3641.5663317029394, 1083.1516912177285
851.7082059383392, 455.705904395997, 1040.196291159842, 3641.5663317029394, 1083.1516912177285
852.38738489151, 489.47431898741803, 1039.7367909132113, 3636.220206576339, 1114.2724745121752
853.17627120018, 489.47431898741803, 1039.7367909132113, 3636.220206576339, 1114.2724745121752
853.7008671760559, 489.47431898741803, 1039.7367909132113, 3636.220206576339, 1114.2724745121752
854.4099659919739, 477.55547698722637, 1034.3589116821563, 3657.462873956171, 1077.8056324313095
855.4102845191956, 454.10031792370074, 1041.3792471700076, 3668.068395602794, 1054.643414651998
856.4145939350128, 459.73825949280103, 1041.2193516828534, 3669.2049108631895, 1057.390363703807
857.2014853954315, 459.73825949280103, 1041.2193516828534, 3669.2049108631895, 1057.390363703807
857.8896687030792, 476.1085631246875, 1018.1453611862096, 3684.1025610402794, 1041.5667278506216
858.9198796749115, 476.3560442627932, 1020.9526204080119, 3639.1989027228637, 1086.6398613134777
859.9301722049713, 468.4672807057267, 1034.6788710331307, 3652.7881211117588, 1076.7801924048192
860.8527011871338, 467.5311471046852, 1031.8827086476083, 3655.354406159607, 1070.2106269802607
861.9447734355927, 458.90484421924776, 1046.8843460716062, 3670.1864924258566, 1061.8823344549958
862.7366576194763, 458.90484421924776, 1046.8843460716062, 3670.1864924258566, 1061.8823344549958
863.2123765945435, 458.90484421924776, 1046.8843460716062, 3670.1864924258566, 1061.8823344549958
863.7260024547577, 458.90484421924776, 1046.8843460716062, 3670.1864924258566, 1061.8823344549958
864.2266616821289, 458.90484421924776, 1046.8843460716062, 3670.1864924258566, 1061.8823344549958
864.7462663650513, 458.90484421924776, 1046.8843460716062, 3670.1864924258566, 1061.8823344549958
865.2279765605927, 458.90484421924776, 1046.8843460716062, 3670.1864924258566, 1061.8823344549958
865.7076909542084, 458.90484421924776, 1046.8843460716062, 3670.1864924258566, 1061.8823344549958
866.1923906803131, 458.90484421924776, 1046.8843460716062, 3670.1864924258566, 1061.8823344549958
866.7090079784393, 458.90484421924776, 1046.8843460716062, 3670.1864924258566, 1061.8823344549958
867.2046790122986, 458.90484421924776, 1046.8843460716062, 3670.1864924258566, 1061.8823344549958
867.6963605880737, 458.90484421924776, 1046.8843460716062, 3670.1864924258566, 1061.8823344549958
868.3785462379456, 476.3501243559037, 1030.8875997681334, 3686.499047927918, 1046.2412397597277
869.3649172782898, 458.7491598261016, 1043.4168368085898, 3675.229369685834, 1053.885957096167
870.3512485027313, 485.06525540146663, 1032.2231399339312, 3677.1714613868935, 1062.5847876039506
871.1969802379608, 485.06525540146663, 1032.2231399339312, 3677.1714613868935, 1062.5847876039506
871.8981029987335, 478.49203752485454, 1022.1864201466994, 3661.454777176843, 1064.7065879637132
872.7198989391327, 478.49203752485454, 1022.1864201466994, 3661.454777176843, 1064.7065879637132
873.164708852768, 478.49203752485454, 1022.1864201466994, 3661.454777176843, 1064.7065879637132
873.7421598434448, 478.49203752485454, 1022.1864201466994, 3661.454777176843, 1064.7065879637132
874.3834416866302, 468.43956289932083, 1042.4115368419068, 3655.1704520772414, 1080.4667732774064
875.1842968463898, 468.43956289932083, 1042.4115368419068, 3655.1704520772414, 1080.4667732774064
875.9123442173004, 484.32447949265924, 1029.4290988901148, 3685.1982639211183, 1052.519894111641
876.9844708442688, 470.56023982192255, 1044.5297179146921, 3629.8548390537608, 1109.3623561802917
877.9149787425995, 485.8859664615421, 1023.2915699406317, 3670.15684047129, 1062.81632376693
878.6908993721008, 485.8859664615421, 1023.2915699406317, 3670.15684047129, 1062.81632376693
879.1795885562897, 485.8859664615421, 1023.2915699406317, 3670.15684047129, 1062.81632376693
879.7141568660736, 485.8859664615421, 1023.2915699406317, 3670.15684047129, 1062.81632376693
880.1918787956238, 485.8859664615421, 1023.2915699406317, 3670.15684047129, 1062.81632376693
880.7055003643036, 485.8859664615421, 1023.2915699406317, 3670.15684047129, 1062.81632376693
881.3896663188934, 466.6232247862388, 1020.6718714872782, 3682.2506250632227, 1036.3863868961816
882.4129252433777, 462.3080266996195, 1038.7553041023425, 3661.857977941695, 1066.0373643002074
883.1908421516418, 462.3080266996195, 1038.7553041023425, 3661.857977941695, 1066.0373643002074
883.7114450931549, 462.3080266996195, 1038.7553041023425, 3661.857977941695, 1066.0373643002074
884.185179233551, 462.3080266996195, 1038.7553041023425, 3661.857977941695, 1066.0373643002074
884.8344359397888, 479.56825908343194, 1030.7651861239715, 3671.189724723921, 1061.973020038178
885.1864957809448, 479.56825908343194, 1030.7651861239715, 3671.189724723921, 1061.973020038178
885.7190659046173, 479.56825908343194, 1030.7651861239715, 3671.189724723921, 1061.973020038178
886.2137401103973, 479.56825908343194, 1030.7651861239715, 3671.189724723921, 1061.973020038178
886.8799793720245, 473.93644178947955, 1028.8196726832189, 3663.345249165015, 1065.6932372917536
887.7117259502411, 473.93644178947955, 1028.8196726832189, 3663.345249165015, 1065.6932372917536
888.3819305896759, 461.01796611984184, 1049.4552247402148, 3639.3088289458847, 1096.1191455204855
889.1738066673279, 461.01796611984184, 1049.4552247402148, 3639.3088289458847, 1096.1191455204855
889.7263267040253, 461.01796611984184, 1049.4552247402148, 3639.3088289458847, 1096.1191455204855
890.1930770874023, 461.01796611984184, 1049.4552247402148, 3639.3088289458847, 1096.1191455204855
890.7057020664215, 461.01796611984184, 1049.4552247402148, 3639.3088289458847, 1096.1191455204855
891.1834232807159, 461.01796611984184, 1049.4552247402148, 3639.3088289458847, 1096.1191455204855
891.921443939209, 467.31932657357436, 1027.781302857764, 3638.2191440469137, 1084.9446278607898
892.6744267940521, 467.31932657357436, 1027.781302857764, 3638.2191440469137, 1084.9446278607898
893.3845245838165, 463.6636076435485, 1044.9838059765664, 3663.7112588613877, 1068.7262793258565
894.3758964538574, 458.72650914277574, 1034.4256152681878, 3640.592149389695, 1082.345756848615
895.3702018260956, 464.76586360106614, 1032.2678128561467, 3660.1178147766077, 1064.0660231628456
896.1730527877808, 464.76586360106614, 1032.2678128561467, 3660.1178147766077, 1064.0660231628456
896.6757035255432, 464.76586360106614, 1032.2678128561467, 3660.1178147766077, 1064.0660231628456
897.3838076591492, 459.8532527318757, 1038.3243905594443, 3649.631986059547, 1075.6042426452939
898.189647436142, 459.8532527318757, 1038.3243905594443, 3649.631986059547, 1075.6042426452939
898.6932969093323, 459.8532527318757, 1038.3243905594443, 3649.631986059547, 1075.6042426452939
899.195951461792, 459.8532527318757, 1038.3243905594443, 3649.631986059547, 1075.6042426452939
899.892085313797, 446.55436846025447, 1035.083986273763, 3635.4731664142014, 1076.9660141975357
900.7168748378754, 446.55436846025447, 1035.083986273763, 3635.4731664142014, 1076.9660141975357
901.3431961536407, 481.406913821909, 1031.0575866834524, 3648.0178147209954, 1086.4938646899607
902.3864002227783, 486.75802578710073, 1009.3170740533101, 3681.996965787493, 1041.5076688053703
903.4136486053467, 458.70408365411265, 1039.2751938615872, 3647.044770846352, 1077.4068447900745
904.226470708847, 458.70408365411265, 1039.2751938615872, 3647.044770846352, 1077.4068447900745
904.688234090805, 458.70408365411265, 1039.2751938615872, 3647.044770846352, 1077.4068447900745
905.3923456668854, 468.6350648274798, 1035.9205218823333, 3683.769266940286, 1045.9967522737181
906.399646282196, 466.9134556326033, 1044.9166145029396, 3686.1924678228193, 1048.058144837606
907.2054872512817, 466.9134556326033, 1044.9166145029396, 3686.1924678228193, 1048.058144837606
907.6941776275635, 466.9134556326033, 1044.9166145029396, 3686.1924678228193, 1048.058144837606
908.1679079532623, 466.9134556326033, 1044.9166145029396, 3686.1924678228193, 1048.058144837606
908.6685678958893, 466.9134556326033, 1044.9166145029396, 3686.1924678228193, 1048.058144837606
909.197149515152, 466.9134556326033, 1044.9166145029396, 3686.1924678228193, 1048.058144837606
909.8863022327423, 481.66435929843374, 1029.045950561579, 3660.150042024033, 1073.7429971318118
910.6821708679199, 481.66435929843374, 1029.045950561579, 3660.150042024033, 1073.7429971318118
911.1658747196198, 481.66435929843374, 1029.045950561579, 3660.150042024033, 1073.7429971318118
911.8590166568756, 464.99289697543065, 1026.648783783108, 3631.2599836566887, 1088.632460862474
912.6867995262146, 464.99289697543065, 1026.648783783108, 3631.2599836566887, 1088.632460862474
913.206405878067, 464.99289697543065, 1026.648783783108, 3631.2599836566887, 1088.632460862474
913.8746159076691, 468.8253148933055, 1023.42446574759, 3656.879728498455, 1062.8867052318492
914.6635012626648, 468.8253148933055, 1023.42446574759, 3656.879728498455, 1062.8867052318492
915.3366990089417, 468.42217887274927, 1025.7712931331027, 3661.27194139642, 1059.502063492518
916.2751815319061, 468.42217887274927, 1025.7712931331027, 3661.27194139642, 1059.502063492518
916.6651380062103, 468.42217887274927, 1025.7712931331027, 3661.27194139642, 1059.502063492518
917.4231064319611, 472.84085960645723, 1036.5341235385106, 3672.5858715602203, 1060.1505616696945
918.1930432319641, 472.84085960645723, 1036.5341235385106, 3672.5858715602203, 1060.1505616696945
918.6677720546722, 472.84085960645723, 1036.5341235385106, 3672.5858715602203, 1060.1505616696945
919.2601845264435, 472.84085960645723, 1036.5341235385106, 3672.5858715602203, 1060.1505616696945
919.9194173812866, 459.1940520985148, 1046.0004311100554, 3646.4531217253025, 1081.84385145486
920.6953375339508, 459.1940520985148, 1046.0004311100554, 3646.4531217253025, 1081.84385145486
921.180038690567, 459.1940520985148, 1046.0004311100554, 3646.4531217253025, 1081.84385145486
921.6996464729309, 459.1940520985148, 1046.0004311100554, 3646.4531217253025, 1081.84385145486
922.3917925357819, 483.8216274323236, 1027.2318187115393, 3629.6145973438092, 1107.1273190975076
923.3970987796783, 454.96343951955674, 1040.845257835629, 3644.7907724780052, 1078.6027594974134
924.4043996334076, 471.7196219350771, 1030.685064834434, 3667.5352189819, 1060.0369536099026
925.2591090202332, 471.7196219350771, 1030.685064834434, 3667.5352189819, 1060.0369536099026
925.8884241580963, 470.2600361659757, 1039.2715219282231, 3673.9047903084215, 1055.9091001986937
926.8448579311371, 475.0518711689321, 1019.2417245692836, 3637.8442121000094, 1083.707836243614
927.2098805904388, 475.0518711689321, 1019.2417245692836, 3637.8442121000094, 1083.707836243614
927.9489023685455, 448.85365930447347, 1036.1897513898089, 3643.613596677027, 1070.552670843003
928.9801387786865, 476.81472294348464, 1028.7114339452473, 3653.856723190763, 1075.129640589475
929.9325888156891, 469.5063561534511, 1025.1654521240005, 3664.941128542756, 1057.1628974384182
930.6678445339203, 469.5063561534511, 1025.1654521240005, 3664.941128542756, 1057.1628974384182
931.4048688411713, 473.40371545666943, 1022.5043810436399, 3662.33968026688, 1058.269688149153
932.2396326065063, 473.40371545666943, 1022.5043810436399, 3662.33968026688, 1058.269688149153
932.9128284454346, 465.07829831482064, 1022.8361542474568, 3682.3848787613088, 1035.7509118924272
933.6658120155334, 465.07829831482064, 1022.8361542474568, 3682.3848787613088, 1035.7509118924272
934.1963891983032, 465.07829831482064, 1022.8361542474568, 3682.3848787613088, 1035.7509118924272
934.6850800514221, 465.07829831482064, 1022.8361542474568, 3682.3848787613088, 1035.7509118924272
935.3971703052521, 478.39606931712495, 1012.1693355020999, 3680.1727788011212, 1038.1594907009317
936.3815324306488, 457.56348197674635, 1024.954663202079, 3650.5347791657355, 1061.9877536690756
937.183384180069, 457.56348197674635, 1024.954663202079, 3650.5347791657355, 1061.9877536690756
937.9433479309082, 479.95179948226126, 1025.7743647862783, 3648.237662319508, 1082.7946322884309
938.6604251861572, 479.95179948226126, 1025.7743647862783, 3648.237662319508, 1082.7946322884309
939.1810321807861, 479.95179948226126, 1025.7743647862783, 3648.237662319508, 1082.7946322884309
939.8661954402924, 470.7184136417673, 1033.0290922384963, 3674.849609715769, 1052.9606657535478
940.6760251522064, 470.7184136417673, 1033.0290922384963, 3674.849609715769, 1052.9606657535478
941.227548122406, 470.7184136417673, 1033.0290922384963, 3674.849609715769, 1052.9606657535478
941.8479149341583, 479.6573196963766, 1018.4208534245248, 3667.2919149879363, 1057.6176950874835
942.414365530014, 458.66306445810005, 1034.903893920326, 3655.4527939864606, 1062.8686541765146
943.2052474021912, 458.66306445810005, 1034.903893920326, 3655.4527939864606, 1062.8686541765146
943.9073665142059, 466.01883828360553, 1032.382573629818, 3666.86101487573, 1056.6601576981539
944.8697874546051, 444.924646968816, 1044.6555692037866, 3648.5165848601214, 1066.7391674035384
945.7145531177521, 444.924646968816, 1044.6555692037866, 3648.5165848601214, 1066.7391674035384
946.2351565361023, 444.924646968816, 1044.6555692037866, 3648.5165848601214, 1066.7391674035384
946.6640100479126, 444.924646968816, 1044.6555692037866, 3648.5165848601214, 1066.7391674035384
947.3830513954163, 475.879442583293, 1027.33399131974, 3661.966047987149, 1064.8613330713351
948.3584382534027, 472.96441458045894, 1020.7411241132517, 3651.2763978352696, 1069.3847019610378
949.1752507686615, 472.96441458045894, 1020.7411241132517, 3651.2763978352696, 1069.3847019610378
949.8624091148376, 467.0840311023109, 1029.2335789863212, 3643.757002721311, 1078.8421315491098
950.6951763629913, 467.0840311023109, 1029.2335789863212, 3643.757002721311, 1078.8421315491098
951.1699051856995, 467.0840311023109, 1029.2335789863212, 3643.757002721311, 1078.8421315491098
951.7064654827118, 467.0840311023109, 1029.2335789863212, 3643.757002721311, 1078.8421315491098
952.4055922031403, 485.1015006480023, 1019.7835312283873, 3668.846666937619, 1059.7637998155792
953.178521156311, 485.1015006480023, 1019.7835312283873, 3668.846666937619, 1059.7637998155792
953.87366771698, 466.9097593902925, 1048.2614985006758, 3656.518777150702, 1080.7281848286163
954.7163999080658, 466.9097593902925, 1048.2614985006758, 3656.518777150702, 1080.7281848286163
955.1632325649261, 466.9097593902925, 1048.2614985006758, 3656.518777150702, 1080.7281848286163
955.6967732906342, 466.9097593902925, 1048.2614985006758, 3656.518777150702, 1080.7281848286163
956.1754899024963, 466.9097593902925, 1048.2614985006758, 3656.518777150702, 1080.7281848286163
956.8716242313385, 478.33049140035473, 1036.126691636783, 3652.1495608286805, 1083.0781034880988
957.9138314723969, 489.3912673058754, 1025.3878909769685, 3677.66340071183, 1060.2700548904293
958.8952016830444, 484.0605553769315, 1033.5313319810514, 3624.959923555262, 1116.5969676282984
959.899510383606, 459.1316248080054, 1041.3191940031606, 3667.6906421126773, 1057.2630107621364
960.7252986431122, 459.1316248080054, 1041.3191940031606, 3667.6906421126773, 1057.2630107621364
961.3795742988586, 463.65110261141234, 1034.384188730075, 3636.7360556150875, 1086.9161629354323
962.1833915710449, 463.65110261141234, 1034.384188730075, 3636.7360556150875, 1086.9161629354323
962.8855438232422, 454.5314166890582, 1033.0009876937984, 3648.6377144256758, 1068.6953677656727
963.7452051639557, 454.5314166890582, 1033.0009876937984, 3648.6377144256758, 1068.6953677656727
964.1820366382599, 454.5314166890582, 1033.0009876937984, 3648.6377144256758, 1068.6953677656727
964.6996483802795, 454.5314166890582, 1033.0009876937984, 3648.6377144256758, 1068.6953677656727
965.2023010253906, 454.5314166890582, 1033.0009876937984, 3648.6377144256758, 1068.6953677656727
965.7119343280792, 454.5314166890582, 1033.0009876937984, 3648.6377144256758, 1068.6953677656727
966.3552107810974, 464.0352615415747, 1046.5701729090842, 3661.9156627013463, 1072.1943951788992
967.1899766921997, 464.0352615415747, 1046.5701729090842, 3661.9156627013463, 1072.1943951788992
967.8681590557098, 470.52373942834765, 1036.7174409175548, 3651.570179453986, 1079.3796925118822
968.698930978775, 470.52373942834765, 1036.7174409175548, 3651.570179453986, 1079.3796925118822
969.1846301555634, 470.52373942834765, 1036.7174409175548, 3651.570179453986, 1079.3796925118822
969.7251806259155, 470.52373942834765, 1036.7174409175548, 3651.570179453986, 1079.3796925118822
970.352499961853, 482.01752668242017, 1029.9238609414178, 3635.649475725611, 1098.373224136138
970.7424540519714, 482.01752668242017, 1029.9238609414178, 3635.649475725611, 1098.373224136138
971.3418483734131, 474.50978599181565, 1040.6605836239628, 3667.758152668575, 1070.3039489401003
971.7387840747833, 474.50978599181565, 1040.6605836239628, 3667.758152668575, 1070.3039489401003
972.4718203544617, 479.70801764953603, 1033.4632073125485, 3685.650663669963, 1050.3528065781095
973.2577149868011, 479.70801764953603, 1033.4632073125485, 3685.650663669963, 1050.3528065781095
973.9159502983093, 469.4326430279632, 1048.875523703835, 3681.496721384652, 1056.738603879352
974.7088251113892, 469.4326430279632, 1048.875523703835, 3681.496721384652, 1056.738603879352
975.3740429878235, 3708.0046106143436, 1029.5998969785483, 462.72214279344684, 1053.6396295489599
976.4052791595459, 465.24860733054646, 1037.1379688918298, 3628.9749390578622, 1098.4407573348037
977.2320652008057, 465.24860733054646, 1037.1379688918298, 3628.9749390578622, 1098.4407573348037
978.0010044574738, 461.649971624864, 1035.708529056021, 3671.4434277654605, 1053.1053870257797
979.0212695598602, 483.6687252627206, 1026.2063964528115, 3651.7728129140087, 1082.348611212475
979.9398083686829, 3686.4457917339687, 1048.5751356793971, 459.6813918992268, 1051.9350992835175
981.0578122138977, 472.3624273439402, 1045.2737887473888, 3686.1549086899236, 1054.7495411080324
981.7439727783203, 472.3624273439402, 1045.2737887473888, 3686.1549086899236, 1054.7495411080324
982.2386467456818, 472.3624273439402, 1045.2737887473888, 3686.1549086899236, 1054.7495411080324
982.7193593978882, 472.3624273439402, 1045.2737887473888, 3686.1549086899236, 1054.7495411080324
983.4673552513123, 469.532458082555, 1045.5673662065503, 3690.4229886119956, 1046.9066224822964
984.3579678535461, 465.7393411301073, 1044.4951648326678, 3669.075716384789, 1063.8741129419743
985.4081547260284, 472.25871829488483, 1041.4399990307393, 3650.523826460114, 1087.4744020846401
986.2120018005371, 472.25871829488483, 1041.4399990307393, 3650.523826460114, 1087.4744020846401
986.7455699443817, 472.25871829488483, 1041.4399990307393, 3650.523826460114, 1087.4744020846401
987.1814017295837, 472.25871829488483, 1041.4399990307393, 3650.523826460114, 1087.4744020846401
987.9772698879242, 456.8030217822041, 1038.0107517935812, 3667.778232799944, 1056.0373456839063
988.9805822372437, 456.103200608523, 1043.612352308386, 3669.8690021742846, 1056.8930231273423
989.7794399261475, 456.103200608523, 1043.612352308386, 3669.8690021742846, 1056.8930231273423
990.2611503601074, 456.103200608523, 1043.612352308386, 3669.8690021742846, 1056.8930231273423
990.7448537349701, 456.103200608523, 1043.612352308386, 3669.8690021742846, 1056.8930231273423
991.4100711345673, 490.84596216815936, 1028.3764503909226, 3641.4066005552263, 1102.2318630106258
992.5410404205322, 489.75810502138256, 1035.311904831913, 3686.0361238265023, 1059.8653433128945
993.4575846195221, 461.29904206174814, 1031.26681171147, 3647.727170996601, 1074.546088783721
994.3422231674194, 461.29904206174814, 1031.26681171147, 3647.727170996601, 1074.546088783721
995.5659348964691, 484.9237917116962, 1035.3545153313355, 3656.8708283139986, 1084.9313242283574
996.5572779178619, 474.47760567774264, 1034.0877887970269, 3690.7508564685413, 1043.137952771328
997.3262183666229, 474.47760567774264, 1034.0877887970269, 3690.7508564685413, 1043.137952771328
998.5130376815796, 482.7327362382168, 1039.3895147790338, 3685.4474688112364, 1057.0295561735516
999.2460737228394, 482.7327362382168, 1039.3895147790338, 3685.4474688112364, 1057.0295561735516
999.7517197132111, 482.7327362382168, 1039.3895147790338, 3685.4474688112364, 1057.0295561735516
1000.2633466720581, 482.7327362382168, 1039.3895147790338, 3685.4474688112364, 1057.0295561735516
1000.7879431247711, 482.7327362382168, 1039.3895147790338, 3685.4474688112364, 1057.0295561735516
1001.2716455459595, 482.7327362382168, 1039.3895147790338, 3685.4474688112364, 1057.0295561735516
1002.00368309021, 465.90027909167407, 1041.4129478201062, 3654.28544878959, 1076.6477373936523
1002.6968269348145, 465.90027909167407, 1041.4129478201062, 3654.28544878959, 1076.6477373936523
1003.3989727497101, 455.7724603252834, 1034.7967426413268, 3661.017563610624, 1058.3306788607338
1004.2636260986328, 455.7724603252834, 1034.7967426413268, 3661.017563610624, 1058.3306788607338
1004.8779802322388, 487.902172651204, 1011.7456459070871, 3670.6569406435874, 1057.4266485174126
1005.7237133979797, 487.902172651204, 1011.7456459070871, 3670.6569406435874, 1057.4266485174126
1006.4737043380737, 491.8026947473858, 1023.3430710570085, 3667.696390517089, 1069.912531386174
1007.2197051048279, 491.8026947473858, 1023.3430710570085, 3667.696390517089, 1069.912531386174
1007.9746830463409, 461.8212688503298, 1040.414884242096, 3645.912368354621, 1080.5603997461503
1008.948075056076, 459.9736011743007, 1036.0030651585687, 3660.7905188409495, 1063.5019159220603
1009.7060425281525, 459.9736011743007, 1036.0030651585687, 3660.7905188409495, 1063.5019159220603
1010.2146787643433, 459.9736011743007, 1036.0030651585687, 3660.7905188409495, 1063.5019159220603
1010.7422668933868, 459.9736011743007, 1036.0030651585687, 3660.7905188409495, 1063.5019159220603
1011.240930557251, 459.9736011743007, 1036.0030651585687, 3660.7905188409495, 1063.5019159220603
1011.9091396331787, 471.70693747784435, 1023.0374045516207, 3647.9674407396856, 1074.39730388715
1012.722959280014, 471.70693747784435, 1023.0374045516207, 3647.9674407396856, 1074.39730388715
1013.2126471996307, 471.70693747784435, 1023.0374045516207, 3647.9674407396856, 1074.39730388715
1013.7003390789032, 471.70693747784435, 1023.0374045516207, 3647.9674407396856, 1074.39730388715
1014.2109694480896, 471.70693747784435, 1023.0374045516207, 3647.9674407396856, 1074.39730388715
1014.7136235237122, 471.70693747784435, 1023.0374045516207, 3647.9674407396856, 1074.39730388715
1015.4037735462189, 464.9038161584505, 1025.6999375764149, 3668.4672355056855, 1052.5549866333843
1016.2235767841339, 464.9038161584505, 1025.6999375764149, 3668.4672355056855, 1052.5549866333843
1016.724235534668, 464.9038161584505, 1025.6999375764149, 3668.4672355056855, 1052.5549866333843
1017.2059442996979, 464.9038161584505, 1025.6999375764149, 3668.4672355056855, 1052.5549866333843
1017.6776804924011, 464.9038161584505, 1025.6999375764149, 3668.4672355056855, 1052.5549866333843
1018.2311980724335, 464.9038161584505, 1025.6999375764149, 3668.4672355056855, 1052.5549866333843
1018.9103775024414, 1301.7440703194413, 1227.9833180692344, 2687.3930026935577, 1404.059147886685
1019.693279504776, 1301.7440703194413, 1227.9833180692344, 2687.3930026935577, 1404.059147886685
1020.2368240356445, 1301.7440703194413, 1227.9833180692344, 2687.3930026935577, 1404.059147886685
1020.7394752502441, 1301.7440703194413, 1227.9833180692344, 2687.3930026935577, 1404.059147886685
1021.2371423244476, 1301.7440703194413, 1227.9833180692344, 2687.3930026935577, 1404.059147886685
1021.6829481124878, 1301.7440703194413, 1227.9833180692344, 2687.3930026935577, 1404.059147886685
1022.2025556564331, 1301.7440703194413, 1227.9833180692344, 2687.3930026935577, 1404.059147886685
1022.7191710472107, 1301.7440703194413, 1227.9833180692344, 2687.3930026935577, 1404.059147886685
1023.2168374061584, 1301.7440703194413, 1227.9833180692344, 2687.3930026935577, 1404.059147886685
1023.9159643650055, 414.74698906307617, 689.5589857792211, 3518.112031510972, 872.4491786965968
1024.694907426834, 414.74698906307617, 689.5589857792211, 3518.112031510972, 872.4491786965968
1025.2424082756042, 414.74698906307617, 689.5589857792211, 3518.112031510972, 872.4491786965968
1025.9176003932953, 341.4168356265192, 755.842037682374, 3492, 831
1026.725435256958, 341.4168356265192, 755.842037682374, 3492, 831
1027.4155855178833, 428.1931811148102, 798.2552213374743, 3526.601345745827, 991.639651579059
1028.2064661979675, 428.1931811148102, 798.2552213374743, 3526.601345745827, 991.639651579059
1028.7071254253387, 428.1931811148102, 798.2552213374743, 3526.601345745827, 991.639651579059
1029.1798584461212, 428.1931811148102, 798.2552213374743, 3526.601345745827, 991.639651579059
1029.7273907661438, 428.1931811148102, 798.2552213374743, 3526.601345745827, 991.639651579059
1030.4464638233185, 383.56157584515597, 803.5463007497731, 3529.014001172363, 929.1003926315609
1031.3939535617828, 371.42747976881185, 553.6733392545071, 376.18935476394654, 806.3215145977779
1032.2107360363007, 371.42747976881185, 553.6733392545071, 376.18935476394654, 806.3215145977779
1032.9647147655487, 426.72812166128415, 808, 376.8761060199664, 827.4740476830807
1033.911179304123, 418.6967353818965, 596.6947706021087, 411.1345971814021, 830.7492355156423
1034.895565032959, 389, 602, 430.0782456767011, 803.8950806082308
1035.9148099422455, 336, 609, 416.46187913061067, 812.2566420738173
1036.9101431369781, 367.47416559968144, 778.5557708761545, 3522.8803374961153, 918.9548695018462
1037.8865268230438, 334.0000000000001, 605.7837829422793, 385.22607106162457, 761.1061081256441
1038.8888704776764, 383.1632802116469, 759.8299595406382, 3502.565091854431, 978.0739815700751
1039.6797211170197, 383.1632802116469, 759.8299595406382, 3502.565091854431, 978.0739815700751
1040.1783838272095, 383.1632802116469, 759.8299595406382, 3502.565091854431, 978.0739815700751
1040.6720621585846, 383.1632802116469, 759.8299595406382, 3502.565091854431, 978.0739815700751
1041.5566909313202, 438.9757000523763, 778.4987139440495, 3499, 943
1042.4243676662445, 420.2258654000084, 781.7181920932983, 3303.8443972204263, 897.92087629918
1043.216243982315, 420.2258654000084, 781.7181920932983, 3303.8443972204263, 897.92087629918
1043.7268753051758, 420.2258654000084, 781.7181920932983, 3303.8443972204263, 897.92087629918
1044.4070537090302, 429.25277984877863, 572.1921740410928, 391.6810703675875, 817.7836406621576
1045.2248628139496, 429.25277984877863, 572.1921740410928, 391.6810703675875, 817.7836406621576
1045.9110329151154, 389.9135107862411, 814.8181947560515, 416, 852
1046.7358138561249, 389.9135107862411, 814.8181947560515, 416, 852
1047.4219732284546, 393.9729860408546, 819.1903980600484, 392.8565268840116, 858
1048.209862947464, 393.9729860408546, 819.1903980600484, 392.8565268840116, 858
1048.7025434970856, 393.9729860408546, 819.1903980600484, 392.8565268840116, 858
1049.2002096176147, 393.9729860408546, 819.1903980600484, 392.8565268840116, 858
1049.7098429203033, 393.9729860408546, 819.1903980600484, 392.8565268840116, 858
1050.223467350006, 393.9729860408546, 819.1903980600484, 392.8565268840116, 858
1050.7191381454468, 393.9729860408546, 819.1903980600484, 392.8565268840116, 858
1051.2178308963776, 393.9729860408546, 819.1903980600484, 392.8565268840116, 858
1051.8860132694244, 341.7527459850925, 593.0332219759375, 391.30102519110665, 810.887927160637
1052.7028245925903, 341.7527459850925, 593.0332219759375, 391.30102519110665, 810.887927160637
1053.439847946167, 394.6861219364793, 815.1593644965468, 3544.5315773035463, 941.3580928840877
1054.2257409095764, 394.6861219364793, 815.1593644965468, 3544.5315773035463, 941.3580928840877
1054.9298553466797, 366, 579, 399.24128602589184, 812.9107966788176
1055.764618396759, 366, 579, 399.24128602589184, 812.9107966788176
1056.7599499225616, 444.4716409675297, 613.9647641387122, 392.94483154081877, 816.7087771771795
1057.5657908916473, 444.4716409675297, 613.9647641387122, 392.94483154081877, 816.7087771771795
1058.3766174316406, 374, 582, 397.67577372839264, 819.4457024056296
1059.9952800273895, 389.53315400089707, 804.4876163230148, 606.2459794398299, 1037.6314924250087
1061.1342284679413, 389.53315400089707, 804.4876163230148, 606.2459794398299, 1037.6314924250087
1062.1594820022583, 389.53315400089707, 804.4876163230148, 606.2459794398299, 1037.6314924250087
1063.2425789833069, 389.53315400089707, 804.4876163230148, 606.2459794398299, 1037.6314924250087
1064.1092569828033, 389.53315400089707, 804.4876163230148, 606.2459794398299, 1037.6314924250087
1065.0816514492035, 389.53315400089707, 804.4876163230148, 606.2459794398299, 1037.6314924250087
1066.1218626499176, 389.53315400089707, 804.4876163230148, 606.2459794398299, 1037.6314924250087
1066.90576171875, 381, 555, 389.960251477032, 808.6273741979182
1067.8981022834778, 383.86012708544854, 590.8916349743596, 360.0042284804795, 837.893746806445
1068.7448337078094, 383.86012708544854, 590.8916349743596, 360.0042284804795, 837.893746806445
1069.4579231739044, 400, 606, 392.71244877691026, 822.2698395451166
1070.2158930301666, 400, 606, 392.71244877691026, 822.2698395451166
1070.9359629154205, 422.9489868583028, 794.6769086855805, 445.2591759227873, 843
1071.786682844162, 422.9489868583028, 794.6769086855805, 445.2591759227873, 843
1072.3631381988525, 422.9489868583028, 794.6769086855805, 445.2591759227873, 843
1073.4392540454865, 381.5813559004847, 580.3121124697516, 395.2112580246512, 811.4594484546978
1074.2002148628235, 381.5813559004847, 580.3121124697516, 395.2112580246512, 811.4594484546978
1074.715832710266, 381.5813559004847, 580.3121124697516, 395.2112580246512, 811.4594484546978
1075.2055501937866, 381.5813559004847, 580.3121124697516, 395.2112580246512, 811.4594484546978
1075.7021925449371, 381.5813559004847, 580.3121124697516, 395.2112580246512, 811.4594484546978
1076.1809074878693, 381.5813559004847, 580.3121124697516, 395.2112580246512, 811.4594484546978
1076.934888601303, 580.981042653485, 566.5000000885144, 570.1789928225187, 887.0942277579475
1077.7895967960358, 580.981042653485, 566.5000000885144, 570.1789928225187, 887.0942277579475
1078.4528200626373, 545.1924877907504, 920.9645675453494, 3357.0, 1029.716922435061
1079.1848571300507, 545.1924877907504, 920.9645675453494, 3357.0, 1029.716922435061
1079.7134411334991, 545.1924877907504, 920.9645675453494, 3357.0, 1029.716922435061
1080.1931552886963, 545.1924877907504, 920.9645675453494, 3357.0, 1029.716922435061
1080.7177512645721, 545.1924877907504, 920.9645675453494, 3357.0, 1029.716922435061
1081.2303767204285, 545.1924877907504, 920.9645675453494, 3357.0, 1029.716922435061
1081.9015769958496, 570.5990679339491, 885.548446508169, 3693.5881109938227, 989.3231092059438
1082.6864738464355, 570.5990679339491, 885.548446508169, 3693.5881109938227, 989.3231092059438
1083.3975920677185, 585.7701211317615, 889.4378357774648, 3689.755690835079, 943.0469051166085
1084.204407453537, 585.7701211317615, 889.4378357774648, 3689.755690835079, 943.0469051166085
1084.6861159801483, 585.7701211317615, 889.4378357774648, 3689.755690835079, 943.0469051166085
1085.4181561470032, 1524.5756909960892, 2310.2551802269713, 3001.327282998749, 2348.071832596013
1086.2628905773163, 1524.5756909960892, 2310.2551802269713, 3001.327282998749, 2348.071832596013
1086.7126851081848, 1524.5756909960892, 2310.2551802269713, 3001.327282998749, 2348.071832596013
1087.461678981781, 1659.9514344413194, 756.6789807290021, 1631.440396532938, 1300.2468382616184
1088.353318452835, 3688.772869596108, 953.9262192874365, 511.1584085025976, 958.2159506216669
1089.2040102481842, 3688.772869596108, 953.9262192874365, 511.1584085025976, 958.2159506216669
1089.6757440567017, 3688.772869596108, 953.9262192874365, 511.1584085025976, 958.2159506216669
1090.446679353714, 2895.3405940832117, 24.46229277222849, 2898.0, 2606.6696647392973
1091.216616153717, 2895.3405940832117, 24.46229277222849, 2898.0, 2606.6696647392973
1091.9097576141357, 2069.4588561899354, 777.9934995275482, 2506.4999999999845, 1207.0000410000985
1092.8881390094757, 2708.551206580539, 1201.6670843078782, 1178, 2927.97763996153
1093.9363272190094, 1344.880397088754, 321.84977867140805, 2875.9977067792233, 2087.998130282536
1094.9117138385773, 574.7657784733381, 886.3737172143668, 3686.551303055199, 944.2404986367876
1095.6956150531769, 574.7657784733381, 886.3737172143668, 3686.551303055199, 944.2404986367876
1096.4196734428406, 578.2725116263301, 875.4151394633079, 3689.452017817181, 937.9167494306394
1097.4110164642334, 574.2405974747862, 883.699081834148, 3685.789386083113, 942.5268066340079
1098.3874275684357, 568.9077747964508, 892.532216007555, 3690.136941928763, 943.1435445653378
1099.4066681861877, 577.5367208179987, 895.1202470543293, 3687.2471667874293, 946.3014206008628
1100.218493461609, 577.5367208179987, 895.1202470543293, 3687.2471667874293, 946.3014206008628
1100.9575140476227, 533.3190655627945, 926.2381517713603, 3680.4703812444914, 948.9711232803922
1101.7723300457, 533.3190655627945, 926.2381517713603, 3680.4703812444914, 948.9711232803922
1102.4435317516327, 513.651904169106, 948.3437241041378, 3680.1780942071596, 974.4024650132288
1103.4388625621796, 580.6753712041686, 879.644130497506, 3690.7929502201255, 945.2681563911872
1104.3893163204193, 579.9106862345024, 882.1097585199232, 3686.3598558936073, 938.5439834464503
1105.4963500499725, 511.087280520135, 963.259447269113, 3710.83408340422, 972.3812662404844
1106.4438109397888, 552.6629013043264, 964.8023738531297, 3761.810620019646, 1028.9196511813084
1107.4022419452667, 566.5884313645444, 956.0706084257183, 3703.709530102544, 1083.2208051818411
1108.2559547424316, 566.5884313645444, 956.0706084257183, 3703.709530102544, 1083.2208051818411
1108.6997668743134, 566.5884313645444, 956.0706084257183, 3703.709530102544, 1083.2208051818411
1109.2562747001648, 566.5884313645444, 956.0706084257183, 3703.709530102544, 1083.2208051818411
1109.9274747371674, 542.1859543732082, 988.9736049834735, 3699.3207343296167, 1092.440277307918
1110.9188187122345, 545.2402882694823, 991.9414836846522, 3721.5967918395495, 1076.9927709794804
1111.6947395801544, 545.2402882694823, 991.9414836846522, 3721.5967918395495, 1076.9927709794804
1112.201382637024, 545.2402882694823, 991.9414836846522, 3721.5967918395495, 1076.9927709794804
1112.8596172332764, 585.8275130051334, 963.075664757195, 3733.548530394977, 1076.1580112408128
1113.910802602768, 557.4246323729379, 976.7251731065332, 3722.434376640947, 1076.2136522516219
1114.9101243019104, 595.3749307453277, 954.1621006138353, 3722.8777096785457, 1087.3638000800775
1115.6800858974457, 595.3749307453277, 954.1621006138353, 3722.8777096785457, 1087.3638000800775
1116.2196431159973, 595.3749307453277, 954.1621006138353, 3722.8777096785457, 1087.3638000800775
1116.8888211250305, 561.0743261804968, 973.0620845332811, 3716.7606299335775, 1080.4188980448898
1117.6946609020233, 561.0743261804968, 973.0620845332811, 3716.7606299335775, 1080.4188980448898
1118.405755996704, 615.2296304844641, 946.8116317668017, 3765.5963122146095, 1059.8988781378978
1119.2484967708588, 615.2296304844641, 946.8116317668017, 3765.5963122146095, 1059.8988781378978
1119.8928034305573, 559.1000247858744, 976.5407837117634, 3720.107457734078, 1078.0448583517868
1120.9569189548492, 549.8617341470076, 993.1097696996835, 3709.394061243371, 1095.0984472357682
1121.920337677002, 592.1449696549571, 961.4973659461477, 3710.892974682967, 1100.832098883324
1122.882759809494, 554.4150599992945, 975.1363888379842, 3711.379832048019, 1082.5579347202524
1123.9040224552155, 591.9404021413906, 949.2425436793143, 3723.142626747073, 1083.4466308919407
1124.71883893013, 591.9404021413906, 949.2425436793143, 3723.142626747073, 1083.4466308919407
1125.2933003902435, 591.9404021413906, 949.2425436793143, 3723.142626747073, 1083.4466308919407
1125.967491865158, 586.7484465100455, 957.5287290464966, 3721.4237213045603, 1086.0216952203673
1126.7653543949127, 586.7484465100455, 957.5287290464966, 3721.4237213045603, 1086.0216952203673
1127.2650153636932, 586.7484465100455, 957.5287290464966, 3721.4237213045603, 1086.0216952203673
1127.7786405086517, 586.7484465100455, 957.5287290464966, 3721.4237213045603, 1086.0216952203673
1128.2773022651672, 586.7484465100455, 957.5287290464966, 3721.4237213045603, 1086.0216952203673
1128.9754314422607, 579.9905803677102, 966.1889294422596, 3721.7107923145277, 1088.1055793140786
1129.823161125183, 579.9905803677102, 966.1889294422596, 3721.7107923145277, 1088.1055793140786
1130.178209066391, 579.9905803677102, 966.1889294422596, 3721.7107923145277, 1088.1055793140786
1130.897281885147, 600.330314202972, 951.0808150637644, 3749.6170901753253, 1061.3677646837632
1131.6931493282318, 600.330314202972, 951.0808150637644, 3749.6170901753253, 1061.3677646837632
1132.2007894515991, 600.330314202972, 951.0808150637644, 3749.6170901753253, 1061.3677646837632
1132.7193994522095, 600.330314202972, 951.0808150637644, 3749.6170901753253, 1061.3677646837632
1133.1971185207367, 600.330314202972, 951.0808150637644, 3749.6170901753253, 1061.3677646837632
1133.876299381256, 588.1634813854982, 970.8460587665484, 3750.9480969846527, 1067.4895063600925
1134.7529511451721, 588.1634813854982, 970.8460587665484, 3750.9480969846527, 1067.4895063600925
1135.5268769264221, 1172.6027661293003, 265.5607076746109, 2631.587650048627, 907.0140996776291
1136.2359755039215, 1172.6027661293003, 265.5607076746109, 2631.587650048627, 907.0140996776291
1136.8852367401123, 1463, 96, 1461.6311496610076, 2443.4570479060826
1137.7150115966797, 1463, 96, 1461.6311496610076, 2443.4570479060826
1138.2286376953125, 1463, 96, 1461.6311496610076, 2443.4570479060826
1138.965660572052, 1176, 1271, 1158.7888472361337, 2230.6514742588383
1139.7685101032257, 1176, 1271, 1158.7888472361337, 2230.6514742588383
1140.4486865997314, 2610, 1762, 2597.2369831682477, 2722.0000000000014
1141.1936905384064, 2610, 1762, 2597.2369831682477, 2722.0000000000014
1141.6933507919312, 2610, 1762, 2597.2369831682477, 2722.0000000000014
1142.3934745788574, 586.5778915339891, 960.8493078581628, 3740.459939616968, 1069.9530258500915
1143.200313091278, 586.5778915339891, 960.8493078581628, 3740.459939616968, 1069.9530258500915
1143.7348799705505, 586.5778915339891, 960.8493078581628, 3740.459939616968, 1069.9530258500915
1144.2335436344147, 586.5778915339891, 960.8493078581628, 3740.459939616968, 1069.9530258500915
1144.7152543067932, 586.5778915339891, 960.8493078581628, 3740.459939616968, 1069.9530258500915
1145.426348209381, 422.1553569937292, 1028.1701345803, 3581.1321056582988, 1099.9582661595487
1146.3797931671143, 508.7840096079209, 758.2103665784783, 450.70781391256776, 1033.0437323001802
1147.4310054779053, 491.34923291380585, 1068.1531490914815, 3064.335871586197, 2348.0260558115447
1148.4293012619019, 575.1212217766727, 965.7224542100379, 3091.009469717392, 1511.9999972568548
1149.2461409568787, 575.1212217766727, 965.7224542100379, 3091.009469717392, 1511.9999972568548
1149.792647600174, 575.1212217766727, 965.7224542100379, 3091.009469717392, 1511.9999972568548
1150.461853981018, 562.0947729067237, 984.2380693258237, 2885.705789067094, 2337.607258197103
1151.2377769947052, 562.0947729067237, 984.2380693258237, 2885.705789067094, 2337.607258197103
1151.734444141388, 562.0947729067237, 984.2380693258237, 2885.705789067094, 2337.607258197103
1152.212164402008, 562.0947729067237, 984.2380693258237, 2885.705789067094, 2337.607258197103
1152.798591852188, 562.0947729067237, 984.2380693258237, 2885.705789067094, 2337.607258197103
1153.2493851184845, 562.0947729067237, 984.2380693258237, 2885.705789067094, 2337.607258197103
1153.8896679878235, 1069.0394785035398, 1092, 3555.8915236178823, 1103.759337027923
1154.9498267173767, 3591.340457725676, 1067.762219173169, 3565.3191754802538, 1093.55910865925
1155.9302010536194, 493.536677306689, 1008.8516666419296, 3564.617277612026, 1100.2129008627037
1156.745016336441, 493.536677306689, 1008.8516666419296, 3564.617277612026, 1100.2129008627037
1157.4431807994843, 3573.1178488841692, 1089.6722566976146, 1106.4999999999889, 2120.004691589135
1158.1811692714691, 3573.1178488841692, 1089.6722566976146, 1106.4999999999889, 2120.004691589135
1158.7336876392365, 3573.1178488841692, 1089.6722566976146, 1106.4999999999889, 2120.004691589135
1159.3879342079163, 3540.1028352161816, 978.9751463992296, 3556.285670576716, 1091.2218175895314
1160.399225473404, 3540.9294897133036, 981.4322086932686, 3560.4588305911516, 1093.0186256686693
1161.3975501060486, 1052.4151938560708, 904.4523206534371, 3559.5053677391033, 1096.263366742042
1162.3859021663666, 482.845562387782, 1003.7813176266892, 3562.0630433992305, 1093.7525105375305
1163.3553340435028, 915.3705076612695, 925.2192613930747, 3539.5813816027535, 1114.9989394589988
1164.2130069732666, 915.3705076612695, 925.2192613930747, 3539.5813816027535, 1114.9989394589988
1164.7346074581146, 915.3705076612695, 925.2192613930747, 3539.5813816027535, 1114.9989394589988
1165.402816772461, 3558.913215391867, 1100.2657978845507, 1058, 2066.4999999803313
1166.2296295166016, 3558.913215391867, 1100.2657978845507, 1058, 2066.4999999803313
1166.9097945690155, 997, 941, 3562.002785843649, 1095.2005700316136
1167.7565100193024, 997, 941, 3562.002785843649, 1095.2005700316136
1168.235226392746, 997, 941, 3562.002785843649, 1095.2005700316136
1168.9004459381104, 3131.070112279289, 895.9717977212968, 489.10520756511244, 983.0836604453935
1169.9665887355804, 3196, 915, 459.8034259180819, 998.2635186123371
1170.9708976745605, 3215.103338606069, 905.930535435151, 473.82823962408634, 990.9118637073348
1171.8944215774536, 3222.621728460844, 902.5560360179247, 484.145794986606, 981.211906861274
1172.7142250537872, 3222.621728460844, 902.5560360179247, 484.145794986606, 981.211906861274
1173.3624880313873, 3213.0, 907.9261291154979, 470.9099423591064, 984.0653986060277
1174.21719789505, 3213.0, 907.9261291154979, 470.9099423591064, 984.0653986060277
1174.9083442687988, 3210.239615354235, 911.368321901854, 482.7769927602452, 991.5801634183938
1175.9106595516205, 3247, 928, 480.82038939889367, 985.5980436484629
1177.0067222118378, 3259.2591342400224, 928.5703687042177, 477.82504197680635, 980.4687019716511
1177.7477369308472, 3259.2591342400224, 928.5703687042177, 477.82504197680635, 980.4687019716511
1178.4747879505157, 468.4771153821839, 995.0879638748097, 3514.103428370295, 1089.970981121032
1179.1808965206146, 468.4771153821839, 995.0879638748097, 3514.103428370295, 1089.970981121032
1179.7154636383057, 468.4771153821839, 995.0879638748097, 3514.103428370295, 1089.970981121032
1180.450495004654, 473, 778, 485.92168039755313, 992.9479586200952
1181.2264153957367, 473, 778, 485.92168039755313, 992.9479586200952
1181.949477672577, 452.6451496139739, 1004.8595303212312, 3379.954373423638, 1105.0754249697734
1182.6924872398376, 452.6451496139739, 1004.8595303212312, 3379.954373423638, 1105.0754249697734
1183.2081060409546, 452.6451496139739, 1004.8595303212312, 3379.954373423638, 1105.0754249697734
1183.944133758545, 469.59408783666356, 1001.7230196924661, 3450.1771290078555, 1054.2417545453425
1184.6931269168854, 469.59408783666356, 1001.7230196924661, 3450.1771290078555, 1054.2417545453425
1185.225699186325, 469.59408783666356, 1001.7230196924661, 3450.1771290078555, 1054.2417545453425
1185.9028861522675, 460.28740940497835, 1003.3246148294945, 3078.5250711197637, 1112.522187762201
1186.6738185882568, 460.28740940497835, 1003.3246148294945, 3078.5250711197637, 1112.522187762201
1187.2273349761963, 460.28740940497835, 1003.3246148294945, 3078.5250711197637, 1112.522187762201
1187.7200157642365, 460.28740940497835, 1003.3246148294945, 3078.5250711197637, 1112.522187762201
1188.425125837326, 478.29102556243487, 997.2161903927257, 3481, 1018
1189.417495250702, 475.08191563310186, 989.9751164447252, 3369, 1073
1190.4736371040344, 460.6160086244025, 990.6178429131415, 2939.8281457469207, 1141.50816051139
1191.497891664505, 3315.181761349999, 861.7313638416126, 467.0622676455977, 1005.1687402048497
1192.4862442016602, 485.00186181804446, 984.117535570367, 3688.9393363896406, 1064.3651488311843
1193.2491993904114, 485.00186181804446, 984.117535570367, 3688.9393363896406, 1064.3651488311843
1193.948324918747, 560.9600669194829, 906.3931699223548, 3686.1994366279405, 1067.640011175689
1194.7541654109955, 560.9600669194829, 906.3931699223548, 3686.1994366279405, 1067.640011175689
1195.300703048706, 560.9600669194829, 906.3931699223548, 3686.1994366279405, 1067.640011175689
1195.7046484947205, 560.9600669194829, 906.3931699223548, 3686.1994366279405, 1067.640011175689
1196.2551426887512, 560.9600669194829, 906.3931699223548, 3686.1994366279405, 1067.640011175689
1196.7119200229645, 560.9600669194829, 906.3931699223548, 3686.1994366279405, 1067.640011175689
1197.4240128993988, 553.3937212644938, 904.8811244278422, 3657.9693084456026, 1088.4793421651755
1198.2428178787231, 553.3937212644938, 904.8811244278422, 3657.9693084456026, 1088.4793421651755
1198.7075726985931, 553.3937212644938, 904.8811244278422, 3657.9693084456026, 1088.4793421651755
1199.2182040214539, 553.3937212644938, 904.8811244278422, 3657.9693084456026, 1088.4793421651755
1199.908383846283, 549.6108289613758, 914.3253404146195, 3676.980398497436, 1073.5466562827758
1200.690259695053, 549.6108289613758, 914.3253404146195, 3676.980398497436, 1073.5466562827758
1201.411327123642, 485.37603065798305, 968.6737871894029, 3661.5238376330503, 1080.1684650244104
1202.2550661563873, 485.37603065798305, 968.6737871894029, 3661.5238376330503, 1080.1684650244104
1202.6988787651062, 485.37603065798305, 968.6737871894029, 3661.5238376330503, 1080.1684650244104
1203.2523951530457, 485.37603065798305, 968.6737871894029, 3661.5238376330503, 1080.1684650244104
1203.9614927768707, 545.3920540144712, 917.8871229867457, 3674.193117464931, 1077.4042763183757
1204.729436159134, 545.3920540144712, 917.8871229867457, 3674.193117464931, 1077.4042763183757
1205.427565574646, 489.50058475829826, 965.940300447591, 3680.560414008369, 1065.837660084307
1206.2493629455566, 489.50058475829826, 965.940300447591, 3680.560414008369, 1065.837660084307
1206.7450349330902, 489.50058475829826, 965.940300447591, 3680.560414008369, 1065.837660084307
1207.3025419712067, 489.50058475829826, 965.940300447591, 3680.560414008369, 1065.837660084307
1207.723412513733, 489.50058475829826, 965.940300447591, 3680.560414008369, 1065.837660084307
1208.4265305995941, 480.2205216515565, 980.0696482682366, 3682.6427734936965, 1065.0518890858903
1209.276252746582, 480.2205216515565, 980.0696482682366, 3682.6427734936965, 1065.0518890858903
1209.9344882965088, 568.4861618875148, 908.831099364676, 3666.9983821166643, 1095.4469565022455
1210.796178817749, 568.4861618875148, 908.831099364676, 3666.9983821166643, 1095.4469565022455
1211.2579414844513, 568.4861618875148, 908.831099364676, 3666.9983821166643, 1095.4469565022455
1211.939116716385, 546.3498558961818, 933.3165977229875, 3694.9916257383347, 1073.4459188702872
1212.7449564933777, 546.3498558961818, 933.3165977229875, 3694.9916257383347, 1073.4459188702872
1213.2616021633148, 546.3498558961818, 933.3165977229875, 3694.9916257383347, 1073.4459188702872
1213.7422840595245, 546.3498558961818, 933.3165977229875, 3694.9916257383347, 1073.4459188702872
1214.246931552887, 546.3498558961818, 933.3165977229875, 3694.9916257383347, 1073.4459188702872
1214.8852219581604, 528.186505795336, 929.2785924851555, 3699.2160845382223, 1051.4547573676457
1215.7459182739258, 528.186505795336, 929.2785924851555, 3699.2160845382223, 1051.4547573676457
1216.2465744018555, 528.186505795336, 929.2785924851555, 3699.2160845382223, 1051.4547573676457
1216.7302787303925, 528.186505795336, 929.2785924851555, 3699.2160845382223, 1051.4547573676457
1217.254872083664, 528.186505795336, 929.2785924851555, 3699.2160845382223, 1051.4547573676457
1217.9809257984161, 485.18180670176986, 960.0215791052095, 3651.264227146432, 1084.9459363987044
1218.7638573646545, 485.18180670176986, 960.0215791052095, 3651.264227146432, 1084.9459363987044
1219.4868912696838, 552.7498173647562, 978.4284717255164, 3643.034333850455, 1178.2647084848275
1220.2229182720184, 552.7498173647562, 978.4284717255164, 3643.034333850455, 1178.2647084848275
1220.760486125946, 552.7498173647562, 978.4284717255164, 3643.034333850455, 1178.2647084848275
1221.2531595230103, 552.7498173647562, 978.4284717255164, 3643.034333850455, 1178.2647084848275
1221.9911816120148, 435.99326056947376, 1267.4516104234726, 3587.5075018275325, 1411.882172690245
1222.7481529712677, 435.99326056947376, 1267.4516104234726, 3587.5075018275325, 1411.882172690245
1223.228895664215, 435.99326056947376, 1267.4516104234726, 3587.5075018275325, 1411.882172690245
1223.7664234638214, 435.99326056947376, 1267.4516104234726, 3587.5075018275325, 1411.882172690245
1224.2401566505432, 435.99326056947376, 1267.4516104234726, 3587.5075018275325, 1411.882172690245
1225.3123109340668, 585.0173396265802, 1132.6845426618245, 667, 1490
1226.1081492900848, 585.0173396265802, 1132.6845426618245, 667, 1490
1226.9269547462463, 431.63777041955467, 1280.9256719718355, 3583.041120167046, 1425.4791798845163
1227.971158027649, 530.4283583024593, 1187.66490193054, 3578.981496347393, 1433.1790338410228
1228.772010564804, 530.4283583024593, 1187.66490193054, 3578.981496347393, 1433.1790338410228
1229.2367947101593, 530.4283583024593, 1187.66490193054, 3578.981496347393, 1433.1790338410228
1229.7513856887817, 530.4283583024593, 1187.66490193054, 3578.981496347393, 1433.1790338410228
1230.2709941864014, 530.4283583024593, 1187.66490193054, 3578.981496347393, 1433.1790338410228
1230.7796297073364, 530.4283583024593, 1187.66490193054, 3578.981496347393, 1433.1790338410228
1231.267323732376, 530.4283583024593, 1187.66490193054, 3578.981496347393, 1433.1790338410228
1231.7670176029205, 530.4283583024593, 1187.66490193054, 3578.981496347393, 1433.1790338410228
1232.2736282348633, 530.4283583024593, 1187.66490193054, 3578.981496347393, 1433.1790338410228
1232.7792732715607, 530.4283583024593, 1187.66490193054, 3578.981496347393, 1433.1790338410228
1233.283920764923, 530.4283583024593, 1187.66490193054, 3578.981496347393, 1433.1790338410228
1233.7676236629486, 530.4283583024593, 1187.66490193054, 3578.981496347393, 1433.1790338410228
1234.4039206504822, 502.83105166138137, 1330.483749657585, 3602.99641936413, 1520.9237110042875
1235.2077646255493, 502.83105166138137, 1330.483749657585, 3602.99641936413, 1520.9237110042875
1235.726374387741, 502.83105166138137, 1330.483749657585, 3602.99641936413, 1520.9237110042875
1236.2300593852997, 502.83105166138137, 1330.483749657585, 3602.99641936413, 1520.9237110042875
1237.554477930069, 553.5442531544544, 1304.311707413654, 714.3312333906074, 2543.2757814399433
1238.8190891742706, 553.5442531544544, 1304.311707413654, 714.3312333906074, 2543.2757814399433
1239.8154182434082, 553.5442531544544, 1304.311707413654, 714.3312333906074, 2543.2757814399433
1240.8077592849731, 604, 1235, 607.0401586626922, 1250.5109808167244
1241.6544890403748, 604, 1235, 607.0401586626922, 1250.5109808167244
1242.6568050384521, 604, 1235, 607.0401586626922, 1250.5109808167244
1243.6002762317657, 604, 1235, 607.0401586626922, 1250.5109808167244
1244.641485452652, 604, 1235, 607.0401586626922, 1250.5109808167244
1246.0257761478424, 578.2391427564002, 1204.3640114443015, 537.7409334022074, 2088.0005580483726
1247.2824094295502, 578.2391427564002, 1204.3640114443015, 537.7409334022074, 2088.0005580483726
1248.2378492355347, 578.2391427564002, 1204.3640114443015, 537.7409334022074, 2088.0005580483726
1249.3209490776062, 578.2391427564002, 1204.3640114443015, 537.7409334022074, 2088.0005580483726
1250.2584347724915, 578.2391427564002, 1204.3640114443015, 537.7409334022074, 2088.0005580483726
1251.3146045207977, 578.2391427564002, 1204.3640114443015, 537.7409334022074, 2088.0005580483726
1252.3278901576996, 578.2391427564002, 1204.3640114443015, 537.7409334022074, 2088.0005580483726
1253.2404444217682, 578.2391427564002, 1204.3640114443015, 537.7409334022074, 2088.0005580483726
1254.285643339157, 578.2391427564002, 1204.3640114443015, 537.7409334022074, 2088.0005580483726
1255.2899510860443, 578.2391427564002, 1204.3640114443015, 537.7409334022074, 2088.0005580483726
1256.2713508605957, 578.2391427564002, 1204.3640114443015, 537.7409334022074, 2088.0005580483726
1257.344475030899, 578.2391427564002, 1204.3640114443015, 537.7409334022074, 2088.0005580483726
1258.4095933437347, 578.2391427564002, 1204.3640114443015, 537.7409334022074, 2088.0005580483726
1259.8238031864166, 578.2391427564002, 1204.3640114443015, 537.7409334022074, 2088.0005580483726
1260.8570339679718, 578.2391427564002, 1204.3640114443015, 537.7409334022074, 2088.0005580483726
1261.4733831882477, 539.9462237129848, 997.9933092562508, 3673.1902695378626, 1155.7721094273716
1262.4886636734009, 515.8438903698172, 1012.6380214452529, 3655.917196524906, 1167.1710247418614
1263.4221603870392, 538.78245470333, 980.0850433091987, 3674.645112448319, 1141.4507079563364
1264.4434251785278, 513.6128650552464, 1011.4180681355322, 3663.812003835798, 1154.0307312659493
1265.25026345253, 513.6128650552464, 1011.4180681355322, 3663.812003835798, 1154.0307312659493
1265.7878222465515, 513.6128650552464, 1011.4180681355322, 3663.812003835798, 1154.0307312659493
1266.2386384010315, 513.6128650552464, 1011.4180681355322, 3663.812003835798, 1154.0307312659493
1266.988604068756, 532.9978209345762, 986.6861862583496, 3663.060847303297, 1148.6217397853945
1267.7555484771729, 532.9978209345762, 986.6861862583496, 3663.060847303297, 1148.6217397853945
1268.255210161209, 532.9978209345762, 986.6861862583496, 3663.060847303297, 1148.6217397853945
1268.7478902339935, 532.9978209345762, 986.6861862583496, 3663.060847303297, 1148.6217397853945
1269.2625119686127, 532.9978209345762, 986.6861862583496, 3663.060847303297, 1148.6217397853945
1269.9706146717072, 495.86272864133986, 975.087015285442, 3595.9373763994786, 1180.5228612927529
1270.7724645137787, 495.86272864133986, 975.087015285442, 3595.9373763994786, 1180.5228612927529
1271.464609861374, 523.5511602521, 954.5918458494368, 3603.586066436845, 1179.2555359217927
1272.2684557437897, 523.5511602521, 954.5918458494368, 3603.586066436845, 1179.2555359217927
1273.0314106941223, 500.0777709566169, 973.9033421109343, 3639.737892688927, 1135.3015246473312
1273.9838604927063, 515.2062992971119, 961.0952577338674, 3623.677361407399, 1152.3703996553782
1274.7488095760345, 515.2062992971119, 961.0952577338674, 3623.677361407399, 1152.3703996553782
1275.2574744224548, 515.2062992971119, 961.0952577338674, 3623.677361407399, 1152.3703996553782
1275.747133731842, 515.2062992971119, 961.0952577338674, 3623.677361407399, 1152.3703996553782
1276.3126459121704, 515.2062992971119, 961.0952577338674, 3623.677361407399, 1152.3703996553782
1276.7534384727478, 515.2062992971119, 961.0952577338674, 3623.677361407399, 1152.3703996553782
1277.2590827941895, 515.2062992971119, 961.0952577338674, 3623.677361407399, 1152.3703996553782
1277.8056182861328, 515.2062992971119, 961.0952577338674, 3623.677361407399, 1152.3703996553782
1278.2693755626678, 515.2062992971119, 961.0952577338674, 3623.677361407399, 1152.3703996553782
1278.7570979595184, 515.2062992971119, 961.0952577338674, 3623.677361407399, 1152.3703996553782
1279.302607536316, 515.2062992971119, 961.0952577338674, 3623.677361407399, 1152.3703996553782
1279.7633724212646, 515.2062992971119, 961.0952577338674, 3623.677361407399, 1152.3703996553782
1280.4575126171112, 505.28009423565493, 977.770573095459, 3611.0260838220997, 1176.0469242984916
1281.4817662239075, 521.1557602062021, 974.761879580653, 3644.110859432217, 1149.6412479676255
1282.2856132984161, 521.1557602062021, 974.761879580653, 3644.110859432217, 1149.6412479676255
1282.771342754364, 521.1557602062021, 974.761879580653, 3644.110859432217, 1149.6412479676255
1283.28493642807, 521.1557602062021, 974.761879580653, 3644.110859432217, 1149.6412479676255
1283.7656469345093, 521.1557602062021, 974.761879580653, 3644.110859432217, 1149.6412479676255
1284.334124326706, 521.1557602062021, 974.761879580653, 3644.110859432217, 1149.6412479676255
1284.9704191684723, 494.6325697053482, 992.0574728574147, 3650.9227688495384, 1133.473863527231
1285.7523245811462, 494.6325697053482, 992.0574728574147, 3650.9227688495384, 1133.473863527231
1286.4534447193146, 482.2351816780845, 986.6126448525932, 3646.1216191304165, 1112.4274498171462
1287.2762413024902, 482.2351816780845, 986.6126448525932, 3646.1216191304165, 1112.4274498171462
1287.9504351615906, 516.7428569553542, 884.4594354993492, 3679.4965752263283, 1006.4145298527219
1288.944769859314, 495.5564286099014, 902.4560661015055, 3670.1725476039555, 1014.6915145767512
1289.7825260162354, 495.5564286099014, 902.4560661015055, 3670.1725476039555, 1014.6915145767512
1290.268223285675, 495.5564286099014, 902.4560661015055, 3670.1725476039555, 1014.6915145767512
1290.7509291172028, 495.5564286099014, 902.4560661015055, 3670.1725476039555, 1014.6915145767512
1291.4620242118835, 520.2055590744939, 871.8336290890319, 3656.13131613748, 1024.6098859512197
1292.51420378685, 518.6351462040756, 865.2766801213322, 3687.990586572511, 987.4425790530088
1293.2781562805176, 518.6351462040756, 865.2766801213322, 3687.990586572511, 987.4425790530088
1293.782806634903, 518.6351462040756, 865.2766801213322, 3687.990586572511, 987.4425790530088
1294.5447680950165, 493.3522554038193, 930.9208687160269, 3662.813794240479, 1051.996675944261
1295.464299917221, 513.2395628840129, 929.1458875739727, 3632.379612982932, 1106.6733475953242
1296.286098241806, 513.2395628840129, 929.1458875739727, 3632.379612982932, 1106.6733475953242
1296.8256528377533, 513.2395628840129, 929.1458875739727, 3632.379612982932, 1106.6733475953242
1297.3322937488556, 513.2395628840129, 929.1458875739727, 3632.379612982932, 1106.6733475953242
1298.0104765892029, 537.085603846097, 913.3926549173336, 3617.791894645331, 1126.4024180083682
1298.7634596824646, 537.085603846097, 913.3926549173336, 3617.791894645331, 1126.4024180083682
1299.5174429416656, 441.24960204293956, 914.7087490523387, 3547.7112370729965, 1109.3976650079314
1300.560643196106, 411.97629604941835, 909.8195285772997, 3538.018288130069, 1083.854452301513
1301.5330383777618, 461.0937554730818, 956.3628055601303, 3629.4400369939503, 1079.6323901049282
1302.5632770061493, 449.2144759950032, 945.2921934442132, 3595.2996451640006, 1093.1689695898851
1303.6014940738678, 546.0255396511768, 912.6656112595707, 3665.7684554147177, 1083.429449292903
1305.0695610046387, 565.7342218338215, 927.8069884472042, 759.5030099906708, 1222.865548837395
1306.097805738449, 1236, 1434, 1235.554570082951, 2326.911240044769
1306.923593044281, 1236, 1434, 1235.554570082951, 2326.911240044769
1308.0635380744934, 551.0793758633638, 931.6046999020256, 3699.62727685617, 1071.8500038992624
1309.0588703155518, 536.6105580448758, 943.9055625523035, 3685.555120173532, 1083.373405596279
1309.9016118049622, 536.6105580448758, 943.9055625523035, 3685.555120173532, 1083.373405596279
1310.356394290924, 536.6105580448758, 943.9055625523035, 3685.555120173532, 1083.373405596279
1311.063499212265, 529.5408830574663, 939.6038316451378, 3673.1376202984006, 1087.0601650553087
1312.0807735919952, 532.5467090003203, 936.6021283715229, 3661.823594082208, 1096.613355081613
1313.098046541214, 535.791230854039, 945.0894500136224, 3671.087406548768, 1098.1159128974166
1314.0933804512024, 544.1545421531462, 933.1830574883023, 3680.4766534871474, 1085.0774961014781
1315.0508139133453, 527.3836569987266, 933.9140656088332, 3644.4327086919984, 1108.806261887782
1315.8546612262726, 527.3836569987266, 933.9140656088332, 3644.4327086919984, 1108.806261887782
1316.5677509307861, 538.6930858696511, 936.9353960301736, 3697.1090779711003, 1068.1467656641996
1317.566074848175, 519.1277987771155, 947.2463375635513, 3693.078180805699, 1064.8341812945032
1318.5594127178192, 524.0195530098648, 937.4720637679436, 3667.582932185887, 1084.2428796881993
1319.5826706886292, 527.4507122198904, 935.8609236205582, 3673.882028308102, 1080.8755659931016
1320.547086238861, 529.3601820555119, 926.2231368131497, 3625.95414114244, 1127.8215393652065
1322.1168792247772, 553.5009957692328, 887.1288643787283, 695.8406859531574, 1399.8267294880272
1323.5360770225525, 566.0578392836117, 872.8031381616127, 653.44836934911, 1192.0
1324.816645860672, 566.0578392836117, 872.8031381616127, 653.44836934911, 1192.0
1325.589575767517, 530.0282651318338, 935.7853875013957, 3681.3067175705155, 1075.0657045923545
1326.6008648872375, 528.70114600219, 944.6129614044202, 3707.2220255127913, 1055.843004521525
1327.4116916656494, 528.70114600219, 944.6129614044202, 3707.2220255127913, 1055.843004521525
1327.8395471572876, 528.70114600219, 944.6129614044202, 3707.2220255127913, 1055.843004521525
1328.2983453273773, 528.70114600219, 944.6129614044202, 3707.2220255127913, 1055.843004521525
1329.0792229175568, 532.1181167665966, 948.0868449838341, 3684.375907960374, 1082.0646723522464
1329.8900516033173, 532.1181167665966, 948.0868449838341, 3684.375907960374, 1082.0646723522464
1330.5462925434113, 521.9119238835312, 951.0503177734824, 3663.821889457446, 1096.4856875550415
1331.2942881584167, 521.9119238835312, 951.0503177734824, 3663.821889457446, 1096.4856875550415
1332.1031210422516, 533.1419743538305, 924.4564713541547, 3664.1528787119914, 1085.4667189461377
1332.8700659275055, 533.1419743538305, 924.4564713541547, 3664.1528787119914, 1085.4667189461377
1333.3338215351105, 533.1419743538305, 924.4564713541547, 3664.1528787119914, 1085.4667189461377
1334.0568873882294, 531.0361675320228, 927.8705581138106, 3690.586062280853, 1061.3453110824446
1334.8407838344574, 531.0361675320228, 927.8705581138106, 3690.586062280853, 1061.3453110824446
1335.327480316162, 531.0361675320228, 927.8705581138106, 3690.586062280853, 1061.3453110824446
1335.8630454540253, 531.0361675320228, 927.8705581138106, 3690.586062280853, 1061.3453110824446
1336.316829919815, 531.0361675320228, 927.8705581138106, 3690.586062280853, 1061.3453110824446
1336.848405122757, 531.0361675320228, 927.8705581138106, 3690.586062280853, 1061.3453110824446
1337.296204328537, 531.0361675320228, 927.8705581138106, 3690.586062280853, 1061.3453110824446
1338.1180021762848, 535.399765639396, 926.0916907006724, 3676.011833226726, 1077.7079614920117
1338.8580203056335, 535.399765639396, 926.0916907006724, 3676.011833226726, 1077.7079614920117
1339.5282266139984, 516.0423199218255, 943.5118130497666, 3686.010050009355, 1064.9116681556034
1340.5245835781097, 548.0856083654917, 920.6304421148313, 3676.5841206373534, 1079.954984593608
1341.287509918213, 548.0856083654917, 920.6304421148313, 3676.5841206373534, 1079.954984593608
1341.8789250850677, 548.0856083654917, 920.6304421148313, 3676.5841206373534, 1079.954984593608
1342.5361635684967, 529.7288950575762, 929.1965062658544, 3675.9033017001098, 1076.1027713384185
1343.3111169338226, 529.7288950575762, 929.1965062658544, 3675.9033017001098, 1076.1027713384185
1343.4686641693115, 529.7288950575762, 929.1965062658544, 3675.9033017001098, 1076.1027713384185
1344.0860118865967, 2608, 1096, 1303.8207006375796, 1194.5702617272107
1344.8788855075836, 2608, 1096, 1303.8207006375796, 1194.5702617272107
1345.0135254859924, 2608, 1096, 1303.8207006375796, 1194.5702617272107
1345.5630548000336, 1498.2160699148928, 1356.452197224393, 2869.926755130028, 2729.0
1346.2601845264435, 1498.2160699148928, 1356.452197224393, 2869.926755130028, 2729.0
1347.0281264781952, 535.6929834495675, 931.2334025952102, 3684.2037192462526, 1072.5539491777854
1347.8160161972046, 535.6929834495675, 931.2334025952102, 3684.2037192462526, 1072.5539491777854
1348.4832391738892, 515.6076199227118, 935.7811862977335, 3674.6032117373184, 1072.5042927965887
1349.487536430359, 520.1040599907219, 937.7502493932811, 3663.0182126186287, 1087.0263079128163
1350.5277495384216, 530.537710520574, 934.6521014026825, 3670.9720670504676, 1084.5321934137623
1351.485182762146, 523.764289561326, 941.7054596899034, 3660.0086063613367, 1100.6395975767014
1352.5353698730469, 515.3846116850277, 940.3901273549977, 3657.971998545559, 1104.205362152189
1353.5147454738617, 523.6480025748866, 914.9666910193392, 3670.9729364671475, 1072.8678553674774
1354.5419924259186, 500.0257103372364, 968.9795477204696, 3624.6900873095183, 1134.9634686270456
1355.5044147968292, 501.8333725186262, 963.6316722840116, 3639.8103446938167, 1113.4680024550612
1356.5157034397125, 503.980533924418, 975.3837011711832, 3674.4928755120955, 1082.844800893021
1357.4821162223816, 499.6764489683998, 981.4204016015055, 3681.1753591463776, 1073.734777719897
1358.2680385112762, 499.6764489683998, 981.4204016015055, 3681.1753591463776, 1073.734777719897
1358.7936007976532, 499.6764489683998, 981.4204016015055, 3681.1753591463776, 1073.734777719897
1359.5485770702362, 499.91879091519894, 984.4426318805274, 3679.0953550104164, 1073.2824178348314
1360.3175168037415, 499.91879091519894, 984.4426318805274, 3679.0953550104164, 1073.2824178348314
1360.7922449111938, 499.91879091519894, 984.4426318805274, 3679.0953550104164, 1073.2824178348314
1361.5442295074463, 488.54725842857476, 993.6993578375307, 3654.9354276365925, 1096.0158501632754
1362.49271774292, 563.8591257141071, 913.6524948480344, 3657.566931784387, 1089.738841127832
1363.5408780574799, 496.08774857301904, 983.4750744815699, 3692.4808522271373, 1057.6765934654677
1364.5372095108032, 561.8636236985133, 922.5757811711528, 3687.58292682094, 1063.7139558505344
1365.527554512024, 479.4185825055914, 985.4126490287363, 3650.601838338774, 1086.9141947482663
1366.5149376392365, 504.3016385328468, 978.9575777419388, 3685.8519566870805, 1062.7711388209389
1367.5271968841553, 497.418583329124, 987.1314502440016, 3664.0816072529274, 1078.9351259537004
1368.5464651584625, 487.08553628258875, 1000.2935002192162, 3685.638541582076, 1054.6197094594893
1369.296456336975, 487.08553628258875, 1000.2935002192162, 3685.638541582076, 1054.6197094594893
1370.0903282165527, 513.5522898707144, 978.6761210937086, 3695.9688952886545, 1049.9842058477416
1371.0896527767181, 500.1368263893484, 997.6154877744955, 3675.2194953903972, 1072.6997423484793
1372.0570588111877, 504.5442990458534, 1005.9549572705724, 3688.43698484519, 1063.5275915822285
1372.8050556182861, 504.5442990458534, 1005.9549572705724, 3688.43698484519, 1063.5275915822285
1373.509167432785, 491.2934431164718, 1015.8967476391177, 3688.6886107402247, 1060.064561217146
1374.5454270839691, 512.5047060151469, 994.985604560135, 3661.9268887712733, 1081.6677707755614
1375.3193163871765, 512.5047060151469, 994.985604560135, 3661.9268887712733, 1081.6677707755614
1375.8259608745575, 512.5047060151469, 994.985604560135, 3661.9268887712733, 1081.6677707755614
1376.5849256515503, 499.85109952978496, 995.279623625568, 3674.933429315199, 1057.8390500379592
1377.340901851654, 499.85109952978496, 995.279623625568, 3674.933429315199, 1057.8390500379592
1378.0490019321442, 518.4933049591732, 980.2111326306702, 3684.5318402547437, 1054.1737282409877
1378.8059756755829, 518.4933049591732, 980.2111326306702, 3684.5318402547437, 1054.1737282409877
1379.5120823383331, 513.2407912953579, 1000.1794476366658, 3647.6310117509715, 1102.3068960026023
1380.377762079239, 513.2407912953579, 1000.1794476366658, 3647.6310117509715, 1102.3068960026023
1381.0250282287598, 509.97304367666715, 1001.2532507638374, 3711.059065559885, 1032.9440253197256
1381.796991109848, 509.97304367666715, 1001.2532507638374, 3711.059065559885, 1032.9440253197256
1382.335515499115, 509.97304367666715, 1001.2532507638374, 3711.059065559885, 1032.9440253197256
1382.8242061138153, 509.97304367666715, 1001.2532507638374, 3711.059065559885, 1032.9440253197256
1383.55624461174, 515.2632288935806, 995.4077182952245, 3636.173053891774, 1108.9093440617492
1384.3650772571564, 515.2632288935806, 995.4077182952245, 3636.173053891774, 1108.9093440617492
1385.0033679008484, 515.5403526065381, 990.7950208686262, 3635.88258089878, 1103.3612974956243
1386.0495953559875, 519.996511367789, 998.5915876314893, 3648.62349788064, 1095.1376108254813
1387.027941942215, 515.015250777667, 997.1646678538754, 3649.4968780369372, 1088.6231616679497
1387.831796169281, 515.015250777667, 997.1646678538754, 3649.4968780369372, 1088.6231616679497
1388.6625635623932, 518.3656791702838, 1001.0869301515418, 3652.8786328764913, 1089.8390765512693
1389.6379487514496, 529.9964463259089, 992.5233941531428, 3657.917497369123, 1086.704950384667
1390.610342502594, 534.2684104996491, 986.9297218509201, 3658.216312551898, 1083.12105751219
1391.32941532135, 534.2684104996491, 986.9297218509201, 3658.216312551898, 1083.12105751219
1391.8430397510529, 534.2684104996491, 986.9297218509201, 3658.216312551898, 1083.12105751219
1392.60200715065, 535.0527674662146, 984.8443745597951, 3664.7089209680016, 1079.6017606004857
1393.3579802513123, 535.0527674662146, 984.8443745597951, 3664.7089209680016, 1079.6017606004857
1394.063090801239, 534.4981776710385, 994.0964493068727, 3648.4530051358665, 1102.1297673309355
1394.8230543136597, 534.4981776710385, 994.0964493068727, 3648.4530051358665, 1102.1297673309355
1395.5251724720001, 515.6366824795664, 1007.8315231518873, 3679.159317814244, 1065.4828643155427
1396.350959777832, 515.6366824795664, 1007.8315231518873, 3679.159317814244, 1065.4828643155427
1397.0750195980072, 529.3740458254643, 980.743378974751, 3663.689992650833, 1070.0981152092022
1397.8220193386078, 529.3740458254643, 980.743378974751, 3663.689992650833, 1070.0981152092022
1398.3924889564514, 529.3740458254643, 980.743378974751, 3663.689992650833, 1070.0981152092022
1398.8203423023224, 529.3740458254643, 980.743378974751, 3663.689992650833, 1070.0981152092022
1399.5842957496643, 529.7738636220663, 983.9065454626807, 3645.1570607380177, 1093.9639142525916
1400.344260931015, 529.7738636220663, 983.9065454626807, 3645.1570607380177, 1093.9639142525916
1401.04238820076, 533.4293543494821, 976.4974356669011, 3634.807371697971, 1100.6903142623814
1402.090580701828, 515.7767577302333, 996.4173469006683, 3635.927772770396, 1102.8106146484563
1403.0530149936676, 515.5803875758514, 983.4466804963015, 3670.1447614119993, 1053.7858052179583
1404.064290523529, 536.6217508237211, 984.6813492177516, 3672.077619221568, 1071.1576806813896
1405.0257151126862, 534.613610094895, 984.9543329044513, 3676.185337523901, 1064.4277548411867
1405.8465144634247, 534.613610094895, 984.9543329044513, 3676.185337523901, 1064.4277548411867
1406.3242347240448, 534.613610094895, 984.9543329044513, 3676.185337523901, 1064.4277548411867
1407.0273525714874, 524.4591337935758, 989.6468836345173, 3666.9528343465654, 1070.6732925921453
1408.0396420955658, 537.0601321936284, 977.7827572911644, 3657.8638088278294, 1078.6958719022443
1408.8305189609528, 537.0601321936284, 977.7827572911644, 3657.8638088278294, 1078.6958719022443
1409.5156836509705, 527.5089538796217, 992.8905864848472, 3688.7775817995957, 1054.0734200426211
1410.5568943023682, 514.4719863573687, 991.7903291756637, 3635.8537693187354, 1095.5262123132932
1411.5073459148407, 532.2474366325853, 988.9278648837117, 3665.1821665532443, 1077.9912608896366
1412.5505497455597, 513.732065843363, 994.7929515065412, 3661.7487393206925, 1072.7932468780543
1413.5359106063843, 506.2763330592003, 983.8397967771542, 3678.054798195692, 1039.27460291583
1414.6020529270172, 535.5413252908413, 977.5495170165045, 3662.723749455136, 1072.406763649183
1415.3151423931122, 535.5413252908413, 977.5495170165045, 3662.723749455136, 1072.406763649183
1416.0492060184479, 538.0919881643814, 987.4298095316946, 3676.142868891043, 1070.003820461453
1417.0734300613403, 528.0461129049152, 987.6214127711514, 3652.027300774245, 1087.5507581193192
1417.865309715271, 528.0461129049152, 987.6214127711514, 3652.027300774245, 1087.5507581193192
1418.362975358963, 528.0461129049152, 987.6214127711514, 3652.027300774245, 1087.5507581193192
1418.8586556911469, 528.0461129049152, 987.6214127711514, 3652.027300774245, 1087.5507581193192
1419.5188796520233, 523.5868637293895, 993.460815204055, 3665.8589026726727, 1074.316688346682
1420.5152082443237, 533.6495151535375, 986.0245243816272, 3659.24014224541, 1081.2716928529785
1421.319053888321, 533.6495151535375, 986.0245243816272, 3659.24014224541, 1081.2716928529785
1422.079018354416, 504.8537002850983, 1006.6844078888568, 3629.24331027093, 1109.1598695178564
1423.066371679306, 463.16427364985924, 1052.3412126028065, 3651.699318947202, 1090.4639639562683
1424.0587136745453, 435, 846, 467.282242419058, 1048.60645353959
1424.8306443691254, 435, 846, 467.282242419058, 1048.60645353959
1425.5158092975616, 386, 862, 463.84763537041977, 1050.9946419656567
1427.245174407959, 538.7888705803098, 976.5778284955979, 448, 2525.1063060993365
1427.378816127777, 538.7888705803098, 976.5778284955979, 448, 2525.1063060993365
1428.4778716564178, 538.7888705803098, 976.5778284955979, 448, 2525.1063060993365
1429.509108543396, 455.48375039192945, 1066.8650549829695, 3637.9100843435017, 1112.967796343487
1430.487487077713, 469.44433300013816, 1047.6410813742214, 3666.1195444166797, 1076.5312187810189
1431.5077571868896, 446, 862, 474.52994840517863, 1046.7089013340542
1432.3155884742737, 446, 862, 474.52994840517863, 1046.7089013340542
1433.0246868133545, 447, 864, 470.7878518054597, 1049.9916596176802
1434.883706331253, 504.17818751983395, 1002.8945605229823, 454.4108535023993, 1708.0130636131676
1436.1503117084503, 504.17818751983395, 1002.8945605229823, 454.4108535023993, 1708.0130636131676
1437.8377900123596, 504.17818751983395, 1002.8945605229823, 454.4108535023993, 1708.0130636131676
1439.2061233520508, 504.17818751983395, 1002.8945605229823, 454.4108535023993, 1708.0130636131676
1440.0628275871277, 504.56850929622226, 769.9476540944103, 451.96981242336244, 1057.2591111363936
1440.8417410850525, 504.56850929622226, 769.9476540944103, 451.96981242336244, 1057.2591111363936
1441.5049648284912, 442.83270201625385, 1067.296753121019, 3641.12227115143, 1094.2517563157649
1442.2729070186615, 442.83270201625385, 1067.296753121019, 3641.12227115143, 1094.2517563157649
1443.0518186092377, 398, 860, 439.1157789518172, 1057.8893073382621
1443.83771276474, 398, 860, 439.1157789518172, 1057.8893073382621
1444.5248713493347, 444, 866, 459.96552713781284, 1052.4250088712001
1445.5182094573975, 427.6757723883751, 841.9710284346979, 444.4502759024895, 1066.1195393939115
1446.4945933818817, 456.89267906601094, 1053.4650536698284, 3645.649787004342, 1088.8606285817054
1447.4989020824432, 435.96104591292203, 821.0000000000001, 462.1075764392293, 1053.6935232756339
1448.2867920398712, 435.96104591292203, 821.0000000000001, 462.1075764392293, 1053.6935232756339
1448.797423362732, 435.96104591292203, 821.0000000000001, 462.1075764392293, 1053.6935232756339
1449.4975459575653, 436, 846, 452.27935321370205, 1070.4086558282165
1450.48091173172, 446.76574012369565, 1068.4579047992472, 3656.221204761346, 1079.8271628940765
1451.5360834598541, 447.5573450699577, 826.9502102445805, 448.07320800959826, 1071.5029964999733
1452.304025888443, 447.5573450699577, 826.9502102445805, 448.07320800959826, 1071.5029964999733
1453.0719695091248, 435.52995930056125, 798.1599919444542, 477.6935735390069, 1050.7723194904145
1453.7950303554535, 435.52995930056125, 798.1599919444542, 477.6935735390069, 1050.7723194904145
1454.654727935791, 433, 846, 462.6723718148679, 1044.2327039954446
1455.367815732956, 433, 846, 462.6723718148679, 1044.2327039954446
1456.1696684360504, 439.8480056875186, 1071.1016718258438, 3659.067495674631, 1071.4574390179496
1457.089203596115, 442.7102304618985, 823.3283247887118, 456.3985974633828, 1057.947915631029
1458.1264233589172, 389, 862, 456.40868132932854, 1065.3939377731294
1459.7420949935913, 453, 504, 496.2153465206029, 1016.9797127963657
1460.611764907837, 535.0926565746462, 980.4441531582942, 3647.33530996497, 1092.7349063579604
1461.5183346271515, 512.491823634449, 993.3933859138363, 3644.1844359706383, 1086.3526323540275
1462.5156621932983, 499.8988485553371, 997.8686569809526, 3644.376598380176, 1080.051541964111
1463.5519134998322, 527.6309060817467, 982.874186542727, 3651.861086615189, 1082.4985517897235
1464.3188309669495, 527.6309060817467, 982.874186542727, 3651.861086615189, 1082.4985517897235
1464.8384387493134, 527.6309060817467, 982.874186542727, 3651.861086615189, 1082.4985517897235
1465.5326154232025, 520.5471331028384, 993.4508677410183, 3665.396826409653, 1071.592535612389
1466.3444330692291, 520.5471331028384, 993.4508677410183, 3665.396826409653, 1071.592535612389
1466.8071625232697, 520.5471331028384, 993.4508677410183, 3665.396826409653, 1071.592535612389
1467.582085609436, 525.7005250607717, 993.3838738881641, 3644.8699741482383, 1100.477449897553
1468.622299194336, 524.4153199312811, 988.1770832729834, 3647.4826449194343, 1089.2781138175337
1469.552806377411, 530.5444767130778, 987.3375383036862, 3658.5758635722314, 1087.0672572985181
1470.5441534519196, 514.6071459730083, 994.4226213317827, 3670.544261514308, 1063.2728955532589
1471.3529818058014, 514.6071459730083, 994.4226213317827, 3670.544261514308, 1063.2728955532589
1471.8656079769135, 514.6071459730083, 994.4226213317827, 3670.544261514308, 1063.2728955532589
1472.3403379917145, 514.6071459730083, 994.4226213317827, 3670.544261514308, 1063.2728955532589
1472.8070867061615, 514.6071459730083, 994.4226213317827, 3670.544261514308, 1063.2728955532589
1473.3416533470154, 514.6071459730083, 994.4226213317827, 3670.544261514308, 1063.2728955532589
1474.0108587741852, 500.2816895507458, 998.8297218873821, 3663.180300584708, 1062.0482846821385
1474.82168674469, 500.2816895507458, 998.8297218873821, 3663.180300584708, 1062.0482846821385
1475.5636990070343, 511.5932960401955, 993.6690860485985, 3655.364513677709, 1071.846741667249
1476.372531414032, 511.5932960401955, 993.6690860485985, 3655.364513677709, 1071.846741667249
1477.052708864212, 516.0908502852617, 995.0842803516206, 3682.5321380311, 1053.6103709643253
1478.0929205417633, 533.8789808681781, 974.3063140827694, 3686.6100238726976, 1044.9791789370552
1479.0284152030945, 503.5468759952788, 1010.9814933457483, 3685.9368495469794, 1050.6066395287398
1480.0726175308228, 518.3443124017815, 998.2976856531355, 3658.4216202646194, 1083.676622404962
1480.82958817482, 518.3443124017815, 998.2976856531355, 3658.4216202646194, 1083.676622404962
1481.3362302780151, 518.3443124017815, 998.2976856531355, 3658.4216202646194, 1083.676622404962
1482.0403428077698, 521.4040369142632, 987.0229606432289, 3650.7955400429423, 1083.562205739694
1483.0237073898315, 537.5808145582746, 983.7741646199137, 3665.1301081867596, 1077.2951593576809
1483.862461090088, 537.5808145582746, 983.7741646199137, 3665.1301081867596, 1077.2951593576809
1485.3145706653595, 527.5576394399019, 607.8854707667141, 517.3844423427561, 986.507236045108
1486.5712020397186, 527.5576394399019, 607.8854707667141, 517.3844423427561, 986.507236045108
1487.5555651187897, 446, 863, 449.3054059732483, 1075.9628243160848
1488.3274965286255, 446, 863, 449.3054059732483, 1075.9628243160848
1488.9887256622314, 380, 860, 457.69540531248197, 1047.6316028740284
1489.8155081272125, 380, 860, 457.69540531248197, 1047.6316028740284
1490.3191595077515, 380, 860, 457.69540531248197, 1047.6316028740284
1490.7998700141907, 380, 860, 457.69540531248197, 1047.6316028740284
1491.5817756652832, 438, 845, 459.02747389727887, 1055.7831575215023
1492.3227915763855, 438, 845, 459.02747389727887, 1055.7831575215023
1493.0149507522583, 511.6969997828561, 725.5293526302404, 456.49059857137536, 1057.757112724922
1493.814792394638, 511.6969997828561, 725.5293526302404, 456.49059857137536, 1057.757112724922
1494.5697693824768, 514.1643836176225, 727.7919350645932, 444.4492994822609, 1065.821843850263
1495.3207573890686, 514.1643836176225, 727.7919350645932, 444.4492994822609, 1065.821843850263
1495.8633029460907, 514.1643836176225, 727.7919350645932, 444.4492994822609, 1065.821843850263
1496.3191125392914, 514.1643836176225, 727.7919350645932, 444.4492994822609, 1065.821843850263
1497.0221977233887, 460.2877225412247, 797.1996831259847, 461.35417689068265, 1062.1877863107668
1498.0015728473663, 456.50672580765, 1065.0465664508502, 3653.9113560163414, 1096.671861212857
1498.9689807891846, 461.16049594831236, 874.2788245043165, 456.7062592621355, 1067.6489198896722
1499.8506178855896, 461.16049594831236, 874.2788245043165, 456.7062592621355, 1067.6489198896722
1500.310406446457, 461.16049594831236, 874.2788245043165, 456.7062592621355, 1067.6489198896722
1500.7841160297394, 461.16049594831236, 874.2788245043165, 456.7062592621355, 1067.6489198896722
1501.616884469986, 415, 855, 441.16290386560536, 1072.4950790118667
1502.3130192756653, 415, 855, 441.16290386560536, 1072.4950790118667
1503.0111503601074, 449.03608776255066, 1064.9116916946691, 3632.3642092373143, 1109.3540640265269
1504.0533573627472, 3356.6125148887772, 1087, 493.8529365495101, 1107.3804535088518
1504.860194683075, 3356.6125148887772, 1087, 493.8529365495101, 1107.3804535088518
1505.5254118442535, 462.4823299869112, 1038.8970111265025, 3668.1705371793987, 1059.8473626523921
1506.489829301834, 482.94614146834294, 1053.6028312864842, 3650.859055842125, 1107.3546239975115
1507.287689447403, 482.94614146834294, 1053.6028312864842, 3650.859055842125, 1107.3546239975115
1508.064607143402, 3672.2573261001053, 1047.2120018959954, 448.7530805026129, 1056.3093131910036
1509.0689163208008, 3667.484096713231, 1052.0474687961344, 438.86241604955353, 1057.6617378683923
1509.8378565311432, 3667.484096713231, 1052.0474687961344, 438.86241604955353, 1057.6617378683923
1510.3036079406738, 3667.484096713231, 1052.0474687961344, 438.86241604955353, 1057.6617378683923
1511.0805261135101, 445.72307297247573, 882.9666240339922, 451.5274786925097, 1063.4733733574003
1511.8305160999298, 445.72307297247573, 882.9666240339922, 451.5274786925097, 1063.4733733574003
1512.473794221878, 3679.2759364794115, 1049.3368124599283, 443.02990593134575, 1064.6699887436243
1513.26567029953, 3679.2759364794115, 1049.3368124599283, 443.02990593134575, 1064.6699887436243
1513.8201847076416, 3679.2759364794115, 1049.3368124599283, 443.02990593134575, 1064.6699887436243
1514.2749774456024, 3679.2759364794115, 1049.3368124599283, 443.02990593134575, 1064.6699887436243
1515.020967721939, 3673.61346635677, 1052.2661738102474, 447.7056170225418, 1059.1587203449187
1516.0282678604126, 445.66964534283466, 1078.790420171981, 3653.6125066559243, 1093.0963007296668
1517.0325770378113, 448.74692354583976, 1052.414734939866, 3645.810307374255, 1074.8165925899884
1518.5166013240814, 168.73766787521447, 611.0575452246803, 518.4351720449714, 999.161513380491
1519.849029302597, 168.73766787521447, 611.0575452246803, 518.4351720449714, 999.161513380491
1520.9281406402588, 168.73766787521447, 611.0575452246803, 518.4351720449714, 999.161513380491
1521.9623699188232, 168.73766787521447, 611.0575452246803, 518.4351720449714, 999.161513380491
1523.1252508163452, 384, 864, 441.06896763444934, 1078.4576767526582
1524.13654088974, 457.1983891396238, 1053.2120418368734, 3635.185582643628, 1105.2474117438894
1525.099958896637, 448.86054079892415, 843.8367116474826, 432.74305247888014, 1075.176755179411
1525.8419709205627, 448.86054079892415, 843.8367116474826, 432.74305247888014, 1075.176755179411
1526.5101799964905, 458.1980921733941, 853.3778622758633, 452.8085437300846, 1056.6422162313186
1527.705976009369, 414, 866, 495.58839758833614, 1015.0908574324442
1528.5377478599548, 455.14339756468127, 1062.8530670511439, 3650.8555553152105, 1088.6440723919586
1529.5131349563599, 445, 863, 465.9201208929737, 1068.6391828282626
1530.6361260414124, 868, 925, 518.1230621245521, 1000.575206533505
1531.5057945251465, 441.87080072453455, 867.448808160529, 455.2483273565685, 1068.7409009332491
1532.4662199020386, 433.7021647765361, 818.873334965342, 470.6571086592653, 1054.7814153610173
1533.4984538555145, 379, 860, 470.8048269359573, 1042.4184469316638
1534.4578845500946, 394, 856, 437.11543988661487, 1071.567134399046
1535.503082036972, 390, 868, 442.4275021290253, 1078.5468109104213
1536.2939627170563, 390, 868, 442.4275021290253, 1078.5468109104213
1536.805592060089, 390, 868, 442.4275021290253, 1078.5468109104213
1537.3242030143738, 390, 868, 442.4275021290253, 1078.5468109104213
1538.0153498649597, 459.7791934737234, 1062.2643685898759, 3666.978169340836, 1075.8415578954493
1538.7773084640503, 459.7791934737234, 1062.2643685898759, 3666.978169340836, 1075.8415578954493
1539.5183231830597, 454.22851405577626, 796.6386596284121, 455.43072623198077, 1050.5517339229584
1540.5724983215332, 387, 863, 451.36143869637687, 1067.1281621023477
1541.3035390377045, 387, 863, 451.36143869637687, 1067.1281621023477
1542.0445535182953, 2293.9859073494317, 824.4352142425106, 455.4644251084196, 1070.275504573432
1543.396944284439, 387, 862, 502.4521088134473, 1018.9848627425936
1544.2386767864227, 387, 862, 502.4521088134473, 1018.9848627425936
1545.156216621399, 387, 862, 502.4521088134473, 1018.9848627425936
1546.0478270053864, 444.3766521610565, 830.5879117119681, 450.201664462841, 1064.9746559054504
1547.051139831543, 437, 846, 454.58442748698155, 1072.268350375446
1547.813098192215, 437, 846, 454.58442748698155, 1072.268350375446
1548.4962656497955, 446, 863, 460.5844847103359, 1064.889901206443
1549.329035282135, 446, 863, 460.5844847103359, 1064.889901206443
1549.816727399826, 446, 863, 460.5844847103359, 1064.889901206443
1550.5218379497528, 432.6565535287933, 850.2248830291938, 430.46395639052804, 1079.1520133330023
1551.311721086502, 432.6565535287933, 850.2248830291938, 430.46395639052804, 1079.1520133330023
1551.7934308052063, 432.6565535287933, 850.2248830291938, 430.46395639052804, 1079.1520133330023
1552.5174908638, 3695.4137635344528, 1021.1129419632655, 452.81521433598914, 1039.6930475582635
1553.4968664646149, 3626, 1060, 449.37067462198684, 1080.0248608418988
1554.5390739440918, 451.02167693263937, 1072.8165582809272, 3669.200280549651, 1078.2701665853838
1555.5184485912323, 370, 862, 460.8971626229302, 1054.9653081214883
1556.4908435344696, 462.39168536964087, 791.4813620297826, 453.4221589156525, 1066.9562654246351
1557.4752054214478, 458.127613151601, 1068.5137474368091, 3657.580676323856, 1094.1228593571698
1558.4964697360992, 455.881516245371, 1051.9346732206964, 3673.1805634362618, 1058.34753103606
1559.5277044773102, 525.7590656402548, 999.4314208002125, 3652.3750930957094, 1092.3749374095992
1560.5080780982971, 447.256051211294, 1069.1673862505418, 3656.3555431120085, 1083.221410195035
1561.5193688869476, 3689.009512742541, 1028.9457313427968, 440.70535576507416, 1058.9368207753926
1562.5296957492828, 445.57213997940073, 1063.4291187673045, 3647.890294603972, 1081.8667421803286
1563.3005945682526, 445.57213997940073, 1063.4291187673045, 3647.890294603972, 1081.8667421803286
1564.0475957393646, 436, 846, 453.1151798226305, 1056.068897775562
1565.039934873581, 383, 855, 448.4841253118579, 1070.0452459532373
1565.7979035377502, 383, 855, 448.4841253118579, 1070.0452459532373
1566.335462808609, 383, 855, 448.4841253118579, 1070.0452459532373
1566.8440997600555, 383, 855, 448.4841253118579, 1070.0452459532373
1567.5502071380615, 3683.1242405206317, 1043.3740345551694, 452.40672783807156, 1050.767894660096
1568.5505278110504, 385, 862, 451.066632093958, 1067.2460212594283
1569.339414358139, 385, 862, 451.066632093958, 1067.2460212594283
1569.998646736145, 3679.522368148057, 1040.658050247934, 434.6330838394463, 1070.5953479880034
1571.5684406757355, 479.9999910817781, 613.4489036349433, 501.1496179862971, 1016.4404190880296
1572.4979496002197, 436, 845, 454.6896254154376, 1067.5553372546844
1573.5511264801025, 470.8849565354367, 1068.5212298850927, 3626.99017637738, 1143.0571147989463
1574.2821698188782, 470.8849565354367, 1068.5212298850927, 3626.99017637738, 1143.0571147989463
1574.7997810840607, 470.8849565354367, 1068.5212298850927, 3626.99017637738, 1143.0571147989463
1576.247900724411, 513.3025520657932, 1000.1891208393433, 438.74290236961644, 2372.7661987003185
1577.0238301753998, 3673.7269051912476, 1060.0254276440676, 433.6439163905268, 1079.0928857245735
1578.0251398086548, 3678.8628829757145, 1054.5628374410585, 447.41591743270715, 1065.7783820156515
1578.79208445549, 3678.8628829757145, 1054.5628374410585, 447.41591743270715, 1065.7783820156515
1579.5420744419098, 382, 865, 479.90974128943503, 1044.0554378156507
1580.2920649051666, 382, 865, 479.90974128943503, 1044.0554378156507
1581.0251007080078, 441.2420703357021, 811.0, 466.0801562426167, 1058.4101154871985
1582.0084648132324, 460.7704451364535, 1049.5456042466114, 3671.917984354385, 1059.6168176333808
1582.8172979354858, 460.7704451364535, 1049.5456042466114, 3671.917984354385, 1059.6168176333808
1584.2225317955017, 534, 644, 507.6796145418529, 1002.9803685336097
1585.0473232269287, 1865.1954213599108, 846.3097567565515, 450.0386122153682, 1070.6538974274004
1585.8421924114227, 1865.1954213599108, 846.3097567565515, 450.0386122153682, 1070.6538974274004
1586.3797535896301, 1865.1954213599108, 846.3097567565515, 450.0386122153682, 1070.6538974274004
1587.6992163658142, 505.68075492430637, 1009.0279513807568, 471.4999999999986, 2553.6610553255277
1588.9538848400116, 505.68075492430637, 1009.0279513807568, 471.4999999999986, 2553.6610553255277
1590.014014005661, 459.47441814455, 1053.7564166622003, 3666.7060045973367, 1066.0451350419758
1590.8108785152435, 459.47441814455, 1053.7564166622003, 3666.7060045973367, 1066.0451350419758
1592.3168432712555, 525.1338088710966, 995.4465427158925, 2838.4814936133052, 1810.1291942632952
1593.0748109817505, 3625, 1054, 454.2014813635508, 1061.9982286005365
1594.0452122688293, 1145.2176041413031, 819.4260543224746, 440.954522973789, 1077.4779620874601
1595.0525109767914, 451.1836194298228, 1060.51850243332, 3672.176936915466, 1062.043295940182
1596.0927262306213, 458.00274888428163, 832.9069305563065, 452.7938073838996, 1064.708033267224
1596.8397226333618, 458.00274888428163, 832.9069305563065, 452.7938073838996, 1064.708033267224
1597.5198996067047, 434.1310012948549, 806.2661400385971, 449.4538985264102, 1067.946259181789
1598.3057932853699, 434.1310012948549, 806.2661400385971, 449.4538985264102, 1067.946259181789
1598.8144311904907, 434.1310012948549, 806.2661400385971, 449.4538985264102, 1067.946259181789
1599.4966025352478, 387, 864, 447.1772641958684, 1069.2430462799405
1600.526841878891, 444, 865, 454.94953653120604, 1087.9515866116672
1601.308747291565, 444, 865, 454.94953653120604, 1087.9515866116672
1601.8492982387543, 444, 865, 454.94953653120604, 1087.9515866116672
1602.505539894104, 444.8115739458714, 805.9773465114383, 446.33518030861194, 1069.2740940311796
1603.3014078140259, 444.8115739458714, 805.9773465114383, 446.33518030861194, 1069.2740940311796
1604.0932865142822, 441.2191110139746, 1084.1548097286814, 3626.4331408406874, 1127.1094674925635
1605.0377552509308, 445.68732398098547, 823.6655065488359, 521.3658172671918, 1007.3803645409927
1606.0540313720703, 412, 853, 465.67195659283874, 1052.9575900166517
1607.0792858600616, 3678.2379718611064, 1062.4210303340358, 451.66037147845503, 1065.8198988044194
1607.796362876892, 3678.2379718611064, 1062.4210303340358, 451.66037147845503, 1065.8198988044194
1608.6111800670624, 392, 861, 437.9285179375537, 1082.0741847618813
1609.6114995479584, 445.65537517780365, 819.6667665951514, 479.32146066016037, 1047.3921215547296
1610.3275821208954, 445.65537517780365, 819.6667665951514, 479.32146066016037, 1047.3921215547296
1611.1763062477112, 451.51868304867287, 1049.62850544931, 3650.3051213122885, 1072.9999893733072
1611.7966437339783, 451.51868304867287, 1049.62850544931, 3650.3051213122885, 1072.9999893733072
1612.5386550426483, 452.6784094430692, 1067.7634057966698, 3655.4857627865754, 1088.3702670939313
1613.5260105133057, 449.30352547435325, 1055.5369620788513, 3663.5034847495604, 1065.2159333543223
1614.5253324508667, 3669.5552668890073, 1060.2453393671717, 440.53046518865875, 1068.9481373102803
1615.5126852989197, 449.9746305836642, 1080.0921658088505, 3625.1821423090255, 1133.442458128643
1616.2955887317657, 449.9746305836642, 1080.0921658088505, 3625.1821423090255, 1133.442458128643
1617.0056862831116, 3650.806773324277, 1064.978467074431, 424.34103079245347, 1073.6496992483687
1617.8424444198608, 3650.806773324277, 1064.978467074431, 424.34103079245347, 1073.6496992483687
1618.5096549987793, 483.18903212944974, 786.4242062848537, 438.36006040678194, 1072.1408384081358
1619.4860394001007, 1238, 2416, 2831.0, 2732.323928588543
1620.5063054561615, 1247, 1555, 2681.40879196897, 1993.4999999999889
1621.4946558475494, 456.1232357480474, 1051.324021125451, 3621.7007975064275, 1119.0197362871515
1622.3503642082214, 456.1232357480474, 1051.324021125451, 3621.7007975064275, 1119.0197362871515
1622.7672455310822, 456.1232357480474, 1051.324021125451, 3621.7007975064275, 1119.0197362871515
1623.2898452281952, 456.1232357480474, 1051.324021125451, 3621.7007975064275, 1119.0197362871515
1623.8054640293121, 456.1232357480474, 1051.324021125451, 3621.7007975064275, 1119.0197362871515
1624.5574498176575, 457.81162577496775, 1048.959199858463, 3596.439427823319, 1155.4051218464099
1625.338357925415, 457.81162577496775, 1048.959199858463, 3596.439427823319, 1155.4051218464099
1625.7931399345398, 457.81162577496775, 1048.959199858463, 3596.439427823319, 1155.4051218464099
1626.50124168396, 446.76257669618195, 1058.9675818874623, 3633.5749252045393, 1103.8900491929523
1627.3200483322144, 446.76257669618195, 1058.9675818874623, 3633.5749252045393, 1103.8900491929523
1627.9952373504639, 454.5550269010623, 1051.985400189831, 3610.0486812827053, 1137.8931647121337
1629.0394396781921, 441.6974850346212, 1058.8413874726173, 3614.537709216043, 1122.6821323372574
1630.0417544841766, 442.68857323621614, 1050.881568616375, 3612.2486289761573, 1124.2585352882245
1631.0141468048096, 468.03426557747207, 1039.7581902457694, 3649.6001235257413, 1094.704636574829
1631.7820892333984, 468.03426557747207, 1039.7581902457694, 3649.6001235257413, 1094.704636574829
1632.2927215099335, 468.03426557747207, 1039.7581902457694, 3649.6001235257413, 1094.704636574829
1632.791386127472, 468.03426557747207, 1039.7581902457694, 3649.6001235257413, 1094.704636574829
1633.3129880428314, 468.03426557747207, 1039.7581902457694, 3649.6001235257413, 1094.704636574829
1633.7907087802887, 468.03426557747207, 1039.7581902457694, 3649.6001235257413, 1094.704636574829
1634.4718823432922, 444.05092792399137, 1046.7908069860587, 3645.719825253525, 1078.6977368431542
1635.5499925613403, 1309.1004945358254, 828.6321953814493, 2965.4219189749256, 2261.469695672186
1636.3139472007751, 1309.1004945358254, 828.6321953814493, 2965.4219189749256, 2261.469695672186
1637.0689232349396, 461.38182272899326, 1029.588009391591, 3612.9033565641566, 1119.7232497895347
1638.0024218559265, 434.02658080328524, 1048.6144803102075, 3657.524920492249, 1058.44609796425
1638.7733561992645, 434.02658080328524, 1048.6144803102075, 3657.524920492249, 1058.44609796425
1639.5413002967834, 433.96154035870234, 1057.561504416833, 3659.3091422488283, 1065.9748850056394
1640.3192133903503, 433.96154035870234, 1057.561504416833, 3659.3091422488283, 1065.9748850056394
1640.8228647708893, 433.96154035870234, 1057.561504416833, 3659.3091422488283, 1065.9748850056394
1641.5399425029755, 437.89933146547673, 1060.8787002219558, 3648.5503690734963, 1084.61121372927
1641.6526408195496, 437.89933146547673, 1060.8787002219558, 3648.5503690734963, 1084.61121372927
1642.3427939414978, 437.89933146547673, 1060.8787002219558, 3648.5503690734963, 1084.61121372927
1642.7885966300964, 437.89933146547673, 1060.8787002219558, 3648.5503690734963, 1084.61121372927
1643.4637880325317, 435.0954436338968, 1053.0163978819128, 3633.380145116723, 1090.4432439890957
1644.5079898834229, 427.15892123794026, 1063.818332118589, 3641.71575391397, 1088.4966856097867
1645.5791199207306, 440.81762954304315, 1051.1643010331013, 3653.0134674743013, 1085.7182254329077
1646.33509349823, 440.81762954304315, 1051.1643010331013, 3653.0134674743013, 1085.7182254329077
1646.8148403167725, 440.81762954304315, 1051.1643010331013, 3653.0134674743013, 1085.7182254329077
1647.492990732193, 453.13981575631817, 1045.8701329759347, 3634.4879498900955, 1100.9686681614278
1648.2958390712738, 453.13981575631817, 1045.8701329759347, 3634.4879498900955, 1100.9686681614278
1649.0548059940338, 2869.5589808450245, 447.6337100695643, 1158.7700337196427, 2625.4414741178784
1650.0591452121735, 3584, 2080, 447.167083903617, 2103.016585439912
1651.680768251419, 532.0520456980113, 1636.533190200851, 444.98897329266487, 2569.000010755272
1652.6262357234955, 3642.851730968593, 1352.3511972756555, 421.4284530684656, 1357.5434512057834
1653.3453078269958, 3642.851730968593, 1352.3511972756555, 421.4284530684656, 1357.5434512057834
1653.863918542862, 3642.851730968593, 1352.3511972756555, 421.4284530684656, 1357.5434512057834
1655.2342464923859, 447.1708315060099, 785.6052877528111, 450.0962124394358, 1108.9049975388507
1656.0390892028809, 486.27604859577804, 1052.6408027432485, 3648.6769174658834, 1098.7250845313326
1656.7890803813934, 486.27604859577804, 1052.6408027432485, 3648.6769174658834, 1098.7250845313326
1657.595918416977, 394.571755441339, 837.3442855214232, 431.94456652615315, 1079.0487366253892
1658.522435426712, 449.5609330015038, 1065.9040350996277, 3656.415857078723, 1078.9668839675392
1659.5726208686829, 368, 861, 440.1204762281962, 1066.6984425659057
1660.3056573867798, 368, 861, 440.1204762281962, 1066.6984425659057
1660.8232698440552, 368, 861, 440.1204762281962, 1066.6984425659057
1661.4924767017365, 454.3837826099839, 1045.7475861161452, 3672.5331492515556, 1048.3472033433738
1662.2913374900818, 454.3837826099839, 1045.7475861161452, 3672.5331492515556, 1048.3472033433738
1663.0044283866882, 424.23714180365664, 1065.4176969941655, 3638.870572770532, 1073.988626498282
1664.0815393924713, 405.0555361798531, 825.1943589114787, 436.4073601677287, 1058.9900337514116
1664.7976200580597, 405.0555361798531, 825.1943589114787, 436.4073601677287, 1058.9900337514116
1665.2982788085938, 405.0555361798531, 825.1943589114787, 436.4073601677287, 1058.9900337514116
1665.8208792209625, 405.0555361798531, 825.1943589114787, 436.4073601677287, 1058.9900337514116
1666.5150191783905, 455.97190075680754, 1045.049047165932, 3607.6748493932914, 1122.2246086936018
1667.5013754367828, 466.3626683052285, 1053.5121026302124, 3626.4604426926257, 1124.7708202659742
1668.2842769622803, 466.3626683052285, 1053.5121026302124, 3626.4604426926257, 1124.7708202659742
1669.0043485164642, 460.9177986001757, 1068.2554809291719, 3667.305843609824, 1084.8924095200518
1670.0096542835236, 458.00340612853086, 1078.1116226058787, 3621.2101978387227, 1137.9128202211125
1670.9860372543335, 474.889071395581, 1072.3483384340097, 3620.9380384560613, 1146.173944838878
1672.1469275951385, 476.48232604273244, 1069.9463268609938, 3681.2355948799386, 1082.0179350655085
1673.041532278061, 471.36472767843566, 1063.2434202030404, 3636.478707999548, 1123.7445980625582
1673.8064804077148, 471.36472767843566, 1063.2434202030404, 3636.478707999548, 1123.7445980625582
1674.2882225513458, 471.36472767843566, 1063.2434202030404, 3636.478707999548, 1123.7445980625582
1675.0481531620026, 433.568177275736, 802.562519459651, 451.4060707230662, 1064.7944400221238
1676.097341299057, 459.7611764745167, 1058.6068715018966, 3590, 1070
1676.8553109169006, 459.7611764745167, 1058.6068715018966, 3590, 1070
1677.2951321601868, 459.7611764745167, 1058.6068715018966, 3590, 1070
1678.0062251091003, 452.1166706260124, 1069.25818259217, 3627.8616158525424, 1129.7535945241102
1678.8429837226868, 452.1166706260124, 1069.25818259217, 3627.8616158525424, 1129.7535945241102
1679.3017547130585, 452.1166706260124, 1069.25818259217, 3627.8616158525424, 1129.7535945241102
1680.0766780376434, 446.9310523656919, 1071.3890464829797, 3635.897180839567, 1109.4945971303016
1681.0420911312103, 456.13546634383283, 1064.6145048122173, 3646.3507971491476, 1102.6025674077805
1682.0643525123596, 453.4196822105938, 1069.726753771148, 3650.355468205862, 1101.411609711759
1683.0337533950806, 450.4166463291283, 1062.4136421500316, 3631.340965561459, 1109.585952612572
1684.008143901825, 449.52002077536423, 1069.5316060089615, 3627.6804709412513, 1123.0761909612818
1685.071293592453, 457.9880142601529, 1060.5484946514207, 3632.060230892998, 1112.2832976704526
1685.8153002262115, 457.9880142601529, 1060.5484946514207, 3632.060230892998, 1112.2832976704526
1686.2760956287384, 457.9880142601529, 1060.5484946514207, 3632.060230892998, 1112.2832976704526
1687.0609636306763, 459.91041577270227, 1054.9620203504912, 3630.605623065832, 1118.815691163467
1688.0463225841522, 451.6459768990087, 1066.3938751915766, 3610.1315228099625, 1147.501018050294
1689.0356724262238, 445.3791804160413, 1068.6666192721596, 3632.7331875750947, 1108.9189378830267
1690.0379846096039, 458.82929178238726, 1048.2253754361197, 3646.31932390341, 1084.159756454909
1690.7959532737732, 458.82929178238726, 1048.2253754361197, 3646.31932390341, 1084.159756454909
1691.3006019592285, 458.82929178238726, 1048.2253754361197, 3646.31932390341, 1084.159756454909
1691.7992672920227, 458.82929178238726, 1048.2253754361197, 3646.31932390341, 1084.159756454909
1692.2859613895416, 458.82929178238726, 1048.2253754361197, 3646.31932390341, 1084.159756454909
1693.054901599884, 446.96429170639425, 1056.3045371332116, 3647.019842230355, 1081.5738560607467
1694.0203139781952, 449.2495378629436, 1063.6727946231822, 3631.0214772195177, 1122.635485086376
1694.7842676639557, 449.2495378629436, 1063.6727946231822, 3631.0214772195177, 1122.635485086376
1695.288914680481, 449.2495378629436, 1063.6727946231822, 3631.0214772195177, 1122.635485086376
1696.026937007904, 441.09038398169366, 1069.605730328818, 3622.660448939344, 1117.086195023519
1697.053186416626, 465.76978498685133, 862.9535992468366, 469.9025049750011, 1048.2598356508527
1698.019626379013, 468.7990537404645, 1054.5219870320766, 3659.76704828243, 1085.6301520121965
1698.7785625457764, 468.7990537404645, 1054.5219870320766, 3659.76704828243, 1085.6301520121965
1699.535534620285, 445.24656811421295, 1070.3293215690242, 3600.566765366145, 1145.3884209635507
1700.5558009147644, 479.08257868379394, 1064.95508593313, 3601, 1067
1701.3915638923645, 479.08257868379394, 1064.95508593313, 3601, 1067
1701.9331104755402, 479.08257868379394, 1064.95508593313, 3601, 1067
1702.5584354400635, 463.0445197291952, 1054.0133523728184, 3617.7367913920248, 1083.0128432082502
1703.4769732952118, 455.9230869936687, 1066.7489281718438, 3639.1614257564356, 1111.8353730477174
1704.3147282600403, 455.9230869936687, 1066.7489281718438, 3639.1614257564356, 1111.8353730477174
1705.0367949008942, 415.4168351706113, 817.220837739513, 442.1758003630837, 1059.638115240831
1706.0520725250244, 432.74040393372974, 1070.383327583707, 3647.060476480777, 1085.678735880219
1707.0982701778412, 542.214512833812, 858.3178588233088, 446.17018701231393, 1059.9676219635408
1708.0846281051636, 460.4296445062114, 1066.5631332379253, 3618.5673640183572, 1138.3620741286902
1709.049043416977, 446.9190299366022, 1061.8529238981678, 3644.1854291828795, 1093.6096984007268
1709.797039270401, 446.9190299366022, 1061.8529238981678, 3644.1854291828795, 1093.6096984007268
1710.2737622261047, 446.9190299366022, 1061.8529238981678, 3644.1854291828795, 1093.6096984007268
1710.957929134369, 441.46301727886316, 1065.4250035995617, 3605.1180333430602, 1133.7838348759774
1711.7607762813568, 441.46301727886316, 1065.4250035995617, 3605.1180333430602, 1133.7838348759774
1712.5287175178528, 435.73806452163865, 1066.455768556928, 3639.862955145472, 1089.4872149448138
1713.5679347515106, 437.8792414475266, 808.1758914025161, 429.6212322051148, 1079.3837863455615
1714.5552892684937, 451.9686232717306, 1066.6252103449683, 3617.28950103831, 1134.8478251116385
1715.2893209457397, 451.9686232717306, 1066.6252103449683, 3617.28950103831, 1134.8478251116385
1716.078207731247, 452.3821752386209, 823.397553729351, 456.57099296320945, 1063.4094178038852
1717.0057227611542, 445.13270301490184, 1063.4210917686755, 3611.38734772702, 1131.659084169584
1717.818544626236, 445.13270301490184, 1063.4210917686755, 3611.38734772702, 1131.659084169584
1718.3620867729187, 445.13270301490184, 1063.4210917686755, 3611.38734772702, 1131.659084169584
1718.9265749454498, 445.13270301490184, 1063.4210917686755, 3611.38734772702, 1131.659084169584
1719.6157269477844, 462.93166898078016, 1058.1055063997383, 3647.2925391924286, 1105.1318708038714
1720.5651829242706, 468.32796558592145, 1069.7403033610008, 3615, 1070
1721.394959449768, 468.32796558592145, 1069.7403033610008, 3615, 1070
1722.0751404762268, 448.1357143106876, 1076.6745156262675, 3612.4211356524506, 1142.976048963539
1722.8460726737976, 448.1357143106876, 1076.6745156262675, 3612.4211356524506, 1142.976048963539
1723.5282430648804, 463.08223420985536, 1048.8997562642408, 3619.9399648938697, 1133.266552503661
1724.5245869159698, 451.966359505458, 1061.578163255073, 3626.7470576963924, 1112.2229693286233
1725.5408511161804, 459.55544455807774, 1058.9453404034819, 3658.7297744554926, 1087.8931228104493
1726.314775943756, 459.55544455807774, 1058.9453404034819, 3658.7297744554926, 1087.8931228104493
1727.0178916454315, 455.80790489218555, 1077.2231793440965, 3639.8946845554387, 1116.7839743681288
1727.7788531780243, 455.80790489218555, 1077.2231793440965, 3639.8946845554387, 1116.7839743681288
1728.5288436412811, 461.65577595722004, 1065.2830044310736, 3676.4493796942606, 1071.8009740837515
1729.4753086566925, 469.29169622821325, 1069.5822420976308, 3667.412743251927, 1094.902595801069
1730.3060810565948, 469.29169622821325, 1069.5822420976308, 3667.412743251927, 1094.902595801069
1731.0101957321167, 445.1572922071848, 1070.0538209411488, 3631.034936176157, 1114.1112751465982
1731.9726147651672, 455.14595818995684, 1066.134685864922, 3641.6495076198075, 1106.9819266974364
1732.7814478874207, 455.14595818995684, 1066.134685864922, 3641.6495076198075, 1106.9819266974364
1733.3100318908691, 455.14595818995684, 1066.134685864922, 3641.6495076198075, 1106.9819266974364
1733.9842262268066, 453.4378037097783, 1060.9863273120043, 3644.3990245129908, 1101.1254886199574
1735.0184533596039, 461.229993966299, 1069.272023322333, 3646.64609481961, 1109.6221451027059
1736.004810333252, 470.26704037492584, 1056.8809038151724, 3605.77859679802, 1157.0536336996806
1737.030062675476, 461.24676398522655, 1062.4423932526006, 3657.7416784051734, 1091.7533134779226
1738.0074443817139, 445, 866, 452.47919222356626, 1074.4317313547276
1738.8053307533264, 445, 866, 452.47919222356626, 1074.4317313547276
1739.3169376850128, 445, 866, 452.47919222356626, 1074.4317313547276
1740.031022310257, 434.059965487632, 1096.5803069502695, 3643.9755055099895, 1112.2711861973903
