time, x0, y0, x1, y1...
2.9471027851104736, 20.0, 20.0
3.4258205890655518, 20.0, 20.0
3.9224894046783447, 20.0, 20.0
4.43810772895813, 20.0, 20.0
5.058446407318115, 1452.9315884680746, 1270.109091907496
5.553122520446777, 1452.5523344597236, 1270.450653442004
5.937091588973999, 1452.5523344597236, 1270.450653442004
6.557429790496826, 1452.9701613943041, 1270.0690927473058
6.938409090042114, 1452.9701613943041, 1270.0690927473058
7.5407960414886475, 1452.776826566878, 1270.176393355925
7.940723180770874, 1452.776826566878, 1270.176393355925
8.546100854873657, 1452.7835578404324, 1270.2059040089346
8.945031881332397, 1452.7835578404324, 1270.2059040089346
9.43671441078186, 1452.7835578404324, 1270.2059040089346
10.05307412147522, 1452.5729537419315, 1270.2587783511713
10.44002628326416, 1452.5729537419315, 1270.2587783511713
10.948662996292114, 1452.5729537419315, 1270.2587783511713
11.547059774398804, 1450.9333807079763, 1270.6451763593755
12.060683250427246, 1450.9502953148208, 1270.90533623344
12.454627752304077, 1450.9502953148208, 1270.90533623344
12.61021089553833, 1450.9502953148208, 1270.90533623344
12.847574949264526, 1451.2989971887625, 1270.8517823602594
12.96326494216919, 1451.2989971887625, 1270.8517823602594
13.615517854690552, 1451.2989971887625, 1270.8517823602594
13.891777276992798, 1450.1404797257212, 1270.7266898880232
13.999497413635254, 1450.1404797257212, 1270.7266898880232
14.44429636001587, 1450.1404797257212, 1270.7266898880232
15.06164264678955, 1451.1203705327794, 1270.613437992374
15.280060052871704, 1451.1203705327794, 1270.613437992374
15.444617509841919, 1451.1203705327794, 1270.613437992374
16.048996925354004, 1450.6255005879027, 1270.7061400218067
16.551650524139404, 1450.6925104342263, 1270.687447344408
16.939610481262207, 1450.6925104342263, 1270.687447344408
17.464204788208008, 1450.6925104342263, 1270.687447344408
18.06858515739441, 1450.903494613821, 1270.588830168618
18.450562000274658, 1450.903494613821, 1270.588830168618
18.94124722480774, 1450.903494613821, 1270.588830168618
19.462849617004395, 1450.903494613821, 1270.588830168618
19.937577724456787, 1450.903494613821, 1270.588830168618
20.470153331756592, 1450.903494613821, 1270.588830168618
20.942883729934692, 1450.903494613821, 1270.588830168618
21.57020330429077, 1453.0793959095429, 1270.7286730918158
22.101778984069824, 1452.8951799255294, 1269.9571446742675
22.55057644844055, 1452.463300720403, 1269.8659136147767
23.086143016815186, 1453.1755176256108, 1270.2071009245767
23.561866283416748, 1452.8238675934801, 1270.0988151534384
24.062525510787964, 1452.7441454622428, 1269.9145765363353
24.443504810333252, 1452.7441454622428, 1269.9145765363353
25.0518741607666, 1452.6563878429, 1270.3909476838683
25.432854890823364, 1452.6563878429, 1270.3909476838683
25.93251609802246, 1452.6563878429, 1270.3909476838683
26.436166048049927, 1452.6563878429, 1270.3909476838683
26.933831453323364, 1452.6563878429, 1270.3909476838683
27.55815839767456, 1452.227842757004, 1269.6941573464537
28.078763246536255, 1453.0715548777537, 1270.1417757689383
28.443785190582275, 1453.0715548777537, 1270.1417757689383
29.05016040802002, 1452.5586162052484, 1270.0044257738261
29.435129165649414, 1452.5586162052484, 1270.0044257738261
29.94279718399048, 1452.5586162052484, 1270.0044257738261
30.548146724700928, 1452.8269349147408, 1270.391943805811
31.069748640060425, 1453.3072346923789, 1270.5624318077569
31.5444917678833, 1452.798013895765, 1270.9312111923807
32.05610656738281, 1452.8251099636914, 1270.0511155825045
32.438082456588745, 1452.8251099636914, 1270.0511155825045
33.05143928527832, 1452.5056177805984, 1270.4560731242577
33.5421245098114, 1451.799003406701, 1270.6822138225457
33.943049907684326, 1451.799003406701, 1270.6822138225457
34.432738304138184, 1451.799003406701, 1270.6822138225457
35.04409980773926, 1452.563344834429, 1270.4406717558672
35.55574131011963, 1452.62912384897, 1270.2750563331936
36.062371253967285, 1452.4833178380873, 1270.1032920187533
36.43238067626953, 1452.4833178380873, 1270.1032920187533
36.93403720855713, 1452.4833178380873, 1270.1032920187533
37.430705308914185, 1452.4833178380873, 1270.1032920187533
38.06301164627075, 1452.6922821840049, 1270.3128094168087
38.44299364089966, 1452.6922821840049, 1270.3128094168087
39.055351972579956, 1452.379471318368, 1270.4325317121948
39.43134427070618, 1452.379471318368, 1270.4325317121948
39.96192455291748, 1452.379471318368, 1270.4325317121948
40.54037261009216, 1452.7283109356047, 1270.2790711199568
41.05698871612549, 1452.6176160557904, 1270.3968160420395
41.44395160675049, 1452.6176160557904, 1270.3968160420395
42.08224129676819, 1451.7008856259415, 1270.317237258706
42.43828749656677, 1451.7008856259415, 1270.317237258706
42.96188473701477, 1451.7008856259415, 1270.317237258706
43.54532194137573, 1453.288600213392, 1271.4504233773416
43.9362735748291, 1453.288600213392, 1271.4504233773416
44.54763603210449, 1452.2046853417023, 1270.2092775495514
45.05729937553406, 1451.944676353896, 1270.0691986099384
45.43126940727234, 1451.944676353896, 1270.0691986099384
45.93092966079712, 1451.944676353896, 1270.0691986099384
46.54329013824463, 1452.2463792042638, 1270.171833429644
46.947205781936646, 1452.2463792042638, 1270.171833429644
47.44188046455383, 1452.2463792042638, 1270.171833429644
47.92957401275635, 1452.2463792042638, 1270.171833429644
48.548914194107056, 1452.973866208414, 1270.5517753527981
49.067524433135986, 1452.6365221809247, 1270.1960201634613
49.54823637008667, 1452.4953834968405, 1270.0293139887256
50.05986762046814, 1452.737678319891, 1270.6984734022883
50.42787957191467, 1452.737678319891, 1270.6984734022883
51.06417489051819, 1452.1375355668506, 1269.9242965006706
51.45014023780823, 1452.1375355668506, 1269.9242965006706
51.9348418712616, 1452.1375355668506, 1269.9242965006706
52.44846534729004, 1452.1375355668506, 1269.9242965006706
52.936158895492554, 1452.1375355668506, 1269.9242965006706
53.557493686676025, 1452.4181696745761, 1270.36732263665
53.9404673576355, 1452.4181696745761, 1270.36732263665
54.584742307662964, 1452.1589527043632, 1270.485445016368
54.93779492378235, 1452.1589527043632, 1270.485445016368
55.4344642162323, 1452.1589527043632, 1270.485445016368
55.934125900268555, 1452.1589527043632, 1270.485445016368
56.446752071380615, 1452.1589527043632, 1270.485445016368
56.93544268608093, 1452.1589527043632, 1270.485445016368
57.45405340194702, 1452.1589527043632, 1270.485445016368
58.05943155288696, 1452.133806650938, 1270.228182057202
58.45038342475891, 1452.133806650938, 1270.228182057202
59.093661308288574, 1452.6371741850842, 1269.7676715424936
59.58035659790039, 1452.359556832125, 1269.9452229238525
60.110934257507324, 1452.5189725110363, 1269.9207149465458
60.44304537773132, 1452.5189725110363, 1269.9207149465458
60.95966076850891, 1452.5189725110363, 1269.9207149465458
61.57002568244934, 1452.405067418701, 1270.4275050118645
61.95200181007385, 1452.405067418701, 1270.4275050118645
62.547406911849976, 1452.214506949739, 1269.768581137368
62.965288400650024, 1452.214506949739, 1269.768581137368
63.588616609573364, 1452.6450514142405, 1270.2553606809088
64.089275598526, 1452.4132883893687, 1269.8014370066458
64.56998777389526, 1452.1094443353884, 1269.9915789218292
64.95096802711487, 1452.1094443353884, 1269.9915789218292
65.44663858413696, 1452.1094443353884, 1269.9915789218292
65.9492917060852, 1452.1094443353884, 1269.9915789218292
66.58658409118652, 1452.1598303353042, 1269.8260458725981
66.95060896873474, 1452.1598303353042, 1269.8260458725981
67.4592456817627, 1452.1598303353042, 1269.8260458725981
67.95791029930115, 1452.1598303353042, 1269.8260458725981
68.43064522743225, 1452.1598303353042, 1269.8260458725981
68.93628883361816, 1452.1598303353042, 1269.8260458725981
69.4539041519165, 1452.1598303353042, 1269.8260458725981
69.95156955718994, 1452.1598303353042, 1269.8260458725981
70.55993938446045, 1452.6064495638047, 1270.0373305885967
70.94789934158325, 1452.6064495638047, 1270.0373305885967
71.44955515861511, 1452.6064495638047, 1270.0373305885967
72.07787322998047, 1452.4903677278471, 1270.0573056868784
72.45187067985535, 1452.4903677278471, 1270.0573056868784
72.94056010246277, 1452.4903677278471, 1270.0573056868784
73.44221615791321, 1452.4903677278471, 1270.0573056868784
73.94287586212158, 1452.4903677278471, 1270.0573056868784
74.47544932365417, 1452.4903677278471, 1270.0573056868784
74.93521738052368, 1452.4903677278471, 1270.0573056868784
75.44584798812866, 1452.4903677278471, 1270.0573056868784
76.0681824684143, 1452.360946982847, 1270.0289308855129
76.44816255569458, 1452.360946982847, 1270.0289308855129
77.05654335021973, 1452.3729627952168, 1269.8019907034618
77.57414555549622, 1453.4886236852906, 1270.1452468374869
78.09275603294373, 1452.449868530446, 1269.9811487344796
78.445809841156, 1452.449868530446, 1269.9811487344796
78.94148182868958, 1452.449868530446, 1269.9811487344796
79.45011901855469, 1452.449868530446, 1269.9811487344796
79.94379663467407, 1452.449868530446, 1269.9811487344796
80.45243453979492, 1452.449868530446, 1269.9811487344796
80.94710803031921, 1452.449868530446, 1269.9811487344796
81.43579959869385, 1452.449868530446, 1269.9811487344796
81.95042061805725, 1452.449868530446, 1269.9811487344796
82.55779266357422, 1452.2269936303785, 1270.2746403634424
82.95074009895325, 1452.2269936303785, 1270.2746403634424
83.5778980255127, 1452.495464860298, 1270.021342133537
84.06259894371033, 1452.390311964063, 1269.981732189584
84.44357752799988, 1452.390311964063, 1269.981732189584
85.10281109809875, 1452.456737205221, 1270.52471472608
85.44389724731445, 1452.456737205221, 1270.52471472608
85.95054030418396, 1452.456737205221, 1270.52471472608
86.43524146080017, 1452.456737205221, 1270.52471472608
87.07752060890198, 1452.722782496657, 1270.2449345027521
87.45251679420471, 1452.722782496657, 1270.2449345027521
87.93422603607178, 1452.722782496657, 1270.2449345027521
88.43289017677307, 1452.722782496657, 1270.2449345027521
88.98042178153992, 1452.722782496657, 1270.2449345027521
89.4431824684143, 1452.722782496657, 1270.2449345027521
89.95979809761047, 1452.722782496657, 1270.2449345027521
90.44250464439392, 1452.722782496657, 1270.2449345027521
90.94715285301208, 1452.722782496657, 1270.2449345027521
91.4468138217926, 1452.722782496657, 1270.2449345027521
91.93550491333008, 1452.722782496657, 1270.2449345027521
92.45810413360596, 1452.722782496657, 1270.2449345027521
92.95377659797668, 1452.722782496657, 1270.2449345027521
93.55317854881287, 1453.6007215034545, 1270.246097436502
93.93514680862427, 1453.6007215034545, 1270.246097436502
94.55149531364441, 1452.4119435898342, 1270.0724727560375
95.07808446884155, 1452.3284241411022, 1270.0967628526087
95.45008850097656, 1452.3284241411022, 1270.0967628526087
96.09436178207397, 1451.6554380948137, 1269.882089642488
96.57108497619629, 1451.4280612826544, 1269.7374963904902
97.08770680427551, 1452.3671814037139, 1270.2467155255322
97.56841230392456, 1452.6306564185786, 1269.120082024823
97.96933841705322, 1452.6306564185786, 1269.120082024823
98.43907976150513, 1452.6306564185786, 1269.120082024823
99.06939148902893, 1452.7795716005198, 1269.3993194328937
99.46732544898987, 1452.7795716005198, 1269.3993194328937
100.06871318817139, 1452.5435773543022, 1270.5642109570801
100.44470834732056, 1452.5435773543022, 1270.5642109570801
101.09396815299988, 1452.5651807433342, 1270.0160229802036
102.07433986663818, 1452.5279726795386, 1269.924124386535
102.57200789451599, 1452.372411841029, 1269.5732316764143
102.95198822021484, 1452.372411841029, 1269.5732316764143
103.55437517166138, 1452.2999597163598, 1269.9800105796085
104.06700134277344, 1451.364360887025, 1270.0965863722054
104.45496153831482, 1451.364360887025, 1270.0965863722054
105.10023212432861, 1452.410264402924, 1269.6002063806789
105.59091854095459, 1452.7995130940567, 1270.2028143436387
106.07861280441284, 1453.0969292610143, 1269.4098413681859
106.55633091926575, 1452.9913491815985, 1270.066897870998
107.0759391784668, 1452.9916396220442, 1269.9689405427366
107.57061314582825, 1453.7416887496404, 1269.609913279112
108.07725644111633, 1453.3874413241087, 1269.9303779766456
108.43330264091492, 1453.3874413241087, 1269.9303779766456
109.06959772109985, 1452.7833768029773, 1270.0759375277614
109.57225227355957, 1452.9727223039038, 1270.086198650914
110.07091546058655, 1454.7469409033572, 1269.238673248652
110.44890260696411, 1454.7469409033572, 1269.238673248652
110.94956183433533, 1454.7469409033572, 1269.238673248652
111.59184122085571, 1462.4319638687577, 1242.5750714534856
111.97481513023376, 1462.4319638687577, 1242.5750714534856
112.47048568725586, 1462.4319638687577, 1242.5750714534856
113.00106406211853, 1462.4319638687577, 1242.5750714534856
113.55857157707214, 1453.1618630174362, 1278.8245354675435
114.0711977481842, 1453.5943432359422, 1278.973569660044
114.43621873855591, 1453.5943432359422, 1278.973569660044
115.07650327682495, 1452.8468994441523, 1279.389725951895
115.56419682502747, 1453.2569742310939, 1279.552750655686
115.98008251190186, 1453.2569742310939, 1279.552750655686
116.55753517150879, 1453.0260016915086, 1279.6211395604946
117.09509587287903, 1452.1630494421522, 1279.2490626560286
117.44815111160278, 1452.1630494421522, 1279.2490626560286
118.06449818611145, 1452.3729014610954, 1279.9226196173424
118.5472059249878, 1451.3368205900683, 1279.6465266552532
118.95411396026611, 1451.3368205900683, 1279.6465266552532
119.58243298530579, 1452.1852050733612, 1282.3310891148355
120.1140067577362, 1450.9078816077506, 1285.0483927413225
120.43913555145264, 1450.9078816077506, 1285.0483927413225
120.94178867340088, 1450.9078816077506, 1285.0483927413225
121.56312441825867, 1451.7351692567875, 1288.672380543431
122.07973957061768, 1451.4385827236374, 1282.0566039348973
122.58737969398499, 1452.0751893226056, 1277.0332944777713
122.96736192703247, 1452.0751893226056, 1277.0332944777713
123.43511009216309, 1452.0751893226056, 1277.0332944777713
123.93975639343262, 1452.0751893226056, 1277.0332944777713
124.57106471061707, 1453.228736749708, 1269.320710529869
124.95603370666504, 1453.228736749708, 1269.320710529869
125.56440305709839, 1452.9442651020106, 1269.393077682099
126.07204484939575, 1452.7243769253928, 1269.112346475669
126.56272864341736, 1452.4331491245237, 1268.7376660661914
127.08931756019592, 1452.5786759641967, 1268.7535632915124
127.57202529907227, 1452.2998048101128, 1268.738188766647
128.09362721443176, 1452.548785364432, 1268.6385570965683
128.56436586380005, 1452.8753225511232, 1268.4276417618241
129.12187266349792, 1452.5198648782186, 1268.4260896080343
129.56767797470093, 1452.9835663899669, 1268.491030202342
130.07531714439392, 1453.6098378587428, 1268.303916567702
130.4453263282776, 1453.6098378587428, 1268.303916567702
131.0866084098816, 1452.9251934829404, 1268.5511171069163
131.5653257369995, 1452.6974163702569, 1268.4565632646008
132.08194255828857, 1453.2646871855468, 1267.7913129647436
132.44796061515808, 1453.2646871855468, 1267.7913129647436
132.93365955352783, 1453.2646871855468, 1267.7913129647436
133.56496787071228, 1453.0187175590645, 1268.9057428593567
133.94694423675537, 1453.0187175590645, 1268.9057428593567
134.43962621688843, 1453.0187175590645, 1268.9057428593567
134.9592318534851, 1453.0187175590645, 1268.9057428593567
135.43894696235657, 1453.0187175590645, 1268.9057428593567
135.9366307258606, 1453.0187175590645, 1268.9057428593567
136.57989263534546, 1453.7151019722862, 1268.1606636764436
137.09152007102966, 1453.2845446693236, 1268.2314461153512
137.57821536064148, 1453.3578915655883, 1268.3449011671653
137.93924808502197, 1453.3578915655883, 1268.3449011671653
138.44688987731934, 1453.3578915655883, 1268.3449011671653
139.08717250823975, 1451.7707646838785, 1283.7342139790396
139.5748655796051, 1451.5501072911945, 1285.392606684101
139.94387769699097, 1451.5501072911945, 1285.392606684101
140.43057441711426, 1451.5501072911945, 1285.392606684101
141.07385110855103, 1448.7684009331433, 1313.641292208635
141.46380472183228, 1448.7684009331433, 1313.641292208635
141.93454360961914, 1448.7684009331433, 1313.641292208635
142.44816851615906, 1448.7684009331433, 1313.641292208635
142.93885254859924, 1448.7684009331433, 1313.641292208635
143.5591905117035, 1443.3507080261759, 1371.478217465626
143.9700894355774, 1443.3507080261759, 1371.478217465626
144.5605080127716, 1442.6655260459022, 1386.2896918214979
145.07516407966614, 1442.3269287469327, 1394.0464268154672
145.56082797050476, 1441.228969901253, 1404.0543149679763
145.95377659797668, 1441.228969901253, 1404.0543149679763
146.55516409873962, 1438.9958983857846, 1426.6864772583979
147.06579518318176, 1437.9566862516579, 1440.7861067878655
147.57742428779602, 1436.768043655324, 1457.327552712948
148.08705925941467, 1435.091786117083, 1469.98143469759
148.56976532936096, 1435.503154875818, 1484.1358890938523
149.06543970108032, 1431.8401192832894, 1500.6705541418419
149.5601122379303, 1431.7901887610778, 1507.4201187913407
150.09368300437927, 1431.5785773918487, 1513.4088131770327
150.43975639343262, 1431.5785773918487, 1513.4088131770327
151.11095690727234, 1430.457299060163, 1517.3288369847
151.45503616333008, 1430.457299060163, 1517.3288369847
151.94472360610962, 1430.457299060163, 1517.3288369847
152.44039511680603, 1430.457299060163, 1517.3288369847
152.94105982780457, 1430.457299060163, 1517.3288369847
153.56837844848633, 1431.0427351596904, 1517.4370204425238
153.95832800865173, 1431.0427351596904, 1517.4370204425238
154.58963680267334, 1431.0007630656005, 1517.3238122613889
154.95465898513794, 1431.0007630656005, 1517.3238122613889
155.55205917358398, 1430.936678592887, 1516.6469392364697
156.08163928985596, 1430.8090338126697, 1517.0842568767619
156.55936074256897, 1430.4870010538098, 1516.458684511045
156.95131087303162, 1430.4870010538098, 1516.458684511045
157.57364225387573, 1430.3270414526426, 1516.3887963641282
158.0892608165741, 1429.8253927789438, 1517.2279348339728
158.43533301353455, 1429.8253927789438, 1517.2279348339728
158.952960729599, 1429.8253927789438, 1517.2279348339728
159.56630301475525, 1430.7637082754618, 1516.5049415316341
160.0719494819641, 1430.8904852307533, 1517.3397417210103
160.54966974258423, 1431.2908855539354, 1516.395022448177
160.93563437461853, 1431.2908855539354, 1516.395022448177
161.56893849372864, 1430.634581806976, 1517.4739342367247
162.10450410842896, 1431.0189207463536, 1517.256505315411
162.57025480270386, 1431.377357208193, 1517.4375386162978
163.0679211616516, 1431.2937680720433, 1516.9218665227145
163.43693280220032, 1431.2937680720433, 1516.9218665227145
164.09317588806152, 1430.6623297492297, 1517.119012373042
164.56092286109924, 1430.4807046804758, 1516.846318005506
165.08252358436584, 1430.5418038623598, 1516.6859555318897
165.57320857048035, 1431.632950386118, 1516.6042577636895
166.0878303050995, 1430.7488434282648, 1517.2970148006889
166.56953954696655, 1431.1867213264366, 1516.5409618488152
167.08715438842773, 1431.6063166882052, 1516.5501645793618
167.56387639045715, 1431.4398779699268, 1516.8182038971067
168.06752610206604, 1430.9376044525566, 1517.9608330780713
168.5781581401825, 1430.8743801947528, 1517.4728987693638
169.0917830467224, 1431.0516033444972, 1517.317166310646
169.57149744033813, 1430.9956861798828, 1516.824743251272
170.09808564186096, 1430.6891123281396, 1517.0170093553998
170.44116687774658, 1430.6891123281396, 1517.0170093553998
171.06349873542786, 1431.144746406431, 1516.7371517213983
171.43450498580933, 1431.144746406431, 1516.7371517213983
172.05683779716492, 1430.6726825648257, 1517.2218056056192
172.43681979179382, 1430.6726825648257, 1517.2218056056192
172.93847513198853, 1430.6726825648257, 1517.2218056056192
173.45708584785461, 1430.6726825648257, 1517.2218056056192
173.96173334121704, 1430.6726825648257, 1517.2218056056192
174.45641016960144, 1430.6726825648257, 1517.2218056056192
174.9490885734558, 1430.6726825648257, 1517.2218056056192
175.56045150756836, 1429.074259390624, 1518.1083318117035
175.94641828536987, 1429.074259390624, 1518.1083318117035
176.5607705116272, 1441.478368376644, 1843.3076096906016
177.07738590240479, 1431.0118632999022, 1874.8666526174686
177.5979917049408, 1430.7565650285403, 1852.9129127517688
178.07670879364014, 1454.238975296243, 1964.4957426111682
178.45170426368713, 1454.238975296243, 1964.4957426111682
178.94438648223877, 1454.238975296243, 1964.4957426111682
179.58367085456848, 1399.4256960804255, 33.78912167120618
180.09131169319153, 1399.0769795086055, 329.04665325442767
180.43738532066345, 1399.0769795086055, 329.04665325442767
180.97394633293152, 1399.0769795086055, 329.04665325442767
181.44668078422546, 1399.0769795086055, 329.04665325442767
182.0550513267517, 1418.4696462694235, 1344.2714680888803
182.43303847312927, 1418.4696462694235, 1344.2714680888803
183.05237746238708, 1414.07636681459, 758.7432615162394
183.56300973892212, 1413.6369043844313, 765.5666882432427
184.08062291145325, 1413.2555022655843, 798.6325960124736
184.56233286857605, 1413.5669410022306, 1078.1668393266432
184.9363296031952, 1413.5669410022306, 1078.1668393266432
185.4359917640686, 1413.5669410022306, 1078.1668393266432
186.0573410987854, 1408.2048125156123, 1437.9337955880585
186.55399632453918, 1412.4863122053546, 1481.8240115903163
186.9399619102478, 1412.4863122053546, 1481.8240115903163
187.43762969970703, 1412.4863122053546, 1481.8240115903163
188.07093167304993, 1415.5308842393513, 1491.2323961290895
188.44193768501282, 1415.5308842393513, 1491.2323961290895
189.06925773620605, 1396.8733311680069, 1701.3325862401
189.4472451210022, 1396.8733311680069, 1701.3325862401
189.93792915344238, 1396.8733311680069, 1701.3325862401
190.4355969429016, 1396.8733311680069, 1701.3325862401
191.08286142349243, 1389.862904552366, 1723.419868006577
191.55160665512085, 1388.921697817654, 1722.9598623234506
191.9375720024109, 1388.921697817654, 1722.9598623234506
192.56588888168335, 1389.014298860145, 1719.8063044035393
192.94188141822815, 1389.014298860145, 1719.8063044035393
193.58416390419006, 1401.9604378002693, 2107.5250064147094
193.94519233703613, 1401.9604378002693, 2107.5250064147094
194.45582509040833, 1401.9604378002693, 2107.5250064147094
194.94052577018738, 1401.9604378002693, 2107.5250064147094
195.43619751930237, 1401.9604378002693, 2107.5250064147094
196.13432717323303, 1474.499999999905, 8.512689502960617
196.57414960861206, 1401.7251646599877, 49.07524575411388
197.1087167263031, 1402.165601146133, 1211.0888117747918
197.45578694343567, 1402.165601146133, 1211.0888117747918
198.0821087360382, 1422.051822094134, 1772.9874322357005
198.44014978408813, 1422.051822094134, 1772.9874322357005
199.056499004364, 1420.7223132585107, 1785.7463636482657
199.5751085281372, 1421.5301296383554, 2004.2265917518075
200.08475852012634, 1403.3342555828226, 41.7607331776801
200.4447786808014, 1403.3342555828226, 41.7607331776801
201.0511543750763, 1398.933817781473, 428.8364698825725
201.43911504745483, 1398.933817781473, 428.8364698825725
202.05546307563782, 1409.846758526407, 173.61748033797372
202.55612206459045, 1410.7206510374356, 425.1774501544612
203.06176662445068, 1417.2735191263332, 665.6464124181011
203.42878532409668, 1417.2735191263332, 665.6464124181011
203.936425447464, 1417.2735191263332, 665.6464124181011
204.42411756515503, 1417.2735191263332, 665.6464124181011
205.0673930644989, 1407.7843068059867, 1485.519849776919
205.43141889572144, 1407.7843068059867, 1485.519849776919
206.06671619415283, 1405.331774011196, 1957.566952044307
206.44370579719543, 1405.331774011196, 1957.566952044307
207.07601118087769, 1406.4608552653162, 2087.072103993229
207.5587191581726, 1408.6729980481318, 2089.3410094555284
207.94069504737854, 1408.6729980481318, 2089.3410094555284
208.5490653514862, 1406.088978780922, 2093.786025377682
209.07166457176208, 1405.6737578234356, 2361.4034765019624
209.43169975280762, 1405.6737578234356, 2361.4034765019624
209.94731903076172, 1405.6737578234356, 2361.4034765019624
211.0792863368988, 1420.286481112465, 2984.689529216869
211.57296705245972, 1211.6372922753765, 2951.271672556002
212.08558988571167, 1421.4568352253389, 2940.9729352907616
212.55833745002747, 1387.0594785763426, 2956.889814953886
213.13577699661255, 1430.8831080512234, 1463.792687977023
213.63344264030457, 1455.0375492866465, 1365.4999999971292
214.04035258293152, 1455.0375492866465, 1365.4999999971292
214.5310378074646, 1455.0375492866465, 1365.4999999971292
215.62211441993713, 200.97042784225263, 1862.6227327304653
216.89171290397644, 2514.9870272786393, 1627.9849649935747
218.20419597625732, 2514.9870272786393, 1627.9849649935747
219.7340965270996, 2514.9870272786393, 1627.9849649935747
220.62371349334717, 1562.4422225611315, 89.14826393257758
221.08647346496582, 1414.5431312120104, 2949.1170013250517
221.56818318367004, 1414.2025951843518, 2940.0698342951846
222.06784439086914, 1500.192748495876, 2969.2266880483267
222.5555386543274, 1382.6946108766413, 2805.5684510044907
223.10107612609863, 1336.1151704243873, 2942.395834572444
223.49003648757935, 1336.1151704243873, 2942.395834572444
223.95379114151, 1336.1151704243873, 2942.395834572444
224.46542096138, 1336.1151704243873, 2942.395834572444
225.4248502254486, 76.00054299522031, 20.448746806132636
226.09904551506042, 1919.4999999851962, 1425.536767695615
226.4730417728424, 1919.4999999851962, 1425.536767695615
227.21106457710266, 2949.499999999985, 1807.2876031735236
227.64988946914673, 2345.6015070273006, 1793.1664700689814
228.44076943397522, 4542.6168304112925, 2777.68811930828
229.3493368625641, 4542.6168304112925, 2777.68811930828
230.2070391178131, 299.9997294260808, 1607.0788234390825
230.5910086631775, 299.9997294260808, 1607.0788234390825
231.472647190094, 3942.988135992558, 286.9851570696026
232.41213250160217, 117.00450196642345, 2517.999999999887
233.3436336517334, 2663.3218133921678, 373.99400360136684
234.61821913719177, 2270.395716480141, 375.013798197895
235.51282167434692, 2270.395716480141, 375.013798197895
236.05139327049255, 1422.5276852879188, 2106.7691041170547
236.54106616973877, 1422.7455940985135, 2107.086982937629
236.93700551986694, 1422.7455940985135, 2107.086982937629
237.58626627922058, 1423.35465298476, 2106.2088076960395
238.0819387435913, 1422.4973770159845, 2106.632688732159
238.4599256515503, 1422.4973770159845, 2106.632688732159
239.0972194671631, 1423.1749603979665, 2107.1145934527194
239.56097531318665, 1422.535669712425, 2106.4453635983014
240.078622341156, 1423.1969596690622, 2097.10691137709
240.58423399925232, 1423.5859437361025, 2096.3975115761486
240.9392831325531, 1423.5859437361025, 2096.3975115761486
241.54668545722961, 1420.923867658196, 520.23584420245
242.0562915802002, 1420.5636317268934, 524.7855836596793
242.43726897239685, 1420.5636317268934, 524.7855836596793
243.06658267974854, 1421.5891189437978, 531.1169340425125
243.42362666130066, 1421.5891189437978, 531.1169340425125
244.07887196540833, 1421.0713212658281, 465.5627152030695
244.61543560028076, 2013.5264269482898, 983.5000000064824
245.02633213996887, 2013.5264269482898, 983.5000000064824
245.513028383255, 2013.5264269482898, 983.5000000064824
246.06555008888245, 1423.3123344349747, 1889.4407182813688
246.42857599258423, 1423.3123344349747, 1889.4407182813688
246.94319820404053, 1423.3123344349747, 1889.4407182813688
247.55455875396729, 1403.8247634003649, 841.0943195006456
247.94152188301086, 1403.8247634003649, 841.0943195006456
248.55090713500977, 1404.049795547778, 1106.7979478715304
248.93087100982666, 1404.049795547778, 1106.7979478715304
249.5532033443451, 1424.5798917540696, 1776.0361170800595
250.0618405342102, 1423.4456509926672, 1766.5374043394115
250.5634970664978, 1422.9335288962777, 1766.7511287123755
250.95345258712769, 1422.9335288962777, 1766.7511287123755
251.5488564968109, 1423.8934139692367, 1765.8871578526537
252.0784397125244, 1423.2336501340012, 1345.5494358259018
252.56413650512695, 1422.4969896778439, 1345.6130531929152
253.06778693199158, 1422.6679347682468, 1345.1575737919147
253.57044172286987, 1422.2660391298018, 1345.131220569746
254.09204244613647, 1422.8798538429915, 1345.4424255293354
254.4331316947937, 1422.8798538429915, 1345.4424255293354
255.06144523620605, 1424.0362512782401, 1489.754780810751
255.45040321350098, 1424.0362512782401, 1489.754780810751
255.9720060825348, 1424.0362512782401, 1489.754780810751
256.5444734096527, 1434.4364605997182, 1268.6939310472649
256.952378988266, 1434.4364605997182, 1268.6939310472649
257.5557630062103, 1434.283302389218, 1014.3147493730769
257.9327528476715, 1434.283302389218, 1014.3147493730769
258.4503664970398, 1434.283302389218, 1014.3147493730769
259.061740398407, 1435.0885089873418, 1014.4163225343427
259.43472933769226, 1435.0885089873418, 1014.4163225343427
260.06204867362976, 1434.5753303385745, 1014.5322355810335
260.4460198879242, 1434.5753303385745, 1014.5322355810335
260.94368529319763, 1434.5753303385745, 1014.5322355810335
261.5869617462158, 1433.8910682735993, 1014.8144604001005
262.0826334953308, 1433.8206279432886, 1014.8549254608758
262.42571449279785, 1433.8206279432886, 1014.8549254608758
262.9533007144928, 1433.8206279432886, 1014.8549254608758
263.4290268421173, 1433.8206279432886, 1014.8549254608758
263.9466392993927, 1433.8206279432886, 1014.8549254608758
264.43932127952576, 1433.8206279432886, 1014.8549254608758
264.9409763813019, 1433.8206279432886, 1014.8549254608758
265.43565106391907, 1433.8206279432886, 1014.8549254608758
265.9522659778595, 1433.8206279432886, 1014.8549254608758
266.5935492515564, 1448.7181897091248, 1027.1958354628375
266.93862295150757, 1448.7181897091248, 1027.1958354628375
267.5509922504425, 1449.4690888728603, 1028.321403465601
267.9389441013336, 1449.4690888728603, 1028.321403465601
268.5572865009308, 1450.086934401796, 1027.2279325993034
269.08786511421204, 1450.1386450800119, 1027.9229176393023
269.5675799846649, 1450.7077819172025, 1027.912214178959
269.9615240097046, 1450.7077819172025, 1027.912214178959
270.55593156814575, 1450.7743486398797, 1027.357395303385
271.0765383243561, 1450.1118082242133, 1027.6638821625727
271.5682191848755, 1450.5020228726567, 1028.036994854998
271.93723034858704, 1450.5020228726567, 1028.036994854998
272.4319055080414, 1450.5020228726567, 1028.036994854998
273.0881474018097, 1452.0510110349796, 1022.3783195997822
273.4421992301941, 1452.0510110349796, 1022.3783195997822
274.05356097221375, 1452.0833380023848, 1022.1680002525223
274.5631947517395, 1451.897206365749, 1018.306781173284
275.0668556690216, 1452.8030288348768, 1015.149164058097
275.4408438205719, 1452.8030288348768, 1015.149164058097
276.0791335105896, 1453.5249824591276, 1011.2529082844535
276.43318605422974, 1453.5249824591276, 1011.2529082844535
276.94680881500244, 1453.5249824591276, 1011.2529082844535
277.43450260162354, 1453.5249824591276, 1011.2529082844535
278.0698001384735, 1454.3176971291414, 995.6844931707947
278.5624797344208, 1455.5664193905645, 995.0710007096792
278.945454120636, 1455.5664193905645, 995.0710007096792
279.54485058784485, 1456.0694798583056, 988.2072208933707
280.05448269844055, 1456.7918277171907, 984.2965101280438
280.45341300964355, 1456.7918277171907, 984.2965101280438
280.94709062576294, 1456.7918277171907, 984.2965101280438
281.5943567752838, 1456.948807147359, 971.9062476672001
282.0850419998169, 1458.7702005635283, 967.2674038186401
282.4530556201935, 1458.7702005635283, 967.2674038186401
283.09134554862976, 1458.1610743507213, 958.5700647832293
283.60895895957947, 1459.7299945075315, 955.2394554882801
284.1205880641937, 1458.7356537261073, 951.7702008157502
284.57636737823486, 1460.5871056434564, 946.3702830093108
285.1069462299347, 1459.8221675648524, 943.6796087163483
285.43805861473083, 1459.8221675648524, 943.6796087163483
286.06537795066833, 1460.9797610501362, 935.5311779580529
286.62787079811096, 1461.2645227682044, 931.2219941846266
287.09162878990173, 1460.7169886382749, 927.5930007391489
287.46363162994385, 1460.7169886382749, 927.5930007391489
287.9333746433258, 1460.7169886382749, 927.5930007391489
288.56767296791077, 1462.3296841006345, 916.9070397342417
288.94865250587463, 1462.3296841006345, 916.9070397342417
289.45429849624634, 1462.3296841006345, 916.9070397342417
290.06665778160095, 1462.637938229751, 910.8424082676989
290.4615988731384, 1462.637938229751, 910.8424082676989
291.06897258758545, 1463.53238914606, 911.145189320955
291.56264877319336, 1463.1244528763348, 911.2963094421365
291.954598903656, 1463.1244528763348, 911.2963094421365
292.5490071773529, 1462.3575677023532, 910.7669158080379
292.94095730781555, 1462.3575677023532, 910.7669158080379
293.44660329818726, 1462.3575677023532, 910.7669158080379
294.04998445510864, 1464.1457106938979, 910.4361656506986
294.44293212890625, 1464.1457106938979, 910.4361656506986
294.93461418151855, 1464.1457106938979, 910.4361656506986
295.5409903526306, 1463.012644083606, 910.9840465819657
295.938924074173, 1463.012644083606, 910.9840465819657
296.5712294578552, 1463.0100377526062, 911.2935791046141
296.9502143859863, 1463.0100377526062, 911.2935791046141
297.561576128006, 1462.147364340604, 910.6488700023468
298.0761981010437, 1462.6828554412655, 910.9334354440136
298.43424010276794, 1462.6828554412655, 910.9334354440136
299.09546637535095, 1463.0840046525338, 910.8597330591163
299.45550322532654, 1463.0840046525338, 910.8597330591163
299.96413922309875, 1463.0840046525338, 910.8597330591163
300.5635344982147, 1463.0690286720226, 911.1474762505223
301.09012246131897, 1463.5485043184838, 911.3684167238422
301.4381892681122, 1463.5485043184838, 911.3684167238422
302.06052255630493, 1462.2711258609913, 910.7056694082556
302.55120730400085, 1462.9868940428157, 911.0015756043947
302.94016575813293, 1462.9868940428157, 911.0015756043947
303.44880270957947, 1462.9868940428157, 911.0015756043947
304.06914043426514, 1463.2778101072622, 911.1821207795726
304.5857572555542, 1463.0550941382544, 910.971794725
305.0894076824188, 1462.6990645264657, 910.926837061537
305.4434583187103, 1462.6990645264657, 910.926837061537
306.07576513290405, 1462.9491083717578, 911.1441655399847
306.4437782764435, 1462.9491083717578, 911.1441655399847
307.0770812034607, 1463.5747019003686, 912.2636919472258
307.4431004524231, 1463.5747019003686, 912.2636919472258
307.94874596595764, 1463.5747019003686, 912.2636919472258
308.5720775127411, 1463.3148216765385, 911.0274301975138
309.0926818847656, 1463.3214121262533, 910.9950649166351
309.4327702522278, 1463.3214121262533, 910.9950649166351
310.072057723999, 1462.3591166431684, 910.580455108858
310.5966522693634, 1463.2536810661613, 910.8709762904679
311.0893316268921, 1462.9239178299472, 910.9135653162353
311.45335721969604, 1462.9239178299472, 910.9135653162353
312.0627248287201, 1463.065969898705, 911.0814838487528
312.577344417572, 1463.8375260728653, 911.23566234303
313.06104850769043, 1463.1158290431836, 910.7148333165421
313.4510052204132, 1463.1158290431836, 910.7148333165421
313.9586446285248, 1463.1158290431836, 910.7148333165421
314.57599115371704, 1463.9871485409617, 911.0511988592865
315.0686705112457, 1463.3704933363188, 910.7693929775475
315.57431626319885, 1463.244304205552, 910.6287940130561
316.0769693851471, 1463.5260020276319, 912.885390243027
316.5955789089203, 1463.0943069960326, 912.8649247038121
316.954617023468, 1463.0943069960326, 912.8649247038121
317.44031715393066, 1463.0943069960326, 912.8649247038121
318.0786051750183, 1465.186244272728, 912.4309581375499
318.4396479129791, 1465.186244272728, 912.4309581375499
318.9432888031006, 1465.186244272728, 912.4309581375499
319.54368114471436, 1463.5312837488284, 914.1898801894149
320.06628036499023, 1464.1189669380365, 914.4683195436359
320.5649435520172, 1463.5795820783128, 915.1462022768736
321.08654713630676, 1462.9974361965706, 914.8607280796195
321.4405987262726, 1462.9974361965706, 914.8607280796195
322.10481810569763, 1462.9088593085344, 915.7154785796811
322.5885236263275, 1462.7005446829235, 915.6702508364153
323.09416818618774, 1464.6220783706003, 915.4733620144332
323.56789779663086, 1463.8200888757917, 916.8783900191207
323.9468824863434, 1463.8200888757917, 916.8783900191207
324.56224298477173, 1463.7324897822612, 917.4291062442145
325.08782720565796, 1463.168271528692, 916.9872700757671
325.5525815486908, 1462.1583686864392, 916.5689281791399
326.07119131088257, 1463.7349786184684, 916.9188506529953
326.4631407260895, 1463.7349786184684, 916.9188506529953
327.068519115448, 1464.0132270635697, 917.1824748424066
327.5681805610657, 1463.6124866843904, 917.1793960520182
327.9521527290344, 1463.6124866843904, 917.1793960520182
328.57847332954407, 1464.110223772709, 920.3891886921696
329.07314801216125, 1462.2904122996642, 920.5213667393355
329.44415378570557, 1462.2904122996642, 920.5213667393355
330.0704758167267, 1462.7706153257068, 923.074962386935
330.5541808605194, 1462.348444355425, 923.5880615188718
331.0757825374603, 1463.8975285848328, 923.3000243339055
331.4368152618408, 1463.8975285848328, 923.3000243339055
332.0860755443573, 1462.5699731618688, 924.6949600440861
332.44311928749084, 1462.5699731618688, 924.6949600440861
333.077419757843, 1462.513407265, 926.1044914833344
333.582067489624, 1463.0165730431527, 926.082595996494
333.9560651779175, 1463.0165730431527, 926.082595996494
334.5734124183655, 1462.9578470656547, 931.2544280386959
335.0830452442169, 1463.2168660925377, 932.3990291607063
335.4670169353485, 1463.2168660925377, 932.3990291607063
336.07738304138184, 1462.5008873936117, 931.3565253747914
336.44838857650757, 1462.5008873936117, 931.3565253747914
336.9410684108734, 1462.5008873936117, 931.3565253747914
337.56838726997375, 1461.7629600984708, 926.5970387357232
337.95535016059875, 1461.7629600984708, 926.5970387357232
338.5707015991211, 1462.591981282683, 921.8388363010691
338.9576666355133, 1462.591981282683, 921.8388363010691
339.4443619251251, 1462.591981282683, 921.8388363010691
339.9659626483917, 1462.591981282683, 921.8388363010691
340.5873007774353, 1464.3995212876687, 917.0678316528674
341.0650188922882, 1463.7494196123398, 917.363234896371
341.55370903015137, 1463.8192791940562, 917.0220415925884
342.07730746269226, 1463.3424210285957, 917.6435626930673
342.56200766563416, 1463.2614429557177, 914.6439207886746
343.08660197257996, 1464.2925277858944, 913.1252692822109
343.5513565540314, 1465.2851115645096, 912.8958905044833
344.08492708206177, 1463.6777952620523, 913.6549018625641
344.5556662082672, 1463.7508816293123, 913.0814255145134
345.09921073913574, 1463.5242497438164, 913.5513277007107
345.4303226470947, 1463.5242497438164, 913.5513277007107
346.06661772727966, 1464.7719560233484, 912.1525957775701
346.4456021785736, 1464.7719560233484, 912.1525957775701
347.0669379234314, 1464.9980004449906, 911.0972498345247
347.4668664932251, 1464.9980004449906, 911.0972498345247
348.0832200050354, 1463.8396920560106, 908.7310208653436
348.57589626312256, 1464.8607218991579, 909.8298741697126
349.0974991321564, 1462.9954354274053, 908.6363136490689
349.5841929912567, 1463.8791657727036, 906.8927333971562
350.084853887558, 1465.775630906872, 905.7849888604151
350.59448647499084, 1464.1568379972996, 905.8521002553068
350.9445493221283, 1464.1568379972996, 905.8521002553068
351.56289172172546, 1465.2200953691913, 905.9564213073236
351.95583939552307, 1465.2200953691913, 905.9564213073236
352.5642092227936, 1465.685197153788, 901.095636092495
352.9491786956787, 1465.685197153788, 901.095636092495
353.4478416442871, 1465.685197153788, 901.095636092495
353.95049500465393, 1465.685197153788, 901.095636092495
354.5618579387665, 1466.0896560470974, 901.2877577142444
355.0784728527069, 1465.3485180007017, 901.1999444633625
355.5482141971588, 1465.3614361014904, 901.0746976155299
356.07181096076965, 1465.4901059279252, 901.1392260815713
356.44580912590027, 1465.4901059279252, 901.1392260815713
357.05816888809204, 1464.4923445298841, 902.5574915938139
357.5727918148041, 1464.9617126936182, 905.7733637604042
358.0774383544922, 1465.6698371126008, 906.4117582375255
358.43647503852844, 1465.6698371126008, 906.4117582375255
358.9660565853119, 1465.6698371126008, 906.4117582375255
359.4477663040161, 1465.6698371126008, 906.4117582375255
359.95839834213257, 1465.6698371126008, 906.4117582375255
360.4411053657532, 1465.6698371126008, 906.4117582375255
361.0823881626129, 1465.0935754343311, 909.8924460626904
361.44541573524475, 1465.0935754343311, 909.8924460626904
362.09567284584045, 1464.6231453632397, 910.935486934933
362.44673204421997, 1464.6231453632397, 910.935486934933
362.950382232666, 1464.6231453632397, 910.935486934933
363.43508434295654, 1464.6231453632397, 910.935486934933
364.07636761665344, 1464.1342083728762, 912.9338648258235
364.5520930290222, 1462.28347860747, 913.6989939704508
364.95301699638367, 1462.28347860747, 913.6989939704508
365.563383102417, 1465.4218285379188, 913.315306410117
366.07999897003174, 1464.593927362301, 913.2146115263298
366.55572390556335, 1465.0515721655947, 913.2518002017465
366.93869829177856, 1465.0515721655947, 913.2518002017465
367.4373617172241, 1465.0515721655947, 913.2518002017465
367.9450013637543, 1465.0515721655947, 913.2518002017465
368.4436664581299, 1465.0515721655947, 913.2518002017465
368.9493110179901, 1465.0515721655947, 913.2518002017465
369.43899941444397, 1465.0515721655947, 913.2518002017465
369.9556143283844, 1465.0515721655947, 913.2518002017465
370.55800199508667, 1464.0801174782564, 914.1907988571429
371.07860684394836, 1463.2397892289723, 913.9195758180779
371.4436283111572, 1463.2397892289723, 913.9195758180779
371.95525765419006, 1463.2397892289723, 913.9195758180779
372.56163477897644, 1462.3434353089056, 913.7193576036734
372.9456043243408, 1462.3434353089056, 913.7193576036734
373.570928812027, 1463.4210533524329, 913.8629604735811
373.9429488182068, 1463.4210533524329, 913.8629604735811
374.5842161178589, 1463.589897050778, 913.915648092232
374.93328070640564, 1463.589897050778, 913.915648092232
375.446905374527, 1463.589897050778, 913.915648092232
375.93260288238525, 1463.589897050778, 913.915648092232
376.569895029068, 1464.3552638160538, 919.1057777430707
376.93890619277954, 1464.3552638160538, 919.1057777430707
377.45452547073364, 1464.3552638160538, 919.1057777430707
378.0738651752472, 1463.7201907035776, 931.4758484490778
378.5625560283661, 1463.186809409823, 931.081883042175
379.07518339157104, 1464.4300347015196, 931.4436031058337
379.4352197647095, 1464.4300347015196, 931.4436031058337
379.95882272720337, 1464.4300347015196, 931.4436031058337
380.57915472984314, 1463.8573819828441, 976.4265501606086
381.07582449913025, 1463.1034665085613, 1002.3335843592474
381.45680236816406, 1463.1034665085613, 1002.3335843592474
381.94250202178955, 1463.1034665085613, 1002.3335843592474
382.57580494880676, 1463.1319376565903, 1018.943585317751
383.06948161125183, 1462.4102785379653, 1032.0265019993353
383.4345052242279, 1462.4102785379653, 1032.0265019993353
384.0817697048187, 1463.207779734654, 1089.2260730468042
384.4438006877899, 1463.207779734654, 1089.2260730468042
384.9524371623993, 1463.207779734654, 1089.2260730468042
385.5638008117676, 1464.1670302165244, 1089.3889211852586
385.9557490348816, 1464.1670302165244, 1089.3889211852586
386.561128616333, 1462.1821374700578, 1089.5815555676568
386.94410371780396, 1462.1821374700578, 1089.5815555676568
387.5664336681366, 1462.7833017703579, 1132.0480745212797
388.078063249588, 1461.6319160288356, 1159.6009980825402
388.5946795940399, 1462.6264426649998, 1166.7075572800115
388.95970153808594, 1462.6264426649998, 1166.7075572800115
389.44240856170654, 1462.6264426649998, 1166.7075572800115
389.9400761127472, 1462.6264426649998, 1166.7075572800115
390.5604147911072, 1464.4955569665503, 1178.5170308555637
391.08600640296936, 1463.5638491968516, 1246.052183092295
391.45800948143005, 1463.5638491968516, 1246.052183092295
392.0953018665314, 1464.5324888417115, 1276.0510006788084
392.55906081199646, 1462.9771402367928, 1275.8250960879466
393.08564805984497, 1463.4698463927446, 1309.251186564532
393.43870186805725, 1463.4698463927446, 1309.251186564532
393.95033168792725, 1463.4698463927446, 1309.251186564532
394.4519875049591, 1463.4698463927446, 1309.251186564532
395.07332396507263, 1463.2587173171391, 1534.989157652217
395.4712564945221, 1463.2587173171391, 1534.989157652217
396.0786294937134, 1465.156949641901, 1537.1582354103102
396.44963550567627, 1465.156949641901, 1537.1582354103102
396.96226239204407, 1465.156949641901, 1537.1582354103102
397.56963539123535, 1464.3686561443358, 1537.1534650459857
397.95560121536255, 1464.3686561443358, 1537.1534650459857
398.5699625015259, 1464.2476829621758, 1538.1256746995552
399.09853863716125, 1463.5570429621957, 1537.6333757009247
399.5583074092865, 1464.474066724197, 1536.8071729023914
400.0759208202362, 1465.0254137774584, 1537.4335295470507
400.60250997543335, 1465.148628717849, 1536.0305899855935
401.0772376060486, 1465.8567000865842, 1536.4464832147485
401.5848777294159, 1466.1352910599633, 1536.4014720292987
402.09251856803894, 1464.98200518524, 1536.508021040508
402.586195230484, 1465.4425426826108, 1535.9000851086744
402.96421241760254, 1465.4425426826108, 1535.9000851086744
403.5575933456421, 1466.4468938703856, 1534.7577175989431
404.10014057159424, 1466.770046028735, 1534.4972378790865
404.5609059333801, 1465.3357555375098, 1535.1304329031598
405.08350443840027, 1467.1924987238158, 1534.8530084565127
405.4505224227905, 1467.1924987238158, 1534.8530084565127
405.95118045806885, 1467.1924987238158, 1534.8530084565127
406.5515716075897, 1464.038896436125, 1531.6054062299534
406.9495060443878, 1464.038896436125, 1531.6054062299534
407.56784987449646, 1465.6324371688188, 1532.0543056333972
407.95780420303345, 1465.6324371688188, 1532.0543056333972
408.58013820648193, 1466.8375220497635, 1529.3387436279697
409.0688285827637, 1467.052015998634, 1528.3710414683712
409.56948709487915, 1464.779618988385, 1528.6011298631602
409.9614362716675, 1464.779618988385, 1528.6011298631602
410.45511388778687, 1464.779618988385, 1528.6011298631602
410.94879126548767, 1464.779618988385, 1528.6011298631602
411.5541694164276, 1465.4281084913137, 1526.5650405184756
412.0628068447113, 1465.9717517837532, 1526.4313592894434
412.54850602149963, 1465.9081833963135, 1525.6738262993022
413.09204936027527, 1467.7751272203636, 1526.4148016859228
413.44310879707336, 1467.7751272203636, 1526.4148016859228
414.0933680534363, 1466.7387503076861, 1525.4521221182936
414.5641052722931, 1466.5478443482982, 1524.2348029606014
414.96004462242126, 1466.5478443482982, 1524.2348029606014
415.46269965171814, 1466.5478443482982, 1524.2348029606014
415.95438146591187, 1466.5478443482982, 1524.2348029606014
416.46301913261414, 1466.5478443482982, 1524.2348029606014
417.0654044151306, 1466.8543618970739, 1521.7618448917008
417.4394028186798, 1466.8543618970739, 1521.7618448917008
418.12556409835815, 1465.7167959717765, 1521.6551176727276
418.4766252040863, 1465.7167959717765, 1521.6551176727276
419.1109244823456, 1467.770862846365, 1520.4103529868114
419.6055989265442, 1467.2111709462613, 1520.0371665088237
420.10725569725037, 1465.5819672466048, 1519.6100370478478
420.45033597946167, 1465.5819672466048, 1519.6100370478478
421.05970335006714, 1466.5430873457503, 1517.7760133290017
421.4576370716095, 1466.5430873457503, 1517.7760133290017
422.0919382572174, 1467.835310092909, 1517.2685158764514
422.55968594551086, 1467.6040893464651, 1516.4190432332928
422.9436571598053, 1467.6040893464651, 1516.4190432332928
423.4622666835785, 1467.6040893464651, 1516.4190432332928
424.05667448043823, 1467.6040893464651, 1516.4190432332928
424.44164538383484, 1467.6040893464651, 1516.4190432332928
425.07694125175476, 1467.785737499497, 1513.7529797437571
425.4419629573822, 1467.785737499497, 1513.7529797437571
426.05831265449524, 1467.7287360744515, 1513.1887955723778
426.4692394733429, 1467.7287360744515, 1513.1887955723778
426.96787571907043, 1467.7287360744515, 1513.1887955723778
427.55330634117126, 1467.4605473223944, 1511.2960839474267
428.0809361934662, 1467.6452965469593, 1512.0864824621951
428.4608747959137, 1467.6452965469593, 1512.0864824621951
429.0522916316986, 1467.3633507981565, 1511.5042758467607
429.5649194717407, 1468.1057828605315, 1511.4016320055762
430.0755512714386, 1468.2678776918876, 1511.3376685596695
430.55725860595703, 1468.1993770167305, 1511.2140844791043
431.0748724937439, 1468.9333965641597, 1511.7778617009515
431.45485496520996, 1468.9333965641597, 1511.7778617009515
431.94753408432007, 1468.9333965641597, 1511.7778617009515
432.5748538970947, 1466.6513768451432, 1511.801947406793
432.9548659324646, 1466.6513768451432, 1511.801947406793
433.43953704833984, 1466.6513768451432, 1511.801947406793
434.0508987903595, 1468.6990428959525, 1509.3924005548722
434.4657874107361, 1468.6990428959525, 1509.3924005548722
435.0532138347626, 1467.2717533850139, 1508.7166925422227
435.4361882209778, 1467.2717533850139, 1508.7166925422227
436.0615129470825, 1468.0785252053145, 1509.4315166946137
436.5551896095276, 1467.1193716488556, 1509.3680731484135
437.0628297328949, 1468.0505931588787, 1509.0474323064564
437.55850195884705, 1468.1030261338967, 1512.0900392036126
438.08409357070923, 1467.0039908062986, 1512.5509976603532
438.5498456954956, 1468.1687635423054, 1511.6715561988735
438.93581223487854, 1468.1687635423054, 1511.6715561988735
439.43347930908203, 1468.1687635423054, 1511.6715561988735
439.9321722984314, 1468.1687635423054, 1511.6715561988735
440.4427750110626, 1468.1687635423054, 1511.6715561988735
441.07009387016296, 1467.963141228394, 1514.1705200158906
441.56875824928284, 1467.3415740873768, 1514.1589315351137
442.0724093914032, 1468.119355245318, 1514.359921613104
442.4474050998688, 1468.119355245318, 1514.359921613104
442.9490599632263, 1468.119355245318, 1514.359921613104
443.5514461994171, 1466.5121523771652, 1513.914728111018
443.950377702713, 1466.5121523771652, 1513.914728111018
444.4460492134094, 1466.5121523771652, 1513.914728111018
445.09531235694885, 1466.9651965746755, 1517.1859184081811
445.57103538513184, 1466.472596823761, 1517.8147670492267
446.0706977844238, 1466.881328792418, 1517.9587030822843
446.5653715133667, 1467.3388231308113, 1518.141467083824
446.9463531970978, 1467.3388231308113, 1518.141467083824
447.4470098018646, 1467.3388231308113, 1518.141467083824
447.93769550323486, 1467.3388231308113, 1518.141467083824
448.4473297595978, 1467.3388231308113, 1518.141467083824
449.05968952178955, 1466.2715407116577, 1517.7604429204935
449.4416663646698, 1466.2715407116577, 1517.7604429204935
449.9423258304596, 1466.2715407116577, 1517.7604429204935
450.5626630783081, 1466.243392811627, 1517.5317096355727
451.063321352005, 1467.1764420890165, 1517.9601481274256
451.56996512413025, 1466.6575002215184, 1518.0324612591369
451.7006142139435, 1466.6575002215184, 1518.0324612591369
451.9389753341675, 1466.342517127974, 1517.783152430933
452.19129943847656, 1465.9691886065302, 1517.7987441724013
452.55233240127563, 1466.26766814232, 1517.9200420326483
453.0699453353882, 1466.2238977275806, 1517.8394119963605
453.5686094760895, 1468.4095708247817, 1518.5088154376956
453.94958901405334, 1468.4095708247817, 1518.5088154376956
454.5659372806549, 1465.6150724377244, 1517.6439714090297
455.064603805542, 1466.7793533904262, 1517.5988928769477
455.5542895793915, 1466.2651162246177, 1517.834983671624
456.0649218559265, 1466.590995646252, 1517.850347473813
456.55461025238037, 1466.370929480005, 1517.9854224252151
457.1031403541565, 1467.4558224530854, 1518.214452725195
457.5479485988617, 1467.0146708694272, 1517.8641076890656
458.0914921760559, 1466.0409182409194, 1517.8307530366237
458.44454646110535, 1466.0409182409194, 1517.8307530366237
458.93622970581055, 1466.0409182409194, 1517.8307530366237
459.4358913898468, 1466.0409182409194, 1517.8307530366237
460.0701913833618, 1466.2418648323116, 1517.681829492549
460.44219493865967, 1466.2418648323116, 1517.681829492549
460.9687850475311, 1466.2418648323116, 1517.681829492549
461.5761592388153, 1466.0115744016584, 1517.5639136563495
462.074832201004, 1466.526996387329, 1518.1395782281304
462.4448308944702, 1466.526996387329, 1518.1395782281304
463.07613921165466, 1466.3229899711712, 1517.8494748570067
463.5538604259491, 1468.0209543931446, 1517.359900529101
464.06748390197754, 1467.1942183259173, 1518.0552373002474
464.4484615325928, 1467.1942183259173, 1518.0552373002474
465.0568313598633, 1465.8608796410472, 1517.73726110567
465.4148745536804, 1465.8608796410472, 1517.73726110567
465.6372776031494, 1466.5585677954496, 1517.7498133709123
465.76194310188293, 1466.5585677954496, 1517.7498133709123
466.00229930877686, 1467.0910373398265, 1517.7660109758137
466.24165773391724, 1466.2980939255142, 1517.8551635754407
466.56080293655396, 1467.098006526462, 1519.007124538046
466.94776678085327, 1467.098006526462, 1519.007124538046
467.5561363697052, 1466.731933046451, 1517.8056522230331
467.9430990219116, 1466.731933046451, 1517.8056522230331
468.4348084926605, 1466.731933046451, 1517.8056522230331
469.0940160751343, 1465.8021028220717, 1517.7054785419532
469.45604610443115, 1465.8021028220717, 1517.7054785419532
469.93576169013977, 1465.8021028220717, 1517.7054785419532
470.4463927745819, 1465.8021028220717, 1517.7054785419532
470.94106817245483, 1465.8021028220717, 1517.7054785419532
471.4417269229889, 1465.8021028220717, 1517.7054785419532
472.05707716941833, 1466.2229215430302, 1517.557496233921
472.46698236465454, 1466.2229215430302, 1517.557496233921
472.9486894607544, 1466.2229215430302, 1517.557496233921
473.44236636161804, 1466.2229215430302, 1517.557496233921
473.93504643440247, 1466.2229215430302, 1517.557496233921
474.5573797225952, 1466.5908395954602, 1517.807183753091
474.6132302284241, 1466.5908395954602, 1517.807183753091
474.93935537338257, 1466.5908395954602, 1517.807183753091
475.5537123680115, 1466.8180589574822, 1518.0562919367376
475.7970597743988, 1465.8532065919883, 1517.9719798422457
476.0673336982727, 1466.0002391616097, 1517.831576721646
476.572979927063, 1466.2705896728003, 1517.6410095650149
476.95495557785034, 1466.2705896728003, 1517.6410095650149
477.3748314380646, 1466.2705896728003, 1517.6410095650149
477.57130432128906, 1467.3245890373403, 1518.3445351354187
477.9403164386749, 1467.3245890373403, 1518.3445351354187
478.1766827106476, 1467.3245890373403, 1518.3445351354187
478.55267548561096, 1467.0776543707068, 1518.1490977017434
479.0882406234741, 1466.9043175154034, 1518.3230984593379
479.6128349304199, 1465.657375521622, 1517.6448637770263
480.1553816795349, 1465.5399389252457, 1517.6361545773225
480.4745273590088, 1465.5399389252457, 1517.6361545773225
481.08289766311646, 1466.1847787607348, 1517.994074439722
481.44792652130127, 1466.1847787607348, 1517.994074439722
481.97550654411316, 1466.1847787607348, 1517.994074439722
482.4562175273895, 1466.1847787607348, 1517.994074439722
482.9369294643402, 1466.1847787607348, 1517.994074439722
483.4455668926239, 1466.1847787607348, 1517.994074439722
483.9442310333252, 1466.1847787607348, 1517.994074439722
484.43890714645386, 1466.1847787607348, 1517.994074439722
485.0512671470642, 1466.480572983324, 1518.0005860022861
485.56289529800415, 1465.675282752695, 1517.5992564883234
485.94686555862427, 1465.675282752695, 1517.5992564883234
486.4475247859955, 1465.675282752695, 1517.5992564883234
487.0539000034332, 1466.2525414446563, 1518.0372824880965
487.5445854663849, 1466.85930101628, 1518.3122584847983
487.9405252933502, 1466.85930101628, 1518.3122584847983
488.56385469436646, 1465.2500044518486, 1517.5173128006134
489.0585296154022, 1466.034985297071, 1517.6757107594503
489.5611832141876, 1467.0835164650196, 1518.062502136219
489.94615149497986, 1467.0835164650196, 1518.062502136219
490.4378340244293, 1467.0835164650196, 1518.062502136219
490.9364981651306, 1467.0835164650196, 1518.062502136219
491.4501221179962, 1467.0835164650196, 1518.062502136219
492.0694627761841, 1466.2245045482262, 1517.9619463344507
492.5571563243866, 1466.5521056056887, 1517.966010570501
493.0787591934204, 1466.8231693372436, 1517.2449677774716
493.54551005363464, 1466.9957116506537, 1517.0020468234095
494.0631217956543, 1466.806330862219, 1517.9706618464697
494.44709515571594, 1466.806330862219, 1517.9706618464697
495.0584554672241, 1466.3575656358614, 1518.0577338502326
495.5551245212555, 1466.684579237312, 1518.1950094288945
496.0747323036194, 1465.7067721363937, 1517.8452462830378
496.4477334022522, 1465.7067721363937, 1517.8452462830378
496.9424080848694, 1465.7067721363937, 1517.8452462830378
497.4420692920685, 1465.7067721363937, 1517.8452462830378
497.93873858451843, 1465.7067721363937, 1517.8452462830378
498.55209946632385, 1466.775814716795, 1517.7003918768967
498.95900559425354, 1466.775814716795, 1517.7003918768967
499.5693702697754, 1466.1142122824174, 1517.5696774313833
500.0650427341461, 1467.3629730557468, 1518.182201019531
500.5477488040924, 1466.6069760514313, 1517.8500827756045
500.9377064704895, 1466.6069760514313, 1517.8500827756045
501.54806900024414, 1466.7623304538586, 1518.2435512615946
502.06767678260803, 1466.4638314429337, 1517.9844612006773
502.5493862628937, 1466.5604275763696, 1517.9709525920541
502.9443304538727, 1466.5604275763696, 1517.9709525920541
503.44698190689087, 1466.5604275763696, 1517.9709525920541
504.0803163051605, 1466.2713110481836, 1396.5712910057089
504.5719676017761, 1467.2939417369569, 1385.2829882889419
505.0905792713165, 1466.798080489497, 1270.8214193631854
505.47155833244324, 1466.798080489497, 1270.8214193631854
506.0679597854614, 1468.741818837781, 1274.4439234215663
506.5736060142517, 1467.2486592788184, 1364.8080228575695
506.96256375312805, 1467.2486592788184, 1364.8080228575695
507.45324873924255, 1467.2486592788184, 1364.8080228575695
508.0606212615967, 1465.282795634022, 1477.7272910186043
508.54632019996643, 1465.5947765274636, 1603.769395057178
509.0649313926697, 1466.680663317353, 1626.0796766838173
509.43793201446533, 1466.680663317353, 1626.0796766838173
510.0642535686493, 1467.3721385355923, 1753.1926559920105
510.44024634361267, 1467.3721385355923, 1753.1926559920105
511.0546007156372, 1465.6929093997153, 1891.0538325058847
511.44256138801575, 1465.6929093997153, 1891.0538325058847
512.0539231300354, 1465.5293725998615, 1903.857204999521
512.5505926609039, 1467.8939437819422, 1926.2942408434062
512.9535131454468, 1467.8939437819422, 1926.2942408434062
513.4461934566498, 1467.8939437819422, 1926.2942408434062
513.9438610076904, 1467.8939437819422, 1926.2942408434062
514.4574854373932, 1467.8939437819422, 1926.2942408434062
514.9611341953278, 1467.8939437819422, 1926.2942408434062
515.447830915451, 1467.8939437819422, 1926.2942408434062
516.0671715736389, 1468.5265053758503, 1926.500006036764
516.5738141536713, 1466.7500334118004, 1926.6214293768157
516.9518010616302, 1466.7500334118004, 1926.6214293768157
517.5601720809937, 1467.0305822214632, 1925.8155760541645
518.0807774066925, 1468.2928908093543, 1924.4661286868577
518.5734586715698, 1469.8867078319636, 1921.4125910845196
519.0810971260071, 1468.2213306747087, 1921.4032134385723
519.5657982826233, 1467.8230292790738, 1922.1050693691
519.9647305011749, 1467.8230292790738, 1922.1050693691
520.4484581947327, 1467.8230292790738, 1922.1050693691
521.0737581253052, 1467.0643039264842, 1921.5294937741448
521.5933661460876, 1469.063219049224, 1920.1192243959129
522.1139717102051, 1469.2258345683651, 1919.22761463663
522.5637669563293, 1467.3115473182713, 1919.6370329845881
522.9547193050385, 1467.3115473182713, 1919.6370329845881
523.5680775642395, 1468.685183769625, 1916.1546373894575
524.0876834392548, 1467.854061260242, 1916.8610903414399
524.5683979988098, 1470.1916154214348, 1916.2857477838788
524.9563586711884, 1470.1916154214348, 1916.2857477838788
525.5587434768677, 1468.562172242961, 1913.2768675587547
525.9546825885773, 1468.562172242961, 1913.2768675587547
526.567042350769, 1469.3003301062638, 1910.1161979670724
527.087648153305, 1470.7018824697518, 1910.4499872726012
527.4686260223389, 1470.7018824697518, 1910.4499872726012
528.0670228004456, 1469.2272972993983, 1905.818482999183
528.4509937763214, 1469.2272972993983, 1905.818482999183
528.9396851062775, 1469.2272972993983, 1905.818482999183
529.4513156414032, 1469.2272972993983, 1905.818482999183
529.9390075206757, 1469.2272972993983, 1905.818482999183
530.5443871021271, 1470.873654879045, 1902.4452289785868
530.9662566184998, 1470.873654879045, 1902.4452289785868
531.552684545517, 1469.5517890110898, 1902.0568998818485
532.0623190402985, 1470.242511755821, 1902.3894476390292
532.4363174438477, 1470.242511755821, 1902.3894476390292
532.9569244384766, 1470.242511755821, 1902.3894476390292
533.4585802555084, 1470.242511755821, 1902.3894476390292
533.9442780017853, 1470.242511755821, 1902.3894476390292
534.5626208782196, 1469.855067397839, 1898.9519571648634
534.9376158714294, 1469.855067397839, 1898.9519571648634
535.5529675483704, 1471.90222588081, 1899.2213962571227
536.0695834159851, 1471.1459795343721, 1899.0665138246882
536.4356029033661, 1471.1459795343721, 1899.0665138246882
536.9751579761505, 1471.1459795343721, 1899.0665138246882
537.4409096240997, 1471.1459795343721, 1899.0665138246882
537.9345877170563, 1471.1459795343721, 1899.0665138246882
538.4342484474182, 1471.1459795343721, 1899.0665138246882
539.0755305290222, 1469.9529012382914, 1903.9460773861663
539.5771865844727, 1470.2003592833746, 1904.3200728584438
540.0918085575104, 1469.4121353955854, 1904.5799497800135
540.4378805160522, 1469.4121353955854, 1904.5799497800135
541.0492422580719, 1469.5774445383486, 1904.574651129403
541.4292244911194, 1469.5774445383486, 1904.574651129403
542.0625281333923, 1469.3569159352955, 1907.9247551972915
542.5562057495117, 1469.3534400849228, 1908.073767206547
543.0668375492096, 1468.8795526416836, 1908.064836081208
543.440835237503, 1468.8795526416836, 1908.064836081208
544.0561876296997, 1469.7785885054248, 1908.0070755268625
544.4331769943237, 1469.7785885054248, 1908.0070755268625
545.081440448761, 1470.7971950683789, 1908.4828098801518
545.5531759262085, 1470.3249467272076, 1908.5290500457133
545.9431319236755, 1470.3249467272076, 1908.5290500457133
546.564471244812, 1470.2599680702817, 1910.1891142579218
547.0741033554077, 1468.4087176736282, 1910.5480075711866
547.5518219470978, 1469.487373664575, 1910.08483093306
548.0644483566284, 1469.1267248212948, 1910.3399901840778
548.4364528656006, 1469.1267248212948, 1910.3399901840778
549.0887048244476, 1469.1639474330545, 1911.5515036369884
549.5624370574951, 1470.2377586880907, 1911.4851714646497
550.059104681015, 1470.1262564593806, 1911.524927251605
550.5537793636322, 1469.2873020982904, 1913.2033103786223
551.0664067268372, 1469.391775052979, 1913.3280767062577
551.5501115322113, 1467.178162421101, 1913.543662634695
551.9380705356598, 1467.178162421101, 1913.543662634695
552.4357390403748, 1467.178162421101, 1913.543662634695
552.9443747997284, 1467.178162421101, 1913.543662634695
553.5747146606445, 1468.4460928796475, 1915.182029730135
553.9377131462097, 1468.4460928796475, 1915.182029730135
554.4303932189941, 1468.4460928796475, 1915.182029730135
554.9390308856964, 1468.4460928796475, 1915.182029730135
555.5444097518921, 1467.8212650249131, 1916.5596021022607
556.0590300559998, 1468.3480785865097, 1917.0802644065857
556.439013004303, 1468.3480785865097, 1917.0802644065857
557.0493779182434, 1468.1339952158366, 1916.8322770509642
557.5530278682709, 1468.1058374049817, 1916.7161338194276
557.9409883022308, 1468.1058374049817, 1916.7161338194276
558.4366612434387, 1468.1058374049817, 1916.7161338194276
558.956268787384, 1468.1058374049817, 1916.7161338194276
559.4369809627533, 1468.1058374049817, 1916.7161338194276
559.9535984992981, 1468.1058374049817, 1916.7161338194276
560.4472739696503, 1468.1058374049817, 1916.7161338194276
561.0606319904327, 1467.525133546648, 1919.9152070137422
561.4306411743164, 1467.525133546648, 1919.9152070137422
562.0459916591644, 1467.64114684741, 1919.628570211871
562.4459192752838, 1467.64114684741, 1919.628570211871
563.0562858581543, 1467.5062177854718, 1919.9217615731168
563.434271812439, 1467.5062177854718, 1919.9217615731168
563.9538798332214, 1467.5062177854718, 1919.9217615731168
564.5841908454895, 1467.5613376374451, 1919.8442958490664
564.942232131958, 1467.5613376374451, 1919.8442958490664
565.4329166412354, 1467.5613376374451, 1919.8442958490664
566.0562469959259, 1468.6799339929496, 1922.1398605126099
566.5469331741333, 1467.4922690778199, 1922.0520098974357
566.9368875026703, 1467.4922690778199, 1922.0520098974357
567.4325597286224, 1467.4922690778199, 1922.0520098974357
567.9462132453918, 1467.4922690778199, 1922.0520098974357
568.5485696792603, 1467.5866907671727, 1923.8773610418134
569.0651862621307, 1467.4725071620214, 1923.9981125548293
569.5708315372467, 1467.960752020726, 1920.0018449209315
570.0655064582825, 1468.0602874954543, 1920.0717222014632
570.5532007217407, 1470.1211652173536, 1916.4405789772372
571.0588445663452, 1468.4950651517734, 1916.573249482074
571.5415513515472, 1469.6739015656156, 1916.3310222745633
572.0691380500793, 1470.3069618959719, 1914.2022214225658
572.4381518363953, 1470.3069618959719, 1914.2022214225658
573.0495114326477, 1468.5482713847646, 1914.9028698670095
573.4354774951935, 1468.5482713847646, 1914.9028698670095
574.0647919178009, 1468.0622703383224, 1914.5178309528403
574.5465013980865, 1467.4397607405358, 1914.7384415482736
574.9384505748749, 1467.4397607405358, 1914.7384415482736
575.5418343544006, 1467.4938739232323, 1914.668888264208
576.0584514141083, 1467.78161693889, 1914.6961169375058
576.5511305332184, 1468.5005374319876, 1915.29612212884
577.0677461624146, 1468.5114158876002, 1914.9845176907368
577.4417450428009, 1468.5114158876002, 1914.9845176907368
578.0690639019012, 1468.5906409339646, 1915.4345257305358
578.4380748271942, 1468.5906409339646, 1915.4345257305358
579.051432132721, 1469.2695891206188, 1914.1217506276262
579.4344055652618, 1469.2695891206188, 1914.1217506276262
580.04776263237, 1467.434555773676, 1914.6819498949003
580.4337306022644, 1467.434555773676, 1914.6819498949003
580.9294011592865, 1467.434555773676, 1914.6819498949003
581.460976600647, 1467.434555773676, 1914.6819498949003
581.9456799030304, 1467.434555773676, 1914.6819498949003
582.4573078155518, 1467.434555773676, 1914.6819498949003
583.0537099838257, 1467.1144931639697, 1990.7754340351985
583.543399810791, 1467.3391963240715, 2056.7005446607304
584.0630056858063, 1468.8074065754624, 2058.1328508650645
584.4340114593506, 1468.8074065754624, 2058.1328508650645
584.931679725647, 1468.8074065754624, 2058.1328508650645
585.5430409908295, 1468.9767910188734, 1942.9349531696018
585.9339928627014, 1468.9767910188734, 1942.9349531696018
586.5463531017303, 1469.1256691754036, 1765.8288107853398
587.0859079360962, 1469.9481263848518, 1629.15097747761
587.4449450969696, 1469.9481263848518, 1629.15097747761
588.0592992305756, 1466.6841862364204, 1492.5227161843618
588.4382843971252, 1466.6841862364204, 1492.5227161843618
589.0745792388916, 1467.9132422447442, 1337.6734693932003
589.5712490081787, 1468.6611700520004, 1254.9326313007607
590.0788908004761, 1468.9091668884744, 1252.327272348869
590.4548814296722, 1468.9091668884744, 1252.327272348869
591.0682382583618, 1469.7022727346755, 1253.2729243912636
591.4591908454895, 1469.7022727346755, 1253.2729243912636
592.0705540180206, 1468.2811539201703, 1253.6845939387495
592.4515326023102, 1468.2811539201703, 1253.6845939387495
592.9452095031738, 1468.2811539201703, 1253.6845939387495
593.4648172855377, 1468.2811539201703, 1253.6845939387495
594.0821635723114, 1468.9531610404008, 1204.2247235534728
594.5578892230988, 1469.2637968574238, 1201.3409305408918
594.9638025760651, 1469.2637968574238, 1201.3409305408918
595.4554841518402, 1469.2637968574238, 1201.3409305408918
595.9591345787048, 1469.2637968574238, 1201.3409305408918
596.4518148899078, 1469.2637968574238, 1201.3409305408918
596.9494826793671, 1469.2637968574238, 1201.3409305408918
597.4561243057251, 1469.2637968574238, 1201.3409305408918
598.0734701156616, 1468.3482215209112, 1197.0431545546319
598.4624285697937, 1468.3482215209112, 1197.0431545546319
599.0947351455688, 1469.415412469852, 1196.5263771772181
599.4557676315308, 1469.415412469852, 1196.5263771772181
600.0691256523132, 1469.037152375238, 1205.932998505101
600.5737738609314, 1468.6919815301274, 1206.95187398783
600.9517590999603, 1468.6919815301274, 1206.95187398783
601.4623918533325, 1468.6919815301274, 1206.95187398783
602.087717294693, 1468.4590953434772, 1205.7087545008026
602.4547345638275, 1468.4590953434772, 1205.7087545008026
603.0650997161865, 1469.046346857729, 1205.9192910889033
603.4550528526306, 1469.046346857729, 1205.9192910889033
604.0833694934845, 1468.8394348162524, 1210.944655773234
604.482302904129, 1468.8394348162524, 1210.944655773234
605.0986497402191, 1468.5312637824281, 1211.8539882580203
605.4616768360138, 1468.5312637824281, 1211.8539882580203
606.0830125808716, 1468.8716253016612, 1211.1444648301585
606.5806791782379, 1467.401855727864, 1211.4887804467944
606.973626613617, 1467.401855727864, 1211.4887804467944
607.5740177631378, 1468.1708202226134, 1214.9644442426636
608.1075887680054, 1468.0097075632602, 1215.389769580527
608.4726102352142, 1468.0097075632602, 1215.389769580527
608.96728682518, 1468.0097075632602, 1215.389769580527
609.460963010788, 1468.0097075632602, 1215.389769580527
610.0842924118042, 1467.6135754553952, 1219.219977330417
610.6228494644165, 1467.2708373063028, 1219.8261418393647
610.9898662567139, 1467.2708373063028, 1219.8261418393647
611.582279920578, 1466.7366234131227, 1219.7999132597085
612.1068775653839, 1467.6952758608084, 1220.0175776931965
612.4659128189087, 1467.6952758608084, 1220.0175776931965
613.0812637805939, 1467.044558534363, 1225.7638702837703
613.4742114543915, 1467.044558534363, 1225.7638702837703
614.0995354652405, 1467.506251839723, 1225.3669240445452
614.6141571998596, 1466.3960827088906, 1224.6330733096604
614.9801771640778, 1466.3960827088906, 1224.6330733096604
615.5885465145111, 1466.4064448808936, 1226.6807026695988
615.9765071868896, 1466.4064448808936, 1226.6807026695988
616.5828833580017, 1467.4322390040495, 1227.3332772495933
616.9708437919617, 1467.4322390040495, 1227.3332772495933
617.4705049991608, 1467.4322390040495, 1227.3332772495933
617.9701657295227, 1467.4322390040495, 1227.3332772495933
618.4668352603912, 1467.4322390040495, 1227.3332772495933
618.9664967060089, 1467.4322390040495, 1227.3332772495933
619.4641637802124, 1467.4322390040495, 1227.3332772495933
620.0825071334839, 1467.0651560300319, 1231.4903629571047
620.4884216785431, 1467.0651560300319, 1231.4903629571047
621.0937995910645, 1466.625778491483, 1231.3642151605313
621.5894691944122, 1466.5369110990214, 1231.4368511066662
622.0961117744446, 1466.0568645849764, 1231.574799654955
622.4651231765747, 1466.0568645849764, 1231.574799654955
622.9777503013611, 1466.0568645849764, 1231.574799654955
623.583128452301, 1466.0976593776538, 1232.5728394974353
624.0967524051666, 1465.3595073603346, 1236.6923155768372
624.5774645805359, 1466.2229536030388, 1236.2309777495507
625.090092420578, 1465.7546451725073, 1236.1680617485829
625.5718004703522, 1465.2368175262056, 1236.6363341629449
625.9757187366486, 1465.2368175262056, 1236.6363341629449
626.4693975448608, 1465.2368175262056, 1236.6363341629449
627.0867421627045, 1465.8082910627816, 1236.1666835880524
627.5903925895691, 1464.1758802090185, 1238.5506489241145
627.9753613471985, 1464.1758802090185, 1238.5506489241145
628.4680414199829, 1464.1758802090185, 1238.5506489241145
629.0893771648407, 1465.7486041129187, 1241.4438314351114
629.5810594558716, 1464.914366693932, 1241.8978741410974
630.0926892757416, 1463.7674415737736, 1242.7334190483748
630.4756627082825, 1463.7674415737736, 1242.7334190483748
630.9733295440674, 1463.7674415737736, 1242.7334190483748
631.5807030200958, 1465.9987892373722, 1237.0052197166262
632.1042995452881, 1466.4823668752094, 1237.3735453633903
632.5959827899933, 1466.3274277093365, 1237.1491663675954
632.9669892787933, 1466.3274277093365, 1237.1491663675954
633.5873267650604, 1466.1840488856453, 1235.7535778104927
633.9792761802673, 1466.1840488856453, 1235.7535778104927
634.5816628932953, 1466.908878299751, 1234.1760148730002
635.0962846279144, 1467.036579898562, 1235.2229352806212
635.5879671573639, 1465.939537853951, 1234.1660572396631
636.0985991954803, 1466.4977254064838, 1234.799687612362
636.5783150196075, 1465.0711199110958, 1234.7451039698894
637.0919370651245, 1465.4275587592197, 1234.803959878102
637.5836515426636, 1466.4283053951224, 1234.4824554675727
637.968588590622, 1466.4283053951224, 1234.4824554675727
638.5849385261536, 1465.2334530826663, 1235.0001084595067
638.9709041118622, 1465.2334530826663, 1235.0001084595067
639.5822658538818, 1463.735324593965, 1234.6977372725892
640.1567275524139, 1464.8301618088415, 1234.9346906484725
640.4758715629578, 1464.8301618088415, 1234.9346906484725
641.0842413902283, 1464.889000900092, 1234.7818090782018
641.4981331825256, 1464.470906547093, 1234.5590771952475
641.6237962245941, 1464.470906547093, 1234.5590771952475
641.7664160728455, 1464.470906547093, 1234.5590771952475
642.1075298786163, 1465.8125901125127, 1234.2958822759513
642.577241897583, 1465.1057224302178, 1234.7271823210472
642.9691915512085, 1465.1057224302178, 1234.7271823210472
643.4688529968262, 1465.1057224302178, 1234.7271823210472
643.9645249843597, 1465.1057224302178, 1234.7271823210472
644.5280158519745, 1465.1627860379244, 1235.169494006351
644.7234926223755, 1465.1627860379244, 1235.169494006351
644.9688339233398, 1465.1627860379244, 1235.169494006351
645.0994849205017, 1465.1627860379244, 1235.169494006351
645.5732152462006, 1464.6989943374692, 1234.7637432891117
645.9661626815796, 1464.6989943374692, 1234.7637432891117
646.413964509964, 1464.197151090315, 1235.8120368572322
646.6523261070251, 1465.2955867439525, 1234.9752838507088
646.9684774875641, 1465.2955867439525, 1234.9752838507088
647.5868213176727, 1465.5007991965304, 1234.7854355760776
647.9338910579681, 1464.6481023418664, 1234.870129460049
648.1812279224396, 1464.9773804890112, 1234.8825397686467
648.4704542160034, 1464.9773804890112, 1234.8825397686467
649.1017618179321, 1465.8859779714483, 1234.4276660159303
649.3630619049072, 1465.660491439746, 1234.7499896131508
649.6034190654755, 1464.9749751407073, 1235.1267866490064
649.852751493454, 1464.7600153045407, 1234.9112206852708
649.9634552001953, 1464.7600153045407, 1234.9112206852708
650.0771489143372, 1464.7600153045407, 1234.9112206852708
650.3165085315704, 1465.2791856999602, 1234.7891739736376
650.5598559379578, 1464.9020361684097, 1234.6425635817293
650.668564081192, 1464.9020361684097, 1234.6425635817293
650.8989472389221, 1464.6415885176734, 1234.68574964919
651.1323223114014, 1464.6479297660364, 1234.5460089509447
651.292893409729, 1464.6479297660364, 1234.5460089509447
651.5312530994415, 1464.9966827722476, 1234.5194752722361
651.765625, 1465.0443894809198, 1234.9582642853356
652.0119700431824, 1464.533231684192, 1234.7666340072315
652.1196768283844, 1464.533231684192, 1234.7666340072315
652.3650193214417, 1464.6411817351793, 1234.8220124671857
652.4667761325836, 1464.6411817351793, 1234.8220124671857
652.6941375732422, 1465.2874750056878, 1235.094772706859
652.9883496761322, 1465.2874750056878, 1235.094772706859
653.5897386074066, 1464.9512264243529, 1234.764477549814
654.0993747711182, 1464.4698658975392, 1234.5670269704192
654.594048500061, 1466.4056512368736, 1234.449204484013
655.093709230423, 1464.9719753327613, 1234.196879564641
655.4687042236328, 1464.9719753327613, 1234.196879564641
656.0890426635742, 1464.758027316, 1234.6203671428868
656.5787308216095, 1465.3702707127215, 1235.0404143340904
657.1083121299744, 1466.3276371927964, 1234.5315033007168
657.4344379901886, 1464.8090928026236, 1234.7204641771082
657.5501279830933, 1464.8090928026236, 1234.7204641771082
658.0976614952087, 1464.1997098319378, 1234.6475853172772
658.4626836776733, 1464.1997098319378, 1234.6475853172772
659.0840194225311, 1464.8531924563, 1234.7537529103035
659.5986409187317, 1464.2708468491758, 1234.7666280775998
659.9726400375366, 1464.2708468491758, 1234.7666280775998
660.629878282547, 1466.6842480314865, 1235.529785954646
660.9749531745911, 1466.6842480314865, 1235.529785954646
661.579333782196, 1464.768572743754, 1234.6858596351008
661.9702866077423, 1464.768572743754, 1234.6858596351008
662.5836434364319, 1465.0205952086296, 1234.7711240053636
663.0992622375488, 1464.6173822283106, 1234.6218322972634
663.4692716598511, 1464.6173822283106, 1234.6218322972634
664.1105537414551, 1465.130301726719, 1234.733413101277
664.5922622680664, 1464.967205838209, 1234.8888683265805
665.0989151000977, 1464.5643960092007, 1234.6454071415926
665.4768924713135, 1464.5643960092007, 1234.6454071415926
666.1072051525116, 1466.3492936986952, 1235.408167482074
666.4871864318848, 1466.3492936986952, 1235.408167482074
666.9858515262604, 1466.3492936986952, 1235.408167482074
667.4845139980316, 1466.3492936986952, 1235.408167482074
668.0988688468933, 1465.5576922075306, 1235.0185571677928
668.4818420410156, 1465.5576922075306, 1235.0185571677928
669.1211297512054, 1464.4776828309402, 1234.7415169034036
669.6197936534882, 1466.1392153760883, 1234.4335283349835
670.1174635887146, 1464.9786968443793, 1234.87038598656
670.4794907569885, 1464.9786968443793, 1234.87038598656
671.1028213500977, 1464.919084692274, 1234.8097859307568
671.4847989082336, 1464.919084692274, 1234.8097859307568
672.0971570014954, 1466.1648070054162, 1234.4200571968847
672.5020730495453, 1466.1648070054162, 1234.4200571968847
673.1164267063141, 1464.379695466726, 1234.677895814
673.5931503772736, 1464.9463595512916, 1234.808013462822
674.1237277984619, 1464.6037635711082, 1234.6637725864723
674.5874853134155, 1465.2230849708428, 1235.2755518455745
675.1160690784454, 1465.8183607613985, 1235.1751465148168
675.4840841293335, 1465.8183607613985, 1235.1751465148168
675.9977128505707, 1465.8183607613985, 1235.1751465148168
676.616051197052, 1464.2465744902142, 1234.613246746684
677.0080010890961, 1464.2465744902142, 1234.613246746684
677.5994164943695, 1465.8069831695334, 1234.1702559111386
678.1150357723236, 1464.3101167864806, 1234.7295088296048
678.5987393856049, 1464.665759107804, 1234.8018233320608
679.1193451881409, 1466.0016745196592, 1234.4354681919913
679.6479284763336, 1465.3457425886884, 1234.8653397471169
680.1106894016266, 1464.336667172566, 1234.5784115364495
680.6143395900726, 1464.8537385419193, 1234.793067902197
681.116993188858, 1466.042832026692, 1234.4326042488717
681.4879992008209, 1466.042832026692, 1234.4326042488717
681.9866652488708, 1466.042832026692, 1234.4326042488717
682.4843318462372, 1466.042832026692, 1234.4326042488717
683.1086578369141, 1464.9162096339028, 1234.9375653384104
683.6053273677826, 1465.4260169926931, 1235.0577737927765
684.0092449188232, 1465.4260169926931, 1235.0577737927765
684.5049171447754, 1465.4260169926931, 1235.0577737927765
685.113287448883, 1465.1918371318357, 1235.2186595478242
685.4982557296753, 1465.1918371318357, 1235.2186595478242
686.1096184253693, 1464.2028592508689, 1234.5746716582116
686.6162612438202, 1465.6079571613886, 1234.0520282207501
687.0032241344452, 1465.6079571613886, 1234.0520282207501
687.6345336437225, 1465.446813070335, 1234.4779564821479
688.1322002410889, 1466.3523586555418, 1234.505378551959
688.5012111663818, 1466.3523586555418, 1234.505378551959
689.0068564414978, 1466.3523586555418, 1234.505378551959
689.5035254955292, 1466.3523586555418, 1234.505378551959
689.9991998672485, 1466.3523586555418, 1234.505378551959
690.6045758724213, 1465.0017894271507, 1234.815612698301
691.0025100708008, 1465.0017894271507, 1234.815612698301
691.5101506710052, 1465.0017894271507, 1234.815612698301
692.147442817688, 1465.7504350662498, 1234.3979856165095
692.5254302024841, 1465.7504350662498, 1234.3979856165095
693.008138179779, 1465.7504350662498, 1234.3979856165095
693.6264805793762, 1464.413384612582, 1234.9131287408172
694.1500778198242, 1466.276398216228, 1234.2384564249533
694.5111107826233, 1466.276398216228, 1234.2384564249533
695.1334443092346, 1465.180884374744, 1234.1252708400425
695.5144248008728, 1465.180884374744, 1234.1252708400425
696.0200684070587, 1465.180884374744, 1234.1252708400425
696.6334264278412, 1465.0295046975757, 1235.0201459600382
697.177966594696, 1466.0023416779275, 1234.5245047842889
697.5240390300751, 1466.0023416779275, 1234.5245047842889
698.0157220363617, 1466.0023416779275, 1234.5245047842889
698.624094247818, 1465.208805807366, 1234.8335331243525
699.144698381424, 1465.7475970981984, 1234.085452455279
699.6583225727081, 1466.180294235072, 1233.4953599102002
700.0183570384979, 1466.180294235072, 1233.4953599102002
700.5299859046936, 1466.180294235072, 1233.4953599102002
701.0206727981567, 1466.180294235072, 1233.4953599102002
701.6290421485901, 1464.3389789011621, 1234.5382638226156
702.0259792804718, 1464.3389789011621, 1234.5382638226156
702.6323537826538, 1464.4442641546757, 1234.5541471566862
703.0572164058685, 1464.4442641546757, 1234.5541471566862
703.6256937980652, 1465.5706557784274, 1233.9786509157832
704.1482930183411, 1464.6864690560162, 1234.8743056161793
704.5202968120575, 1464.6864690560162, 1234.8743056161793
705.0339202880859, 1464.6864690560162, 1234.8743056161793
705.6243388652802, 1464.1492437160148, 1234.6534277680068
706.018285036087, 1464.1492437160148, 1234.6534277680068
706.637624502182, 1465.136046475094, 1234.867247394297
706.759298324585, 1465.136046475094, 1234.867247394297
706.8819694519043, 1465.136046475094, 1234.867247394297
707.1372871398926, 1464.7526500595911, 1234.6994145510632
707.2509825229645, 1464.7526500595911, 1234.6994145510632
707.4833588600159, 1466.2385308094526, 1234.4972085512675
708.0418620109558, 1466.2385308094526, 1234.4972085512675
708.6342759132385, 1465.2561053915101, 1234.1235304641805
709.1419150829315, 1464.5883777332735, 1234.6232012813377
709.5149164199829, 1464.5883777332735, 1234.6232012813377
710.0125825405121, 1464.5883777332735, 1234.6232012813377
710.6458864212036, 1462.8386055231867, 1113.510659092057
711.0398309230804, 1462.8386055231867, 1113.510659092057
711.5215401649475, 1462.8386055231867, 1113.510659092057
712.013222694397, 1462.8386055231867, 1113.510659092057
712.5108902454376, 1462.8386055231867, 1113.510659092057
713.1222519874573, 1464.5074561481592, 883.0594446770535
713.6309032440186, 1464.970043209783, 883.4970885165026
714.1395263671875, 1465.3683239436698, 884.0191029558446
714.6182458400726, 1463.9144197045632, 868.6875303601269
715.0231609344482, 1463.9144197045632, 868.6875303601269
715.6235506534576, 1463.6593612784843, 747.9932311507271
716.014505147934, 1463.6593612784843, 747.9932311507271
716.6268637180328, 1463.739169125875, 747.9116611515988
717.0198106765747, 1463.739169125875, 747.9116611515988
717.6271834373474, 1464.1420949588555, 747.9523981902915
718.1398108005524, 1463.7533758211896, 747.685608547261
718.6375052928925, 1463.6002636182327, 747.8102797993453
719.1580820083618, 1465.031328575542, 747.2364702052097
719.6687142848969, 1465.7483292498598, 747.4278489925273
720.1593997478485, 1463.8776293606854, 747.0352437179733
720.5214297771454, 1463.8776293606854, 747.0352437179733
721.1567299365997, 1464.78692406664, 748.8397338472713
721.6334507465363, 1463.960695042533, 749.9234531693008
722.1470763683319, 1465.271706933198, 749.4048097247788
722.6317758560181, 1463.9510862323946, 749.6425567976635
723.0317049026489, 1463.9510862323946, 749.6425567976635
723.522390127182, 1463.9510862323946, 749.6425567976635
724.15469622612, 1466.1585080150344, 751.3725704568477
724.5187211036682, 1466.1585080150344, 751.3725704568477
725.144045829773, 1465.1516830170474, 752.3990724642256
725.5190417766571, 1465.1516830170474, 752.3990724642256
726.0336630344391, 1465.1516830170474, 752.3990724642256
726.5313293933868, 1465.1516830170474, 752.3990724642256
727.1506700515747, 1463.273786466994, 752.9206147209028
727.6503314971924, 1463.469446941329, 754.7872936013042
728.1479983329773, 1464.0766387208027, 754.1103819777697
728.6466624736786, 1464.2518259620988, 754.1653993624965
729.1553020477295, 1463.8741977941745, 755.2203394073141
729.518326997757, 1463.8741977941745, 755.2203394073141
730.0259690284729, 1463.8741977941745, 755.2203394073141
730.525628566742, 1463.8741977941745, 755.2203394073141
731.033269405365, 1463.8741977941745, 755.2203394073141
731.5259485244751, 1463.8741977941745, 755.2203394073141
732.0216209888458, 1463.8741977941745, 755.2203394073141
732.6359751224518, 1466.284343027435, 756.144181689721
733.0468745231628, 1466.284343027435, 756.144181689721
733.632306098938, 1464.3369702893492, 755.8810787956794
734.1668741703033, 1465.5819554005066, 756.3928061715407
734.6715517044067, 1464.4191505941612, 756.740377095502
735.0375425815582, 1464.4191505941612, 756.740377095502
735.6499135494232, 1464.5826321417185, 758.4945401443732
736.0468380451202, 1464.5826321417185, 758.4945401443732
736.6482276916504, 1465.7050763046443, 758.4672311795089
737.151878118515, 1462.7647755590208, 758.5655742971201
737.6455554962158, 1464.2527077123386, 758.8053452331825
738.1711463928223, 1463.2915074194711, 759.076414885807
738.643880367279, 1463.8419751331053, 760.4401528117044
739.0308439731598, 1463.8419751331053, 760.4401528117044
739.6442012786865, 1461.7871478526017, 760.6654316612979
740.1608183383942, 1463.0155630212894, 759.590220699962
740.5318522453308, 1463.0155630212894, 759.590220699962
741.0215132236481, 1463.0155630212894, 759.590220699962
741.656809091568, 1462.6229137258695, 761.7587630612194
742.1883845329285, 1464.2953886577707, 762.5139990829325
742.5194990634918, 1464.2953886577707, 762.5139990829325
743.0411002635956, 1464.2953886577707, 762.5139990829325
743.681384563446, 1463.9424675435516, 761.3927413820251
744.1900224685669, 1462.4315532306846, 763.0067054134465
744.5321080684662, 1462.4315532306846, 763.0067054134465
745.1654126644135, 1463.7932700629683, 764.4706977291589
745.6630761623383, 1462.4808932660624, 763.9955836955018
746.0330858230591, 1462.4808932660624, 763.9955836955018
746.6803514957428, 1463.2991967204205, 764.3611259305084
747.0523552894592, 1463.2991967204205, 764.3611259305084
747.6786768436432, 1461.5271987986553, 764.889162367946
748.1783378124237, 1463.2090516436092, 764.4695754806634
748.6630561351776, 1463.1830563235774, 764.0378035888496
749.1706802845001, 1461.9171223921203, 764.7826843368465
749.6454074382782, 1461.6621347692574, 763.6714743964768
750.0353643894196, 1461.6621347692574, 763.6714743964768
750.6517119407654, 1461.460447123093, 763.5534796642056
751.1513743400574, 1463.1090669706641, 764.9160707353504
751.5532982349396, 1463.1090669706641, 764.9160707353504
752.1536893844604, 1461.7019063623818, 764.7350663655317
752.5256922245026, 1461.7019063623818, 764.7350663655317
753.0323340892792, 1461.7019063623818, 764.7350663655317
753.5459580421448, 1461.7019063623818, 764.7350663655317
754.1543292999268, 1462.7366453022194, 764.0579099311573
754.5273289680481, 1462.7366453022194, 764.0579099311573
755.0249953269958, 1462.7366453022194, 764.0579099311573
755.6602938175201, 1461.975327514939, 764.89103375764
756.1599564552307, 1461.8244183754707, 764.4604637718488
756.6426620483398, 1461.4597755018515, 763.6464110945354
757.170248746872, 1462.1401174014065, 764.3852517589474
757.5183162689209, 1462.1401174014065, 764.3852517589474
758.1416463851929, 1462.1107888864412, 764.7736264483659
758.5236229896545, 1462.1107888864412, 764.7736264483659
759.0212910175323, 1462.1107888864412, 764.7736264483659
759.6565883159637, 1462.8453816386163, 764.4253212166843
760.1622331142426, 1461.9529786399867, 764.8017007728644
760.6459376811981, 1462.8415808668553, 763.9846096916076
761.5864179134369, 2582.9997608454723, 497.0004177580547
762.5179226398468, 3790.988815591852, 20.0
763.3596670627594, 3790.988815591852, 20.0
763.8712985515594, 3790.988815591852, 20.0
764.486649274826, 1619.4942988105204, 202.99344124506692
765.4919562339783, 3365.9949237879473, 2849.5882023344884
766.1342346668243, 1462.824884279033, 763.8441522174925
767.0158731937408, 1387.9929649161786, 241.32573209853817
767.9294250011444, 1387.9929649161786, 241.32573209853817
768.8908495903015, 1387.9929649161786, 241.32573209853817
769.388516664505, 1387.9929649161786, 241.32573209853817
769.9470202922821, 1387.9929649161786, 241.32573209853817
770.8186864852905, 694.9998383612501, 1445.8654842114736
771.1627631187439, 1461.5359462462266, 764.6357492168123
771.5237956047058, 1461.5359462462266, 764.6357492168123
772.0324335098267, 1461.5359462462266, 764.6357492168123
772.526141166687, 1461.5359462462266, 764.6357492168123
773.5374026298523, 2710.9499168682514, 116.00008119041394
774.4030821323395, 2710.9499168682514, 116.00008119041394
774.9356579780579, 2725.936509078339, 776.0000214959108
775.8043282032013, 2725.936509078339, 776.0000214959108
776.4585757255554, 385.0114949243664, 799.6816656192499
777.1557083129883, 1463.777049348716, 764.352553145857
777.6952638626099, 1392.81301428293, 24.371019752292867
778.3535001277924, 1940.8179616051798, 294.50000001006174
778.7215139865875, 1940.8179616051798, 294.50000001006174
779.2570786476135, 431.49999999935994, 1708.4999999947395
779.6709716320038, 1465.0232572842215, 763.4490962695254
780.251415014267, 143.00005700205705, 400.9999956501047
781.0572559833527, 1144.010254858725, 1141.9983262408002
781.6446821689606, 1462.7835156432714, 764.0427746698041
782.1533198356628, 1461.8733886901312, 763.6301344138083
782.5243272781372, 1461.8733886901312, 763.6301344138083
783.0199978351593, 1461.8733886901312, 763.6301344138083
784.1619396209717, 983.0004991247365, 118.00887711688512
784.7942447662354, 68.02370865980696, 1475.000577516543
785.1901836395264, 68.02370865980696, 1475.000577516543
785.9571297168732, 3689.9923867328916, 1844.998921754203
786.7200863361359, 2809.9999999977654, 2022.4999999971362
787.6236650943756, 2852.008853377594, 2660.500000000016
788.5212602615356, 3050.015253725787, 827.9925174206157
789.3809571266174, 3050.015253725787, 827.9925174206157
789.6671903133392, 1463.6597792150094, 764.2603848904592
790.4929780960083, 73.01243342273925, 2660.012636579857
791.1581962108612, 1458.4924068336932, 764.4100997420883
791.6618466377258, 1461.2439142863, 764.4081382835731
792.1625366210938, 1462.8204529911295, 763.904532047907
792.5564506053925, 1462.8204529911295, 763.904532047907
793.1797797679901, 1462.7108480346672, 763.7215564092515
793.6624872684479, 1461.4057368652796, 764.5337694112967
794.0554347038269, 1461.4057368652796, 764.5337694112967
794.9689869880676, 928.4670703895891, 2824.7728442351927
796.0800104141235, 264.0001243832612, 602.0000193371643
796.7582061290741, 2073.9999801477766, 373.9992554775737
797.1690940856934, 1463.3551063124273, 764.1794423816913
797.678727388382, 1472.8044939017554, 759.9899092040561
798.0756642818451, 1472.8044939017554, 759.9899092040561
799.0031807422638, 2271.01077827049, 20.0
799.6693947315216, 1462.1729174505097, 764.4113418887977
800.0523691177368, 1462.1729174505097, 764.4113418887977
800.5500359535217, 1462.1729174505097, 764.4113418887977
801.1633930206299, 1463.3882214447615, 764.4932257146601
801.6630551815033, 1462.2577019391183, 764.1883359755268
802.1866517066956, 1462.6259984147976, 764.0707274308711
802.6454231739044, 1462.6049133479592, 764.1940144165086
803.186972618103, 1462.816487401423, 764.2829734245892
803.6686804294586, 1462.9690558792893, 764.1624719877204
804.1743259429932, 1461.6878371714536, 764.6327832166795
804.6650123596191, 1463.0793322802863, 764.4366893565448
805.1836221218109, 1462.8389484454779, 764.3290254251405
805.6693208217621, 1462.6291352711912, 764.3931825105891
806.0403270721436, 1462.6291352711912, 764.3931825105891
806.5499632358551, 1462.6291352711912, 764.3931825105891
807.1792769432068, 1461.8501492433236, 764.1234012528598
807.6569957733154, 1462.7745824112571, 764.3114385428058
808.2294774055481, 1462.141404017428, 764.8510343807808
808.6742742061615, 1463.100198885055, 764.1864890407018
809.0482685565948, 1463.100198885055, 764.1864890407018
809.6735942363739, 1462.6066655939626, 764.3134975413029
810.045597076416, 1462.6066655939626, 764.3134975413029
810.674914598465, 1462.669280038925, 764.1120327201476
811.0598800182343, 1462.669280038925, 764.1120327201476
811.6702454090118, 1462.6672539487752, 764.1428648122272
812.0831384658813, 1462.6672539487752, 764.1428648122272
812.5429067611694, 1462.6672539487752, 764.1428648122272
813.162248134613, 1463.5875347785839, 764.0417781468778
813.6678936481476, 1462.6409189497108, 763.5447273864319
814.0448830127716, 1462.6409189497108, 763.5447273864319
814.6871621608734, 1464.8693429421276, 765.2807379963782
815.0492243766785, 1464.8693429421276, 765.2807379963782
815.6715264320374, 1465.0815797814453, 763.6998344997406
816.1811602115631, 1464.449457962582, 763.1660808501994
816.5481765270233, 1464.449457962582, 763.1660808501994
817.0468416213989, 1464.449457962582, 763.1660808501994
817.5435109138489, 1464.449457962582, 763.1660808501994
818.0591289997101, 1464.449457962582, 763.1660808501994
819.0574555397034, 1166.5790317323874, 2599.009541113296
820.077722787857, 63.987115254909, 2734.990772940819
820.9743192195892, 63.987115254909, 2734.990772940819
821.6674625873566, 1624.7851637521887, 493.229819600079
822.0484414100647, 1624.7851637521887, 493.229819600079
822.6777558326721, 1557.08066224413, 474.9564896493847
823.1754224300385, 1603.7093238177292, 419.72223638118203
823.6561350822449, 1578.7962258267148, 312.9828497032948
824.1837313175201, 1630.747392126367, 105.03970307619765
824.6793949604034, 1681.6833188860714, 88.1825736516675
825.0813176631927, 1681.6833188860714, 88.1825736516675
825.6876924037933, 1719.6239759441196, 78.66558765140701
826.1883511543274, 1760.473599867999, 68.02701107708437
826.7019758224487, 1766.3674044601985, 66.1042850845957
827.4250392913818, 1562.9987541054948, 1515.9999811623109
828.3266229629517, 1562.9987541054948, 1515.9999811623109
829.1244852542877, 2032.9903479055204, -1.725242398820897
829.9592487812042, 2032.9903479055204, -1.725242398820897
830.5217423439026, 1800.9857098373163, 2266.5053780159283
831.3684742450714, 1800.9857098373163, 2266.5053780159283
832.0466570854187, 2644.992308748465, 564.0000912313585
832.9233095645905, 1072.9999693786954, 419.99995959473006
833.3172540664673, 1072.9999693786954, 419.99995959473006
834.1420452594757, 331.99697046203426, 1482.996956112845
835.0236828327179, 113.00009660436601, 115.0000465067185
835.83052110672, 2905.499999994253, 2498.999999999999
836.5206708908081, 389.00004634428035, 592.838864953878
838.0974471569061, 1929.9952672640445, 373.99086175177655
838.9910542964935, 1929.9952672640445, 373.99086175177655
840.0412395000458, 1929.9952672640445, 373.99086175177655
840.9916932582855, 1929.9952672640445, 373.99086175177655
841.981043100357, 1929.9952672640445, 373.99086175177655
843.0471873283386, 1929.9952672640445, 373.99086175177655
844.0295584201813, 1929.9952672640445, 373.99086175177655
845.0837316513062, 29.014089247464824, 374.4999999999997
845.9942924976349, 29.014089247464824, 374.4999999999997
847.1531879901886, 2515.012702337235, 1628.9833279019097
848.0029103755951, 2515.012702337235, 1628.9833279019097
848.9523665904999, 2515.012702337235, 1628.9833279019097
849.4460446834564, 2852.5635994017257, 377.95058621690504
849.8280212879181, 2852.5635994017257, 377.95058621690504
850.3167123794556, 2852.5635994017257, 377.95058621690504
850.8841915130615, 3196.999983403816, 84.00048262466342
851.2641742229462, 3196.999983403816, 84.00048262466342
851.7668273448944, 3196.999983403816, 84.00048262466342
852.2595069408417, 3196.999983403816, 84.00048262466342
852.9676105976105, 3768.4999999823217, 2480.9981925212787
854.0167994499207, 2329.041831875958, 1270.601825824233
854.938330411911, 2329.041831875958, 1270.601825824233
855.3053483963013, 2625.7193837243994, 2954.431898723266
855.8169784545898, 1493.0000224154703, 943.3278641864891
857.466558933258, 2022.9997763503902, 319.0000224797849
858.3422136306763, 3084.0010348679043, 1014.0340994169487
858.6882860660553, 3084.0010348679043, 1014.0340994169487
859.4532361030579, 2269.9922339629347, 1738.7111229918557
860.0536277294159, 1342.999992042371, 2847.990432901537
860.9223005771637, 1342.999992042371, 2847.990432901537
861.4149796962738, 1342.999992042371, 2847.990432901537
861.7949621677399, 997.0085646574706, 1549.000000004354
862.1948931217194, 1293.97762745918, 204.75547971425453
862.5878391265869, 1293.97762745918, 204.75547971425453
863.065557718277, 1293.97762745918, 204.75547971425453
863.6868937015533, 1282.8621255381477, 597.1540222248282
864.0788445472717, 1282.8621255381477, 597.1540222248282
864.6931974887848, 1278.7585491501839, 598.6971200479636
865.1988430023193, 1277.2771554558838, 597.4657395234685
865.5698506832123, 1277.2771554558838, 597.4657395234685
866.1911857128143, 1277.3717702027243, 595.5449592552753
866.7068033218384, 1279.876558453272, 593.1212633735112
867.201479434967, 1282.0609501002696, 579.193577242426
867.6961531639099, 1279.5073180649913, 211.88112225132926
868.0721457004547, 1279.5073180649913, 211.88112225132926
868.6994650363922, 1295.5240585846395, 1698.6110861017112
869.2160818576813, 1295.4409372717384, 1693.566283375165
869.6987891197205, 1297.0966075378794, 1507.4789329672953
870.2413346767426, 1293.8578546125752, 986.9253191025845
870.7140679359436, 1292.7835500070696, 985.5380514104153
871.232679605484, 1292.9814517786158, 985.8820767046739
871.5837383270264, 1292.9814517786158, 985.8820767046739
872.2000868320465, 1293.5088756906, 985.9868756088441
872.5940310955048, 1293.5088756906, 985.9868756088441
873.073746919632, 1293.5088756906, 985.9868756088441
873.6990730762482, 1291.7658761317, 985.714260187856
873.8466773033142, 1291.7658761317, 985.714260187856
873.9753310680389, 1291.7658761317, 985.714260187856
874.2525882720947, 1293.029169943765, 986.1051645318354
874.3682818412781, 1293.029169943765, 986.1051645318354
874.6555089950562, 1293.5005111697328, 986.1208281401072
874.9826321601868, 1292.0902925488083, 986.5953335082017
875.2090260982513, 1292.897700840624, 986.2947594876762
875.4922671318054, 1293.1231587461334, 986.4713641332992
875.6279046535492, 1293.1231587461334, 986.4713641332992
875.7555618286133, 1293.1231587461334, 986.4713641332992
876.0088832378387, 1293.061866431793, 986.510788144822
876.1365411281586, 1293.061866431793, 986.510788144822
876.2632024288177, 1293.061866431793, 986.510788144822
876.7129971981049, 1293.5618353634043, 986.1833175606902
877.2445738315582, 1292.9426790261798, 985.972789605574
877.3911800384521, 1292.9426790261798, 985.972789605574
877.5886511802673, 1292.9426790261798, 985.972789605574
878.2518742084503, 1292.314510435887, 986.0265059518904
878.5770032405853, 1292.314510435887, 986.0265059518904
879.2003345489502, 1291.4224129953213, 985.5566315613322
879.5912861824036, 1291.4224129953213, 985.5566315613322
880.0729956626892, 1291.4224129953213, 985.5566315613322
880.5826303958893, 1291.4224129953213, 985.5566315613322
881.0822920799255, 1291.4224129953213, 985.5566315613322
881.7076165676117, 1291.1395419531173, 985.6328293475893
882.2142593860626, 1291.7238165119254, 985.96687800548
882.7388541698456, 1292.7386521544627, 986.3408977699262
883.2016141414642, 1292.4000275301275, 986.3068810974645
883.7182312011719, 1293.441307857052, 985.3576567814304
884.2178914546967, 1298.8234361829386, 985.3634853943347
884.6876335144043, 1303.940199336882, 994.241893295874
885.2172141075134, 1303.8840109332955, 993.7418129998975
885.5812392234802, 1303.8840109332955, 993.7418129998975
886.0988540649414, 1303.8840109332955, 993.7418129998975
886.6912653446198, 1305.6613276392416, 995.0826940914127
887.2058866024017, 1306.2331283575813, 995.187964051215
887.6885945796967, 1306.8182655706482, 995.3187808975181
888.2381219863892, 1306.591606209934, 995.8006413986836
888.6909084320068, 1306.6591779540754, 995.0130738435265
889.1925647258759, 1306.3906168728045, 994.5724759361889
889.5904986858368, 1306.3906168728045, 994.5724759361889
890.2118346691132, 1306.659640416056, 995.0010420489574
890.5738658905029, 1306.659640416056, 995.0010420489574
891.2131516933441, 1308.3451664476104, 995.5004267691899
891.68887758255, 1307.5536361170853, 995.9085444669649
892.1137392520905, 1307.5536361170853, 995.9085444669649
892.6941838264465, 1307.3378302388805, 995.9168259288055
893.242714881897, 1307.563432238079, 995.7490815827707
893.5818066596985, 1307.563432238079, 995.7490815827707
894.193167924881, 1305.4664867485421, 995.8394934420086
894.5651717185974, 1305.4664867485421, 995.8394934420086
895.2034621238708, 1308.176494576067, 994.5830482083411
895.5734708309174, 1308.176494576067, 994.5830482083411
896.1997923851013, 1307.775965641699, 995.693436399252
896.6954643726349, 1309.0619500108871, 994.5794179779492
897.232027053833, 1309.0619553523572, 993.7553858528556
897.7326855659485, 1311.1324424327531, 993.3958640227656
898.2104060649872, 1308.4351930429225, 992.7984371370284
898.693113565445, 1310.236192229883, 992.1902139404174
899.094039440155, 1310.236192229883, 992.1902139404174
899.7123830318451, 1309.7438415712586, 994.6621516588167
900.2270040512085, 1311.6930761696276, 995.3851048962282
900.5890338420868, 1311.6930761696276, 995.3851048962282
901.0876989364624, 1311.6930761696276, 995.3851048962282
901.7180092334747, 1308.7787890166521, 998.0279174556147
902.210690498352, 1309.3985105907825, 999.5114770482462
902.6844222545624, 1308.2040923348177, 998.9686081216698
903.2080175876617, 1311.385857805665, 999.8011870553423
903.5760326385498, 1311.385857805665, 999.8011870553423
904.2113296985626, 1309.169406593498, 1001.1239121348807
904.6920421123505, 1307.7156900109803, 1003.3051628569032
905.079005241394, 1307.7156900109803, 1003.3051628569032
905.5806617736816, 1307.7156900109803, 1003.3051628569032
906.0813207626343, 1307.7156900109803, 1003.3051628569032
906.7355673313141, 1309.3972195324327, 1004.4348616925779
907.2122900485992, 1308.4024633487415, 1004.5379102962224
907.7159414291382, 1309.0184998966222, 1002.9570848009313
908.2106170654297, 1308.3316868608808, 1002.9398544048037
908.592592716217, 1308.3316868608808, 1002.9398544048037
909.200962305069, 1308.527733762728, 1002.7098381624247
909.5809452533722, 1308.527733762728, 1002.7098381624247
910.2112572193146, 1306.9138298698, 1002.6626940647998
910.6869814395905, 1309.9949453784548, 1002.4562752308204
911.0908994674683, 1309.9949453784548, 1002.4562752308204
911.5985398292542, 1309.9949453784548, 1002.4562752308204
912.2278544902802, 1310.36239587224, 1002.286514267843
912.6038475036621, 1310.36239587224, 1002.286514267843
913.2441308498383, 1308.9795701345154, 1004.0516600067552
913.6141400337219, 1308.9795701345154, 1004.0516600067552
914.1038279533386, 1308.9795701345154, 1004.0516600067552
914.6024932861328, 1308.9795701345154, 1004.0516600067552
915.1221015453339, 1308.9795701345154, 1004.0516600067552
915.7354571819305, 1312.6613590154966, 1004.5167553018855
916.1044697761536, 1312.6613590154966, 1004.5167553018855
916.718822479248, 1309.4081966225176, 1003.453866284198
917.1157600879669, 1309.4081966225176, 1003.453866284198
917.6194112300873, 1309.4081966225176, 1003.453866284198
918.1031138896942, 1309.4081966225176, 1003.453866284198
918.7214574813843, 1308.384039347206, 1002.0387899896361
919.2490439414978, 1308.6883816311993, 1002.0532474721543
919.7327485084534, 1311.9509341504315, 1001.7057317235011
920.1047520637512, 1311.9509341504315, 1001.7057317235011
920.604415178299, 1311.9509341504315, 1001.7057317235011
921.1080636978149, 1311.9509341504315, 1001.7057317235011
921.6027383804321, 1311.9509341504315, 1001.7057317235011
922.1043946743011, 1311.9509341504315, 1001.7057317235011
922.6000664234161, 1311.9509341504315, 1001.7057317235011
923.2523210048676, 1309.5186521329545, 1000.9530243425783
923.7529783248901, 1309.5712193107092, 1001.9460294817465
924.1140127182007, 1309.5712193107092, 1001.9460294817465
924.7213854789734, 1309.2601395853833, 1002.4735233192869
925.2350082397461, 1310.949584837898, 1002.5547358324902
925.6030344963074, 1310.949584837898, 1002.5547358324902
926.2303426265717, 1311.2491773817485, 1002.6790943968447
926.6073315143585, 1311.2491773817485, 1002.6790943968447
927.1309292316437, 1311.2491773817485, 1002.6790943968447
927.7183587551117, 1307.8348860942347, 1006.9672529733002
928.1023271083832, 1307.8348860942347, 1006.9672529733002
928.6239287853241, 1307.8348860942347, 1006.9672529733002
929.1116240024567, 1307.8348860942347, 1006.9672529733002
929.613278388977, 1307.8348860942347, 1006.9672529733002
930.10595870018, 1307.8348860942347, 1006.9672529733002
930.7282915115356, 1307.642913091051, 1002.7292734244808
931.1022906303406, 1307.642913091051, 1002.7292734244808
931.6208999156952, 1307.642913091051, 1002.7292734244808
932.1026108264923, 1307.642913091051, 1002.7292734244808
932.7199692726135, 1308.9456113747576, 1001.7256138420172
933.2385678291321, 1309.451959847354, 1001.5001710974087
933.6035888195038, 1309.451959847354, 1001.5001710974087
934.2259225845337, 1308.0268802275134, 1002.6981726443694
934.6108908653259, 1308.0268802275134, 1002.6981726443694
935.1045689582825, 1308.0268802275134, 1002.6981726443694
935.7368738651276, 1310.5730936536143, 1000.7067910513196
936.2435164451599, 1308.580265644575, 999.9896742385635
936.7222402095795, 1310.4553808831233, 998.9049352754133
937.1072030067444, 1310.4553808831233, 998.9049352754133
937.7275409698486, 1309.790995568914, 998.2107221376173
938.1164989471436, 1309.790995568914, 998.2107221376173
938.6101756095886, 1309.790995568914, 998.2107221376173
939.2355005741119, 1310.0428115853992, 1000.1547451773465
939.6124911308289, 1310.0428115853992, 1000.1547451773465
940.2657418251038, 1310.2186413822137, 1000.499827222731
940.764405965805, 1309.254976921505, 1000.8430651556233
941.2680559158325, 1310.4486295280076, 1000.5060701357754
941.6260964870453, 1310.4486295280076, 1000.5060701357754
942.2683765888214, 1310.2496192980796, 1000.4511580449582
942.7341299057007, 1309.9152351212535, 1001.3964987069612
943.2457587718964, 1307.695975177205, 1000.6383085139233
943.7324550151825, 1307.7033955830022, 1000.5758023198327
944.2550539970398, 1308.0238481790254, 1000.9194809190334
944.7467379570007, 1307.2594473997578, 1000.7509205875249
945.1167466640472, 1307.2594473997578, 1000.7509205875249
945.7231223583221, 1308.4484354284427, 1000.8221980106116
946.4621407985687, 2270.570934420373, 2528.0000000000273
946.7972452640533, 2270.570934420373, 2528.0000000000273
947.3078756332397, 2270.570934420373, 2528.0000000000273
947.9142577648163, 439.0028607759003, 2483.4999999999895
948.610386133194, 16.01242285602936, 2620.4051178399277
949.3923256397247, 1617.968545847667, 84.00032202684855
949.7303867340088, 1617.968545847667, 84.00032202684855
950.2350332736969, 1617.968545847667, 84.00032202684855
950.7745904922485, 1300.987192266106, 998.7071568492672
951.1675353050232, 1300.987192266106, 998.7071568492672
951.6502540111542, 1300.987192266106, 998.7071568492672
952.351363658905, 1185.0154921691003, 351.4999220606313
952.979681968689, 538.9991597372016, 2817.0097329178416
953.3536787033081, 1548.024285303558, 46.50000000440064
954.0288698673248, 885.9897258577579, 1056.0666836770633
954.9334473609924, 885.9897258577579, 1056.0666836770633
955.2316477298737, 1308.5199518674508, 1000.6068361031719
955.6226005554199, 1308.5199518674508, 1000.6068361031719
956.2519161701202, 1307.4823472342246, 1000.7099583472541
956.7366182804108, 1308.6668540824387, 1001.2688872815787
957.2911305427551, 1307.6890825541184, 1000.7382796624013
957.6162602901459, 1307.6890825541184, 1000.7382796624013
958.1318795681, 1307.6890825541184, 1000.7382796624013
958.7442374229431, 1308.7002364637854, 1000.495512024079
959.124219417572, 1308.7002364637854, 1000.495512024079
959.626873254776, 1308.7002364637854, 1000.495512024079
960.1375060081482, 1308.7002364637854, 1000.495512024079
961.0420820713043, 2689.0037350212165, 230.50000004207158
961.9207286834717, 2689.0037350212165, 230.50000004207158
962.4034354686737, 2689.0037350212165, 230.50000004207158
962.9270343780518, 2111.0215629508752, 1055.9911590141228
963.5274243354797, 37.98629169057218, 1628.568416263477
964.3601949214935, 37.98629169057218, 1628.568416263477
964.8658392429352, 37.98629169057218, 1628.568416263477
965.4263377189636, 2068.9999681956742, 1357.0019883251664
965.8701486587524, 2674.5654753542294, 2562.999999998583
966.3069787025452, 670.9976819036524, 272.00000195748044
966.9612267017365, 2941.499982689929, 122.98728196969165
967.3960611820221, 2941.499982689929, 122.98728196969165
967.8817617893219, 2941.499982689929, 122.98728196969165
968.361483335495, 2941.499982689929, 122.98728196969165
969.0207095146179, 2681.318519054953, 22.001926333277858
970.2324645519257, 3084.9878055092404, 283.99943611822977
970.7730159759521, 2020.0520524143462, 162.00000557578616
971.1659626960754, 2020.0520524143462, 162.00000557578616
971.7513945102692, 88.9999342370488, 970.5000000158137
972.8235220909119, 752.9933655994363, 560.9862084017244
973.3142082691193, 74.0210310813235, 682.9983048275072
973.7021684646606, 74.0210310813235, 682.9983048275072
974.2297561168671, 74.0210310813235, 682.9983048275072
974.9797461032867, 46.99988589801067, 22.976822888357912
975.5532112121582, 2568.476297591843, 76.99933891961204
977.453120470047, 798.9714084249194, 950.563067551613
977.8759880065918, 2270.0014726061936, 3491.325416518663
978.2469947338104, 2270.0014726061936, 3491.325416518663
978.7606182098389, 2270.0014726061936, 3491.325416518663
979.6382675170898, 45.012635050715396, 1216.9872068287236
980.4909958839417, 632.0001184528259, 2734.0078613651667
981.0036096572876, 1032.9911881633968, 1240.9969744431796
981.3746161460876, 1032.9911881633968, 1240.9969744431796
982.0996737480164, 1847.9889850766556, 2079.7025786225854
982.998279094696, 1847.9889850766556, 2079.7025786225854
983.5408129692078, 1847.9889850766556, 2079.7025786225854
984.5381414890289, 763.9999199120164, 374.429972846995
985.2851407527924, 3477.011546857121, 1554.500000001541
985.6581416130066, 3477.011546857121, 1554.500000001541
986.39018034935, 3440.4999999999823, 453.99999999966235
987.1282043457031, 1248.0002754900154, 197.99999999951208
988.0287926197052, 1248.0002754900154, 197.99999999951208
989.0301098823547, 1248.0002754900154, 197.99999999951208
990.0284349918365, 1248.0002754900154, 197.99999999951208
990.9768950939178, 571.0109560081372, 282.0000661774234
991.4236981868744, 571.0109560081372, 282.0000661774234
991.8425748348236, 571.0109560081372, 282.0000661774234
992.6125140190125, 111.98704406629051, 2304.477289309684
993.5160915851593, 2009.3014330734843, 2554.0070491556035
993.8960740566254, 2009.3014330734843, 2554.0070491556035
994.5124244689941, 3942.032389496705, 949.9869826691952
995.3711316585541, 3942.032389496705, 949.9869826691952
995.8847465515137, 289.9990469175284, 2647.0110947012395
996.2657260894775, 289.9990469175284, 2647.0110947012395
997.1284148693085, 2901.500007353549, 2733.987208556692
997.9581923484802, 2901.500007353549, 2733.987208556692
998.3730812072754, 3109.999994850049, 179.99974219131516
999.2407569885254, 3109.999994850049, 179.99974219131516
999.9378895759583, 345.49999999998425, 1056.0007605479198
1000.2809717655182, 1285.6914480082207, 2148.8031346330895
1000.6350214481354, 1285.6914480082207, 2148.8031346330895
1001.5046920776367, 3390.48519505988, 2444.961115500212
1002.2856018543243, 2270.9892656211273, 2816.992100965315
1003.1552734375, 2270.9892656211273, 2816.992100965315
1004.1007380485535, 2270.9892656211273, 2816.992100965315
1005.1419491767883, 2270.9892656211273, 2816.992100965315
1006.0136134624481, 25.989475716522982, 738.9984146541624
1006.9171936511993, 25.989475716522982, 738.9984146541624
1007.4248340129852, 25.989475716522982, 738.9984146541624
1007.8905861377716, 25.989475716522982, 738.9984146541624
1008.4012551307678, 850.9631713851788, -13.161727569831356
1008.8370509147644, 3675.4999999925844, 1711.4999999960678
1009.2798647880554, 3675.4999999925844, 1711.4999999960678
1010.066755771637, 2278.0113886594536, 2053.0000947404214
1010.8955376148224, 2278.0113886594536, 2053.0000947404214
1011.4191339015961, 2278.0113886594536, 2053.0000947404214
1011.9347519874573, 2748.435348437871, 1209.9605214999285
1012.3127400875092, 815.9934123926581, 610.0004182181474
1012.6827499866486, 815.9934123926581, 610.0004182181474
1013.3160529136658, 381.99520215854744, 2000.4313458212575
1013.6960344314575, 381.99520215854744, 2000.4313458212575
1014.1767466068268, 381.99520215854744, 2000.4313458212575
1014.702339887619, 381.99520215854744, 2000.4313458212575
1015.6049213409424, 2644.997822209441, 117.99999869420262
1016.3668797016144, 3192.999999999975, 802.998342303752
1016.747859954834, 1307.4634070442564, 2146.9465628757453
1017.128838300705, 1307.4634070442564, 2146.9465628757453
1017.7332196235657, 1306.2554529119786, 2146.7559014745298
1018.2448489665985, 1305.7058786926211, 2146.4833546864825
1018.623833656311, 1305.7058786926211, 2146.4833546864825
1019.1165142059326, 1305.7058786926211, 2146.4833546864825
1019.7418406009674, 1308.2993371731616, 2147.2005743167474
1020.2774040699005, 1306.4941201741817, 2146.7747809995353
1020.7431576251984, 1305.8879868483764, 2146.7941871374633
1021.2617688179016, 1306.3616363947906, 2146.7465419609525
1021.7504577636719, 1306.6724644289056, 2146.776974105121
1022.2561039924622, 1304.1565594279991, 2146.8841003380203
1022.6340930461884, 1304.1565594279991, 2146.8841003380203
1023.1228115558624, 1304.1565594279991, 2146.8841003380203
1023.7491042613983, 1306.3740050089687, 2147.771937936022
1024.2537524700165, 1304.4458682554834, 2147.2755955228745
1024.7414457798004, 1305.616526980878, 2147.128226011365
1025.1164433956146, 1305.616526980878, 2147.128226011365
1025.7228174209595, 1306.3057479176389, 2147.6938345470267
1026.2573854923248, 1306.0154668654036, 2147.4315479828565
1026.735105752945, 1306.3624811007937, 2147.661957097355
1027.12206864357, 1306.3624811007937, 2147.661957097355
1027.7563695907593, 1305.6539116320594, 2146.786869395798
1028.1403422355652, 1305.6539116320594, 2146.786869395798
1028.7477142810822, 1308.6557109511725, 2146.632834062387
1029.2663252353668, 1308.1925638690736, 2147.075844155146
1029.6443140506744, 1308.1925638690736, 2147.075844155146
1030.2437076568604, 1306.063115121947, 2147.286711947952
1030.7613203525543, 1307.2218164432752, 2147.2516706996767
1031.24302983284, 1306.4382744767395, 2147.1279187679784
1031.6180255413055, 1306.4382744767395, 2147.1279187679784
1032.1197111606598, 1306.4382744767395, 2147.1279187679784
1032.7280540466309, 1318.7514611539082, 2153.859082536252
1033.118008852005, 1318.7514611539082, 2153.859082536252
1033.7433321475983, 1421.684546621298, 2065.2766393275615
1034.118327140808, 1421.684546621298, 2065.2766393275615
1034.754623413086, 1378.5961189013767, 1402.5781588812554
1035.2552816867828, 1379.8767089948662, 1374.3430933327506
1035.752950668335, 1382.7505112516699, 1376.910284204379
1036.147890329361, 1382.7505112516699, 1376.910284204379
1036.6455581188202, 1382.7505112516699, 1376.910284204379
1037.2559225559235, 1420.231727428776, 436.50066453428246
1037.7286574840546, 1422.0216533877506, 436.89566554125486
1038.1146228313446, 1422.0216533877506, 436.89566554125486
1038.729974746704, 1673.3078349007042, 20.000000000000146
1039.1169373989105, 1673.3078349007042, 20.000000000000146
1039.7602143287659, 1730.4920423687433, 1653.5043492610673
1040.2558879852295, 1736.1177573791683, 1656.492223662726
1040.7655215263367, 1733.622732310136, 1656.4404156234204
1041.2452383041382, 1713.9381317525945, 977.1909772665324
1041.7478895187378, 1736.7115949115296, 984.4879336538676
1042.2694919109344, 1735.6811511263654, 985.4754711199156
1042.7541949748993, 1731.3539586732054, 984.2620304537041
1043.273802280426, 1747.5721826061574, 991.8826464889481
1043.7674813270569, 1748.2742390918877, 996.4848849020567
1044.1295099258423, 1748.2742390918877, 996.4848849020567
1044.618201971054, 1748.2742390918877, 996.4848849020567
1045.126838684082, 1748.2742390918877, 996.4848849020567
1045.6255025863647, 1748.2742390918877, 996.4848849020567
1046.2248969078064, 1692.504071351637, 517.5443819557661
1046.7694385051727, 1700.8809818450864, 684.158154992415
1047.1145141124725, 1700.8809818450864, 684.158154992415
1047.7418332099915, 1706.9587905933404, 1145.742051576875
1048.2744076251984, 1712.0848083381663, 2541.194234180691
1048.7381646633148, 1718.2843384833136, 2642.318335655476
1049.305644750595, 1697.9988280202385, 2967.1844842775017
1049.9209957122803, 854.9999876454564, 408.0000662560935
1050.2810323238373, 854.9999876454564, 408.0000662560935
1050.989134311676, 1176.0030654738844, 2802.87019418001
1051.313266992569, 1745.8991548453087, -99927.16571908603
1051.8677816390991, 58.00000329544122, 461.5000032288652
1052.55992770195, 3449.4999999847937, 2848.993026226027
1053.5293316841125, 1388.9974868485515, 1604.999999992746
1054.4089744091034, 1388.9974868485515, 1604.999999992746
1055.2407455444336, 1930.0044628528256, 2734.0038412772665
1055.9767742156982, 1931.007557593563, 2568.49999998705
1056.9282250404358, 409.0107754625692, 2239.995902655838
1057.250363111496, 1681.9106971927665, 2082.980171508008
1057.7829360961914, 1702.336025745223, 1249.8511151125845
1058.2606558799744, 1714.8172766813905, 1249.2478501555038
1058.7403717041016, 1715.3148038117126, 1247.7059628332697
1059.2500059604645, 1717.3840144834683, 1247.0071243642847
1059.6269965171814, 1717.3840144834683, 1247.0071243642847
1060.1505935192108, 1717.3840144834683, 1247.0071243642847
1060.6233265399933, 1717.3840144834683, 1247.0071243642847
1061.136950969696, 1717.3840144834683, 1247.0071243642847
1061.7363464832306, 1649.9838185967883, 1076.650887544961
1062.124306678772, 1649.9838185967883, 1076.650887544961
1062.7386617660522, 1656.5510785854926, 1078.5936029369234
1063.1336023807526, 1656.5510785854926, 1078.5936029369234
1063.6282784938812, 1656.5510785854926, 1078.5936029369234
1064.2825245857239, 1656.3332793605077, 1082.276652195962
1064.7442882061005, 1657.59415905905, 1082.216712074015
1065.2798533439636, 1657.4827398307405, 1082.3373811797574
1065.7515890598297, 1655.351857909202, 1082.7098771470025
1066.1445364952087, 1655.351857909202, 1082.7098771470025
1066.7299683094025, 1656.7402686035393, 1082.8505967356411
1067.2884728908539, 1656.1502429946102, 1082.9113530093355
1067.7701828479767, 1656.4707978514646, 1082.8365200090964
1068.279818534851, 1656.9120745923399, 1082.2488780969643
1068.7475650310516, 1656.0346372627373, 1082.3006294668633
1069.2881166934967, 1655.546461611829, 1082.4166437975102
1069.6212236881256, 1655.546461611829, 1082.4166437975102
1070.274474620819, 1656.954492862324, 1082.9430966048508
1070.8070468902588, 1656.139949240253, 1082.8807664900507
1071.13516831398, 1656.139949240253, 1082.8807664900507
1071.678712129593, 1656.139949240253, 1082.8807664900507
1072.178373336792, 1656.139949240253, 1082.8807664900507
1072.7817573547363, 1656.697917240932, 1082.3792438914138
1073.28839969635, 1656.7410211942386, 1082.6448065036964
1073.8030214309692, 1656.455748099617, 1083.3167321299961
1074.3106625080109, 1655.7206722752692, 1082.1505456603873
1074.7674386501312, 1655.7618673956267, 1082.4066996184438
1075.3059952259064, 1656.427628621241, 1082.5044670151403
1075.76975440979, 1656.07248171234, 1082.8769183363313
1076.28138256073, 1656.4814105853413, 1081.9669248998887
1076.76109790802, 1657.117571555422, 1082.6664380443679
1077.2866892814636, 1652.3656708726567, 1083.3590627489154
1077.6197969913483, 1652.3656708726567, 1083.3590627489154
1078.2590844631195, 1651.5895410084572, 1082.0670897053046
1078.7537593841553, 1653.1726186041099, 1082.5631908293349
1079.2653894424438, 1653.0833306977368, 1082.5994986289727
1079.638390302658, 1653.0833306977368, 1082.5994986289727
1080.3255496025085, 1651.6105304555485, 1082.8920959500956
1080.786315202713, 1651.787297768183, 1082.9393157578677
1081.2580513954163, 1651.6522460160143, 1082.7699883876605
1081.7547206878662, 1652.6897614842962, 1082.3011820226282
1082.289288520813, 1651.6738867258387, 1082.8383463169234
1082.768005847931, 1653.5325263105572, 1083.716167929426
1083.2566969394684, 1653.0807510815355, 1082.982389044188
1083.783287525177, 1655.826121203427, 1082.846620702166
1084.2669928073883, 1654.7624396331425, 1083.3591279377144
1084.7457084655762, 1654.6683975005162, 1083.6741573952147
1085.2473652362823, 1653.8816318459162, 1083.3066643060142
1085.6103928089142, 1653.8816318459162, 1083.3066643060142
1086.1379790306091, 1653.8816318459162, 1083.3066643060142
1086.7403655052185, 1655.0179563721986, 1083.1338031970172
1087.267953634262, 1654.8026569284063, 1083.7105151129085
1087.737693309784, 1654.5726554247071, 1083.4779865330554
1088.1306405067444, 1654.5726554247071, 1083.4779865330554
1088.7370164394379, 1656.0124572735733, 1083.3014176929664
1089.26460313797, 1655.799439199303, 1082.664652520197
1089.6435883045197, 1655.799439199303, 1082.664652520197
1090.1113350391388, 1655.799439199303, 1082.664652520197
1090.6209697723389, 1655.799439199303, 1082.664652520197
1091.233329296112, 1653.882643210666, 1082.1653682751353
1091.614308834076, 1653.882643210666, 1082.1653682751353
1092.1219508647919, 1653.882643210666, 1082.1653682751353
1092.729322195053, 1735.432981755504, 598.889068654948
1093.1222696304321, 1735.432981755504, 598.889068654948
1093.7406132221222, 1684.8467696447813, 1757.648357902729
1094.1225900650024, 1684.8467696447813, 1757.648357902729
1094.7389388084412, 1557.5776160027206, 1716.7147476217185
1095.130889415741, 1557.5776160027206, 1716.7147476217185
1095.7223048210144, 1568.3930046361909, 379.40865770835836
1096.1082708835602, 1568.3930046361909, 379.40865770835836
1096.7216594219208, 1569.3471298689321, 380.11337147232916
1097.2492139339447, 1578.0354721433184, 631.5154909532491
1097.6172285079956, 1578.0354721433184, 631.5154909532491
1098.1138985157013, 1578.0354721433184, 631.5154909532491
1098.611564874649, 1578.0354721433184, 631.5154909532491
1099.121201992035, 1578.0354721433184, 631.5154909532491
1099.6258478164673, 1578.0354721433184, 631.5154909532491
1100.1175305843353, 1578.0354721433184, 631.5154909532491
1100.7179243564606, 1503.2214087869106, 835.3347758449728
1101.244511604309, 1479.5537163727095, 838.1826189390449
1101.729213476181, 1418.1517793162716, 849.0205245610166
1102.1181716918945, 1418.1517793162716, 849.0205245610166
1102.7275397777557, 1387.4248541161596, 854.320447666409
1103.1264717578888, 1387.4248541161596, 854.320447666409
1103.6251347064972, 1387.4248541161596, 854.320447666409
1104.1307802200317, 1387.4248541161596, 854.320447666409
1104.6304423809052, 1387.4248541161596, 854.320447666409
1105.243798494339, 1759.020310164502, 878.6614411947065
1105.6487140655518, 1759.020310164502, 878.6614411947065
1106.132419347763, 1759.020310164502, 878.6614411947065
1106.752756357193, 1759.4638981537553, 879.3270608034751
1107.1367275714874, 1759.4638981537553, 879.3270608034751
1107.7630507946014, 1882.73555997152, 890.1014217196403
1108.2706904411316, 1883.213379903369, 889.6070348829625
1108.631723165512, 1883.213379903369, 889.6070348829625
1109.1283929347992, 1883.213379903369, 889.6070348829625
1109.736763715744, 1922.2114309875253, 889.7332716401258
1110.1356942653656, 1922.2114309875253, 889.7332716401258
1110.7630140781403, 1982.4604570278425, 893.5700234495835
1111.135017633438, 1982.4604570278425, 893.5700234495835
1111.7423899173737, 1983.289783123632, 893.7928617544287
1112.2689793109894, 1983.8009478729027, 893.6583458790443
1112.7546808719635, 1984.3430531702436, 894.3934542898684
1113.148625612259, 1984.3430531702436, 894.3934542898684
1113.751009464264, 2148.8695422542182, 921.2232187649001
1114.2586498260498, 2146.8521375849973, 920.1423432169884
1114.754322052002, 2146.1681894523153, 921.6800424032721
1115.1412861347198, 2146.1681894523153, 921.6800424032721
1115.6349647045135, 2146.1681894523153, 921.6800424032721
1116.1356217861176, 2146.1681894523153, 921.6800424032721
1116.7419974803925, 1393.5750333050048, 984.5170138630996
1117.2705838680267, 1332.5703789359914, 988.5699025155906
1117.626627445221, 1332.5703789359914, 988.5699025155906
1118.2529497146606, 1332.2309876884499, 989.409076676428
1118.6508843898773, 1332.2309876884499, 989.409076676428
1119.2432975769043, 1154.5640790293733, 990.6989084209724
1119.7509367465973, 1153.7380629266518, 990.4976979753206
1120.2645618915558, 1151.181958014073, 990.1940098739179
1120.628586769104, 1151.181958014073, 990.1940098739179
1121.130243062973, 1151.181958014073, 990.1940098739179
1121.627910375595, 1151.181958014073, 990.1940098739179
1122.2592182159424, 1008.150094632654, 993.4310702302406
1122.74591422081, 1010.3591786752506, 994.5855509986477
1123.1508302688599, 1010.3591786752506, 994.5855509986477
1123.6405189037323, 1010.3591786752506, 994.5855509986477
1124.1401798725128, 1010.3591786752506, 994.5855509986477
1124.6368508338928, 1010.3591786752506, 994.5855509986477
1125.262174129486, 969.608749504474, 1012.0251997468147
1125.7468752861023, 971.9842595748687, 1012.9823785991174
1126.2704734802246, 976.0514566167961, 1014.2379557887352
1126.7551746368408, 2317.543780828122, 971.4954525798734
1127.1531085968018, 2317.543780828122, 971.4954525798734
1127.7465198040009, 1215.325335939253, 986.5383203460686
1128.268121957779, 1234.7675833100548, 981.3674485645618
1128.7558150291443, 1234.4425777671775, 981.1759538544354
1129.2624578475952, 1238.5733439717758, 984.7490253515734
1129.756136894226, 1239.195822602793, 982.4706782538212
1130.2637763023376, 1182.388386739126, 515.8782054573608
1130.747479915619, 1261.4656665080508, 2171.660865383364
1131.2571151256561, 1262.8384435031442, 2171.5498415461916
1131.7537841796875, 1208.948955315065, 2153.223138523686
1132.2803735733032, 1211.1004137504265, 2152.571493197307
1132.6424038410187, 1211.1004137504265, 2152.571493197307
1133.2846841812134, 1212.3262699834165, 2153.526428294441
1133.6397323608398, 1212.3262699834165, 2153.526428294441
1134.1383967399597, 1212.3262699834165, 2153.526428294441
1134.6260905265808, 1212.3262699834165, 2153.526428294441
1135.2494201660156, 1215.0812388940415, 2160.266833087682
1135.629402399063, 1215.0812388940415, 2160.266833087682
1136.1340506076813, 1215.0812388940415, 2160.266833087682
1136.6456820964813, 1215.0812388940415, 2160.266833087682
1137.3218693733215, 1216.240342371376, 2163.4903587730137
1137.7995896339417, 1215.5311841755856, 2163.5616000821756
1138.2912724018097, 1215.8106261142063, 2164.358782722033
1138.6513097286224, 1215.8106261142063, 2164.358782722033
1139.1519675254822, 1215.8106261142063, 2164.358782722033
1139.7942478656769, 1214.6500566380516, 2163.7439186345
1140.149295091629, 1214.6500566380516, 2163.7439186345
1140.7646462917328, 1215.8164976238538, 2164.2859583448862
1141.166570186615, 1215.8164976238538, 2164.2859583448862
1141.7609786987305, 1215.0698529636416, 2163.733693652184
1142.2716114521027, 1214.8795915271505, 2163.3750379955786
1142.7632956504822, 1217.0966240851455, 2164.210730489617
1143.2579674720764, 1217.0152119469888, 2163.0865495526773
1143.6269788742065, 1217.0152119469888, 2163.0865495526773
1144.2622773647308, 1216.5580541511763, 2163.8225526654596
1144.7499706745148, 1217.3298334530355, 2163.1940159823753
1145.133942604065, 1217.3298334530355, 2163.1940159823753
1145.7463011741638, 1216.4321110273543, 2163.454351748118
1146.2679047584534, 1218.1264557534125, 2162.5529809413088
1146.755598783493, 1217.342495512108, 2163.214861128017
1147.1355817317963, 1217.342495512108, 2163.214861128017
1147.741955757141, 1217.4012974784061, 2162.1805290494767
1148.2665510177612, 1217.6488276096075, 2162.2413561058743
1148.7572360038757, 1219.0668478213615, 2161.1472236211953
1149.2728548049927, 1217.4339900079003, 2161.05327596462
1149.6338880062103, 1217.4339900079003, 2161.05327596462
1150.2542262077332, 1216.4390694362653, 2162.549546204634
1150.7498986721039, 1215.900480652321, 2163.7621141714717
1151.1318759918213, 1215.900480652321, 2163.7621141714717
1151.737253189087, 1215.09996626508, 2163.439336103965
1152.128205537796, 1215.09996626508, 2163.439336103965
1152.747546672821, 1212.962600547458, 2165.5948853156124
1153.268154144287, 1213.6996740143245, 2165.051066219137
1153.6391582489014, 1213.6996740143245, 2165.051066219137
1154.2604937553406, 1212.7890511996825, 2164.892937334596
1154.751179933548, 1213.2554932896876, 2166.412122288861
1155.272782087326, 1213.32816279069, 2164.943636345655
1155.7505028247833, 1212.2122725391189, 2166.9069330401567
1156.2541534900665, 1212.0426633240436, 2166.1123429700488
1156.7548122406006, 1212.8733462319356, 2167.36337652212
1157.2664425373077, 1210.2844356218227, 2167.216469084475
1157.745159626007, 1211.1126012922405, 2166.606677488213
1158.2637701034546, 1211.7217009381764, 2167.4801196665953
1158.6437528133392, 1211.7217009381764, 2167.4801196665953
1159.1314454078674, 1211.7217009381764, 2167.4801196665953
1159.7547762393951, 1210.4583131377067, 2166.633836651875
1160.1417398452759, 1210.4583131377067, 2166.633836651875
1160.7441260814667, 1211.0456958446223, 2166.938386518351
1161.1400651931763, 1211.0456958446223, 2166.938386518351
1161.6307530403137, 1211.0456958446223, 2166.938386518351
1162.2480988502502, 1209.0988480050971, 2167.6060934576312
1162.7487559318542, 1211.6791494189083, 2167.1874513548846
1163.2883105278015, 1211.3656732602606, 2167.4201031133666
1163.6443567276, 1211.3656732602606, 2167.4201031133666
1164.2597088813782, 1210.2818891025354, 2168.094991801806
1164.7523894309998, 1210.1934753112143, 2167.4324390466604
1165.1393537521362, 1210.1934753112143, 2167.4324390466604
1165.6370191574097, 1210.1934753112143, 2167.4324390466604
1166.2543652057648, 1210.5288811770051, 2169.261906175435
1166.7490401268005, 1209.2241181205302, 2167.8693771582057
1167.138995885849, 1209.2241181205302, 2167.8693771582057
1167.7483632564545, 1210.8704098160079, 2169.3814858730143
1168.2599925994873, 1209.9766738876906, 2167.808386463209
1168.7526726722717, 1210.2673155500893, 2168.0897161097364
1169.1386392116547, 1210.2673155500893, 2168.0897161097364
1169.757980108261, 1209.8103332547223, 2168.2987811714893
1170.257643699646, 1209.812960981306, 2167.5867923089518
1170.7772817611694, 1210.231067924916, 2168.1929097276966
1171.258959054947, 1210.1066357410111, 2167.545347052608
1171.6389417648315, 1210.1066357410111, 2167.545347052608
1172.1336183547974, 1210.1066357410111, 2167.545347052608
1172.63028550148, 1210.1066357410111, 2167.545347052608
1173.2735629081726, 1209.3322746857093, 2167.6396716595705
1173.7512831687927, 1210.336905817408, 2168.676651896416
1174.257925271988, 1210.3867929524533, 2167.175420178332
1174.756590127945, 1210.4333544453234, 2167.2737019108868
1175.2592432498932, 1210.642022256283, 2167.664996957867
1175.7669110298157, 1212.056000092172, 2167.0002781003714
1176.2605612277985, 1211.284381148607, 2169.28989080049
1176.6425375938416, 1211.284381148607, 2169.28989080049
1177.2558970451355, 1212.3478681620572, 2168.396453338998
1177.6298933029175, 1212.3478681620572, 2168.396453338998
1178.1275596618652, 1212.3478681620572, 2168.396453338998
1178.6292157173157, 1212.3478681620572, 2168.396453338998
1179.1288771629333, 1212.3478681620572, 2168.396453338998
1179.7502131462097, 1209.1240164852795, 2168.5484512211237
1180.2558584213257, 1212.1805216925375, 2167.176734685707
1180.6278619766235, 1212.1805216925375, 2167.176734685707
1181.1384944915771, 1212.1805216925375, 2167.176734685707
1181.7548444271088, 1210.675154154632, 2168.106171335479
1182.2545051574707, 1209.8339719304174, 2167.971527709399
1182.6275050640106, 1209.8339719304174, 2167.971527709399
1183.2508358955383, 1208.6683225406314, 2167.665499310836
1183.63081741333, 1208.6683225406314, 2167.665499310836
1184.2820727825165, 1209.1318532714245, 2167.904913444002
1184.6351273059845, 1209.1318532714245, 2167.904913444002
1185.2564632892609, 1209.493089892948, 2167.0545496658942
1185.7541313171387, 1209.1795952461434, 2167.9371825015733
1186.138100862503, 1209.1795952461434, 2167.9371825015733
1186.6317794322968, 1209.1795952461434, 2167.9371825015733
1187.24413895607, 1210.0959036261952, 2167.818019306538
1187.7477889060974, 1211.1293599084281, 2168.634204423172
1188.2644052505493, 1209.5060393914166, 2166.8751501412994
1188.7481098175049, 1209.9725363716393, 2167.8730663723113
1189.2557499408722, 1210.1335046470126, 2168.108530570743
1189.632740020752, 1210.1335046470126, 2168.108530570743
1190.2600591182709, 1209.9737405225221, 2168.258448231017
1190.6280739307404, 1209.9737405225221, 2168.258448231017
1191.1267375946045, 1209.9737405225221, 2168.258448231017
1191.7400951385498, 1210.4814711678785, 2167.386849236274
1192.2616972923279, 1209.1818998639192, 2167.905804494915
1192.920931816101, 1166.9996332931446, 491.00726566080965
1193.3268446922302, 1166.9996332931446, 491.00726566080965
1193.8055622577667, 1166.9996332931446, 491.00726566080965
1194.2593462467194, 1210.0785948011635, 2168.367636514236
1195.3165142536163, 2270.01268694464, 2660.9895183373865
1195.9029438495636, 2712.499827884899, 1056.5655669762255
1196.6948223114014, 2270.0041186279027, 374.53459132298445
1197.5634953975677, 450.01390458564316, 681.0094714412224
1198.4271817207336, 450.01390458564316, 681.0094714412224
1198.9557657241821, 450.01390458564316, 681.0094714412224
1199.4933259487152, 450.01390458564316, 681.0094714412224
1200.053824186325, 874.9916045431951, 2398.499999992331
1200.7389888763428, 1210.6708416141084, 2167.389030991575
1201.261589050293, 1208.793659272312, 2167.9528753124246
1201.748284816742, 1209.1118161902627, 2168.134240556273
1202.138240814209, 1209.1118161902627, 2168.134240556273
1202.633912563324, 1209.1118161902627, 2168.134240556273
1203.1505300998688, 1209.1118161902627, 2168.134240556273
1203.7718646526337, 1209.292571269976, 2168.271743986639
1204.1558525562286, 1209.292571269976, 2168.271743986639
1204.8100833892822, 1208.0965484633864, 2167.7884325054615
1205.289799451828, 1208.3337382147433, 2167.6959471844057
1205.6478679180145, 1208.3337382147433, 2167.6959471844057
1206.2901186943054, 1210.27897889931, 2167.4493044838446
1206.6501541137695, 1210.27897889931, 2167.4493044838446
1207.3253455162048, 1209.7235467475107, 2167.2702554755087
1207.6444902420044, 1209.7235467475107, 2167.2702554755087
1208.1571173667908, 1209.7235467475107, 2167.2702554755087
1208.6497979164124, 1209.7235467475107, 2167.2702554755087
1209.1494588851929, 1209.7235467475107, 2167.2702554755087
1209.7747843265533, 1208.439434614653, 2167.5049905421024
1210.2854161262512, 1208.8706400240196, 2167.580706408024
1210.7691226005554, 1209.3428154328685, 2168.012537737116
1211.70561170578, 2536.3282552950404, 2951.0099001571125
1212.6630470752716, 2644.974810603766, 283.9971447137509
1213.2963516712189, 1210.754944587311, 2168.441880886583
1213.8149633407593, 880.9999907621792, 2843.497195821712
1214.6297783851624, 1761.9883398072166, 39.98843392105402
1215.4844889640808, 1761.9883398072166, 39.98843392105402
1215.7836878299713, 1209.1960479903153, 2167.505667128186
1216.6224403381348, 633.9940379429447, 1392.0069237578614
1217.2856636047363, 1209.4722645671063, 2167.7511740279324
1217.663651227951, 1209.4722645671063, 2167.7511740279324
1218.1603207588196, 1209.4722645671063, 2167.7511740279324
1218.7786643505096, 1209.04096116969, 2167.874734689587
1219.2922897338867, 1209.5471028193383, 2168.0655479972247
1219.6583111286163, 1209.5471028193383, 2168.0655479972247
1220.2916131019592, 1210.5460818007593, 2167.2479699216515
1220.6616203784943, 1210.5460818007593, 2167.2479699216515
1221.2879436016083, 1209.4725190683682, 2168.165264732983
1221.7746391296387, 1209.5363973269891, 2168.224219971351
1222.1975059509277, 1209.5363973269891, 2168.224219971351
1222.671237230301, 1209.5363973269891, 2168.224219971351
1223.166909456253, 1209.5363973269891, 2168.224219971351
1223.7852528095245, 1209.6066708929275, 2167.231589752106
1224.1672298908234, 1209.6066708929275, 2167.231589752106
1224.776597738266, 1209.3475427404032, 2167.188729089519
1225.30717587471, 1208.583498666437, 2167.5174307185966
1225.7829015254974, 1208.6755884376607, 2167.7862497139445
1226.30251121521, 1210.0178738001805, 2167.366151959194
1226.7762415409088, 1208.5712670675864, 2167.6077829390674
1227.3018326759338, 1210.0433094251098, 2167.4381225354014
1227.7895288467407, 1209.4594267941186, 2167.1472613359642
1228.2981646060944, 1208.3878910663714, 2167.93215464999
1228.6621897220612, 1208.3878910663714, 2167.93215464999
1229.2855212688446, 1209.9945240611619, 2168.4119369198024
1229.7881727218628, 1208.4302017070536, 2167.5257920410218
1230.2948157787323, 1209.2303507049878, 2167.3882575111834
1230.6628313064575, 1209.2303507049878, 2167.3882575111834
1231.296135187149, 1209.2081374142306, 2167.787756581117
1231.657166004181, 1209.2081374142306, 2167.787756581117
1232.2984490394592, 1209.5094909125191, 2167.9015545295106
1232.786141872406, 1209.2201933297554, 2168.208203244193
1233.3067471981049, 1209.6129451089637, 2167.123220664122
1233.670771598816, 1209.6129451089637, 2167.123220664122
1234.2891178131104, 1208.5226806911614, 2167.89000239199
1234.6681010723114, 1208.5226806911614, 2167.89000239199
1235.176738023758, 1208.5226806911614, 2167.89000239199
1235.8080468177795, 1209.2149831490758, 2167.754268177771
1236.3156869411469, 1209.2214822759065, 2168.098994691881
1236.6846988201141, 1209.2214822759065, 2168.098994691881
1237.3070316314697, 1208.846419138484, 2167.557861156697
1237.7947244644165, 1209.859424905734, 2168.050730839804
1238.3153302669525, 1208.1040896533846, 2167.7810953604812
1238.801029920578, 1210.0059016400626, 2167.6117802030144
1239.1859979629517, 1210.0059016400626, 2167.6117802030144
1239.6766834259033, 1210.0059016400626, 2167.6117802030144
1240.3050000667572, 1208.6295090143833, 2167.3917303911903
1240.7906992435455, 1209.017356406088, 2167.838669290653
1241.3162910938263, 1209.3687697581274, 2168.0078100080427
1241.7980008125305, 1208.150609163585, 2168.5509440985397
1242.3225955963135, 1208.6727838694885, 2167.9829932287985
1242.6766471862793, 1208.6727838694885, 2167.9829932287985
1243.3039667606354, 1208.9021625831456, 2168.027683348319
1243.6949203014374, 1208.9021625831456, 2168.027683348319
1244.194581270218, 1208.9021625831456, 2168.027683348319
1244.69025349617, 1208.9021625831456, 2168.027683348319
1245.349487543106, 1208.1345814620036, 2167.534771901116
1245.814242362976, 1209.3162945967897, 2168.441035746195
1246.198213815689, 1209.3162945967897, 2168.441035746195
1246.8025951385498, 1210.3630785883656, 2168.273554789569
1247.3301837444305, 1209.5523026995966, 2168.2396523079346
1247.8208673000336, 1209.0367246891844, 2167.8524583033736
1248.204838514328, 1209.0367246891844, 2167.8524583033736
1248.8271715641022, 1209.236570546953, 2168.947888642613
1249.355755329132, 1208.9394267904786, 2167.8586452588247
1249.8125319480896, 1208.3373332345736, 2167.885715420734
1250.2064764499664, 1208.3373332345736, 2167.885715420734
1250.6981592178345, 1208.3373332345736, 2167.885715420734
1251.2087934017181, 1208.3373332345736, 2167.885715420734
1251.6924958229065, 1208.3373332345736, 2167.885715420734
1252.1961464881897, 1208.3373332345736, 2167.885715420734
1252.8194766044617, 1208.8949474052015, 2168.127576163068
1253.333101272583, 1208.327178601095, 2168.9204803332727
1253.6961283683777, 1208.327178601095, 2168.9204803332727
1254.354365825653, 1210.0982995175214, 2167.130092669249
1254.7054271697998, 1210.0982995175214, 2167.130092669249
1255.2070832252502, 1210.0982995175214, 2167.130092669249
1255.6977694034576, 1210.0982995175214, 2167.130092669249
1256.222362279892, 1210.0982995175214, 2167.130092669249
1256.700082063675, 1210.0982995175214, 2167.130092669249
1257.3613102436066, 1210.2404598075852, 2168.201410355593
1257.7023968696594, 1210.2404598075852, 2168.201410355593
1258.2000637054443, 1210.2404598075852, 2168.201410355593
1258.709698677063, 1210.2404598075852, 2168.201410355593
1259.245265007019, 1210.2404598075852, 2168.201410355593
1259.8366796970367, 1208.5656727261903, 2168.026336637901
1260.2146670818329, 1208.5656727261903, 2168.026336637901
1260.7123351097107, 1208.5656727261903, 2168.026336637901
1261.1940438747406, 1208.5656727261903, 2168.026336637901
1261.6907134056091, 1208.5656727261903, 2168.026336637901
1262.1953899860382, 1208.5656727261903, 2168.026336637901
1262.6970179080963, 1208.5656727261903, 2168.026336637901
1263.3253345489502, 1208.4577654067923, 2167.6929645008386
1263.8369643688202, 1208.6890758844174, 2167.8772322563204
1264.3874893188477, 1208.5073124411465, 2167.5730243345165
1264.702646970749, 1208.5073124411465, 2167.5730243345165
1265.3389410972595, 1209.2238849008236, 2167.731006308216
1265.8176589012146, 1208.60450340383, 2167.6553591374677
1266.2086112499237, 1208.60450340383, 2167.6553591374677
1266.7142565250397, 1208.60450340383, 2167.6553591374677
1267.3345959186554, 1208.1377331567546, 2167.971360308425
1267.8192973136902, 1209.614743507787, 2168.395860829608
1268.220222711563, 1209.614743507787, 2168.395860829608
1268.8645050525665, 1208.2967034110854, 2168.038875440418
1269.3591723442078, 1208.3814348961996, 2167.569350309517
1269.7062423229218, 1208.3814348961996, 2167.569350309517
1270.3485221862793, 1207.9183557573192, 2168.0691145558408
1270.712546825409, 1207.9183557573192, 2168.0691145558408
1271.3887355327606, 1208.1151020310472, 2167.684467877213
1271.8415229320526, 1208.4712951173972, 2167.9558089680395
1272.215520620346, 1208.4712951173972, 2167.9558089680395
1272.8288776874542, 1208.2052091761002, 2167.7739164437858
1273.357462644577, 1209.3535715249704, 2167.949263665948
1273.7194921970367, 1209.3535715249704, 2167.949263665948
1274.3906943798065, 1209.3535715249704, 2167.949263665948
1274.7038552761078, 1209.3535715249704, 2167.949263665948
1275.3950040340424, 1209.3535715249704, 2167.949263665948
1275.7171416282654, 1209.3535715249704, 2167.949263665948
1276.3564291000366, 1209.8869620283206, 2167.46856910407
1276.83913564682, 1208.8880891290846, 2167.8302318027013
1277.2221095561981, 1208.8880891290846, 2167.8302318027013
1277.7048170566559, 1208.8880891290846, 2167.8302318027013
1278.2264194488525, 1208.8880891290846, 2167.8302318027013
1278.8407742977142, 1208.0878671518483, 2167.475020888387
1279.2506771087646, 1208.0878671518483, 2167.475020888387
1279.7124388217926, 1208.0878671518483, 2167.475020888387
1280.339760541916, 1208.1905661391434, 2168.0052441138027
1280.8194732666016, 1209.89277089789, 2168.048770767961
1281.2154424190521, 1209.89277089789, 2168.048770767961
1281.845724105835, 1206.9107587605379, 2167.5545902402346
1282.3483781814575, 1209.4746835396022, 2167.215042314272
1282.8290915489197, 1209.1294884670135, 2168.4409315075823
1283.3606669902802, 1208.4845997060465, 2168.0943611779776
1283.708734512329, 1208.4845997060465, 2168.0943611779776
1284.3480219841003, 1208.283923125798, 2168.0737212205277
1284.7050654888153, 1208.283923125798, 2168.0737212205277
1285.3583161830902, 1208.9168549808383, 2168.1084683845124
1285.8280575275421, 1208.6568805788402, 2167.8734868044703
1286.3835690021515, 1208.6131544264454, 2168.1173802976523
1286.8642828464508, 1208.5984118971824, 2167.6165698579293
1287.3519752025604, 1208.7556996199821, 2167.7609393126995
1287.7060267925262, 1208.7556996199821, 2167.7609393126995
1288.356286764145, 1208.0249843314446, 2167.647251953616
1288.710336446762, 1208.0249843314446, 2167.647251953616
1289.3595976829529, 1208.088066898596, 2167.7213499640457
1289.719633102417, 1208.088066898596, 2167.7213499640457
1290.2232840061188, 1208.088066898596, 2167.7213499640457
1290.831654548645, 1208.774221877629, 2168.1103316794793
1291.350264787674, 1208.6065018588918, 2168.0957478663486
1291.8239958286285, 1208.649293905152, 2167.85455303648
1292.214949131012, 1208.649293905152, 2167.85455303648
1292.8253135681152, 1209.0399668188782, 2168.217809110267
1293.365865945816, 1208.3224558340376, 2167.9701177519787
1293.7169258594513, 1208.3224558340376, 2167.9701177519787
1294.3512268066406, 1208.498813164322, 2167.950129013885
1294.8289470672607, 1209.1580083903425, 2167.703672610376
1295.226880788803, 1209.1580083903425, 2167.703672610376
1295.8322591781616, 1209.5246527031225, 2168.5302292356255
1296.2152333259583, 1209.5246527031225, 2168.5302292356255
1296.7129004001617, 1209.5246527031225, 2168.5302292356255
1297.21754860878, 1209.5246527031225, 2168.5302292356255
1297.8169434070587, 1208.9675473728241, 2166.8843054615213
1298.2617518901825, 1208.9675473728241, 2166.8843054615213
1298.8362138271332, 1209.0730978984675, 2167.761761300431
1299.3518319129944, 1209.0216202653992, 2168.2438507031043
1299.548305273056, 1209.0216202653992, 2168.2438507031043
1299.8584742546082, 1208.5749447374196, 2168.1016273174337
1300.3711018562317, 1209.4993040411553, 2167.4298107304144
1300.7271492481232, 1209.4993040411553, 2167.4298107304144
1301.3614480495453, 1208.5708319020036, 2168.1527944400373
1301.8162305355072, 1207.6224613590111, 2167.6854988048776
1301.9249386787415, 1207.6224613590111, 2167.6854988048776
1302.1702816486359, 1209.195381112374, 2166.9828378803877
1302.4315865039825, 1209.2080658435775, 2167.450645553882
1302.8534517288208, 1209.5474112164964, 2167.172633784331
1303.3650815486908, 1209.3442276302271, 2167.491488824688
1303.7360877990723, 1209.3442276302271, 2167.491488824688
1303.809891462326, 1209.3442276302271, 2167.491488824688
1304.3773701190948, 1208.1834214266426, 2167.6840221462694
1304.8421249389648, 1208.9901249281893, 2167.1188388487635
1305.360735654831, 1209.4120763958265, 2168.11614988186
1305.8823392391205, 1208.7097213915968, 2168.208179140256
1306.1446359157562, 1208.7097213915968, 2168.208179140256
1306.3800053596497, 1209.8094993746122, 2167.1520366378872
1306.8756794929504, 1207.8566954668347, 2167.684518701186
1307.242696762085, 1207.8566954668347, 2167.684518701186
1307.748342037201, 1207.8566954668347, 2167.684518701186
1308.374662399292, 1209.3449510118553, 2167.939249995519
1308.749657869339, 1209.3449510118553, 2167.939249995519
1309.3689985275269, 1208.8939657509231, 2167.2740270869995
1309.8656685352325, 1209.1366219004772, 2168.1144181874906
1310.2466475963593, 1209.1366219004772, 2168.1144181874906
1310.7682509422302, 1209.1366219004772, 2168.1144181874906
1311.3596663475037, 1208.487585508484, 2167.9273070421887
1311.8842616081238, 1208.8317912944965, 2168.2871709659325
1312.3669679164886, 1209.4864034590712, 2168.4527670743505
1312.747947692871, 1209.4864034590712, 2168.4527670743505
1313.3742728233337, 1208.5189144238846, 2168.331206755001
1313.8669517040253, 1209.332488930431, 2167.976555997697
1314.3755884170532, 1209.2861416954972, 2168.152974946771
1314.8612866401672, 1208.1072606951934, 2167.5936493118834
1315.367930173874, 1208.7671515607012, 2168.346126565473
1315.7419278621674, 1208.7671515607012, 2168.346126565473
1316.3632636070251, 1208.7851760741814, 2167.897677048505
1316.8868608474731, 1207.9985884183902, 2167.8988282723776
1317.2558732032776, 1207.9985884183902, 2167.8988282723776
1317.8592565059662, 1208.81637986341, 2167.618359745374
1318.3678936958313, 1208.9266050848923, 2167.1720485391356
1318.7468781471252, 1208.9266050848923, 2167.1720485391356
1319.3991312980652, 1210.1821609370586, 2167.3436191527653
1319.8997910022736, 1208.850499781944, 2168.0331136369564
1320.3745186328888, 1209.2888121638634, 2167.4913441374433
1320.8711881637573, 1208.248453413685, 2168.864336341337
1321.250173330307, 1208.248453413685, 2168.864336341337
1321.74285364151, 1208.248453413685, 2168.864336341337
1322.3582048416138, 1207.743711339543, 2167.9135555961834
1322.8538773059845, 1210.0073837344717, 2167.486825690307
1323.3734865188599, 1209.8260405659544, 2168.014367899509
1323.8861124515533, 1210.741787040188, 2167.473585665366
1324.264100074768, 1210.741787040188, 2167.473585665366
1324.858508348465, 1210.5092121465696, 2166.300099779791
1325.2504875659943, 1210.5092121465696, 2166.300099779791
1325.8528447151184, 1209.6607918462905, 2168.340291361362
1326.3674654960632, 1210.3350164589303, 2166.863518895191
1326.8751060962677, 1210.4586730740486, 2167.397590097087
1327.251098394394, 1210.4586730740486, 2167.397590097087
1327.8504943847656, 1209.9470634469883, 2166.9939691753243
1328.2613923549652, 1209.9470634469883, 2166.9939691753243
1328.865773677826, 1209.2120032414566, 2167.15845956606
1329.3744113445282, 1208.874539555301, 2167.8725682724908
1329.8810541629791, 1208.2029672378794, 2167.503701193376
1330.250065088272, 1208.2029672378794, 2167.503701193376
1330.752718925476, 1208.2029672378794, 2167.503701193376
1331.3680703639984, 1209.945694606513, 2167.2437126809045
1331.8667347431183, 1209.1093631987712, 2168.1754558129196
1332.2636725902557, 1209.1093631987712, 2168.1754558129196
1332.8650605678558, 1209.6195889040093, 2167.194099187386
1333.243047952652, 1209.6195889040093, 2167.194099187386
1333.7516858577728, 1209.6195889040093, 2167.194099187386
1334.3770105838776, 1209.5714909255269, 2167.303854205991
1334.8926317691803, 1207.355293499845, 2167.483073704994
1335.4062535762787, 1209.7095383147787, 2166.796000885931
1335.7483372688293, 1209.7095383147787, 2166.796000885931
1336.2769236564636, 1209.7095383147787, 2166.796000885931
1336.8713302612305, 1210.0998691322766, 2167.7693034306
1337.372986793518, 1208.9280994299036, 2167.757359404933
1337.7529685497284, 1208.9280994299036, 2167.757359404933
1338.2556211948395, 1208.9280994299036, 2167.757359404933
1338.7492983341217, 1208.9280994299036, 2167.757359404933
1339.3676426410675, 1211.1528849033955, 2167.031139495786
1339.7396461963654, 1211.1528849033955, 2167.031139495786
1340.242299079895, 1211.1528849033955, 2167.031139495786
1340.7359774112701, 1211.1528849033955, 2167.031139495786
1341.2515964508057, 1211.1528849033955, 2167.031139495786
1341.849995136261, 1210.1732473389368, 2167.396945748891
1342.243940114975, 1210.1732473389368, 2167.396945748891
1342.8603155612946, 1209.9078182412225, 2168.0941927741515
1343.365932226181, 1209.703270033667, 2167.4077106442332
1343.8715777397156, 1208.64007689325, 2167.2683202098583
1344.375229358673, 1208.4068024795909, 2166.855680660738
1344.7402520179749, 1208.4068024795909, 2166.855680660738
1345.2518808841705, 1208.4068024795909, 2166.855680660738
1345.8692276477814, 1208.3171618793065, 2168.013306824682
1346.2442228794098, 1208.3171618793065, 2168.013306824682
1346.86057138443, 1209.3298784856597, 2167.933033631717
1347.375192642212, 1207.8885686507615, 2168.078525949165
1347.877846479416, 1208.7599157645848, 2168.0721944621
1348.4164052009583, 1209.2955383229512, 2167.829264485639
1348.9270372390747, 1208.4070934425772, 2167.937691616756
1349.2411947250366, 1208.4070934425772, 2167.937691616756
1349.7558159828186, 1208.4070934425772, 2167.937691616756
1350.3711676597595, 1210.0687365509957, 2167.430875479715
1350.7551674842834, 1210.0687365509957, 2167.430875479715
1351.2587912082672, 1210.0687365509957, 2167.430875479715
1351.7684247493744, 1210.0687365509957, 2167.430875479715
1352.2611048221588, 1210.0687365509957, 2167.430875479715
1352.8704733848572, 1208.4331132473226, 2168.0744291500655
1353.3910791873932, 1208.5692816272804, 2167.2153882590123
1353.77006316185, 1208.5692816272804, 2167.2153882590123
1354.2657356262207, 1208.5692816272804, 2167.2153882590123
1354.7534296512604, 1208.5692816272804, 2167.2153882590123
1355.2720396518707, 1208.5692816272804, 2167.2153882590123
1355.7597336769104, 1208.5692816272804, 2167.2153882590123
1356.2544083595276, 1208.5692816272804, 2167.2153882590123
1356.8677656650543, 1209.011763816018, 2167.15443063061
1357.2547299861908, 1209.011763816018, 2167.15443063061
1357.7573821544647, 1209.011763816018, 2167.15443063061
1358.3827073574066, 1208.628337099847, 2167.882561524077
1358.881373167038, 1209.8488283373742, 2167.3686174162917
1359.2793064117432, 1209.8488283373742, 2167.3686174162917
1359.870721578598, 1208.8969064972716, 2168.234802599238
1360.383348941803, 1208.85569999469, 2167.780708638059
1360.7673194408417, 1208.85569999469, 2167.780708638059
1361.388655424118, 1209.2079716713324, 2168.2740364403385
1361.8843290805817, 1208.478492259604, 2167.7339333039195
1362.2962245941162, 1208.478492259604, 2167.7339333039195
1362.7549953460693, 1208.478492259604, 2167.7339333039195
1363.2566530704498, 1208.478492259604, 2167.7339333039195
1363.8690121173859, 1208.6688494763707, 2167.680530417089
1364.3916113376617, 1209.7029048500603, 2168.2873714904285
1364.8932678699493, 1209.2772552865777, 2167.723054765883
1365.3969190120697, 1209.196873532434, 2167.819333875522
1365.7619416713715, 1209.196873532434, 2167.819333875522
1366.3862686157227, 1209.3685821126562, 2167.228657346133
1366.8839349746704, 1208.8938024816212, 2168.200281857923
1367.3835966587067, 1208.767987190503, 2167.9926404502094
1367.8832585811615, 1208.0098359088518, 2167.9792275441823
1368.4248483181, 1208.4793954120964, 2167.983431320521
1368.8925552368164, 1209.9660751722877, 2167.5177571852096
1369.4071760177612, 1209.8619932019922, 2167.412197592211
1369.9038469791412, 1208.3079437333527, 2167.8533643737164
1370.281833410263, 1208.3079437333527, 2167.8533643737164
1370.7685403823853, 1208.3079437333527, 2167.8533643737164
1371.3888688087463, 1209.2451011499022, 2167.2318450273274
1371.7678544521332, 1209.2451011499022, 2167.2318450273274
1372.397166967392, 1207.9227923459882, 2167.5410466444773
1372.8978259563446, 1208.617657712907, 2167.786672823217
1373.4054658412933, 1209.380417345103, 2167.128368707978
1373.7844507694244, 1209.380417345103, 2167.128368707978
1374.402794599533, 1208.2125254116422, 2167.613230861066
1374.921406507492, 1208.319674560427, 2167.6685841421113
1375.2784497737885, 1208.319674560427, 2167.6685841421113
1375.8808360099792, 1208.5219228574952, 2167.548210144482
1376.3924660682678, 1208.4312869134947, 2168.005635225063
1376.9080843925476, 1208.2714745205346, 2167.755132093834
1377.4037561416626, 1208.5427269587444, 2167.5221267595316
1377.7747621536255, 1208.5427269587444, 2167.5221267595316
1378.2784140110016, 1208.5427269587444, 2167.5221267595316
1378.8997633457184, 1208.159908325874, 2167.6076608219023
1379.4313251972198, 1209.1343580121638, 2167.4115176292967
1379.9240052700043, 1207.7438771539987, 2167.493003082337
1380.4077095985413, 1208.3118644270344, 2167.7183887618976
1380.9223308563232, 1208.6305987347591, 2167.7404539717027
1381.2713961601257, 1208.6305987347591, 2167.7404539717027
1381.7770428657532, 1208.6305987347591, 2167.7404539717027
1382.3993740081787, 1208.5882362597151, 2167.5769783716946
1382.77237534523, 1208.5882362597151, 2167.5769783716946
1383.400691986084, 1208.5059679295182, 2167.55930518742
1383.914317369461, 1208.6568206595139, 2167.5180783673864
1384.2773442268372, 1208.6568206595139, 2167.5180783673864
1384.9106488227844, 1208.2447445070743, 2167.7278380040784
1385.408314704895, 1208.1403076984388, 2167.60653329459
1385.776329278946, 1208.1403076984388, 2167.60653329459
1386.4126253128052, 1208.5158058642592, 2167.902423674549
1386.7736580371857, 1208.5158058642592, 2167.902423674549
1387.2783062458038, 1208.5158058642592, 2167.902423674549
1387.884681224823, 1209.047499075436, 2166.981890222962
1388.4092764854431, 1208.4647126434522, 2167.638708398844
1388.8012254238129, 1208.4647126434522, 2167.638708398844
1389.2849311828613, 1208.4647126434522, 2167.638708398844
1389.904272556305, 1208.9090889640195, 2168.0298529125134
1390.2922327518463, 1208.9090889640195, 2168.0298529125134
1390.767957687378, 1208.9090889640195, 2168.0298529125134
1391.2775928974152, 1208.9090889640195, 2168.0298529125134
1391.7752606868744, 1208.9090889640195, 2168.0298529125134
1392.4125528335571, 1208.4473761791292, 2167.1581429050225
1392.9022417068481, 1210.2562918864883, 2167.4944017657267
1393.410877943039, 1208.1247000164303, 2167.570437217644
1393.8945829868317, 1208.3864877947112, 2167.7544974086313
1394.2825455665588, 1208.3864877947112, 2167.7544974086313
1394.8939056396484, 1209.1233427023503, 2168.0259495062155
1395.4105217456818, 1209.5655208446965, 2168.0466034137066
1395.9171648025513, 1208.908765405571, 2168.0272022870067
1396.2811930179596, 1208.908765405571, 2168.0272022870067
1396.7678864002228, 1208.908765405571, 2168.0272022870067
1397.4001922607422, 1208.6590161920335, 2168.198299109801
1397.9018485546112, 1209.4321385447472, 2168.165968736911
1398.4214582443237, 1208.3613881725212, 2168.012106610651
1398.8961851596832, 1208.4841382359205, 2167.7014148927096
1399.2831485271454, 1208.4841382359205, 2167.7014148927096
1399.8057489395142, 1208.4841382359205, 2167.7014148927096
1400.4141204357147, 1208.4481844397021, 2167.7593051120352
1400.9267466068268, 1208.8304040515268, 2167.4603708021796
1401.2877795696259, 1208.8304040515268, 2167.4603708021796
1401.7914366722107, 1208.8304040515268, 2167.4603708021796
1402.431714296341, 1207.2244542203066, 2167.5399362336193
1402.9313757419586, 1209.7896073271252, 2167.5260545737124
1403.4320344924927, 1208.3871074605813, 2167.9397723466545
1403.9297015666962, 1209.1600043148896, 2167.5160120146797
1404.3944578170776, 1209.1600043148896, 2167.5160120146797
1404.7884013652802, 1209.1600043148896, 2167.5160120146797
1405.3010280132294, 1209.1600043148896, 2167.5160120146797
1405.889452457428, 1209.1198800532413, 2167.332077081326
1406.4200313091278, 1209.24673598113, 2168.1228007442573
1406.7780725955963, 1209.24673598113, 2168.1228007442573
1407.2857117652893, 1209.24673598113, 2168.1228007442573
1407.8990688323975, 1209.5297159784407, 2167.1432782914653
1408.2770566940308, 1209.5297159784407, 2167.1432782914653
1408.88542842865, 1208.517534148501, 2167.9940410982526
1409.4309656620026, 1207.980098265769, 2167.5560186052003
1409.9027259349823, 1207.807633243574, 2167.5737250312154
1410.2836818695068, 1207.807633243574, 2167.5737250312154
1410.784340620041, 1207.807633243574, 2167.5737250312154
1411.2889885902405, 1207.807633243574, 2167.5737250312154
1411.9352576732635, 1209.5570338356883, 2167.2345717086755
1412.3980176448822, 1208.944820887622, 2167.6614981913795
1412.7710206508636, 1208.944820887622, 2167.6614981913795
1413.2786598205566, 1208.944820887622, 2167.6614981913795
1413.7813124656677, 1208.944820887622, 2167.6614981913795
1414.2769861221313, 1208.944820887622, 2167.6614981913795
1414.9053032398224, 1208.7803805991057, 2167.616734308377
1415.4049639701843, 1208.1428555215834, 2167.96138191451
1415.9006371498108, 1209.31757593996, 2167.5261309996768
1416.2866027355194, 1209.31757593996, 2167.5261309996768
1416.8830063343048, 1207.8752937539127, 2167.74103042035
1417.4105904102325, 1209.2700250529851, 2167.775132114322
1417.920226097107, 1209.0240560735688, 2168.053796462728
1418.403930902481, 1209.1244146218446, 2168.26680816817
1418.9005997180939, 1210.3206768415375, 2168.3576579907244
1419.2955417633057, 1210.3206768415375, 2168.3576579907244
1419.902914762497, 1209.8288356407745, 2167.268741881074
1420.4155418872833, 1209.8288356407745, 2167.268741881074
1420.770591020584, 1209.8288356407745, 2167.268741881074
1421.2832174301147, 1209.8288356407745, 2167.268741881074
1421.880631685257, 1208.0569800903284, 2167.741118937348
1422.2845349311829, 1208.0569800903284, 2167.741118937348
1422.8839292526245, 1207.4889698520765, 2167.593112484977
1423.413510799408, 1209.2254607589628, 2167.1882041129766
1423.910180568695, 1209.2819238089812, 2167.671410235568
1424.2861738204956, 1209.2819238089812, 2167.671410235568
1424.9224693775177, 1208.6315301523825, 2168.195312794116
1425.415148973465, 1209.3933426282276, 2167.936240475135
1425.8968589305878, 1208.3034963362254, 2167.554243419637
1426.2918012142181, 1208.3034963362254, 2167.554243419637
1426.8862092494965, 1208.1098697102018, 2167.961842422877
1427.2821488380432, 1208.1098697102018, 2167.961842422877
1427.7848017215729, 1208.1098697102018, 2167.961842422877
1428.26850771904, 1208.1098697102018, 2167.961842422877
1428.893832206726, 1209.0191065123918, 2167.468966640435
1429.392495393753, 1208.1360811716522, 2167.9175428148505
1429.9071164131165, 1207.6601165373374, 2167.6323478366803
1430.2831094264984, 1207.6601165373374, 2167.6323478366803
1430.8864932060242, 1207.9409795643373, 2167.8904986843418
1431.2874195575714, 1207.9409795643373, 2167.8904986843418
1431.8937950134277, 1209.2639047350528, 2167.5088880486765
1432.3994402885437, 1207.4659010061196, 2168.6230116873576
1432.7734384536743, 1207.4659010061196, 2168.6230116873576
1433.4017577171326, 1208.6157856164214, 2167.7571590359908
1433.7867269515991, 1208.6157856164214, 2167.7571590359908
1434.4010791778564, 1208.3046078092475, 2167.956389882147
1434.9057269096375, 1207.5092159342582, 2167.532703457485
1435.4363059997559, 1208.875520703926, 2167.9003196536873
1435.8990664482117, 1210.0397835833448, 2167.4261671659538
1436.2800459861755, 1210.0397835833448, 2167.4261671659538
1436.8993866443634, 1207.6449857557325, 2167.512354710988
1437.297320842743, 1207.6449857557325, 2167.512354710988
1437.888736963272, 1209.1819523153, 2167.0875794216868
1438.2846765518188, 1209.1819523153, 2167.0875794216868
1438.7763595581055, 1209.1819523153, 2167.0875794216868
1439.4086654186249, 1208.7561519656058, 2167.2591258308785
1439.9212925434113, 1208.6479359480415, 2168.0175519236154
1440.4179618358612, 1208.7594366185278, 2167.5960474674785
1440.7839815616608, 1208.7594366185278, 2167.5960474674785
1441.2816479206085, 1208.7594366185278, 2167.5960474674785
1441.8830375671387, 1207.589796994249, 2167.71840890896
1442.2919421195984, 1207.589796994249, 2167.71840890896
1442.8943281173706, 1207.6100068500348, 2167.934508509921
1443.4029870033264, 1208.2713866632946, 2167.810772158643
1443.8936514854431, 1209.5115498314549, 2168.21283188466
1444.289591550827, 1209.5115498314549, 2168.21283188466
1444.8929743766785, 1209.1606281607653, 2167.76423317153
1445.2789406776428, 1209.1606281607653, 2167.76423317153
1445.9012744426727, 1208.3272742321628, 2167.842550434351
1446.2742755413055, 1208.3272742321628, 2167.842550434351
1446.78191447258, 1208.3272742321628, 2167.842550434351
1447.3912823200226, 1209.9477850242586, 2167.3783675531954
1447.787222146988, 1209.9477850242586, 2167.3783675531954
1448.404568195343, 1209.0044677710373, 2166.839860210306
1448.7785665988922, 1209.0044677710373, 2166.839860210306
1449.423838853836, 1208.9069277747103, 2167.2417602319074
1449.890587568283, 1207.60647438057, 2167.815386761413
1450.420169353485, 1208.690071432478, 2167.4191314934887
1450.8948986530304, 1208.329500636673, 2167.1744422152296
1451.277872800827, 1208.329500636673, 2167.1744422152296
1451.9021990299225, 1209.426732801323, 2167.474127724804
1452.2841765880585, 1209.426732801323, 2167.474127724804
1452.7838380336761, 1209.426732801323, 2167.474127724804
1453.4001867771149, 1209.1160683666324, 2167.813018371812
1453.7792007923126, 1209.1160683666324, 2167.813018371812
1454.4214515686035, 1209.1160683666324, 2167.813018371812
1454.7665269374847, 1209.1160683666324, 2167.813018371812
1455.2921187877655, 1209.1160683666324, 2167.813018371812
1455.879546880722, 1208.7241176564248, 2166.8974280197954
1456.4051370620728, 1207.732447905112, 2167.6504512383226
1456.8998119831085, 1209.374033066224, 2167.2428813401925
1457.420419216156, 1208.378686813892, 2167.04641149227
1457.770480632782, 1208.378686813892, 2167.04641149227
1458.4376928806305, 1209.0550380195743, 2167.308305816871
1458.9014506340027, 1209.150371826397, 2168.1206582887685
1459.3941309452057, 1208.276746702049, 2167.9030847119043
1459.9237127304077, 1208.118573767105, 2167.7340184866725
1460.4223763942719, 1209.6986441589436, 2167.3161643848866
1460.7814152240753, 1209.6986441589436, 2167.3161643848866
1461.402750968933, 1207.9074191010952, 2167.9634732741474
1461.8964276313782, 1209.093532213947, 2167.644369138071
1462.4120466709137, 1208.5962856924139, 2167.7673632082683
1462.9107110500336, 1209.3178800723551, 2167.400608674984
1463.400399684906, 1208.291484695208, 2167.770678782867
1463.9070420265198, 1209.18614786836, 2167.4769810346775
1464.393738269806, 1209.1118232603997, 2167.150353306205
1464.7737205028534, 1209.1118232603997, 2167.150353306205
1465.2803659439087, 1209.1118232603997, 2167.150353306205
1465.7880041599274, 1209.1118232603997, 2167.150353306205
1466.423301935196, 1209.624801749221, 2167.330189058446
1466.9269545078278, 1208.9771885296961, 2167.3609845155415
