time, x0, y0, x1, y1...
2.831415891647339, 20.0, 20.0
3.5006234645843506, 1693.713794266061, 1692.9981682634311
3.9743540287017822, 1692.721037618961, 1691.2559874547794
4.5218870639801025, 1693.4797266066128, 1690.7543101901742
4.978662967681885, 1691.8482625657875, 1690.8374591105091
5.532179594039917, 1691.8001577561363, 1692.767792161605
5.989953517913818, 1691.7063108391349, 1692.7440844419577
6.3509862422943115, 1691.7063108391349, 1692.7440844419577
6.439748525619507, 1691.7063108391349, 1692.7440844419577
7.005232810974121, 1693.2601328368369, 1691.4507141488261
7.52683687210083, 1691.9105210431544, 1692.5610423043984
7.828030109405518, 1691.9105210431544, 1692.5610423043984
8.492249965667725, 1692.1683083751918, 1690.7620637423133
9.001885414123535, 1692.020914896747, 1691.9642374244552
9.506531953811646, 1692.228360713099, 1693.991145924057
9.828669786453247, 1692.228360713099, 1693.991145924057
10.558713436126709, 1690.6563785530186, 1691.7818418754832
10.83298134803772, 1690.6563785530186, 1691.7818418754832
11.502187252044678, 1691.2471289782848, 1689.865436715214
11.983896732330322, 1691.8651941499706, 1690.7439274899318
12.534421920776367, 1692.8380951590543, 1692.1308479540658
13.033085584640503, 1692.9456024148187, 1692.699091577512
13.339265584945679, 1692.9456024148187, 1692.699091577512
13.81598973274231, 1692.9456024148187, 1692.699091577512
14.312658786773682, 1692.9456024148187, 1692.699091577512
14.816308736801147, 1692.9456024148187, 1692.699091577512
15.315970659255981, 1692.9456024148187, 1692.699091577512
15.98019003868103, 1691.6933685406725, 1692.1416239740709
16.32227325439453, 1691.6933685406725, 1692.1416239740709
16.818943977355957, 1691.6933685406725, 1692.1416239740709
17.479175090789795, 1692.1577026798925, 1691.9843103961364
17.833226919174194, 1692.1577026798925, 1691.9843103961364
18.50941514968872, 1691.897951948627, 1692.5249664604867
18.834543704986572, 1691.897951948627, 1692.5249664604867
19.343181848526, 1691.897951948627, 1692.5249664604867
19.814918756484985, 1691.897951948627, 1692.5249664604867
20.31856918334961, 1691.897951948627, 1692.5249664604867
20.978801250457764, 1691.0211033240776, 1692.3714511972087
21.509379863739014, 1691.2756762708477, 1691.6558784965853
21.827526807785034, 1691.2756762708477, 1691.6558784965853
22.31920838356018, 1691.2756762708477, 1691.6558784965853
22.82585120201111, 1691.2756762708477, 1691.6558784965853
23.325512886047363, 1691.2756762708477, 1691.6558784965853
23.988736629486084, 1691.1114077223313, 1690.9545111051125
24.50435471534729, 1692.372047086771, 1690.8502377270536
24.826493978500366, 1692.372047086771, 1690.8502377270536
25.504674673080444, 1692.2236284408393, 1690.4498348156978
26.00633215904236, 1693.1975786256723, 1692.8835952308123
26.34043598175049, 1693.1975786256723, 1692.8835952308123
26.8281307220459, 1693.1975786256723, 1692.8835952308123
27.332780122756958, 1693.1975786256723, 1692.8835952308123
27.999991416931152, 1692.5978452397485, 1690.8062401594118
28.52259135246277, 1693.5173709424516, 1691.7499954414504
28.8247811794281, 1693.5173709424516, 1691.7499954414504
29.32743549346924, 1693.5173709424516, 1691.7499954414504
29.99065899848938, 1691.9233216200266, 1691.3459565734104
30.50627613067627, 1691.9940390778165, 1693.3266277990595
31.018903493881226, 1693.3708651938414, 1692.073265927847
31.51258134841919, 1693.0404315988287, 1692.4584139849926
31.99429178237915, 1693.8358676840605, 1692.2725666559113
32.52686333656311, 1692.3234491211076, 1691.744072574404
32.818084716796875, 1692.3234491211076, 1691.744072574404
33.49227714538574, 1692.5863525116022, 1691.531244649197
34.02983856201172, 1693.5370157658442, 1692.3536928138162
34.53648018836975, 1693.4437739293446, 1690.738605624236
34.84365701675415, 1693.4437739293446, 1690.738605624236
35.34431862831116, 1693.4437739293446, 1690.738605624236
36.036463022232056, 1693.3604717526675, 1693.8045791772777
36.55307912826538, 1694.0522822147204, 1693.138689454317
37.00686240196228, 1694.3792523234338, 1692.1301364153087
37.53245544433594, 1692.8129015602744, 1692.3825223547944
38.00219750404358, 1692.4881108802185, 1692.7741637722083
38.34029197692871, 1692.4881108802185, 1692.7741637722083
38.99852895736694, 1693.3640898555532, 1693.2126215180808
39.53110194206238, 1693.0024028285654, 1691.6513928721436
40.002838134765625, 1694.2555757091143, 1693.779527573706
40.532418966293335, 1693.5721357362117, 1691.3553953645685
41.005151987075806, 1692.2758726580182, 1689.5563337340886
41.33127689361572, 1692.2758726580182, 1689.5563337340886
41.99649691581726, 1693.305056851955, 1690.8087716513528
42.338578939437866, 1693.305056851955, 1690.8087716513528
43.04169487953186, 1692.4057005494708, 1692.4680457630534
43.560307264328, 1694.59192766898, 1692.8132193347133
44.03702926635742, 1691.7697878583565, 1690.93548126015
44.53469657897949, 1693.1978122134285, 1694.2865721886267
45.037348985672, 1692.68840835133, 1691.7140705690847
45.56094694137573, 1693.7363900611542, 1692.3578647143477
45.834214210510254, 1693.7363900611542, 1692.3578647143477
46.34983491897583, 1693.7363900611542, 1692.3578647143477
47.0499587059021, 1694.2703065958444, 1692.873526807749
47.37309241294861, 1694.2703065958444, 1692.873526807749
48.0462908744812, 1691.4413691585623, 1691.1754578687016
48.5758695602417, 1692.8520543018176, 1690.0651507943164
48.85314583778381, 1692.8520543018176, 1690.0651507943164
49.50937056541443, 1693.3620302047932, 1697.485616673245
50.02399206161499, 1694.424591588458, 1698.399928459395
50.5286386013031, 1693.096314759654, 1690.7371250259325
50.84678792953491, 1693.096314759654, 1690.7371250259325
51.377365827560425, 1693.096314759654, 1690.7371250259325
52.046573638916016, 1690.6158712179108, 1692.1135582617148
52.574159383773804, 1691.105051626126, 1691.2639513517918
53.0289409160614, 1692.4599142783586, 1692.6600410235656
53.54755163192749, 1691.5286981830066, 1692.1593132539049
54.0342493057251, 1691.3318625846737, 1690.940396023634
54.57180833816528, 1693.8036455873487, 1691.3024979005477
54.88197636604309, 1693.8036455873487, 1691.3024979005477
55.39061403274536, 1693.8036455873487, 1691.3024979005477
56.04186987876892, 1692.41176938551, 1691.9259784519122
56.357024908065796, 1692.41176938551, 1691.9259784519122
56.852696657180786, 1692.41176938551, 1691.9259784519122
57.35734820365906, 1692.41176938551, 1691.9259784519122
58.01259207725525, 1692.9423624276858, 1691.7392051408276
58.555137157440186, 1694.1626663394577, 1694.0870273684689
59.02587628364563, 1693.0004694808142, 1692.1855648587543
59.54249286651611, 1693.4230005830848, 1693.2204042384094
59.85665035247803, 1693.4230005830848, 1693.2204042384094
60.583702087402344, 1693.1779511405575, 1690.931232614535
61.04646277427673, 1693.6288857503844, 1690.516616146796
61.54911661148071, 1690.9763766139233, 1689.797490887453
62.026838302612305, 1692.337751551935, 1692.9575585055543
62.35795021057129, 1692.337751551935, 1692.9575585055543
63.013195514678955, 1692.7453147716697, 1690.8354631274485
63.553746700286865, 1693.7387615475568, 1690.0875169276758
64.02548313140869, 1692.0753568440539, 1690.2936759296956
64.3555977344513, 1692.0753568440539, 1690.2936759296956
64.85426259040833, 1692.0753568440539, 1690.2936759296956
65.51948070526123, 1691.7432945027767, 1693.0023230924185
65.86056661605835, 1691.7432945027767, 1693.0023230924185
66.51980090141296, 1691.239484876871, 1690.4740382427697
67.03043341636658, 1692.6592861979495, 1693.3543388950252
67.55004024505615, 1691.1027408001855, 1691.9438997815034
67.85921359062195, 1691.1027408001855, 1691.9438997815034
68.37283778190613, 1691.1027408001855, 1691.9438997815034
68.86352300643921, 1691.1027408001855, 1691.9438997815034
69.35520553588867, 1691.1027408001855, 1691.9438997815034
69.84988045692444, 1691.1027408001855, 1691.9438997815034
70.36948776245117, 1691.1027408001855, 1691.9438997815034
70.86216807365417, 1691.1027408001855, 1691.9438997815034
71.3708062171936, 1691.1027408001855, 1691.9438997815034
72.01109075546265, 1692.9579774152837, 1693.4207272829979
72.53369045257568, 1690.0217138116516, 1691.1425059216024
73.02936387062073, 1691.8495972080011, 1690.8312071995101
73.36346673965454, 1691.8495972080011, 1690.8312071995101
74.04863286018372, 1691.5222832695972, 1691.6929327033886
74.37675309181213, 1691.5222832695972, 1691.6929327033886
75.03997731208801, 1692.410042003727, 1692.2453640084548
75.54861426353455, 1692.3181823127784, 1692.8733650329482
75.86476635932922, 1692.3181823127784, 1692.8733650329482
76.36442756652832, 1692.3181823127784, 1692.8733650329482
77.04859471321106, 1691.7147349163806, 1692.1054599062425
77.3926727771759, 1691.7147349163806, 1692.1054599062425
78.02398252487183, 1692.9250014065378, 1690.8358243782877
78.36506867408752, 1692.9250014065378, 1690.8358243782877
78.84977006912231, 1692.9250014065378, 1690.8358243782877
79.53094577789307, 1691.6056409939245, 1692.292544264951
80.02262783050537, 1691.9248718477038, 1690.592092313852
80.54522919654846, 1691.9968289047226, 1692.9866423431038
81.03092741966248, 1691.0416493951227, 1690.2722014921446
81.35406136512756, 1691.0416493951227, 1690.2722014921446
82.02925252914429, 1691.0566396655756, 1690.3087310661476
82.55584144592285, 1692.1100763260645, 1690.7518842006393
82.87199473381042, 1692.1100763260645, 1690.7518842006393
83.35569930076599, 1692.1100763260645, 1690.7518842006393
84.02091598510742, 1691.7369002942787, 1692.044999682524
84.57543063163757, 1691.4904521399676, 1692.1447321150993
84.86066818237305, 1691.4904521399676, 1692.1447321150993
85.58273315429688, 1692.4989540153172, 1690.0975203149799
86.08339309692383, 1691.2754442310427, 1691.5293714648592
86.37461233139038, 1691.2754442310427, 1691.5293714648592
87.01489663124084, 1690.2156857395428, 1690.100491239166
87.56542253494263, 1693.3206467768189, 1692.5536122365181
88.02419185638428, 1690.1333136916353, 1691.4743850383543
88.52185988426208, 1689.2851040923026, 1689.0554929211926
88.86593866348267, 1689.2851040923026, 1689.0554929211926
89.53813791275024, 1692.1158766552142, 1692.4836459725402
89.85329294204712, 1692.1158766552142, 1692.4836459725402
90.52549147605896, 1692.2266875690223, 1690.69990178162
91.04410290718079, 1692.3128934172403, 1690.3800013903349
91.35028266906738, 1692.3128934172403, 1690.3800013903349
92.05339932441711, 1692.3990601910778, 1691.0034987895858
92.5580472946167, 1690.4203353349121, 1690.8849559876721
93.03477025032043, 1692.8674958306235, 1691.6586280472707
93.36388945579529, 1692.8674958306235, 1691.6586280472707
94.0620186328888, 1691.4088948782853, 1690.9379298759104
94.36720013618469, 1691.4088948782853, 1690.9379298759104
95.02743315696716, 1693.1741302338112, 1692.0143684578936
95.35654973983765, 1693.1741302338112, 1692.0143684578936
96.00979948043823, 1691.8396420205518, 1690.9750786304435
96.35288047790527, 1691.8396420205518, 1690.9750786304435
97.00912261009216, 1692.4648441788954, 1691.8935539254478
97.5297281742096, 1694.540396644954, 1693.2324414604138
97.86483263969421, 1694.540396644954, 1693.2324414604138
98.35551643371582, 1694.540396644954, 1693.2324414604138
99.06461644172668, 1694.5933711913028, 1693.132735956405
99.36381483078003, 1694.5933711913028, 1693.132735956405
100.01806092262268, 1691.2587677407525, 1690.3584435021498
100.3701183795929, 1691.2587677407525, 1690.3584435021498
100.85980606079102, 1691.2587677407525, 1690.3584435021498
101.35448145866394, 1691.2587677407525, 1690.3584435021498
102.08951187133789, 1692.0509868995196, 1692.5528989315296
102.37474870681763, 1692.0509868995196, 1692.5528989315296
102.86443519592285, 1692.0509868995196, 1692.5528989315296
103.35312676429749, 1692.0509868995196, 1692.5528989315296
104.0263237953186, 1692.3158451452302, 1690.3424773562542
104.35643887519836, 1692.3158451452302, 1690.3424773562542
104.85011768341064, 1692.3158451452302, 1690.3424773562542
105.36274361610413, 1692.3158451452302, 1690.3424773562542
105.84644651412964, 1692.3158451452302, 1690.3424773562542
106.34211802482605, 1692.3158451452302, 1690.3424773562542
106.84776544570923, 1692.3158451452302, 1690.3424773562542
107.55487179756165, 1692.6683730706209, 1692.0869166562948
108.04356122016907, 1692.765138321212, 1690.9769217463515
108.55020356178284, 1692.3685171382185, 1690.296105795818
108.87034559249878, 1692.3685171382185, 1690.296105795818
109.35006165504456, 1692.3685171382185, 1690.296105795818
110.07611608505249, 1693.0761175504265, 1688.9170225068801
110.58874154090881, 1693.7646977122095, 1691.4306154232918
110.90090560913086, 1693.7646977122095, 1691.4306154232918
111.40455627441406, 1693.7646977122095, 1691.4306154232918
111.89524173736572, 1693.7646977122095, 1691.4306154232918
112.58240127563477, 1692.2097385772547, 1691.6246654604915
112.86963129043579, 1692.2097385772547, 1691.6246654604915
113.66948866844177, 1693.52650639325, 1690.9629300005233
113.88690567016602, 1693.52650639325, 1690.9629300005233
114.57605957984924, 1691.6480983778695, 1691.1017856676901
114.87924695014954, 1691.6480983778695, 1691.1017856676901
115.39287114143372, 1691.6480983778695, 1691.1017856676901
115.89053869247437, 1691.6480983778695, 1691.1017856676901
116.56373405456543, 1692.4603083708755, 1691.1944252130534
116.87091135978699, 1692.4603083708755, 1691.1944252130534
117.5381236076355, 1691.5898715755545, 1692.2592289635718
118.0417742729187, 1694.2004427118916, 1693.474939306331
118.35992288589478, 1694.2004427118916, 1693.474939306331
118.87155079841614, 1694.2004427118916, 1693.474939306331
119.35026907920837, 1694.2004427118916, 1693.474939306331
119.85990476608276, 1694.2004427118916, 1693.474939306331
120.54706287384033, 1692.705086993019, 1692.2770518554978
121.01680421829224, 1693.4635211388418, 1691.044074917255
121.37883400917053, 1693.4635211388418, 1691.044074917255
121.8525652885437, 1693.4635211388418, 1691.044074917255
122.54271721839905, 1692.3891709132172, 1691.7132333846805
122.85687494277954, 1692.3891709132172, 1691.7132333846805
123.35254716873169, 1692.3891709132172, 1691.7132333846805
124.02674102783203, 1693.1090795926605, 1691.1403245691342
124.54136109352112, 1692.2136286917391, 1690.8342190323478
125.0270607471466, 1691.1670099620405, 1689.5974451083857
125.55065822601318, 1691.4033935127202, 1690.9662720425872
125.84187817573547, 1691.4033935127202, 1690.9662720425872
126.37046265602112, 1691.4033935127202, 1690.9662720425872
126.85316801071167, 1691.4033935127202, 1690.9662720425872
127.37078261375427, 1691.4033935127202, 1690.9662720425872
128.0519564151764, 1691.6780979292234, 1691.8387928968316
128.5735583305359, 1692.8157739269216, 1690.499624777653
129.0363187789917, 1693.0287587619068, 1690.9564527176776
129.3724181652069, 1693.0287587619068, 1690.9564527176776
129.85712122917175, 1693.0287587619068, 1690.9564527176776
130.55824255943298, 1692.5357943374968, 1691.818288332378
131.01701378822327, 1690.2863965068075, 1690.6791150670513
131.53362822532654, 1692.9034139257672, 1691.0175719423978
132.01134848594666, 1692.2817522014698, 1691.0304781063533
132.52896332740784, 1692.5521017926726, 1691.325446536183
132.84810757637024, 1692.5521017926726, 1691.325446536183
133.3437786102295, 1692.5521017926726, 1691.325446536183
133.86438417434692, 1692.5521017926726, 1691.325446536183
134.37501740455627, 1692.5521017926726, 1691.325446536183
134.99238753318787, 1690.7649844942086, 1691.9227802170778
135.35741186141968, 1690.7649844942086, 1691.9227802170778
136.0375897884369, 1692.5634075473326, 1691.2307647981972
136.35773277282715, 1692.5634075473326, 1691.2307647981972
137.0189607143402, 1691.395249041784, 1690.8638591465835
137.54455280303955, 1691.6014149166203, 1691.3183328329533
138.00831007957458, 1692.845500087956, 1690.1300972462163
138.54888582229614, 1691.8736107323198, 1691.1570804437545
138.85705947875977, 1691.8736107323198, 1691.1570804437545
139.36469912528992, 1691.8736107323198, 1691.1570804437545
139.85139536857605, 1691.8736107323198, 1691.1570804437545
140.50364804267883, 1692.372559267496, 1690.5876281400604
141.01827001571655, 1692.1100565543768, 1691.811517315803
141.35636448860168, 1692.1100565543768, 1691.811517315803
141.848046541214, 1692.1100565543768, 1691.811517315803
142.3586781024933, 1692.1100565543768, 1691.811517315803
143.02090430259705, 1692.725436219565, 1690.9221184334388
143.36597967147827, 1692.725436219565, 1690.9221184334388
144.02920246124268, 1691.8108469111894, 1689.6816152735896
144.36729741096497, 1691.8108469111894, 1689.6816152735896
145.0205466747284, 1692.0274948104457, 1691.9574491782648
145.53217697143555, 1692.281417455329, 1692.076979944803
146.04480290412903, 1693.0542225730446, 1691.9917145913932
146.54246950149536, 1692.8862871821084, 1690.8877406258346
146.8546326160431, 1692.8862871821084, 1690.8877406258346
147.50788283348083, 1691.8165849088427, 1691.7717932363366
148.00355505943298, 1691.7532885179805, 1691.620200306073
148.34464192390442, 1691.7532885179805, 1691.620200306073
148.88319849967957, 1691.7532885179805, 1691.620200306073
149.5324592590332, 1692.3431409340628, 1692.2092330518851
149.8555932044983, 1692.3431409340628, 1692.2092330518851
150.5357723236084, 1692.4120014128903, 1691.288061091885
151.0284514427185, 1692.7571366512084, 1691.725996322603
151.5410783290863, 1691.4038652478594, 1691.175076639718
151.85423827171326, 1691.4038652478594, 1691.175076639718
152.52444314956665, 1694.008491736038, 1691.6084074526707
152.86852264404297, 1694.008491736038, 1691.6084074526707
153.5975682735443, 1693.303479552945, 1691.6566289157065
153.85687375068665, 1693.303479552945, 1691.6566289157065
154.55101370811462, 1691.3968679633676, 1690.5583605030681
155.07660603523254, 1693.1234287573457, 1693.0462621198672
155.35884928703308, 1693.1234287573457, 1693.0462621198672
156.09088826179504, 1692.010983970451, 1691.0215606367417
156.56461930274963, 1691.317721038906, 1689.6837916552354
157.0263831615448, 1692.0866054945357, 1691.8654463248813
157.55995321273804, 1691.8183588791674, 1691.088110034681
157.85615992546082, 1691.8183588791674, 1691.088110034681
158.56526017189026, 1692.7478556062313, 1692.463184212216
158.85747814178467, 1692.7478556062313, 1692.463184212216
159.35115385055542, 1692.7478556062313, 1692.463184212216
159.8976902961731, 1692.7478556062313, 1692.463184212216
160.53099393844604, 1693.4382951210046, 1690.404632500194
161.070547580719, 1692.386854097118, 1690.7388215792205
161.60312032699585, 1691.3761000705158, 1690.0497450699347
162.06288981437683, 1692.6055759115577, 1691.3913967785193
162.55157995224, 1692.0153591845592, 1690.6815440523678
162.85376977920532, 1692.0153591845592, 1690.6815440523678
163.34745001792908, 1692.0153591845592, 1690.6815440523678
164.03759908676147, 1692.356156952862, 1690.817365744031
164.52529215812683, 1692.5689705690904, 1691.5793000585977
165.0279462337494, 1692.7953961147962, 1689.888742250674
165.3590579032898, 1692.7953961147962, 1689.888742250674
165.86869287490845, 1692.7953961147962, 1689.888742250674
166.57180881500244, 1691.6424158983357, 1691.6585997856234
166.87400031089783, 1691.6424158983357, 1691.6585997856234
167.50431060791016, 1692.930568847156, 1690.8786458920456
168.07577967643738, 1692.6441621562633, 1691.1387279282237
168.35104179382324, 1692.6441621562633, 1691.1387279282237
168.86566424369812, 1692.6441621562633, 1691.1387279282237
169.37130856513977, 1692.6441621562633, 1691.1387279282237
169.85501313209534, 1692.6441621562633, 1691.1387279282237
170.3766164779663, 1692.6441621562633, 1691.1387279282237
171.0577907562256, 1692.923159694244, 1689.8249683085403
171.36696243286133, 1692.923159694244, 1689.8249683085403
171.87460231781006, 1692.923159694244, 1689.8249683085403
172.35132551193237, 1692.923159694244, 1689.8249683085403
173.0374870300293, 1691.5917690899964, 1693.4956542596349
173.5690622329712, 1690.9507864155207, 1689.702277877716
174.03780722618103, 1694.1103485353512, 1690.4738126333061
174.54245495796204, 1693.2075669961328, 1691.47414785979
174.87556266784668, 1693.2075669961328, 1691.47414785979
175.35527729988098, 1693.2075669961328, 1691.47414785979
176.12522912025452, 1693.8788403440992, 1689.0513948810533
176.55406546592712, 1693.0402988951334, 1690.9302339146236
177.06868720054626, 1693.456991936121, 1690.0183658504955
177.3579123020172, 1693.456991936121, 1690.0183658504955
178.10790276527405, 1692.7109266066814, 1689.2922448754082
178.74918508529663, 1692.0750167237666, 1691.1106844125943
179.5370740890503, 1692.7329081200035, 1692.3309177974395
179.8681869506836, 1692.7329081200035, 1692.3309177974395
180.51844453811646, 1693.6604807485335, 1690.3456756315202
181.0280795097351, 1692.8501962343278, 1690.5009850512631
181.37315702438354, 1692.8501962343278, 1690.5009850512631
181.993492603302, 1692.8516618921012, 1692.9133162078235
182.340562582016, 1692.8516618921012, 1692.9133162078235
183.02772212028503, 1693.7666510066767, 1690.7884319197024
183.52838134765625, 1692.3783897503731, 1691.728947440897
184.02405285835266, 1694.1884919842885, 1690.3419374468901
184.53269028663635, 1692.9044406566582, 1692.0771210832152
184.99545001983643, 1693.5989910456644, 1691.725848757996
185.5240354537964, 1694.2360218763636, 1691.9915655250154
186.02668833732605, 1693.0779268064264, 1690.9720089315472
186.53333020210266, 1693.7073816854358, 1693.3885127031315
187.03299164772034, 1693.2602930219196, 1691.065909037894
187.60944747924805, 1693.6109055023737, 1693.3678472025902
188.02633023262024, 1694.0212565675836, 1691.0891633332371
188.37340331077576, 1694.0212565675836, 1691.0891633332371
188.84015011787415, 1694.0212565675836, 1691.0891633332371
189.53528761863708, 1692.5786567983719, 1689.9218466657376
189.99804878234863, 1694.0287935009562, 1691.2994202783277
190.349107503891, 1694.0287935009562, 1691.2994202783277
191.01931238174438, 1694.4151529514622, 1692.8521191608997
191.55188584327698, 1692.9374796818274, 1688.6146430573274
191.85008645057678, 1692.9374796818274, 1688.6146430573274
192.3457591533661, 1692.9374796818274, 1688.6146430573274
192.8494086265564, 1692.9374796818274, 1688.6146430573274
193.36103868484497, 1692.9374796818274, 1688.6146430573274
193.84274768829346, 1692.9374796818274, 1688.6146430573274
194.5029797554016, 1694.2341811163087, 1690.6788063448887
195.04253363609314, 1694.2760669482172, 1687.716878872468
195.59206128120422, 1693.7904831463093, 1689.6507112347826
195.86931920051575, 1693.7904831463093, 1689.6507112347826
196.34903383255005, 1693.7904831463093, 1689.6507112347826
196.84370827674866, 1693.7904831463093, 1689.6507112347826
197.50992274284363, 1693.8906251515327, 1681.397987718771
198.00559520721436, 1691.8864894183714, 1675.4896203793662
198.52320885658264, 1692.5684398060826, 1679.5202931220786
199.010901927948, 1696.1785561587762, 1680.9622383816206
199.34201455116272, 1696.1785561587762, 1680.9622383816206
199.84466767311096, 1696.1785561587762, 1680.9622383816206
200.35031366348267, 1696.1785561587762, 1680.9622383816206
200.8539640903473, 1696.1785561587762, 1680.9622383816206
201.51319789886475, 1688.763385143083, 1662.4781486260538
202.024827003479, 1685.4809946970888, 1662.2939307365366
202.53047275543213, 1683.231464733243, 1662.6750271147598
203.0211579799652, 1688.3613268512634, 1674.8807899842936
203.58365082740784, 1692.7661733510572, 1689.8194378277465
204.03943014144897, 1692.6235194476058, 1685.0170507664036
204.35558533668518, 1692.6235194476058, 1685.0170507664036
204.85125517845154, 1692.6235194476058, 1685.0170507664036
205.34393525123596, 1692.6235194476058, 1685.0170507664036
206.01812982559204, 1692.421484321692, 1692.4485096018693
206.51978588104248, 1693.6554641764367, 1689.8910654701685
207.01545667648315, 1691.202756881627, 1690.6106057459722
207.52309775352478, 1692.5880276483604, 1689.9054193207369
207.85620498657227, 1692.5880276483604, 1689.9054193207369
208.34688997268677, 1692.5880276483604, 1689.9054193207369
208.84854555130005, 1692.5880276483604, 1689.9054193207369
209.5227403640747, 1693.4160140727001, 1689.001692646599
209.84387874603271, 1693.4160140727001, 1689.001692646599
210.50411200523376, 1687.9811573792183, 1686.3015583370625
210.87411952018738, 1687.9811573792183, 1686.3015583370625
211.53833985328674, 1693.3307475375236, 1689.286327444939
212.03700351715088, 1686.119641225036, 1676.6341776075374
212.3651249408722, 1686.119641225036, 1676.6341776075374
213.007404088974, 1668.6801906684848, 1684.4610731294815
213.53802394866943, 1671.564507805754, 1698.7908608027226
214.03070425987244, 1664.2031958438067, 1703.2702215928716
214.52438163757324, 1661.60417992406, 1711.407977122929
214.9991102218628, 1690.7292379457676, 1699.122345042325
215.35415816307068, 1690.7292379457676, 1699.122345042325
215.85980367660522, 1690.7292379457676, 1699.122345042325
216.50111627578735, 1867.151748587125, 1681.3220441711953
217.0097234249115, 2146.487671597527, 1796.5823694495714
217.51137924194336, 2183.098139808349, 1796.8519298504752
218.03697156906128, 2184.0805900673527, 1796.8489081479468
218.55458426475525, 33.685007736363104, 89.08306702224881
218.87971305847168, 33.685007736363104, 89.08306702224881
219.55290985107422, 137.77873990290476, 24.681949560877403
220.07949876785278, 95.45453134257681, 530.9434984110814
220.6380033493042, 165.80799805718453, 37.3481394590378
221.04192090034485, -19.55185392584391, 18.955729297421126
221.5326063632965, 1665.2592760381608, 2615.5696882390375
221.99237394332886, 1662.1390950076811, 2621.430529208655
222.55386996269226, 1661.3094015534916, 2619.842594512392
223.0176272392273, 1660.2749954329274, 2619.404835781882
223.3547637462616, 1660.2749954329274, 2619.404835781882
223.8534288406372, 1660.2749954329274, 2619.404835781882
224.34910082817078, 1660.2749954329274, 2619.404835781882
225.03027653694153, 1658.1433145054127, 2619.142016071776
225.3763484954834, 1658.1433145054127, 2619.142016071776
226.0286009311676, 1657.279426344513, 2618.904315823297
226.3826539516449, 1657.279426344513, 2618.904315823297
226.88331127166748, 1657.279426344513, 2618.904315823297
227.3739972114563, 1657.279426344513, 2618.904315823297
227.8477280139923, 1657.279426344513, 2618.904315823297
228.52890300750732, 1650.8383959129185, 2614.8018572273204
228.85802173614502, 1650.8383959129185, 2614.8018572273204
229.5032925605774, 1528.6775621625538, 2531.3207529890665
230.00594520568848, 1385.172472419114, 2260.807374925246
230.35105156898499, 1385.172472419114, 2260.807374925246
231.01125144958496, 1395.7609690100942, 2264.5339494534924
231.34735107421875, 1395.7609690100942, 2264.5339494534924
231.84205722808838, 1395.7609690100942, 2264.5339494534924
232.55611324310303, -566.5353779646599, 25.793956503179555
232.88822197914124, -566.5353779646599, 25.793956503179555
233.5175380706787, 1568.3215642447049, 2070.3771101230523
233.85663032531738, 1568.3215642447049, 2070.3771101230523
234.54279255867004, 1657.0671091464255, 1738.0300458213046
235.11326360702515, 23.091764065308087, 41.15535332721318
235.41445803642273, 23.091764065308087, 41.15535332721318
235.90215063095093, 23.091764065308087, 41.15535332721318
236.54742288589478, 1620.3687165967135, 1831.1468771751454
237.03810930252075, 1620.3166625741326, 1831.7305087014154
237.59661316871643, 1620.4885994728215, 1833.0318325323426
237.8638973236084, 1620.4885994728215, 1833.0318325323426
238.34959602355957, 1620.4885994728215, 1833.0318325323426
239.00085258483887, 1619.575047366422, 1831.7756406897322
239.5394103527069, 1620.1660281213667, 1832.0989907830774
239.9971842765808, 1620.3766395262644, 1832.8470150610303
240.52676796913147, 1621.1408336915376, 1834.8461623782498
241.01246643066406, 1619.9669453451052, 1832.8970214184822
241.35455012321472, 1619.9669453451052, 1832.8970214184822
241.8442678451538, 1619.9669453451052, 1832.8970214184822
242.34190440177917, 1619.9669453451052, 1832.8970214184822
243.06696391105652, 1619.300741185692, 1832.1425099670655
243.54867315292358, 1620.209613266424, 1831.3974297171076
244.0443456172943, 1620.2886767643033, 1831.8770584094218
244.57592177391052, 1620.120646882782, 1830.403234560856
245.0895471572876, 1616.8057907651078, 1827.8987983887973
245.40769577026367, 1616.8057907651078, 1827.8987983887973
245.86048316955566, 1616.8057907651078, 1827.8987983887973
246.52769780158997, 1597.9459796328742, 1806.8728238058454
246.86479258537292, 1597.9459796328742, 1806.8728238058454
247.36046409606934, 1597.9459796328742, 1806.8728238058454
247.9987554550171, 1432.1936319221402, 1869.5341132638926
248.54329657554626, 1432.0564656841073, 1868.8350567277287
248.99309182167053, 1432.2585962231778, 1867.2869217480181
249.52965664863586, 1431.8251643676203, 1866.6074129386411
250.0013918876648, 1431.9522945714823, 1867.0749638255538
250.35344910621643, 1431.9522945714823, 1867.0749638255538
250.85314559936523, 1431.9522945714823, 1867.0749638255538
251.50436663627625, 1431.1077279178955, 1868.145461258226
251.83949828147888, 1431.1077279178955, 1868.145461258226
251.9411973953247, 1431.1077279178955, 1868.145461258226
252.50169563293457, 1431.1857279689493, 1868.3820054103232
252.991384267807, 1430.7238399513594, 1869.0958378040575
253.5538785457611, 1430.9855873664371, 1867.4485170797468
254.0365855693817, 1431.970019045793, 1868.8733831730858
254.56118083000183, 1428.9984651030627, 1867.1151684743975
254.84345316886902, 1428.9984651030627, 1867.1151684743975
255.50864267349243, 1432.582496640235, 1866.585558914211
256.0262575149536, 1429.5955403658306, 1868.5703025522948
256.5528464317322, 1432.3084080638728, 1867.1529561253133
256.85304260253906, 1432.3084080638728, 1867.1529561253133
257.3517093658447, 1432.3084080638728, 1867.1529561253133
258.00695300102234, 1431.949538496819, 1867.439705804246
258.5245656967163, 1430.233504548708, 1865.6701713958153
259.0242280960083, 1430.6000490375886, 1868.6440878281628
259.3523483276367, 1430.6000490375886, 1868.6440878281628
260.017596244812, 1399.6975893364038, 1849.334892291761
260.36067390441895, 1399.6975893364038, 1849.334892291761
261.0079162120819, 1391.7817216027565, 1887.0656757439626
261.5075771808624, 1404.1192010597256, 1864.4253793293267
261.8666169643402, 1404.1192010597256, 1864.4253793293267
262.5358245372772, 1335.3773924651343, 1809.5853872073794
263.0055661201477, 1302.5405642861317, 1827.3181874114368
263.35562896728516, 1302.5405642861317, 1827.3181874114368
263.8572838306427, 1302.5405642861317, 1827.3181874114368
264.35594868659973, 1302.5405642861317, 1827.3181874114368
264.85960245132446, 1302.5405642861317, 1827.3181874114368
265.340341091156, 1302.5405642861317, 1827.3181874114368
266.00353717803955, 1517.045918978939, 1884.7215892232214
266.53112411499023, 1526.4013339726366, 1882.2448285214587
266.994882106781, 1526.7364604891982, 1881.8020869168702
267.34394693374634, 1526.7364604891982, 1881.8020869168702
267.8485977649689, 1526.7364604891982, 1881.8020869168702
268.5118203163147, 1529.214786967066, 1882.7340030380717
268.84592390060425, 1529.214786967066, 1882.7340030380717
269.5211172103882, 1528.119988373111, 1882.4107410668757
270.0337436199188, 1528.164755780187, 1882.7081528981857
270.59923005104065, 1527.4667524536555, 1882.428276951732
271.0639843940735, 1526.263732501111, 1882.5816096152912
271.3552062511444, 1526.263732501111, 1882.5816096152912
272.01842856407166, 1529.6091156719888, 1885.2167370889824
272.52307748794556, 1524.6304995226333, 1878.3758262648867
273.0077793598175, 1520.5639718072532, 1884.297975560374
273.5423471927643, 1515.601094093865, 1883.5536434573758
273.9971294403076, 1513.2104600039793, 1871.8970708073407
274.51574182510376, 1495.283285472114, 1865.199866377654
275.0044319629669, 1470.3086465418644, 1861.152670612921
275.3445212841034, 1470.3086465418644, 1861.152670612921
275.8411908149719, 1470.3086465418644, 1861.152670612921
276.356810092926, 1470.3086465418644, 1861.152670612921
276.9990904331207, 1935.8630085369568, 1825.3324605291893
277.53166365623474, 1829.514614755364, 1803.1585071533368
278.0183620452881, 1595.818615422326, 1848.2186497267899
278.37340903282166, 1595.818615422326, 1848.2186497267899
278.866090297699, 1595.818615422326, 1848.2186497267899
279.36076498031616, 1595.818615422326, 1848.2186497267899
279.8514518737793, 1595.818615422326, 1848.2186497267899
280.53162956237793, 127.63796979213436, 307.86648423356365
281.02929759025574, 81.94180685588535, 57.12660848829559
281.5548884868622, 1581.8525095134546, 1851.91282006042
282.00867342948914, 1578.2845038077967, 1857.4291605368335
282.5422444343567, 1592.0269847069299, 1837.9655730922557
283.0269479751587, 1587.5073374889416, 1852.2146432973962
283.5236167907715, 1610.2383335065513, 1828.8609810401522
284.0003402233124, 1600.4126610910373, 1837.7657188028013
284.3523967266083, 1600.4126610910373, 1837.7657188028013
284.8490674495697, 1600.4126610910373, 1837.7657188028013
285.34972620010376, 1600.4126610910373, 1837.7657188028013
286.0219509601593, 1514.2838203536328, 1922.8193865924427
286.36203956604004, 1514.2838203536328, 1922.8193865924427
287.0282552242279, 1484.7674167547452, 1963.404819251892
287.55285143852234, 1478.4667425329724, 1965.2576923003767
287.84706258773804, 1478.4667425329724, 1965.2576923003767
288.50230741500854, 1469.4493987333055, 1973.7484878589394
288.99498867988586, 1468.4467034530555, 1973.7328336151015
289.52855944633484, 1468.4070440263577, 1973.3351973657059
289.8536887168884, 1468.4070440263577, 1973.3351973657059
290.50195360183716, 1470.5986313383032, 1974.4217525751185
290.99463295936584, 1469.3748175156368, 1975.547471474263
291.5252118110657, 1467.6910050795761, 1974.8888484460845
292.0119090080261, 1469.2221393860184, 1973.332807049545
292.52653098106384, 1472.0154990951949, 1973.3982517724799
292.8556501865387, 1472.0154990951949, 1973.3982517724799
293.3473334312439, 1472.0154990951949, 1973.3982517724799
293.86993312835693, 1472.0154990951949, 1973.3982517724799
294.5740473270416, 1472.6677611072457, 1962.0354524279562
294.86028146743774, 1472.6677611072457, 1962.0354524279562
295.3778941631317, 1472.6677611072457, 1962.0354524279562
296.0361318588257, 1474.737894377449, 1947.6226655384153
296.56471610069275, 1477.6153338247962, 1949.4481973900017
296.8429706096649, 1477.6153338247962, 1949.4481973900017
297.34562492370605, 1477.6153338247962, 1949.4481973900017
297.839302778244, 1477.6153338247962, 1949.4481973900017
298.5115032196045, 1474.4249505531159, 1954.060597620429
298.8515920639038, 1474.4249505531159, 1954.060597620429
299.34327507019043, 1474.4249505531159, 1954.060597620429
299.9965262413025, 1477.6462088414548, 1943.8102463186851
300.53109407424927, 1471.9411396217401, 1928.3446535910246
300.86420226097107, 1471.9411396217401, 1928.3446535910246
301.3399279117584, 1471.9411396217401, 1928.3446535910246
302.0011570453644, 1473.1380824575633, 1968.1889670818375
302.5247542858124, 1471.8568190597791, 1942.0377011844532
302.85586857795715, 1471.8568190597791, 1942.0377011844532
303.358521938324, 1471.8568190597791, 1942.0377011844532
303.8521993160248, 1471.8568190597791, 1942.0377011844532
304.49747133255005, 1470.133939230775, 1910.3222886246067
305.0300450325012, 1474.5755793439432, 1901.6125404754857
305.5277123451233, 1476.6221300740228, 1898.0982239900966
306.0263772010803, 1478.4300042183468, 1903.280447008626
306.52903151512146, 1485.7698117187012, 1928.1839636445045
307.0087459087372, 1474.4006131891658, 1951.1400337876628
307.52137303352356, 1471.7861936995657, 1957.6975483140136
308.0120589733124, 1473.0716826289024, 1958.9440152811476
308.59150743484497, 1473.166911470039, 1960.877105713771
309.053270816803, 1474.4819303178829, 1945.053744854736
309.36244225502014, 1474.4819303178829, 1945.053744854736
309.8700828552246, 1474.4819303178829, 1945.053744854736
310.5492651462555, 1478.7003445466714, 1931.7421754718373
310.8444736003876, 1478.7003445466714, 1931.7421754718373
311.6044397354126, 1464.9603056732597, 1917.4382720032365
311.89366364479065, 1464.9603056732597, 1917.4382720032365
312.57583689689636, 1447.7526025357743, 1965.7587742599108
312.8520975112915, 1447.7526025357743, 1965.7587742599108
313.3567454814911, 1447.7526025357743, 1965.7587742599108
313.85142064094543, 1447.7526025357743, 1965.7587742599108
314.3530774116516, 1447.7526025357743, 1965.7587742599108
314.8467552661896, 1447.7526025357743, 1965.7587742599108
315.3573877811432, 1447.7526025357743, 1965.7587742599108
316.0066487789154, 1469.1394490270573, 1992.011013149218
316.50730776786804, 1478.0766216419327, 2001.1499354961395
317.00696992874146, 1442.2036689079616, 2038.4538490416815
317.5465250015259, 1439.812524243821, 2044.3750613063332
318.0451891422272, 1438.645742910504, 2049.94421824915
318.3683247566223, 1438.645742910504, 2049.94421824915
318.87496733665466, 1438.645742910504, 2049.94421824915
319.3786189556122, 1438.645742910504, 2049.94421824915
319.88725876808167, 1438.645742910504, 2049.94421824915
320.56843304634094, 1437.9575491820474, 2050.2822681769085
320.87162041664124, 1437.9575491820474, 2050.2822681769085
321.34036445617676, 1437.9575491820474, 2050.2822681769085
322.02852177619934, 1436.5170568628223, 2034.5570708418322
322.5291805267334, 1432.2309554006442, 2022.929094240371
322.9999215602875, 1433.274585993592, 2012.427364513758
323.53549885749817, 1431.7611421059312, 1998.30222698004
323.84666538238525, 1431.7611421059312, 1998.30222698004
324.4999165534973, 1455.448658941531, 1926.951381318486
324.86194705963135, 1455.448658941531, 1926.951381318486
325.3466486930847, 1455.448658941531, 1926.951381318486
326.0148594379425, 1492.4191236850074, 1929.8684824305956
326.5284833908081, 1489.7198965430198, 1965.4515716381118
326.85660552978516, 1489.7198965430198, 1965.4515716381118
327.35925817489624, 1489.7198965430198, 1965.4515716381118
327.84695315361023, 1489.7198965430198, 1965.4515716381118
328.36160492897034, 1489.7198965430198, 1965.4515716381118
329.0447461605072, 1492.875584849503, 1948.076000966299
329.3698744773865, 1492.875584849503, 1948.076000966299
329.8605601787567, 1492.875584849503, 1948.076000966299
330.3522439002991, 1492.875584849503, 1948.076000966299
331.02045488357544, 1480.631025057545, 1890.076873433371
331.35156750679016, 1480.631025057545, 1890.076873433371
331.85023164749146, 1480.631025057545, 1890.076873433371
332.343909740448, 1480.631025057545, 1890.076873433371
333.004141330719, 1474.9223007733199, 1962.6513849404973
333.3552007675171, 1474.9223007733199, 1962.6513849404973
334.0114440917969, 1467.5275089038448, 1960.19661135893
334.3555226325989, 1467.5275089038448, 1960.19661135893
335.0187463760376, 1465.5265685187494, 1968.2726395596421
335.5174102783203, 1465.647421240604, 1969.9816145510222
335.99612832069397, 1463.8003419109862, 1968.7439519336
336.3611512184143, 1463.8003419109862, 1968.7439519336
336.8568232059479, 1463.8003419109862, 1968.7439519336
337.36346650123596, 1463.8003419109862, 1968.7439519336
338.010733127594, 1457.2397036217076, 1960.70582777047
338.35580945014954, 1457.2397036217076, 1960.70582777047
338.8484902381897, 1457.2397036217076, 1960.70582777047
339.5107161998749, 1449.296166956887, 1989.9550647703036
340.016361951828, 1453.34796310329, 1986.25055784487
340.5210108757019, 1445.2465627659249, 1970.4813774386719
340.8471374511719, 1445.2465627659249, 1970.4813774386719
341.34981536865234, 1445.2465627659249, 1970.4813774386719
342.00404477119446, 1432.0647759729677, 2011.0753087980006
342.5216586589813, 1437.0952929544394, 2009.3738265761635
342.84282970428467, 1437.0952929544394, 2009.3738265761635
343.5100131034851, 1445.490182371557, 2025.5576526872346
344.0186495780945, 1444.7583617476141, 2021.9915646159934
344.34876585006714, 1444.7583617476141, 2021.9915646159934
345.03094005584717, 1444.4292717480762, 2027.2968802498572
345.5714921951294, 1443.4293848155944, 2028.5867509024226
346.0043320655823, 1445.5378584355572, 2023.4365324629982
346.5349111557007, 1444.7911300201988, 2021.4981569845183
347.00667238235474, 1445.5865000773235, 2018.7638906155328
347.3477592468262, 1445.5865000773235, 2018.7638906155328
348.01198053359985, 1449.7670566016754, 2006.987860843356
348.3500745296478, 1449.7670566016754, 2006.987860843356
349.0123014450073, 1445.205113982212, 1993.7505967599936
349.51694989204407, 1451.1169524192856, 2009.4222522923476
349.85404777526855, 1451.1169524192856, 2009.4222522923476
350.35570430755615, 1451.1169524192856, 2009.4222522923476
350.84539222717285, 1451.1169524192856, 2009.4222522923476
351.5116081237793, 1447.5026384498292, 1978.847348282416
351.84970211982727, 1447.5026384498292, 1978.847348282416
352.5039508342743, 1450.9491094759119, 2006.3032367405142
352.85700511932373, 1450.9491094759119, 2006.3032367405142
353.3696331977844, 1450.9491094759119, 2006.3032367405142
353.85932087898254, 1450.9491094759119, 2006.3032367405142
354.35200119018555, 1450.9491094759119, 2006.3032367405142
355.03716588020325, 1452.556761800125, 1998.5975654227905
355.5657515525818, 1451.0224849288395, 2003.3774555007915
355.85796785354614, 1451.0224849288395, 2003.3774555007915
356.35862731933594, 1451.0224849288395, 2003.3774555007915
356.84532499313354, 1451.0224849288395, 2003.3774555007915
357.34897565841675, 1451.0224849288395, 2003.3774555007915
357.9982371330261, 1451.712145835051, 1996.1332728118261
358.5068747997284, 1452.834711459019, 1991.630167162348
358.84796047210693, 1452.834711459019, 1991.630167162348
359.5061979293823, 1448.3157127943366, 1992.927685034737
360.0268175601959, 1446.325584062933, 1990.0208058835142
360.3499388694763, 1446.325584062933, 1990.0208058835142
361.0211410522461, 1453.6813333096597, 2002.0533289700786
361.55571460723877, 1448.6318102965524, 1989.8311530639055
361.8569028377533, 1448.6318102965524, 1989.8311530639055
362.35955595970154, 1448.6318102965524, 1989.8311530639055
362.84724974632263, 1448.6318102965524, 1989.8311530639055
363.3499045372009, 1448.6318102965524, 1989.8311530639055
364.0121304988861, 1453.557911152439, 1995.184378881688
364.52476024627686, 1453.5405869819378, 1997.50386373517
364.8518817424774, 1453.5405869819378, 1997.50386373517
365.5230836868286, 1450.6468000646414, 1988.6689364473364
366.00579166412354, 1456.681469782589, 1972.201455600627
366.5154640674591, 1460.9280600621073, 1969.7558624590056
366.99218225479126, 1456.4868568088596, 1970.69001776786
367.5207664966583, 1448.7195201930167, 1953.3163909254563
368.00048184394836, 1442.1742037604413, 1942.4874275569885
368.5320589542389, 1443.667763026984, 1933.9792160780435
368.84422278404236, 1443.667763026984, 1933.9792160780435
369.36482787132263, 1443.667763026984, 1933.9792160780435
369.8605010509491, 1443.667763026984, 1933.9792160780435
370.3412129878998, 1443.667763026984, 1933.9792160780435
371.00945138931274, 1467.0012265766527, 1897.4358337546882
371.5410268306732, 1459.1027774668137, 1875.6831844587857
372.01475834846497, 1461.8080598720605, 1893.8172265514668
372.534366607666, 1456.0001326651275, 1882.6999259787096
373.0081262588501, 1462.162860479971, 1898.455223129885
373.33921217918396, 1462.162860479971, 1898.455223129885
373.84485697746277, 1462.162860479971, 1898.455223129885
374.5330157279968, 1455.2623050776913, 1920.3326373258756
375.0306808948517, 1449.0688373637058, 1906.374901521234
375.33985328674316, 1449.0688373637058, 1906.374901521234
375.84350419044495, 1449.0688373637058, 1906.374901521234
376.5546009540558, 1449.1278084987114, 1895.7917894607356
376.85479617118835, 1449.1278084987114, 1895.7917894607356
377.36742401123047, 1449.1278084987114, 1895.7917894607356
378.03563594818115, 1450.1605950098958, 1886.0145130913668
378.5702021121979, 1453.569151170802, 1871.9420612848064
379.0668740272522, 1453.3906048406352, 1876.7679835019699
379.52564334869385, 1451.3303966136818, 1873.367230760794
379.9993760585785, 1449.900950251593, 1878.4963505711153
380.5379343032837, 1456.7733015748174, 1882.1794964436706
380.99171686172485, 1465.8894746690744, 1889.9064877883861
381.3407826423645, 1465.8894746690744, 1889.9064877883861
382.0209608078003, 1456.0821495875505, 1864.4491356700787
382.5176315307617, 1448.1867283851052, 1848.4103786427295
383.00033926963806, 1455.3887855952185, 1846.0480586091567
383.52393531799316, 1464.4951390439303, 1860.4145166496571
384.0056450366974, 1474.666371557578, 1894.8888103150268
384.54829597473145, 1470.2345537885221, 1870.5288273507492
385.0110583305359, 1474.41397790543, 1859.0260658147176
385.5196945667267, 1477.1351072056025, 1858.4941065037854
385.8498115539551, 1477.1351072056025, 1858.4941065037854
386.54096031188965, 1469.9008702947065, 1848.6220623030483
386.86808609962463, 1469.9008702947065, 1848.6220623030483
387.3517894744873, 1469.9008702947065, 1848.6220623030483
388.01900243759155, 1470.5728321590993, 1858.6498768487386
388.5386095046997, 1466.0387229744206, 1859.1845785483426
389.02829813957214, 1467.9502982691793, 1871.3063149942075
389.35841393470764, 1467.9502982691793, 1871.3063149942075
389.85907435417175, 1467.9502982691793, 1871.3063149942075
390.34380292892456, 1467.9502982691793, 1871.3063149942075
390.85141682624817, 1467.9502982691793, 1871.3063149942075
391.5076587200165, 1435.6879065762678, 1935.7354841097888
392.008318901062, 1429.708891698013, 1941.7555994613765
392.52994441986084, 1428.6335544222432, 1954.1673252262872
393.0026557445526, 1435.6330376859917, 1997.2010006502073
393.5442056655884, 1435.1546161937306, 2001.456014395744
394.0109543800354, 1432.1625859513724, 2003.6939843085968
394.5395390987396, 1432.8105815877911, 1997.2295746490001
394.8686580657959, 1432.8105815877911, 1997.2295746490001
395.3762981891632, 1432.8105815877911, 1997.2295746490001
395.8400557041168, 1432.8105815877911, 1997.2295746490001
396.4972951412201, 1438.1289746935138, 2009.1005158626638
397.00094771385193, 1433.0154448876394, 1973.3751135790496
397.5225522518158, 1430.4233471906239, 1957.1087148567044
397.9992756843567, 1444.194765759264, 1953.0060826328913
398.5278582572937, 1458.4449613297297, 1952.5800513989293
398.83702969551086, 1458.4449613297297, 1952.5800513989293
399.4952666759491, 1468.7596310444824, 1993.3286878985966
399.85530281066895, 1468.7596310444824, 1993.3286878985966
400.50456404685974, 1468.3307629841752, 2002.2929474040513
400.8606107234955, 1468.3307629841752, 2002.2929474040513
401.3483052253723, 1468.3307629841752, 2002.2929474040513
401.84198212623596, 1468.3307629841752, 2002.2929474040513
402.3546094894409, 1468.3307629841752, 2002.2929474040513
402.8602569103241, 1468.3307629841752, 2002.2929474040513
403.36590123176575, 1468.3307629841752, 2002.2929474040513
404.0430874824524, 1475.2240662434351, 1910.1491215256158
404.55671191215515, 1483.0124075023036, 1878.9466995197215
404.84194779396057, 1483.0124075023036, 1878.9466995197215
405.50816440582275, 1491.145106421702, 1893.2002991121578
405.8691973686218, 1491.145106421702, 1893.2002991121578
406.3439254760742, 1491.145106421702, 1893.2002991121578
406.8525638580322, 1491.145106421702, 1893.2002991121578
407.3621985912323, 1491.145106421702, 1893.2002991121578
408.00547671318054, 1481.57726502103, 1874.9725241995338
408.35055208206177, 1481.57726502103, 1874.9725241995338
409.00480031967163, 1486.7537469085605, 1871.1474897852916
409.3548617362976, 1486.7537469085605, 1871.1474897852916
409.85053420066833, 1486.7537469085605, 1871.1474897852916
410.3512108325958, 1486.7537469085605, 1871.1474897852916
410.8638207912445, 1486.7537469085605, 1871.1474897852916
411.546991109848, 1481.675505119851, 1865.931125284034
411.85217571258545, 1481.675505119851, 1865.931125284034
412.34684896469116, 1481.675505119851, 1865.931125284034
412.8465347290039, 1481.675505119851, 1865.931125284034
413.3411874771118, 1481.675505119851, 1865.931125284034
413.85082149505615, 1481.675505119851, 1865.931125284034
414.3504841327667, 1481.675505119851, 1865.931125284034
415.02766966819763, 1474.7138684057531, 1865.3877744717165
415.3518018722534, 1474.7138684057531, 1865.3877744717165
415.8554549217224, 1474.7138684057531, 1865.3877744717165
416.346138715744, 1474.7138684057531, 1865.3877744717165
416.8517847061157, 1474.7138684057531, 1865.3877744717165
417.35443806648254, 1474.7138684057531, 1865.3877744717165
417.84213280677795, 1474.7138684057531, 1865.3877744717165
418.50136709213257, 1476.1504891966604, 1946.1453341878148
419.00504970550537, 1472.2237457621652, 1935.4427971592336
419.5276503562927, 1469.9772514603244, 1923.3240785973856
419.863751411438, 1469.9772514603244, 1923.3240785973856
420.5708577632904, 1474.5335421757054, 1947.3527757887714
421.00868344306946, 1475.801553358748, 1953.007454533578
421.35276198387146, 1475.801553358748, 1953.007454533578
421.8504295349121, 1475.801553358748, 1953.007454533578
422.3451042175293, 1475.801553358748, 1953.007454533578
423.0033414363861, 1466.1673943616831, 1905.0379859243026
423.520955324173, 1468.335595762192, 1892.9439726060302
424.0405869483948, 1466.78323391262, 1890.7102313091975
424.52728295326233, 1477.3308034246027, 1910.5714404695223
425.003009557724, 1477.8024755679737, 1937.1961369640676
425.5196261405945, 1477.8553934654715, 1944.3535055689322
425.85572624206543, 1477.8553934654715, 1944.3535055689322
426.5219407081604, 1474.9168334016674, 1951.4811832449357
426.99567317962646, 1473.1182636841327, 1958.1759168115177
427.34972500801086, 1473.1182636841327, 1958.1759168115177
427.85836267471313, 1473.1182636841327, 1958.1759168115177
428.3490483760834, 1473.1182636841327, 1958.1759168115177
429.0401973724365, 1473.4060771830784, 1960.676766521408
429.5408568382263, 1473.5802515095781, 1959.2232278006104
429.8420498371124, 1473.5802515095781, 1959.2232278006104
430.48831939697266, 1474.0283443693131, 1959.5569230927626
430.8383822441101, 1474.0283443693131, 1959.5569230927626
431.34402799606323, 1474.0283443693131, 1959.5569230927626
431.84368991851807, 1474.0283443693131, 1959.5569230927626
432.3473410606384, 1474.0283443693131, 1959.5569230927626
432.98762583732605, 1462.9531844581886, 1950.8807999195635
433.3506541252136, 1462.9531844581886, 1950.8807999195635
433.8513123989105, 1462.9531844581886, 1950.8807999195635
434.4906005859375, 1358.773015165677, 1993.7603298670458
434.9932544231415, 1358.3811249355726, 1991.5469658415018
435.35927510261536, 1358.3811249355726, 1991.5469658415018
436.60094928741455, 36.02972741136214, 198.17131252687366
436.89216923713684, 36.02972741136214, 198.17131252687366
437.3858480453491, 36.02972741136214, 198.17131252687366
438.0241379737854, 1630.305166027594, 1776.7891730378772
438.3552520275116, 1630.305166027594, 1776.7891730378772
438.84294605255127, 1630.305166027594, 1776.7891730378772
439.50417494773865, 1769.1843286500007, 1701.239968257485
440.0088231563568, 1769.3559156721676, 1700.705591772823
440.59425473213196, 1769.4755707103125, 1701.6053488665898
441.04504680633545, 1768.6209870170928, 1701.6266830642637
441.3582081794739, 1768.6209870170928, 1701.6266830642637
442.02741861343384, 1769.3198693734641, 1701.7933295975945
442.540043592453, 1768.4105217822068, 1701.3556673582154
442.8502130508423, 1768.4105217822068, 1701.3556673582154
443.50545835494995, 1768.961620311111, 1700.7555119317342
443.85053539276123, 1768.961620311111, 1700.7555119317342
444.3551824092865, 1768.961620311111, 1700.7555119317342
445.0981922149658, 1768.7391759311206, 1701.6552296006662
445.60882544517517, 1767.4482133924407, 1702.3692836960151
445.85516571998596, 1767.4482133924407, 1702.3692836960151
446.4884696006775, 1770.3209940502759, 1701.6050267827063
447.00708055496216, 1767.374996575528, 1702.3175300481612
447.52270102500916, 1769.4961612610316, 1701.3435403250103
447.84882640838623, 1769.4961612610316, 1701.3435403250103
448.34749031066895, 1769.4961612610316, 1701.3435403250103
449.01570105552673, 1768.3482631814975, 1702.3539650512387
449.5353798866272, 1768.1608765270134, 1702.69786865413
449.8575165271759, 1768.1608765270134, 1702.69786865413
450.50578117370605, 1769.6434089746674, 1700.6585675117376
450.84587049484253, 1769.6434089746674, 1700.6585675117376
451.53103518486023, 1768.9572528871759, 1701.8423080197342
451.8551664352417, 1768.9572528871759, 1701.8423080197342
452.35083985328674, 1768.9572528871759, 1701.8423080197342
452.8514997959137, 1768.9572528871759, 1701.8423080197342
453.3591389656067, 1768.9572528871759, 1701.8423080197342
453.85181951522827, 1768.9572528871759, 1701.8423080197342
454.5060682296753, 1769.4964242081771, 1702.5692344894364
454.995756149292, 1768.0580272048317, 1705.6354710597802
455.3508052825928, 1768.0580272048317, 1705.6354710597802
455.84548115730286, 1768.0580272048317, 1705.6354710597802
456.5067102909088, 1767.2668920173653, 1702.677661711011
456.9973952770233, 1768.4181180698486, 1701.8775830706873
457.51201725006104, 1768.5780909250857, 1701.1638710623529
458.02364683151245, 1769.891645382196, 1701.9187043602644
458.52929306030273, 1768.6945246795826, 1701.4295086897098
458.8584122657776, 1768.6945246795826, 1701.4295086897098
459.4947073459625, 1769.7145465494184, 1701.9416796249498
459.85374641418457, 1769.7145465494184, 1701.9416796249498
460.5079939365387, 1767.2157997684926, 1702.2618477159326
460.8440935611725, 1767.2157997684926, 1702.2618477159326
461.53225088119507, 1768.464065080094, 1702.75447270483
462.0638270378113, 1768.8276479370127, 1702.3947702757378
462.3630254268646, 1768.8276479370127, 1702.3947702757378
462.86169028282166, 1768.8276479370127, 1702.3947702757378
463.35137939453125, 1768.8276479370127, 1702.3947702757378
464.0026352405548, 1767.4848861606538, 1701.926614675852
464.3497054576874, 1767.4848861606538, 1701.926614675852
464.8563482761383, 1767.4848861606538, 1701.926614675852
465.3570075035095, 1767.4848861606538, 1701.926614675852
465.84769344329834, 1767.4848861606538, 1701.926614675852
466.35333919525146, 1767.4848861606538, 1701.926614675852
467.004595041275, 1766.6473775859045, 1701.1858147006951
467.3486738204956, 1766.6473775859045, 1701.1858147006951
467.85531735420227, 1766.6473775859045, 1701.1858147006951
468.5125570297241, 1768.0531757958604, 1702.0227648969585
469.0062348842621, 1767.7162093444133, 1702.8210481525748
469.36427569389343, 1767.7162093444133, 1702.8210481525748
469.88687658309937, 1767.7162093444133, 1702.8210481525748
470.3476424217224, 1767.7162093444133, 1702.8210481525748
471.0098693370819, 1768.5605841671584, 1701.3945472113537
471.3469662666321, 1768.5605841671584, 1701.3945472113537
471.84962010383606, 1768.5605841671584, 1701.3945472113537
472.10294127464294, 1768.5605841671584, 1701.3945472113537
472.4928970336914, 1768.0470384759524, 1701.125699797269
472.8389708995819, 1768.0470384759524, 1701.125699797269
473.50019931793213, 1768.1274968640134, 1702.5094916596488
473.8582420349121, 1768.1274968640134, 1702.5094916596488
474.53742265701294, 1768.606004649132, 1701.3072805262245
475.0450623035431, 1767.6883976440386, 1701.349865740367
475.3612289428711, 1767.6883976440386, 1701.349865740367
475.8608777523041, 1767.6883976440386, 1701.349865740367
476.5211102962494, 1767.3879089184095, 1702.3625307388597
476.8552145957947, 1767.3879089184095, 1702.3625307388597
477.3618576526642, 1767.3879089184095, 1702.3625307388597
477.8415729999542, 1767.3879089184095, 1702.3625307388597
478.528733253479, 1768.169743396266, 1702.2475875746377
479.03338170051575, 1768.0472258546565, 1703.047009448287
479.3575131893158, 1768.0472258546565, 1703.047009448287
479.84620475769043, 1768.0472258546565, 1703.047009448287
480.5104262828827, 1767.799853002682, 1698.8688253293435
480.8545045852661, 1767.799853002682, 1698.8688253293435
481.51772832870483, 1768.0808921461994, 1700.8119134546148
482.0143985748291, 1768.1518610947303, 1702.1361382952389
482.51206517219543, 1765.9744021125086, 1701.4394535137842
482.8631250858307, 1765.9744021125086, 1701.4394535137842
483.485458612442, 1765.6327794931797, 1699.966858897625
483.8654408454895, 1765.6327794931797, 1699.966858897625
484.51470136642456, 1768.848538813588, 1702.376623693371
484.8398313522339, 1768.848538813588, 1702.376623693371
485.4920845031738, 1767.206283604566, 1702.0630211059038
485.85710644721985, 1767.206283604566, 1702.0630211059038
486.5362882614136, 1768.0560343866996, 1702.6786518616295
487.0578908920288, 1768.5297977789576, 1701.542235139964
487.3670630455017, 1768.5297977789576, 1701.542235139964
487.99338555336, 1768.410741666223, 1697.7790679118114
488.53692984580994, 1768.7936697091775, 1702.2908159702833
488.8530833721161, 1768.7936697091775, 1702.2908159702833
489.3407771587372, 1768.7936697091775, 1702.2908159702833
490.0199589729309, 1770.3363847238809, 1703.9300516378535
490.509646654129, 1768.9321764063586, 1701.1951190743657
490.8607065677643, 1768.9321764063586, 1701.1951190743657
491.49700236320496, 1768.7700048467893, 1701.652557269166
492.04254150390625, 1768.9292982593136, 1700.7200955999444
492.3547053337097, 1768.9292982593136, 1700.7200955999444
492.8443937301636, 1768.9292982593136, 1700.7200955999444
493.5155973434448, 1770.1921464023862, 1703.332267574364
493.99232625961304, 1769.627446113779, 1703.0490626878043
494.67569065093994, 1768.3766295217763, 1702.5695574920542
495.12949085235596, 1768.5021190653179, 1702.2955224597988
495.67772793769836, 1768.4066149741711, 1703.0532099838915
496.1185383796692, 1769.0568564080859, 1703.0761475951222
496.4733717441559, 1769.0568564080859, 1703.0761475951222
497.18919825553894, 1767.9382714861708, 1701.9699586204274
497.69097542762756, 1767.0118581787897, 1701.5021252945944
498.22339153289795, 1769.408842038623, 1700.3716723757072
498.8101100921631, 1769.3252198449704, 1701.813889366715
499.032151222229, 1769.3252198449704, 1701.813889366715
499.72201466560364, 1768.1175385694723, 1699.938350522802
500.2942154407501, 1768.6449701123595, 1703.7091039957413
500.8462188243866, 1768.999092484383, 1702.0656270534637
501.2578454017639, 1768.8680413546322, 1701.1829948658094
501.54227924346924, 1768.8680413546322, 1701.1829948658094
502.2292697429657, 1768.572905179956, 1701.0674914679391
502.75139689445496, 1769.9101031058474, 1701.520983549959
503.1962058544159, 1769.9101031058474, 1701.520983549959
503.9063036441803, 1769.595119239752, 1701.2347962102376
504.18705677986145, 1769.595119239752, 1701.2347962102376
504.8913505077362, 1768.78796349583, 1702.2936511346797
505.27781105041504, 1768.5389416566925, 1704.8995972298758
505.6558518409729, 1768.5389416566925, 1704.8995972298758
506.151083946228, 1768.5389416566925, 1704.8995972298758
506.6796386241913, 1768.5389416566925, 1704.8995972298758
507.43148374557495, 1769.3040555214855, 1702.9977701187004
507.97658467292786, 1768.601846008844, 1701.4851224275358
508.4240643978119, 1769.4494464076652, 1702.0249133993873
508.72958493232727, 1769.4494464076652, 1702.0249133993873
509.3740565776825, 1769.4894478241429, 1702.9711581744928
510.0409381389618, 1767.8495432880811, 1701.586435587333
510.468022108078, 1768.433530456798, 1702.3792269946366
510.9613573551178, 1768.255708222979, 1701.0180499489836
511.2908790111542, 1768.255708222979, 1701.0180499489836
511.94612431526184, 1768.0239875441207, 1703.1036236999566
512.2832224369049, 1768.0239875441207, 1703.1036236999566
512.7828834056854, 1768.0239875441207, 1703.1036236999566
513.4187972545624, 1770.0532403360603, 1700.7146180142704
513.9404001235962, 1768.994552539076, 1702.6454974790422
514.438068151474, 1768.9041214871945, 1702.5954697375876
514.9337403774261, 1769.2859919593805, 1702.566662030153
515.2857971191406, 1769.2859919593805, 1702.566662030153
515.933064699173, 1769.5172018190851, 1700.9933165545067
516.2911052703857, 1769.5172018190851, 1700.9933165545067
516.9381220340729, 1769.5583215620777, 1701.3022033657928
517.6061444282532, 1768.473709249349, 1702.4028666112824
518.0537190437317, 1769.7433514893305, 1702.7333325348277
518.4974358081818, 1770.9695781937785, 1703.8436118321877
518.950761795044, 1770.4462854175624, 1702.7467817221834
519.5749821662903, 1767.527060817565, 1701.7062202700783
519.9579770565033, 1768.6444093637879, 1701.5536425265093
520.5154836177826, 1770.2311184807509, 1703.7549232768324
521.0476598739624, 1769.6534362502844, 1702.2954590053512
521.4787850379944, 1768.821811905175, 1702.2976330468268
522.0316016674042, 1769.8835587701003, 1701.846862464248
522.4951405525208, 1768.9609970601477, 1702.586122508926
523.0347805023193, 1768.4671794446201, 1701.3145878784035
523.7258546352386, 1769.7713075894264, 1701.4189097616681
524.1753315925598, 1768.2045523909796, 1701.1493066369903
524.6578891277313, 1769.8030853004755, 1703.4138432813263
525.0624597072601, 1769.4846549064746, 1701.952132692927
525.5625040531158, 1769.5830677742847, 1703.4048688983507
526.1110002994537, 1769.447306843494, 1702.553642830799
526.4243686199188, 1769.447306843494, 1702.553642830799
526.9616641998291, 1769.447306843494, 1702.553642830799
527.6310935020447, 1768.4110921715953, 1702.4796587842552
528.1557400226593, 1769.8187451404663, 1700.7987921807728
528.6824934482574, 1769.575504601917, 1700.7976685029453
529.1417889595032, 1770.0590319741423, 1703.3363281079305
529.6653256416321, 1769.8856753785774, 1701.6167601029542
529.9725029468536, 1769.8856753785774, 1701.6167601029542
530.632735490799, 1769.1635865568346, 1700.996501984507
531.1274421215057, 1770.495489637463, 1703.441407702505
531.477504491806, 1770.495489637463, 1703.441407702505
532.1387338638306, 1769.2897246439625, 1702.9140850909241
532.6633291244507, 1770.0406439738997, 1702.6757068805725
533.1221015453339, 1770.338365660643, 1701.1667907494132
533.6766152381897, 1770.7034638229136, 1702.9787427102951
534.1633124351501, 1769.257520302178, 1702.0136786974313
534.4944248199463, 1769.257520302178, 1702.0136786974313
535.2045240402222, 1769.7522683396408, 1700.7780891986633
535.7261261940002, 1769.5937870824732, 1701.811443356338
536.1968657970428, 1770.6767730536972, 1702.977545631124
536.7643458843231, 1770.2136734313433, 1702.981684645822
537.1862161159515, 1769.2380382945635, 1702.5982073948044
537.696848154068, 1769.2204421523238, 1699.9513177671677
538.209475517273, 1770.0857481173227, 1701.5175821985172
538.6891906261444, 1768.9354543093193, 1702.2048517625703
539.1639189720154, 1768.9422283014685, 1700.8368929789387
539.6795382499695, 1768.9206921205225, 1701.9951683987008
540.2031371593475, 335.3748294032306, 710.5137250055911
540.5412313938141, 335.3748294032306, 710.5137250055911
541.0359055995941, 335.3748294032306, 710.5137250055911
541.5487418174744, 335.3748294032306, 710.5137250055911
542.1680817604065, 1770.718414294962, 1702.7363824702695
542.6827144622803, 1769.2113167261698, 1701.0699120728132
543.0008509159088, 1769.2113167261698, 1701.0699120728132
543.6900765895844, 1770.0230964207115, 1702.7377441598858
544.0122129917145, 1770.0230964207115, 1702.7377441598858
544.7263009548187, 1771.3129632314613, 1703.3109008648257
545.217985868454, 1770.0214524407186, 1702.1533796297101
545.7695081233978, 1770.2194430198163, 1700.9416115842723
546.00088763237, 1770.2194430198163, 1700.9416115842723
546.6980211734772, 1768.9921905316987, 1703.1642662884758
547.148777961731, 1769.043421611002, 1701.5377121144622
547.7202482223511, 1768.5561597411702, 1703.0924479471414
548.1840059757233, 1770.3325046406949, 1700.7190975811397
548.7015960216522, 1770.0225617992892, 1703.1849923902944
549.1932797431946, 1769.2517913640606, 1701.3391842164467
549.713885307312, 1768.3491417378957, 1701.907802410125
550.0071001052856, 1768.3491417378957, 1701.907802410125
550.688719034195, 1771.291926724435, 1703.890209755039
551.1798012256622, 1770.6420483372626, 1702.3859016669364
551.5463027954102, 1770.6420483372626, 1702.3859016669364
552.1880221366882, 1771.377561233469, 1701.6847891178304
552.7456052303314, 1767.790977217536, 1700.3027810460896
553.2043821811676, 1770.7226062347002, 1703.5831090126533
553.7459318637848, 1770.9598065094576, 1702.4305259220373
554.0421392917633, 1770.9598065094576, 1702.4305259220373
554.526841878891, 1770.9598065094576, 1702.4305259220373
555.0135371685028, 1770.9598065094576, 1702.4305259220373
555.5181851387024, 1770.9598065094576, 1702.4305259220373
556.1744275093079, 1771.1265724516097, 1702.6141655579336
556.6960306167603, 1771.1357627152784, 1702.9294196669416
557.1627802848816, 1769.7160389933554, 1700.9020015225872
557.5118465423584, 1769.7160389933554, 1700.9020015225872
558.1870374679565, 1770.4299188382283, 1703.387818718687
558.5171542167664, 1770.4299188382283, 1703.387818718687
559.0178122520447, 1770.4299188382283, 1703.387818718687
559.5075011253357, 1770.4299188382283, 1703.387818718687
560.1617484092712, 1770.0587409735665, 1700.8611344703588
560.510814666748, 1770.0587409735665, 1700.8611344703588
561.1840114593506, 1769.78421526563, 1701.891296113509
561.7315444946289, 1772.0873240287403, 1701.526972524194
562.2162461280823, 1771.721298621149, 1703.6239432889372
562.5503516197205, 1771.721298621149, 1703.6239432889372
563.0051345825195, 1771.721298621149, 1703.6239432889372
563.5057940483093, 1771.721298621149, 1703.6239432889372
564.0014657974243, 1771.721298621149, 1703.6239432889372
564.674663066864, 1769.2798723014494, 1698.998645242771
565.2002544403076, 1771.5895982184704, 1698.760674675641
565.7248499393463, 1769.9743879126531, 1702.9863675775134
566.0050995349884, 1769.9743879126531, 1702.9863675775134
566.6932556629181, 1770.497694336609, 1701.9083431006698
567.1709771156311, 1770.7469379728846, 1702.5070121939932
567.5669159889221, 1770.7469379728846, 1702.5070121939932
568.2052075862885, 1770.9504619494242, 1700.5847575374055
568.7288045883179, 2767.72568169741, 1697.1875164205978
569.1965515613556, 1844.3796503799476, 1700.8337602647498
569.7361073493958, 1743.354495069695, 1694.3635075213379
570.2148251533508, 1630.208710048424, 1694.0329579107486
570.7055125236511, 1668.4302558642273, 1670.545340317645
571.0236582756042, 1668.4302558642273, 1670.545340317645
571.5093576908112, 1668.4302558642273, 1670.545340317645
572.017995595932, 1668.4302558642273, 1670.545340317645
572.565530538559, 1668.4302558642273, 1670.545340317645
573.1968381404877, 3531.4519260643847, 1347.044744173877
573.7433745861053, 2440.7954920912493, 1555.1725004347338
574.0266165733337, 2440.7954920912493, 1555.1725004347338
574.7566604614258, 1417.903139294797, 340.7681233141688
575.0458874702454, 1417.903139294797, 340.7681233141688
575.7230725288391, 236.22208859259374, 1709.2895549587083
576.2297165393829, 1225.3920946456597, 1691.5156497657897
576.7503526210785, 1379.0265573036902, 1693.0803122517493
577.0136475563049, 1379.0265573036902, 1693.0803122517493
577.5252783298492, 1379.0265573036902, 1693.0803122517493
578.1855087280273, 2184.184885016915, 1702.0465399437344
578.7270588874817, 2727.6174487788003, 1696.8286873654138
579.234699010849, 2936.5398681513784, 1691.9818920243342
579.5338973999023, 2936.5398681513784, 1691.9818920243342
580.013612985611, 2936.5398681513784, 1691.9818920243342
580.5123057365417, 2936.5398681513784, 1691.9818920243342
581.1625354290009, 2715.56275456771, 1686.7297615578532
581.5235688686371, 2715.56275456771, 1686.7297615578532
582.1618604660034, 2703.3395820280125, 1687.2391042522681
582.7054042816162, 2704.8376058979775, 1687.4410884382207
583.1701591014862, 2705.3153968211655, 1684.90443091435
583.7436230182648, 2668.9278704387816, 1686.5209686836208
584.2023947238922, 2348.0672011970228, 1689.2842289012256
584.7170171737671, 2193.596154872133, 1692.4068590030715
585.0072400569916, 2193.596154872133, 1692.4068590030715
585.7023777961731, 2131.109310082352, 1691.0617542509228
586.0255117416382, 2131.109310082352, 1691.0617542509228
586.5271677970886, 2131.109310082352, 1691.0617542509228
587.0208463668823, 2131.109310082352, 1691.0617542509228
587.6980330944061, 2173.1408087360132, 1689.780674647756
588.1917107105255, 2172.183785320179, 1690.2456190959058
588.7103340625763, 2172.7851665123967, 1690.3179420886163
589.1770713329315, 2172.564797923759, 1690.2727877214274
589.5121736526489, 2172.564797923759, 1690.2727877214274
590.0088450908661, 2172.564797923759, 1690.2727877214274
590.5105001926422, 2172.564797923759, 1690.2727877214274
591.1797087192535, 2187.964796304251, 1692.7757815923444
591.4998502731323, 2187.964796304251, 1692.7757815923444
592.1760387420654, 2188.6360583043197, 1693.035665163236
592.5261015892029, 2188.6360583043197, 1693.035665163236
593.1504299640656, 2190.227605920845, 1691.938220592734
593.5124611854553, 2190.227605920845, 1691.938220592734
594.1916410923004, 2191.1555351172206, 1691.3043905556995
594.738178730011, 2189.8399388023295, 1691.926671850233
595.2218818664551, 2191.143801273134, 1691.7919845457247
595.5470116138458, 2191.143801273134, 1691.7919845457247
596.2481336593628, 2452.4770742377323, 1685.6879206668805
596.5164158344269, 2452.4770742377323, 1685.6879206668805
597.2288551330566, 110.11197911271803, 716.2092222763717
597.7731463909149, 110728.60129099814, 148.58338467833224
598.1691131591797, 594.5930056575887, 847.9187483783073
598.7650790214539, 814.9305515358739, 831.7948579246911
599.2193174362183, -4357.548761753483, 389.27944497259364
599.5673842430115, -4357.548761753483, 389.27944497259364
600.0600643157959, -4357.548761753483, 389.27944497259364
600.5537436008453, -4357.548761753483, 389.27944497259364
601.0524084568024, -4357.548761753483, 389.27944497259364
601.5530679225922, -4357.548761753483, 389.27944497259364
602.0716774463654, -4357.548761753483, 389.27944497259364
602.7229332923889, 215.83361946710698, 0.12949578865792874
603.0560414791107, 215.83361946710698, 0.12949578865792874
603.743271112442, 166.9330641937454, 669.7562614245332
604.2479186058044, 239.45020687355535, 40.466951089519284
604.7725145816803, 178.441833357223, 461.3961808475609
605.031819820404, 178.441833357223, 461.3961808475609
605.7548830509186, 199.48380667799634, 152.64467121350458
606.2772319316864, -7215.289226214295, 569.5891662449332
606.6930041313171, -7215.289226214295, 569.5891662449332
607.2714564800262, 153.3535679463186, 365.32072541884975
607.626503944397, 153.3535679463186, 365.32072541884975
608.3937122821808, 1560.7712276299765, 76.80256067228997
608.9164593219757, 1408.3517567372394, 36.14265800459155
609.8950297832489, 542.9755697240798, 60.62313395731522
610.7136225700378, 542.9755697240798, 60.62313395731522
611.1878092288971, 542.9755697240798, 60.62313395731522
611.6994452476501, 542.9755697240798, 60.62313395731522
612.2902660369873, 542.9755697240798, 60.62313395731522
612.8432929515839, 542.9755697240798, 60.62313395731522
613.4522778987885, 2059.557207334552, 1678.1161226181523
613.9139566421509, 2040.9491057571672, 1677.2476079311461
614.4202151298523, 2064.5093184523353, 1675.7312270748646
614.9478125572205, 1825.95491976277, 1676.8259892230956
615.4807813167572, 1817.6926784271777, 1676.589922452203
616.1731953620911, 1818.2322251604753, 1676.0026427348455
616.9544851779938, 1817.5040818634927, 1676.5852134249824
617.6333491802216, 1818.9944982590769, 1677.3444629381854
617.972998380661, 1817.8099698861731, 1675.4557219838853
618.3277473449707, 1817.8099698861731, 1675.4557219838853
618.8197228908539, 1817.8099698861731, 1675.4557219838853
619.4690124988556, 3520.637502133276, 1669.6475013015129
620.0518717765808, 13.32217636041018, 150.2485391030375
620.5820922851562, 1815.8403552287255, 53.01081792561946
621.1535634994507, -0.6164347035406382, 902.988790884258
621.6819303035736, 14.50184650961351, 402.69373728815646
622.2492208480835, 99.92648758849455, 58.36677648517748
622.9559230804443, 3712.4310187710616, 1672.1981955175845
623.533704996109, 3641.58237387175, 1662.289710575571
623.80717253685, 3641.58237387175, 1662.289710575571
624.4606273174286, 2753.652257416082, 1677.2341926038227
624.9626121520996, 2797.8126469629947, 1675.5039465566747
625.6038732528687, 2872.6188336934224, 1671.2043123567423
625.9761068820953, 3565.4613274785356, 1676.961027862122
626.670060634613, 231.49999999986758, 48.60342455619906
627.1204714775085, 385.251300490091, 1118.5026605218973
627.7511925697327, 272.17397547557977, 233.40944377535212
628.2422199249268, 37.91223255354404, -856.7290352259522
629.7694997787476, 7.395946748487004, 63.6765151310448
630.0847079753876, 7.395946748487004, 63.6765151310448
630.722722530365, 3962.828906524573, 1569.9548771503678
631.729177236557, 2481.96477254097, 1682.6031319290155
632.2116053104401, 2098.5642386012973, 1681.8900687312391
632.790032863617, 2109.49834007467, 1682.1781005315343
633.1301555633545, 2109.49834007467, 1682.1781005315343
633.8387432098389, 2115.714635573495, 1681.571181719234
634.1782195568085, 2115.714635573495, 1681.571181719234
634.8203997612, 2140.6203719229607, 1680.0639353237577
635.3341746330261, 2141.1278004970895, 1680.6846683006495
635.8279230594635, 2137.0822483847683, 1680.1923785930658
636.4435203075409, 2244.4910784957733, 1680.548512345524
636.9711058139801, 2244.4910784957733, 1680.548512345524
637.5911891460419, 2484.009701014256, 1678.3868836635381
638.419748544693, 2648.7621380217806, 1679.0990412617905
638.9151976108551, 2710.774098081322, 1679.2444003035919
639.4389100074768, 3113.605411856965, 1601.8215421926443
639.9376277923584, 3226.3895584321467, 1601.1915761157486
640.4771316051483, 3226.9384391360163, 1593.041987921781
640.9303493499756, 3258.93910807573, 1614.1791855388074
641.2929713726044, 3258.93910807573, 1614.1791855388074
641.934484243393, 3657.003747118879, 1416.9863322273593
642.2705833911896, 3657.003747118879, 1416.9863322273593
642.9512236118317, 3086.2528107439452, 1678.4273263204693
643.26638007164, 3086.2528107439452, 1678.4273263204693
643.7740206718445, 3086.2528107439452, 1678.4273263204693
644.2945947647095, 3086.2528107439452, 1678.4273263204693
644.936874628067, 3375.5811393913855, 1679.0980587806266
645.4624655246735, 3393.0431829442864, 1678.0006384009976
645.9681115150452, 3380.5948311619914, 1679.4035633800854
646.496696472168, 3374.8505242442757, 1679.1653440238006
646.9494833946228, 3376.2091764152706, 1678.5484189294039
647.4411673545837, 3376.0859920317885, 1679.4467240613599
647.774275302887, 3376.0859920317885, 1679.4467240613599
648.2829115390778, 3376.0859920317885, 1679.4467240613599
648.7716047763824, 3376.0859920317885, 1679.4467240613599
649.4108908176422, 3375.7252765662433, 1679.1535997229073
649.9374804496765, 3375.3109919978456, 1678.5820260211815
650.455094575882, 3375.274178961318, 1678.6439052366475
650.9437868595123, 3374.7647911638683, 1678.1157439893811
651.3147919178009, 3374.7647911638683, 1678.1157439893811
651.7775537967682, 3374.7647911638683, 1678.1157439893811
652.2672410011292, 3374.7647911638683, 1678.1157439893811
652.7808654308319, 3374.7647911638683, 1678.1157439893811
653.524875164032, 3374.595666135997, 1677.6238882323937
653.9786584377289, 3375.6924689524767, 1678.5005434579452
654.5192108154297, 3375.9576940311763, 1678.6860784779096
654.9959342479706, 3374.856292137727, 1678.5259946799179
655.4955947399139, 3376.6573277567204, 1679.2351316223992
655.9733173847198, 3375.138572745236, 1679.0429088161045
656.491926908493, 3374.1830641052907, 1677.9168330065252
656.9656591415405, 3361.710831109566, 1677.1436179434077
657.273844242096, 3361.710831109566, 1677.1436179434077
657.9400734901428, 3378.78482291653, 1680.2686841737564
658.4527013301849, 3381.1720040222613, 1677.951586627257
658.7788281440735, 3381.1720040222613, 1677.951586627257
659.2615356445312, 3381.1720040222613, 1677.951586627257
659.9516861438751, 152.54327798224307, 209.79744988158131
660.3097281455994, 152.54327798224307, 209.79744988158131
660.9569940567017, 57.80858484025022, 63.9007643510025
661.45964884758, 3993.637232826683, 1674.790887917534
663.9330232143402, 3017.353319407342, 1667.098571679046
664.267128944397, 3017.353319407342, 1667.098571679046
664.9722402095795, 2306.914289709366, 1674.249615547467
665.2744307518005, 2306.914289709366, 1674.249615547467
665.7820715904236, 2306.914289709366, 1674.249615547467
666.2687680721283, 2306.914289709366, 1674.249615547467
666.9339859485626, 2157.5961702160635, 1686.9452968521753
667.4486086368561, 2499.1350640217584, 1684.4340075897455
667.937299489975, 2601.614879067368, 1681.8944178398367
668.2803800106049, 2601.614879067368, 1681.8944178398367
668.9555718898773, 2409.5044593322523, 1682.6056996761001
669.273725271225, 2409.5044593322523, 1682.6056996761001
669.7703955173492, 2409.5044593322523, 1682.6056996761001
670.2890059947968, 2409.5044593322523, 1682.6056996761001
670.9582138061523, 2342.72256956137, 1677.9727366638356
671.4907867908478, 2384.532585084484, 1685.018214355422
671.7770218849182, 2384.532585084484, 1685.018214355422
672.4442341327667, 2384.650641003305, 1684.9341209444199
672.7883124351501, 2384.650641003305, 1684.9341209444199
673.2730140686035, 2384.650641003305, 1684.9341209444199
673.9272618293762, 2384.831805938814, 1684.3650491249539
674.2713406085968, 2384.831805938814, 1684.3650491249539
674.7749917507172, 2384.831805938814, 1684.3650491249539
675.420264005661, 2384.2971018431203, 1684.930738767023
675.9388751983643, 2386.027375991603, 1684.4360713713943
676.4395339488983, 2384.669384176092, 1684.5798252040686
676.9282245635986, 2385.6907713452174, 1685.2170118843553
677.2882604598999, 2385.6907713452174, 1685.2170118843553
677.9305408000946, 2384.46436669861, 1684.500089512987
678.4621169567108, 2384.698102218623, 1682.647544462729
678.95978474617, 2384.872226277726, 1683.8087902238108
679.4833817481995, 2401.7720777176505, 1683.1090501745773
679.9750649929047, 3131.5815269747077, 1676.3965409497912
680.4537830352783, 3128.2089314670266, 1672.8815926112215
680.8088319301605, 3128.2089314670266, 1672.8815926112215
681.435154914856, 3224.4725147721415, 1681.279507984995
681.9378087520599, 3213.142835154514, 1681.3799628522088
682.2808895111084, 3213.142835154514, 1681.3799628522088
682.7735698223114, 3213.142835154514, 1681.3799628522088
683.4497592449188, 3186.7326692859915, 1683.0088726208442
683.7908470630646, 3186.7326692859915, 1683.0088726208442
684.2775418758392, 3186.7326692859915, 1683.0088726208442
684.9297952651978, 3187.1723199350413, 1683.5524104103422
685.2808549404144, 3187.1723199350413, 1683.5524104103422
685.9480679035187, 3185.6513719494656, 1682.027988428104
686.1325740814209, 3185.6513719494656, 1682.027988428104
686.4377572536469, 3186.0610885312067, 1683.405632814296
686.9523792266846, 3184.9341263977503, 1682.6321296193867
687.4799654483795, 3184.290136738521, 1681.5037448534497
687.9596810340881, 3185.7781156729343, 1682.5517413375646
688.5122013092041, 3184.8404579693056, 1681.425211837902
688.9899258613586, 3185.6915663593636, 1684.0386611329948
689.2901182174683, 3185.6915663593636, 1684.0386611329948
689.7708296775818, 3185.6915663593636, 1684.0386611329948
690.4410355091095, 3184.924115771195, 1682.1384777668577
690.7741432189941, 3184.924115771195, 1682.1384777668577
691.4144279956818, 3185.86006863287, 1682.51926623922
691.7714717388153, 3185.86006863287, 1682.51926623922
692.2781147956848, 3185.86006863287, 1682.51926623922
692.7668058872223, 3185.86006863287, 1682.51926623922
693.2804307937622, 3185.86006863287, 1682.51926623922
693.7691218852997, 3185.86006863287, 1682.51926623922
694.2838060855865, 3185.86006863287, 1682.51926623922
694.9250891208649, 3184.966716155586, 1681.7094733724482
695.4646434783936, 3186.9312481931925, 1682.4602190215448
695.9413697719574, 3186.6465963872433, 1682.3179225820807
696.2804589271545, 3186.6465963872433, 1682.3179225820807
696.7771289348602, 3186.6465963872433, 1682.3179225820807
697.2767913341522, 3186.6465963872433, 1682.3179225820807
697.9390182495117, 3184.8369475149752, 1682.6845349346086
698.2910752296448, 3184.8369475149752, 1682.6845349346086
698.9273703098297, 3184.955437880646, 1682.5628773862297
699.2724454402924, 3184.955437880646, 1682.5628773862297
699.7731063365936, 3184.955437880646, 1682.5628773862297
700.4283494949341, 3185.410395728713, 1682.7588222530262
700.7784118652344, 3185.410395728713, 1682.7588222530262
701.4186973571777, 3185.7581171713277, 1683.1936525762308
701.7677621841431, 3185.7581171713277, 1683.1936525762308
702.4369714260101, 3184.7323517334203, 1682.2928618858614
702.9276571273804, 3185.8036887845233, 1682.543564198698
703.4432747364044, 3185.8316853651468, 1683.3191608620193
703.8013179302216, 3185.8316853651468, 1683.3191608620193
704.2820291519165, 3185.8316853651468, 1683.3191608620193
704.9801595211029, 3185.9138786417757, 1683.5239993885978
705.2933213710785, 3185.9138786417757, 1683.5239993885978
705.7770273685455, 3185.9138786417757, 1683.5239993885978
706.2766869068146, 3185.9138786417757, 1683.5239993885978
706.9089946746826, 3186.5969456365688, 1682.8439332872574
707.4475510120392, 3185.9927646931474, 1683.6377042693784
707.9412360191345, 3185.1949259564917, 1682.3347544638802
708.4947471618652, 3186.326813630755, 1682.1091292063606
708.7680146694183, 3186.326813630755, 1682.1091292063606
709.282636642456, 3186.326813630755, 1682.1091292063606
709.9129483699799, 3186.428681622725, 1682.3385570370765
710.4355490207672, 3185.9578023045906, 1682.373373361729
710.9501702785492, 3185.71383825167, 1682.6254844187288
711.2693173885345, 3185.71383825167, 1682.6254844187288
711.9275527000427, 3186.595194385402, 1684.3191066559623
712.2756230831146, 3186.595194385402, 1684.3191066559623
712.7812669277191, 3186.595194385402, 1684.3191066559623
713.4434955120087, 3184.1573786046256, 1510.2073046999567
713.9720776081085, 3337.817021041025, 1650.3458787338225
714.2942144870758, 3337.817021041025, 1650.3458787338225
714.9444737434387, 2954.010931197014, 1518.8531726746419
715.533894777298, 325.8504445604021, 402.39012795819684
715.8450613021851, 325.8504445604021, 402.39012795819684
716.3257741928101, 325.8504445604021, 402.39012795819684
716.8104763031006, 325.8504445604021, 402.39012795819684
717.3171238899231, 325.8504445604021, 402.39012795819684
717.9364657402039, 2065.0276975157776, 1041.1213490300645
718.5258870124817, 73062.72918683212, 289.69484974416974
718.8500185012817, 73062.72918683212, 289.69484974416974
719.3556642532349, 73062.72918683212, 289.69484974416974
719.9111764431, 2865.047453500328, 1662.9365226602906
720.2851748466492, 2865.047453500328, 1662.9365226602906
720.9244635105133, 3064.773720389382, 1663.1885623944047
721.4989242553711, 3478.6202399584768, 1660.5525908716563
721.7731900215149, 3478.6202399584768, 1660.5525908716563
722.2748463153839, 3478.6202399584768, 1660.5525908716563
722.9231100082397, 3299.3273467514377, 1658.9046755630511
723.4836094379425, 3302.0142860433157, 1660.0793815843053
723.9244291782379, 3335.6836160822463, 1655.9182336992756
724.2625226974487, 3335.6836160822463, 1655.9182336992756
724.7701635360718, 3335.6836160822463, 1655.9182336992756
725.4413652420044, 3334.078641726974, 1652.361581446558
725.9250705242157, 3334.9907982869163, 1652.3454038072084
726.4396920204163, 3335.115520649423, 1652.9557446225713
726.9214022159576, 3334.97507975956, 1653.2470545219142
727.4469940662384, 3332.8260204037665, 1654.4089717785848
727.932694196701, 3334.428164207559, 1652.8311084034083
728.459282875061, 3333.6604105156316, 1654.557828234826
728.7684555053711, 3333.6604105156316, 1654.557828234826
729.0736382007599, 3333.6604105156316, 1654.557828234826
729.4526236057281, 3334.8725676816225, 1652.6347800935912
729.9692392349243, 3333.7223689543134, 1654.040690286223
730.4978234767914, 3333.1030886610697, 1653.6153428586535
730.9306640625, 3332.838124476236, 1653.4939555048838
731.4353127479553, 3332.811321757474, 1653.6072846091076
731.7664258480072, 3332.811321757474, 1653.6072846091076
732.2750642299652, 3332.811321757474, 1653.6072846091076
732.7827041149139, 3332.811321757474, 1653.6072846091076
733.4259810447693, 3334.243767541449, 1653.1893149849852
733.76806473732, 3334.243767541449, 1653.1893149849852
734.2727279663086, 3334.243767541449, 1653.1893149849852
734.9269752502441, 3333.232871606696, 1653.4194972078033
735.4376087188721, 3333.17647806437, 1653.72325520194
735.9262986183167, 3331.30067287405, 1654.0769499401395
736.432942867279, 3332.8385725785324, 1653.6378520105382
736.773031949997, 3332.8385725785324, 1653.6378520105382
737.272693157196, 3332.8385725785324, 1653.6378520105382
737.9897735118866, 3332.5789841885007, 1653.119384111793
738.3049292564392, 3332.5789841885007, 1653.119384111793
738.911304473877, 3332.9545601153595, 1653.8537166298752
739.4488651752472, 3333.6537605303934, 1652.8127065288345
739.920601606369, 3333.8351500697704, 1652.5299233967771
740.4392137527466, 3332.9226113663863, 1654.280254171159
740.780298948288, 3332.9226113663863, 1654.280254171159
741.4963810443878, 3331.3272724897133, 1653.946706692814
741.9372010231018, 3332.367562784296, 1653.7900942268068
742.4478335380554, 3331.89352326715, 1653.908315161438
742.9295432567596, 3333.1352962943606, 1652.6741026737752
743.4471571445465, 3332.357605873388, 1653.998678011303
743.9288663864136, 3332.0738831018016, 1653.1893564702327
744.4614403247833, 3332.8126719090374, 1652.939139097042
744.7616374492645, 3332.8126719090374, 1652.939139097042
745.4199457168579, 3331.8594248788536, 1652.4007406592473
745.8248620033264, 3331.8594248788536, 1652.4007406592473
746.4741580486298, 3332.3687185173735, 1653.071910414442
746.7863221168518, 3332.3687185173735, 1653.071910414442
747.4764733314514, 3331.716506284024, 1653.0434041603226
747.7806594371796, 3331.716506284024, 1653.0434041603226
748.266357421875, 3331.716506284024, 1653.0434041603226
748.9565119743347, 3329.9262514393176, 1653.7216153737613
749.4302403926849, 3331.861680388916, 1652.6504384914351
749.8002505302429, 3331.861680388916, 1652.6504384914351
750.511344909668, 3330.2159423968897, 1653.4943772873462
750.9601440429688, 3330.1185296108106, 1653.0885457831196
751.4847385883331, 3330.479892546955, 1652.6276120539742
751.9435811042786, 3331.3077695172265, 1653.3648898692109
752.3304159641266, 3331.3077695172265, 1653.3648898692109
752.9417300224304, 3331.619806707451, 1653.1472417547789
753.4703683853149, 3329.981364576569, 1653.5536797224918
753.9461212158203, 3330.514626656607, 1654.0079169160538
754.4587213993073, 3330.034363222953, 1652.8290597596215
754.9258577823639, 3331.0341311754937, 1652.634491843994
755.282806634903, 3331.0341311754937, 1652.634491843994
755.9665522575378, 3331.1565602714195, 1653.7110960342802
756.4958257675171, 3331.692310141101, 1652.6650505372208
757.0737924575806, 3330.523113127669, 1653.6915641270623
757.585709810257, 3329.749169981039, 1654.7707015668834
758.240954875946, 1948.9052889903687, 71.30447701319314
758.6361272335052, 1948.9052889903687, 71.30447701319314
759.111653804779, 948.604649647125, 346.67829038202774
759.4808714389801, 948.604649647125, 346.67829038202774
760.1388568878174, 3930.5509944536707, 1039.244217257605
760.6770267486572, 32.94877042275078, -124.52148041779441
761.2005488872528, 122.66919169497329, 22.805567464550805
761.7469561100006, 947.2961213064646, 633.7908938694366
762.394900560379, 1314.4551610658552, 330.45828404946127
763.2681195735931, -8210.020491746078, 907.1074077085972
763.9161975383759, 998.9958718319095, -1.2128458250440541
764.4154107570648, -5228.1063252122585, 43.56163421648171
764.7845258712769, -5228.1063252122585, 43.56163421648171
765.3415670394897, 234.35179620313073, 332.85967395582963
765.9554162025452, 1408.9078767207814, 736.8342607624163
766.3146886825562, 1408.9078767207814, 736.8342607624163
766.8114593029022, 1408.9078767207814, 736.8342607624163
767.4255089759827, 677.9999696031291, 576.8528122927731
767.9101858139038, 590.6745560235585, 867.4772377931752
768.2642378807068, 590.6745560235585, 867.4772377931752
769.015585899353, 471.8569830050086, 432.7306442853468
769.2778878211975, 471.8569830050086, 432.7306442853468
770.595817565918, 597.0706741460915, 76.9674469277651
771.1131908893585, 1055.6073928222045, 150.059743289315
772.0765748023987, 1055.6073928222045, 150.059743289315
772.5898668766022, 2876.0651577248404, 1640.4758865047465
772.8731081485748, 2876.0651577248404, 1640.4758865047465
773.3807475566864, 2876.0651577248404, 1640.4758865047465
773.8834021091461, 2876.0651577248404, 1640.4758865047465
774.5825295448303, 2552.5258414064842, 1652.36535521155
774.8976850509644, 2552.5258414064842, 1652.36535521155
775.5441479682922, 2631.8912425154285, 1652.7784010151315
776.0637567043304, 2722.267741920321, 1649.0624307861042
776.5833649635315, 2774.4336805408584, 1637.376367673062
777.0341444015503, 2773.9429791380912, 1637.8243636634838
777.5650181770325, 2775.984368072416, 1637.1789184079955
778.2281403541565, 2775.7222659038976, 1637.1495634000328
778.5445003509521, 2775.253048805944, 1637.6329592593597
778.9463043212891, 2775.253048805944, 1637.6329592593597
779.6324665546417, 2774.616090189425, 1637.800406580909
780.0982193946838, 2773.6324033675323, 1637.9158775863295
780.6597146987915, 2773.9304050920205, 1637.5859099244735
781.0756013393402, 2775.115200453063, 1637.7479091199843
781.3827781677246, 2775.115200453063, 1637.7479091199843
782.0407626628876, 2775.3979401559964, 1637.0842401641316
782.570743560791, 2774.037233184758, 1638.0878451110123
782.9621126651764, 2774.037233184758, 1638.0878451110123
783.4421353340149, 2774.037233184758, 1638.0878451110123
784.1518824100494, 2773.783585881777, 1636.9320144595868
784.4604573249817, 2773.783585881777, 1636.9320144595868
785.1222088336945, 2773.4773005672773, 1638.539899935435
785.7283623218536, 2773.881822298059, 1637.0275644062924
785.9447813034058, 2773.881822298059, 1637.0275644062924
786.6359322071075, 2773.802337270038, 1637.056376666675
787.126615524292, 2775.1627125361993, 1636.951825231855
787.4407742023468, 2775.1627125361993, 1636.951825231855
788.0172309875488, 2775.1627125361993, 1636.951825231855
788.4779975414276, 2775.1627125361993, 1636.951825231855
789.2030553817749, 2774.462815852186, 1637.3761891162756
789.7416124343872, 2775.8171461723928, 1637.0235988446952
789.9460651874542, 2775.8171461723928, 1637.0235988446952
790.7100205421448, 2773.4796642784745, 1638.503803822042
791.1099481582642, 2775.997680604594, 1637.2022679179415
791.6475088596344, 2774.227722942276, 1637.945284423099
791.9477050304413, 2774.227722942276, 1637.945284423099
792.659797668457, 2773.1167431905196, 1638.2067841493977
792.9440376758575, 2773.1167431905196, 1638.2067841493977
793.4985508918762, 2773.1167431905196, 1638.2067841493977
793.9613118171692, 2773.1167431905196, 1638.2067841493977
794.6065833568573, 2772.3008248476835, 1638.0332193895517
794.9696116447449, 2772.3008248476835, 1638.0332193895517
795.4393529891968, 2772.3008248476835, 1638.0332193895517
796.1195313930511, 2772.046655006121, 1638.3975645410985
796.679034948349, 2772.579628574036, 1637.6690192586152
797.1826841831207, 2772.9092435720127, 1637.8242269243278
797.4719099998474, 2772.9092435720127, 1637.8242269243278
798.1351330280304, 2772.622334592634, 1637.003182812726
798.6896481513977, 2771.2403344502736, 1638.3524704715674
799.1083481311798, 2772.924895183467, 1638.162443602209
799.5952274799347, 2772.897799687209, 1637.5890598086394
800.1580011844635, 2772.5194849423146, 1638.2386650749156
800.4611871242523, 2772.5194849423146, 1638.2386650749156
801.1303968429565, 2773.557019829389, 1637.0177797540557
801.6381890773773, 2772.9306722495676, 1637.421546067218
802.1216928958893, 2772.9306722495676, 1637.421546067218
802.7595720291138, 2772.548468045432, 1637.8813032951764
803.2143411636353, 2772.51210694961, 1636.8946271069296
803.5284996032715, 2772.51210694961, 1636.8946271069296
804.1887321472168, 2773.9376687729855, 1636.9552748882954
804.5537536144257, 2773.9376687729855, 1636.9552748882954
805.029479265213, 2773.9376687729855, 1636.9552748882954
805.5411093235016, 2773.9376687729855, 1636.9552748882954
806.226274728775, 2773.6333783044015, 1636.8467317827187
806.5394356250763, 2773.6333783044015, 1636.8467317827187
807.2455441951752, 2772.097728564339, 1637.6763038685326
807.7701394557953, 2772.6044072508143, 1636.7242430006927
808.2249226570129, 2770.8721027274296, 1638.5155109546554
808.746524810791, 2771.419380735184, 1637.2723066621022
809.2526774406433, 2772.1796135208406, 1637.305401527504
809.5505681037903, 2772.1796135208406, 1637.305401527504
810.180823802948, 2772.1796135208406, 1637.305401527504
810.7415001392365, 2770.4070140893423, 1638.536556515975
811.3426413536072, 2773.5876027281724, 1636.8493060079406
811.6743476390839, 2773.5876027281724, 1636.8493060079406
812.3762724399567, 2770.782433183815, 1638.4311371267302
812.6864428520203, 2770.782433183815, 1638.4311371267302
813.1731390953064, 2770.782433183815, 1638.4311371267302
813.8463716506958, 2771.2776073005543, 1637.527872231904
814.1772165298462, 2771.2776073005543, 1637.527872231904
814.8272638320923, 2771.4843348498193, 1637.1233752085966
815.1698915958405, 2771.4843348498193, 1637.1233752085966
815.8893489837646, 2771.8466864020047, 1636.8119105784808
816.2143948078156, 2771.8466864020047, 1636.8119105784808
816.84326004982, 2771.5517742144907, 1636.7505738472937
817.3863041400909, 2771.0843702477296, 1638.1999437662982
817.726619720459, 2771.0843702477296, 1638.1999437662982
818.3781781196594, 2771.191083951849, 1637.1578660092828
818.8439309597015, 2771.297660890829, 1637.1069344000036
819.4971218109131, 2772.8297664154047, 1636.9956600576577
820.069005727768, 2772.3259402150684, 1637.3850866849505
820.4521396160126, 2771.5364792606897, 1637.751149835664
820.934844493866, 2771.324831940967, 1637.871520578543
821.4594402313232, 2772.5983541071228, 1637.049920429703
821.7915515899658, 2772.5983541071228, 1637.049920429703
822.293206691742, 2772.5983541071228, 1637.049920429703
822.8460023403168, 2772.5983541071228, 1637.049920429703
823.5012474060059, 2770.6492906843678, 1638.060540844539
823.9520394802094, 2772.7072245252907, 1636.9968812171248
824.4666614532471, 2771.211736045298, 1637.219686397003
824.7868041992188, 2771.211736045298, 1637.219686397003
825.4580066204071, 2770.9269920217366, 1637.766293654253
825.9477100372314, 2770.0193932844827, 1638.0128637905325
826.4732875823975, 2770.5845261414315, 1638.2479154299594
826.9390408992767, 2770.977955881211, 1637.6303460952677
827.3755362033844, 2770.977955881211, 1637.6303460952677
828.0997095108032, 2771.246481883663, 1637.0739486197504
828.6882140636444, 2770.8238112501995, 1637.420835240091
829.1217725276947, 2770.6069152315113, 1637.5410494956
829.385039806366, 2770.6069152315113, 1637.5410494956
830.0419843196869, 2769.795341498373, 1637.3705974380591
830.464586019516, 2769.795341498373, 1637.3705974380591
830.9243929386139, 2769.795341498373, 1637.3705974380591
831.5131757259369, 2769.795341498373, 1637.3705974380591
832.114993095398, 2769.9508472275343, 1637.3470256089004
832.4620687961578, 2769.9508472275343, 1637.3470256089004
833.0983645915985, 2769.228556043659, 1638.084989561539
833.6688365936279, 2771.008898307232, 1636.79122027811
834.1714940071106, 2769.863180927033, 1637.9279084058255
834.7010746002197, 2770.154541619181, 1637.0905423621552
835.2326512336731, 2769.8546181404186, 1638.17521469538
835.8278434276581, 2770.0236327987036, 1637.7285935588686
836.2556972503662, 2770.1202375368734, 1636.9620594364192
836.5588855743408, 2770.1202375368734, 1636.9620594364192
837.2031600475311, 2770.2188424773562, 1637.0845150039952
837.7836122512817, 2769.4975028633144, 1637.3965824022534
838.252357006073, 2770.505181137088, 1636.987253407874
838.9175746440887, 2769.2898408075735, 1637.759558600346
839.7643067836761, 2769.565959642851, 1637.8219866639186
840.277930021286, 2769.860529439663, 1637.5381058437556
840.5681536197662, 2769.860529439663, 1637.5381058437556
841.219409942627, 2769.424385966356, 1638.0318691850084
841.7330334186554, 2769.375085798409, 1637.26597728216
842.2246186733246, 2770.288091589235, 1636.9502385681549
842.6980237960815, 2769.5307735322895, 1637.1131490072219
843.1751890182495, 2769.9820786744494, 1636.5621892898805
843.6868743896484, 2769.405330033258, 1637.4318674260855
844.2006249427795, 2769.2924889825695, 1637.472904044317
844.5712623596191, 2769.2924889825695, 1637.472904044317
845.0500965118408, 2769.2924889825695, 1637.472904044317
845.7113256454468, 2768.979779461262, 1638.1397940147413
846.0404450893402, 2768.979779461262, 1638.1397940147413
846.5650389194489, 2768.979779461262, 1638.1397940147413
847.0507383346558, 2768.979779461262, 1638.1397940147413
847.735903263092, 2769.5549341202154, 1636.9226807316995
848.2475345134735, 2768.7104151699787, 1637.7035256204824
848.7372217178345, 2768.9429745099865, 1636.9553850214133
849.2199294567108, 2768.798875792869, 1637.085555385807
849.5550317764282, 2768.798875792869, 1637.085555385807
850.0437233448029, 2768.798875792869, 1637.085555385807
850.5513892173767, 2768.798875792869, 1637.085555385807
851.0360915660858, 2768.798875792869, 1637.085555385807
851.7162845134735, 2769.9962728889886, 1637.3875932751955
852.2189383506775, 2768.8397800291173, 1637.155758267959
852.7305686473846, 2769.301659793927, 1637.5879727006661
853.2242460250854, 2768.808685521041, 1637.8720349321816
853.7647984027863, 3591.0402533374267, 124.58096328253757
854.3771588802338, 3549.1345778134337, 1974.814512230627
854.7002930641174, 3549.1345778134337, 1974.814512230627
855.4213619232178, 2453.974332506961, 241.9191714766216
856.3927612304688, 2331.6320380934158, 32285.823564019236
856.7837131023407, 2896.5930884433, 813.1550534187384
857.1277914047241, 2896.5930884433, 813.1550534187384
857.6194748878479, 2896.5930884433, 813.1550534187384
858.1301071643829, 2896.5930884433, 813.1550534187384
858.8072946071625, 1944.4273430865517, 585.8940422049295
859.2620754241943, 83.5102475410964, 58.80406526799681
859.6400630474091, 83.5102475410964, 58.80406526799681
860.1008291244507, 83.5102475410964, 58.80406526799681
860.5845336914062, 83.5102475410964, 58.80406526799681
861.0841953754425, 83.5102475410964, 58.80406526799681
861.7224862575531, -502.5317475653004, 1632.9942739871158
862.085521697998, -502.5317475653004, 1632.9942739871158
862.571213722229, -502.5317475653004, 1632.9942739871158
863.2703411579132, 3864.0202753366784, 418.2969552287559
863.8358268737793, 3528.17520079009, 1197.8614182557676
864.3334937095642, 3786.4215234228723, 711.5181467442421
864.6416687965393, 3786.4215234228723, 711.5181467442421
865.1134054660797, 3786.4215234228723, 711.5181467442421
865.6170558929443, 3786.4215234228723, 711.5181467442421
866.2563450336456, 3363.7446720925577, 194.2170454589866
866.8068687915802, 3644.94713826752, 451.42190897536045
867.3863174915314, 3276.601894933835, 929.9193566868481
867.718427658081, 3276.601894933835, 929.9193566868481
868.2599771022797, 3276.601894933835, 929.9193566868481
868.8254630565643, 3493.0083346093875, 151.74820271903238
869.1067090034485, 3493.0083346093875, 151.74820271903238
869.7729256153107, 3581.714394128562, 220.09863952188317
870.1050374507904, 3581.714394128562, 220.09863952188317
871.2818839550018, 2913.7151158007136, 616.0665179715818
871.6179838180542, 2913.7151158007136, 616.0665179715818
872.0907180309296, 2913.7151158007136, 616.0665179715818
872.8087956905365, 3868.3222910660043, 157.76802295542754
873.2685635089874, 3271.1586739180543, 365.02193033499026
873.5847175121307, 3271.1586739180543, 365.02193033499026
874.0793929100037, 3271.1586739180543, 365.02193033499026
874.7685458660126, 2068.6097379929797, 434.265041138243
875.2731945514679, 2216.837461731388, 35.057564890199494
875.8117525577545, 1954.0848298473497, 198.86132117095636
876.1199266910553, 1954.0848298473497, 198.86132117095636
876.7981104850769, 1594.6538797446615, 214.6088035143403
877.1082799434662, 1594.6538797446615, 214.6088035143403
877.6139254570007, 1594.6538797446615, 214.6088035143403
878.0936410427094, 1594.6538797446615, 214.6088035143403
878.8236870765686, 1946.6550631929504, 57.87799051955801
879.2934284210205, 1309.7394476742452, 1115.323777063532
879.8200175762177, 1918.3568889567382, 584.9970057950638
880.3675518035889, 1943.4922663470986, 173.98109526088703
880.6188781261444, 1943.4922663470986, 173.98109526088703
881.2990562915802, -2787.09290659841, 226.1254403931858
881.8146750926971, 1778.0486525938718, 273.9277701782812
882.293393611908, 1986.0589752362723, 709.9005222531061
882.7800896167755, 3352.0357344726467, 39.6506425316267
883.0723073482513, 3352.0357344726467, 39.6506425316267
883.5869579315186, 3352.0357344726467, 39.6506425316267
884.3259501457214, 1848.212314583136, -44030.71029200116
884.8325932025909, 1890.660155025156, 666.4860873762406
885.3083193302155, 1879.9391787789198, 441.020717277708
885.6603753566742, 1879.9391787789198, 441.020717277708
886.1381096839905, 1879.9391787789198, 441.020717277708
886.6387693881989, 1879.9391787789198, 441.020717277708
887.1404259204865, 1879.9391787789198, 441.020717277708
887.8116283416748, 2031.1975849766286, 1067.4104428112807
888.1188058853149, 2031.1975849766286, 1067.4104428112807
888.648387670517, 2031.1975849766286, 1067.4104428112807
889.1181292533875, 2031.1975849766286, 1067.4104428112807
889.6257705688477, 2031.1975849766286, 1067.4104428112807
890.1074795722961, 2031.1975849766286, 1067.4104428112807
890.8395190238953, 2041.1560309372007, 1328.779157242667
891.308263540268, 3070.9723258626136, 881.5369567123246
891.7889759540558, 3403.7159461196607, 1213.1727164014603
892.1011400222778, 3403.7159461196607, 1213.1727164014603
892.7653615474701, -18.47764567590306, 246332.34048355618
893.2370977401733, 6.391438717901359, 150.5175786042498
893.736759185791, 622.3300049463256, 1625.7859189490066
894.2434024810791, 673.9337237351638, 1627.7256764238343
894.7759761810303, 671.8708828081297, 1633.0977265319023
895.2526998519897, 670.7454407593729, 1637.8144957124603
895.7463774681091, 671.7702912128954, 1638.3605437862439
896.271969795227, 720.965540725144, 1625.109726781977
896.7457008361816, 2179.8097303854715, 1619.5977507017603
897.2443664073944, 3177.6594857313385, 1611.9415523204566
897.7659687995911, 3160.994904767373, 1613.6595338324037
898.0641696453094, 3160.994904767373, 1613.6595338324037
898.5508663654327, 3160.994904767373, 1613.6595338324037
899.0296142101288, 3160.994904767373, 1613.6595338324037
899.7087655067444, 3163.8243292438256, 1625.3540940626183
900.0428705215454, 3163.8243292438256, 1625.3540940626183
900.7350172996521, 3163.1419185146055, 1625.173606985474
901.0322206020355, 3163.1419185146055, 1625.173606985474
901.5578150749207, 3163.1419185146055, 1625.173606985474
902.0594699382782, 3163.1419185146055, 1625.173606985474
902.7566041946411, 3163.7465192821965, 1625.1417131575406
903.0418388843536, 3163.7465192821965, 1625.1417131575406
903.5594544410706, 3163.7465192821965, 1625.1417131575406
904.0680902004242, 3163.7465192821965, 1625.1417131575406
904.5847065448761, 3163.7465192821965, 1625.1417131575406
905.2299785614014, 3163.6619846936446, 1624.5805241180956
905.753576040268, 3163.8822232527264, 1624.6122290619237
906.2622146606445, 3163.5102886352724, 1624.7855211813066
906.5494453907013, 3163.5102886352724, 1624.7855211813066
907.1897299289703, 3163.819113219429, 1625.3416445305147
907.7193119525909, 3163.72151634708, 1625.2321657192267
908.052419424057, 3163.72151634708, 1625.2321657192267
908.5540761947632, 3163.72151634708, 1625.2321657192267
909.0457592010498, 3163.72151634708, 1625.2321657192267
909.5444238185883, 3163.72151634708, 1625.2321657192267
910.0351090431213, 3163.72151634708, 1625.2321657192267
910.709303855896, 3163.7771990390283, 1624.7052621354508
911.0483953952789, 3163.7771990390283, 1624.7052621354508
911.7604880332947, 3163.7017517290506, 1624.5911245672226
912.223249912262, 3164.0782719031627, 1625.1842374047746
912.730890750885, 3163.9670462276536, 1624.7460804168213
913.0360741615295, 3163.9670462276536, 1624.7460804168213
913.7621278762817, 3163.7045688431203, 1624.792233332722
914.2637846469879, 3163.6491963139533, 1624.6196272406935
914.749484539032, 3164.0094340168134, 1624.5594531500365
915.2162353992462, 3163.4897176778563, 1624.7463027904569
915.7258744239807, 3163.9913388540995, 1624.7823473379513
916.204592704773, 3163.45033810005, 1624.8974706461358
916.7321796417236, 3163.9625391776435, 1625.6912393201305
917.0463380813599, 3163.9625391776435, 1625.6912393201305
917.7235248088837, 3164.2113664329963, 1625.6366045253824
918.0496501922607, 3164.2113664329963, 1625.6366045253824
918.7328205108643, 3163.7259997140022, 1624.7246308157046
919.0449850559235, 3163.7259997140022, 1624.7246308157046
919.7121982574463, 3164.035870829759, 1624.7730844168009
920.2108635902405, 3164.13522532757, 1624.5676282620543
920.7554068565369, 3163.493166162523, 1624.5274241228256
921.2251853942871, 3164.022900434243, 1625.4466548928756
921.5572962760925, 3164.022900434243, 1625.4466548928756
922.038008928299, 3164.022900434243, 1625.4466548928756
922.7650616168976, 3163.586144437221, 1624.7300982050135
923.0463094711304, 3163.586144437221, 1624.7300982050135
923.5509564876556, 3163.586144437221, 1624.7300982050135
924.1932363510132, 3163.9295464004863, 1625.5233388210104
924.7477514743805, 3163.4284713774728, 1625.279466610822
925.2274808883667, 3163.899937473896, 1624.4567707041429
925.736118555069, 3164.178521190059, 1625.6582363492375
926.2198235988617, 3163.9131578228066, 1625.3225432360287
926.5529317855835, 3163.9131578228066, 1625.3225432360287
927.1972055435181, 3163.3656288243274, 1624.8483125294501
927.5522539615631, 3163.3656288243274, 1624.8483125294501
928.190545797348, 3163.7036925264583, 1624.9099915014795
928.7699935436249, 3164.1988547103524, 1625.4728717912587
929.2497084140778, 3163.8203372409284, 1624.0907708052443
929.7663249969482, 3163.4627276454044, 1625.3456151841922
930.0555508136749, 3163.4627276454044, 1625.3456151841922
930.8115253448486, 3164.56186475029, 1625.621539237485
931.0818026065826, 3164.56186475029, 1625.621539237485
931.7310631275177, 3163.525714611315, 1625.3212061914212
932.2297284603119, 3162.9446194222755, 1624.5282410822613
932.7473664283752, 3163.6281251892874, 1625.0191826189225
933.0555410385132, 3163.6281251892874, 1625.0191826189225
933.7317297458649, 3163.4267345095036, 1624.5198624080922
934.2333860397339, 3163.578051836869, 1624.1877643161968
934.7480080127716, 3163.6194552406405, 1624.568193588307
935.226726770401, 3163.2415397281825, 1625.2616546992288
935.7453370094299, 3163.446412038941, 1624.4537191053794
936.0505208969116, 3163.446412038941, 1624.4537191053794
936.5561656951904, 3163.446412038941, 1624.4537191053794
937.0448565483093, 3163.446412038941, 1624.4537191053794
937.567458152771, 3163.446412038941, 1624.4537191053794
938.0551514625549, 3163.446412038941, 1624.4537191053794
938.778214931488, 3163.5289162166687, 1624.7567186121046
939.3536729812622, 3163.752424672526, 1624.6336865975302
939.7655701637268, 3163.840968086449, 1624.9942090618322
940.2462825775146, 3163.1169318067364, 1625.7381297852987
940.5744054317474, 3163.1169318067364, 1625.7381297852987
941.2495958805084, 3163.042454703792, 1625.791309734621
941.7492575645447, 3163.2281777330254, 1625.1530889052647
942.2459270954132, 3163.4015737660357, 1624.9994631541629
942.7485814094543, 3163.463693304733, 1625.1894994919846
943.05974817276, 3163.463693304733, 1625.1894994919846
943.5683858394623, 3163.463693304733, 1625.1894994919846
944.0620646476746, 3163.463693304733, 1625.1894994919846
944.5547435283661, 3163.463693304733, 1625.1894994919846
945.2139785289764, 3163.124472290061, 1624.592280721086
945.5819933414459, 3163.124472290061, 1624.592280721086
946.0597133636475, 3163.124472290061, 1624.592280721086
946.7368998527527, 3163.5370585141636, 1625.5967087031297
947.2754571437836, 3163.3359583888073, 1624.2840303578919
947.7900793552399, 3163.735195213374, 1625.0875558629878
948.2458591461182, 3163.39581816273, 1624.6570176973203
948.5660009384155, 3163.39581816273, 1624.6570176973203
949.0576839447021, 3163.39581816273, 1624.6570176973203
949.7249321937561, 3163.313104606698, 1625.1122007998615
950.0500612258911, 3163.313104606698, 1625.1122007998615
950.7422075271606, 3163.6387188236954, 1617.4675238319412
951.2239174842834, 3163.314002579409, 1618.7850227258284
951.5799643993378, 3163.314002579409, 1618.7850227258284
952.0596790313721, 3163.314002579409, 1618.7850227258284
952.726891040802, 3169.8643727208273, 1616.804601173279
953.2165803909302, 3171.5665242044033, 1618.2000638860784
953.5636792182922, 3171.5665242044033, 1618.2000638860784
954.0553352832794, 3171.5665242044033, 1618.2000638860784
954.7604475021362, 3185.17347796507, 1617.6255073500847
955.2670884132385, 3192.538390089372, 1617.7151339478935
955.5712745189667, 3192.538390089372, 1617.7151339478935
956.2783801555634, 3345.4988373322244, 1613.2162200159516
956.5955317020416, 3345.4988373322244, 1613.2162200159516
957.0642762184143, 3345.4988373322244, 1613.2162200159516
957.5679266452789, 3345.4988373322244, 1613.2162200159516
958.0675892829895, 3345.4988373322244, 1613.2162200159516
964.2969057559967, 3588.627953511884, 354.71442295051196
964.6459712982178, 3588.627953511884, 354.71442295051196
965.2832641601562, 633.187788160117, 2469.501217939663
965.6433296203613, 633.187788160117, 2469.501217939663
966.2497055530548, 3717.6688658331063, 122.3017847337701
966.6167225837708, 3717.6688658331063, 122.3017847337701
967.0844705104828, 3717.6688658331063, 122.3017847337701
967.6210324764252, 3717.6688658331063, 122.3017847337701
968.109724521637, 3717.6688658331063, 122.3017847337701
968.8517370223999, 1145.3536426960088, 561.5151699583898
969.3334474563599, 514.1580382276263, 532.6166803256871
969.6635627746582, 514.1580382276263, 532.6166803256871
970.2360293865204, 3645.017409652334, 1367.4152152775919
970.6180064678192, 3645.017409652334, 1367.4152152775919
973.262923002243, 3921.309507622711, 1551.777508444346
974.8496737480164, 3380.433630476017, 138.04502233294704
975.2226748466492, 3380.433630476017, 138.04502233294704
975.6614987850189, 3380.433630476017, 138.04502233294704
976.1362273693085, 3380.433630476017, 138.04502233294704
976.7875199317932, 3991.981753049103, 1553.4652890416469
977.352844953537, 3966.8033060404073, 1581.7788992277933
978.2575421333313, 3992.531222629721, 1585.7357047150754
979.5153524875641, 3410.8118729193025, 796.2640009087808
980.0035803318024, 3356.631957922284, 953.8306822246689
981.1312217712402, 3438.4483935793583, 869.4539880182294
982.044362783432, 3497.6716305032064, 1613.4080043495612
982.3839764595032, 3497.6716305032064, 1613.4080043495612
983.0475869178772, 2053.369611650169, 1620.2571519498476
983.5839021205902, 2063.4398062869514, 1619.577762423495
984.1224596500397, 1632.8938540219156, 1577.8662424866845
984.5552995204926, 1747.0476717732793, 1620.3258563281051
985.0569565296173, 1798.0633469920656, 1622.8724638149833
985.4050238132477, 1798.0633469920656, 1622.8724638149833
986.1171164512634, 1802.7656343878336, 1621.4053550081735
986.5828700065613, 1857.0417016728516, 1621.0846241834963
987.0745530128479, 2091.720655679106, 1619.529853588576
987.5921669006348, 1711.8246070962255, 1585.8719374210398
988.0758707523346, 1796.3465390317947, 1583.7282624321083
988.4109728336334, 1796.3465390317947, 1583.7282624321083
989.1240632534027, 1746.4902234535407, 1567.287006884912
989.6237254142761, 1787.7920207247332, 1574.308751664569
990.1154084205627, 1788.2265725014406, 1574.1342832599294
990.6050972938538, 1789.0952289207294, 1574.939559521081
991.061872959137, 1789.9845679043808, 1574.1430744549355
991.5984365940094, 1789.2587641137122, 1574.8408264419938
991.9076097011566, 1789.2587641137122, 1574.8408264419938
992.3982946872711, 1789.2587641137122, 1574.8408264419938
993.0974218845367, 1789.625653043215, 1574.9997419551619
993.5791318416595, 1790.270779661954, 1574.7390339601445
994.0558552742004, 1790.0818932923796, 1575.0202591436255
994.6013939380646, 1789.9999527259477, 1574.976976047898
995.0661499500275, 1790.1692851430673, 1575.1010807304624
995.4022495746613, 1790.1692851430673, 1575.1010807304624
995.6406109333038, 1790.1692851430673, 1575.1010807304624
996.1093554496765, 1790.441664348822, 1575.0186401939459
996.6150009632111, 1790.9841033788518, 1574.9650314773364
997.07377409935, 1790.8803975025069, 1574.854913037272
997.6213057041168, 1790.518513005771, 1575.5242235454416
998.105010509491, 1790.8248568367046, 1575.5420445997283
998.6545388698578, 1790.0994685505366, 1575.194403102704
999.0674335956573, 1790.4747356497883, 1574.8868979212305
999.5970146656036, 1790.8099766575203, 1574.370437968264
999.9141654968262, 1790.8099766575203, 1574.370437968264
1000.5644240379333, 1791.4638152816374, 1573.1352205885012
1001.0501229763031, 1790.8259552355685, 1575.0196933952654
1001.5906763076782, 1791.2775378315937, 1575.125893010068
1002.0963814258575, 1790.7668466952862, 1573.8877216764722
1002.3915901184082, 1790.7668466952862, 1573.8877216764722
1002.9002304077148, 1790.7668466952862, 1573.8877216764722
1003.7173607349396, 1791.080517172163, 1573.9935082057143
1004.0993475914001, 1791.3039340245757, 1573.5196636852177
1004.6669511795044, 1791.245332726452, 1573.6465864266959
1005.1448922157288, 1791.7895124143752, 1573.4066792728388
1005.6774659156799, 1791.5494911160092, 1574.0092767510139
1005.9946165084839, 1791.5494911160092, 1574.0092767510139
1006.7306461334229, 1791.7027839778166, 1573.7659178913452
1007.0398168563843, 1791.7027839778166, 1573.7659178913452
1007.639490365982, 1791.7027839778166, 1573.7659178913452
1008.0334260463715, 1791.7027839778166, 1573.7659178913452
1008.5371372699738, 1791.7027839778166, 1573.7659178913452
1009.2436892986298, 1791.642671004628, 1573.2681630621096
1009.8580899238586, 1792.002709342137, 1574.1947041932938
1010.320850610733, 1791.7791325779644, 1573.7951157072484
1010.9671723842621, 1791.9031520014264, 1573.582841492909
1011.040974855423, 1791.9031520014264, 1573.582841492909
1011.4030065536499, 1792.4509479079513, 1573.991013460934
1011.7789981365204, 1792.4509479079513, 1573.991013460934
1012.399338722229, 1792.6289913267556, 1573.9789589137592
1012.7394273281097, 1792.6289913267556, 1573.9789589137592
1013.2710027694702, 1792.6289913267556, 1573.9789589137592
1013.7557044029236, 1792.6289913267556, 1573.9789589137592
1014.2453927993774, 1792.6289913267556, 1573.9789589137592
1014.7520370483398, 1792.6289913267556, 1573.9789589137592
1015.4312179088593, 1791.9355404748808, 1574.313890614276
1015.9508266448975, 1791.9494057796605, 1574.2786937002877
1016.2619924545288, 1791.9494057796605, 1574.2786937002877
1016.7407116889954, 1791.9494057796605, 1574.2786937002877
1017.4089210033417, 1791.8872588873123, 1573.9680109413982
1017.9085822105408, 1792.1341487724953, 1573.6703342863555
1018.2446823120117, 1792.1341487724953, 1573.6703342863555
1018.9019227027893, 1791.6923067602213, 1573.2358133220807
1019.2948694229126, 1791.6923067602213, 1573.2358133220807
1019.7446649074554, 1791.6923067602213, 1573.2358133220807
1020.3979158401489, 1792.205027432165, 1573.6178407211125
1020.8965799808502, 1792.1188657230143, 1573.971211426635
1021.4590744972229, 1792.405569910214, 1573.8665262534512
1021.9088685512543, 1792.197217266836, 1575.1010200063954
1022.2549419403076, 1792.197217266836, 1575.1010200063954
1022.7496228218079, 1792.197217266836, 1575.1010200063954
1023.4447550773621, 1791.9498686784577, 1573.4430012633013
1023.9075162410736, 1792.293334748202, 1574.2416870973307
1024.41814827919, 1792.3120886985455, 1574.733506136466
1024.906840801239, 1792.2956808458368, 1573.6092550178053
1025.2579004764557, 1792.2956808458368, 1573.6092550178053
1025.8842215538025, 1792.4012086877835, 1574.388450694391
1026.2502431869507, 1792.4012086877835, 1574.388450694391
1026.7658610343933, 1792.4012086877835, 1574.388450694391
1027.4810104370117, 1792.3685471343704, 1573.9585605751536
1027.9617538452148, 1792.5984603733773, 1574.4568252347688
1028.458393573761, 1792.3151412941813, 1574.6733397950795
1028.805468082428, 1792.3151412941813, 1574.6733397950795
1029.475673675537, 1792.491821678774, 1573.634909453153
1029.857650756836, 1792.491821678774, 1573.634909453153
1030.3553178310394, 1792.491821678774, 1573.634909453153
1031.035495519638, 1792.3084016100918, 1574.4966100960849
1031.3696010112762, 1792.3084016100918, 1574.4966100960849
1032.074829339981, 1792.5381256879969, 1575.709291390395
1032.5705018043518, 1792.27422948188, 1574.658130088532
1033.0970907211304, 1792.700784902215, 1575.5379706320925
1033.3982846736908, 1792.700784902215, 1575.5379706320925
1034.074473619461, 1791.9213565336531, 1574.888363472843
1034.601969718933, 1792.2117191319794, 1574.1415832040125
1034.911179304123, 1792.2117191319794, 1574.1415832040125
1035.606903553009, 1793.1228657668291, 1574.605542974059
1036.0547397136688, 1792.8216308676117, 1574.5199386640988
1036.4606630802155, 1792.8216308676117, 1574.5199386640988
1037.1265876293182, 1792.9116598530536, 1574.812108111131
1037.6364052295685, 1792.449685644244, 1573.9608650937423
1037.9479410648346, 1792.449685644244, 1573.9608650937423
1038.6112043857574, 1792.4098295977412, 1575.351831463913
1039.0875413417816, 1792.4543307184663, 1574.3651192943864
1039.4655287265778, 1792.4543307184663, 1574.3651192943864
1040.1586730480194, 1792.6142988488284, 1575.1892851394311
1040.622499704361, 1792.5009633662457, 1574.1677534691585
1041.102247953415, 1792.6147340836883, 1574.5679269782324
1041.4562993049622, 1792.6147340836883, 1574.5679269782324
1042.1115441322327, 1792.5861759174136, 1574.704056081305
1042.6550889015198, 1792.5911748795756, 1574.4904534483305
1042.96027135849, 1792.5911748795756, 1574.4904534483305
1043.6324710845947, 1792.7704054271624, 1574.1509394730056
1043.9426407814026, 1792.7704054271624, 1574.1509394730056
1044.6238160133362, 1792.3749942348963, 1574.140120500521
1044.95792222023, 1792.3749942348963, 1574.140120500521
1045.6141638755798, 1792.4748811660606, 1574.9263370907586
1045.9612333774567, 1792.4748811660606, 1574.9263370907586
1046.4778516292572, 1792.4748811660606, 1574.9263370907586
1046.9655456542969, 1792.4748811660606, 1574.9263370907586
1047.4562330245972, 1792.4748811660606, 1574.9263370907586
1048.1872715950012, 1792.4830946990348, 1575.2226445832193
1048.461537361145, 1792.4830946990348, 1575.2226445832193
1049.1367292404175, 1792.2578217753683, 1575.0076233115442
1049.4558746814728, 1792.2578217753683, 1575.0076233115442
1050.0991516113281, 1792.4787305197092, 1573.8467822116913
1050.648679971695, 1792.9404081803473, 1574.5932027041415
1050.9588499069214, 1792.9404081803473, 1574.5932027041415
1051.6270596981049, 1792.4064023170622, 1574.9860243685382
1052.119741678238, 1792.1450641249185, 1573.371935498986
1052.6523447036743, 1792.50287152151, 1574.905332918273
1052.9525096416473, 1792.50287152151, 1574.905332918273
1053.615734577179, 1792.4326680076233, 1573.89912782018
1054.109412431717, 1792.3346388456775, 1574.4373848074476
1054.4485051631927, 1792.3346388456775, 1574.4373848074476
1054.9491624832153, 1792.3346388456775, 1574.4373848074476
1055.4478271007538, 1792.3346388456775, 1574.4373848074476
1056.120132446289, 1792.3732722692603, 1574.6748333178227
1056.6327860355377, 1792.3693962602729, 1573.5790255143202
1056.956918001175, 1792.3693962602729, 1573.5790255143202
1057.650063276291, 1792.5549754217664, 1574.5963210892128
1058.1148164272308, 1792.9155237035247, 1574.753888417459
1058.4628853797913, 1792.9155237035247, 1574.753888417459
1059.1131427288055, 1792.8200769789464, 1574.821452217217
1059.4622077941895, 1792.8200769789464, 1574.821452217217
1060.0985045433044, 1792.8241785944579, 1573.7337342081707
1060.4465720653534, 1792.8241785944579, 1573.7337342081707
1061.1267495155334, 1792.5608791692375, 1575.0310409163603
1061.6493501663208, 1792.4535241656472, 1574.3163004560529
1062.1170978546143, 1792.9061944989676, 1574.9060118582538
1062.4551920890808, 1792.9061944989676, 1574.9060118582538
1063.1084427833557, 1792.5644020833697, 1573.7657267597706
1063.6440091133118, 1792.55730151692, 1574.3936056561263
1063.9601616859436, 1792.55730151692, 1574.3936056561263
1064.6493165493011, 1792.5285475549608, 1574.5550840292744
1065.1609497070312, 1792.5521161058289, 1575.112568190744
1065.6765654087067, 1792.5909364593922, 1574.3245312130719
1065.944851398468, 1792.5909364593922, 1574.3245312130719
1066.620043039322, 1792.727430885002, 1574.7067281774082
1066.9411828517914, 1792.727430885002, 1574.7067281774082
1067.629340171814, 1792.6870317700063, 1574.7599587081836
1068.0881106853485, 1792.7878623296021, 1574.5980310398957
1068.4501411914825, 1792.7878623296021, 1574.5980310398957
1069.1153597831726, 1792.2965000917764, 1574.619136507043
1069.6369633674622, 1792.255220201542, 1574.8325900469315
1069.9501650333405, 1792.255220201542, 1574.8325900469315
1070.4348680973053, 1792.255220201542, 1574.8325900469315
1070.945499420166, 1792.255220201542, 1574.8325900469315
1071.4381802082062, 1792.255220201542, 1574.8325900469315
1071.9388391971588, 1792.255220201542, 1574.8325900469315
1072.4474771022797, 1792.255220201542, 1574.8325900469315
1073.1446096897125, 1792.9848618657697, 1574.8966246499322
1073.4607644081116, 1792.9848618657697, 1574.8966246499322
1074.1299722194672, 1792.0835086133134, 1574.838051843729
1074.479036808014, 1792.0835086133134, 1574.838051843729
1075.1352784633636, 1792.3697529415444, 1574.7555408342514
1075.6788232326508, 1792.5856704844568, 1575.3067044770505
1076.1485719680786, 1792.3445375256372, 1575.381453859353
1076.6591973304749, 1792.2301347967405, 1575.0336710339543
1077.1219580173492, 1792.6594763173064, 1575.2319482453618
1077.6694912910461, 1792.25550868057, 1575.5817196913326
1077.95672249794, 1792.25550868057, 1575.5817196913326
1078.6279249191284, 1792.2885728397544, 1576.1706808938457
1078.9420833587646, 1792.2885728397544, 1576.1706808938457
1079.621264219284, 1792.633805903239, 1575.0790286737686
1080.1129479408264, 1792.92046282239, 1574.7449819552055
1080.4939534664154, 1792.92046282239, 1574.7449819552055
1081.140222787857, 1792.4571829380293, 1575.3521183402836
1081.4623596668243, 1792.4571829380293, 1575.3521183402836
1082.1505179405212, 1792.5684446598252, 1575.0261469658249
1082.6691279411316, 1792.2371279935478, 1575.100010008679
1083.097978591919, 1792.6807593447145, 1575.0971439571517
1083.6053035259247, 1792.5063331261274, 1574.390550071905
1084.093189716339, 1791.9585459619786, 1573.560416867326
1084.6287291049957, 1792.3594593459818, 1575.0232075344145
1085.1605334281921, 1792.5976458309494, 1573.8231970299944
1085.7736036777496, 1792.835690714646, 1574.6623494735593
1086.4402697086334, 1792.0889339764365, 1574.0800185711764
1087.0881049633026, 1792.0889339764365, 1574.0800185711764
1087.5548558235168, 1792.0889339764365, 1574.0800185711764
1088.0624964237213, 1792.0889339764365, 1574.0800185711764
1088.5501897335052, 1792.0889339764365, 1574.0800185711764
1089.221391916275, 1792.1813289105453, 1574.5810955428915
1089.567465543747, 1792.1813289105453, 1574.5810955428915
1090.0671265125275, 1792.1813289105453, 1574.5810955428915
1090.7393264770508, 1792.0740920670542, 1574.0807956809197
1091.2539479732513, 1792.1999415174637, 1575.579137580967
1091.7496206760406, 1792.0620260655533, 1574.55355268976
1092.2452938556671, 1792.3013941706026, 1574.8532896391202
1092.7519364356995, 1791.7625095752344, 1575.0457453936142
1093.0541594028473, 1791.7625095752344, 1575.0457453936142
1093.765254497528, 1792.2493000312834, 1575.1953736075877
1094.2270183563232, 1792.1295575473653, 1575.1620141699038
1094.7396457195282, 1791.8370532342649, 1574.9200247254244
1095.2423014640808, 1792.6879207662469, 1575.200613898639
1095.5694229602814, 1792.6879207662469, 1575.200613898639
1096.053129196167, 1792.6879207662469, 1575.200613898639
1096.56276345253, 1792.6879207662469, 1575.200613898639
1097.061452627182, 1792.6879207662469, 1575.200613898639
1097.5710628032684, 1792.6879207662469, 1575.200613898639
1098.23628115654, 1792.8100813260162, 1574.5081164298274
1098.7598805427551, 1792.2259927506843, 1574.7823685767626
1099.340327501297, 1792.3008859863996, 1574.8903625540365
1099.7671806812286, 1792.6557661220997, 1574.6066532799991
1100.2907795906067, 1792.87893452133, 1575.2005699446754
1100.7944343090057, 1792.492718978428, 1575.3648006384515
1101.363685131073, 1791.9716441769442, 1574.4026697777758
1101.8239436149597, 1792.2819406337023, 1574.8522109527319
1102.331573009491, 1792.0213845528583, 1574.210767708985
1102.8274021148682, 1792.630993900067, 1574.5674698287776
1103.3203670978546, 1791.7880815167887, 1574.9303215683633
1103.8090643882751, 1792.1854852164845, 1574.4560014031197
1104.3366510868073, 1792.3816842127103, 1574.4584929763016
1104.6617805957794, 1792.3816842127103, 1574.4584929763016
1105.3100440502167, 1792.0943346129734, 1574.76579079526
1105.8486015796661, 1791.7766984787206, 1573.720922516535
1106.393144607544, 1792.3845516508472, 1574.6042188449765
1106.6803741455078, 1792.3845516508472, 1574.6042188449765
1107.3844890594482, 1792.3766896393777, 1573.838657269744
1107.6467859745026, 1792.3766896393777, 1573.838657269744
1108.326964378357, 1792.5057362396503, 1574.3678454360897
1108.8475704193115, 1791.8644010805601, 1574.2625667414522
1109.168711423874, 1791.8644010805601, 1574.2625667414522
1109.6643824577332, 1791.8644010805601, 1574.2625667414522
1110.1570637226105, 1791.8644010805601, 1574.2625667414522
1110.8153004646301, 1792.860608544496, 1575.6650556182228
1111.3478744029999, 1792.0063540960848, 1573.2024864510122
1111.6590404510498, 1792.0063540960848, 1573.2024864510122
1112.1527433395386, 1792.0063540960848, 1573.2024864510122
1112.8109548091888, 1792.1573486422155, 1573.68183538186
1113.3495125770569, 1791.9951410700016, 1574.7563242258668
1113.8212497234344, 1792.0876064587637, 1574.1301850014715
1114.1593444347382, 1792.0876064587637, 1574.1301850014715
1114.6560139656067, 1792.0876064587637, 1574.1301850014715
1115.3461654186249, 1791.8286964510537, 1574.368937976644
1115.9136457443237, 1791.6493137617483, 1573.7023834058814
1116.200876235962, 1791.6493137617483, 1573.7023834058814
1116.8112432956696, 1792.6344790482456, 1573.3218100686793
1117.1623013019562, 1792.6344790482456, 1573.3218100686793
1117.80956864357, 1791.919382650272, 1575.1060627757643
1118.3221952915192, 1792.2205241354714, 1575.1982189116711
1118.8148753643036, 1792.5588164462536, 1574.9190094527617
1119.1509764194489, 1792.5588164462536, 1574.9190094527617
1119.814199924469, 1792.3476271087873, 1574.8800939786672
1120.324832201004, 1791.6632029857153, 1574.7757522999557
1120.671903371811, 1791.6632029857153, 1574.7757522999557
1121.1406471729279, 1791.6632029857153, 1574.7757522999557
1121.6442980766296, 1791.6632029857153, 1574.7757522999557
1122.1409685611725, 1791.6632029857153, 1574.7757522999557
1122.8081812858582, 1788.953026477589, 1575.2042679677413
1123.1472737789154, 1788.953026477589, 1575.2042679677413
1123.854378938675, 1815.4633894243132, 1577.0023572021453
1124.400915145874, 1770.169545105955, 1607.5070566466384
1124.8297669887543, 1793.997029693881, 1589.8698366713213
1125.397246837616, 3987.3079522387543, 89.98858597884926
1125.9278256893158, 3390.9632054983335, 1568.3660236219905
1126.260933637619, 3390.9632054983335, 1568.3660236219905
1126.9101951122284, 3623.5806901148244, 81155.53316646046
1127.3919053077698, 3527.0165279527537, 536.9115345635357
1127.9384479522705, 3332.846659972846, 357.27335746314844
1128.277538061142, 3332.846659972846, 357.27335746314844
1128.9128370285034, 3611.018189625738, 1060.098576260871
1129.2549216747284, 3611.018189625738, 1060.098576260871
1129.9410841464996, 3653.7555272795103, 557.378070136723
1130.284164428711, 3653.7555272795103, 557.378070136723
1130.8446629047394, 3616.3138149858496, 730.4016260371942
1131.3692588806152, -75385.64041108181, 1149.8126411737724
1131.7133367061615, -75385.64041108181, 1149.8126411737724
1132.545110464096, 3322.7988742317752, 484.80780186842674
1133.438717842102, 3666.8385898604292, 493.96530224719976
1133.8137118816376, 3666.8385898604292, 493.96530224719976
1134.4450211524963, -225795.57816394125, 745.5469489326199
1134.7502040863037, -225795.57816394125, 745.5469489326199
1135.3994653224945, 2359.929210022358, -641.6974833216757
1135.9210681915283, 3575.8071607345773, 16.649003683496034
1138.3316192626953, 1680.3640729372812, 224.77586947305542
1138.883141040802, 2498.4763766529086, 265.73069678201506
1139.2152507305145, 2498.4763766529086, 265.73069678201506
1139.9891805648804, 2632.6935924229965, 1391.0992410749595
1140.3561956882477, 2632.6935924229965, 1391.0992410749595
1140.8877725601196, 3963.1246223363205, 774.3656711418619
1141.3754658699036, 3611.095859919523, 376.28069825063864
1141.696605682373, 3611.095859919523, 376.28069825063864
1142.379775762558, 3404.285292123121, 260.12476430864615
1142.7248528003693, 3404.285292123121, 260.12476430864615
1143.3671329021454, 3365.0417691569346, 1403.8409838504072
1143.7261714935303, 3365.0417691569346, 1403.8409838504072
1144.2308187484741, 3365.0417691569346, 1403.8409838504072
1144.8541505336761, 3468.7234271861707, 617.0013921750088
1145.2042136192322, 3468.7234271861707, 617.0013921750088
1145.9222283363342, 2444.9416797586696, 561.9604928189319
1146.490999698639, 2045.8008519838552, 118.45606389845103
1147.0854692459106, 1952.208190064178, 1376.4853539584926
1148.024980545044, 2103.683455652255, 350.0332106837329
1148.8848330974579, 2418.9713814273855, 470.3493892620006
1149.6249680519104, 1107.9725531532463, 853.1141898866642
1150.222930431366, 1293.1360153966384, 267.47320432841116
1150.6986944675446, 1311.860332068877, -158.89434606108662
1151.0974905490875, 3146.1800741416737, 2516.834173827377
1151.6726779937744, 315.2748454310882, 2184.7199261342525
1152.0292148590088, 315.2748454310882, 2184.7199261342525
1152.6052010059357, 315.2748454310882, 2184.7199261342525
1153.0246772766113, 315.2748454310882, 2184.7199261342525
1153.7499034404755, 3092.3497902001527, 2517.9435076451637
1154.282124042511, 2764.161737272887, 1180.0261062959655
1155.6934530735016, 3157.0380235072453, 28.921746192100578
1156.472107410431, 3630.5552919249835, -180.36639074522196
1157.261881351471, 3292.791764829354, 26517.662733603294
1157.8165047168732, 3038.0110337807537, -1642.2486420660744
1158.150609254837, 3038.0110337807537, -1642.2486420660744
1159.2989325523376, 3845.042654661613, 2762.469444248505
1160.335385799408, 2955.679859834717, 2854.2555607919835
1160.6765348911285, 2955.679859834717, 2854.2555607919835
1161.3252317905426, -278.5306909661098, 98.26945609600844
1161.6842694282532, -278.5306909661098, 98.26945609600844
1162.361456155777, 5169.322634156647, 2477.54552321116
1162.7204937934875, 5169.322634156647, 2477.54552321116
1163.3348486423492, 621.086724585134, 2076.542318334484
1163.699871301651, 621.086724585134, 2076.542318334484
1164.1775925159454, 621.086724585134, 2076.542318334484
1164.7196519374847, 621.086724585134, 2076.542318334484
1165.4516954421997, -358.04025980974023, 2723.147510773709
1165.9334013462067, 25.304240770720277, 2590.9712121931025
1166.1917102336884, 25.304240770720277, 2590.9712121931025
1166.888842344284, 417.5161764517194, 1686.820474468074
1167.1910347938538, 417.5161764517194, 1686.820474468074
1167.7266011238098, 417.5161764517194, 1686.820474468074
1168.3768587112427, 151.02027079943326, 2867.783904576889
1168.7797782421112, 151.02027079943326, 2867.783904576889
1169.2365555763245, 151.02027079943326, 2867.783904576889
1169.6933329105377, 151.02027079943326, 2867.783904576889
1170.3655316829681, 653.5391692594538, 1744.0111219175353
1170.854222536087, 139.56086480628636, 2894.7633179843424
1171.3838047981262, 214.54023821309642, 1547.0471691787368
1171.6889867782593, 214.54023821309642, 1547.0471691787368
1172.356199979782, 67.77667627538123, 1975.660239515687
1172.8389077186584, 38.5422142010323, 2575.2084434745752
1174.439620733261, 595.4716758286203, 1978.2562616836888
1174.6979327201843, 595.4716758286203, 1978.2562616836888
1175.3262457847595, 1689.9581531430492, 1258.4289272396522
1175.8737790584564, 990.1967159912508, 2350.229586928769
1176.3435218334198, 750.34141132445, 2245.3737630014048
1176.8760952949524, 871.543065323759, 2162.0165144949083
1177.3478317260742, -91004.93924086657, 2546.6298452447213
1177.7038779258728, -91004.93924086657, 2546.6298452447213
1178.3272092342377, 906.8390478257678, 2365.956101860558
1178.7111806869507, 906.8390478257678, 2365.956101860558
1179.1889011859894, 906.8390478257678, 2365.956101860558
1179.6845741271973, 906.8390478257678, 2365.956101860558
1180.188224554062, 906.8390478257678, 2365.956101860558
1180.8793740272522, 467.9688401054307, 2343.8567169277194
1181.2354199886322, 467.9688401054307, 2343.8567169277194
1181.951502084732, 39.17813947589812, 2537.1952067667685
1182.2257678508759, 39.17813947589812, 2537.1952067667685
1182.932873725891, 489.5263858061814, 2701.111840939952
1183.4255540370941, 654.4722846428634, 2704.433066518708
1183.862384557724, 540.5795551732199, 2946.890924857666
1184.1994814872742, 540.5795551732199, 2946.890924857666
1184.8647000789642, 850.5544710681011, 2405.499997670805
1185.1988053321838, 850.5544710681011, 2405.499997670805
1185.6934804916382, 850.5544710681011, 2405.499997670805
1186.1841661930084, 850.5544710681011, 2405.499997670805
1186.8693315982819, 694.1538419459185, 2908.460938249129
1187.4108815193176, 461.16855645339285, 2458.848649626016
1187.8626713752747, 574.2183088697154, 2770.7634716824355
1188.359341621399, 420.9574450863449, 2280.2897394234506
1188.890917301178, 711.8077211522229, 2909.895363370532
1189.372628211975, 716.1453035478222, 2962.1812868856396
1189.6827957630157, 716.1453035478222, 2962.1812868856396
1190.1904368400574, 716.1453035478222, 2962.1812868856396
1190.696082830429, 716.1453035478222, 2962.1812868856396
1191.20272564888, 716.1453035478222, 2962.1812868856396
1191.8489944934845, 583.2565991765512, 2922.1102279263446
1192.3566346168518, 653.2655160049352, -52547.24471116709
1192.732628107071, 653.2655160049352, -52547.24471116709
1193.3080883026123, 689.1587545511436, 2526.201507345098
1193.86758852005, 587.2691507432775, 2148.4432685074503
1194.3822100162506, 619.4133215507107, 2745.196314894624
1194.8389871120453, 578.1061998229605, 2850.78473867756
1195.1860575675964, 578.1061998229605, 2850.78473867756
1195.698683977127, 578.1061998229605, 2850.78473867756
1196.3609116077423, 597.0909874024186, 2906.481610800677
1196.6750695705414, 597.0909874024186, 2906.481610800677
1197.1617662906647, 597.0909874024186, 2906.481610800677
1197.7930755615234, 502.29264167645846, 2926.434465447782
1198.330635547638, 365.79570630670923, 2145.2610448642595
1198.6747148036957, 365.79570630670923, 2145.2610448642595
1199.193324804306, 365.79570630670923, 2145.2610448642595
1199.8296208381653, 625.1032769362783, 2043.6398874901818
1200.188658952713, 625.1032769362783, 2043.6398874901818
1200.6953415870667, 625.1032769362783, 2043.6398874901818
1201.1870248317719, 625.1032769362783, 2043.6398874901818
1201.844293832779, 348.6082781067463, 2277.14305471421
1202.3259744644165, 654.379869645016, 2419.3057649444604
1202.679029226303, 654.379869645016, 2419.3057649444604
1203.1737477779388, 654.379869645016, 2419.3057649444604
1203.6674242019653, 654.379869645016, 2419.3057649444604
1204.3286550045013, 3306.8825967211296, 8000.818230974951
1204.886161327362, 2188.319839578727, 2907.479234620544
1205.885485649109, 2324.0504237845507, 2708.323831778136
1206.3741760253906, 2296.0350111234548, 3032.409126925476
1206.89976811409, 2101.241636301453, 2543.9062008153187
1207.2139265537262, 2101.241636301453, 2543.9062008153187
1208.4027421474457, 1978.9428546114973, 2677.3403983428198
1208.7059314250946, 1978.9428546114973, 2677.3403983428198
1209.2335188388824, 1978.9428546114973, 2677.3403983428198
1211.3468825817108, 2144.902705848836, 3084.4283836448512
1211.90837931633, 3313.5218903590003, 2352.9178265740156
1212.2544522285461, 3313.5218903590003, 2352.9178265740156
1212.7600982189178, 3313.5218903590003, 2352.9178265740156
1213.2477922439575, 3313.5218903590003, 2352.9178265740156
1213.8152720928192, 1011.646545316723, 2790.4497363050928
1215.3740978240967, 912.6677530694617, 2912.4999999999836
1215.6982293128967, 912.6677530694617, 2912.4999999999836
1216.3644449710846, 908.844168951501, 2840.2295768528384
1216.8441607952118, 970.807504456179, 2307.7962497511253
1217.387704372406, 1373.571858948528, 3031.060797301623
1217.8534569740295, 1151.187016221401, 2915.151219302126
1218.3760573863983, 854.2145388320114, 2787.567894775167
1218.682237625122, 854.2145388320114, 2787.567894775167
1219.168933391571, 854.2145388320114, 2787.567894775167
1219.681560754776, 854.2145388320114, 2787.567894775167
1220.3477766513824, 998.4268697979808, 2517.691767359556
1220.9142594337463, 992.4939135442272, 2764.4753777005426
1221.3560764789581, 1004.4856198108507, 2665.365784258953
1221.8806729316711, 1335.7703259319883, 2674.584781322817
1222.153939962387, 1335.7703259319883, 2674.584781322817
1222.866031885147, 1769.478079988806, 2565.4817065736606
1223.424601316452, 1592.254258852147, 2849.9155077654127
1223.7547180652618, 1592.254258852147, 2849.9155077654127
1224.3581054210663, 1308.731413294372, 2983.6839418435657
1224.705573797226, 1308.731413294372, 2983.6839418435657
1225.3848059177399, 1335.8887674963487, 2860.7310959821275
1225.8627440929413, 796.574190649865, 2428.999509220283
1226.192370414734, 796.574190649865, 2428.999509220283
1226.9064586162567, 418.4660117764168, 2588.837609809923
1227.4091110229492, 993.4359151935033, 2636.4189328118473
1227.8579094409943, 775.1797976045822, 2431.425824912549
1228.1760580539703, 775.1797976045822, 2431.425824912549
1228.71062541008, 775.1797976045822, 2431.425824912549
1229.3828251361847, 952.4005072449353, 2607.9096271384487
1229.8765032291412, 1643.6843140580079, 2571.727904661915
1230.437001466751, 914.3428583779059, 2410.614825208074
1230.7112669944763, 914.3428583779059, 2410.614825208074
1231.2707407474518, 914.3428583779059, 2410.614825208074
1231.7694053649902, 914.3428583779059, 2410.614825208074
1232.9143407344818, 475.78023210763325, 153.32305071817652
1233.4244558811188, 523.571336424803, 1036.2441946191616
1233.7538311481476, 523.571336424803, 1036.2441946191616
1234.2644639015198, 523.571336424803, 1036.2441946191616
1234.9276888370514, 467.3765796717183, 1408.3871443458695
1235.388453245163, 278.9710779495787, 1516.99556073098
1235.714581489563, 278.9710779495787, 1516.99556073098
1236.198284626007, 278.9710779495787, 1516.99556073098
1236.872478723526, 490.41797410627447, 1151.738365368109
1237.5666971206665, 729.8572829947146, 1467.4630250644739
1238.3252124786377, 729.8572829947146, 1467.4630250644739
1238.8500368595123, 729.8572829947146, 1467.4630250644739
1239.3632719516754, 446.6623805796757, 633.9276270179786
1239.7406425476074, 446.6623805796757, 633.9276270179786
1240.2819192409515, 446.6623805796757, 633.9276270179786
1240.7556500434875, 446.6623805796757, 633.9276270179786
1241.4072966575623, 5288.152780505275, 1731.961281107453
1241.7315402030945, 5288.152780505275, 1731.961281107453
1242.4737091064453, -187127.68967551313, 1605.585156107785
1242.9511017799377, 3732.09113289473, 2282.364753083982
1243.5058841705322, 3502.582872687918, 197.41602415337704
1243.9662942886353, 3689.171414870349, 1637.0853645013237
1244.5307834148407, 3894.0765553485458, 1566.8943036224648
1244.8628935813904, 3894.0765553485458, 1566.8943036224648
1245.3436059951782, 3894.0765553485458, 1566.8943036224648
1245.9758884906769, 2192.922891772485, -288.2480121034524
1246.3150022029877, 2192.922891772485, -288.2480121034524
1247.1865079402924, 3252.9593573432044, 1422.5789427566472
1248.0546181201935, 3252.9593573432044, 1422.5789427566472
1248.673959493637, 3154.7070408098193, 1736.162519912375
1248.9851262569427, 3154.7070408098193, 1736.162519912375
1249.6583228111267, 2947.384334315304, 1264.74583705958
1250.1938886642456, 3378.9092721037237, 1573.4905974469063
1250.7065153121948, 2585.6251637179307, 1507.3853507180354
1251.0186796188354, 2585.6251637179307, 1507.3853507180354
1251.4924108982086, 2585.6251637179307, 1507.3853507180354
1252.1376824378967, 2248.1247069847036, 2003.7993192443398
1252.4887521266937, 2248.1247069847036, 2003.7993192443398
1252.966463804245, 2248.1247069847036, 2003.7993192443398
1253.6446487903595, 1474.8958522360342, 574.488755438186
1254.2031514644623, 1250.3858235674318, 1282.705695120849
1254.7925724983215, 683.4649997777548, 1332.6983082572915
1255.6672303676605, 2915.525365780872, 32176.682753301837
1256.31649184227, 3971.290644455394, 1472.5715042908193
1257.1352987289429, 3971.290644455394, 1472.5715042908193
1257.558166027069, 3971.290644455394, 1472.5715042908193
1258.048851966858, 3971.290644455394, 1472.5715042908193
1258.540535211563, 3971.290644455394, 1472.5715042908193
1259.0481750965118, 3971.290644455394, 1472.5715042908193
1259.5528237819672, 3971.290644455394, 1472.5715042908193
1260.1400151252747, 2994.0483419401826, 1565.126065751407
1260.5236308574677, 2994.0483419401826, 1565.126065751407
1261.2228307724, 2953.5058030547393, 70.99568525877308
1261.7490963935852, 3108.9222102556623, 1422.4088995452098
1262.2188370227814, 2152.1240815360948, 1074.8127429753713
1262.773353099823, 3577.7469900624897, 1324.7720842095375
1263.0815267562866, 3577.7469900624897, 1324.7720842095375
1263.73677277565, 3075.616061022052, 757.8897603554656
1264.227457523346, 3360.732392429175, 1379.2088027753653
1264.5515909194946, 3360.732392429175, 1379.2088027753653
1265.034296989441, 3360.732392429175, 1379.2088027753653
1265.7394094467163, 3906.791111569776, 139.6049992607626
1266.052571773529, 3906.791111569776, 139.6049992607626
1266.5292932987213, 3906.791111569776, 139.6049992607626
1267.0239696502686, 3906.791111569776, 139.6049992607626
1267.5186438560486, 3906.791111569776, 139.6049992607626
1268.0272822380066, 3906.791111569776, 139.6049992607626
1269.1981463432312, 3526.469058778443, 315.91170635065646
1269.54820895195, 3526.469058778443, 315.91170635065646
1270.1835088729858, 3647.3242599953073, 140.09579641102056
1270.7170960903168, 3949.43442071988, 801.5019648606153
1271.1788413524628, -15.389650519668905, 1155.6003610550517
1271.7004444599152, 2954.837702411579, 164.9356891651073
1272.207115650177, 3022.030169304392, 198.22911780892554
1272.7057514190674, 3075.994660119288, 190.700498559656
1273.0059480667114, 3075.994660119288, 190.700498559656
1273.717043876648, 3082.0323622753776, 205.0929146970166
1274.2994842529297, 1641.7112282076293, 573.6939661678765
1274.5847487449646, 1641.7112282076293, 573.6939661678765
1275.0704185962677, 1641.7112282076293, 573.6939661678765
1275.6807842254639, 3076.0374970240787, 187.7130764718351
1276.030846118927, 3076.0374970240787, 187.7130764718351
1276.6661791801453, 3079.2126246373723, 186.34241119314424
1277.137880563736, 3077.11159219551, 203.90992910255625
1277.6774368286133, 3076.9007716542133, 191.77986806403968
1278.18208527565, 3388.519545976389, 1528.4972669103154
1278.531150817871, 3388.519545976389, 1528.4972669103154
1279.0268232822418, 3388.519545976389, 1528.4972669103154
1279.5155138969421, 3388.519545976389, 1528.4972669103154
1280.173751115799, 6137.896588390651, 916.333543679666
1280.6923623085022, 3895.1144054228303, 211.86477331995377
1281.2648284435272, 3975.6821376855532, -587.1635775720408
1282.7169396877289, 2472.1436417948594, 1555.719839927991
1283.0101552009583, 2472.1436417948594, 1555.719839927991
1283.673411846161, 2437.5054237307445, 236.27633332759217
1284.1411588191986, 2197.9680124166916, 197.26909038958647
1284.4782855510712, 2197.9680124166916, 197.26909038958647
1284.9779183864594, 2197.9680124166916, 197.26909038958647
1285.473624944687, 2197.9680124166916, 197.26909038958647
1286.1188621520996, 1989.9584308144774, 208.20567276553922
1286.4759094715118, 1989.9584308144774, 208.20567276553922
1286.9725759029388, 1989.9584308144774, 208.20567276553922
1287.476227760315, 1989.9584308144774, 208.20567276553922
1288.145435333252, 1979.4024253808432, 209.548823138103
1288.7009465694427, 1970.826459578428, 208.54532469222903
1288.9951593875885, 1970.826459578428, 208.54532469222903
1289.6942865848541, 1957.2554631167911, 213.03116531784488
1290.0174224376678, 1957.2554631167911, 213.03116531784488
1290.6836373806, 1875.618890807147, 210.5777436436556
1291.1683387756348, 1834.7008832449908, 193.74129844105678
1291.4854891300201, 1834.7008832449908, 193.74129844105678
1292.1417324543, 1944.6508209676995, 197.67500262810242
1292.6772978305817, 1934.156118878744, 197.27037197918997
1293.1280899047852, 2001.9706512894788, 216.60295835176836
1293.6646547317505, 2039.4070167082175, 210.71880315447717
1294.1453652381897, 2040.3261910222982, 217.93632081431338
1294.6779391765594, 2045.2891275042164, 209.1869694305339
1294.9731771945953, 2045.2891275042164, 209.1869694305339
1295.470815896988, 2045.2891275042164, 209.1869694305339
1295.9744675159454, 2045.2891275042164, 209.1869694305339
1296.6965339183807, 2052.0770990011824, 208.44149831929877
1297.2221257686615, 2043.8452431491335, 206.33487520354518
1297.544263601303, 2043.8452431491335, 206.33487520354518
1298.0020370483398, 2043.8452431491335, 206.33487520354518
1298.4857420921326, 2043.8452431491335, 206.33487520354518
1298.9006333351135, 2050.3761522551376, 210.2693035946521
1299.0981016159058, 2050.3761522551376, 210.2693035946521
1299.6197044849396, 2042.8161919875188, 196.52154163205242
1299.7374217510223, 2042.8161919875188, 196.52154163205242
1300.0894467830658, 2047.809456923493, 202.15910194922168
1300.405601978302, 2047.4135840368078, 208.23999495960888
1300.9740769863129, 2047.4135840368078, 208.23999495960888
1301.403925895691, 2047.4135840368078, 208.23999495960888
1301.525600194931, 2047.4135840368078, 208.23999495960888
1301.8218064308167, 2049.601884627399, 208.63718482291915
1302.1220033168793, 2047.3293520954255, 203.43613208771242
1302.4321722984314, 2046.808347894824, 217.918107817212
1302.7403473854065, 2051.3785484514206, 205.20607293207033
1302.9637489318848, 2051.3785484514206, 205.20607293207033
1303.6718518733978, 2049.3878572798126, 198.16082255004477
1303.991994380951, 2049.3878572798126, 198.16082255004477
1304.4747018814087, 2049.3878572798126, 198.16082255004477
1305.146903038025, 2047.7304008543945, 213.51066617425045
1305.2905175685883, 2047.7304008543945, 213.51066617425045
1305.6435718536377, 2043.341428826831, 210.0130485944753
1305.9288077354431, 2047.363101597661, 203.13681751289516
1306.0704281330109, 2047.363101597661, 203.13681751289516
1306.2180345058441, 2047.363101597661, 203.13681751289516
1306.583055973053, 2040.8416081618107, 209.2867100407802
1306.7226812839508, 2040.8416081618107, 209.2867100407802
1307.2143652439117, 2045.3764893929476, 214.39997217874696
1307.712033033371, 2045.134666349804, 215.17926315175825
1307.983304977417, 2045.134666349804, 215.17926315175825
1308.6634831428528, 2047.9314470394022, 217.87869130310244
1308.9676699638367, 2047.9314470394022, 217.87869130310244
1309.4932618141174, 2047.9314470394022, 217.87869130310244
1310.1914067268372, 3845.4006923273873, 2954.6991419357178
1310.8256940841675, 3956.0103617766817, 2815.6054875282216
1311.224624156952, 3845.426776771392, 2305.9887410629403
1312.1990158557892, 3949.6148323917846, 2463.1230538921604
1312.7425587177277, 3821.18531330915, 2451.2626586643673
1313.0267984867096, 3821.18531330915, 2451.2626586643673
1313.5434157848358, 3821.18531330915, 2451.2626586643673
1314.0331032276154, 3821.18531330915, 2451.2626586643673
1314.8080282211304, 2137.777951983466, 746.6963347774722
1315.100245475769, 2137.777951983466, 746.6963347774722
1315.6088836193085, 2137.777951983466, 746.6963347774722
1316.1893281936646, 1840.5970974637394, 1974.8606043276902
1316.7248945236206, 1833.7422847880928, 1968.565312904526
1316.9782435894012, 1833.7422847880928, 1968.565312904526
1317.6853384971619, 1844.8424115161115, 1971.8879242768598
1318.1331470012665, 1846.3493938628092, 1984.1055008945036
1318.4801931381226, 1846.3493938628092, 1984.1055008945036
1319.1713418960571, 3954.1605250519888, 2871.3329302791776
1319.5473363399506, 3954.1605250519888, 2871.3329302791776
1320.0110931396484, 3954.1605250519888, 2871.3329302791776
1320.5177536010742, 3954.1605250519888, 2871.3329302791776
1321.1281197071075, 1798.6957429164208, 1974.9187964948028
1321.6836318969727, 1798.2762170471553, 1965.951134831696
1321.9878175258636, 1798.2762170471553, 1965.951134831696
1322.4765086174011, 1798.2762170471553, 1965.951134831696
1322.9811570644379, 1798.2762170471553, 1965.951134831696
1323.7002310752869, 1801.66930460182, 1970.2005058748623
1324.011398077011, 1801.66930460182, 1970.2005058748623
1324.4123239517212, 1801.66930460182, 1970.2005058748623
1324.695565700531, 1795.939714362047, 1981.56899159067
1325.1673362255096, 1798.221605502729, 1976.415595887734
1325.6739802360535, 1791.9289221314393, 1976.3228522468287
1326.122777223587, 1794.2731157589621, 1981.2898671337261
1326.6563489437103, 1795.5789749474447, 1983.410890494744
1326.9764912128448, 1795.5789749474447, 1983.410890494744
1327.684594631195, 1801.754889895977, 1966.0851286315344
1328.1633129119873, 1799.9482096461766, 1978.680635115273
1328.4954252243042, 1799.9482096461766, 1978.680635115273
1329.1387000083923, 1793.8243265047763, 1975.1376990009442
1329.4897603988647, 1793.8243265047763, 1975.1376990009442
1330.1290488243103, 1785.8810899032785, 1978.2892674583272
1330.6775796413422, 1796.3109121468985, 1976.3471928629667
1330.9817655086517, 1796.3109121468985, 1976.3471928629667
1331.4834206104279, 1796.3109121468985, 1976.3471928629667
1332.193519115448, 1801.4522268558578, 1969.7016663928073
1332.7151219844818, 1796.6573364401443, 1974.4806298256833
1333.1649177074432, 1795.320358529187, 1973.3538903719946
1333.4860570430756, 1795.320358529187, 1973.3538903719946
1333.9936978816986, 1795.320358529187, 1973.3538903719946
1334.6469478607178, 1793.2724519582919, 1981.052254337494
1335.1256663799286, 1795.9996519473561, 1976.0543480006527
1335.6781868934631, 1798.7206169254396, 1973.4778257108153
1335.9833710193634, 1798.7206169254396, 1973.4778257108153
1336.6625509262085, 1797.8820674714916, 1966.224002441443
1336.9677324295044, 1797.8820674714916, 1966.224002441443
1337.6688559055328, 1793.1420033143288, 1973.4721663748992
1338.1605381965637, 1788.7800854154696, 1966.7178762112299
1338.6671817302704, 1794.550661894996, 1982.814857845442
1339.1519179344177, 1795.046899803605, 1977.1762677691438
1339.4969940185547, 1795.046899803605, 1977.1762677691438
1340.1542346477509, 1799.545788481811, 1976.7318546132478
1340.4933257102966, 1799.545788481811, 1976.7318546132478
1340.9690525531769, 1799.545788481811, 1976.7318546132478
1341.6562111377716, 1800.7419677034554, 1986.2808934218633
1342.1349291801453, 1803.620362650578, 1972.0657589795942
1342.6615183353424, 1780.8893621370457, 1973.9717926729263
1343.1232817173004, 1795.3805636712443, 1978.0321134691028
1343.4803264141083, 1795.3805636712443, 1978.0321134691028
1343.982979297638, 1795.3805636712443, 1978.0321134691028
1344.4826414585114, 1795.3805636712443, 1978.0321134691028
1344.9813058376312, 1795.3805636712443, 1978.0321134691028
1345.4779756069183, 1795.3805636712443, 1978.0321134691028
1346.0005762577057, 1795.3805636712443, 1978.0321134691028
1346.4832835197449, 1795.3805636712443, 1978.0321134691028
1347.1145923137665, 1793.9293141014405, 1975.8893516566973
1347.4846341609955, 1793.9293141014405, 1975.8893516566973
1347.9952657222748, 1793.9293141014405, 1975.8893516566973
1348.7831554412842, 1801.7314630955268, 1989.2465001965354
1349.0045623779297, 1801.7314630955268, 1989.2465001965354
1349.4733080863953, 1801.7314630955268, 1989.2465001965354
1350.1205739974976, 1804.8992711115402, 1975.8562737646232
1350.4885873794556, 1804.8992711115402, 1975.8562737646232
1351.1458277702332, 1795.4032772384119, 1968.2707908743403
1351.4719533920288, 1795.4032772384119, 1968.2707908743403
1351.9865748882294, 1795.4032772384119, 1968.2707908743403
1352.6398260593414, 1788.3951529028434, 1970.577961564254
1352.9709391593933, 1788.3951529028434, 1970.577961564254
1353.6461312770844, 1800.424218619395, 1975.6214106860273
1353.971260547638, 1800.424218619395, 1975.6214106860273
1354.4739139080048, 1800.424218619395, 1975.6214106860273
1354.977566242218, 1800.424218619395, 1975.6214106860273
1355.6070733070374, 1800.424218619395, 1975.6214106860273
1356.218430519104, 1798.8526105249455, 1974.9954839345567
1356.585448026657, 1798.8526105249455, 1974.9954839345567
1357.0801229476929, 1798.8526105249455, 1974.9954839345567
1357.7503607273102, 1793.7988876092043, 1978.7902141772438
1358.2250888347626, 1789.98241219281, 1987.5253558148024
1358.57914352417, 1789.98241219281, 1987.5253558148024
1359.227931022644, 1789.98241219281, 1987.5253558148024
1359.5768778324127, 1789.98241219281, 1987.5253558148024
1360.0625472068787, 1789.98241219281, 1987.5253558148024
1360.5681912899017, 1789.98241219281, 1987.5253558148024
1361.2164571285248, 1793.6239876544423, 1981.5943580971025
1361.7749607563019, 1797.9745034125438, 1980.396288023728
1362.1160461902618, 1797.9745034125438, 1980.396288023728
1362.7892429828644, 1796.1717904921027, 1973.84422002745
1363.2859139442444, 1796.5648524237135, 1975.3519817497852
1363.7955496311188, 1797.8876756870693, 1976.2851259960369
1364.2782580852509, 1795.6236305041946, 1974.1858985356323
1364.83975148201, 1793.3483906332558, 1975.362288264963
1365.1190044879913, 1793.3483906332558, 1975.362288264963
1365.813148021698, 1799.4336183166333, 1971.548132110522
1366.0929465293884, 1799.4336183166333, 1971.548132110522
1366.7828707695007, 1794.3022141211945, 1977.862698849387
1367.2536089420319, 1792.3303789801237, 1973.8040654368222
1367.7911689281464, 1795.8145211912467, 1974.025887627615
1368.095354795456, 1795.8145211912467, 1974.025887627615
1368.7565834522247, 1797.5912422963452, 1981.3880563164337
1369.2492654323578, 1797.4738422239686, 1979.9828295520406
1369.5983295440674, 1797.4738422239686, 1979.9828295520406
1370.2455971240997, 1798.103523353274, 1979.428960225094
1370.6009213924408, 1798.103523353274, 1979.428960225094
1371.2322309017181, 1796.6997395686774, 1973.8865433557
1371.5912733078003, 1796.6997395686774, 1973.8865433557
1372.0839545726776, 1796.6997395686774, 1973.8865433557
1372.5925924777985, 1796.6997395686774, 1973.8865433557
1373.2727751731873, 1796.3488154251827, 1976.4746415579268
1373.6198453903198, 1796.3488154251827, 1976.4746415579268
1374.2800776958466, 1799.6194214796055, 1978.591257473036
1374.6331329345703, 1799.6194214796055, 1978.591257473036
1375.2634449005127, 1793.247812503725, 1979.0113240761484
1375.6514065265656, 1793.247812503725, 1979.0113240761484
1376.2577815055847, 1796.1455345727024, 1977.2239324848772
1376.7813785076141, 1796.0741449672073, 1981.5973417439964
1377.2714343070984, 1796.9475417929084, 1970.0946114049755
1377.601550102234, 1796.9475417929084, 1970.0946114049755
1378.0932340621948, 1796.9475417929084, 1970.0946114049755
1378.7474813461304, 1799.32387406266, 1995.6960825551841
1379.0965461730957, 1799.32387406266, 1995.6960825551841
1379.7926812171936, 1791.2748408685156, 1984.1207423679357
1380.0948724746704, 1791.2748408685156, 1984.1207423679357
1380.595531463623, 1791.2748408685156, 1984.1207423679357
1381.0832254886627, 1791.2748408685156, 1984.1207423679357
1381.7514357566833, 1802.3359360277987, 1980.8098617075245
1382.0885331630707, 1802.3359360277987, 1980.8098617075245
1382.6131279468536, 1802.3359360277987, 1980.8098617075245
1383.2434413433075, 1801.4501395634613, 1981.0714158986511
1383.7740187644958, 1796.3750366645124, 1986.519574747381
1384.076209306717, 1796.3750366645124, 1986.519574747381
1384.6127727031708, 1796.3750366645124, 1986.519574747381
1385.096477508545, 1796.3750366645124, 1986.519574747381
1385.5981919765472, 1796.3750366645124, 1986.519574747381
1386.09685587883, 1796.3750366645124, 1986.519574747381
1386.741129875183, 1795.0490887710716, 1986.1326651353725
1387.0921890735626, 1795.0490887710716, 1986.1326651353725
1387.7773537635803, 1797.6297079598835, 1988.0038561391618
1388.2411122322083, 1789.8038623971674, 1978.1517471010961
1388.7716908454895, 1792.156760002759, 1982.3206431281653
1389.087844133377, 1792.156760002759, 1982.3206431281653
1389.7760028839111, 1797.947068869925, 1987.4681282321806
1390.089162826538, 1797.947068869925, 1987.4681282321806
1390.5978002548218, 1797.947068869925, 1987.4681282321806
1391.2390840053558, 1799.413758789026, 1974.5779191739887
1391.5941326618195, 1799.413758789026, 1974.5779191739887
1392.2862794399261, 1795.5152794414453, 1986.581948533148
1392.8056621551514, 1794.7538717082705, 1984.5681155471382
1393.1367585659027, 1794.7538717082705, 1984.5681155471382
1393.8081991672516, 1793.5739293901413, 1980.8598564701106
1394.2789385318756, 1798.1074506962675, 1983.2753561762577
1394.794557094574, 1793.5311308742682, 1985.694528413113
1395.314165353775, 1800.4558960526883, 1972.258313767798
1395.8237998485565, 1796.0096013821287, 1983.009401610089
1396.3124916553497, 1799.0221774755462, 1979.0854021524653
1396.8011841773987, 1790.5818598982191, 1967.8371126683853
1397.2779076099396, 1796.2863767998379, 1980.6532357391663
1397.7945222854614, 1802.3238059288067, 1986.8599761668177
1398.1226432323456, 1802.3238059288067, 1986.8599761668177
1398.6412546634674, 1802.3238059288067, 1986.8599761668177
1399.300488948822, 1795.5384359507577, 1985.9441287676207
1399.6246213912964, 1795.5384359507577, 1985.9441287676207
1400.2809810638428, 1798.7091671006797, 1984.198421131967
1400.655344247818, 1798.7091671006797, 1984.198421131967
1401.1375603675842, 1798.7091671006797, 1984.198421131967
1401.7878189086914, 1795.8007660999285, 1979.9927046165055
1402.3087503910065, 1795.4376043303428, 1979.9212832958651
1402.8273615837097, 1800.1935328263785, 1989.7516073060663
1403.2871503829956, 1792.84295747152, 1979.5532235483543
1403.8237125873566, 1794.0832550078426, 1976.0927290826014
1404.1328847408295, 1794.0832550078426, 1976.0927290826014
1404.6385304927826, 1794.0832550078426, 1976.0927290826014
1405.126225233078, 1794.0832550078426, 1976.0927290826014
1405.791443824768, 1801.5654675523224, 1986.7662924775686
1406.302075624466, 1804.5774858853738, 1983.219373915013
1406.8256726264954, 1797.6469816278254, 1977.127184523215
1407.1408290863037, 1797.6469816278254, 1977.127184523215
1407.676302433014, 1797.6469816278254, 1977.127184523215
1408.2754442691803, 1797.3505165324727, 1982.772558412975
1408.8864953517914, 1794.6801455481868, 1980.5152656949651
1409.3682053089142, 1793.0466758495495, 1981.9850546998996
1409.9167368412018, 1790.4060239224068, 1987.9273549757122
1410.151108264923, 1790.4060239224068, 1987.9273549757122
1410.821313381195, 1791.5838317019004, 1986.774711759462
1411.3034024238586, 1795.5508952749476, 1986.006237515093
1411.8339819908142, 1791.4073569153536, 1987.16511754882
1412.301730632782, 1793.8754640611983, 1982.2955121122895
1412.6338403224945, 1793.8754640611983, 1982.2955121122895
1413.2980606555939, 1793.6497287163022, 1989.645612699793
1413.8426027297974, 1791.8077320932066, 1981.797550350557
1414.315336227417, 1800.1936947227646, 1990.2898857764033
1414.9306890964508, 92.51027125188226, 59.21416467777004
1415.3226385116577, 1928.8437109505487, 1952.23841859137
1415.8801455497742, 100.76915532941828, 130.20266245676225
1416.4486238956451, 965.1837451342107, 122.59876647324978
1416.7428510189056, 965.1837451342107, 122.59876647324978
1417.2953565120697, 1792.4474612439196, 1986.2795941075567
1417.8516969680786, 1793.0255629839332, 1975.8638018108359
1418.3811206817627, 1792.4367732735725, 1980.342697839845
1418.6723408699036, 1792.4367732735725, 1980.342697839845
1419.1619188785553, 1792.4367732735725, 1980.342697839845
1419.667379617691, 1792.4367732735725, 1980.342697839845
1420.1678063869476, 1792.4367732735725, 1980.342697839845
1420.7952752113342, 1793.9943397201737, 1978.6252945627043
1421.164654493332, 1793.9943397201737, 1978.6252945627043
1421.6842632293701, 1793.9943397201737, 1978.6252945627043
1422.289516210556, 1792.4502228551537, 1983.661468525018
1422.8115873336792, 1796.7835493754285, 1979.8002095473262
1423.343148469925, 1795.9280687178218, 1992.048807844821
1423.8667459487915, 1799.1126650552392, 1985.9486919548267
1424.1629614830017, 1799.1126650552392, 1985.9486919548267
1424.6676349639893, 1799.1126650552392, 1985.9486919548267
1425.324872970581, 1798.9393098990392, 1970.767921205481
1425.6928899288177, 1798.9393098990392, 1970.767921205481
1426.1526563167572, 1798.9393098990392, 1970.767921205481
1426.8397636413574, 1797.1824278509446, 1986.149197060295
1427.3177859783173, 1800.4237405435433, 1989.9773860798573
1427.9556167125702, 1799.553007695931, 1989.116684097763
1428.2169160842896, 1799.553007695931, 1989.116684097763
1428.9149508476257, 1796.372281795517, 1982.405278073131
1429.4036417007446, 1802.2167924245164, 1990.921677767299
1429.6988515853882, 1802.2167924245164, 1990.921677767299
1430.338548898697, 1796.8674165185155, 1989.5851054470927
1430.8343107700348, 1797.4238931684554, 1976.2342756068376
1431.1903593540192, 1797.4238931684554, 1976.2342756068376
1431.907436132431, 1800.8598168075785, 1985.6253016088228
1432.4070973396301, 1804.0808889259035, 1986.917297972162
1432.719262123108, 1804.0808889259035, 1986.917297972162
1433.2052593231201, 1804.0808889259035, 1986.917297972162
1433.886220216751, 1797.2652543393917, 1980.7339254512087
1434.2226536273956, 1797.2652543393917, 1980.7339254512087
1434.8930037021637, 1804.8668424041969, 1990.509741240421
1435.419484615326, 1801.6624625813338, 1984.6985936260096
1435.696121454239, 1801.6624625813338, 1984.6985936260096
1436.3543581962585, 1798.7224317485602, 1989.939881670978
1436.8847534656525, 1799.5176926351762, 1979.1736698088612
1437.4715356826782, 1801.5601181594827, 1989.2229771133696
1437.7995517253876, 1801.5601181594827, 1989.2229771133696
1438.487858057022, 1816.778318163802, 1987.3655451656773
1438.9178926944733, 1821.1894331363696, 1979.2001114736227
1439.496218919754, 1818.9288939689484, 1990.1573957511528
1439.961920261383, 1823.0578930200502, 1989.189363575715
1440.473198890686, 1821.8068146460737, 1987.073582329587
1440.9499225616455, 1822.6559523754343, 1983.557584428146
1441.2949998378754, 1822.6559523754343, 1983.557584428146
1441.864908695221, 1822.6559523754343, 1983.557584428146
1442.5559556484222, 1825.5105659609962, 1989.6681224177028
1442.9456803798676, 1822.1804070195435, 1981.7295682341178
1443.294320821762, 1822.1804070195435, 1981.7295682341178
1443.9765875339508, 1824.5216960934106, 1988.6368288122035
1444.5407176017761, 1819.144017398359, 1985.172586956504
1444.9697365760803, 1821.6764352925013, 1992.0517858327462
1445.4888608455658, 1821.63285481643, 1995.0537992823954
1446.1153492927551, 1828.6928205307338, 1983.8706413883494
1446.6533246040344, 1828.7406512128762, 1980.2895763902118
1447.1855676174164, 1819.8109410642567, 1970.6957703985963
1447.7201356887817, 1821.226864101609, 1988.899009970101
1448.056236743927, 1821.226864101609, 1988.899009970101
1448.707771539688, 1821.7312597216771, 1983.934574713271
1449.191838979721, 1821.8681019562068, 1986.7325359238198
1449.5670099258423, 1821.8681019562068, 1986.7325359238198
1450.2671592235565, 1826.633469017863, 1974.4147770744612
1450.9902818202972, 1825.6932431668276, 1986.7498742783994
1451.488778591156, 1824.6363961257287, 1981.671989395669
1451.6732847690582, 1824.6363961257287, 1981.671989395669
1452.325698375702, 1821.7154496607686, 1985.3450915351696
1452.8716628551483, 1822.7712128609217, 1982.0416231044617
1453.103487253189, 1822.7712128609217, 1982.0416231044617
1453.6277775764465, 1822.7712128609217, 1982.0416231044617
1454.3748006820679, 1823.623348390962, 1985.0907164814416
1455.0017387866974, 1820.5688586704414, 1975.8082489944777
1455.309963464737, 1820.5688586704414, 1975.8082489944777
1455.9512469768524, 1825.0724094682244, 1985.41060880829
1456.3202576637268, 1825.0724094682244, 1985.41060880829
1456.9576528072357, 1822.821997470227, 1984.852233551144
1457.4695620536804, 1824.9193480649042, 1979.9499840883325
1458.0626504421234, 1823.1723937858878, 1990.1118707441449
1458.5690424442291, 1827.1250239663293, 1987.8085438748574
1459.1119666099548, 3989.3491029345446, 2591.610267668252
1459.4471292495728, 3989.3491029345446, 2591.610267668252
1460.6189913749695, 1823.8894076970246, 1985.9401681858192
1461.06263589859, 1824.5625699980799, 1991.451948488007
1461.596840620041, 1818.9458774198558, 1983.1880588899603
1462.070571422577, 1825.7088590562619, 1986.399077415372
1462.417641878128, 1825.7088590562619, 1986.399077415372
1463.0785491466522, 1825.9556078243816, 1981.4520004129463
1463.5995116233826, 1820.010918483741, 1987.7555273922562
1463.9066870212555, 1820.010918483741, 1987.7555273922562
1464.4143300056458, 1820.010918483741, 1987.7555273922562
1465.0920445919037, 1818.402630193116, 1979.9599200084551
1465.6207132339478, 1824.7461819446364, 1985.6609596610938
1466.1021745204926, 1819.8825474583996, 1988.4273087248625
1466.6979792118073, 1820.8896096103051, 1988.3400855596597
1467.1272103786469, 1820.8374477002728, 1988.027028732692
1467.4746680259705, 1820.8374477002728, 1988.027028732692
1468.0832698345184, 1826.9949390953925, 1987.960406746
1468.6547384262085, 1824.221249431197, 1993.6908193902295
1469.1145074367523, 1818.720694909856, 1983.2238444072177
1469.6640355587006, 1822.1519335745606, 1984.2477214781638
1469.9402966499329, 1822.1519335745606, 1984.2477214781638
1470.4200103282928, 1822.1519335745606, 1984.2477214781638
1470.9216663837433, 1822.1519335745606, 1984.2477214781638
1471.4183371067047, 1822.1519335745606, 1984.2477214781638
1472.0855491161346, 1821.5704594957074, 1983.541564168707
1472.6014726161957, 1826.5277612552377, 1984.9702915199653
1473.1788518428802, 1820.1136943280158, 1983.0098504551395
1473.815681695938, 1821.8623871894413, 1980.0468774935903
1474.211611032486, 1819.2918842396145, 1973.7034542574504
1474.6893310546875, 1826.649853162197, 1985.8968709730875
1474.9735698699951, 1826.649853162197, 1985.8968709730875
1475.6400482654572, 1824.979383876532, 1984.8194741034144
1476.1816029548645, 1825.2533428918784, 1979.2908349038923
1476.7436199188232, 1813.1803386109696, 1982.8638993533764
1477.1324212551117, 1826.6072169203198, 1991.6891205662612
1477.4834744930267, 1826.6072169203198, 1991.6891205662612
1478.1377029418945, 1823.6500869801341, 1994.896180745608
1478.4766826629639, 1823.6500869801341, 1994.896180745608
1479.111745595932, 1823.2032454692044, 1993.5494863428587
1479.7284588813782, 1823.8228826085194, 1986.7433445143338
1479.9768829345703, 1823.8228826085194, 1986.7433445143338
1480.6541032791138, 1805.023486064602, 1985.7346964454086
1480.9971849918365, 1805.023486064602, 1985.7346964454086
1481.719250202179, 2150.8302891872395, 584.3143275841161
1482.2159202098846, 2263.9689542033534, 394.91888098043864
1482.5729639530182, 2263.9689542033534, 394.91888098043864
1483.043702840805, 2263.9689542033534, 394.91888098043864
1483.5443983078003, 2263.9689542033534, 394.91888098043864
1484.0500423908234, 2263.9689542033534, 394.91888098043864
1484.7810862064362, 2297.3672063881036, 378.3119092496393
1485.0663204193115, 2297.3672063881036, 378.3119092496393
1485.5580039024353, 2297.3672063881036, 378.3119092496393
1486.0476925373077, 2297.3672063881036, 378.3119092496393
1486.5583243370056, 2297.3672063881036, 378.3119092496393
1487.0559911727905, 2297.3672063881036, 378.3119092496393
1487.7112402915955, 1819.5263663050232, 1912.578881317872
1488.1980514526367, 2296.9571621012483, 153.0322986199318
1489.2178001403809, 3432.5107914909595, -2568.365311874407
1489.5459175109863, 3432.5107914909595, -2568.365311874407
1490.0343732833862, 3432.5107914909595, -2568.365311874407
1490.5337829589844, 3432.5107914909595, -2568.365311874407
1491.2837274074554, 1821.0163653129955, 1991.7167911783429
1491.91495013237, 1823.1985482093567, 1991.5938435362134
1492.4832167625427, 1823.1985482093567, 1991.5938435362134
1493.1667139530182, 1827.423935481642, 1986.8243254288702
1493.498679637909, 1827.423935481642, 1986.8243254288702
1494.2470254898071, 1849.802711615692, 2000.330005629803
1494.7870221138, 1840.32996784049, 1986.7095676690167
1495.0862214565277, 1840.32996784049, 1986.7095676690167
1495.5689289569855, 1840.32996784049, 1986.7095676690167
1496.3378698825836, 2152.615117956355, 230.37562316379817
1496.6849393844604, 2152.615117956355, 230.37562316379817
1497.3760876655579, 2202.02194348628, 68.30752622861553
1497.8109233379364, 1843.8528499305098, 378.1498134689494
1498.097157716751, 1843.8528499305098, 378.1498134689494
1498.8267395496368, 1146.055143908944, 200.69349821181288
1499.2855107784271, 1632.0182550810182, 60.3194461918655
1499.8908894062042, 2156.891267803548, 73.4821876390044
1500.1870954036713, 2156.891267803548, 73.4821876390044
1500.6997230052948, 2156.891267803548, 73.4821876390044
1501.1804349422455, 2156.891267803548, 73.4821876390044
1501.8637506961823, 2138.424364887106, 500.7815787325961
1502.2031078338623, 2138.424364887106, 500.7815787325961
1502.7857451438904, 1823.9562581656226, 1983.6066116967536
1503.2195827960968, 1823.7030395953088, 1986.3473857783413
1503.7421839237213, 1811.5008443069746, 1977.5839884893762
1504.2278831005096, 2493.6231120713483, 1978.7365822852425
1504.7524774074554, 2517.435779929118, 1971.5166348482824
1505.242166519165, 2522.1399659538683, 1978.2986915299489
1505.8904626369476, 2135.604777636629, 100.25505359505242
1506.4529874324799, 2100.0771267040636, 111.09641406315536
1507.365285396576, 2062.0628819713124, 882.9902937125948
1507.6418416500092, 2062.0628819713124, 882.9902937125948
1508.1409435272217, 2062.0628819713124, 882.9902937125948
1508.6310291290283, 2062.0628819713124, 882.9902937125948
1509.1396675109863, 2062.0628819713124, 882.9902937125948
1509.8372304439545, 2157.946129194264, 85.50873185463563
1510.3845374584198, 2171.472150795757, 78.50577666746136
1510.667814731598, 2171.472150795757, 78.50577666746136
1511.3170754909515, 2227.4290684069324, 221.49585315533517
1511.834689617157, 2274.047389120607, 211.00777180026586
1512.1508429050446, 2274.047389120607, 211.00777180026586
1512.8310210704803, 2306.467937026302, 53.11999513917055
1513.345154762268, 191.2597132831371, 690.6360004211715
1513.8731696605682, 3083.4789887660477, 185.2054324417931
1514.1394548416138, 3083.4789887660477, 185.2054324417931
1514.6331324577332, 3083.4789887660477, 185.2054324417931
1515.1238186359406, 3083.4789887660477, 185.2054324417931
1515.822945356369, 2442.618187373369, 160.24106800195096
1516.285706281662, 3005.090354195709, 146.78715765945228
1516.6367659568787, 3005.090354195709, 146.78715765945228
1517.2291791439056, 3005.090354195709, 146.78715765945228
1517.8684678077698, 2255.689403861118, 298.23498625890045
1518.1666686534882, 2255.689403861118, 298.23498625890045
1518.9190771579742, -4799.887804147823, 24.78995702656424
1519.8875105381012, 2220.3417320975173, 612.2083149960118
1520.2487831115723, 2220.3417320975173, 612.2083149960118
1520.776751279831, 2220.3417320975173, 612.2083149960118
1521.3383340835571, 3275.70691476257, 401.38546041446057
1521.8698554039001, 3606.926164228785, 742.2450205604589
1522.2252864837646, 3606.926164228785, 742.2450205604589
1522.8532102108002, 1312.5451169514583, 539.6544366360147
1523.3947150707245, 1326.1465131099394, 16.457345030441928
1523.698403596878, 1326.1465131099394, 16.457345030441928
1524.3686096668243, 1472.942432387303, 185.46517058559624
1526.029405117035, 2034.9765760945215, 31.4594654557895
1526.4033472537994, 2034.9765760945215, 31.4594654557895
1529.0550694465637, 1396.2452711424446, 281.6180088023194
1531.5892586708069, 3643.3413734602245, 263.83422078608345
1532.1597573757172, 2108.3883387213573, 829.5487250210081
1532.6218678951263, 2439.3390191326407, 405.0973950063164
1533.0993900299072, 2183.782609231287, 1219.9262761399032
1533.61500954628, 2001.2276256495174, 706.9884469955849
1533.928171634674, 2001.2276256495174, 706.9884469955849
1534.4388053417206, 2001.2276256495174, 706.9884469955849
1535.1259636878967, 1871.1640618244544, 348.1690078212115
1535.6754910945892, 2174.1361098029715, 774.6215558242973
1535.9836659431458, 2174.1361098029715, 774.6215558242973
1537.6332488059998, 2090.947283352347, 934.7241656382267
1538.1448776721954, 2132.674685613322, 169.01565254185076
1538.6225981712341, 4467.756256153487, 2951.9833540917944
1538.9267830848694, 4467.756256153487, 2951.9833540917944
1539.4194638729095, 4467.756256153487, 2951.9833540917944
1540.1056261062622, 2098.355899596149, 139.46474550386134
1540.6521623134613, 2177.076962915951, 134.387772232293
1541.3283517360687, 2149.826557160359, 24.83972373325975
1542.1112542152405, 2169.5600727495744, 933.2478542146172
1542.4603207111359, 2169.5600727495744, 933.2478542146172
1544.5985922813416, 2147.9013341641325, 913.9285532628304
1545.080302476883, 2146.9274468844424, 129.32774997790543
1545.4333579540253, 2146.9274468844424, 129.32774997790543
1546.0985751152039, 1903.752649204767, 512.2850077689855
1546.6411216259003, 2161.32322418883, 289.27855464854645
1546.973300933838, 2161.32322418883, 289.27855464854645
1550.074993133545, 1339.4764044969343, 132.6812699924853
1550.4200685024261, 1339.4764044969343, 132.6812699924853
1551.130167722702, 2166.4795246494236, 298.325467219406
1551.4552962779999, 2166.4795246494236, 298.325467219406
1552.1045575141907, 2167.054822106228, 134.2790159766
1552.684005022049, 2132.863771582025, 36.677280159389234
1553.1148517131805, 2137.820279728732, 49.9637772757504
1553.6095271110535, 2365.8133770061468, 935.9446412792189
1554.1211559772491, 1040.2464725322277, 177.21527518367574
1554.702598810196, 2155.9327347054327, 186.75542607061521
1555.1494023799896, 2119.851131009022, 72.35958939262595
1555.5293862819672, 2119.851131009022, 72.35958939262595
1555.992145061493, 2119.851131009022, 72.35958939262595
1556.6284410953522, 2165.882293525511, 906.6491940448342
1557.1291007995605, 2106.3001030753453, 88.36805330566432
1557.4701879024506, 2106.3001030753453, 88.36805330566432
1558.1234374046326, 2120.1550769303167, 26.126378098906702
1558.6270883083344, 2132.956266301642, 300.673804630295
1559.1197996139526, 2140.062691056809, 332.66209699438514
1559.4957616329193, 2140.062691056809, 332.66209699438514
1560.0173649787903, 2140.062691056809, 332.66209699438514
1560.4751393795013, 2140.062691056809, 332.66209699438514
1561.1543190479279, 2133.6549773195816, 748.06580688094
1561.4465372562408, 2133.6549773195816, 748.06580688094
1562.1666078567505, 2138.554697569263, 310.2604075424306
1562.6802356243134, 1250.2166552350961, 163.77403061661192
1563.0921308994293, 2112.7230976828682, 194.45593090908588
1563.4531626701355, 2112.7230976828682, 194.45593090908588
1563.994711637497, 2112.7230976828682, 194.45593090908588
1564.4375259876251, 2112.7230976828682, 194.45593090908588
1565.0528786182404, 1869.4449503805156, 601.3243464996339
1565.646290063858, 2126.173789592316, 632.8927430737705
1565.9554617404938, 2126.173789592316, 632.8927430737705
1566.4551239013672, 2126.173789592316, 632.8927430737705
1567.1153545379639, 2143.442211021847, 359.0957158760028
1567.6010529994965, 1699.7052833134787, 958.4475921689068
1568.1535730361938, 2106.0547179488176, 236.5836352241565
1568.6711874008179, 2110.5939985208493, 96.04798216430139
1569.1289610862732, 2168.9226346579994, 3014.159733541825
1569.4720423221588, 2168.9226346579994, 3014.159733541825
1569.962728023529, 2168.9226346579994, 3014.159733541825
1570.6179735660553, 3010.9441262662476, 324.57131700605146
1570.925151348114, 3010.9441262662476, 324.57131700605146
1571.6113123893738, 3614.8828926489077, 1116.651182121849
1572.071082353592, 1490.0080106261817, 23.10052671255781
1572.4121680259705, 1490.0080106261817, 23.10052671255781
1572.9068431854248, 1490.0080106261817, 23.10052671255781
1573.4045097827911, 1490.0080106261817, 23.10052671255781
1574.0557656288147, 1311.042312356815, 623.3641620947199
1574.5943233966827, 1336.8777420462745, 782.1297454601653
1575.0730407238007, 1543.8406823592907, 321.0320782752942
1575.4211082458496, 1543.8406823592907, 321.0320782752942
1575.9028186798096, 1543.8406823592907, 321.0320782752942
1576.6198976039886, 1477.9586814560093, 694.0423392433449
1576.9180996418, 1477.9586814560093, 694.0423392433449
1577.400806427002, 1477.9586814560093, 694.0423392433449
1577.8994710445404, 1477.9586814560093, 694.0423392433449
1578.6235313415527, 1438.1239859063544, -39.05357386572244
1579.0523827075958, 1496.1724351406083, 279.7862084382247
1579.6437990665436, 2037.6693074795594, 86.73236835443822
1580.0975852012634, 1662.2139731879809, 158.07826331971944
1580.609213590622, 1551.9872084299625, 502.6555657802975
1581.1527581214905, 2091.0102866313528, 55.08318566105957
1581.6504249572754, 1515.279625874554, 687.5423966235792
1581.967576265335, 1515.279625874554, 687.5423966235792
1582.4752156734467, 1515.279625874554, 687.5423966235792
1583.104530096054, 2064.20072142963, 83.08510160438713
1583.4496066570282, 2064.20072142963, 83.08510160438713
1584.151725769043, 2114.6080890064704, -282.5648807159254
1584.4888234138489, 2114.6080890064704, -282.5648807159254
1585.0213973522186, 2114.6080890064704, -282.5648807159254
1585.6756439208984, 3357.4183988316036, 824.3330042226586
1586.1244432926178, 2261.131515315122, 519.700573860974
1586.4356091022491, 2261.131515315122, 519.700573860974
1587.1267583370209, 2313.5556048987974, 699.5523784199946
1587.4638557434082, 2313.5556048987974, 699.5523784199946
1587.9695010185242, 2313.5556048987974, 699.5523784199946
1588.6097869873047, 2114.5953774262457, 78.36655731259779
1589.1752727031708, 2186.1232533092016, 411.1386955776013
1589.5921552181244, 1968.0286590628893, 750.476059459456
1590.1147553920746, 2217.9959617823997, 249.92826306933225
1590.6832330226898, 3323.324116940733, 599.7165451349525
1591.1120834350586, 1324.724505826696, 195.24548214748444
1591.6306970119476, 1285.5756129079202, 430.0022393299786
1592.1054236888885, 2024.8457622645296, 268.14023757472455
1592.4395337104797, 2024.8457622645296, 268.14023757472455
1593.6223607063293, 1212.8051201290443, 438.21370498790395
1593.9098017215729, 1212.8051201290443, 438.21370498790395
1594.7467074394226, 1268.8739722440155, 438.60488250047086
1594.9043357372284, 1268.8739722440155, 438.60488250047086
1595.39817070961, 1268.8739722440155, 438.60488250047086
1595.9088039398193, 1268.8739722440155, 438.60488250047086
1596.4114575386047, 1268.8739722440155, 438.60488250047086
1597.1365146636963, -554356.1108020203, 265.44865143500436
1597.6860427856445, 3335.9861710448904, 1278.8850280387178
1598.0756254196167, 2933.859938180752, 769.5352634347015
1598.6344110965729, 2562.9919615072804, 756.803353848557
1599.1240994930267, 2445.8562578580622, 742.9825912791808
1599.6816067695618, 2458.6255781461564, 894.6977336967324
1600.12043094635, 2180.2551080899075, 79.8861370756833
1600.6131129264832, 4105.460240818987, 384.77444978563005
1600.915302991867, 4105.460240818987, 384.77444978563005
1601.6174211502075, 2114.6666004885924, 546.0324276521287
1602.1489987373352, 2113.463526648627, 463.51327394077515
1602.672595500946, 1888.7736289991024, 3023.6268820262135
1603.2181515693665, 2104.9216509998123, 203.60466120543987
1603.68683218956, 2150.344837329138, 942.1470486553364
1603.9923906326294, 2150.344837329138, 942.1470486553364
1604.6723182201385, 2109.81958210476, 2866.4476048178844
1604.9632813930511, 2109.81958210476, 2866.4476048178844
1605.6811666488647, 237.63861965795277, 941.968795833647
1606.2546918392181, 2113.543122314263, 933.9279489056662
1606.7982382774353, 2117.5399701131328, 477.68358613502585
1607.5651774406433, 2117.5399701131328, 477.68358613502585
1608.1038663387299, 2117.5399701131328, 477.68358613502585
1608.8404211997986, 2123.4805513797496, 147.0259953544579
1609.5591216087341, 2124.7811903204006, 900.7069618364984
1610.2170372009277, 2124.7811903204006, 900.7069618364984
1610.826916694641, 868.1170318741679, 118.22694220120681
1611.2418053150177, 868.1170318741679, 118.22694220120681
1612.3259296417236, 2100.749129962377, 780.1183906840832
1612.6799619197845, 2100.749129962377, 780.1183906840832
1613.1596689224243, 2100.749129962377, 780.1183906840832
1613.8807361125946, 1353.1172499457136, 769.3343516706137
1614.4272735118866, 2111.8215555165534, 266.5591434383949
1614.7424290180206, 2111.8215555165534, 266.5591434383949
1615.2440860271454, 2111.8215555165534, 266.5591434383949
1615.7387609481812, 2111.8215555165534, 266.5591434383949
1616.3491258621216, 2180.8085225829723, 4705.95316956628
1616.6712789535522, 2180.8085225829723, 4705.95316956628
1617.1619498729706, 2180.8085225829723, 4705.95316956628
1617.7713174819946, 1262.1868057682816, 106.16193321048793
1618.120381116867, 1262.1868057682816, 106.16193321048793
1618.6500227451324, 1262.1868057682816, 106.16193321048793
1619.117769241333, 1262.1868057682816, 106.16193321048793
1619.8398365974426, 2117.2247526356623, 112.61298566934896
1620.3464784622192, 2109.1351511928665, 117.8453804086848
1620.858107805252, 2105.356585417101, 774.4481489170695
1621.301919221878, 2133.8022941467216, 1123.977606188243
1621.8554360866547, 2107.2692522797456, 291.1318857133541
1622.1765768527985, 2107.2692522797456, 291.1318857133541
1622.6692566871643, 2107.2692522797456, 291.1318857133541
1623.2866041660309, 2392.564914041555, 2950.234191347463
1623.8449506759644, 2164.157997617442, 2840.2973634616947
1624.4302368164062, 1992.105696865671, 320.99511224551765
1624.8290643692017, 1992.105696865671, 320.99511224551765
1625.4392368793488, 2122.695291257985, 827.6172860814343
1625.9613461494446, 2111.8176455207877, 880.5247031517794
1626.2786076068878, 2111.8176455207877, 880.5247031517794
1626.7663016319275, 2111.8176455207877, 880.5247031517794
1627.5262658596039, 2111.094554355516, 209.56224237219402
1627.9930152893066, 2141.8771702212184, 226.5765554958116
1628.5694720745087, 2093.775712963756, 87.99827790753129
1629.397254228592, 1619.3722756553957, 745.8498786083853
1629.759284734726, 1619.3722756553957, 745.8498786083853
1630.229026556015, 1619.3722756553957, 745.8498786083853
1630.7256968021393, 1619.3722756553957, 745.8498786083853
1631.4218316078186, 2126.3868757043033, 166065.24605798704
1632.9008708000183, 2087.9494695636267, 113.46712122266689
1633.241956949234, 2087.9494695636267, 113.46712122266689
1634.4198026657104, 2095.5683462442944, 277.55790869966927
1634.7349586486816, 2095.5683462442944, 277.55790869966927
1635.2356178760529, 2095.5683462442944, 277.55790869966927
1635.7332870960236, 2095.5683462442944, 277.55790869966927
1636.4284226894379, 2082.614175305872, 264.88270997160606
1636.7156538963318, 2082.614175305872, 264.88270997160606
1637.461656332016, 2097.8907130219523, 93.99804379066771
1637.7508809566498, 2097.8907130219523, 93.99804379066771
1638.2555294036865, 2097.8907130219523, 93.99804379066771
1638.7452175617218, 2097.8907130219523, 93.99804379066771
1639.2458772659302, 2097.8907130219523, 93.99804379066771
1639.8881561756134, 2116.9724660983625, 61.103091458021595
1640.2322354316711, 2116.9724660983625, 61.103091458021595
1640.8884780406952, 2093.920247520463, 196.55382829707855
1641.4310269355774, 2112.7428246876343, 188.2740746645746
1641.9097418785095, 2123.5370578248317, 843.8868826060416
1642.4712393283844, 2163.9114721318138, 325.99220018037255
1642.7804107666016, 2163.9114721318138, 325.99220018037255
1643.4117197990417, 2142.740446959079, 2958.066398383596
1643.9014084339142, 2163.0201968782003, 483.63269570027927
1644.262442111969, 2163.0201968782003, 483.63269570027927
1644.9027261734009, 2113.297955087631, -1599.8339472548332
1645.4751930236816, 2120.398279849135, 127.18612173266811
1645.8801085948944, 2113.3842423136966, 72.61384437653575
1646.404703617096, 2113.718561818866, 2941.117246969515
1646.8904023170471, 947.5249712621303, 268.3420276589296
1647.2245075702667, 947.5249712621303, 268.3420276589296
1647.7331783771515, 947.5249712621303, 268.3420276589296
1648.2198739051819, 947.5249712621303, 268.3420276589296
1648.9838283061981, 2090.916613913476, 241.2726599745228
1649.4336245059967, 3927.3458272297603, 227.48946383834075
1649.921317100525, 2109.779618395338, 86.91591417903969
1650.4299545288086, 2121.483512728622, 80.59364056833836
1650.94357919693, 2141.2697617448794, 808.9989496728571
1651.43625998497, 2099.4692557857775, 217.75637917990147
1651.8890471458435, 2131.556588523014, 538.2388092980124
1652.47647356987, 2158.374006678466, 886.7626883411285
1652.914302110672, 2016.5454855674645, 353.9170735447022
1653.4229388237, 2189.259988991225, 190.11418328921312
1653.9235978126526, 2143.2553562357957, 52.311201252938
1654.2796440124512, 2143.2553562357957, 52.311201252938
1654.784292936325, 2143.2553562357957, 52.311201252938
1655.4026372432709, 2167.562761777784, 664.0579686130468
1655.8873391151428, 1737.092056247579, 931.9800946828598
1656.219449520111, 1737.092056247579, 931.9800946828598
1656.7161853313446, 1737.092056247579, 931.9800946828598
1657.2208650112152, 1737.092056247579, 931.9800946828598
1657.7055356502533, 1737.092056247579, 931.9800946828598
1658.2061955928802, 1737.092056247579, 931.9800946828598
1658.7218146324158, 1737.092056247579, 931.9800946828598
1659.20551943779, 1737.092056247579, 931.9800946828598
1660.89901638031, 2148.986331346792, 2958.3724985508907
1661.2550632953644, 2148.986331346792, 2958.3724985508907
1661.7447521686554, 2148.986331346792, 2958.3724985508907
1662.5106987953186, 2121.022455730048, 188.72203019214462
1663.4855778217316, 2115.8675368687814, 448.2330406950394
1664.18536901474, 2170.899612105578, 208.6200662746326
1665.0140626430511, 2137.236600709004, 943.280054014753
1665.5928666591644, 2137.3193455345986, 937.2577659936279
1666.1137681007385, 2134.6996469754035, 213.42493273916276
1667.0772821903229, 2125.690897156002, 372.1946811927714
1668.0933258533478, 2131.5937180691803, 196.9217526361537
1668.584011554718, 2127.4204692650565, 535.7962886582161
1669.0946443080902, 2099.6366603575934, 59.16847169000699
1669.6361935138702, 2124.446387029352, 364.0926431019773
1669.9475526809692, 2124.446387029352, 364.0926431019773
1670.64368724823, 2102.337718539158, 198.27196801773576
1671.0535893440247, 2115.015696706383, 521.8012003377625
1671.6092536449432, 2122.250006005378, 777.0380306416475
1671.9224154949188, 2122.250006005378, 777.0380306416475
1672.4021623134613, 2122.250006005378, 777.0380306416475
1673.039455652237, 1844.3854767187806, 877.5254905411815
1673.63884973526, 2104.3603543828285, 57.68847536015376
1674.1434984207153, 2131.618199606993, 431.0250914002273
1674.452670097351, 2131.618199606993, 431.0250914002273
1675.1308538913727, 2139.7764637316886, 515.1001954224377
1676.6158764362335, 2132.7951497040035, 950.0489999249604
1677.100578069687, 2136.5356364055283, 711.0040245030694
1677.597249031067, 1695.6104267600613, 551.6231051291796
1677.9163935184479, 1695.6104267600613, 551.6231051291796
1678.6324758529663, 2142.1220079986733, 2922.756524928977
1678.9655845165253, 2142.1220079986733, 2922.756524928977
1679.4353246688843, 2142.1220079986733, 2922.756524928977
1679.93199801445, 2142.1220079986733, 2922.756524928977
1680.4336533546448, 2142.1220079986733, 2922.756524928977
1680.9343121051788, 2142.1220079986733, 2922.756524928977
1681.4239990711212, 2142.1220079986733, 2922.756524928977
1681.9276497364044, 2142.1220079986733, 2922.756524928977
1682.5871450901031, 2132.7005921462023, 233.6733705474889
1682.9122745990753, 2132.7005921462023, 233.6733705474889
1683.422907114029, 2132.7005921462023, 233.6733705474889
1683.9206008911133, 2132.7005921462023, 233.6733705474889
1684.4252226352692, 2132.7005921462023, 233.6733705474889
1684.9149143695831, 2132.7005921462023, 233.6733705474889
1685.6000747680664, 2094.2486813339424, 198.10809754196865
1685.934180021286, 2094.2486813339424, 198.10809754196865
1686.620343208313, 2128.396181192273, -18.87116764265233
1687.1459369659424, 2112.837440057186, 115.28404598620547
1687.4650852680206, 2112.837440057186, 115.28404598620547
1688.105364561081, 2103.506895422095, 894.5886365230497
1689.5873968601227, 2111.438086896808, 72.71583577078786
1690.086061000824, 2121.278931167252, -1086.4945120436846
1690.5907866954803, 2134.1542688616987, 747.3235539294112
1690.938854932785, 2134.1542688616987, 747.3235539294112
1691.4126131534576, 2134.1542688616987, 747.3235539294112
1692.1306612491608, 2530.930888466715, 911.6206822597156
1692.657250881195, 2122.0451921836807, 494.7293036347528
1693.1609017848969, 2097.8693133196266, 58.708101100846854
1693.45112490654, 2097.8693133196266, 58.708101100846854
1693.9996554851532, 2097.8693133196266, 58.708101100846854
1694.6738495826721, 2127.8427347039133, 247.63309413677288
1695.1366109848022, 1167.654025783767, 74.5831328393826
1695.4108772277832, 1167.654025783767, 74.5831328393826
1696.0910539627075, 1248.5888358133477, 806.2172666012896
1696.6016871929169, 2119.4422154836775, 750.8882995143327
1697.0704591274261, 2113.080506222607, 681.889435810338
1697.640902519226, 2108.586486047789, 212.49245167636326
1698.0628015995026, 2106.748967148701, 228.88458559793122
1698.6093101501465, 1219.8860818725664, 78.79938374436723
1699.0670828819275, 2131.7081955995836, 3004.7670798518993
1699.4191405773163, 2131.7081955995836, 3004.7670798518993
1700.0674059391022, 2141.113963839677, 658.7377151576181
1700.613940000534, 2137.136651783534, 939.3468488950045
1700.9271311759949, 2137.136651783534, 939.3468488950045
1701.5643951892853, 2187.544527479017, -23.106376423744635
1703.6438255310059, 2124.8201661111625, 613.1467717046357
1704.079657793045, 1196.551982885237, 140.08616027425552
1704.3948137760162, 1196.551982885237, 140.08616027425552
1705.0909495353699, 2123.7675978693874, 324.4118383107091
1705.552714586258, 1713.8210564695792, 668.3704444968571
1705.8957941532135, 1713.8210564695792, 668.3704444968571
1706.5829544067383, 2157.177564905316, 524.0485124062408
1707.0367386341095, 1112.9147246006974, 39.0139722023477
1707.5922503471375, 2128.981634070809, 367.5014130304783
1708.0959029197693, 2133.0851902606373, 949.6061939488352
1708.6234889030457, 2116.0669044595925, 216.15232536617938
1708.953605413437, 2116.0669044595925, 216.15232536617938
1709.4462842941284, 2116.0669044595925, 216.15232536617938
1710.0895640850067, 2139.786465719719, 938.7425080262948
1710.5762584209442, 1782.7680712313634, 222.65669951197467
1710.909366607666, 1782.7680712313634, 222.65669951197467
1711.5695979595184, 1559.15911409182, 42.01384244542494
1711.8847560882568, 1559.15911409182, 42.01384244542494
1712.6397323608398, 2120.0364335267923, 945.195386450397
1713.119446516037, 1534.0021953473504, 1200.22517186413
1713.6560125350952, 1597.447734315642, 886.7819913107079
1713.9093317985535, 1597.447734315642, 886.7819913107079
1714.5655736923218, 2135.903258479576, 734.6598604772491
1715.077203989029, 2108.336442938098, 205.198478980905
1715.4103116989136, 2108.336442938098, 205.198478980905
1716.1483347415924, 2094.930948882008, 48.91910393995846
1716.4874284267426, 2094.930948882008, 48.91910393995846
1716.962155342102, 2094.930948882008, 48.91910393995846
1717.5615503787994, 2143.503321611095, 502.80428937132405
1718.0951218605042, 2148.5179838330555, 866.4342845822611
1718.5878009796143, 1223.3961891815352, 939.0167107229637
1719.115389585495, 2145.946927009025, 294.2260425525678
1719.5901169776917, 2147.023329190606, 641.1798334726482
1720.1406440734863, 2108.3068133321567, 146.73385384643083
1720.6293332576752, 2808.6820561334453, 41.37559867224424
1721.1190237998962, 1957.4078302527162, 773.8223822301178
1721.4361729621887, 1957.4078302527162, 773.8223822301178
1722.079449415207, 2108.4420525237156, 114.60456849006201
1722.5880885124207, 2131.2211291483404, -5738.820178043211
1723.0727899074554, 2131.0727868537356, 740.8128253906971
1723.4039018154144, 2131.0727868537356, 740.8128253906971
1723.9045615196228, 2131.0727868537356, 740.8128253906971
1724.4052202701569, 2131.0727868537356, 740.8128253906971
1724.9039130210876, 2131.0727868537356, 740.8128253906971
1725.5930383205414, 2094.614116630282, 179.44406260596875
1725.9251508712769, 2094.614116630282, 179.44406260596875
1726.5843844413757, 2127.346581386378, 36.831574857976925
1727.0970113277435, 2115.1620974169027, 319.2500587185451
1727.5817139148712, 2129.5926919939902, 651.1428915178899
1728.0863618850708, 2108.831160125193, 133.59376650275172
1728.5820343494415, 1119.1504358238524, 469.98892189226245
1728.8882148265839, 1119.1504358238524, 469.98892189226245
1729.628232717514, 2126.2726977116276, 281.0049588172849
1730.1009652614594, 2114.4952755229147, 124.1396820208838
1730.4360678195953, 2114.4952755229147, 124.1396820208838
1730.933735370636, 2114.4952755229147, 124.1396820208838
1731.596958398819, 2135.14171147044, 259.9662019126276
1732.0856499671936, 2148.094541285734, 585.9066401100382
1732.605257987976, 2145.0306180714288, 103.93416467554464
1733.0690169334412, 2144.7460904021377, 768.025698898977
1733.4270586967468, 2144.7460904021377, 768.025698898977
1734.1291768550873, 2118.3235128028405, 562.0506800022049
1734.6278424263, 2955.803772986759, -501.6390629506484
1735.1364798545837, 2129.223331115995, 72.21028112550343
1735.607218503952, 2138.7661366561083, 716.163312149619
1736.0869348049164, 2142.5233662030614, 205.00848569579247
1736.6693744659424, 2109.066389208298, 199.9679030593346
1737.1411097049713, 2147.264472196047, 532.1360649144249
1737.62082695961, 2161.188333854667, 366.8003285063454
1738.0825898647308, 1744.4260182991845, 943.5774691217432
1738.4007368087769, 1744.4260182991845, 943.5774691217432
1738.9013962745667, 1744.4260182991845, 943.5774691217432
1739.543675661087, 1947.715179954885, -327.43570028304765
1739.8817703723907, 1947.715179954885, -327.43570028304765
1740.3814315795898, 1947.715179954885, -327.43570028304765
1740.885082244873, 1947.715179954885, -327.43570028304765
1741.5652606487274, 2805.6383654842466, 63.099447242428994
1742.121771812439, 2123.8264389239416, 750.4012560468525
1742.4678449630737, 2123.8264389239416, 750.4012560468525
1743.1161091327667, 2113.150181301443, 327.1691217744291
1743.4532043933868, 2113.150181301443, 327.1691217744291
1744.1114416122437, 2114.726118073166, -373.2118030590465
1744.4784615039825, 2114.726118073166, -373.2118030590465
1745.0658864974976, 1257.4768239880977, 122.50474574612599
1745.6094307899475, 273.58506984203467, 2940.9282591666956
1745.923593044281, 273.58506984203467, 2940.9282591666956
1746.5888073444366, 2134.420957699701, 260.105534032469
1747.109412431717, 2112.8177869953233, 116.77738046937695
1747.5931165218353, 2145.1534158768304, 795.112089822407
1748.0987622737885, 2148.1363729882173, 2931.423338653409
1748.5695037841797, 2161.9987076297825, 239.94952385676703
1749.0482196807861, 2181.7916206829095, 227.44158469286745
1749.5887711048126, 2135.786440334598, 1752.9715038985514
1749.9079172611237, 2135.786440334598, 1752.9715038985514
1750.626991033554, 2117.8738465977026, 960.3261279445258
1751.1017200946808, 2583.6369500338938, 212.70808107674551
1751.6372861862183, 2163.8997636665385, 829.5006480797241
1752.1160037517548, 2160.6337576484502, 70.07061598747381
1752.585744380951, 2109.0566663835066, 679.3023640522443
1752.9158608913422, 2109.0566663835066, 679.3023640522443
1753.6828076839447, 130.6933456290405, 482.90476163405975
1753.986991405487, 130.6933456290405, 482.90476163405975
1754.523554801941, 130.6933456290405, 482.90476163405975
1755.099014043808, 2071.0485152889214, 638.5505546277199
1755.6625051498413, 2116.7077053053567, 135.54973844463848
1755.9856390953064, 2116.7077053053567, 135.54973844463848
1756.6907505989075, 1319.5511848675553, 24.925445324562734
1757.1186046600342, 2196.3916226438364, 283.2183919141357
1757.445728778839, 2196.3916226438364, 283.2183919141357
1757.930430650711, 2196.3916226438364, 283.2183919141357
1758.463005065918, 2196.3916226438364, 283.2183919141357
1759.1441791057587, 2129.942319844252, 259.380961633529
1759.6857285499573, 2169.038425611202, 871.0759544106736
1760.1684367656708, 2189.601215408162, 910.5001402642251
1760.754866361618, 2123.2021124590015, 412.78575092956385
1761.5347776412964, 2123.2021124590015, 412.78575092956385
1762.0274586677551, 2123.2021124590015, 412.78575092956385
1762.5450718402863, 2123.2021124590015, 412.78575092956385
1763.142795085907, 2403.7819075910206, 377.2220688008428
1763.6574170589447, 2325.502127379321, 196.4933181809656
1764.155085325241, 2218.849746269856, 858.7609387515608
1764.5230977535248, 2218.849746269856, 858.7609387515608
1765.1773462295532, 2403.15769421787, 48.154880378587265
1765.7119154930115, 2162.330914590601, 654.3883785846047
1766.172681093216, 2230.115799459286, 157.355482034477
1766.4978108406067, 2230.115799459286, 157.355482034477
1767.196937084198, 2304.2542082793507, 33.24436561581201
1767.457239151001, 2304.2542082793507, 33.24436561581201
1767.9569025039673, 2304.2542082793507, 33.24436561581201
1768.4665367603302, 2304.2542082793507, 33.24436561581201
1769.1526987552643, 2185.3159327077465, 786.5584749417436
1769.6543555259705, 2388.0154897101784, 287.2125567953632
1770.1988983154297, 2173.944703632994, 602.5888932662974
1770.5320055484772, 2173.944703632994, 602.5888932662974
1771.004739522934, 2173.944703632994, 602.5888932662974
1771.6490137577057, 2402.183471191391, 272.17486804099184
1772.107784986496, 2368.9663724938487, 272.1114286916902
1772.641355752945, -3131.6797022032006, 106.67703435347698
1773.182904958725, 2180.752850503212, 103.73000940665213
1773.4781138896942, 2180.752850503212, 103.73000940665213
1774.008692741394, 1563.9367316044556, 230.69356661507422
1774.5801630020142, 2049.9089300451283, 562.7770406073896
1774.8973128795624, 2049.9089300451283, 562.7770406073896
1775.6473817825317, 579604.3296698517, 54.797065695467566
1775.9854757785797, 579604.3296698517, 54.797065695467566
1776.563926935196, 1398.9520188464255, 191.3448948653248
1777.0675785541534, 1533.874795113295, 181.375709455333
1777.4026803970337, 1533.874795113295, 181.375709455333
1778.1337232589722, 4031.2822865741045, 675.0950232781773
1778.7201516628265, 2119.7711173751686, 682.76359361139
1779.1470081806183, 2162.8470536623886, 164.14684772954462
1779.606777191162, 2032.755595270462, 561.9456309242873
1780.0715327262878, 2086.3125847328147, 389.31559500113843
1780.4146134853363, 2086.3125847328147, 389.31559500113843
1780.9092881679535, 2086.3125847328147, 389.31559500113843
1781.6064212322235, 3408.7205269143474, 141.1196552450158
1782.157944202423, 1594.768218978979, 1364.8377272891905
1782.6127274036407, 374.71247694676316, 1528.7886010950529
1783.1074042320251, 3894.4183496999094, 2308.3491471562857
1783.6429674625397, -83814.76344344392, 30.222475960516594
1784.1256740093231, 3443.36466972072, 863.5701256398359
1784.6213474273682, 2098.5505735740135, 2095.788245659936
1784.9265296459198, 2098.5505735740135, 2095.788245659936
1785.6156840324402, 2057.010150123603, 836.8703277960808
1786.0944018363953, 2188.8134371643578, 1798.8434883007237
1786.5053007602692, 2188.8134371643578, 1798.8434883007237
1786.9720516204834, 2188.8134371643578, 1798.8434883007237
1787.430822134018, 2188.8134371643578, 1798.8434883007237
1788.122968196869, 3326.7685304391466, 3269.5605083392825
1788.637589931488, 2084.0206220178693, 2268.7428190495625
1788.944766998291, 2084.0206220178693, 2268.7428190495625
1789.684785604477, 2050.815780321013, 1563.2082080975247
1790.0518023967743, 1883.8512589342115, 1431.09883208811
1790.6192829608917, 3059.162318732201, 1582.8335413898524
1791.2236640453339, 1938.9743123756978, 2470.1533311824987
1791.5089020729065, 1938.9743123756978, 2470.1533311824987
1792.1890783309937, 2208.612706911425, 2329.6624470669904
1792.6837544441223, 1262.1235039221315, 2004.1519862546554
1793.1265676021576, 1198.26648410394, 3313.7979193266847
1793.4387323856354, 1198.26648410394, 3313.7979193266847
1793.9354028701782, 1198.26648410394, 3313.7979193266847
1794.4340660572052, 1198.26648410394, 3313.7979193266847
1794.9796044826508, 1198.26648410394, 3313.7979193266847
1795.4702904224396, 1198.26648410394, 3313.7979193266847
1796.1963453292847, 1326.8586501617485, 226.4745718805496
1796.6261942386627, 860.6752607498426, 894.8962483214125
1797.0889546871185, 3870.116403237827, -4085.986493686529
1797.6584296226501, 3898.0000000000005, 2637.28044293392
1797.9725885391235, 3898.0000000000005, 2637.28044293392
1798.45632147789, 3898.0000000000005, 2637.28044293392
1799.0327773094177, 1829.910056419275, 1590.9379418790354
1799.574325799942, 1832.4010088116647, 1589.4112722478703
1800.0291078090668, 1829.9265207337683, 1583.9689105977673
1800.546721458435, 1826.7816219740969, 1581.5220813855492
1800.8798291683197, 1826.7816219740969, 1581.5220813855492
1801.3745045661926, 1826.7816219740969, 1581.5220813855492
1801.875164270401, 1826.7816219740969, 1581.5220813855492
1802.5423772335052, 1828.2728015315397, 1588.366490334962
1803.0420401096344, 1830.785344388459, 1594.5820180009728
1803.6105160713196, 1834.4647209429827, 1586.8334962548183
1804.1031966209412, 1826.7288899816863, 1579.7419184712119
1804.3874354362488, 1826.7288899816863, 1579.7419184712119
1805.0476665496826, 1829.8169996618315, 1580.390384406618
1805.592208623886, 1828.8734260061956, 1581.4715113742513
1806.0530116558075, 1833.090372561302, 1586.0442775565348
1806.5715861320496, 1826.880539533738, 1583.5013376602715
1807.043321609497, 1830.1229882233406, 1574.7931030136654
1807.5579769611359, 1835.7647047020635, 1573.831249719254
1808.044639825821, 1832.9481259610716, 1574.20726400242
1808.5881843566895, 1830.6809269294288, 1578.0856802602095
1809.0419700145721, 1835.9130020653388, 1581.3595056515771
1809.3740804195404, 1835.9130020653388, 1581.3595056515771
1810.0193512439728, 1830.7019438991078, 1580.1680424900726
1810.5529222488403, 1832.2863724793194, 1584.3340007562856
1811.0246589183807, 1835.0683817291356, 1586.236288973993
1811.5711958408356, 1826.0537100778058, 1575.549433201291
1811.877375125885, 1826.0537100778058, 1575.549433201291
1812.578497171402, 1829.718731341766, 1581.825431160205
1813.027295589447, 1831.7618959617666, 1590.3377739783305
1813.5768237113953, 1833.9315158869115, 1582.5081469128809
1814.0505557060242, 1831.503272133765, 1585.2966058001923
1814.5422666072845, 1828.3840248720157, 1579.0954236802904
1815.1306619644165, 3191.4940255611023, 361685.3618129027
1815.467759847641, 3191.4940255611023, 361685.3618129027
1816.1569135189056, 2209.7378626721525, 48.958711452686046
1816.5718026161194, 1831.2436080706948, 1581.2012657973637
1817.0206291675568, 1832.9926967609279, 1579.7121926315115
1817.5551924705505, 1828.09192467223, 1585.974978373485
1818.0428864955902, 1826.1798669655498, 1575.600201119037
1818.5644903182983, 1820.3388341976547, 1579.6390303112432
1819.0372240543365, 1833.1142416875737, 1581.5407658863608
1819.5548367500305, 1831.5237866260793, 1577.452842458378
1819.8759775161743, 1831.5237866260793, 1577.452842458378
1820.3945882320404, 1831.5237866260793, 1577.452842458378
1821.0657913684845, 1831.5601499708544, 1575.9339067157553
1821.5554790496826, 1829.0175606633895, 1577.4579131534647
1822.0272154808044, 1831.9031565551445, 1580.7720415122933
1822.607660293579, 1826.5975305439713, 1572.980234648093
1823.0784003734589, 1830.1903139780115, 1579.3114096271856
1823.6089787483215, 1832.751058188684, 1581.432085902602
1824.0587737560272, 1831.681660149127, 1574.2012392692807
1824.5584354400635, 1832.3983546745246, 1582.9903649249964
1824.8765840530396, 1832.3983546745246, 1582.9903649249964
1825.1608226299286, 1832.3983546745246, 1582.9903649249964
1825.3762452602386, 1832.3983546745246, 1582.9903649249964
1825.4640109539032, 1832.3983546745246, 1582.9903649249964
1826.0594172477722, 1829.9274985441527, 1578.3506097339437
1826.4154629707336, 1829.9274985441527, 1578.3506097339437
1827.1504938602448, 2174.736640475913, 451.1776649563941
1827.6591320037842, 1132.6127734942213, 427.5273297192312
1827.9234235286713, 1132.6127734942213, 427.5273297192312
1828.5996124744415, 1828.9778228638875, 1574.0455836800716
1829.1102449893951, 1830.5281340145284, 1577.9600603282656
1829.5809869766235, 1832.250473692628, 1563.188527137608
1830.0128276348114, 1832.020771342916, 1564.219451390855
1830.5583667755127, 1828.1214007025683, 1569.8565793336522
1831.0480563640594, 1829.2354217040222, 1576.9509873772188
1831.5467193126678, 1825.9471385036566, 1579.441853392897
1832.0403971672058, 1831.0202103210736, 1572.320641461578
1832.3705129623413, 1831.0202103210736, 1572.320641461578
1832.8761582374573, 1831.0202103210736, 1572.320641461578
1833.5383858680725, 1828.4323079112291, 1580.9299818346883
1834.01713681221, 1834.7111975768253, 1577.426479744459
1834.3941667079926, 1834.7111975768253, 1577.426479744459
1835.0593452453613, 1827.7901034867632, 1579.5439754551771
1835.5520269870758, 1827.6914200804572, 1576.8163291987935
1835.872168302536, 1827.6914200804572, 1576.8163291987935
1836.3678405284882, 1827.6914200804572, 1576.8163291987935
1836.875510931015, 1827.6914200804572, 1576.8163291987935
1837.547681093216, 1834.0271607258019, 1573.7457804444032
1837.8827843666077, 1834.0271607258019, 1573.7457804444032
1838.5380296707153, 1835.1163587975652, 1572.179895160339
1838.8751258850098, 1835.1163587975652, 1572.179895160339
1839.3727927207947, 1835.1163587975652, 1572.179895160339
1840.143728017807, 3453.818046416981, 1396.8402524753583
1840.4688584804535, 3453.818046416981, 1396.8402524753583
1841.1877856254578, 7270.3202283536175, 942.4628775941235
1841.5398411750793, 7270.3202283536175, 942.4628775941235
1842.1432881355286, 2897.5821858891527, 349.6210722247068
1842.6838512420654, 3010.006844033746, 693.9859859895187
1842.98637008667, 3010.006844033746, 693.9859859895187
1843.6565759181976, 3015.7159858313344, 64.61128646647913
1844.1701998710632, 3007.44200103356, 47.17738270061611
1844.5003156661987, 3007.44200103356, 47.17738270061611
1845.0089526176453, 3007.44200103356, 47.17738270061611
1845.515596151352, 3007.44200103356, 47.17738270061611
1846.0920524597168, 1827.2129461995623, 1571.8437237308538
1846.6415801048279, 1830.2915521771706, 1578.5012982627777
1847.090378522873, 1828.234315764424, 1579.5193007431762
1847.4334602355957, 1828.234315764424, 1579.5193007431762
1847.914172410965, 1828.234315764424, 1579.5193007431762
1848.5943503379822, 1835.6555123464723, 1583.1459453081297
1848.922494649887, 1835.6555123464723, 1583.1459453081297
1849.622619152069, 1822.3030356710271, 1574.6638448518672
1849.9208207130432, 1822.3030356710271, 1574.6638448518672
1850.4284675121307, 1822.3030356710271, 1574.6638448518672
1850.9211466312408, 1822.3030356710271, 1574.6638448518672
1851.6212720870972, 1831.940353549525, 1571.414828508555
1851.9224667549133, 1831.940353549525, 1571.414828508555
1852.6215929985046, 1829.873255382245, 1571.405697326483
1852.9187965393066, 1829.873255382245, 1571.405697326483
1853.645849943161, 1834.339179511778, 1569.8664090044128
1854.1544880867004, 1825.2908155497644, 1577.554205311789
1854.4397253990173, 1825.2908155497644, 1577.554205311789
1855.0909864902496, 2221.810069837015, 1561.8505025703887
1855.430072069168, 2221.810069837015, 1561.8505025703887
1856.1132411956787, 2233.9726366065365, 1574.7346135023506
1856.429395198822, 2233.9726366065365, 1574.7346135023506
1857.0946128368378, 2223.6296193884323, 1567.556688549899
1857.6212029457092, 2225.8482772542807, 1570.4505154269139
1858.0759851932526, 2257.6648286854283, 1572.539674475673
1858.6239120960236, 2264.5353739077864, 1576.069398543217
1858.9231097698212, 2264.5353739077864, 1576.069398543217
1859.596307516098, 2260.825452978867, 1567.2225518264302
1860.074533700943, 2267.2721382384443, 1566.717937078946
1860.43456864357, 2267.2721382384443, 1566.717937078946
1860.927248954773, 2267.2721382384443, 1566.717937078946
1861.4787726402283, 2267.2721382384443, 1566.717937078946
1862.1449871063232, 2272.32024419611, 1559.7579260068003
1862.447177886963, 2272.32024419611, 1559.7579260068003
1862.558878660202, 2272.32024419611, 1559.7579260068003
1862.757346868515, 2272.32024419611, 1559.7579260068003
1863.1064240932465, 2268.85819128952, 1571.6310641634307
1863.4355309009552, 2268.85819128952, 1571.6310641634307
1863.9202325344086, 2268.85819128952, 1571.6310641634307
1864.618399143219, 2257.6264886713147, 1573.121922592437
1864.699180841446, 2257.6264886713147, 1573.121922592437
1864.7530369758606, 2257.6264886713147, 1573.121922592437
1864.824844121933, 2257.6264886713147, 1573.121922592437
1864.9485139846802, 2257.6264886713147, 1573.121922592437
1865.6526272296906, 2263.5471185684, 1575.5885616268054
1866.1044178009033, 2262.710734902, 1571.243482510651
1866.4375252723694, 2262.710734902, 1571.243482510651
1867.0877833366394, 2259.998314842825, 1569.7253712580637
1867.6542670726776, 2262.801076363234, 1573.3845633470455
1867.9355146884918, 2262.801076363234, 1573.3845633470455
1868.7214097976685, 3186.3713826920857, 162.55895969736292
1869.0275883674622, 3186.3713826920857, 162.55895969736292
1869.7935364246368, 3287.2772318484126, 1206.232190474897
1870.118667125702, 3287.2772318484126, 1206.232190474897
1870.6701891422272, 2271.1354783204424, 1568.853039571998
1870.9284977912903, 2271.1354783204424, 1568.853039571998
1871.4461107254028, 2271.1354783204424, 1568.853039571998
1872.0824065208435, 2269.2986247674608, 1565.59932932329
1872.710723400116, 2966.236736303476, 768.3731215107588
1873.163510799408, 3211.2794174248525, 1368.2827052259636
1873.7100477218628, 3141.426024563926, 1217.4141833845724
1874.2426221370697, 3095.137922173804, -631.1367692103424
1874.6894237995148, 2882.5027422325234, 395.4132814628838
1875.1442058086395, 2775.40937307719, 1501.1549829340645
1875.5042419433594, 2775.40937307719, 1501.1549829340645
1876.1355519294739, 2668.871948889152, 1245.9769527692824
1876.6701192855835, 2907.726328845515, 62.394147308630096
1876.997243642807, 2907.726328845515, 62.394147308630096
1877.4809494018555, 2907.726328845515, 62.394147308630096
1877.9696428775787, 2907.726328845515, 62.394147308630096
1879.688036441803, 2128.790378037579, 384.82435987596983
1880.104920387268, 970.8347562376906, 2466.823739783032
1880.4699430465698, 970.8347562376906, 2466.823739783032
1880.9446704387665, 970.8347562376906, 2466.823739783032
1881.6747155189514, 2541.5031940759773, -35902.692521797755
1882.1594178676605, 2542.552626186757, 1685.9135293806671
1882.4965145587921, 2542.552626186757, 1685.9135293806671
1883.0979044437408, 2276.4273599097965, 1564.2427574837366
1883.6234965324402, 2262.7634519090957, 1569.6411023499184
1883.9456334114075, 2262.7634519090957, 1569.6411023499184
1884.430337190628, 2262.7634519090957, 1569.6411023499184
1885.1394367218018, 3059.3086585445612, 300.5858190962734
1885.5084495544434, 3059.3086585445612, 300.5858190962734
1886.1437463760376, 2918.7007852845622, 133.7297744266588
1886.6603631973267, 2274.635332206947, 1567.7389577134509
1887.166008234024, 2245.3901081281806, 1560.0480730448244
1887.4532392024994, 2245.3901081281806, 1560.0480730448244
1887.9229815006256, 2245.3901081281806, 1560.0480730448244
1888.6719748973846, 2272.3896931970453, 1560.1957090835656
1888.967184305191, 2272.3896931970453, 1560.1957090835656
1889.4478969573975, 2272.3896931970453, 1560.1957090835656
1890.1450307369232, 2271.079118478871, 1558.6128964611246
1890.459187746048, 2271.079118478871, 1558.6128964611246
1891.1403641700745, 2266.072230258087, 1568.845402112649
1891.650996208191, 2261.5125421283215, 1572.273976246667
1891.9252617359161, 2261.5125421283215, 1572.273976246667
1892.6253859996796, 870.3224150170319, 213.3145804541917
1892.9824304580688, 870.3224150170319, 213.3145804541917
1893.7074897289276, 1248.6772381378103, 863.9225343043115
1894.013669013977, 1248.6772381378103, 863.9225343043115
1894.5133304595947, 1248.6772381378103, 863.9225343043115
1895.0299468040466, 1248.6772381378103, 863.9225343043115
1895.6991548538208, 705.012454486556, 838.0000000000027
1896.2766072750092, 1827.572870361989, 893.9913743814286
1896.6496086120605, 1827.572870361989, 893.9913743814286
1897.1123700141907, 1827.572870361989, 893.9913743814286
1897.6090388298035, 1827.572870361989, 893.9913743814286
1898.1067068576813, 2269.575645439999, 1557.7729472359633
1898.4477925300598, 2269.575645439999, 1557.7729472359633
1899.1738476753235, 3525.9085256436792, 1390.9806560052486
1899.7642667293549, 1614.9802221326017, -4143.14470574173
1900.08740234375, 1614.9802221326017, -4143.14470574173
1900.676822900772, 2549.8470647942363, 183.77066455628432
1901.0807411670685, 2266.2484496640063, 1564.2422934304777
1901.6103222370148, 2265.559516013264, 1565.4317498760495
1901.9334571361542, 2265.559516013264, 1565.4317498760495
1902.6186218261719, 2263.562732860813, 1570.8094253662
1903.1332437992096, 2268.5225227449246, 1563.6935554858696
1903.435435295105, 2268.5225227449246, 1563.6935554858696
1904.104641675949, 2262.9221427619063, 1562.4075058642334
1904.444730758667, 2262.9221427619063, 1562.4075058642334
1904.9244463443756, 2262.9221427619063, 1562.4075058642334
1905.440064907074, 2262.9221427619063, 1562.4075058642334
1906.091320991516, 2265.563791636023, 1561.424846794168
1906.6278841495514, 2263.5497459483245, 1563.579634868705
1907.1235566139221, 2260.5329931832202, 1575.7023447155254
1907.5304663181305, 2260.5329931832202, 1575.7023447155254
1907.9284002780914, 2260.5329931832202, 1575.7023447155254
1908.599603176117, 2269.4641208559974, 1563.006710785263
1909.1351680755615, 3083.294316879741, 131.26978548814162
1909.7235929965973, 3647.9900598226363, 1482.8419303262801
1910.7907350063324, 3324.1387853119127, 1174.2981235944098
1911.0121412277222, 3324.1387853119127, 1174.2981235944098
1911.5297558307648, 3324.1387853119127, 1174.2981235944098
1912.201955318451, 2271.7143956904597, 52.55681934955295
1912.5370585918427, 2271.7143956904597, 52.55681934955295
1913.862508058548, 3620.0878500325034, 169.03285584514174
1914.5626323223114, 3620.0878500325034, 169.03285584514174
1915.0752608776093, 3620.0878500325034, 169.03285584514174
1915.6457319259644, 2268.361661699701, 1568.0544300727386
1916.143398284912, 2269.720853411839, 1562.441393141581
1916.6400678157806, 2273.3650159771187, 1558.3887079795506
1916.9243066310883, 2273.3650159771187, 1558.3887079795506
1917.7161877155304, 3325.571742597194, 1399.082912093865
1918.167976140976, 3621.968782789988, 2660.1569465848124
1918.7344660758972, 3960.183356685573, 135.93608569191628
1919.2650454044342, 3496.840209419836, 472.03274522245323
1922.2320985794067, 2833.3099400647443, 1372.4638596933075
1922.597157239914, 2833.3099400647443, 1372.4638596933075
1923.235446214676, 2947.590514596443, 409.8384673482034
1923.777992963791, 3412.826147228402, 398.47763028784397
1924.260699748993, 1520.0837173285968, 218.85525177175566
1924.7314686775208, 3565.5409998620325, 220.44831984751264
1926.250372171402, -166901.4086827133, 211.1177055777009
1926.6114044189453, -166901.4086827133, 211.1177055777009
1927.3155188560486, 3724.6871061798047, -401122.7601702301
1927.6695716381073, 3724.6871061798047, -401122.7601702301
1928.254005908966, 3605.9684913981746, 355.00639212688225
1928.77161860466, 3559.517938822907, 173.74139055230938
1929.061841249466, 3559.517938822907, 173.74139055230938
1929.5595088005066, 3559.517938822907, 173.74139055230938
1930.205777168274, 3413.4298031066664, 32.59067411324326
1930.5768122673035, 3413.4298031066664, 32.59067411324326
1931.2140827178955, 4276.628979821576, 462.6968961822605
1931.5781025886536, 4276.628979821576, 462.6968961822605
1932.232349872589, 3496.5790476432226, 923.7960163561155
1932.5854041576385, 3496.5790476432226, 923.7960163561155
1933.214718580246, 3648.547240182056, 111.85776487312332
1933.5787434577942, 3648.547240182056, 111.85776487312332
1934.0554673671722, 3648.547240182056, 111.85776487312332
1935.7419500350952, 3513.839565897432, 418.7224237196012
1936.2306406497955, 3136.809735582014, 1464.2267161119676
1936.5956635475159, 3136.809735582014, 1464.2267161119676
1937.278834104538, 3711.6735973516656, 583.4044517164169
1937.801435470581, 3029.5389110758147, 1398.1454365218754
1938.08766746521, 3029.5389110758147, 1398.1454365218754
1938.5923156738281, 3029.5389110758147, 1398.1454365218754
1939.0810360908508, 3029.5389110758147, 1398.1454365218754
1940.7256531715393, 3702.0725057715636, 1316.3899708043023
1941.0398137569427, 3702.0725057715636, 1316.3899708043023
1941.5803661346436, 3702.0725057715636, 1316.3899708043023
1942.2176580429077, 3081.085626098345, 51.607122134729075
1942.593652009964, 3081.085626098345, 51.607122134729075
1943.1990287303925, 3375.7235406450386, 351.01043878960934
1943.556072473526, 3375.7235406450386, 351.01043878960934
1944.7189583778381, 3202.4799370366786, 828.2695418675886
1945.0540616512299, 3202.4799370366786, 828.2695418675886
1945.815022945404, 3482.3620535945806, 1372.9892842093532
1947.2092897891998, 2974.92240681548, 804.5207569845572
1947.5613770484924, 2974.92240681548, 804.5207569845572
1948.244516134262, 129.42590368183835, 1448.4489858027523
1948.6225039958954, 129.42590368183835, 1448.4489858027523
1949.0972318649292, 129.42590368183835, 1448.4489858027523
1949.6218266487122, 129.42590368183835, 1448.4489858027523
1950.088576555252, 129.42590368183835, 1448.4489858027523
1950.7348461151123, 3454.499874387048, 101.47853579233703
1951.2494671344757, 2960.4358848546954, 775.9991355633671
1951.5945436954498, 2960.4358848546954, 775.9991355633671
1952.2288451194763, 3443.265872282264, 1311.291908707607
1952.7225229740143, 3053.8356754890506, -1347.8102862495311
1953.0456569194794, 3053.8356754890506, -1347.8102862495311
1953.5463166236877, 3053.8356754890506, -1347.8102862495311
1954.0389969348907, 3053.8356754890506, -1347.8102862495311
1954.5616257190704, 3053.8356754890506, -1347.8102862495311
1955.0981595516205, 3053.8356754890506, -1347.8102862495311
1956.7587130069733, 3048.568641954678, 681.6457688322312
1957.0429511070251, 3048.568641954678, 681.6457688322312
1957.5815091133118, 3048.568641954678, 681.6457688322312
1958.0602269172668, 3048.568641954678, 681.6457688322312
1958.535953760147, 3048.568641954678, 681.6457688322312
1959.2350807189941, 2977.0790999410774, 1312.3425085887955
1959.7706458568573, 3100.42307576993, 1297.6077016814854
1960.2413861751556, 2978.1758780871282, 432.89271523634903
1960.5794796943665, 2978.1758780871282, 432.89271523634903
1961.0572128295898, 2978.1758780871282, 432.89271523634903
1961.557860136032, 2978.1758780871282, 432.89271523634903
1962.2430245876312, 2209.8649751532275, 421.5637365201713
1962.7476716041565, 3099.0904375078553, 767.947997636765
1963.2353780269623, 2934.8376030497793, 263.30022670186383
1963.5744590759277, 2934.8376030497793, 263.30022670186383
1964.1369516849518, 3188.9985948553103, 2036.337058309353
1964.9547629356384, 1222.9780214337904, 680.9993580668141
1965.7665865421295, 1530.5221664103678, 558.7600224433014
1966.2712352275848, 1925.0412018812458, 1302.0141733526316
1966.6970949172974, 3422.4786114848175, 2017.616609846499
1967.1788048744202, 3249.0101883851544, 1891.1543761972705
1967.494957447052, 3249.0101883851544, 1891.1543761972705
1967.9916279315948, 3249.0101883851544, 1891.1543761972705
1968.6628291606903, 3257.7671905719512, 1873.944599863123
1969.1625216007233, 3253.060975237414, 1864.8586881568303
1969.7090275287628, 3258.7461560588986, 1865.5696762242985
1970.2585566043854, 3259.6988897052033, 1864.7957573461572
1970.349312543869, 3259.6988897052033, 1864.7957573461572
1970.3882088661194, 3259.6988897052033, 1864.7957573461572
1970.419126033783, 3259.6988897052033, 1864.7957573461572
1970.7282977104187, 3260.9141241850716, 1867.9099611681295
1970.808084487915, 3260.9141241850716, 1867.9099611681295
1971.1850745677948, 3248.756594532407, 1859.9433244167535
1971.5082099437714, 3248.756594532407, 1859.9433244167535
1972.1504888534546, 3248.2733283057373, 1853.8238190331747
1972.523490190506, 3248.2733283057373, 1853.8238190331747
1973.153801202774, 3248.076952356603, 1846.9723708696863
1973.6993415355682, 3256.025035730298, 1864.4430750570043
1974.199004650116, 3244.187347236945, 1853.5520999555517
1974.7305784225464, 3241.7462710983573, 1846.0815235443931
1974.9998574256897, 3241.7462710983573, 1846.0815235443931
1975.508495092392, 3241.7462710983573, 1846.0815235443931
1976.182689666748, 3240.1612080248674, 1848.375547179875
1976.6993067264557, 3241.5875483600644, 1849.4210923241994
1977.2109355926514, 3246.5330835283885, 1849.1515032673776
1977.6547465324402, 3246.0238182607945, 1856.3975524232599
1978.2142481803894, 3250.4796296705526, 1853.6344766842012
1978.5164415836334, 3250.4796296705526, 1853.6344766842012
1979.2165637016296, 3253.508961509146, 1857.4491493856394
1979.6843111515045, 3241.4863819012126, 1852.758008062829
1980.1809816360474, 3243.128009871134, 1841.046133765435
1980.5440077781677, 3243.128009871134, 1841.046133765435
1981.155371427536, 3235.5170014399528, 1837.1641346673368
1981.6909620761871, 3237.3306207912233, 1849.0413423304701
1982.1706523895264, 3237.0657990087548, 1849.6487756112097
1982.5107429027557, 3237.0657990087548, 1849.6487756112097
1983.1779544353485, 3237.411559459742, 1842.2410698251451
1983.6856226921082, 3238.049451086536, 1838.3936443590114
1983.9927716255188, 3238.049451086536, 1838.3936443590114
1984.5183644294739, 3238.049451086536, 1838.3936443590114
1984.9901008605957, 3238.049451086536, 1838.3936443590114
1985.6742677688599, 3242.9058387069294, 1845.49830815502
1986.1839032173157, 3241.8484835341483, 1833.6442683651271
1986.528979063034, 3241.8484835341483, 1833.6442683651271
1987.0176711082458, 3241.8484835341483, 1833.6442683651271
1987.7307620048523, 3241.989870779451, 1835.7516464820258
1988.201500415802, 3236.1468260744296, 1835.058940525039
1988.5276265144348, 3236.1468260744296, 1835.058940525039
1988.9824075698853, 3236.1468260744296, 1835.058940525039
1989.6855254173279, 3239.978041632198, 1833.9531217425788
1989.9986865520477, 3239.978041632198, 1833.9531217425788
1990.7067892551422, 3237.19939785212, 1831.8451033793144
1991.1675555706024, 3237.7490831941177, 1830.4568197685016
1991.499665737152, 3237.7490831941177, 1830.4568197685016
1992.1419467926025, 3235.0409745760508, 1844.002216579547
1992.4989895820618, 3235.0409745760508, 1844.002216579547
1992.9896757602692, 3235.0409745760508, 1844.002216579547
1993.4943251609802, 3235.0409745760508, 1844.002216579547
1994.1565499305725, 3238.2457687639026, 1837.6370621493952
1994.5205755233765, 3238.2457687639026, 1837.6370621493952
1995.1897835731506, 3231.932995543724, 1832.3102907291707
1995.7313339710236, 3238.808800127676, 1842.5674000372514
1996.0095880031586, 3238.808800127676, 1842.5674000372514
1996.503265619278, 3238.808800127676, 1842.5674000372514
1997.163496017456, 3241.0967370949047, 1845.0456642004333
1997.6870942115784, 3245.704981377325, 1823.4576802251224
1998.1608259677887, 3235.211237731038, 1832.7622401232413
1998.6804337501526, 3239.414301591048, 1830.8486593072676
1999.007557630539, 3239.414301591048, 1830.8486593072676
1999.7056906223297, 3239.276171408807, 1828.902089060527
2000.0048868656158, 3239.276171408807, 1828.902089060527
2000.6790866851807, 3238.6066784111044, 1834.7088363453452
2001.1727645397186, 3240.357256558693, 1833.3229142970383
2001.4998886585236, 3240.357256558693, 1833.3229142970383
2002.1432235240936, 3241.5606019056813, 1831.8569774930518
2002.678816318512, 3240.7395899969692, 1831.6256124972242
2003.181480884552, 3235.4773745755433, 1831.9117415276412
2003.5125937461853, 3235.4773745755433, 1831.9117415276412
2003.9962980747223, 3235.4773745755433, 1831.9117415276412
2004.702407360077, 3239.5067033041355, 1827.1395621395652
2005.1751408576965, 3237.4963921654703, 1832.7994509594635
2005.494285583496, 3237.4963921654703, 1832.7994509594635
2006.1485333442688, 3242.1194436793407, 1819.423683426364
2006.5145535469055, 3242.1194436793407, 1819.423683426364
2007.1438677310944, 3240.2645970817966, 1830.1249392189143
2007.6874127388, 3234.0546458409294, 1833.0817713403903
2008.1621401309967, 3233.97133039064, 1831.3303758123895
2008.5122034549713, 3233.97133039064, 1831.3303758123895
2008.9879293441772, 3233.97133039064, 1831.3303758123895
2009.682070016861, 3237.7740838392506, 1834.6257497593208
2010.1717581748962, 3235.9427949791066, 1834.121188880638
2010.6823904514313, 3235.8624061901064, 1825.1423355905101
2011.184047460556, 3235.428104857581, 1836.8857576630953
2011.715623140335, 3239.880492169652, 1838.8506152248224
2012.2202837467194, 3237.0361834311234, 1836.396101933447
2012.511492729187, 3237.0361834311234, 1836.396101933447
2013.1797018051147, 3241.077170164161, 1827.2940034458052
2013.7062923908234, 3236.2864087264406, 1834.6434506974933
2014.2039601802826, 3240.716452228441, 1833.0228109437116
2014.686666727066, 3232.6605509596693, 1830.6058351593447
2015.1903173923492, 3236.5542870658273, 1822.856318546936
2015.56232047081, 3236.5542870658273, 1822.856318546936
2015.992169380188, 3236.5542870658273, 1822.856318546936
2016.673345565796, 3243.090337208831, 1825.3895263977279
2017.0004687309265, 3243.090337208831, 1825.3895263977279
2017.5001306533813, 3243.090337208831, 1825.3895263977279
2018.1813061237335, 3238.8584488146703, 1834.1242143545105
2018.7108895778656, 3239.022367294831, 1834.138651012897
2018.9931321144104, 3239.022367294831, 1834.138651012897
2019.7052257061005, 3237.0848693703765, 1831.8016005924699
2020.341521024704, 3236.368783728006, 1832.8089977319405
2020.746435880661, 3231.840558044244, 1828.8764115718575
2021.0217018127441, 3231.840558044244, 1828.8764115718575
2021.7397763729095, 3240.271765802145, 1830.2620429770998
2022.227469921112, 3232.723858887268, 1838.3199818170833
2022.7799909114838, 3239.1344681744213, 1833.1119024905001
2023.226794242859, 3238.392626668567, 1834.644855686995
2023.5230000019073, 3238.392626668567, 1834.644855686995
2024.1832313537598, 3238.8541045818374, 1831.0748000169915
2024.7148072719574, 3236.954104572067, 1824.1709111960938
2025.0279695987701, 3236.954104572067, 1824.1709111960938
2025.6652674674988, 3231.250198923741, 1828.212873673245
2025.9933845996857, 3231.250198923741, 1828.212873673245
2026.5119953155518, 3231.250198923741, 1828.212873673245
2026.9927070140839, 3231.250198923741, 1828.212873673245
2027.6639091968536, 3238.8176918576537, 1828.4320262821557
2028.1775352954865, 3240.8848387771627, 1832.2989690352247
2028.5265991687775, 3240.8848387771627, 1832.2989690352247
2028.9973380565643, 3240.8848387771627, 1832.2989690352247
2029.531905889511, 3240.8848387771627, 1832.2989690352247
2029.9936692714691, 3240.8848387771627, 1832.2989690352247
2030.7187292575836, 3235.764915933094, 1827.7565736569604
2031.0109450817108, 3235.764915933094, 1827.7565736569604
2031.697107076645, 3239.5429458317603, 1824.771168986151
2032.2057464122772, 3222.2763184879886, 1835.716487200862
2032.720367193222, 3236.052521322976, 1840.0719313076793
2033.2140443325043, 3232.1361763174314, 1835.9337014239593
2033.717695236206, 3235.543696684297, 1827.9238245954705
2034.226333618164, 3235.807793853025, 1835.5611829811949
2034.7319786548615, 3235.1251194120596, 1828.3973924980055
2035.22864985466, 3237.192581670951, 1830.502726915408
2035.7322993278503, 3236.9210814520175, 1832.3892248980135
2036.026512145996, 3236.9210814520175, 1832.3892248980135
2036.7236454486847, 3232.9990501436087, 1830.1844270442198
2037.25821352005, 3235.2537105908614, 1827.8297203338552
2037.7169840335846, 3240.9246316444087, 1838.9329635375043
2038.271499633789, 3236.5493247009285, 1833.6577365547416
2038.7083327770233, 3232.1056214585146, 1829.487424849063
2039.1820611953735, 3240.2171446184825, 1827.0820933758728
2039.7056596279144, 3234.3836524050257, 1831.6821737077369
2040.2023282051086, 3238.1585448922083, 1831.2184320022307
2040.6970031261444, 3239.7807542515607, 1830.5968544906375
2041.1807069778442, 3232.5147228312826, 1832.5097488715771
2041.7102897167206, 3237.301206391001, 1826.10523115331
2042.1890070438385, 3234.191490123602, 1833.12689558603
2042.5221149921417, 3234.191490123602, 1833.12689558603
2043.1993007659912, 3241.5846381253136, 1826.2023589649543
2043.5423827171326, 3241.5846381253136, 1826.2023589649543
2044.197627067566, 3242.8964974266014, 1824.6487721413157
2044.7042708396912, 3231.3665242654, 1833.0211866944871
2045.1989450454712, 3234.74520323367, 1827.8341733450118
2045.729525566101, 3242.605231263877, 1823.5758816004227
2046.2251970767975, 3238.6687255877055, 1828.6136430987408
2046.7537832260132, 3239.005552125406, 1830.6507154959677
2047.0180733203888, 3239.005552125406, 1830.6507154959677
2047.7261774539948, 3235.913230459687, 1829.0827142752792
2048.226851940155, 3238.9720622314353, 1831.436913960454
2048.541993379593, 3238.9720622314353, 1831.436913960454
2049.187265396118, 3237.0402491826912, 1827.3669686085582
2049.7048773765564, 3234.1133673296454, 1824.9307082459554
2050.1935682296753, 3235.078723027907, 1827.9384414309598
2050.523719072342, 3235.078723027907, 1827.9384414309598
2051.037343978882, 3235.078723027907, 1827.9384414309598
2051.7245016098022, 3240.092157541642, 1826.1668162010067
2052.203221321106, 3244.283719946535, 1818.6183702418466
2052.5353305339813, 3244.283719946535, 1818.6183702418466
2053.0090610980988, 3244.283719946535, 1818.6183702418466
2053.7371125221252, 3234.026511841313, 1831.372658222941
2054.0393028259277, 3234.026511841313, 1831.372658222941
2054.7583758831024, 3238.376061805382, 1833.981636835026
2055.02765583992, 3238.376061805382, 1833.981636835026
2055.518341064453, 3238.376061805382, 1833.981636835026
2056.018003463745, 3238.376061805382, 1833.981636835026
2056.7241129875183, 3240.556808703951, 1826.96908070255
2057.2088136672974, 3244.934582504843, 1820.2977621142802
2057.702491760254, 3234.6300693919707, 1827.8929395306234
2058.008672952652, 3234.6300693919707, 1827.8929395306234
2058.7157769203186, 3232.7983755549662, 1827.2017290467188
2059.2224209308624, 3235.5669618669613, 1822.8713467538807
2059.531594991684, 3235.5669618669613, 1822.8713467538807
2060.021282672882, 3235.5669618669613, 1822.8713467538807
2060.520942926407, 3235.5669618669613, 1822.8713467538807
2061.013624191284, 3235.5669618669613, 1822.8713467538807
2061.50231385231, 3235.5669618669613, 1822.8713467538807
2062.0129482746124, 3235.5669618669613, 1822.8713467538807
2062.741993665695, 3234.3295580763665, 1828.892372847515
2063.264594554901, 3236.162762195694, 1826.4285531426385
2063.5308814048767, 3236.162762195694, 1826.4285531426385
2064.012591600418, 3236.162762195694, 1826.4285531426385
2064.5152459144592, 3236.162762195694, 1826.4285531426385
2065.195425271988, 3236.4061965449637, 1825.3656712592806
2065.709048986435, 3236.499025357427, 1828.3270068245433
2066.2067227363586, 3241.8758940225916, 1824.5440729878123
2066.6944081783295, 3240.584777905719, 1827.2415778201155
2067.205040216446, 3244.321390251222, 1824.9871090160036
2067.547125339508, 3244.321390251222, 1824.9871090160036
2068.006894826889, 3244.321390251222, 1824.9871090160036
2068.507551431656, 3244.321390251222, 1824.9871090160036
2069.013198852539, 3244.321390251222, 1824.9871090160036
2069.5457730293274, 3244.321390251222, 1824.9871090160036
2070.1820685863495, 3232.649097699444, 1832.0588814721893
2070.7176344394684, 3237.1394512935994, 1825.9730219349683
2071.2442348003387, 3235.1977778476025, 1828.8650336647327
2071.5214796066284, 3235.1977778476025, 1828.8650336647327
2072.1886925697327, 3238.1961550255687, 1830.4706894387562
2072.514820575714, 3238.1961550255687, 1830.4706894387562
2073.1750519275665, 3238.979762898303, 1827.1023555454458
2073.5051670074463, 3238.979762898303, 1827.1023555454458
2074.172380208969, 3239.410505762054, 1821.474366267684
2074.6969747543335, 3245.5851329988272, 1827.8378772555586
2075.040055990219, 3245.5851329988272, 1827.8378772555586
2075.688320159912, 3239.2051223442336, 1825.941872412902
2076.0104582309723, 3239.2051223442336, 1825.941872412902
2076.7115807533264, 3228.5449578760436, 1829.8266393171657
2077.006790161133, 3228.5449578760436, 1829.8266393171657
2077.7378313541412, 3242.925143690609, 1825.5936276343518
2078.2145545482635, 3240.3248032880138, 1828.7279707192554
2078.7112243175507, 3237.802262032212, 1825.7064933663771
2079.2408063411713, 3238.2009789107246, 1830.7820338100898
2079.7334864139557, 3234.525830956786, 1823.6178872229082
2080.2441182136536, 3238.4722845405618, 1822.524034157857
2080.6839413642883, 3240.035516491798, 1824.1624855270136
2081.1885879039764, 3239.7076508445425, 1830.3090034247925
2081.702213525772, 3235.3135302332853, 1824.295170296555
2082.1938972473145, 3234.0494216273523, 1825.407068515941
2082.7075204849243, 3235.402458228805, 1825.8576787094057
2083.0037281513214, 3235.402458228805, 1825.8576787094057
2083.5283246040344, 3235.402458228805, 1825.8576787094057
2084.156640291214, 3239.4601016281053, 1827.228840105696
2084.6852247714996, 3240.7167806250627, 1819.0330845550677
2085.001377105713, 3240.7167806250627, 1819.0330845550677
2085.7563831806183, 3238.0603852007484, 1830.6900399775275
2086.026631832123, 3238.0603852007484, 1830.6900399775275
2086.537266731262, 3238.0603852007484, 1830.6900399775275
2087.06086230278, 3238.0603852007484, 1830.6900399775275
2087.525618314743, 3238.0603852007484, 1830.6900399775275
2088.2057943344116, 3239.6584287929345, 1827.9113893540984
2088.557852268219, 3239.6584287929345, 1827.9113893540984
2089.244014263153, 3237.506757279009, 1827.8170253578803
2089.754646062851, 3243.781628009716, 1820.6851662102454
2090.020933866501, 3243.781628009716, 1820.6851662102454
2090.7051014900208, 3235.091320507485, 1826.356465509941
2091.18980383873, 3240.7780791363343, 1825.1327098682377
2091.7114338874817, 3237.236502978583, 1833.1113001859574
2092.0155911445618, 3237.236502978583, 1833.1113001859574
2092.516249895096, 3237.236502978583, 1833.1113001859574
2092.9999539852142, 3237.236502978583, 1833.1113001859574
2093.6970868110657, 3231.2053075857966, 1824.9318756737423
2094.2216849327087, 3233.9978806302124, 1829.824223089772
2094.515893936157, 3233.9978806302124, 1829.824223089772
2095.0075781345367, 3233.9978806302124, 1829.824223089772
2095.70770406723, 3238.59014430871, 1826.0942047152769
2096.0328316688538, 3238.59014430871, 1826.0942047152769
2096.5344891548157, 3238.59014430871, 1826.0942047152769
2097.2376062870026, 3233.798057839857, 1825.4705626248908
2097.7392621040344, 3234.8080395341476, 1832.715581363744
2098.2339379787445, 3243.773450942367, 1827.4342910734601
2098.741577386856, 3236.1395291418075, 1826.5571846121186
2099.19735622406, 3236.466852091019, 1830.3206874442053
2099.513509988785, 3236.466852091019, 1830.3206874442053
2100.004195213318, 3236.466852091019, 1830.3206874442053
2100.6744050979614, 3243.010362339441, 1825.2318419809496
2101.1950101852417, 3237.295702657052, 1823.9679584606008
2101.506177663803, 3237.295702657052, 1823.9679584606008
2101.997859954834, 3237.295702657052, 1823.9679584606008
2102.683025598526, 3240.643186310759, 1826.91356696973
2103.018127679825, 3240.643186310759, 1826.91356696973
2103.5058212280273, 3240.643186310759, 1826.91356696973
2104.0014939308167, 3240.643186310759, 1826.91356696973
2104.509134531021, 3240.643186310759, 1826.91356696973
2105.0127856731415, 3240.643186310759, 1826.91356696973
2105.533391237259, 3240.643186310759, 1826.91356696973
2106.170684337616, 3238.6492891576863, 1824.9300842880414
2106.5147621631622, 3238.6492891576863, 1824.9300842880414
2107.001459121704, 3238.6492891576863, 1824.9300842880414
2107.673686981201, 3247.1832072650054, 1814.2668401770616
2108.222217798233, 3239.8876040845907, 1838.059253551461
2108.5224142074585, 3239.8876040845907, 1838.059253551461
2109.0170884132385, 3239.8876040845907, 1838.059253551461
2109.6793150901794, 3239.681699459878, 1830.6939981218356
2110.0283801555634, 3239.681699459878, 1830.6939981218356
2110.706563472748, 3238.2312084159144, 1824.1963289770392
2111.031693458557, 3238.2312084159144, 1824.1963289770392
2111.7018978595734, 3234.5230256877526, 1831.2673856992826
2112.0070807933807, 3234.5230256877526, 1831.2673856992826
2112.708207130432, 3239.6327455347864, 1827.490540624636
2113.2318003177643, 3237.8118926332586, 1826.1020282093461
2113.5180339813232, 3237.8118926332586, 1826.1020282093461
2114.010714530945, 3237.8118926332586, 1826.1020282093461
2114.6898951530457, 3243.326365180576, 1822.336514201274
2115.1945440769196, 3243.5302986515867, 1819.676839930992
2115.537626028061, 3243.5302986515867, 1819.676839930992
2116.0073664188385, 3243.5302986515867, 1819.676839930992
2116.5070283412933, 3243.5302986515867, 1819.676839930992
2117.0027010440826, 3243.5302986515867, 1819.676839930992
2117.6918964385986, 3239.382683662057, 1814.3669097648462
2118.0060529708862, 3239.382683662057, 1814.3669097648462
2118.5067117214203, 3239.382683662057, 1814.3669097648462
2119.0053770542145, 3239.382683662057, 1814.3669097648462
2119.512018918991, 3239.382683662057, 1814.3669097648462
2119.998715400696, 3239.382683662057, 1814.3669097648462
2120.522314786911, 3239.382683662057, 1814.3669097648462
2121.0090095996857, 3239.382683662057, 1814.3669097648462
2121.7171132564545, 3235.179548299966, 1828.433636755564
2122.0163118839264, 3235.179548299966, 1828.433636755564
2122.719430208206, 3236.6157625121796, 1826.2468698074522
2123.1851813793182, 3235.1399201925983, 1820.7735382490214
2123.7037918567657, 3237.504993183219, 1826.9172390469448
2124.1944773197174, 3234.4942506800317, 1833.700743183597
2124.704113960266, 3239.68157694226, 1828.6732599553854
2125.0073008537292, 3239.68157694226, 1828.6732599553854
2125.702439546585, 3234.301800725743, 1828.419860191604
2126.0066249370575, 3234.301800725743, 1828.419860191604
2126.510276556015, 3234.301800725743, 1828.419860191604
2127.0059485435486, 3234.301800725743, 1828.419860191604
2127.5036153793335, 3234.301800725743, 1828.419860191604
2128.0062687397003, 3234.301800725743, 1828.419860191604
2128.502939224243, 3234.301800725743, 1828.419860191604
2129.1811230182648, 3240.8686507255406, 1821.0962366821748
2129.52819275856, 3240.8686507255406, 1821.0962366821748
2130.19939494133, 3236.1686635566693, 1823.7078123280617
2130.752913951874, 3245.050068047063, 1819.4310464505531
2131.209689617157, 3236.414926537727, 1832.5501668937932
2131.5138745307922, 3236.414926537727, 1832.5501668937932
2132.167205810547, 3242.581268293212, 1819.9589857889796
2132.696787595749, 3239.9244258450362, 1824.0991444191116
2133.1814892292023, 3242.9696008399724, 1821.1805240406338
2133.6941175460815, 3240.5601497445973, 1821.6814532304716
2134.012264728546, 3240.5601497445973, 1821.6814532304716
2134.527885198593, 3240.5601497445973, 1821.6814532304716
2135.167171239853, 3242.491946260551, 1824.5052482740537
2135.6997451782227, 3243.102352835734, 1817.2051347183658
2136.005924463272, 3243.102352835734, 1817.2051347183658
2136.6890954971313, 3237.3126373454606, 1816.2838188463631
2137.1887567043304, 3235.5857371116535, 1830.5344631650823
2137.508899450302, 3235.5857371116535, 1830.5344631650823
2138.1751153469086, 3237.6671371301613, 1826.6709632955422
2138.7575557231903, 3236.708060125993, 1824.1456448195665
2139.0168602466583, 3236.708060125993, 1824.1456448195665
2139.7070124149323, 3240.589321899182, 1818.0223626863751
2140.193708896637, 3240.0416855722565, 1824.957407864509
2140.698357105255, 3247.242032359309, 1818.5993714769052
2141.195027112961, 3244.10835815393, 1823.9198645369672
2141.524144887924, 3244.10835815393, 1823.9198645369672
2142.006852388382, 3244.10835815393, 1823.9198645369672
2142.5015273094177, 3244.10835815393, 1823.9198645369672
2143.1607625484467, 3244.7716491053316, 1816.2865942712624
2143.5168080329895, 3244.7716491053316, 1816.2865942712624
2144.1461231708527, 3238.3225710158226, 1823.5201061421221
2144.577966451645, 3238.3225710158226, 1823.5201061421221
2144.997921228409, 3238.3225710158226, 1823.5201061421221
2145.6741106510162, 3242.7490951010254, 1826.3829209743678
2146.1757667064667, 3242.4650263456947, 1825.5147790138844
2146.5258309841156, 3242.4650263456947, 1825.5147790138844
2147.2209680080414, 3243.2600354832493, 1829.6666935070907
2147.716639518738, 3240.709651966943, 1822.4569364558783
2148.1744136810303, 3245.4213981286025, 1817.2128317021818
2148.6990089416504, 3224.2277177710075, 1824.0916364971495
2149.2016627788544, 3240.690468803328, 1818.6240898515066
2149.7053146362305, 3233.024377797347, 1839.8165277017772
2150.176053762436, 3243.971353126966, 1818.9785897189886
2150.691701889038, 3243.167532236957, 1824.297203023613
2151.2152993679047, 3235.8233132361042, 1827.6106220325537
2151.7638313770294, 3234.1048076583393, 1826.4640558095691
2152.238558769226, 3237.498686366443, 1824.6088146714405
2152.714284181595, 3240.7751879754155, 1827.028342663699
2153.0005190372467, 3240.7751879754155, 1827.028342663699
2153.5071618556976, 3240.7751879754155, 1827.028342663699
2154.2062890529633, 3237.944884056154, 1823.3133720403189
2154.541391849518, 3237.944884056154, 1823.3133720403189
2155.007143974304, 3237.944884056154, 1823.3133720403189
2155.7481586933136, 3247.478897189655, 1822.2819529149492
2156.0343930721283, 3247.478897189655, 1822.2819529149492
2156.7275359630585, 3235.3548783283236, 1812.6035209385166
2157.2062544822693, 3244.0455588421937, 1820.7747533943682
2157.5064504146576, 3244.0455588421937, 1820.7747533943682
2158.1686775684357, 3243.25968313662, 1824.3525872275013
2158.5257205963135, 3243.25968313662, 1824.3525872275013
2159.157028913498, 3241.2661603593956, 1820.158304242206
2159.507091999054, 3241.2661603593956, 1820.158304242206
2160.1673238277435, 3234.8592080576086, 1831.5780313714267
2160.689925432205, 3246.235750725031, 1817.9107502109628
2161.199558496475, 3240.916373045979, 1819.3867577958777
2161.51371717453, 3240.916373045979, 1819.3867577958777
2162.001411676407, 3240.916373045979, 1819.3867577958777
2162.6756052970886, 3237.2923272382536, 1823.4554362826857
2163.170280456543, 3235.7422521641124, 1823.7120126858683
2163.739755630493, 3243.761045254426, 1824.3983668621172
2164.030975341797, 3243.761045254426, 1824.3983668621172
2164.5136818885803, 3243.761045254426, 1824.3983668621172
2165.1699254512787, 3233.8392109243136, 1823.5923994438244
2165.5209844112396, 3233.8392109243136, 1823.5923994438244
2166.155286550522, 3240.636086437641, 1825.4852716527548
2166.695838689804, 3240.830484449894, 1809.6643288650353
2167.1675741672516, 3238.3951707425977, 1818.952752745134
2167.686185359955, 3244.5188077257503, 1816.7352270593667
2168.1888389587402, 3239.3040474086947, 1827.647161196712
2168.719419002533, 3242.7972565139717, 1828.2211551730181
2169.208109855652, 3240.677642625453, 1820.8750398843988
2169.5332386493683, 3240.677642625453, 1820.8750398843988
2170.178510427475, 3243.9810146424607, 1826.2552900841952
2170.5305671691895, 3243.9810146424607, 1826.2552900841952
2171.027237176895, 3243.9810146424607, 1826.2552900841952
2171.700434446335, 3241.607025560895, 1828.244126472174
2172.2230353355408, 3243.7902349810643, 1823.9805410537424
2172.7466325759888, 3238.184361685331, 1826.5806757781918
2173.0428388118744, 3238.184361685331, 1826.5806757781918
2173.7160363197327, 3240.972747698904, 1820.6336667766293
2174.1897678375244, 3238.146397324068, 1827.4586508382308
2174.5428216457367, 3238.146397324068, 1827.4586508382308
2175.025528907776, 3238.146397324068, 1827.4586508382308
2175.513227701187, 3238.146397324068, 1827.4586508382308
2176.1754546165466, 3241.0610073811185, 1820.6588885580752
2176.704037666321, 3241.3469396374153, 1824.469981815771
2177.040138721466, 3241.3469396374153, 1824.469981815771
2177.5218489170074, 3241.3469396374153, 1824.469981815771
2178.019514799118, 3241.3469396374153, 1824.469981815771
2178.528153181076, 3241.3469396374153, 1824.469981815771
2179.0318038463593, 3241.3469396374153, 1824.469981815771
2179.5384471416473, 3241.3469396374153, 1824.469981815771
2180.1707530021667, 3237.224525604484, 1819.3909467123879
2180.5397658348083, 3237.224525604484, 1819.3909467123879
2181.0294535160065, 3237.224525604484, 1819.3909467123879
2181.5201399326324, 3237.224525604484, 1819.3909467123879
2182.191341638565, 3235.974380719739, 1823.4155776217585
2182.715936422348, 3243.7201980656923, 1822.830278734921
2183.0211205482483, 3243.7201980656923, 1822.830278734921
2183.5377368927, 3243.7201980656923, 1822.830278734921
2184.1740317344666, 3236.7499040100483, 1823.5635039342983
2184.704610347748, 3244.388391970514, 1814.9879756850687
2185.185323238373, 3235.77926631652, 1824.2275239396147
2185.529401063919, 3235.77926631652, 1824.2275239396147
2186.184647321701, 3237.9741954333467, 1819.0031894436036
2186.698270559311, 3232.2431439064467, 1821.461332310825
2187.028386592865, 3232.2431439064467, 1821.461332310825
2187.5150825977325, 3232.2431439064467, 1821.461332310825
2188.174318790436, 3236.2134645684705, 1821.2562415369928
2188.7896704673767, 3239.726899538998, 1817.747059141958
2189.2773644924164, 3239.2857713163944, 1821.1947942198294
2189.5546205043793, 3239.2857713163944, 1821.1947942198294
2190.178948163986, 3240.8002170928125, 1817.8487124376716
2190.5280137062073, 3240.8002170928125, 1817.8487124376716
2191.1772747039795, 3243.674669212588, 1824.0945494601044
2191.7108466625214, 3245.133270082396, 1822.7733448842775
2192.184577703476, 3239.591007762461, 1825.1574227297874
2192.5366377830505, 3239.591007762461, 1825.1574227297874
2193.0243289470673, 3239.591007762461, 1825.1574227297874
2193.6775794029236, 3249.54637708557, 1812.986793592489
2194.1822261810303, 3238.695472591773, 1832.8102553630722
2194.521317958832, 3238.695472591773, 1832.8102553630722
2195.02400970459, 3238.695472591773, 1832.8102553630722
2195.523672103882, 3238.695472591773, 1832.8102553630722
2196.1809108257294, 3238.355106691556, 1808.0330336254822
2196.7154800891876, 3242.4427576167004, 1819.3105780080703
2197.2251138687134, 3236.927539759313, 1825.0487361766561
2197.7497103214264, 3244.5905115192636, 1815.9039788739108
2198.0399329662323, 3244.5905115192636, 1815.9039788739108
2198.5485689640045, 3244.5905115192636, 1815.9039788739108
2199.2038159370422, 3248.963191094793, 1818.7839486930475
2199.7463619709015, 3242.6636349669716, 1826.012103983092
2200.2021420001984, 3244.1857332398954, 1814.3501632430562
2200.5302634239197, 3244.1857332398954, 1814.3501632430562
2201.0189547538757, 3244.1857332398954, 1814.3501632430562
2201.52659368515, 3244.1857332398954, 1814.3501632430562
2202.0232651233673, 3244.1857332398954, 1814.3501632430562
2202.690477371216, 3244.7473729010094, 1826.372036201645
2203.204100370407, 3245.420297962956, 1821.5146863023638
2203.72670173645, 3236.6542161416655, 1825.6516833440612
2204.200432777405, 3235.5737520101297, 1827.7024713219816
2204.5325424671173, 3235.5737520101297, 1827.7024713219816
2205.179811000824, 3238.1612994396014, 1824.76275444193
2205.744298219681, 3245.3626186736005, 1823.125251947217
2206.2589190006256, 3244.3530792191273, 1824.8083761427688
2206.535180091858, 3244.3530792191273, 1824.8083761427688
2207.193415403366, 3246.157145494839, 1821.0047692056974
2207.7160170078278, 3239.7673987590692, 1819.3661243604531
2208.211689710617, 3243.0816740396526, 1819.8920468700446
2208.705370426178, 3242.311182414118, 1818.0858662858282
2209.1751086711884, 3243.83521145472, 1822.8948872387668
2209.5411298274994, 3243.83521145472, 1822.8948872387668
2210.0188505649567, 3243.83521145472, 1822.8948872387668
2210.700024843216, 3245.8065833162063, 1821.0775421856467
2211.0620560646057, 3245.8065833162063, 1821.0775421856467
2211.7232842445374, 3240.055390010295, 1825.440847548718
2212.1970150470734, 3237.9825663790107, 1824.346916609859
2212.548075437546, 3237.9825663790107, 1824.346916609859
2213.023802280426, 3237.9825663790107, 1824.346916609859
2213.7050063610077, 3247.1888229386655, 1819.7001450916632
2214.0710287094116, 3247.1888229386655, 1819.7001450916632
2214.7761373519897, 3244.562756193845, 1822.0832440678855
2215.05140042305, 3244.562756193845, 1822.0832440678855
2215.751527070999, 3234.9699434108416, 1826.7515506756065
2216.2312405109406, 3238.000736946379, 1823.756949466098
2216.5453996658325, 3238.000736946379, 1823.756949466098
2217.186681032181, 3241.6211637006854, 1820.1797891216295
2217.5327546596527, 3241.6211637006854, 1820.1797891216295
2218.0304214954376, 3241.6211637006854, 1820.1797891216295
2218.7235655784607, 3240.454191937657, 1820.345336276173
2219.2062730789185, 3236.8276394351346, 1821.7054914186735
2219.5294070243835, 3236.8276394351346, 1821.7054914186735
2220.219559431076, 3244.651875611709, 1817.277933354073
2220.7541704177856, 3242.5076919790695, 1818.1692943128646
2221.204966545105, 3247.991229001018, 1819.322741924602
2221.704624891281, 3248.6407272607166, 1814.1052346203462
2222.234205722809, 3238.310859669057, 1827.04129095629
2222.7268872261047, 3239.6040191434963, 1822.715056437139
2223.0430397987366, 3239.6040191434963, 1822.715056437139
2223.7072610855103, 3246.4765589426693, 1818.0094316347534
2224.203930616379, 3244.6002826032354, 1814.4755718276779
2224.7145626544952, 3235.100639677059, 1830.0448692910347
2225.200262784958, 3242.2037065096815, 1823.3183123389554
2225.5343701839447, 3242.2037065096815, 1823.3183123389554
2226.1746537685394, 3230.972226854529, 1817.0916305742564
2226.5297021865845, 3230.972226854529, 1817.0916305742564
2227.191935300827, 3241.2433953275413, 1822.6549807501779
2227.693592071533, 3244.7081742913338, 1818.2822826928284
2228.189262866974, 3248.1480884297494, 1824.53706061874
2228.694908618927, 3243.9336468194647, 1818.6408922897915
2229.016048669815, 3243.9336468194647, 1818.6408922897915
2229.7081949710846, 3246.0931487539306, 1815.2951544985335
2230.0403065681458, 3246.0931487539306, 1815.2951544985335
2230.539967775345, 3246.0931487539306, 1815.2951544985335
2231.032647371292, 3246.0931487539306, 1815.2951544985335
2231.717814683914, 3244.7679508936135, 1825.9303754421624
2232.1965305805206, 3239.3283403812356, 1823.167535158995
2232.5346252918243, 3239.3283403812356, 1823.167535158995
2233.0073606967926, 3239.3283403812356, 1823.167535158995
2233.6746134757996, 3242.9994249756905, 1827.8556318304961
2234.1932241916656, 3238.897677481214, 1824.1275605223827
2234.6998674869537, 3240.339820995537, 1818.028413839963
2235.0309793949127, 3240.339820995537, 1818.028413839963
2235.519671678543, 3240.339820995537, 1818.028413839963
2236.0153431892395, 3240.339820995537, 1818.028413839963
2236.5229840278625, 3240.339820995537, 1818.028413839963
2237.0246410369873, 3240.339820995537, 1818.028413839963
2237.5183413028717, 3240.339820995537, 1818.028413839963
2238.0249841213226, 3240.339820995537, 1818.028413839963
2238.5206537246704, 3240.339820995537, 1818.028413839963
2239.216791152954, 3239.557489025488, 1821.3796949659643
2239.7324085235596, 3243.5274608190234, 1821.0128287524738
2240.03360247612, 3243.5274608190234, 1821.0128287524738
2240.724752187729, 3242.400347386952, 1820.7122500569062
2241.0329265594482, 3242.400347386952, 1820.7122500569062
2241.6971485614777, 3247.1583481251982, 1819.6709672723166
2242.207778930664, 3242.166062694246, 1832.041044914542
2242.5279219150543, 3242.166062694246, 1832.041044914542
2243.0225973129272, 3242.166062694246, 1832.041044914542
2243.6977891921997, 3239.935066963859, 1824.92104900054
2244.0358839035034, 3239.935066963859, 1824.92104900054
2244.713070631027, 3239.8785694112416, 1821.6733072224902
2245.2067477703094, 3240.2150569407477, 1824.4871443559068
2245.5318772792816, 3240.2150569407477, 1824.4871443559068
2246.1861248016357, 3241.355194997839, 1820.2735734820794
2246.7147128582, 3244.5926053597386, 1823.015218673666
2247.1874430179596, 3244.8725305904186, 1819.8571712920107
2247.5414938926697, 3244.8725305904186, 1819.8571712920107
2248.032180786133, 3244.8725305904186, 1819.8571712920107
2248.718342781067, 3242.3049907420427, 1821.5643118257683
2249.2170071601868, 3240.5043058070123, 1823.4431367261086
2249.544132232666, 3240.5043058070123, 1823.4431367261086
2250.1784336566925, 3242.272620766535, 1822.8057274711707
2250.550436258316, 3242.272620766535, 1822.8057274711707
2251.1787514686584, 3241.0298670261764, 1826.0796332657035
2251.7133214473724, 3240.936956507667, 1820.0017087210285
2252.2119863033295, 3246.302160400833, 1821.0336123702439
2252.528138399124, 3246.302160400833, 1821.0336123702439
2253.1783974170685, 3241.8913342540873, 1815.9797530793971
2253.7249808311462, 3241.654558725784, 1819.8044014395389
2254.2415969371796, 3239.4479584757405, 1820.087026809662
2254.557750940323, 3239.4479584757405, 1820.087026809662
2255.196077823639, 3240.2894592287557, 1817.824500042185
2255.5551166534424, 3240.2894592287557, 1817.824500042185
2256.023861646652, 3240.2894592287557, 1817.824500042185
2256.519533395767, 3240.2894592287557, 1817.824500042185
2257.0171999931335, 3240.2894592287557, 1817.824500042185
2257.541796207428, 3240.2894592287557, 1817.824500042185
2258.190059185028, 3245.118021728635, 1823.3658376828644
2258.727619409561, 3243.6516151096635, 1819.199066094142
2259.1983585357666, 3239.309942925444, 1823.0346877007535
2259.7089908123016, 3243.321696600787, 1821.8922016498386
2260.0271394252777, 3243.321696600787, 1821.8922016498386
2260.7043328285217, 3246.7602413558425, 1821.4478146834927
2261.2099788188934, 3241.125650615155, 1819.1789565633349
2261.7196142673492, 3246.389404160591, 1815.3303653801242
2262.0108337402344, 3246.389404160591, 1815.3303653801242
2262.5444037914276, 3246.389404160591, 1815.3303653801242
2263.1857149600983, 3236.9427909080973, 1828.871866049869
2263.5327570438385, 3236.9427909080973, 1828.871866049869
2264.0264372825623, 3236.9427909080973, 1828.871866049869
2264.5390632152557, 3236.9427909080973, 1828.871866049869
2265.223246574402, 3246.460946238016, 1820.4786381150084
2265.5433723926544, 3246.460946238016, 1820.4786381150084
2266.1806643009186, 3239.0051169424128, 1827.0588166749412
2266.7012708187103, 3240.4920661092056, 1822.3200909313634
2267.0084772109985, 3240.4920661092056, 1822.3200909313634
2267.5240681171417, 3240.4920661092056, 1822.3200909313634
2268.165349960327, 3242.2990758676146, 1824.571447608986
2268.7068994045258, 3242.80979191128, 1822.5512346568828
2269.20755815506, 3245.2778855457072, 1826.4401318760763
2269.536717414856, 3245.2778855457072, 1826.4401318760763
2270.012485742569, 3245.2778855457072, 1826.4401318760763
2270.703633785248, 3244.6167027178326, 1823.0367030645752
2271.02477478981, 3244.6167027178326, 1823.0367030645752
2271.7328765392303, 3243.5952143853096, 1826.173302882041
2272.019110441208, 3243.5952143853096, 1826.173302882041
2272.539717197418, 3243.5952143853096, 1826.173302882041
2273.205932378769, 3242.771920601276, 1819.07337336556
2273.751470565796, 3236.938585779044, 1822.4724600535308
2274.023741722107, 3236.938585779044, 1822.4724600535308
2274.721871137619, 3243.8327039737665, 1809.2603368385307
2275.2185411453247, 3233.2691070360434, 1828.4315627552562
2275.7211949825287, 3242.0515583642105, 1821.5780765496097
2276.21587061882, 3240.5370078480996, 1825.6498570343022
2276.543991804123, 3240.5370078480996, 1825.6498570343022
2277.0207147598267, 3240.5370078480996, 1825.6498570343022
2277.674963951111, 3243.373439000734, 1822.4496039848382
2278.016049385071, 3243.373439000734, 1822.4496039848382
2278.7171704769135, 3248.7974556675113, 1817.7220774719917
2279.0153737068176, 3248.7974556675113, 1817.7220774719917
2279.5240104198456, 3248.7974556675113, 1817.7220774719917
2280.02569770813, 3248.7974556675113, 1817.7220774719917
2280.6839039325714, 3239.204506090927, 1818.5073959405008
2281.2394168376923, 3239.8951230573734, 1823.500141307905
2281.7420706748962, 3234.867026360888, 1828.2862005126706
2282.232754945755, 3231.9165253055335, 1826.339789887253
2282.7134692668915, 3235.4964677957087, 1824.4156332149696
2283.2420530319214, 3239.786839476212, 1824.3641207409153
2283.745706319809, 3240.8652618483557, 1824.4542772944862
2284.2324011325836, 3244.247425987465, 1818.5674033873188
2284.5684995651245, 3244.247425987465, 1818.5674033873188
2285.0312609672546, 3244.247425987465, 1818.5674033873188
2285.5389008522034, 3244.247425987465, 1818.5674033873188
2286.0275917053223, 3244.247425987465, 1818.5674033873188
2286.739684343338, 3241.5332976752934, 1815.3597399833027
2287.0638177394867, 3241.5332976752934, 1815.3597399833027
2287.738012075424, 3244.2798064565077, 1813.3943799683557
2288.195785045624, 3245.9087640930343, 1823.1244449245178
2288.5538251399994, 3245.9087640930343, 1823.1244449245178
2289.0175836086273, 3245.9087640930343, 1823.1244449245178
2289.7057416439056, 3244.5104993935383, 1815.212757567006
2290.0438351631165, 3244.5104993935383, 1815.212757567006
2290.740968465805, 3244.5881012859727, 1823.0254389421418
2291.1857767105103, 3242.863344531149, 1813.6532785687125
2291.529854297638, 3242.863344531149, 1813.6532785687125
2292.1731321811676, 3240.787475307108, 1807.865260253208
2292.5221993923187, 3240.787475307108, 1807.865260253208
2293.177442550659, 3241.0746442833015, 1816.668482486762
2293.696053504944, 3242.8339003811247, 1820.5835774965974
2294.1967124938965, 3239.892544963016, 1816.9805145524685
2294.5447804927826, 3239.892544963016, 1816.9805145524685
2295.0304791927338, 3239.892544963016, 1816.9805145524685
2295.5261511802673, 3239.892544963016, 1816.9805145524685
2296.0248172283173, 3239.892544963016, 1816.9805145524685
2296.5374431610107, 3239.892544963016, 1816.9805145524685
2297.0221445560455, 3239.892544963016, 1816.9805145524685
2297.6873638629913, 3236.329530289526, 1827.8656073949503
2298.0324409008026, 3236.329530289526, 1827.8656073949503
2298.552047252655, 3236.329530289526, 1827.8656073949503
2299.038744688034, 3236.329530289526, 1827.8656073949503
2299.5194578170776, 3236.329530289526, 1827.8656073949503
2300.1707124710083, 3244.142808452948, 1823.320096394247
2300.5377292633057, 3244.142808452948, 1823.320096394247
2301.031406879425, 3244.142808452948, 1823.320096394247
2301.6876487731934, 3240.6285815333954, 1823.4999933016375
2302.18132686615, 3243.4179785101214, 1821.6562559353417
2302.7019340991974, 3248.1585270114974, 1818.7856199983632
2303.0300550460815, 3248.1585270114974, 1818.7856199983632
2303.703285932541, 3245.236072335414, 1812.8596676419452
2304.025391817093, 3245.236072335414, 1812.8596676419452
2304.5360209941864, 3245.236072335414, 1812.8596676419452
2305.03368806839, 3245.236072335414, 1812.8596676419452
2305.689930677414, 3242.756366032745, 1823.8773390555007
2306.024035215378, 3242.756366032745, 1823.8773390555007
2306.532673597336, 3242.756366032745, 1823.8773390555007
2307.0203680992126, 3242.756366032745, 1823.8773390555007
2307.5349888801575, 3242.756366032745, 1823.8773390555007
2308.182270526886, 3240.6790011907333, 1818.3445780519917
2308.5273308753967, 3240.6790011907333, 1818.3445780519917
2309.183572769165, 3243.8548080919954, 1820.195019441643
2309.5196735858917, 3243.8548080919954, 1820.195019441643
2310.1719262599945, 3242.5499944334633, 1815.1911796935751
2310.700548887253, 3248.839504575067, 1815.9965989534446
2311.0196940898895, 3248.839504575067, 1815.9965989534446
2311.727798461914, 3244.35531078628, 1815.3368748235512
2312.1975400447845, 3238.936123923644, 1813.702738196397
2312.7191426754, 3240.2165944585504, 1811.13376144594
2313.2367565631866, 3237.715010493384, 1817.5153778106446
2313.726444721222, 3243.72785168893, 1817.1875982377906
2314.0306293964386, 3243.72785168893, 1817.1875982377906
2314.7437212467194, 3242.0817424910947, 1820.4714141251104
2315.227425813675, 3242.240264306074, 1810.7706651013546
2315.741050004959, 3244.193801447056, 1819.4828176769827
2316.229740858078, 3242.4660867619414, 1821.831760700929
2316.5269451141357, 3242.4660867619414, 1821.831760700929
2317.171224117279, 3243.3298492605836, 1816.2432375048284
2317.7147676944733, 3242.383623984818, 1822.8039469099988
2318.1855070590973, 3244.116193881041, 1823.888180533968
2318.5255978107452, 3244.116193881041, 1823.888180533968
2319.0212688446045, 3244.116193881041, 1823.888180533968
2319.5319011211395, 3244.116193881041, 1823.888180533968
2320.272917032242, 3241.6388646570763, 1824.721303344257
2320.7506370544434, 3236.5880999359374, 1824.6006967679484
2321.2054195404053, 3237.458511320238, 1825.2238794794387
2321.5325429439545, 3237.458511320238, 1825.2238794794387
2322.0222318172455, 3237.458511320238, 1825.2238794794387
2322.7044043540955, 3242.360912054192, 1821.6016455443014
2323.033522605896, 3242.360912054192, 1821.6016455443014
2323.747610092163, 3241.993285793057, 1820.5716674321584
2324.2622323036194, 3242.090869108663, 1826.4525869452364
2324.7220010757446, 3242.772652744195, 1818.2532303796984
2325.1927394866943, 3241.3669936190045, 1817.9365161185542
2325.7382781505585, 3242.0115738914537, 1821.4608207962276
2326.1900684833527, 3238.1928033200697, 1826.4222199481444
2326.530157804489, 3238.1928033200697, 1826.4222199481444
2327.013862133026, 3238.1928033200697, 1826.4222199481444
2327.6810755729675, 3237.0332955167396, 1825.693492472089
2328.014183282852, 3237.0332955167396, 1825.693492472089
2328.749214410782, 3240.308120075637, 1824.345105050201
2329.213969707489, 3238.0345584195, 1816.344730789924
2329.7216103076935, 3240.7220918071935, 1823.8262682079899
2330.0287873744965, 3240.7220918071935, 1823.8262682079899
2330.728912830353, 3243.5947957328312, 1821.293612029615
2331.1956627368927, 3245.443721124335, 1816.8408698818043
2331.5397415161133, 3245.443721124335, 1816.8408698818043
2332.215929746628, 3238.1563697418023, 1818.7541176029883
2332.7425191402435, 3241.8016300046925, 1818.7464342487194
2333.2162504196167, 3238.486588070713, 1820.5249842828155
2333.7308728694916, 3245.40163249933, 1824.1194118822043
2334.2105877399445, 3243.148764240924, 1826.5788367913
2334.5327246189117, 3243.148764240924, 1826.5788367913
2335.0283975601196, 3243.148764240924, 1826.5788367913
2335.724533557892, 3241.247885287924, 1824.7270512964476
2336.0297157764435, 3241.247885287924, 1824.7270512964476
2336.528379917145, 3241.247885287924, 1824.7270512964476
2337.027044773102, 3241.247885287924, 1824.7270512964476
2337.7072370052338, 3240.2821645692684, 1821.8074684153632
2338.032351732254, 3240.2821645692684, 1821.8074684153632
2338.7225036621094, 3240.301989181524, 1826.2678705030164
2339.1862614154816, 3239.9003967352187, 1815.487839060717
2339.533331632614, 3239.9003967352187, 1815.487839060717
2340.2135100364685, 3243.7138343154606, 1817.8703960274809
2340.528665781021, 3243.7138343154606, 1817.8703960274809
2341.180918931961, 3241.535851777932, 1826.6453322098055
2341.5269923210144, 3241.535851777932, 1826.6453322098055
2342.1842317581177, 3244.91156548151, 1817.1030155809005
2342.527313232422, 3244.91156548151, 1817.1030155809005
2343.176574230194, 3244.022625644709, 1816.2261703497404
2343.5405991077423, 3244.022625644709, 1816.2261703497404
2344.1808841228485, 3241.709617258008, 1821.2658435441415
2344.7074739933014, 3240.75558370099, 1820.0601477153643
2345.0276165008545, 3240.75558370099, 1820.0601477153643
2345.718765258789, 3243.3090493944837, 1819.9826025944656
2346.021953344345, 3243.3090493944837, 1819.9826025944656
2346.6991391181946, 3246.9449674548514, 1820.6134544814274
2347.0242693424225, 3246.9449674548514, 1820.6134544814274
2347.534900903702, 3246.9449674548514, 1820.6134544814274
2348.2140822410583, 3252.394307505307, 1818.9404837598772
2348.7745814323425, 3239.221660107961, 1811.865318445219
2349.065801858902, 3239.221660107961, 1811.865318445219
2349.567459821701, 3239.221660107961, 1811.865318445219
2350.20774269104, 3240.491949353393, 1817.347747782423
2350.7472970485687, 3236.2239163998943, 1819.9771013283437
2351.024555206299, 3236.2239163998943, 1819.9771013283437
2351.721687555313, 3237.666999753366, 1819.7105927310909
2352.185445547104, 3243.29476468461, 1819.770805324936
2352.5335190296173, 3243.29476468461, 1819.770805324936
2353.0361666679382, 3243.29476468461, 1819.770805324936
2353.542810678482, 3243.29476468461, 1819.770805324936
2354.1761140823364, 3246.963000638536, 1819.1693623349315
2354.519195318222, 3246.963000638536, 1819.1693623349315
2355.0158648490906, 3246.963000638536, 1819.1693623349315
2355.6890625953674, 3246.8714449959, 1821.2323392978838
2356.0321424007416, 3246.8714449959, 1821.2323392978838
2356.746230363846, 3246.2133141815298, 1819.4464628771486
2357.0284748077393, 3246.2133141815298, 1819.4464628771486
2357.5171661376953, 3246.2133141815298, 1819.4464628771486
2358.0148322582245, 3246.2133141815298, 1819.4464628771486
2358.7109689712524, 3239.0606728010116, 1819.698006052438
2359.1946732997894, 3242.811789821228, 1819.2481919197037
2359.72425532341, 3245.6921627903093, 1818.3735912299803
2360.0224556922913, 3245.6921627903093, 1818.3735912299803
2360.526107311249, 3245.6921627903093, 1818.3735912299803
2361.0227777957916, 3245.6921627903093, 1818.3735912299803
2361.694976091385, 3246.4192733049786, 1822.4455013657312
2362.0221004486084, 3246.4192733049786, 1822.4455013657312
2362.707265138626, 3246.4068168900885, 1820.6748732978485
2363.0244166851044, 3246.4068168900885, 1820.6748732978485
2363.7175586223602, 3240.576393852253, 1809.9119477750269
2364.2002663612366, 3244.223062884662, 1827.594746696696
2364.7258594036102, 3249.0131064618135, 1822.6444234434207
2365.0340332984924, 3249.0131064618135, 1822.6444234434207
2365.7521097660065, 3245.9520021317744, 1818.7978451363401
2366.0383434295654, 3245.9520021317744, 1818.7978451363401
2366.7055566310883, 3248.0810838250554, 1818.8974940890992
2367.0197150707245, 3248.0810838250554, 1818.8974940890992
2367.523366212845, 3248.0810838250554, 1818.8974940890992
2368.1806058883667, 3242.777633775806, 1818.0095077300502
2368.528673887253, 3242.777633775806, 1818.0095077300502
2369.182921409607, 3236.308515776505, 1813.9003360156828
2369.722477197647, 3236.635487656236, 1816.545795483609
2370.1922783851624, 3247.0088200493233, 1818.9396590944352
2370.5353589057922, 3247.0088200493233, 1818.9396590944352
2371.1627085208893, 3245.1358783975047, 1818.197211334701
2371.695281982422, 3244.6075546663837, 1818.9192395168193
2372.012432575226, 3244.6075546663837, 1818.9192395168193
2372.521070241928, 3244.6075546663837, 1818.9192395168193
2373.028710126877, 3244.6075546663837, 1818.9192395168193
2373.712878227234, 3246.712943824151, 1815.5301658587668
2374.0240449905396, 3246.712943824151, 1815.5301658587668
2374.5396637916565, 3246.712943824151, 1815.5301658587668
2375.02436542511, 3246.712943824151, 1815.5301658587668
2375.5260219573975, 3246.712943824151, 1815.5301658587668
2376.1912405490875, 3243.1096780744483, 1816.8769635800954
2376.7178297042847, 3241.1523225248284, 1810.794807557295
2377.0170288085938, 3241.1523225248284, 1810.794807557295
2377.7011959552765, 3244.981678966113, 1814.8155262591144
2378.0133605003357, 3244.981678966113, 1814.8155262591144
2378.718471288681, 3240.025626279281, 1811.2762042763502
2379.1802349090576, 3246.91346395929, 1823.8958795400438
2379.5342869758606, 3246.91346395929, 1823.8958795400438
2380.1775636672974, 3245.8742256975793, 1820.5218138165014
2380.514660835266, 3245.8742256975793, 1820.5218138165014
2381.185863494873, 3245.974199898034, 1818.9550344878107
2381.529942035675, 3245.974199898034, 1818.9550344878107
2382.2031388282776, 3236.5272451289825, 1818.517500866165
2382.526273727417, 3236.5272451289825, 1818.517500866165
2383.196478366852, 3241.3920929492438, 1821.7267097864863
2383.72407245636, 3250.060664415082, 1817.1985408241628
2384.0123007297516, 3250.060664415082, 1817.1985408241628
2384.5358984470367, 3250.060664415082, 1817.1985408241628
2385.1901462078094, 3240.318126092177, 1810.0998082693516
2385.525299310684, 3240.318126092177, 1810.0998082693516
2386.1845338344574, 3243.3672517496375, 1819.0207797797464
2386.707133769989, 3240.757109756246, 1822.9621934248605
2387.0202944278717, 3240.757109756246, 1822.9621934248605
2387.5289323329926, 3240.757109756246, 1822.9621934248605
2388.015629053116, 3240.757109756246, 1822.9621934248605
2388.6948099136353, 3233.863497498078, 1817.2053992859571
2389.1894855499268, 3242.2786640540003, 1815.2692847410274
2389.5196001529694, 3242.2786640540003, 1815.2692847410274
2390.035220384598, 3242.2786640540003, 1815.2692847410274
2390.7243750095367, 3244.6813191849174, 1826.961944396013
2391.0534932613373, 3244.6813191849174, 1826.961944396013
2391.5371975898743, 3244.6813191849174, 1826.961944396013
2392.028881072998, 3244.6813191849174, 1826.961944396013
2392.522558450699, 3244.6813191849174, 1826.961944396013
2393.1678297519684, 3244.145544796657, 1821.610288181382
2393.7193524837494, 3242.4137274854033, 1817.9461786146849
2394.222006559372, 3243.618300383229, 1813.8642983832433
2394.541152715683, 3243.618300383229, 1813.8642983832433
2395.19739484787, 3240.908170479723, 1824.3891674471897
2395.7419350147247, 3244.854758705402, 1820.2890394330611
2396.210680246353, 3243.2232978161855, 1821.4094993358704
2396.5218460559845, 3243.2232978161855, 1821.4094993358704
2397.010539293289, 3243.2232978161855, 1821.4094993358704
2397.6847319602966, 3245.2680683828826, 1815.7559160186981
2398.2163088321686, 3243.635153238183, 1818.8492538621163
2398.5414383411407, 3243.635153238183, 1818.8492538621163
2399.027137517929, 3243.635153238183, 1818.8492538621163
2399.712302684784, 3242.818693575596, 1823.8901475573991
2400.0314469337463, 3242.818693575596, 1823.8901475573991
2400.703646659851, 3245.054217493097, 1820.1866094799364
2401.0257835388184, 3245.054217493097, 1820.1866094799364
2401.688010931015, 3245.9517450060966, 1819.9754744258905
2402.0261046886444, 3245.9517450060966, 1819.9754744258905
2402.5297570228577, 3245.9517450060966, 1819.9754744258905
2403.0134603977203, 3245.9517450060966, 1819.9754744258905
2403.514118909836, 3245.9517450060966, 1819.9754744258905
2404.011787176132, 3245.9517450060966, 1819.9754744258905
2404.522435426712, 3245.9517450060966, 1819.9754744258905
2405.166693210602, 3245.6418453453575, 1822.2920345047726
2405.538697719574, 3245.6418453453575, 1822.2920345047726
2406.1749935150146, 3247.0543271897463, 1814.5613914826504
2406.7394812107086, 3245.494179824085, 1817.3843153899847
2407.2122151851654, 3243.2831738687623, 1824.034816045263
2407.5413343906403, 3243.2831738687623, 1824.034816045263
2408.023044347763, 3243.2831738687623, 1824.034816045263
2408.708208799362, 3242.0818937690024, 1817.5086604183396
2409.1739604473114, 3242.156760158936, 1822.6717901712693
2409.7205266952515, 3242.619030345848, 1819.1541977964189
2410.0196969509125, 3242.619030345848, 1819.1541977964189
2410.535356283188, 3242.619030345848, 1819.1541977964189
2411.1766390800476, 3246.779467353148, 1819.3920782158102
2411.5276985168457, 3246.779467353148, 1819.3920782158102
2412.0173869132996, 3246.779467353148, 1819.3920782158102
2412.6846001148224, 3240.7692214905796, 1818.1522105994939
2413.1882512569427, 3242.610903427076, 1813.981995747627
2413.7278180122375, 3249.8198691615876, 1812.295921107574
2414.1805930137634, 3243.269325489271, 1813.4014346571596
2414.7420914173126, 3245.224212368336, 1814.5413757591496
2415.063230037689, 3245.224212368336, 1814.5413757591496
2415.537957906723, 3245.224212368336, 1814.5413757591496
2416.0356254577637, 3245.224212368336, 1814.5413757591496
2416.7497119903564, 3244.944091791629, 1822.8015929745675
2417.238403081894, 3245.3997970019823, 1823.222817556806
2417.7659907341003, 3243.7396495495086, 1817.8465205628102
2418.0153226852417, 3243.7396495495086, 1817.8465205628102
2418.524957180023, 3243.7396495495086, 1817.8465205628102
2419.017639875412, 3243.7396495495086, 1817.8465205628102
2419.5292677879333, 3243.7396495495086, 1817.8465205628102
2420.0109779834747, 3243.7396495495086, 1817.8465205628102
2420.5425555706024, 3243.7396495495086, 1817.8465205628102
2421.0162858963013, 3243.7396495495086, 1817.8465205628102
2421.701450109482, 3245.8002580559782, 1815.590399602163
2422.1951282024384, 3244.879949886302, 1821.7248274809733
2422.5402042865753, 3244.879949886302, 1821.7248274809733
2423.1804888248444, 3237.6102201740623, 1820.0128405437033
2423.5325458049774, 3237.6102201740623, 1820.0128405437033
2424.0262241363525, 3237.6102201740623, 1820.0128405437033
2424.5208988189697, 3237.6102201740623, 1820.0128405437033
2425.029536485672, 3237.6102201740623, 1820.0128405437033
2425.7067234516144, 3240.9792741359834, 1817.8008887708638
2426.170480966568, 3243.2815751200533, 1817.8175391269847
2426.7110323905945, 3243.815488522145, 1821.5446875789855
2427.175788640976, 3241.7295627383082, 1813.4977548980712
2427.5158774852753, 3241.7295627383082, 1813.4977548980712
2428.010552883148, 3241.7295627383082, 1813.4977548980712
2428.6987087726593, 3239.0751291483207, 1825.717654796608
2429.2053525447845, 3247.660052002052, 1820.2437179122992
2429.5454411506653, 3247.660052002052, 1820.2437179122992
2430.1797428131104, 3243.749270069323, 1820.974736796643
2430.523821592331, 3243.749270069323, 1820.974736796643
2431.1770780086517, 3238.598546330107, 1824.5489185297731
2431.716626882553, 3246.9609010488657, 1819.2822215362175
2432.030785560608, 3246.9609010488657, 1819.2822215362175
2432.7458696365356, 3243.6606244986174, 1821.5914075679998
2433.2235910892487, 3235.816360943553, 1829.2773060812704
2433.749182701111, 3245.044718541654, 1820.082966655102
2434.196983575821, 3240.193390665956, 1818.4931485256182
2434.712602376938, 3241.5891885896503, 1817.6814510890486
2435.1813468933105, 3238.4857953715245, 1820.0222346683022
2435.721899032593, 3240.3835161683623, 1823.811540534178
2436.2085959911346, 3249.247733925766, 1819.6488899429057
2436.723217725754, 3247.307158381923, 1818.733308709314
2437.1939566135406, 3242.5921721689583, 1817.4639362096586
2437.725533246994, 3244.5234540075285, 1814.732124111926
2438.0297179222107, 3244.5234540075285, 1814.732124111926
2438.7178750038147, 3240.8011777203596, 1821.5694148164664
2439.1856224536896, 3244.883375390159, 1816.6777081038476
2439.705230474472, 3240.9871030705413, 1813.754581759409
2440.200902700424, 3245.583645698387, 1815.2985622177043
2440.544981956482, 3245.583645698387, 1815.2985622177043
2441.0366649627686, 3245.583645698387, 1815.2985622177043
2441.5183749198914, 3245.583645698387, 1815.2985622177043
2442.2065324783325, 3242.369047140168, 1815.2637304317432
2442.7381076812744, 3243.025476526244, 1820.4638500777796
2443.0273337364197, 3243.025476526244, 1820.4638500777796
2443.5299866199493, 3243.025476526244, 1820.4638500777796
2444.1762561798096, 3238.8269092510704, 1817.2502081757964
2444.7148134708405, 3241.0744670819404, 1821.2293436180764
2445.1905403137207, 3241.935741596092, 1818.6356737065832
2445.7320885658264, 3241.8483470838555, 1816.553969565371
2446.0143332481384, 3241.8483470838555, 1816.553969565371
2446.5239686965942, 3241.8483470838555, 1816.553969565371
2447.17223238945, 3244.409834364752, 1820.726423963684
2447.72674703598, 3242.881027530559, 1819.9848594594032
2448.201476097107, 3240.648064467197, 1818.1909174867108
2448.7510035037994, 3243.0059921126026, 1818.0293488847874
2449.040228843689, 3243.0059921126026, 1818.0293488847874
2449.545874595642, 3243.0059921126026, 1818.0293488847874
2450.179178953171, 3238.4984283944264, 1821.2051398299293
2450.709758043289, 3240.1906570047395, 1819.413446407854
2451.173515558243, 3248.8317633215947, 1815.016832780301
2451.5235798358917, 3248.8317633215947, 1815.016832780301
2452.020247936249, 3248.8317633215947, 1815.016832780301
2452.711397409439, 3242.1429272608802, 1815.6989500770273
2453.1801414489746, 3242.700531103721, 1818.3113635647635
2453.7266776561737, 3247.9871482492963, 1820.5707244420148
2454.20539522171, 3245.9587621754927, 1819.9536572814065
2454.5275332927704, 3245.9587621754927, 1819.9536572814065
2455.1957428455353, 3252.0874040342364, 1819.260161671976
2455.7572388648987, 3240.106375757182, 1814.5731727027817
2456.0334992408752, 3240.106375757182, 1814.5731727027817
2456.5351552963257, 3240.106375757182, 1814.5731727027817
2457.212341785431, 3239.092457855697, 1811.7106893932446
2457.54345536232, 3239.092457855697, 1811.7106893932446
2458.188726425171, 3244.0835332012884, 1814.9977252976282
2458.5417816638947, 3244.0835332012884, 1814.9977252976282
2459.1740877628326, 3244.3122581710777, 1809.0448169176334
2459.7146396636963, 3237.8874784981535, 1818.25538633755
2460.012840986252, 3237.8874784981535, 1818.25538633755
2460.522476196289, 3237.8874784981535, 1818.25538633755
2461.018148422241, 3237.8874784981535, 1818.25538633755
2461.515817642212, 3237.8874784981535, 1818.25538633755
2462.008497238159, 3237.8874784981535, 1818.25538633755
2462.6856830120087, 3239.763421218941, 1809.2786764025852
2463.025771856308, 3239.763421218941, 1809.2786764025852
2463.7179186344147, 3237.0501403841904, 1817.8273563947982
2464.1827044487, 3242.7437236495753, 1823.7413858483376
2464.7053043842316, 3240.953657205629, 1814.4169435065985
2465.2009766101837, 3231.968623921871, 1806.518447405634
2465.549045085907, 3231.968623921871, 1806.518447405634
2466.2312173843384, 3244.85406669105, 1820.9562262683796
2466.5513598918915, 3244.85406669105, 1820.9562262683796
2467.1687076091766, 3242.506077046929, 1813.5417490224434
2467.525750398636, 3242.506077046929, 1813.5417490224434
2468.180995464325, 3250.6107454080325, 1815.9763378885646
2468.7115750312805, 3242.83774326726, 1819.9144652025468
2469.022740840912, 3242.83774326726, 1819.9144652025468
2469.5293867588043, 3242.83774326726, 1819.9144652025468
2470.026054382324, 3242.83774326726, 1819.9144652025468
2470.6842925548553, 3243.1138839162495, 1820.9155245469371
2471.1839525699615, 3242.797699259308, 1816.7845669737126
2471.721513271332, 3244.7936320635727, 1820.0804189493617
2472.0167219638824, 3244.7936320635727, 1820.0804189493617
2472.737791776657, 3243.8569276021854, 1821.3954728624037
2473.2115218639374, 3241.16639261046, 1820.0982164761767
2473.7630455493927, 3242.4445824281224, 1819.5487571582753
2474.0393064022064, 3242.4445824281224, 1819.5487571582753
2474.7434198856354, 3243.2652044521446, 1820.8016223681761
2475.201193332672, 3242.33109554936, 1828.3890081308484
2475.7337679862976, 3241.4863882586374, 1814.480827363809
2476.025984764099, 3241.4863882586374, 1814.480827363809
2476.520660877228, 3241.4863882586374, 1814.480827363809
2477.0233125686646, 3241.4863882586374, 1814.480827363809
2477.6945164203644, 3242.771709272118, 1819.9372914907847
2478.1941797733307, 3243.665373067497, 1820.1056272954456
2478.52930188179, 3243.665373067497, 1820.1056272954456
2479.1805584430695, 3241.6518819614344, 1817.3392555173452
2479.5286257267, 3241.6518819614344, 1817.3392555173452
2480.180878639221, 3240.259839418439, 1821.139341906928
2480.764315366745, 3242.8941574819055, 1817.855936348837
2481.0296065807343, 3242.8941574819055, 1817.855936348837
2481.748679161072, 3241.8489904898875, 1817.04716896148
2482.0548589229584, 3241.8489904898875, 1817.04716896148
2482.739026784897, 3242.008302250623, 1817.6132724529357
2483.0472016334534, 3242.008302250623, 1817.6132724529357
2483.5338983535767, 3242.008302250623, 1817.6132724529357
2484.2001197338104, 3238.359959735312, 1820.1907632050982
2484.73867726326, 3238.7010802154505, 1822.5607640370822
2485.032889842987, 3238.7010802154505, 1822.5607640370822
2485.521581888199, 3238.7010802154505, 1822.5607640370822
2486.1748316287994, 3244.4694916886633, 1819.179219737258
2486.7133886814117, 3239.737246351003, 1820.2371871851453
2487.195099592209, 3243.5213896279774, 1821.8365280927103
2487.525214910507, 3243.5213896279774, 1821.8365280927103
2488.170486688614, 3239.317454869047, 1819.644444620256
2488.5315194129944, 3239.317454869047, 1819.644444620256
2489.1817762851715, 3238.3891594348215, 1817.8755913868417
2489.5378251075745, 3238.3891594348215, 1817.8755913868417
2490.0205307006836, 3238.3891594348215, 1817.8755913868417
2490.5421352386475, 3238.3891594348215, 1817.8755913868417
2491.0208525657654, 3238.3891594348215, 1817.8755913868417
2491.5165235996246, 3238.3891594348215, 1817.8755913868417
2492.0171842575073, 3238.3891594348215, 1817.8755913868417
2492.6894228458405, 3243.2679873174416, 1821.4085042125869
2493.0335001945496, 3243.2679873174416, 1821.4085042125869
2493.5271785259247, 3243.2679873174416, 1821.4085042125869
2494.1894042491913, 3237.763993336721, 1821.3661062121168
2494.703028202057, 3240.9530648612963, 1815.4023072043613
2495.0231714248657, 3240.9530648612963, 1815.4023072043613
2495.7063410282135, 3234.383817139118, 1818.7390122849229
2496.023491859436, 3234.383817139118, 1818.7390122849229
2496.516172170639, 3234.383817139118, 1818.7390122849229
2497.165433883667, 3241.9794883527393, 1817.7650215475771
2497.733911037445, 3241.967847779564, 1820.3205115380958
2498.187695503235, 3245.3457954368073, 1817.734136790028
2498.5786485671997, 3245.3457954368073, 1817.734136790028
2499.045398712158, 3245.3457954368073, 1817.734136790028
2499.5400738716125, 3245.3457954368073, 1817.734136790028
2500.1883380413055, 3239.4096260327888, 1817.8068218529718
2500.721919775009, 3244.441822825627, 1813.7008195566993
2501.1866636276245, 3242.048867721675, 1817.0613551218075
2501.697296142578, 3246.592861868419, 1818.7199720021385
2502.1740198135376, 3241.535885840262, 1814.1397873420633
2502.712577819824, 3241.987168446395, 1815.0326659996513
2503.1863079071045, 3235.6856089708253, 1819.52147244812
2503.723870038986, 3242.7726613828345, 1820.3148881823
2504.193610429764, 3241.861798787866, 1815.8012150950506
2504.527715444565, 3241.861798787866, 1815.8012150950506
2505.1739871501923, 3243.6517569263315, 1821.267186087945
2505.5320253372192, 3243.6517569263315, 1821.267186087945
2506.1643319129944, 3242.6348468506276, 1823.0205147902707
2506.7068786621094, 3242.316455599679, 1816.554191677531
2507.2215008735657, 3242.10614279726, 1819.979331349704
2507.7630620002747, 3244.002206501227, 1822.7827116480878
2508.0313313007355, 3244.002206501227, 1822.7827116480878
2508.529000043869, 3244.002206501227, 1822.7827116480878
2509.022676706314, 3244.002206501227, 1822.7827116480878
2509.741751909256, 3243.920619665782, 1820.3981266009914
2510.024993419647, 3243.920619665782, 1820.3981266009914
2510.5505855083466, 3243.920619665782, 1820.3981266009914
2511.165937900543, 3242.761851079211, 1811.179525963445
2511.71546959877, 3244.2607061239796, 1812.7765608462964
2512.1812224388123, 3248.9427996486543, 1812.73693649094
2512.5512311458588, 3248.9427996486543, 1812.73693649094
2513.184535741806, 3242.9958487921454, 1820.9679658785706
2513.5196385383606, 3242.9958487921454, 1820.9679658785706
2514.0252828598022, 3242.9958487921454, 1820.9679658785706
2514.541900873184, 3242.9958487921454, 1820.9679658785706
2515.2340466976166, 3241.486295149865, 1813.740593756089
2515.5631642341614, 3241.486295149865, 1813.740593756089
2516.041882753372, 3241.486295149865, 1813.740593756089
2516.733032464981, 3240.516584958202, 1821.0781411991732
2517.217732667923, 3243.7456740623247, 1814.5980698538283
2517.716397047043, 3245.3059802681273, 1815.4110878193171
2518.1911265850067, 3243.9319529162804, 1816.207862050268
2518.5202448368073, 3243.9319529162804, 1816.207862050268
2519.157539129257, 3248.3425318806712, 1818.2666637146694
2519.6941001415253, 3242.2737687592917, 1818.3432853425402
2520.0302000045776, 3242.2737687592917, 1818.3432853425402
2520.51988863945, 3242.2737687592917, 1818.3432853425402
2521.1611728668213, 3237.3598970387156, 1818.2310605518383
2521.520209312439, 3237.3598970387156, 1818.2310605518383
2522.0089025497437, 3237.3598970387156, 1818.2310605518383
2522.6771109104156, 3241.684187534679, 1817.860312525103
2523.024181127548, 3241.684187534679, 1817.860312525103
2523.5457859039307, 3241.684187534679, 1817.860312525103
2524.0334782600403, 3241.684187534679, 1817.860312525103
2524.7266228199005, 3244.440360664567, 1818.2588363135148
2525.0168442726135, 3244.440360664567, 1818.2588363135148
2525.5244863033295, 3244.440360664567, 1818.2588363135148
2526.1787338256836, 3240.0381588152204, 1814.8198314295785
2526.701333761215, 3243.3114360030777, 1820.854777201765
2527.1830644607544, 3249.5773651154423, 1820.2376739850988
2527.7056431770325, 3242.879288677359, 1817.6408393095032
2528.0217967033386, 3242.879288677359, 1817.6408393095032
2528.530436515808, 3242.879288677359, 1817.6408393095032
2529.0221190452576, 3242.879288677359, 1817.6408393095032
2529.6893310546875, 3236.592392320386, 1814.1283972081021
2530.202954053879, 3245.9661254516423, 1814.6333996047674
2530.5310759544373, 3245.9661254516423, 1814.6333996047674
2531.1703979969025, 3239.7224781234395, 1817.453700085083
2531.719925403595, 3237.0408334416197, 1827.6335170227883
2532.03408575058, 3237.0408334416197, 1827.6335170227883
2532.5347459316254, 3237.0408334416197, 1827.6335170227883
2533.181014060974, 3243.920848849256, 1818.113714434066
2533.7036163806915, 3246.464317642867, 1818.5660985901848
2534.0257515907288, 3246.464317642867, 1818.5660985901848
2534.5313971042633, 3246.464317642867, 1818.5660985901848
2535.0310571193695, 3246.464317642867, 1818.5660985901848
2535.676330089569, 3243.533195640467, 1819.563939231456
2536.193944454193, 3239.3791528647675, 1823.9753492912782
2536.707567691803, 3242.1645670417456, 1820.9855405600597
2537.013749361038, 3242.1645670417456, 1820.9855405600597
2537.5183968544006, 3242.1645670417456, 1820.9855405600597
2538.1666610240936, 3241.7044452442346, 1822.7718573543991
2538.5266959667206, 3241.7044452442346, 1822.7718573543991
2539.1689763069153, 3244.7926070188996, 1819.0802239699078
2539.6995556354523, 3242.197242358566, 1820.2055482972478
2540.0326623916626, 3242.197242358566, 1820.2055482972478
2540.555262565613, 3242.197242358566, 1820.2055482972478
2541.2135004997253, 3238.3713580539593, 1821.1794267576229
2541.6991980075836, 3242.727491871351, 1820.0614510566113
2542.19287776947, 3233.034854483338, 1823.0874282415614
2542.712483406067, 3247.831243854574, 1820.8257398643545
2543.2041687965393, 3243.388795867838, 1823.7509158785572
2543.537276506424, 3243.388795867838, 1823.7509158785572
2544.169582605362, 3244.5670204714215, 1823.1417155519507
2544.717115163803, 3236.417434029802, 1819.8867487529383
2545.016314983368, 3236.417434029802, 1819.8867487529383
2545.7084622383118, 3242.37627390073, 1815.7527855164833
2546.1921660900116, 3242.169374862968, 1821.0814498353645
2546.7756023406982, 3242.579582487291, 1820.7820474339726
2547.057847738266, 3242.579582487291, 1820.7820474339726
2547.5166187286377, 3242.579582487291, 1820.7820474339726
2548.0252554416656, 3242.579582487291, 1820.7820474339726
2548.5259141921997, 3242.579582487291, 1820.7820474339726
2549.0475175380707, 3242.579582487291, 1820.7820474339726
2549.749637365341, 3243.0123972580986, 1813.957749928122
2550.0498328208923, 3243.0123972580986, 1813.957749928122
2550.539521217346, 3243.0123972580986, 1813.957749928122
2551.183797121048, 3242.7515975026304, 1817.5748461553521
2551.5198979377747, 3242.7515975026304, 1817.5748461553521
2552.0155684947968, 3242.7515975026304, 1817.5748461553521
2552.6897633075714, 3235.1458093647925, 1816.1053742469721
2553.022870540619, 3235.1458093647925, 1816.1053742469721
2553.7130229473114, 3243.995730890172, 1818.0918270773739
2554.03914809227, 3243.995730890172, 1818.0918270773739
2554.709354877472, 3241.5467641719065, 1822.8526229579065
2555.0225160121918, 3241.5467641719065, 1822.8526229579065
2555.713665008545, 3246.851164774465, 1817.777625891729
2556.0248312950134, 3246.851164774465, 1817.777625891729
2556.7389187812805, 3234.9596478436124, 1823.2420024543362
2557.02615070343, 3234.9596478436124, 1823.2420024543362
2557.6993465423584, 3242.1452108021863, 1819.874152253382
2558.2090005874634, 3240.9514308611115, 1821.6045647283834
2558.5301213264465, 3240.9514308611115, 1821.6045647283834
2559.167414665222, 3244.861974033526, 1819.2263536144117
2559.5224628448486, 3244.861974033526, 1819.2263536144117
2560.0141468048096, 3244.861974033526, 1819.2263536144117
2560.5177969932556, 3244.861974033526, 1819.2263536144117
2561.173043489456, 3241.648909775951, 1814.9075711144276
2561.521110534668, 3241.648909775951, 1814.9075711144276
2562.020771741867, 3241.648909775951, 1814.9075711144276
2562.519436597824, 3241.648909775951, 1814.9075711144276
2563.2006118297577, 3232.681257196568, 1822.2414745855126
2563.7481455802917, 3243.5122378471006, 1817.841115909275
2564.041359901428, 3243.5122378471006, 1817.841115909275
2564.5240676403046, 3243.5122378471006, 1817.841115909275
2565.2062408924103, 3243.697993051276, 1815.4722999428968
2565.5413427352905, 3243.697993051276, 1815.4722999428968
2566.0220563411713, 3243.697993051276, 1815.4722999428968
2566.529695034027, 3243.697993051276, 1815.4722999428968
2567.0253689289093, 3243.697993051276, 1815.4722999428968
2567.5210411548615, 3243.697993051276, 1815.4722999428968
2568.183267354965, 3239.913989856958, 1820.1704011550776
2568.515377998352, 3239.913989856958, 1820.1704011550776
2569.0180315971375, 3239.913989856958, 1820.1704011550776
2569.690230846405, 3243.619459128209, 1819.3361547994143
2570.199865579605, 3240.2147762263357, 1818.5279642956111
2570.7075066566467, 3241.622253835778, 1820.5059331942452
2571.1981933116913, 3240.2533566218644, 1821.1820132417429
2571.7207930088043, 3243.4126512943317, 1819.8060613178548
2572.0349509716034, 3243.4126512943317, 1819.8060613178548
2572.5326182842255, 3243.4126512943317, 1819.8060613178548
2573.2058143615723, 3236.2381438723446, 1810.6645531481954
2573.737422466278, 3236.856099055337, 1822.0183505160062
2574.2769787311554, 3241.6698519550077, 1821.7096066097185
2574.77863407135, 3241.3444290811326, 1818.7852758748147
2575.050904750824, 3241.3444290811326, 1818.7852758748147
2575.740058660507, 3241.7037555171364, 1816.8863747419641
2576.231741666794, 3243.5754944616356, 1813.5775200711296
2576.7343957424164, 3241.0545445093703, 1820.4243386250191
2577.0316002368927, 3241.0545445093703, 1820.4243386250191
2577.528270959854, 3241.0545445093703, 1820.4243386250191
2578.0408964157104, 3241.0545445093703, 1820.4243386250191
2578.5385642051697, 3241.0545445093703, 1820.4243386250191
2579.0322427749634, 3241.0545445093703, 1820.4243386250191
2579.7084307670593, 3246.0683923831375, 1820.5418710037677
2580.03857088089, 3246.0683923831375, 1820.5418710037677
2580.7167298793793, 3241.4049012913692, 1818.1427566635962
2581.033879995346, 3241.4049012913692, 1818.1427566635962
2581.7090742588043, 3243.92547303112, 1825.9588054038154
2582.040184736252, 3243.92547303112, 1825.9588054038154
2582.552811861038, 3243.92547303112, 1825.9588054038154
2583.1990807056427, 3245.3968268084454, 1816.3099863123045
2583.72168302536, 3251.2770718427546, 1821.5560712134986
2584.0378341674805, 3251.2770718427546, 1821.5560712134986
2584.5365223884583, 3251.2770718427546, 1821.5560712134986
2585.184786081314, 3243.285231288364, 1817.84205831116
2585.71337223053, 3242.6283834444107, 1818.8140491880724
2586.182114839554, 3241.605273903706, 1818.9950742631518
2586.5491321086884, 3241.605273903706, 1818.9950742631518
2587.192409515381, 3240.168338094432, 1819.5241335689832
2587.7209932804108, 3233.550894340132, 1813.4365652509737
2588.228634119034, 3241.362837420037, 1819.2316281177973
2588.554760456085, 3241.362837420037, 1819.2316281177973
2589.0304882526398, 3241.362837420037, 1819.2316281177973
2589.73659491539, 3237.6991890505824, 1812.7334251363075
2590.236256837845, 3231.6373742148403, 1820.0791908839883
2590.7389113903046, 3242.8823993035085, 1815.1243214870217
2591.266497850418, 3245.6594316688506, 1819.3295512980396
2591.592624902725, 3245.6594316688506, 1819.3295512980396
2592.043424129486, 3245.6594316688506, 1819.3295512980396
2592.5450739860535, 3245.6594316688506, 1819.3295512980396
2593.0427412986755, 3245.6594316688506, 1819.3295512980396
2593.562349796295, 3245.6594316688506, 1819.3295512980396
2594.252500772476, 3246.9453144440613, 1816.5934595631472
2594.751165151596, 3238.9767844096828, 1821.9965886629939
2595.033408641815, 3238.9767844096828, 1821.9965886629939
2595.547033548355, 3238.9767844096828, 1821.9965886629939
2596.192305088043, 3243.316751605757, 1819.224620252857
2596.7408361434937, 3242.1263622257525, 1816.33675537997
2597.0390372276306, 3242.1263622257525, 1816.33675537997
2597.7351729869843, 3243.2841214131226, 1816.8500270647926
2598.2398211956024, 3233.6588623118605, 1823.0704357725015
2598.7504539489746, 3243.482551962825, 1818.6952984090924
2599.0436692237854, 3243.482551962825, 1818.6952984090924
2599.5533027648926, 3243.482551962825, 1818.6952984090924
2600.052965402603, 3243.482551962825, 1818.6952984090924
2600.5366690158844, 3243.482551962825, 1818.6952984090924
2601.17595744133, 3246.1159249642415, 1814.223492307686
2601.724488735199, 3238.91572438475, 1818.8350978704334
2602.188246011734, 3237.9171460702237, 1820.316155682818
2602.5462872982025, 3237.9171460702237, 1820.316155682818
2603.025004863739, 3237.9171460702237, 1820.316155682818
2603.537632226944, 3237.9171460702237, 1820.316155682818
2604.1819384098053, 3243.1757916751812, 1819.3894321697992
2604.731467962265, 3237.7197758824886, 1824.9955881005292
2605.0346541404724, 3237.7197758824886, 1824.9955881005292
2605.535315513611, 3237.7197758824886, 1824.9955881005292
2606.1965441703796, 3245.70500465794, 1824.4180274948283
2606.7211380004883, 3251.163310060404, 1816.8067665104022
2607.2098298072815, 3241.389012760555, 1815.1884093735619
2607.758360862732, 3236.1595332663214, 1810.5085916873038
2608.04758477211, 3236.1595332663214, 1810.5085916873038
2608.5661990642548, 3236.1595332663214, 1810.5085916873038
2609.189528465271, 3244.2179429353173, 1818.3580624429817
2609.7260913848877, 3239.4683964306564, 1819.4824955300223
2610.209794998169, 3242.2818722124402, 1821.138167425549
2610.5448966026306, 3242.2818722124402, 1821.138167425549
2611.1782009601593, 3237.2697438659466, 1819.4344096116401
2611.7187530994415, 3242.9514352081856, 1817.8359954347989
2612.239358663559, 3244.6386994160066, 1819.1715268584858
2612.7689394950867, 3240.9220432988145, 1818.8986610339807
2613.2297060489655, 3244.730200225614, 1824.1908282885192
2613.7363498210907, 3239.749410989862, 1826.865232710007
2614.2050936222076, 3245.0698603185656, 1817.9246271013026
2614.5581505298615, 3245.0698603185656, 1817.9246271013026
2615.1804823875427, 3240.5384770391124, 1821.8979171635838
2615.554479598999, 3240.5384770391124, 1821.8979171635838
2616.0900449752808, 3240.5384770391124, 1821.8979171635838
2616.545825481415, 3240.5384770391124, 1821.8979171635838
2617.039533853531, 3240.5384770391124, 1821.8979171635838
2617.720678091049, 3244.762471444535, 1821.5511572886712
2618.1983988285065, 3245.88382712652, 1817.7885096699174
2618.7379789352417, 3241.8347647344376, 1821.4637980004406
2619.1957268714905, 3242.2652395501186, 1814.6820278827654
2619.7253091335297, 3242.067143523383, 1821.2872401505613
2620.0434572696686, 3242.067143523383, 1821.2872401505613
2620.522174358368, 3242.067143523383, 1821.2872401505613
2621.1804196834564, 3238.709912459341, 1816.2379889409585
2621.5464322566986, 3238.709912459341, 1816.2379889409585
2622.182755470276, 3243.9151494975927, 1823.7658165364237
2622.5437614917755, 3243.9151494975927, 1823.7658165364237
2623.194019317627, 3241.10476410757, 1825.2924399718072
2623.546075820923, 3241.10476410757, 1825.2924399718072
2624.049728155136, 3241.10476410757, 1825.2924399718072
2624.5384180545807, 3241.10476410757, 1825.2924399718072
2625.2076263427734, 3239.641598895278, 1824.897198115627
2625.7392024993896, 3244.3274696828726, 1816.9276740786943
2626.1989982128143, 3243.903495148456, 1816.1326553922825
2626.7235655784607, 3244.154725995506, 1815.5496836743077
2627.192311525345, 3244.707037008155, 1813.4040588352282
2627.5523765087128, 3244.707037008155, 1813.4040588352282
2628.1826586723328, 3247.7099489932243, 1816.9360865558672
2628.716229915619, 3239.256638021595, 1816.4839196591483
2629.0423550605774, 3239.256638021595, 1816.4839196591483
2629.5290517807007, 3239.256638021595, 1816.4839196591483
2630.024724960327, 3239.256638021595, 1816.4839196591483
2630.5373516082764, 3239.256638021595, 1816.4839196591483
2631.1826524734497, 3241.811223049618, 1821.6830469919523
2631.7351427078247, 3243.066523001643, 1821.4564833766765
2632.1959097385406, 3243.5260308278057, 1822.0984780464007
2632.7623920440674, 3243.4157681578563, 1821.8365253032343
2633.0356600284576, 3243.4157681578563, 1821.8365253032343
2633.7846553325653, 3242.2433214869, 1818.0531838941986
2634.249409198761, 3239.5354135484963, 1820.4059487845113
2634.5416283607483, 3239.5354135484963, 1820.4059487845113
2635.0462749004364, 3239.5354135484963, 1820.4059487845113
2635.7174780368805, 3239.542423215534, 1816.631934517806
2636.210158109665, 3238.908655897086, 1822.6655253991396
2636.5562307834625, 3238.908655897086, 1822.6655253991396
2637.193525314331, 3244.7094095384637, 1820.40254652939
2637.5395963191986, 3244.7094095384637, 1820.40254652939
2638.029286146164, 3244.7094095384637, 1820.40254652939
2638.540915489197, 3244.7094095384637, 1820.40254652939
2639.031601190567, 3244.7094095384637, 1820.40254652939
2639.6998398303986, 3237.3411439702936, 1821.7202212839004
2640.1974782943726, 3247.1151239209885, 1815.8698098761583
2640.74999833107, 3236.2783265591884, 1824.0335654995586
2641.231709957123, 3242.622802829789, 1815.0383156526393
2641.5558412075043, 3242.622802829789, 1815.0383156526393
2642.200114965439, 3240.887238180433, 1817.7588493102483
2642.7217180728912, 3245.459591927238, 1817.6927496618293
2643.1944510936737, 3246.133706451365, 1811.418302839959
2643.5385298728943, 3246.133706451365, 1811.418302839959
2644.174859523773, 3242.3067734057395, 1822.0587357800669
2644.530871152878, 3242.3067734057395, 1822.0587357800669
2645.1811299324036, 3241.3194028379703, 1823.3769255861805
2645.713702917099, 3238.3867007284275, 1821.8454157772974
2646.0348439216614, 3238.3867007284275, 1821.8454157772974
2646.5384941101074, 3238.3867007284275, 1821.8454157772974
2647.0391545295715, 3238.3867007284275, 1821.8454157772974
2647.539813041687, 3238.3867007284275, 1821.8454157772974
2648.2000443935394, 3244.8833564917927, 1817.315941334913
2648.755556344986, 3243.9656172011714, 1820.4260194055516
2649.3120658397675, 3239.799819659817, 1815.5855882735586
2649.7728321552277, 3240.9413919444887, 1819.4192388898512
2650.0550751686096, 3240.9413919444887, 1819.4192388898512
2650.7382469177246, 3243.4794680652153, 1819.8469400497584
2651.044427394867, 3243.4794680652153, 1819.8469400497584
2651.7265985012054, 3246.624072386855, 1816.0680866046487
2652.2103033065796, 3248.3473125208066, 1819.0644956382262
2652.540447473526, 3248.3473125208066, 1819.0644956382262
2653.187686443329, 3243.997784450443, 1816.8401416314127
2653.7322647571564, 3244.3544735673504, 1820.7604168680257
2654.2139749526978, 3240.070856751574, 1821.8865280340653
2654.5540628433228, 3240.070856751574, 1821.8865280340653
2655.1883640289307, 3238.6489552209387, 1823.9314235582408
2655.7299139499664, 3241.9337970677684, 1818.8703707415143
2656.2086317539215, 3241.4455732154906, 1817.9610574577093
2656.7232534885406, 3243.082203030659, 1818.230029838421
2657.2229146957397, 3241.2257705058264, 1819.5864953840771
2657.563004255295, 3241.2257705058264, 1819.5864953840771
2658.2332093715668, 3244.297535810062, 1818.3393397009327
2658.554349422455, 3244.297535810062, 1818.3393397009327
2659.189646959305, 3240.65393495647, 1820.8556376593187
2659.5466907024384, 3240.65393495647, 1820.8556376593187
2660.192960500717, 3242.133119299172, 1820.7892041707728
2660.5350444316864, 3242.133119299172, 1820.7892041707728
2661.0406906604767, 3242.133119299172, 1820.7892041707728
2661.6959342956543, 3234.426332996314, 1824.9450951387082
2662.206566810608, 3243.2182563942843, 1822.7679013577472
2662.7441585063934, 3240.643643602741, 1822.1494233384467
2663.192957878113, 3240.208454967999, 1816.9458452921474
2663.5410244464874, 3240.208454967999, 1816.9458452921474
2664.1972675323486, 3237.945187999403, 1820.1658649272572
2664.7368597984314, 3240.8547717123033, 1817.1483621376187
2665.0430023670197, 3240.8547717123033, 1817.1483621376187
2665.550641775131, 3240.8547717123033, 1817.1483621376187
2666.048309326172, 3240.8547717123033, 1817.1483621376187
2666.548968076706, 3240.8547717123033, 1817.1483621376187
2667.03267288208, 3240.8547717123033, 1817.1483621376187
2667.707864046097, 3240.8247756728333, 1817.8551595476654
2668.1965551376343, 3243.057497614619, 1817.2898665734413
2668.784980535507, 3245.3689534166037, 1819.4086228298584
2669.0452835559845, 3245.3689534166037, 1819.4086228298584
2669.5369951725006, 3245.3689534166037, 1819.4086228298584
2670.0346319675446, 3245.3689534166037, 1819.4086228298584
2670.701844930649, 3245.5894557705765, 1816.4648096778405
2671.2064967155457, 3244.2832905364735, 1817.2655960876416
2671.536610364914, 3244.2832905364735, 1817.2655960876416
2672.0362718105316, 3244.2832905364735, 1817.2655960876416
2672.5429141521454, 3244.2832905364735, 1817.2655960876416
2673.203145503998, 3244.295330012519, 1820.6860050707023
2673.5571970939636, 3244.295330012519, 1820.6860050707023
2674.2024688720703, 3239.3228281980014, 1820.6785940078173
2674.7938849925995, 3242.606256330754, 1821.077157146539
2675.2566452026367, 3245.1316923952936, 1820.24457746205
2675.7403502464294, 3235.450183624051, 1822.5926874370693
2676.2370200157166, 3241.8327804067326, 1813.1181720210097
2676.567136287689, 3241.8327804067326, 1813.1181720210097
2677.211410045624, 3243.5390708078658, 1817.9599777786016
2677.5614728927612, 3243.5390708078658, 1817.9599777786016
2678.2865307331085, 3242.5013665634942, 1818.3300956923483
2678.554811477661, 3242.5013665634942, 1818.3300956923483
2679.0484902858734, 3242.5013665634942, 1818.3300956923483
2679.7406363487244, 3245.368494210434, 1817.678111032661
2680.2582490444183, 3241.2649381109163, 1820.6345183391159
2680.5833790302277, 3241.2649381109163, 1820.6345183391159
2681.044144630432, 3241.2649381109163, 1820.6345183391159
2681.5617592334747, 3241.2649381109163, 1820.6345183391159
2682.0394785404205, 3241.2649381109163, 1820.6345183391159
2682.7844829559326, 3242.505764404343, 1815.591900913784
2683.051768064499, 3242.505764404343, 1815.591900913784
2683.5514290332794, 3242.505764404343, 1815.591900913784
2684.1907160282135, 3240.3253619345564, 1820.1228404329763
2684.555739402771, 3240.3253619345564, 1820.1228404329763
2685.243896007538, 3228.2553088260815, 1819.5897037439981
2685.573013782501, 3228.2553088260815, 1819.5897037439981
2686.223273038864, 3235.997536031724, 1823.3867653004475
2686.585302591324, 3235.997536031724, 1823.3867653004475
2687.0350987911224, 3235.997536031724, 1823.3867653004475
2687.5357944965363, 3235.997536031724, 1823.3867653004475
2688.0354561805725, 3235.997536031724, 1823.3867653004475
2688.561049938202, 3235.997536031724, 1823.3867653004475
2689.205323934555, 3245.825298241533, 1817.7395748431895
2689.566356420517, 3245.825298241533, 1817.7395748431895
2690.064024209976, 3245.825298241533, 1817.7395748431895
2690.538751602173, 3245.825298241533, 1817.7395748431895
2691.071325302124, 3245.825298241533, 1817.7395748431895
2691.76446890831, 3235.322406479504, 1822.6887751141785
2692.0566868782043, 3235.322406479504, 1822.6887751141785
2692.751824617386, 3240.2779603801127, 1818.1902770477304
2693.2365255355835, 3244.0166781155635, 1820.2814842978166
2693.5746207237244, 3244.0166781155635, 1820.2814842978166
2694.0453596115112, 3244.0166781155635, 1820.2814842978166
2694.7315220832825, 3235.9606446027633, 1814.6450400511321
2695.066624403, 3235.9606446027633, 1814.6450400511321
2695.74879693985, 3239.259481128994, 1820.3972115059228
2696.2165446281433, 3234.3967943655402, 1811.7183631920934
2696.7930006980896, 3223.8258536295098, 1807.0333986971216
2697.265734910965, 3243.98323326809, 1814.238515042961
2697.76140666008, 3244.5833656479335, 1812.6660834076906
2698.216188430786, 3242.715208248329, 1808.593168736847
2698.5463061332703, 3242.715208248329, 1808.593168736847
2699.0599286556244, 3242.715208248329, 1808.593168736847
2699.7690291404724, 3243.084034829286, 1822.013270605384
2700.06623339653, 3243.084034829286, 1822.013270605384
2700.56290435791, 3243.084034829286, 1822.013270605384
2701.0476047992706, 3243.084034829286, 1822.013270605384
2701.708833694458, 3238.178812432918, 1817.997035109738
2702.0519165992737, 3238.178812432918, 1817.997035109738
2702.538610935211, 3238.178812432918, 1817.997035109738
2703.19585108757, 3243.5242051586465, 1819.5495063318492
2703.7284247875214, 3241.8491434983184, 1822.9745248315257
2704.200161218643, 3242.7579641084367, 1825.565828316851
2704.548228740692, 3242.7579641084367, 1825.565828316851
2705.04589676857, 3242.7579641084367, 1825.565828316851
2705.536581516266, 3242.7579641084367, 1825.565828316851
2706.200802087784, 3242.1935859772393, 1819.4108932922256
2706.7373785972595, 3245.387840851269, 1816.9387923047404
2707.032588005066, 3245.387840851269, 1816.9387923047404
2707.53723692894, 3245.387840851269, 1816.9387923047404
2708.046872138977, 3245.387840851269, 1816.9387923047404
2708.721065044403, 3244.5036623714964, 1815.6173013529128
2709.2446641921997, 3241.5238646227704, 1821.51329272212
2709.5568256378174, 3241.5238646227704, 1821.51329272212
2710.209081888199, 3249.871116687563, 1817.7255611717405
2710.7386610507965, 3238.062978252059, 1817.773762827135
2711.0318751335144, 3238.062978252059, 1817.773762827135
2711.533532142639, 3238.062978252059, 1817.773762827135
2712.205733537674, 3244.8006694085343, 1819.7098135879655
2712.717361688614, 3239.4898717172546, 1822.1925398127196
2713.206052541733, 3247.877261699895, 1814.3286391771908
2713.546140909195, 3247.877261699895, 1814.3286391771908
2714.209365129471, 3241.0108186462276, 1818.8085139239247
2714.542472600937, 3241.0108186462276, 1818.8085139239247
2715.0351543426514, 3241.0108186462276, 1818.8085139239247
2715.5318229198456, 3241.0108186462276, 1818.8085139239247
2716.0284950733185, 3241.0108186462276, 1818.8085139239247
2716.732607603073, 3240.0342514940935, 1821.9479651805962
2717.2591972351074, 3236.9543600861293, 1810.2663854227924
2717.747902870178, 3242.191598463129, 1816.3468156604358
2718.2006759643555, 3233.1560215255877, 1819.2468605015863
2718.5447528362274, 3233.1560215255877, 1819.2468605015863
2719.0294556617737, 3233.1560215255877, 1819.2468605015863
2719.537096261978, 3233.1560215255877, 1819.2468605015863
2720.1953337192535, 3246.701710340023, 1819.4321256121323
2720.738877058029, 3241.8053098691526, 1824.6540484782422
2721.2006392478943, 3244.2426300609222, 1818.4911736616957
2721.7192509174347, 3237.6906523174994, 1816.7131664456408
2722.1909873485565, 3244.935192168174, 1820.6531836971176
2722.744505882263, 3244.0771819217834, 1821.9286234914157
2723.1933019161224, 3238.38976575526, 1818.350029607276
2723.7258760929108, 3240.5181137418513, 1820.8217812443766
2724.188637495041, 3239.308899289315, 1822.5930310786912
2724.771077156067, 3241.5496041437864, 1816.4695730814396
2725.0533199310303, 3241.5496041437864, 1816.4695730814396
2725.7444701194763, 3244.287138733687, 1817.6170632433334
2726.2042710781097, 3235.1384669002578, 1824.6461006321606
2726.537378549576, 3235.1384669002578, 1824.6461006321606
2727.2105753421783, 3239.347862065653, 1823.0604072018402
2727.7222056388855, 3242.982464174656, 1819.1740513930802
2728.0333733558655, 3242.982464174656, 1819.1740513930802
2728.5350275039673, 3242.982464174656, 1819.1740513930802
2729.174315929413, 3236.962129068903, 1813.5721302214258
2729.7527663707733, 3242.907963670722, 1814.9011883532187
2730.2005684375763, 3239.9975814798045, 1823.0215712930153
2730.537665128708, 3239.9975814798045, 1823.0215712930153
2731.0243623256683, 3239.9975814798045, 1823.0215712930153
2731.707567214966, 3231.4579249793996, 1808.982840479433
2732.0376827716827, 3231.4579249793996, 1808.982840479433
2732.53435254097, 3231.4579249793996, 1808.982840479433
2733.227496623993, 3235.4001536097944, 1818.942123275971
2733.547639131546, 3235.4001536097944, 1818.942123275971
2734.022367477417, 3235.4001536097944, 1818.942123275971
2734.7045402526855, 3238.2815973568167, 1814.7853698656127
2735.1952261924744, 3238.736474405654, 1813.9602304082307
2735.732787132263, 3238.7959265434656, 1813.5040134799362
2736.1845774650574, 3239.6633651920974, 1818.1630342456713
2736.729117870331, 3237.617952765347, 1818.7061467957992
2737.0492601394653, 3237.617952765347, 1818.7061467957992
2737.532965660095, 3237.617952765347, 1818.7061467957992
2738.189206838608, 3239.7088995733343, 1820.1533714176494
2738.5382726192474, 3239.7088995733343, 1820.1533714176494
2739.1885299682617, 3239.2121440142528, 1820.7739670927228
2739.534604072571, 3239.2121440142528, 1820.7739670927228
2740.187853574753, 3238.690111717136, 1821.3760204855712
2740.7333929538727, 3240.710279945056, 1815.5619022575909
2741.041567802429, 3240.710279945056, 1815.5619022575909
2741.7516655921936, 3244.169559672996, 1816.0734449870192
2742.2144277095795, 3244.0006657718154, 1809.372399541362
2742.7519857883453, 3242.1851338136494, 1823.7076253296823
2743.20876288414, 3250.468591255213, 1822.2923160212415
2743.541869878769, 3250.468591255213, 1822.2923160212415
2744.0525028705597, 3250.468591255213, 1822.2923160212415
2744.5681223869324, 3250.468591255213, 1822.2923160212415
2745.043847799301, 3250.468591255213, 1822.2923160212415
2745.753945827484, 3245.08792463318, 1821.8463247270697
2746.0312039852142, 3245.08792463318, 1821.8463247270697
2746.5458245277405, 3245.08792463318, 1821.8463247270697
2747.045486688614, 3245.08792463318, 1821.8463247270697
2747.7047216892242, 3235.0242853866052, 1813.752772552769
2748.207375049591, 3239.9207566590126, 1823.0597519267556
2748.7608921527863, 3245.058494095776, 1819.3601022759995
2749.229636192322, 3248.6069572513043, 1817.5954951968044
2749.54279756546, 3248.6069572513043, 1817.5954951968044
2750.206021308899, 3242.7032833409353, 1816.536241847038
2750.739592075348, 3246.7147388050244, 1814.7733934629864
2751.20334982872, 3244.7014512775886, 1819.6437008281443
2751.7249529361725, 3239.9775435232536, 1815.2330675669148
2752.1867163181305, 3235.555719884311, 1819.1243115492257
2752.5387740135193, 3235.555719884311, 1819.1243115492257
2753.0364401340485, 3235.555719884311, 1819.1243115492257
2753.5351061820984, 3235.555719884311, 1819.1243115492257
2754.0437426567078, 3235.555719884311, 1819.1243115492257
2754.718934059143, 3236.5142939988064, 1819.900067796036
2755.2375450134277, 3241.4721006768586, 1818.175504518082
2755.7591483592987, 3242.397319891374, 1820.106945972212
2756.05934381485, 3242.397319891374, 1820.106945972212
2756.756476163864, 3242.7470560619277, 1817.1195940316993
2757.2401814460754, 3244.0234370725425, 1815.4114728499396
2757.53937959671, 3244.0234370725425, 1815.4114728499396
2758.0440294742584, 3244.0234370725425, 1815.4114728499396
2758.7461473941803, 3243.219188333687, 1817.287318871829
2759.0343759059906, 3243.219188333687, 1817.287318871829
2759.7205419540405, 3241.420657633695, 1809.3384065473256
2760.2042486667633, 3240.4298465619195, 1824.084367172258
2760.535361766815, 3240.4298465619195, 1824.084367172258
2761.193596839905, 3242.3560944607593, 1818.237489332633
2761.7301602363586, 3233.163724194603, 1811.3022825381847
2762.036340713501, 3233.163724194603, 1811.3022825381847
2762.7045509815216, 3235.6632503468836, 1823.8526068617352
2763.197231531143, 3229.8348764270763, 1807.9025260281537
2763.7507491111755, 3242.238772199263, 1820.9049062532786
2764.190569639206, 3237.1661843294555, 1819.2323976073255
2764.739100933075, 3234.6162090808757, 1818.3190318684979
2765.205851316452, 3245.882111242555, 1810.3968798706462
2765.7503926754, 3243.154357313192, 1821.2476962469757
2766.233100414276, 3237.755201911123, 1821.8318157050342
2766.781630039215, 3238.2055294115694, 1816.3194117809837
2767.2433938980103, 3241.0617009335906, 1821.9613863888515
2767.743055820465, 3240.8551505262885, 1819.3743791133413
2768.1868674755096, 3239.8523289511613, 1816.0784539757096
2768.7414095401764, 3244.7567249131844, 1816.9481212626993
2769.034597158432, 3244.7567249131844, 1816.9481212626993
2769.55619931221, 3244.7567249131844, 1816.9481212626993
2770.0438933372498, 3244.7567249131844, 1816.9481212626993
2770.5455498695374, 3244.7567249131844, 1816.9481212626993
2771.1818737983704, 3239.792307661018, 1816.3431272739474
2771.7194340229034, 3245.5857942410544, 1817.1375592404893
2772.1891469955444, 3242.1917875940458, 1821.1555033248353
2772.721720933914, 3239.227519613209, 1819.9364695704196
2773.19744682312, 3241.848485780286, 1816.6005508184244
2773.5375344753265, 3241.848485780286, 1816.6005508184244
2774.1957745552063, 3242.1500416079007, 1818.1685094626102
2774.545834541321, 3242.1500416079007, 1818.1685094626102
2775.207063436508, 3239.582459031501, 1817.371003907846
2775.5511434078217, 3239.582459031501, 1817.371003907846
2776.03883600235, 3239.582459031501, 1817.371003907846
2776.526529788971, 3239.582459031501, 1817.371003907846
2777.0351963043213, 3239.582459031501, 1817.371003907846
2777.5378210544586, 3239.582459031501, 1817.371003907846
2778.0334947109222, 3239.582459031501, 1817.371003907846
2778.5441269874573, 3239.582459031501, 1817.371003907846
2779.1933884620667, 3248.1585937880054, 1813.5294111848661
2779.734937429428, 3239.1757724317945, 1819.7332067541563
2780.1917130947113, 3241.9827016695954, 1812.952217713564
2780.735258102417, 3242.0164721427545, 1818.3706249432569
2781.186078310013, 3244.4822397040743, 1817.9815175419978
2781.5481102466583, 3244.4822397040743, 1817.9815175419978
2782.0278239250183, 3244.4822397040743, 1817.9815175419978
2782.5274872779846, 3244.4822397040743, 1817.9815175419978
2783.2006828784943, 3234.22154370859, 1819.43388791554
2783.7512080669403, 3234.3845561369612, 1812.1191308067014
2784.2010037899017, 3239.8805882124598, 1815.8406927925282
2784.7295882701874, 3243.993366138298, 1820.4625147944912
2785.1903536319733, 3245.0419741654828, 1819.8407584634958
2785.5354294776917, 3245.0419741654828, 1819.8407584634958
2786.0400779247284, 3245.0419741654828, 1819.8407584634958
2786.6993124485016, 3240.6450081084267, 1819.2374745403731
2787.2009682655334, 3240.0648022796613, 1825.3157077724884
2787.556017637253, 3240.0648022796613, 1825.3157077724884
2788.0287511348724, 3240.0648022796613, 1825.3157077724884
2788.536391735077, 3240.0648022796613, 1825.3157077724884
2789.0380477905273, 3240.0648022796613, 1825.3157077724884
2789.698279619217, 3243.0431903272593, 1818.0853512407257
2790.033382177353, 3243.0431903272593, 1818.0853512407257
2790.534040927887, 3243.0431903272593, 1818.0853512407257
2791.0456709861755, 3243.0431903272593, 1818.0853512407257
2791.728841781616, 3239.336537520323, 1824.7685738454106
2792.2015748023987, 3240.11702874376, 1819.3456726559577
2792.748110771179, 3239.4310863025144, 1821.296821724686
2793.032350063324, 3239.4310863025144, 1821.296821724686
2793.7374608516693, 3240.4532290174216, 1820.0996678469876
2794.1802752017975, 3238.0342969958515, 1819.7981120763711
2794.71284866333, 3241.4199651064278, 1814.4910486373662
2795.2015404701233, 3239.6524204487823, 1821.3937151017599
2795.5386366844177, 3239.6524204487823, 1821.3937151017599
2796.1898922920227, 3240.455738791221, 1819.1732643419796
2796.7214686870575, 3239.561345041263, 1819.2839327651839
2797.033632516861, 3239.561345041263, 1819.2839327651839
2797.701842546463, 3242.3710210386207, 1822.4407684669238
2798.0459229946136, 3242.3710210386207, 1822.4407684669238
2798.738067626953, 3242.6075089899314, 1818.4383352389746
2799.034274816513, 3242.6075089899314, 1818.4383352389746
2799.5319409370422, 3242.6075089899314, 1818.4383352389746
2800.053544282913, 3242.6075089899314, 1818.4383352389746
2800.55619764328, 3242.6075089899314, 1818.4383352389746
2801.023945093155, 3242.6075089899314, 1818.4383352389746
2801.5345780849457, 3242.6075089899314, 1818.4383352389746
2802.037231206894, 3242.6075089899314, 1818.4383352389746
2802.5408828258514, 3242.6075089899314, 1818.4383352389746
2803.0375516414642, 3242.6075089899314, 1818.4383352389746
2803.5322265625, 3242.6075089899314, 1818.4383352389746
2804.0229122638702, 3242.6075089899314, 1818.4383352389746
2804.6911237239838, 3240.69090429, 1814.1362934614963
2805.049165248871, 3240.69090429, 1814.1362934614963
2805.534862756729, 3240.69090429, 1814.1362934614963
2806.192102432251, 3231.9988814807934, 1820.032772294067
2806.552138566971, 3231.9988814807934, 1820.032772294067
2807.217357158661, 3242.904171326814, 1816.5196679467383
2807.56343126297, 3242.904171326814, 1816.5196679467383
2808.232637166977, 3230.061264102932, 1808.776413783556
2808.780171394348, 3229.539980167712, 1819.160945219095
2809.231960773468, 3240.477131387695, 1821.184770052624
2809.856288433075, 3239.89406157318, 1815.537919851228
2810.0497703552246, 3239.89406157318, 1815.537919851228
2810.6012947559357, 3239.89406157318, 1815.537919851228
2811.1867253780365, 3234.987060077157, 1819.7403201017553
2811.528809070587, 3234.987060077157, 1819.7403201017553
2812.0364496707916, 3234.987060077157, 1819.7403201017553
2812.566031217575, 3234.987060077157, 1819.7403201017553
2813.232248067856, 3238.091795539146, 1816.9892293956739
2813.548400402069, 3238.091795539146, 1816.9892293956739
2814.069005250931, 3238.091795539146, 1816.9892293956739
2814.5427362918854, 3238.091795539146, 1816.9892293956739
2815.0513739585876, 3238.091795539146, 1816.9892293956739
2815.738533973694, 3240.4863141482533, 1816.4861727879183
2816.2092723846436, 3238.4811835995188, 1822.0915078695525
2816.804677963257, 3241.180971536509, 1821.3533863391974
2817.055008649826, 3241.180971536509, 1821.3533863391974
2817.559656381607, 3241.180971536509, 1821.3533863391974
2818.02441072464, 3241.180971536509, 1821.3533863391974
2818.713565349579, 3238.1019314951113, 1819.8268591268366
2819.207243204117, 3244.696695689106, 1817.089963118602
2819.543342590332, 3244.696695689106, 1817.089963118602
2820.1886143684387, 3241.1610620304227, 1820.1071349339543
2820.7271735668182, 3240.146133131498, 1817.2834796478314
2821.2038946151733, 3241.095685855862, 1820.1681456795454
2821.7245004177094, 3241.9960872482025, 1815.9637751017508
2822.034670829773, 3241.9960872482025, 1815.9637751017508
2822.6899151802063, 3237.116147693898, 1815.1524622969334
2823.0310020446777, 3237.116147693898, 1815.1524622969334
2823.728134393692, 3241.146732597902, 1818.5639178287356
2824.0383036136627, 3241.146732597902, 1818.5639178287356
2824.719479560852, 3237.553528631031, 1811.0072158008613
2825.038624048233, 3237.553528631031, 1811.0072158008613
2825.5382862091064, 3237.553528631031, 1811.0072158008613
2826.1745812892914, 3242.3447011498497, 1819.537862688023
2826.727101802826, 3239.1929991973384, 1819.2590364122473
2827.185873746872, 3240.8107004477242, 1820.6765494902454
2827.717449903488, 3240.983009965469, 1818.6081396857735
2828.209132194519, 3239.777562888835, 1823.4579996272703
2828.720762014389, 3239.8928381444384, 1820.8983434224251
2829.1805307865143, 3243.4369347887155, 1818.728865245593
2829.713145017624, 3241.6151153258484, 1820.8100310642342
2830.2048285007477, 3240.2403000601926, 1813.558891232584
2830.5289599895477, 3240.2403000601926, 1813.558891232584
2831.0425839424133, 3240.2403000601926, 1813.558891232584
2831.5312814712524, 3240.2403000601926, 1813.558891232584
2832.1955025196075, 3240.8555090124023, 1823.7761345415688
2832.7200977802277, 3239.787794495986, 1814.7399687969405
2833.218761920929, 3236.869289456928, 1822.3508146845084
2833.771281003952, 3237.821379094216, 1817.8065948944684
2834.225066423416, 3243.7637428231624, 1822.0004005099372
2834.7317085266113, 3243.644271792191, 1815.9385281804846
2835.0448710918427, 3243.644271792191, 1815.9385281804846
2835.53555560112, 3243.644271792191, 1815.9385281804846
2836.1818244457245, 3239.135135835728, 1819.4507209687358
2836.725397825241, 3245.682132802877, 1819.8005322202139
2837.195140838623, 3234.7067656788568, 1823.6255235946699
2837.7117562294006, 3241.764706573571, 1815.3256476264385
2838.029904127121, 3241.764706573571, 1815.3256476264385
2838.705105781555, 3244.354320489335, 1824.0526287999394
2839.0212490558624, 3244.354320489335, 1824.0526287999394
2839.5408568382263, 3244.354320489335, 1824.0526287999394
2840.17715382576, 3244.71097609469, 1812.5448773203586
2840.7426385879517, 3240.4203308487936, 1816.6998609677585
2841.2133781909943, 3240.071170169926, 1821.0307413499781
2841.558453321457, 3240.071170169926, 1821.0307413499781
2842.221676826477, 3242.2557486498076, 1821.6003433087578
2842.555781364441, 3242.2557486498076, 1821.6003433087578
2843.191080570221, 3252.1832392527012, 1817.3356436902595
2843.7256486415863, 3242.0122457892053, 1816.4656399056084
2844.0288372039795, 3242.0122457892053, 1816.4656399056084
2844.7100117206573, 3238.961944139998, 1819.7410128651252
2845.1887300014496, 3239.9929337762424, 1821.8884507932194
2845.5367980003357, 3239.9929337762424, 1821.8884507932194
2846.0284810066223, 3239.9929337762424, 1821.8884507932194
2846.709656238556, 3244.329602491751, 1818.9098845410579
2847.19336104393, 3245.497658189451, 1817.2630341814493
2847.736904859543, 3237.1621146446396, 1822.2316658252419
2848.0321147441864, 3237.1621146446396, 1822.2316658252419
2848.5337703227997, 3237.1621146446396, 1822.2316658252419
2849.0424082279205, 3237.1621146446396, 1822.2316658252419
2849.5370829105377, 3237.1621146446396, 1822.2316658252419
2850.0417313575745, 3237.1621146446396, 1822.2316658252419
2850.744849920273, 3243.110812735349, 1817.1231786764874
2851.041054725647, 3243.110812735349, 1817.1231786764874
2851.745169401169, 3241.680687333669, 1819.3471732146186
2852.1780116558075, 3241.519653624041, 1821.0230589034543
2852.7135758399963, 3238.1866950938843, 1819.4387682015758
2853.194288253784, 3240.1300560782665, 1818.7105994323626
2853.545347929001, 3240.1300560782665, 1818.7105994323626
2854.196603536606, 3246.0683331159903, 1816.539777087047
2854.5486607551575, 3246.0683331159903, 1816.539777087047
2855.051313638687, 3246.0683331159903, 1816.539777087047
2855.708553791046, 3239.546811357273, 1821.6491849181707
2856.1862738132477, 3244.9448429050985, 1818.1470614847685
2856.5263633728027, 3244.9448429050985, 1818.1470614847685
2857.033012866974, 3244.9448429050985, 1818.1470614847685
2857.7081983089447, 3240.432111581307, 1813.7172573270414
2858.0423033237457, 3240.432111581307, 1813.7172573270414
2858.7593836784363, 3241.2900600570533, 1819.3717534683406
2859.222142457962, 3240.189955943532, 1817.2452964787421
2859.7267911434174, 3238.4984642761306, 1817.555451954113
2860.1985280513763, 3235.2225187071763, 1821.1487011910492
2860.5376195907593, 3235.2225187071763, 1821.1487011910492
2861.1759102344513, 3241.5327340267977, 1817.7436659955292
2861.534950017929, 3241.5327340267977, 1817.7436659955292
2862.0455808639526, 3241.5327340267977, 1817.7436659955292
2862.6888580322266, 3239.7815973650363, 1815.8762987493292
2863.0319385528564, 3239.7815973650363, 1815.8762987493292
2863.541573524475, 3239.7815973650363, 1815.8762987493292
2864.0242805480957, 3239.7815973650363, 1815.8762987493292
2864.5319221019745, 3239.7815973650363, 1815.8762987493292
2865.0295882225037, 3239.7815973650363, 1815.8762987493292
2865.6888225078583, 3244.4097584253936, 1819.5646701360565
2866.205443382263, 3243.036853162207, 1820.1487629642163
2866.774913549423, 3238.432702287182, 1819.1760413895315
2867.0631425380707, 3238.432702287182, 1819.1760413895315
2867.7512986660004, 3240.2553018142344, 1820.8586005098384
2868.1871309280396, 3239.7617413626076, 1811.1931799894103
2868.5302124023438, 3239.7617413626076, 1811.1931799894103
2869.203408718109, 3239.238697789867, 1813.4444263570722
2869.7240409851074, 3240.4279733845965, 1815.6600283777996
2870.1917881965637, 3243.631210834242, 1813.7963416208916
2870.539856672287, 3243.631210834242, 1813.7963416208916
2871.0275495052338, 3243.631210834242, 1813.7963416208916
2871.537184715271, 3243.631210834242, 1813.7963416208916
2872.190435409546, 3240.205343217709, 1817.3924692036185
2872.5255377292633, 3240.205343217709, 1817.3924692036185
2873.2057161331177, 3241.507199468224, 1815.0425042740924
2873.7233300209045, 3237.554732671106, 1820.800017302159
2874.0474622249603, 3237.554732671106, 1820.800017302159
2874.5511128902435, 3237.554732671106, 1820.800017302159
2875.0886731147766, 3237.554732671106, 1820.800017302159
2875.5883343219757, 3237.554732671106, 1820.800017302159
2876.073037147522, 3237.554732671106, 1820.800017302159
2876.573695421219, 3237.554732671106, 1820.800017302159
2877.057399749756, 3237.554732671106, 1820.800017302159
2877.7615144252777, 3240.0651884768226, 1817.2121286866106
2878.233250617981, 3244.8759212925515, 1816.7662794761566
2878.737898826599, 3241.868391019035, 1819.5823987273893
2879.055050134659, 3241.868391019035, 1819.5823987273893
2879.781105041504, 3245.1354237951036, 1819.9915247884664
2880.047391653061, 3245.1354237951036, 1819.9915247884664
2880.7126111984253, 3242.29360025839, 1818.51160267498
2881.049707174301, 3242.29360025839, 1818.51160267498
2881.556349515915, 3242.29360025839, 1818.51160267498
2882.2046134471893, 3237.212120969637, 1820.827743707796
2882.554676294327, 3237.212120969637, 1820.827743707796
2883.2139101028442, 3240.9741763543316, 1817.1426638680055
2883.769422531128, 3244.4317901540885, 1816.769350637584
2884.2660920619965, 3242.276255474589, 1813.1726777681838
2884.564293861389, 3242.276255474589, 1813.1726777681838
2885.0500054359436, 3242.276255474589, 1813.1726777681838
2885.7132160663605, 3237.5351863085443, 1811.835133456393
2886.0523080825806, 3237.5351863085443, 1811.835133456393
2886.555958509445, 3237.5351863085443, 1811.835133456393
2887.1942496299744, 3240.6388742074782, 1818.7488156323852
2887.5512928962708, 3240.6388742074782, 1818.7488156323852
2888.041978597641, 3240.6388742074782, 1818.7488156323852
2888.713191986084, 3240.7434055065196, 1817.2025162515174
2889.1968960762024, 3237.7766973005796, 1807.9681679580765
2889.564911365509, 3237.7766973005796, 1807.9681679580765
2890.0585877895355, 3237.7766973005796, 1807.9681679580765
2890.7168242931366, 3237.4433947511684, 1808.6263521742617
2891.2055163383484, 3242.0017305317015, 1819.7111712830363
2891.553612470627, 3242.0017305317015, 1819.7111712830363
2892.064216375351, 3242.0017305317015, 1819.7111712830363
2892.5618839263916, 3242.0017305317015, 1819.7111712830363
2893.059551000595, 3242.0017305317015, 1819.7111712830363
2893.711803674698, 3238.0667790296966, 1814.4834337141374
2894.1945104599, 3238.2818555135727, 1814.2109610796476
2894.750022649765, 3248.750166687165, 1816.700796425049
2895.2267456054688, 3242.7547497098294, 1819.4017096695145
2895.7323925495148, 3242.3841061692333, 1819.838781283759
2896.2150983810425, 3241.3276407260328, 1821.5691413520635
2896.74467921257, 3238.920593526028, 1813.3383731586655
2897.0608327388763, 3238.920593526028, 1813.3383731586655
2897.5575029850006, 3238.920593526028, 1813.3383731586655
2898.2107553482056, 3239.7502702111656, 1817.1341236461956
2898.722383260727, 3242.4609788759226, 1819.6450244374666
2899.040530204773, 3242.4609788759226, 1819.6450244374666
2899.5521602630615, 3242.4609788759226, 1819.6450244374666
2900.233335018158, 3239.0790019529295, 1816.7475519777581
2900.7738897800446, 3239.881810254441, 1815.849963367503
2901.218697309494, 3237.4678241121824, 1815.0994386080883
2901.7552609443665, 3238.6096028084135, 1818.9130749162646
2902.207049369812, 3239.007465919694, 1811.7565510639624
2902.546142101288, 3239.007465919694, 1811.7565510639624
2903.0557763576508, 3239.007465919694, 1811.7565510639624
2903.557433128357, 3239.007465919694, 1811.7565510639624
2904.2007386684418, 3237.5734762733478, 1818.4090889989466
2904.729294538498, 3241.0389590230357, 1819.1016504367974
2905.2040226459503, 3237.6858238567243, 1821.6419716157127
2905.73460149765, 3242.4274473283813, 1816.6433565272484
2906.211324453354, 3237.5670684546203, 1823.5546965992326
2906.554405450821, 3237.5670684546203, 1823.5546965992326
2907.0480847358704, 3237.5670684546203, 1823.5546965992326
2907.7262666225433, 3237.124335824936, 1818.2802303621334
2908.2548513412476, 3241.889611576245, 1810.0878327653309
2908.8073711395264, 3235.7442628697563, 1811.8936273879722
2909.263153076172, 3239.7950424787605, 1815.210107040267
2909.5723235607147, 3239.7950424787605, 1815.210107040267
2910.0440595149994, 3239.7950424787605, 1815.210107040267
2910.714264392853, 3243.9059085427502, 1818.5328012237524
2911.0533561706543, 3243.9059085427502, 1818.5328012237524
2911.5580043792725, 3243.9059085427502, 1818.5328012237524
2912.1933035850525, 3240.040530315069, 1812.409802102413
2912.7308642864227, 3242.676265255593, 1819.2398603613133
2913.043026447296, 3242.676265255593, 1819.2398603613133
2913.544682741165, 3242.676265255593, 1819.2398603613133
2914.212893486023, 3239.093240531933, 1817.3910663885056
2914.5669450759888, 3239.093240531933, 1817.3910663885056
2915.2042384147644, 3243.0405693352504, 1815.879449622848
2915.7627432346344, 3238.0022256861985, 1818.3680849293494
2916.0509703159332, 3238.0022256861985, 1818.3680849293494
2916.731148481369, 3239.8256830224245, 1814.5398584311722
2917.2328209877014, 3241.2053412709006, 1821.1071180929964
2917.789314031601, 3236.4720736272675, 1822.5784771730148
2918.2061977386475, 3242.0115868385888, 1817.6563603737268
2918.563243150711, 3242.0115868385888, 1817.6563603737268
2919.196545600891, 3240.026449046572, 1819.0552562575776
2919.5426177978516, 3240.026449046572, 1819.0552562575776
2920.044274330139, 3240.026449046572, 1819.0552562575776
2920.5509238243103, 3240.026449046572, 1819.0552562575776
2921.0426063537598, 3240.026449046572, 1819.0552562575776
2921.7068288326263, 3243.58144771307, 1810.7632714468612
2922.0429277420044, 3243.58144771307, 1810.7632714468612
2922.555554628372, 3243.58144771307, 1810.7632714468612
2923.0492334365845, 3243.58144771307, 1810.7632714468612
2923.5628566741943, 3243.58144771307, 1810.7632714468612
2924.045563697815, 3243.58144771307, 1810.7632714468612
2924.7098145484924, 3239.6610855137255, 1812.7268211567723
2925.0558881759644, 3239.6610855137255, 1812.7268211567723
2925.774961709976, 3239.462065070226, 1814.8699679916242
2926.24071764946, 3240.008824548183, 1824.9311285797507
2926.7373847961426, 3238.380146617153, 1825.3814500003175
2927.199146747589, 3238.7032834740708, 1818.9067888090378
2927.5541965961456, 3238.7032834740708, 1818.9067888090378
2928.0498690605164, 3238.7032834740708, 1818.9067888090378
2928.5555143356323, 3238.7032834740708, 1818.9067888090378
2929.0402162075043, 3238.7032834740708, 1818.9067888090378
2929.7084259986877, 3245.201679688285, 1811.5288156013644
2930.1931281089783, 3238.103789461549, 1821.100474119263
2930.7546241283417, 3242.0338475025274, 1820.6692519876547
2931.206414461136, 3241.111617848339, 1812.8605974218588
2931.5654530525208, 3241.111617848339, 1812.8605974218588
2932.20573759079, 3242.5199080514026, 1818.5383422195075
2932.737314224243, 3243.2245019081356, 1818.5282201953173
2933.2279999256134, 3242.2317126483085, 1817.2578548066608
2933.784509420395, 3237.44130114579, 1815.8842430513703
2934.066753387451, 3237.44130114579, 1815.8842430513703
2934.6063084602356, 3237.44130114579, 1815.8842430513703
2935.069069623947, 3237.44130114579, 1815.8842430513703
2935.7472519874573, 3236.061445719485, 1815.969015903859
2936.0564250946045, 3236.061445719485, 1815.969015903859
2936.7425861358643, 3241.4417960932333, 1818.6374001770412
2937.202354669571, 3246.064137150059, 1817.9167268902158
2937.7249546051025, 3239.333352876384, 1817.7916047661365
2938.0560681819916, 3239.333352876384, 1817.7916047661365
2938.558721780777, 3239.333352876384, 1817.7916047661365
2939.2119722366333, 3237.6166073168274, 1821.7024081795996
2939.558045387268, 3237.6166073168274, 1821.7024081795996
2940.195338487625, 3243.5823320118584, 1819.313990543683
2940.7737889289856, 3243.800418144301, 1813.5738838985021
2941.268465280533, 3238.5686409792497, 1820.8457612829723
2941.795054912567, 3240.916723417575, 1819.4134069746283
2942.083282470703, 3240.916723417575, 1819.4134069746283
2942.767449617386, 3241.2813969036383, 1819.3268914452572
2943.2441720962524, 3236.4490845310042, 1815.6714132474533
2943.5653128623962, 3236.4490845310042, 1815.6714132474533
2944.2375180721283, 3242.2354215447695, 1816.729221456362
2944.592561483383, 3242.2354215447695, 1816.729221456362
2945.0553228855133, 3242.2354215447695, 1816.729221456362
2945.5580048561096, 3242.2354215447695, 1816.729221456362
2946.207265138626, 3237.9079672702655, 1820.9583366386703
2946.724879026413, 3237.5247926936786, 1814.4721747768247
2947.056989431381, 3237.5247926936786, 1814.4721747768247
2947.5546560287476, 3237.5247926936786, 1814.4721747768247
2948.059304714203, 3237.5247926936786, 1814.4721747768247
2948.7315051555634, 3237.5215815402357, 1823.5030911885535
2949.200249671936, 3240.3843344823977, 1822.5308265905387
2949.5582897663116, 3240.3843344823977, 1822.5308265905387
2950.225503921509, 3228.86847031349, 1825.8108053160897
2950.565592288971, 3228.86847031349, 1825.8108053160897
2951.237791776657, 3237.2169421368367, 1818.7306195928363
2951.733464241028, 3239.7274052134903, 1820.851934479617
2952.2032058238983, 3240.760835637767, 1818.242727167112
2952.7457542419434, 3236.4462252025223, 1821.2413921393545
2953.0479440689087, 3236.4462252025223, 1821.2413921393545
2953.5496015548706, 3236.4462252025223, 1821.2413921393545
2954.2048444747925, 3241.393916817127, 1819.1779375014942
2954.563882827759, 3241.393916817127, 1819.1779375014942
2955.1981840133667, 3232.2401492839963, 1821.456811618948
2955.550241947174, 3232.2401492839963, 1821.456811618948
2956.200499534607, 3246.5536802148868, 1820.396988257234
2956.736065387726, 3242.846174882083, 1822.1845577229544
2957.04523730278, 3242.846174882083, 1822.1845577229544
2957.7194318771362, 3241.8316061955147, 1819.1141138419132
2958.2071254253387, 3241.3278494254027, 1815.1422729334843
2958.565166950226, 3241.3278494254027, 1815.1422729334843
2959.067820072174, 3241.3278494254027, 1815.1422729334843
2959.566486120224, 3241.3278494254027, 1815.1422729334843
2960.204775094986, 3240.14225054364, 1817.2690577717688
2960.742336034775, 3241.4311784468177, 1819.1926074530584
2961.0405361652374, 3241.4311784468177, 1819.1926074530584
2961.709743499756, 3238.14472418491, 1822.28474872063
2962.0458433628082, 3238.14472418491, 1822.28474872063
2962.5455050468445, 3238.14472418491, 1822.28474872063
2963.0501532554626, 3238.14472418491, 1822.28474872063
2963.549815416336, 3238.14472418491, 1822.28474872063
2964.0414986610413, 3238.14472418491, 1822.28474872063
2964.5581710338593, 3238.14472418491, 1822.28474872063
2965.050852537155, 3238.14472418491, 1822.28474872063
2965.5465245246887, 3238.14472418491, 1822.28474872063
2966.2017698287964, 3232.879450708171, 1808.8510343431415
2966.5398631095886, 3232.879450708171, 1808.8510343431415
2967.06645488739, 3232.879450708171, 1808.8510343431415
2967.543176174164, 3232.879450708171, 1808.8510343431415
2968.042837381363, 3232.879450708171, 1808.8510343431415
2968.562448978424, 3232.879450708171, 1808.8510343431415
2969.2067210674286, 3241.17152066842, 1815.8441854054472
2969.5508003234863, 3241.17152066842, 1815.8441854054472
2970.19407582283, 3239.8027537759053, 1816.4901687887618
2970.736622571945, 3243.517160198516, 1811.8840265725848
2971.2074325084686, 3232.581253849653, 1811.0616201931969
2971.559487581253, 3232.581253849653, 1811.0616201931969
2972.0531668663025, 3232.581253849653, 1811.0616201931969
2972.71439576149, 3241.469383194544, 1818.1073459746785
2973.053487300873, 3241.469383194544, 1818.1073459746785
2973.5551433563232, 3241.469383194544, 1818.1073459746785
2974.04084277153, 3241.469383194544, 1818.1073459746785
2974.5594534873962, 3241.469383194544, 1818.1073459746785
2975.223674058914, 3240.496317445361, 1820.0447631865188
2975.5547873973846, 3240.496317445361, 1820.0447631865188
2976.073397874832, 3240.496317445361, 1820.0447631865188
2976.7266478538513, 3231.1518525610286, 1810.29319138363
2977.1963906288147, 3239.3482252413583, 1815.967055907596
2977.7489154338837, 3241.452313686943, 1816.8553953931041
2978.0540976524353, 3241.452313686943, 1816.8553953931041
2978.734275817871, 3239.5928527224683, 1811.2283884087435
2979.218977689743, 3243.6646964647075, 1813.1113535372879
2979.546101808548, 3243.6646964647075, 1813.1113535372879
2980.0547399520874, 3243.6646964647075, 1813.1113535372879
2980.553403377533, 3243.6646964647075, 1813.1113535372879
2981.0630388259888, 3243.6646964647075, 1813.1113535372879
2981.7093074321747, 3240.2311764281612, 1810.7228723389535
2982.205977201462, 3237.7365248874316, 1822.8415429825493
2982.7505185604095, 3241.497635597592, 1816.5659055082863
2983.2402143478394, 3229.650042790926, 1809.6058728212643
2983.5613470077515, 3229.650042790926, 1809.6058728212643
2984.1986401081085, 3242.365972466452, 1823.5683413922873
2984.756147146225, 3240.162036030518, 1814.1450949441144
2985.050359725952, 3240.162036030518, 1814.1450949441144
2985.7205641269684, 3236.9110824558525, 1818.1261698767482
2986.2002787590027, 3238.9783818951023, 1810.4600697029261
2986.7567887306213, 3236.496482186842, 1809.565425038258
2987.0510008335114, 3236.496482186842, 1809.565425038258
2987.5516605377197, 3236.496482186842, 1809.565425038258
2988.216878414154, 3240.335030915224, 1818.9815266441078
2988.5579645633698, 3240.335030915224, 1818.9815266441078
2989.060618162155, 3240.335030915224, 1818.9815266441078
2989.7108764648438, 3240.5037097640543, 1819.3413207466979
2990.059941291809, 3240.5037097640543, 1819.3413207466979
2990.5446438789368, 3240.5037097640543, 1819.3413207466979
2991.2048754692078, 3226.334282521834, 1815.6530508880826
2991.5619184970856, 3226.334282521834, 1815.6530508880826
2992.0585882663727, 3226.334282521834, 1815.6530508880826
2992.752728700638, 3208.939026732333, 1788.51615294588
2993.209505558014, 3200.462776175592, 1805.3998757774436
2993.5575728416443, 3200.462776175592, 1805.3998757774436
2994.0771820545197, 3200.462776175592, 1805.3998757774436
2994.7523741722107, 3223.828251403348, 1829.7028340152924
2995.0625429153442, 3223.828251403348, 1829.7028340152924
2995.7955791950226, 3935.4056953014733, 2017.9248324295622
2996.2493648529053, 5303.907172169853, 2032.0583243711928
2996.571501493454, 5303.907172169853, 2032.0583243711928
2997.2237541675568, 4035.594419095484, 2018.4298962003802
2998.798555135727, 2142.758817217426, 1349.932304330451
2999.123665332794, 2142.758817217426, 1349.932304330451
2999.8257846832275, 2165.372866650162, 431.8593395039644
3000.1549031734467, 2165.372866650162, 431.8593395039644
3000.638608932495, 2165.372866650162, 431.8593395039644
3001.2978427410126, 2141.5818444324805, 918.7544048759211
3001.813460588455, 1250.5993260539901, 496.50657490414227
3002.310131072998, 2146.775996949484, 1565.3275542780316
3002.7928376197815, 2132.465214196017, 219.43379035228594
3003.114974975586, 2132.465214196017, 219.43379035228594
3003.6076555252075, 2132.465214196017, 219.43379035228594
3004.089365005493, 2132.465214196017, 219.43379035228594
3004.7944769859314, 2143.663102042417, 199.09146879596673
3005.136560201645, 2143.663102042417, 199.09146879596673
3005.6501846313477, 2143.663102042417, 199.09146879596673
3006.1239166259766, 2143.663102042417, 199.09146879596673
3006.693391561508, 2143.663102042417, 199.09146879596673
3007.3197135925293, 2128.944371011465, 1264.804428751363
3007.8802120685577, 2068.803815191544, 308.1263729098036
3008.247230052948, 2068.803815191544, 308.1263729098036
3009.3781995773315, 2131.892261471081, 166.37808222304727
3009.615564107895, 2131.892261471081, 166.37808222304727
3010.32266998291, 2122.7805423413984, 1421.2723990522024
3010.7186098098755, 2074.364677624259, 713.3448189719
3010.907104253769, 2074.364677624259, 713.3448189719
3011.3509154319763, 2124.235688232626, 1138.9442713747178
3011.7308979034424, 1464.1899197578955, 542.8453984750922
3012.288405418396, 2451.6132621723455, 458.11804672098066
3012.8329470157623, 2109.530238326497, 1390.2607870639831
3013.0553510189056, 2109.530238326497, 1390.2607870639831
3013.4602665901184, 2111.48312027243, 1204.6250348421074
3013.8851284980774, 2135.6783016371246, 123.30762146584722
3014.1274795532227, 2135.6783016371246, 123.30762146584722
3014.4785389900208, 1845.2846884041012, 2310.580833166608
3014.879465341568, 1400.9125881022856, 1215.5716340384108
3015.337239265442, 2101.772540201307, 694.4732833893471
3015.8658232688904, 2122.376447554768, 1328.0058561451076
3016.1550483703613, 2122.376447554768, 1328.0058561451076
3016.6736602783203, 2122.376447554768, 1328.0058561451076
3017.310952425003, 2195.3041450098012, 2008.5320127585026
3017.8634736537933, 2113.6638036491986, 1417.114564150863
3018.293321609497, 2088.4129223487444, 2268.951504578489
3018.834871530533, 2148.154093689907, -46125.13035377744
3019.2507569789886, 3139.0901305417556, 389.7957226101947
3019.764383792877, 2143.940352449861, 221.67718147289048
3020.0895109176636, 2143.940352449861, 221.67718147289048
3020.8065898418427, 2149.249391830667, -313.5915840449858
3021.272342443466, 1241.3022365857978, 1251.2601671589648
3021.6413538455963, 1241.3022365857978, 1251.2601671589648
3022.130045890808, 1241.3022365857978, 1251.2601671589648
3022.6466615200043, 1241.3022365857978, 1251.2601671589648
3023.268994808197, 2114.949493614956, 6.904943599440764
3023.8614077568054, 1342.8727839792568, 1364.6537754519295
3024.1526279449463, 1342.8727839792568, 1364.6537754519295
3024.656278848648, 1342.8727839792568, 1364.6537754519295
3025.8091912269592, 2737.981099722459, 3398.5862505515456
3026.089440345764, 2737.981099722459, 3398.5862505515456
3026.58411693573, 2737.981099722459, 3398.5862505515456
3027.309173345566, 2124.749595029666, 1372.411810272309
3027.843742132187, 2081.899949197227, 306.75536101116126
3028.2985241413116, 2121.321731410753, 698.7186826873627
3028.6635460853577, 2121.321731410753, 698.7186826873627
3029.1402690410614, 2121.321731410753, 698.7186826873627
3029.808479309082, 2135.3427292011133, 263.6417313789188
3030.142585992813, 2135.3427292011133, 263.6417313789188
3030.636262178421, 2135.3427292011133, 263.6417313789188
3031.2855236530304, 2123.986744308259, 17400.84921745851
3031.852068424225, 2080.8419213027155, 405.10884986687927
3032.1642320156097, 2080.8419213027155, 405.10884986687927
3032.653920173645, 2080.8419213027155, 405.10884986687927
3033.144606113434, 2080.8419213027155, 405.10884986687927
3033.661224126816, 2080.8419213027155, 405.10884986687927
3034.1768419742584, 2080.8419213027155, 405.10884986687927
3034.6765336990356, 2080.8419213027155, 405.10884986687927
3035.2998328208923, 2149.5033108556127, 198.38167861840355
3035.795506954193, 2160.249755686319, 1013.9648980365307
3036.3081328868866, 2134.6225589081396, 754.6978591111904
3036.820759534836, 2137.4076193831092, 1332.3658836273942
3037.1279368400574, 2137.4076193831092, 1332.3658836273942
3037.7283294200897, 2251.301188194625, 2861.745185227303
3038.0504677295685, 2251.301188194625, 2861.745185227303
3038.5601007938385, 2251.301188194625, 2861.745185227303
3039.072728872299, 2251.301188194625, 2861.745185227303
3039.7987837791443, 2144.049442778114, 1659.6200764502864
3040.133885860443, 2144.049442778114, 1659.6200764502864
3040.779157400131, 2196.9257028743355, 2672.173279955479
3041.2498965263367, 2783.791515771082, 2128.9727153280273
3041.7714998722076, 2748.004138200383, 2052.572347787321
3042.2422387599945, 2737.494548895448, 2047.5900880913748
3042.7837901115417, 2735.226195803816, 2042.294791874156
3043.226603746414, 2737.8667403351565, 2044.9432460933876
3043.551732778549, 2737.8667403351565, 2044.9432460933876
3044.2029869556427, 2730.0798136545964, 2043.5200708396296
3044.758499145508, 2738.7426568194196, 2045.9510081619783
3045.0567331314087, 2738.7426568194196, 2045.9510081619783
3045.723946094513, 2732.704393577493, 2042.941528199302
3046.208649158478, 2729.964743592435, 2042.071467878274
3046.567687511444, 2729.964743592435, 2042.071467878274
3047.064357280731, 2729.964743592435, 2042.071467878274
3047.564018011093, 2729.964743592435, 2042.071467878274
3048.21231007576, 2735.2156213020357, 2046.9079600566042
3048.551375389099, 2735.2156213020357, 2046.9079600566042
3049.055044412613, 2735.2156213020357, 2046.9079600566042
3049.5716423988342, 2735.2156213020357, 2046.9079600566042
3050.245834827423, 2725.3680701513913, 1892.338112717314
3050.7993528842926, 2744.071197754144, 1886.7930228399339
3051.0726203918457, 2744.071197754144, 1886.7930228399339
3051.569290161133, 2744.071197754144, 1886.7930228399339
3052.049004793167, 2744.071197754144, 1886.7930228399339
3052.7192125320435, 2720.8811445702727, 1777.856698619625
3053.0592987537384, 2720.8811445702727, 1777.856698619625
3053.5649456977844, 2720.8811445702727, 1777.856698619625
3054.228168487549, 2777.9911271340497, 1889.4733538166217
3054.576235771179, 2777.9911271340497, 1889.4733538166217
3055.276361465454, 2809.5561045803565, 1882.898416891628
3055.7610623836517, 2784.779362472565, 2010.5274299319547
3056.0652499198914, 2784.779362472565, 2010.5274299319547
3056.7524075508118, 2761.818383558259, 2031.5030747496696
3057.2112057209015, 2761.7210617287146, 1844.1502119252837
3057.772705078125, 2778.148104512299, 1902.218592391471
3058.2144932746887, 2762.196088092514, 1972.5356865452993
3058.784963607788, 2781.3813844778806, 2015.5368193670372
3059.072194337845, 2781.3813844778806, 2015.5368193670372
3059.7633426189423, 2789.3408323105396, 2010.3583217460773
3060.053565979004, 2789.3408323105396, 2010.3583217460773
3060.745712041855, 2702.680649782751, 1984.7494467162694
3061.056878566742, 2702.680649782751, 1984.7494467162694
3061.558535337448, 2702.680649782751, 1984.7494467162694
3062.202810049057, 3929.8398343616054, 2184.364468467577
3062.5658378601074, 3929.8398343616054, 2184.364468467577
3063.0605347156525, 3929.8398343616054, 2184.364468467577
3063.722739458084, 4029.707592097506, 2201.5829558449523
3064.2124581336975, 4002.2556958575533, 2167.6616654072477
3064.557502746582, 4002.2556958575533, 2167.6616654072477
3065.058190345764, 4002.2556958575533, 2167.6616654072477
3066.7466394901276, 3729.601935552531, 2914.6922340954898
3067.0627920627594, 3729.601935552531, 2914.6922340954898
3067.573425769806, 3729.601935552531, 2914.6922340954898
3068.058126449585, 3729.601935552531, 2914.6922340954898
3068.729328393936, 3719.6434734115137, 2917.2735464741268
3069.0594444274902, 3719.6434734115137, 2917.2735464741268
3069.729650259018, 3634.5902128410125, 2333.9880375767475
3070.1964037418365, 3656.5014222714217, 2294.862522111058
3070.733964920044, 3642.349395764792, 2174.5598262489334
3071.199717760086, 3649.4277993820288, 2217.7542278317446
3071.5517740249634, 3649.4277993820288, 2217.7542278317446
3072.209013223648, 3663.5772744619167, 2294.7386709991156
3072.5540895462036, 3663.5772744619167, 2294.7386709991156
3073.2203052043915, 3650.237582586311, 2290.1498544793485
3073.7758164405823, 3652.568377717406, 2289.3517345170208
3074.0510799884796, 3652.568377717406, 2289.3517345170208
3074.786111354828, 3655.905444335073, 2292.722808874945
3075.232914686203, 3652.249493601987, 2323.278144647487
3075.8113646507263, 3647.5279672796223, 2331.6806708892445
3076.2671444416046, 3648.947015568708, 2332.925285779574
3076.56534743309, 3648.947015568708, 2332.925285779574
3077.0440640449524, 3648.947015568708, 2332.925285779574
3077.548711538315, 3648.947015568708, 2332.925285779574
3078.1989698410034, 3646.0703815964457, 2325.8173657283896
3078.544045686722, 3646.0703815964457, 2325.8173657283896
3079.044704914093, 3646.0703815964457, 2325.8173657283896
3079.558377981186, 3646.0703815964457, 2325.8173657283896
3080.0390911102295, 3646.0703815964457, 2325.8173657283896
3080.7172741889954, 2956.168966552318, 2242.7116090118107
3081.2119495868683, 2964.074602619153, 2238.993126457196
3081.5699903964996, 2964.074602619153, 2238.993126457196
3082.0556898117065, 2964.074602619153, 2238.993126457196
3082.5383956432343, 2964.074602619153, 2238.993126457196
3083.1976313591003, 2960.0824637332234, 2210.6855434368854
3083.7581305503845, 2964.3632403592405, 2225.5163748083396
3084.0613169670105, 2964.3632403592405, 2225.5163748083396
3084.55299949646, 2964.3632403592405, 2225.5163748083396
3085.0506699085236, 2964.3632403592405, 2225.5163748083396
3085.549332857132, 2964.3632403592405, 2225.5163748083396
3086.0569722652435, 2964.3632403592405, 2225.5163748083396
3086.7232236862183, 3082.8417340291294, 2101.2053173678587
3087.21390914917, 3086.3058983079377, 2101.2355004819424
3087.7395017147064, 3073.8982280605846, 2099.368196369157
3088.052663087845, 3073.8982280605846, 2099.368196369157
3088.7238659858704, 3081.726972340817, 2104.0106195526846
3089.049992084503, 3081.726972340817, 2104.0106195526846
3089.5646138191223, 3081.726972340817, 2104.0106195526846
3090.060286283493, 3081.726972340817, 2104.0106195526846
3090.558980703354, 3081.726972340817, 2104.0106195526846
3091.0456471443176, 3081.726972340817, 2104.0106195526846
3091.720838546753, 3076.554759361721, 2039.5810844981302
3092.248426437378, 3079.9646854174, 2093.920810367132
3092.795958518982, 3079.1340316275073, 2045.2697287461256
3093.0422990322113, 3079.1340316275073, 2045.2697287461256
3093.732450246811, 3076.0058284767856, 2107.0284507738183
3094.207179069519, 3064.660385355809, 2143.4458702565985
3094.7437427043915, 3070.5656808150447, 2138.6982294371574
3095.0539107322693, 3070.5656808150447, 2138.6982294371574
3095.7241156101227, 3084.733560274767, 2060.081261986097
3096.1928882598877, 3175.174221854865, 1987.1328480094305
3096.754356622696, 3163.5731148903824, 2035.5801161791746
3097.229084968567, 3168.258030511778, 1969.914464848576
3097.5472321510315, 3168.258030511778, 1969.914464848576
3098.217437982559, 3166.3571390536163, 2049.532018394828
3098.759984731674, 3159.9584259936996, 2054.991572708236
3099.236707687378, 3161.1626484106546, 2051.159674873926
3099.5688207149506, 3161.1626484106546, 2051.159674873926
3100.2230653762817, 3169.2002040704106, 2066.523073685479
3100.590082883835, 3169.2002040704106, 2066.523073685479
3101.0588269233704, 3169.2002040704106, 2066.523073685479
3101.577437877655, 3169.2002040704106, 2066.523073685479
3102.2237071990967, 3103.7105395487315, 2085.2945259919634
3102.580751180649, 3103.7105395487315, 2085.2945259919634
3103.2200396060944, 3105.254753109391, 2087.894340552903
3103.7466275691986, 3087.702222008548, 2103.7344229196165
3104.063779115677, 3087.702222008548, 2103.7344229196165
3104.7509381771088, 3091.2137382117744, 2104.0588762750594
3105.0601098537445, 3091.2137382117744, 2104.0588762750594
3105.754251718521, 3087.2120314818494, 2070.205737950607
3106.2120246887207, 3105.495092471335, 2093.729250615879
3106.7536079883575, 3103.147874510482, 2091.6352776467043
3107.066735982895, 3103.147874510482, 2091.6352776467043
3107.755890607834, 3096.4585886767304, 2097.774278969193
3108.0590777397156, 3096.4585886767304, 2097.774278969193
3108.55574798584, 3096.4585886767304, 2097.774278969193
3109.083334684372, 3096.4585886767304, 2097.774278969193
3109.809390068054, 3099.412310180367, 2040.4241952457141
3110.2561933994293, 3097.540686901376, 2020.045319231126
3110.8735394477844, 3100.841703085456, 1982.414524949823
3111.209639310837, 3117.5382475797082, 1962.9173698078052
3111.7471992969513, 3147.002692405653, 1961.5640919446407
3112.21195435524, 3143.591657816025, 1942.68135383696
3112.5699956417084, 3143.591657816025, 1942.68135383696
3113.059684276581, 3143.591657816025, 1942.68135383696
3113.8575472831726, 3155.501915718263, 1949.530416182841
3114.2425162792206, 3157.868705077927, 1956.341232485553
3114.575623512268, 3157.868705077927, 1956.341232485553
3115.0683052539825, 3157.868705077927, 1956.341232485553
3115.6048679351807, 3157.868705077927, 1956.341232485553
3116.2670950889587, 3159.9432437128485, 1965.8939471165559
3116.5772626399994, 3159.9432437128485, 1965.8939471165559
3117.244475364685, 3158.0841471896397, 1963.7775036977564
3117.577583551407, 3158.0841471896397, 1963.7775036977564
3118.062285900116, 3158.0841471896397, 1963.7775036977564
3118.593861103058, 3158.0841471896397, 1963.7775036977564
3119.209213256836, 3159.3309332439435, 2064.7463032649234
3119.5862050056458, 3159.3309332439435, 2064.7463032649234
3120.2185111045837, 3157.401404219908, 2067.8918545391907
3120.5625882148743, 3157.401404219908, 2067.8918545391907
3121.0582609176636, 3157.401404219908, 2067.8918545391907
3121.571884870529, 3157.401404219908, 2067.8918545391907
3122.2151622772217, 3157.9271237449984, 2072.663990630446
3122.573203086853, 3157.9271237449984, 2072.663990630446
3123.213488817215, 3153.541655579818, 2084.2089355985527
3123.5595610141754, 3153.541655579818, 2084.2089355985527
3124.062215089798, 3153.541655579818, 2084.2089355985527
3124.573844909668, 3153.541655579818, 2084.2089355985527
3125.230089187622, 3154.2344168874256, 2077.136027002301
3125.791583776474, 3154.8182772019704, 2082.3110661916617
3126.2473640441895, 3154.0545268616756, 2082.169016037937
3126.7948961257935, 3154.5445182896856, 2090.6012415072223
3127.0591883659363, 3154.5445182896856, 2090.6012415072223
3127.5668337345123, 3154.5445182896856, 2090.6012415072223
3128.059514760971, 3154.5445182896856, 2090.6012415072223
3128.5731394290924, 3154.5445182896856, 2090.6012415072223
3129.2233970165253, 3158.1341053324536, 2069.3910710334835
3129.749986410141, 3160.0304687953408, 2069.3081276484954
3130.05916428566, 3160.0304687953408, 2069.3081276484954
3130.576777458191, 3160.0304687953408, 2069.3081276484954
3131.0535011291504, 3160.0304687953408, 2069.3081276484954
3131.7396626472473, 3159.430927595891, 2027.3779497251523
3132.0687816143036, 3159.430927595891, 2027.3779497251523
3132.761924982071, 3156.165010712965, 2015.68240543766
3133.054142475128, 3156.165010712965, 2015.68240543766
3133.7413017749786, 3161.4775968785543, 2068.372867740894
3134.075407266617, 3161.4775968785543, 2068.372867740894
3134.569085121155, 3161.4775968785543, 2068.372867740894
3135.2532982826233, 3164.930266437451, 2014.8559169952075
3135.7529606819153, 3159.3341295522187, 2011.429689585139
3136.2177159786224, 3170.4251402883756, 1985.1108238502406
3136.569772720337, 3170.4251402883756, 1985.1108238502406
3137.063449859619, 3170.4251402883756, 1985.1108238502406
3137.724704027176, 3170.944755379493, 2030.2878241622022
3138.221379518509, 3168.341088260827, 2062.8979727029086
3138.824758052826, 3166.7298256524386, 2078.3575559558617
3139.064116001129, 3166.7298256524386, 2078.3575559558617
3139.578741312027, 3166.7298256524386, 2078.3575559558617
3140.2649002075195, 3155.724516502037, 2055.8575680730846
3140.7994685173035, 3173.9706754821073, 2075.250768145891
3141.2692108154297, 3181.8190923966313, 2048.260588156235
3141.567412853241, 3181.8190923966313, 2048.260588156235
3142.2745203971863, 3160.26373579772, 2009.5190214519985
3142.574713230133, 3160.26373579772, 2009.5190214519985
3143.2409296035767, 3169.7241583732534, 2019.3059461768166
3143.5660586357117, 3169.7241583732534, 2019.3059461768166
3144.052754878998, 3169.7241583732534, 2019.3059461768166
3144.5593979358673, 3169.7241583732534, 2019.3059461768166
3145.2136454582214, 3163.091108356671, 2030.5341960816468
3145.5776703357697, 3163.091108356671, 2030.5341960816468
3146.2289259433746, 3158.091116319144, 2030.8865738675038
3146.7445447444916, 3136.35394873111, 2034.6582990389966
3147.2262551784515, 3118.340374134437, 2057.3551693869836
3147.759825706482, 3120.313841647775, 2061.336647668161
3148.2265753746033, 3110.79620916563, 2063.4167332318216
3148.7771015167236, 3107.8224448044575, 2069.42764337701
3149.2149283885956, 3104.846481256066, 2076.2320245954124
3149.7604670524597, 3103.3546983884976, 2091.6705638291355
3150.0706372261047, 3103.3546983884976, 2091.6705638291355
3150.7777423858643, 3108.8420461358323, 2082.7117866665403
3151.077940225601, 3108.8420461358323, 2082.7117866665403
3151.575605869293, 3108.8420461358323, 2082.7117866665403
3152.0623021125793, 3108.8420461358323, 2082.7117866665403
3152.740485429764, 3103.3425195836257, 2061.7236563932092
3153.2152173519135, 3110.7236367274104, 2067.397748698462
3153.5762469768524, 3110.7236367274104, 2067.397748698462
3154.2115454673767, 3101.432952563312, 2062.83269950945
3154.734145641327, 3096.585355236886, 2047.1736703757779
3155.222836494446, 3099.3615078833686, 2061.3829837750714
3155.5828728675842, 3099.3615078833686, 2061.3829837750714
3156.211190700531, 3094.6890486821417, 2045.4205630687843
3156.7676990032196, 3099.7111041238522, 2068.1980912467125
3157.0698912143707, 3099.7111041238522, 2068.1980912467125
3157.5615735054016, 3099.7111041238522, 2068.1980912467125
3158.0582423210144, 3099.7111041238522, 2068.1980912467125
3158.731439590454, 3102.2930372047435, 2072.7123135475167
3159.243069410324, 3107.692471862523, 2089.8896174082856
3159.7866139411926, 3094.8893972624637, 2102.9295315865306
3160.239400625229, 3094.2936819427223, 2109.77802877945
3160.5725083351135, 3094.2936819427223, 2109.77802877945
3161.2147879600525, 3101.3952966604497, 2125.2047174042114
3161.7433726787567, 3105.397027972279, 2100.1766430649304
3162.2121164798737, 3096.0689482075045, 2064.9442371752116
3162.582125902176, 3096.0689482075045, 2064.9442371752116
3163.213434934616, 3145.6971341354506, 2052.0935401277166
3163.5605070590973, 3145.6971341354506, 2052.0935401277166
3164.0591695308685, 3145.6971341354506, 2052.0935401277166
3164.559829235077, 3145.6971341354506, 2052.0935401277166
3165.0535073280334, 3145.6971341354506, 2052.0935401277166
3165.718724966049, 3134.2616036855406, 2044.1713392134475
3166.217389822006, 3136.4628479149815, 2045.4547064247279
3166.7738988399506, 3139.51298503375, 2025.2533049734434
3167.064122438431, 3139.51298503375, 2025.2533049734434
3167.7722249031067, 3151.6149428188214, 2071.849438912001
3168.2419667243958, 3144.825347645227, 2056.033264025224
3168.793489217758, 3145.993277000886, 2074.456031954974
3169.0587792396545, 3145.993277000886, 2074.456031954974
3169.7249944210052, 3138.135176801507, 2041.3860104897085
3170.2366242408752, 3142.07977352605, 2043.3755449755156
3170.8001153469086, 3151.4495694007855, 2071.3633865095476
3171.245931625366, 3143.1460791338195, 2069.6918789527153
3171.7665271759033, 3152.6936555596585, 2074.9188354606636
3172.211334705353, 3145.9965442982007, 2053.168594956758
3172.7518870830536, 3156.614131145429, 2033.4260747958128
3173.2196345329285, 3165.3015516674755, 2041.1190222515756
3173.786118745804, 3164.8689517175358, 2014.2729947363634
3174.2548615932465, 3173.15950968066, 2032.4029458962505
3174.561042070389, 3173.15950968066, 2032.4029458962505
3175.228254556656, 3154.432558118536, 2060.784295110554
3175.8575694561005, 3152.5924255668333, 2061.7620750436536
3176.2943992614746, 3170.475057512712, 2044.7547302844391
3176.822983980179, 3155.0489868005943, 2035.2306853467023
3177.0623421669006, 3155.0489868005943, 2035.2306853467023
3177.7265634536743, 3158.697023292282, 2054.2610748562456
3178.0626633167267, 3158.697023292282, 2054.2610748562456
3178.5762877464294, 3158.697023292282, 2054.2610748562456
3179.053010702133, 3158.697023292282, 2054.2610748562456
3179.7272057533264, 3151.5247584689614, 2059.8647773888033
3180.0712835788727, 3151.5247584689614, 2059.8647773888033
3180.557979822159, 3151.5247584689614, 2059.8647773888033
3181.0646340847015, 3151.5247584689614, 2059.8647773888033
3181.7168877124786, 3172.4074839343475, 2022.0032628414722
3182.065952539444, 3172.4074839343475, 2022.0032628414722
3182.5666115283966, 3172.4074839343475, 2022.0032628414722
3183.212880373001, 3187.3258333326157, 2043.454178462963
3183.7414643764496, 3171.9494699022557, 2037.2601902292176
3184.2361397743225, 3167.3357053144673, 2052.638419056994
3184.7717163562775, 3160.2977038537797, 2062.6582570650066
3185.081874370575, 3160.2977038537797, 2062.6582570650066
3185.575552225113, 3160.2977038537797, 2062.6582570650066
3186.2148399353027, 3165.197369850066, 2037.911798357144
3186.754395008087, 3170.390005565473, 2035.1220579204735
3187.2341101169586, 3170.7158287554216, 2014.1295636371558
3187.749729156494, 3173.1885507121096, 2021.7485556453164
3188.0628900527954, 3173.1885507121096, 2021.7485556453164
3188.577512741089, 3173.1885507121096, 2021.7485556453164
3189.20383477211, 3159.0017810388135, 2091.362259055997
3189.747378349304, 3167.11928063009, 2053.812526212022
3190.202160358429, 3169.6017366762885, 2012.5601653041044
3190.584137916565, 3169.6017366762885, 2012.5601653041044
3191.062855243683, 3169.6017366762885, 2012.5601653041044
3191.7220895290375, 3103.5248543290695, 2073.1976006604823
3192.206791162491, 3104.833427208103, 2096.500333917529
3192.818154335022, 3123.055591566351, 2124.3764430782767
3193.0774598121643, 3123.055591566351, 2124.3764430782767
3193.7646186351776, 3107.607907416403, 2162.838814525309
3194.214414358139, 3121.5056988695196, 2166.915854737873
3194.780897140503, 3114.5106699359226, 2166.70851157064
3195.2147352695465, 3107.4037789952968, 2156.776638481119
3195.5637998580933, 3107.4037789952968, 2156.776638481119
3196.216053009033, 3164.7658845702663, 2067.5669309404316
3196.747629404068, 3170.5546127717625, 2043.8500640542452
3197.073755502701, 3170.5546127717625, 2043.8500640542452
3197.56445145607, 3170.5546127717625, 2043.8500640542452
3198.061120033264, 3170.5546127717625, 2043.8500640542452
3198.7253415584564, 3167.28783694069, 2055.114659484948
3199.226998567581, 3163.7954593745008, 2039.8020643468901
3199.5621004104614, 3163.7954593745008, 2039.8020643468901
3200.212359189987, 3173.6450223656434, 2051.455628001692
3200.7578988075256, 3171.007999828855, 2052.869892905253
3201.236615419388, 3178.83011364312, 2042.416499917253
3201.5846829414368, 3178.83011364312, 2042.416499917253
3202.0653977394104, 3178.83011364312, 2042.416499917253
3202.567052125931, 3178.83011364312, 2042.416499917253
3203.2163138389587, 3102.7424794060057, 2099.9136030508844
3203.755870103836, 3102.3736639207723, 2091.1650567352267
3204.262510538101, 3090.2060422829595, 2095.9487152568936
3204.7990741729736, 3085.642911020484, 2118.3765685938365
3205.2728068828583, 3095.28147697498, 2118.43730823056
3205.6128940582275, 3095.28147697498, 2118.43730823056
3206.244202852249, 3100.343071767333, 2086.597386528351
3206.602244615555, 3100.343071767333, 2086.597386528351
3207.2315595149994, 3161.0787974470404, 2024.000021006778
3207.592592716217, 3161.0787974470404, 2024.000021006778
3208.0753004550934, 3161.0787974470404, 2024.000021006778
3208.579946756363, 3161.0787974470404, 2024.000021006778
3209.079609155655, 3161.0787974470404, 2024.000021006778
3209.5762796401978, 3161.0787974470404, 2024.000021006778
3210.276402950287, 3161.7917891186808, 2017.613763778764
3210.7840433120728, 3174.7963651535206, 2009.7893528291986
3211.078255176544, 3174.7963651535206, 2009.7893528291986
3211.760457277298, 3171.0076542874613, 1993.6794884524134
3212.2231974601746, 3169.428828555431, 1977.2535921330073
3212.7567598819733, 3168.795275298754, 1976.1518629164675
3213.2235095500946, 3185.3880914093925, 1988.514851131824
3213.749101638794, 3177.788585904596, 1990.4953257766322
3214.2238309383392, 3173.9760826880147, 1977.0037124278629
3214.766377925873, 3167.789125684894, 1988.1366666813253
3215.083528280258, 3167.789125684894, 1988.1366666813253
3215.565268278122, 3167.789125684894, 1988.1366666813253
3216.0569224357605, 3167.789125684894, 1988.1366666813253
3216.7381267547607, 3102.002327610129, 2081.9347554640776
3217.0712056159973, 3102.002327610129, 2081.9347554640776
3217.5628867149353, 3102.002327610129, 2081.9347554640776
3218.241070985794, 3091.7771562735197, 2068.3541732662084
3218.7935914993286, 3107.656391825448, 2094.5407022062213
3219.2344121932983, 3103.8111572975695, 2098.302590406379
3219.7729675769806, 3094.4657673006536, 2109.096945636829
3220.0631897449493, 3094.4657673006536, 2109.096945636829
3220.7393810749054, 3104.1309358617104, 2095.8682568066106
3221.0565297603607, 3104.1309358617104, 2095.8682568066106
3221.7437200546265, 3106.8709226251895, 2084.9192384652306
3222.2144281864166, 3106.084203856836, 2090.2596270780364
3222.757972717285, 3105.729286153375, 2069.606914767105
3223.2197353839874, 3104.6907503769803, 2075.1182973530126
3223.7553012371063, 3106.272882405562, 2070.6797304939623
3224.222051382065, 3101.4658463008977, 2067.3748896570014
3224.7436826229095, 3113.9195151576796, 2068.1345530638623
3225.2263629436493, 3113.3354645256704, 2089.9484813943272
3225.7609298229218, 3098.039667292624, 2115.312454015311
3226.259593963623, 3114.4021858329725, 2078.3031439852743
3226.600680589676, 3114.4021858329725, 2078.3031439852743
3227.236976623535, 3094.159866201583, 2094.001585663025
3227.5760679244995, 3094.159866201583, 2094.001585663025
3228.2153553962708, 3132.818805669982, 2036.6185902234001
3228.7409505844116, 3159.34225468464, 2070.664559448944
3229.0660774707794, 3159.34225468464, 2070.664559448944
3229.5568141937256, 3159.34225468464, 2070.664559448944
3230.205078125, 3167.990818239524, 2023.173856923405
3230.7366564273834, 3164.831529454393, 2028.0784771560109
3231.0628073215485, 3164.831529454393, 2028.0784771560109
3231.562442302704, 3164.831529454393, 2028.0784771560109
3232.0700826644897, 3164.831529454393, 2028.0784771560109
3232.7263555526733, 3165.753307043376, 2083.3390132075415
3233.061458349228, 3165.753307043376, 2083.3390132075415
3233.766569375992, 3169.9788030920936, 2074.8424943860728
3234.0807271003723, 3169.9788030920936, 2074.8424943860728
3234.5724115371704, 3169.9788030920936, 2074.8424943860728
3235.0790536403656, 3169.9788030920936, 2074.8424943860728
3235.7672102451324, 3163.5156711392683, 2072.807096628065
3236.274850845337, 3158.5143427638222, 2056.409695745848
3236.7854838371277, 3171.9580841377233, 2051.5246916384776
3237.056756734848, 3171.9580841377233, 2051.5246916384776
3237.58234834671, 3171.9580841377233, 2051.5246916384776
3238.2206399440765, 3186.5790507205907, 2042.6577112766226
3238.7422420978546, 3177.720082689903, 2032.9528594957014
3239.0673723220825, 3177.720082689903, 2032.9528594957014
3239.5550661087036, 3177.720082689903, 2032.9528594957014
3240.243222475052, 3168.7566726790446, 2043.378567497183
3240.573338508606, 3168.7566726790446, 2043.378567497183
3241.205644607544, 3158.582704799181, 2074.2841535078205
3241.748191356659, 3154.4581942882364, 2066.228429327797
3242.062349319458, 3154.4581942882364, 2066.228429327797
3242.564006090164, 3154.4581942882364, 2066.228429327797
3243.06267118454, 3154.4581942882364, 2066.228429327797
3243.5733025074005, 3154.4581942882364, 2066.228429327797
3244.243509054184, 3151.898751642815, 2054.3164786692223
3244.7631158828735, 3146.803843723009, 2056.427481021221
3245.2278707027435, 3145.418274622171, 2052.632457931006
3245.5699565410614, 3145.418274622171, 2052.632457931006
3246.217221736908, 3144.980565723298, 2055.619847369726
3246.5652894973755, 3144.980565723298, 2055.619847369726
3247.2085659503937, 3140.9185160837123, 2059.2760509877166
3247.5765805244446, 3140.9185160837123, 2059.2760509877166
3248.065271139145, 3140.9185160837123, 2059.2760509877166
3248.564933538437, 3140.9185160837123, 2059.2760509877166
3249.224167585373, 3138.4829844157844, 2042.770204679175
3249.583206176758, 3138.4829844157844, 2042.770204679175
3250.064915895462, 3138.4829844157844, 2042.770204679175
3250.725179195404, 3125.688956257537, 2041.7084143199286
3251.0592839717865, 3125.688956257537, 2041.7084143199286
3251.5838787555695, 3125.688956257537, 2041.7084143199286
3252.2480993270874, 2925.1594320438953, 2119.4124217712374
3252.560264110565, 2925.1594320438953, 2119.4124217712374
3253.2244849205017, 2918.496536070578, 2118.038818226371
3253.575544118881, 2918.496536070578, 2118.038818226371
3254.213834285736, 2925.4993289937265, 2120.5626825205754
3254.7434158325195, 2919.8110964541556, 2117.8132716953464
3255.082508802414, 2919.8110964541556, 2117.8132716953464
3255.5791778564453, 2919.8110964541556, 2117.8132716953464
3256.2533717155457, 2919.1318337720277, 2118.6331173750127
3256.797913312912, 2916.6853928472215, 2118.5078331497243
3257.2387325763702, 2924.4312037504574, 2123.975108699389
3257.773300886154, 2925.0419707935125, 2121.614092891545
3258.0705053806305, 2925.0419707935125, 2121.614092891545
3258.733729124069, 2920.348114186584, 2118.7166144481007
3259.2134437561035, 2919.647501354943, 2124.3419818586267
3259.595467567444, 2919.647501354943, 2124.3419818586267
3260.064165830612, 2919.647501354943, 2124.3419818586267
3260.5797839164734, 2919.647501354943, 2124.3419818586267
3261.06049656868, 2919.647501354943, 2124.3419818586267
3261.5671417713165, 2919.647501354943, 2124.3419818586267
3262.071788549423, 2919.647501354943, 2124.3419818586267
3262.5754396915436, 2919.647501354943, 2124.3419818586267
3263.061138153076, 2919.647501354943, 2124.3419818586267
3263.583738565445, 2919.647501354943, 2124.3419818586267
3264.0574696063995, 2919.647501354943, 2124.3419818586267
3264.5611202716827, 2919.647501354943, 2124.3419818586267
3265.061779022217, 2919.647501354943, 2124.3419818586267
3265.5584495067596, 2919.647501354943, 2124.3419818586267
3266.2196786403656, 2920.8615971330155, 2113.052706106675
3266.560797214508, 2920.8615971330155, 2113.052706106675
3267.217038869858, 2924.119614202282, 2107.1968054784775
3267.5790705680847, 2924.119614202282, 2107.1968054784775
3268.2383036613464, 3464.9061716994493, 1877.279454196159
3268.8217408657074, 3607.3161118983044, 1851.411873979859
3269.0790514945984, 3607.3161118983044, 1851.411873979859
3269.5587668418884, 3607.3161118983044, 1851.411873979859
3270.258892059326, 3611.22817276404, 1851.317530998416
3270.8124101161957, 3612.5989396340183, 1856.3003616774274
3271.254225730896, 3593.5913014604103, 1848.0656526682194
3271.607280731201, 3593.5913014604103, 1848.0656526682194
3272.2256236076355, 3612.9995025549556, 1856.1880758494524
3272.582667350769, 3612.9995025549556, 1856.1880758494524
3273.076345682144, 3612.9995025549556, 1856.1880758494524
3273.75652384758, 3606.2444988142415, 1850.0830757270244
3274.2632002830505, 3616.9222438932434, 1853.2918140228928
3274.7997300624847, 3616.764287284943, 1852.4306061011703
3275.0540487766266, 3616.764287284943, 1852.4306061011703
3275.744199991226, 3604.112874468721, 1874.9701873644747
3276.2538356781006, 3610.603410368591, 1851.0223780377046
3276.814334630966, 3602.3905821118433, 1818.69069780987
3277.26313328743, 3630.0048301335023, 1790.0569832761892
3277.584272146225, 3630.0048301335023, 1790.0569832761892
3278.2175760269165, 3672.375059348512, 1737.685440802667
3278.5626513957977, 3672.375059348512, 1737.685440802667
3279.2159016132355, 3664.5781756161578, 1724.3595537612023
3279.581921339035, 3664.5781756161578, 1724.3595537612023
3280.067620038986, 3664.5781756161578, 1724.3595537612023
3280.7208709716797, 3570.8309553312088, 1568.7600000135644
3281.2245860099792, 3582.0656560891643, 1571.875986743726
3281.5816299915314, 3582.0656560891643, 1571.875986743726
3282.055361032486, 3582.0656560891643, 1571.875986743726
3282.569982767105, 3582.0656560891643, 1571.875986743726
3283.2232336997986, 3635.9918874261693, 1838.4701998445478
3283.7617905139923, 3637.542914710526, 1844.319276105446
3284.2195649147034, 3640.759802145537, 1845.0207994972932
3284.5895733833313, 3640.759802145537, 1845.0207994972932
3285.2587814331055, 3634.3124269157934, 1838.9975502487368
3285.558977127075, 3634.3124269157934, 1838.9975502487368
3286.0706071853638, 3634.3124269157934, 1838.9975502487368
3286.5652825832367, 3634.3124269157934, 1838.9975502487368
3287.054970741272, 3634.3124269157934, 1838.9975502487368
3287.7191915512085, 3636.78218934459, 1840.977975358016
3288.2258348464966, 3638.035101059283, 1836.0467491749293
3288.779352426529, 3650.5242554848123, 1854.7495702385654
3289.0665826797485, 3650.5242554848123, 1854.7495702385654
3289.73180103302, 3648.480103345268, 1848.5802947062493
3290.219496011734, 3648.502657570559, 1851.6542439095094
3290.7770228385925, 3636.7002670178067, 1844.1896269495016
3291.2268195152283, 3636.4907108205084, 1837.995827108065
3291.769365310669, 3628.8339832280203, 1832.0091890053154
3292.081529378891, 3628.8339832280203, 1832.0091890053154
3292.7517347335815, 3639.116311871522, 1844.191830264904
3293.2673535346985, 3640.236717548127, 1846.2346789573212
3293.810896873474, 3641.107391416909, 1844.6148608882447
3294.268671274185, 3642.9928487332313, 1845.6832839425642
3294.804237127304, 3632.5479061455158, 1844.4405146595068
3295.084486246109, 3632.5479061455158, 1844.4405146595068
3295.7666594982147, 3637.201928180862, 1842.781920631791
3296.2623329162598, 3630.8961998391615, 1841.1941413417883
3296.5784842967987, 3630.8961998391615, 1841.1941413417883
3297.0581996440887, 3630.8961998391615, 1841.1941413417883
3297.7284042835236, 3643.0197680867195, 1848.0831300175496
3298.2220826148987, 3635.6655051498706, 1843.5081584226693
3298.7656264305115, 3642.046300937287, 1846.8694396494825
3299.2194118499756, 3643.376261106382, 1851.847495096155
3299.5864276885986, 3643.376261106382, 1851.847495096155
3300.0601592063904, 3643.376261106382, 1851.847495096155
3300.572846889496, 3643.376261106382, 1851.847495096155
3301.0615088939667, 3643.376261106382, 1851.847495096155
3301.764627456665, 3649.289281275479, 1852.7686928863857
3302.065822124481, 3649.289281275479, 1852.7686928863857
3302.5924096107483, 3649.289281275479, 1852.7686928863857
3303.2386803627014, 3643.960481794515, 1847.3826681784458
3303.782222509384, 3638.583175249248, 1846.7597963265493
3304.0844144821167, 3638.583175249248, 1846.7597963265493
3304.745670557022, 3643.8987368251837, 1850.083506042014
3305.2123930454254, 3643.8335802329184, 1847.9116448949292
3305.7449657917023, 3639.4268840562995, 1843.7695517527293
3306.2436299324036, 3639.316405113646, 1846.8073849208631
3306.7762038707733, 3642.767500344778, 1848.8066367993454
3307.072409391403, 3642.767500344778, 1848.8066367993454
3307.572072505951, 3642.767500344778, 1848.8066367993454
3308.0657494068146, 3642.767500344778, 1848.8066367993454
3308.5843608379364, 3642.767500344778, 1848.8066367993454
3309.311414718628, 3640.1456573382147, 1840.9344783069303
3309.791128396988, 3646.0542604382326, 1850.8063294530386
3310.2608828544617, 3655.6682621466107, 1849.856924944808
3310.893176317215, 928.6755256968071, 491.0430766580703
3311.159464597702, 928.6755256968071, 491.0430766580703
3311.676080226898, 928.6755256968071, 491.0430766580703
3312.3752086162567, 2140.96484150141, 180.8292290805331
3312.836001634598, 2175.1140982387647, 1003.2365090253464
3313.1611018180847, 2175.1140982387647, 1003.2365090253464
3313.8073720932007, 2131.5027324912735, 829.7093303821171
3314.2910788059235, 2126.1927685202163, 677.0428886753921
3314.8386101722717, 2125.7479927717063, 147.31086655659598
3315.15376663208, 2125.7479927717063, 147.31086655659598
3315.8110053539276, 2124.100366181982, 805.1115337427374
3316.124166250229, 2124.100366181982, 805.1115337427374
3316.865181684494, 2127.3862297045393, 638.1435220435942
3317.3678357601166, 2840.098905646172, 1158.3701523112538
3317.8435616493225, 2112.023149235814, 1201.7717141385488
3318.2893676757812, 2114.0286091945427, 270.6255351772782
3318.6553864479065, 2114.0286091945427, 270.6255351772782
3319.15704202652, 2114.0286091945427, 270.6255351772782
3319.6227967739105, 2114.0286091945427, 270.6255351772782
3320.2341594696045, 3588.0638646787843, 1891.7261005611565
3320.587212085724, 3588.0638646787843, 1891.7261005611565
3321.057951927185, 3588.0638646787843, 1891.7261005611565
3321.7939796447754, 3671.8206388840545, 1710.751038931501
3322.2178444862366, 3644.4591794866938, 1844.576966556244
3322.577880859375, 3644.4591794866938, 1844.576966556244
3323.0575964450836, 3644.4591794866938, 1844.576966556244
3323.803600549698, 2121.780739905313, 1414.0470612275046
3324.1446838378906, 2121.780739905313, 1414.0470612275046
3324.9036519527435, 2099.6800450613446, 1500.7737086012014
3325.1479976177216, 2099.6800450613446, 1500.7737086012014
3325.680570602417, 2099.6800450613446, 1500.7737086012014
3326.3288350105286, 2106.7416796927714, 1389.7288942600321
3326.9262347221375, 2100.946653026788, 296.278258292007
3327.3730370998383, 2125.1549094514266, 1315.7192438788722
3327.672235250473, 2125.1549094514266, 1315.7192438788722
3328.1449704170227, 2125.1549094514266, 1315.7192438788722
3328.676546573639, 2125.1549094514266, 1315.7192438788722
3329.1512763500214, 2125.1549094514266, 1315.7192438788722
3329.930189371109, 1008.4780100606849, 127.2922554424961
3330.137633085251, 1008.4780100606849, 127.2922554424961
3330.6263258457184, 1008.4780100606849, 127.2922554424961
3331.121997356415, 1008.4780100606849, 127.2922554424961
3331.6156730651855, 1008.4780100606849, 127.2922554424961
3332.1143670082092, 1008.4780100606849, 127.2922554424961
3332.6289598941803, 1008.4780100606849, 127.2922554424961
3333.318113565445, 703.5019138475606, 1359.2009040754106
3333.8546764850616, 2116.047687551094, 240.85153026571152
3334.233674764633, 3615.172709287347, 1858.9599524906403
3334.5887112617493, 3615.172709287347, 1858.9599524906403
3335.0893704891205, 3615.172709287347, 1858.9599524906403
3335.75558757782, 3643.199410909364, 1842.6343123408842
3336.309103012085, 3643.778385995489, 1842.6220581159253
3336.827744245529, 3647.3069285694482, 1845.3971623299212
3337.246592283249, 3649.859169208216, 1850.2323694468807
3337.8120777606964, 3644.0495669368493, 1848.4669318135157
3338.0793633461, 3644.0495669368493, 1848.4669318135157
3338.5840106010437, 3644.0495669368493, 1848.4669318135157
3339.2522208690643, 3643.98067107895, 1847.7663176659762
3339.60826587677, 3643.98067107895, 1847.7663176659762
3339.707999944687, 3643.98067107895, 1847.7663176659762
3340.0780091285706, 3643.98067107895, 1847.7663176659762
3340.7801280021667, 3643.0686189094567, 1844.4670792202521
3341.2408950328827, 3646.5246594146083, 1841.2907398822128
3341.59494638443, 3646.5246594146083, 1841.2907398822128
3342.2711362838745, 3643.8222788058174, 1843.2765119390049
3342.6032457351685, 3643.8222788058174, 1843.2765119390049
3343.078970193863, 3643.8222788058174, 1843.2765119390049
3343.735242843628, 3637.06064450189, 1842.0700156015976
3344.0832805633545, 3637.06064450189, 1842.0700156015976
3344.7873940467834, 3644.8245373693535, 1848.0790232835902
3345.0885891914368, 3644.8245373693535, 1848.0790232835902
3345.744831085205, 3647.420843257137, 1850.0086811047397
3346.0749473571777, 3647.420843257137, 1850.0086811047397
3346.7631289958954, 3642.4908593093573, 1842.0440451864686
3347.230875492096, 3647.5678805437437, 1847.8974565000635
3347.7814009189606, 3576.1458359788217, 1847.140478499112
3348.2551321983337, 3626.238118449764, 1846.87996841998
3348.7667622566223, 3592.339771367438, 1847.3771956803084
3349.079922914505, 3592.339771367438, 1847.3771956803084
3349.7601017951965, 3533.859128201017, 1849.2062358672188
3350.086228132248, 3533.859128201017, 1849.2062358672188
3350.7693977355957, 3876.6214519990285, 1848.8742107935925
3351.1025063991547, 3876.6214519990285, 1848.8742107935925
3351.615133047104, 3876.6214519990285, 1848.8742107935925
3352.086869955063, 3876.6214519990285, 1848.8742107935925
3352.58752989769, 3876.6214519990285, 1848.8742107935925
3353.236790418625, 3434.8911465645724, 1835.4059307796085
3353.7603948116302, 3090.562964793066, 1842.288629410447
3354.0765402317047, 3090.562964793066, 1842.288629410447
3354.592159509659, 3090.562964793066, 1842.288629410447
3355.2603697776794, 2748.2398152589453, 1842.4025535977087
3355.5964694023132, 2748.2398152589453, 1842.4025535977087
3356.0901477336884, 2748.2398152589453, 1842.4025535977087
3356.7773060798645, 2812.6230074610485, 1847.8948786044925
3357.0904672145844, 2812.6230074610485, 1847.8948786044925
3357.58713722229, 2812.6230074610485, 1847.8948786044925
3358.2533535957336, 2962.377422589635, 1843.5790006390127
3358.586460828781, 2962.377422589635, 1843.5790006390127
3359.238713979721, 2971.173849466867, 1850.8228760697493
3359.791234731674, 2966.751682993142, 1849.5128478590368
3360.27094912529, 2966.8174189444776, 1858.1445629764344
3360.6170217990875, 2966.8174189444776, 1858.1445629764344
3361.2273869514465, 2972.4083775007375, 1855.1302891582645
3361.7479927539825, 2973.761340643451, 1851.4154686971417
3362.072124481201, 2973.761340643451, 1851.4154686971417
3362.589738368988, 2973.761340643451, 1851.4154686971417
3362.663540840149, 2973.761340643451, 1851.4154686971417
3363.227063894272, 2974.4763919839793, 1842.4636945861928
3363.7496643066406, 2970.1653875689067, 1851.278803749623
3364.0837693214417, 2970.1653875689067, 1851.278803749623
3364.5794427394867, 2970.1653875689067, 1851.278803749623
3365.0860846042633, 2970.1653875689067, 1851.278803749623
3365.7363436222076, 2975.7902457374407, 1847.5884746091242
3366.2350561618805, 2970.031208072874, 1844.4639545652747
3366.819490671158, 2971.8959534560936, 1846.456333746085
3367.1037545204163, 2971.8959534560936, 1846.456333746085
3367.6153588294983, 2971.8959534560936, 1846.456333746085
3368.2735962867737, 2970.5177728944045, 1849.8755936934972
3368.6116909980774, 2970.5177728944045, 1849.8755936934972
3369.0924019813538, 2970.5177728944045, 1849.8755936934972
3369.583087682724, 2970.5177728944045, 1849.8755936934972
3370.0757687091827, 2970.5177728944045, 1849.8755936934972
3370.601362466812, 2970.5177728944045, 1849.8755936934972
3371.2536149024963, 2966.993231837893, 1850.5107703719545
3371.765243291855, 2971.6130476332864, 1850.8625380013063
3372.086385011673, 2971.6130476332864, 1850.8625380013063
3372.767559528351, 2967.0359248873287, 1846.8258407678015
3373.093685388565, 2967.0359248873287, 1846.8258407678015
3373.5823776721954, 2967.0359248873287, 1846.8258407678015
3374.2246565818787, 2973.668289033353, 1849.413499740646
3374.7731869220734, 2971.5578976732136, 1851.8823881248434
3375.0773725509644, 2971.5578976732136, 1851.8823881248434
3375.586009502411, 2971.5578976732136, 1851.8823881248434
3376.238263607025, 2970.4836663279707, 1840.8464526148675
3376.5953063964844, 2970.4836663279707, 1840.8464526148675
3377.2904443740845, 2972.1760152038455, 1849.0781783889886
3377.5966267585754, 2972.1760152038455, 1849.0781783889886
3378.2369112968445, 2966.4772001237056, 1859.5267328796563
3378.760507106781, 2969.4985644146755, 1851.1648195355474
3379.248202085495, 2971.587653033662, 1849.9333820340057
3379.584300518036, 2971.587653033662, 1849.9333820340057
3380.078978061676, 2971.587653033662, 1849.9333820340057
3380.5935974121094, 2971.587653033662, 1849.9333820340057
3381.0832862854004, 2971.587653033662, 1849.9333820340057
3381.7285573482513, 2971.2019523335675, 1850.741678326959
3382.0925829410553, 2971.2019523335675, 1850.741678326959
3382.776750087738, 2969.3529488966283, 1848.919404539333
3383.237516641617, 2965.765579923463, 1843.9319308813108
3383.795023202896, 2971.3773878657425, 1841.9811550286518
3384.245816230774, 2969.0803940145333, 1851.207461237159
3384.809307575226, 2967.8380980004804, 1848.3190638801598
3385.106510400772, 2967.8380980004804, 1848.3190638801598
3385.8136162757874, 2972.5195740296153, 1851.3600480955272
3386.229502439499, 2972.7122138831533, 1850.1141506428107
3386.586546421051, 2972.7122138831533, 1850.1141506428107
3387.23979640007, 2966.1045410254987, 1848.2502505825275
3387.752424955368, 2969.9731921084585, 1854.688102461576
3388.2371261119843, 2971.5112951264, 1850.798877042034
3388.804604768753, 2970.212096705605, 1847.3203872150532
3389.082860469818, 2970.212096705605, 1847.3203872150532
3389.587509393692, 2970.212096705605, 1847.3203872150532
3390.2427530288696, 2970.519806179131, 1846.511447390355
3390.7603669166565, 2969.6394260918732, 1849.2636046776067
3391.237091064453, 2970.151968573128, 1851.409412543259
3391.6011157035828, 2970.151968573128, 1851.409412543259
3392.0798332691193, 2970.151968573128, 1851.409412543259
3392.7610082626343, 2969.673086754873, 1844.2113668466227
3393.2656586170197, 2970.63685762005, 1853.1738212934576
3393.600759267807, 2970.63685762005, 1853.1738212934576
3394.2689714431763, 2967.710093330323, 1846.6561841419812
3394.7815959453583, 2971.470608592513, 1849.8513329296538
3395.075808286667, 2971.470608592513, 1849.8513329296538
3395.760973930359, 2967.997998694814, 1851.8627801404143
3396.0931227207184, 2967.997998694814, 1851.8627801404143
3396.597733736038, 2967.997998694814, 1851.8627801404143
3397.243069410324, 2966.697875305009, 1848.233441300826
3397.589142560959, 2966.697875305009, 1848.233441300826
3398.2523663043976, 2964.780778506086, 1848.9984176253795
3398.5834794044495, 2964.780778506086, 1848.9984176253795
3399.237726688385, 2967.948918252552, 1842.5907090989065
3399.758332490921, 2972.274475680053, 1846.661046498639
3400.2480607032776, 2968.682173353472, 1852.6691676366522
3400.7965910434723, 2974.2924981497754, 1850.112349212042
3401.2463870048523, 2965.609690098365, 1847.7399555827467
3401.605424642563, 2965.609690098365, 1847.7399555827467
3402.29856801033, 2971.4854466471575, 1849.5509560927112
3402.824162721634, 2972.9010863416725, 1849.7073731604182
3403.082468509674, 2972.9010863416725, 1849.7073731604182
3403.6020798683167, 2972.9010863416725, 1849.7073731604182
3404.071821451187, 2972.9010863416725, 1849.7073731604182
3404.7789254188538, 2970.7476977338893, 1848.8349921287013
3405.2755942344666, 2972.9041438243407, 1846.0418063408333
3405.832103729248, 2972.812606124383, 1854.7891856559609
3406.2410094738007, 2971.3272372578645, 1853.8275044161119
3406.8074927330017, 2973.2411794914397, 1852.8653523059295
3407.072781562805, 2973.2411794914397, 1852.8653523059295
3407.7419888973236, 2968.1186930589333, 1850.7054489256068
3408.0830750465393, 2968.1186930589333, 1850.7054489256068
3408.5887219905853, 2968.1186930589333, 1850.7054489256068
3409.0834209918976, 2968.1186930589333, 1850.7054489256068
3409.7915008068085, 2969.971977445485, 1846.5003095002905
3410.2712144851685, 2967.633505137932, 1849.3364861198804
3410.6442170143127, 2967.633505137932, 1849.3364861198804
3411.087030172348, 2967.633505137932, 1849.3364861198804
3411.756236553192, 2972.315430235876, 1847.6716734837817
3412.081365585327, 2972.315430235876, 1847.6716734837817
3412.5959956645966, 2972.315430235876, 1847.6716734837817
3413.2522370815277, 2974.892429357976, 1853.00453166017
3413.633215904236, 2974.892429357976, 1853.00453166017
3414.2685141563416, 2973.0464462575555, 1855.4420835547407
3414.8030824661255, 2969.841128526213, 1846.1923126263202
3415.2827973365784, 2975.655796029486, 1849.4981236458102
3415.6069309711456, 2975.655796029486, 1849.4981236458102
3416.2472138404846, 2968.9810621813754, 1844.4200464041664
3416.8067152500153, 2973.0073010466663, 1851.6594391291387
3417.2415511608124, 2972.684707580107, 1850.9555887393037
3417.7870905399323, 2967.0485138777185, 1849.4137718682261
3418.2668039798737, 2971.4166035792105, 1849.6906926154188
3418.8273029327393, 2971.801281862873, 1857.2667005080716
3419.1095485687256, 2971.801281862873, 1857.2667005080716
3419.606217622757, 2971.801281862873, 1857.2667005080716
3420.2484979629517, 2977.4065331088655, 1845.87017061241
3420.7701008319855, 2970.4198634816266, 1848.4460399350617
3421.098222732544, 2970.4198634816266, 1848.4460399350617
3421.6138660907745, 2970.4198634816266, 1848.4460399350617
3422.1136240959167, 2970.4198634816266, 1848.4460399350617
3422.6073019504547, 2970.4198634816266, 1848.4460399350617
3423.230630636215, 2975.0705574198664, 1849.4855536792086
3423.6136062145233, 2975.0705574198664, 1849.4855536792086
3424.2678554058075, 2973.2456268595192, 1850.1830380921356
3424.775494337082, 2971.1846991356347, 1849.497877355769
3425.2781476974487, 2971.7210729752405, 1848.9343578705311
3425.613250732422, 2971.7210729752405, 1848.9343578705311
3426.256527662277, 2967.5722244168674, 1849.40307470368
3426.786108970642, 2972.2099934741022, 1858.3143668305142
3427.283776283264, 2973.437430958344, 1851.7221008798592
3427.620874404907, 2973.437430958344, 1851.7221008798592
3428.0965995788574, 2973.437430958344, 1851.7221008798592
3428.6191992759705, 2973.437430958344, 1851.7221008798592
3429.101907014847, 2973.437430958344, 1851.7221008798592
3429.7661266326904, 2973.3571221695356, 1850.1807911197782
3430.2687809467316, 2967.0926571129075, 1848.2746574184341
3430.6118619441986, 2967.0926571129075, 1848.2746574184341
3431.094568967819, 2967.0926571129075, 1848.2746574184341
3431.7458255290985, 2969.0342816891302, 1847.8243945244303
3432.0918986797333, 2969.0342816891302, 1847.8243945244303
3432.788061618805, 2969.281704244021, 1854.7483082077295
3433.2458350658417, 2970.978052180928, 1852.348307498918
3433.7903773784637, 2971.54525702319, 1851.4893965815222
3434.093564271927, 2971.54525702319, 1851.4893965815222
3434.786708831787, 2972.781893673808, 1856.1923577685436
3435.099869966507, 2972.781893673808, 1856.1923577685436
3435.6095044612885, 2972.781893673808, 1856.1923577685436
3436.093208551407, 2972.781893673808, 1856.1923577685436
3436.608827829361, 2972.781893673808, 1856.1923577685436
3437.0935294628143, 2972.781893673808, 1856.1923577685436
3437.5941886901855, 2972.781893673808, 1856.1923577685436
3438.0868706703186, 2972.781893673808, 1856.1923577685436
3438.596504211426, 2972.781893673808, 1856.1923577685436
3439.094172000885, 2972.781893673808, 1856.1923577685436
3439.7494161129, 2972.556276363915, 1848.9247248120803
3440.27201628685, 2969.750813428314, 1850.318525287602
3440.600137233734, 2969.750813428314, 1850.318525287602
3441.097805738449, 2969.750813428314, 1850.318525287602
3441.757038831711, 2972.3323422472527, 1850.4361363995906
3442.2596921920776, 2970.5479901279978, 1851.5392539708987
3442.7892742156982, 2967.7253299898784, 1847.758502729308
3443.0934591293335, 2967.7253299898784, 1847.758502729308
3443.803557872772, 2969.16656348312, 1851.075858799558
3444.2972350120544, 2970.452193916767, 1846.7752139758982
3444.8397822380066, 2972.477317224621, 1846.527079384856
3445.2865867614746, 2971.021971671718, 1851.1054542552413
3445.816167116165, 2972.626112666882, 1848.83106817576
3446.2609753608704, 2975.0884096016607, 1849.6613541827542
3446.8075115680695, 2972.4983299376236, 1845.6397023779655
3447.2543153762817, 2978.735037679755, 1851.897127763489
3447.809827566147, 2972.478448280538, 1846.4311656469251
3448.2646090984344, 2970.7395657826005, 1853.2930693023975
3448.6156692504883, 2970.7395657826005, 1853.2930693023975
3449.2599427700043, 2973.939188313743, 1852.7760659140783
3449.6189815998077, 2973.939188313743, 1852.7760659140783
3450.1006910800934, 2973.939188313743, 1852.7760659140783
3450.6053397655487, 2973.939188313743, 1852.7760659140783
3451.0980200767517, 2973.939188313743, 1852.7760659140783
3451.623613357544, 2973.939188313743, 1852.7760659140783
3452.1003353595734, 2973.939188313743, 1852.7760659140783
3452.7934787273407, 2973.6566502812393, 1851.447628490848
3453.111627817154, 2973.6566502812393, 1851.447628490848
3453.8097565174103, 2967.37892705744, 1851.3802581782995
3454.1049661636353, 2967.37892705744, 1851.3802581782995
3454.784147500992, 2969.923116391903, 1853.5246020599377
3455.266854286194, 2969.127114235534, 1850.9416652945508
3455.811398744583, 2969.0416347711894, 1850.3024295401103
3456.2562046051025, 2963.305494323525, 1844.3521627287623
3456.8067302703857, 2963.5783089064985, 1850.700806426809
3457.1009418964386, 2963.5783089064985, 1850.700806426809
3457.608582019806, 2963.5783089064985, 1850.700806426809
3458.2658224105835, 2970.0474059329154, 1852.645794844496
3458.790463209152, 2971.155092204374, 1853.1609314996695
3459.2731704711914, 2969.0556665068952, 1849.0123598481687
3459.800757408142, 2971.5672760369557, 1848.8338434527159
3460.282467365265, 2971.844035952317, 1851.7488077855642
3460.6395115852356, 2971.844035952317, 1851.7488077855642
3461.2847821712494, 2968.948988217186, 1850.2936929923965
3461.618890285492, 2968.948988217186, 1850.2936929923965
3462.255183696747, 2965.2486093801804, 1847.0553862205243
3462.6072404384613, 2965.2486093801804, 1847.0553862205243
3463.250545978546, 2962.4609670781965, 1837.5886323565574
3463.7870812416077, 2971.2826432705683, 1853.918351227467
3464.1102151870728, 2971.2826432705683, 1853.918351227467
3464.787402153015, 2972.6116077103416, 1853.8872632035352
3465.0985679626465, 2972.6116077103416, 1853.8872632035352
3465.7887194156647, 2971.748342213508, 1850.5387833623386
3466.111876487732, 2971.748342213508, 1850.5387833623386
3466.6175220012665, 2971.748342213508, 1850.5387833623386
3467.2657866477966, 2975.3090641754197, 1852.0722730161963
3467.5998907089233, 2975.3090641754197, 1852.0722730161963
3468.258128643036, 2968.3526692334644, 1855.61396978024
3468.656062602997, 2968.3526692334644, 1855.61396978024
3469.1417615413666, 2968.3526692334644, 1855.61396978024
3469.833907842636, 2976.189057161869, 1853.725093150099
3470.2896869182587, 2971.7162838393842, 1849.3750161763483
3470.629777431488, 2971.7162838393842, 1849.3750161763483
3471.3159375190735, 2969.672414843211, 1847.7229457416242
3471.8375408649445, 2968.505796997871, 1856.6544808885528
3472.2594125270844, 2965.8024789974875, 1844.8870333126545
3472.621442556381, 2965.8024789974875, 1844.8870333126545
3473.098164796829, 2965.8024789974875, 1844.8870333126545
3473.772359609604, 2970.4111454965737, 1853.2093363429694
3474.2969539165497, 2969.1520904088916, 1850.2184929703285
3474.633054256439, 2969.1520904088916, 1850.2184929703285
3475.3142290115356, 2974.8947494617937, 1849.413982402196
3475.6413538455963, 2974.8947494617937, 1849.413982402196
3476.2856271266937, 2975.8488661739493, 1849.0212963195988
3476.8002483844757, 2970.201294375678, 1851.7970519744024
3477.3258414268494, 2969.1111423272773, 1851.631829098091
3477.8534281253815, 2975.1278458052634, 1852.112278087778
3478.2882635593414, 2972.4051568864643, 1848.0763743655377
3478.81086397171, 2972.027384811642, 1853.0988454935348
3479.263650894165, 2972.454277073956, 1853.8921595087509
3479.805200099945, 2967.7068537361706, 1849.464832883861
3480.2869102954865, 2969.2985799148087, 1852.8896993991646
3480.815494775772, 2972.2701005821186, 1848.3840041437534
3481.2812469005585, 2971.1694869747193, 1851.0494675613547
3481.787889957428, 2971.8139323534433, 1850.2778006982564
3482.0930726528168, 2971.8139323534433, 1850.2778006982564
3482.7812292575836, 2968.6482565842825, 1847.412810051119
3483.0933935642242, 2968.6482565842825, 1847.412810051119
3483.61101770401, 2968.6482565842825, 1847.412810051119
3484.1006972789764, 2968.6482565842825, 1847.412810051119
3484.6093327999115, 2968.6482565842825, 1847.412810051119
3485.2805352211, 1493.1261896066442, 1628.3986573386671
3485.623617172241, 1493.1261896066442, 1628.3986573386671
3486.103332042694, 1493.1261896066442, 1628.3986573386671
3486.7934834957123, 3103.801068225561, 162.3338574085565
3487.3430120944977, 2529.428986339414, 2530.9453805892445
3487.697062730789, 2529.428986339414, 2530.9453805892445
3488.3213908672333, -244808.23787753502, 2382.2929057277433
3488.674444913864, -244808.23787753502, 2382.2929057277433
3489.3177218437195, 1304.7293861446674, 2208.149731385585
3489.8383276462555, 1400.4408026842393, 1457.5468250851118
3490.2891206741333, 3778.1213523893957, 2884.415976093116
3490.8715603351593, 875.6495469658566, 1395.949150921143
3491.1767432689667, 875.6495469658566, 1395.949150921143
3491.673413038254, 875.6495469658566, 1395.949150921143
3492.283778190613, -244.0660346979792, 2361.3654521771364
3492.8412849903107, 2653.7250344267536, 1487.8336599803406
3493.2781145572662, 146.1961053369081, 2303.1437053852906
3493.8595583438873, 1266.1016778762441, 2301.720667877236
3494.118862390518, 1266.1016778762441, 2301.720667877236
3494.861874103546, 275.7911948942262, 2277.5740603925137
3495.106218099594, 275.7911948942262, 2277.5740603925137
3495.604913711548, 275.7911948942262, 2277.5740603925137
3496.3319659233093, 2268.643943102104, 2482.272750526776
3496.8455908298492, 2148.8294587153064, 1325.615885195323
3497.150772333145, 2148.8294587153064, 1325.615885195323
3497.6713783740997, 2148.8294587153064, 1325.615885195323
3498.2907195091248, 134.00632931574728, 2303.639838520145
3499.7926983833313, 837.9019722747911, 2357.2465145660517
3500.2724120616913, 798.6247920130523, 2357.871499913593
3500.8159556388855, 937.2931280803525, 2352.270953070338
3501.1041853427887, 937.2931280803525, 2352.270953070338
3501.602848291397, 937.2931280803525, 2352.270953070338
3502.098521232605, 937.2931280803525, 2352.270953070338
3502.6131432056427, 937.2931280803525, 2352.270953070338
3503.0948519706726, 937.2931280803525, 2352.270953070338
3503.783008813858, 736.0226018829547, 2355.4731666215994
3504.2607300281525, 749.5424939936258, 2354.432254570111
3504.784327507019, 757.9879838183556, 2371.1667036821295
3505.248084783554, 764.926574695958, 2361.500212391882
3505.782653093338, 792.4070466766946, 2354.385840757582
3506.093819618225, 792.4070466766946, 2354.385840757582
3506.6064467430115, 792.4070466766946, 2354.385840757582
3507.0951380729675, 792.4070466766946, 2354.385840757582
3507.608762025833, 792.4070466766946, 2354.385840757582
3508.087481737137, 792.4070466766946, 2354.385840757582
3508.616065263748, 792.4070466766946, 2354.385840757582
3509.258343935013, 2371.5269093284264, 2351.9011323608847
3509.782938718796, 2377.408320528636, 2348.378658425134
3510.3025476932526, 2543.7718027487936, 2337.3598033542658
3510.825147628784, 2374.3466862551113, 2353.2801151994577
3511.285913467407, 2375.0105744145003, 2352.0136963728582
3511.6170270442963, 2375.0105744145003, 2352.0136963728582
3512.2393596172333, 2372.9001944202673, 2355.8593653686225
3512.776919603348, 2376.640880417949, 2351.1168242661483
3513.244668006897, 2375.9901098100822, 2351.250842768403
3513.618665933609, 2375.9901098100822, 2351.250842768403
3514.2489778995514, 2376.466026498041, 2351.471865297948
3514.6120054721832, 2376.466026498041, 2351.471865297948
3515.0807490348816, 2376.466026498041, 2351.471865297948
3515.5973653793335, 2376.466026498041, 2351.471865297948
3516.2506160736084, 2437.8944049601146, 2352.5040350762197
3516.6146409511566, 2437.8944049601146, 2352.5040350762197
3517.264899492264, 2437.139013029357, 2348.5237900872003
3517.6109726428986, 2437.139013029357, 2348.5237900872003
3518.255247116089, 2433.309600728641, 2352.1745343896164
3518.6302444934845, 2433.309600728641, 2352.1745343896164
3519.112949848175, 2433.309600728641, 2352.1745343896164
3519.6026384830475, 2433.309600728641, 2352.1745343896164
3520.2728431224823, 2429.2076442349353, 2347.8190831002667
3520.789459466934, 2408.8032750019793, 2344.994857519698
3521.2562098503113, 2416.050645229762, 2352.254693767377
3521.784793615341, 2416.0638620018563, 2348.3281642610796
3522.277473926544, 2415.162463419523, 2351.3404294708994
3522.802091360092, 2415.4870735166996, 2351.747138164837
3523.276820898056, 2416.421957202243, 2348.1346800215792
3523.6169095039368, 2416.421957202243, 2348.1346800215792
3524.093632698059, 2416.421957202243, 2348.1346800215792
3524.5952887535095, 2416.421957202243, 2348.1346800215792
3525.0899636745453, 2416.421957202243, 2348.1346800215792
3525.7571766376495, 2411.9438902727643, 2346.755370554083
3526.10723900795, 2411.9438902727643, 2346.755370554083
3526.8073642253876, 2417.7501959991278, 2356.939044960849
3527.289073944092, 2415.396761249583, 2355.812662345315
3527.8575513362885, 2416.68140620365, 2352.208868368791
3528.1118705272675, 2416.68140620365, 2352.208868368791
3528.594578027725, 2416.68140620365, 2352.208868368791
3529.2468309402466, 2414.3052580873355, 2347.913073691536
3529.7664387226105, 2417.724645940452, 2351.8076642506685
3530.2651023864746, 2417.790766774733, 2351.429263920411
3530.6131699085236, 2417.790766774733, 2351.429263920411
3531.2664217948914, 2415.0649816972764, 2351.385712694588
3531.6105003356934, 2415.0649816972764, 2351.385712694588
3532.0922083854675, 2415.0649816972764, 2351.385712694588
3532.7514441013336, 2416.371970648204, 2349.5982287955967
3533.0985136032104, 2416.371970648204, 2349.5982287955967
3533.645049571991, 2416.371970648204, 2349.5982287955967
3534.106814146042, 2416.371970648204, 2349.5982287955967
3534.7909803390503, 2416.8102981947986, 2349.1173762547987
3535.3504824638367, 2414.6223227801347, 2352.6902034217264
3535.6367168426514, 2414.6223227801347, 2352.6902034217264
3536.1144359111786, 2414.6223227801347, 2352.6902034217264
3536.811607837677, 2416.535408094931, 2346.4420465044877
3537.318212032318, 2416.6647597164665, 2341.969746200175
3537.840812444687, 2412.244149555576, 2351.318400665543
3538.097126722336, 2412.244149555576, 2351.318400665543
3538.605763912201, 2412.244149555576, 2351.318400665543
3539.2390677928925, 2416.386951633482, 2354.229923165976
3539.7736353874207, 2413.4772599948387, 2352.9441994981357
3540.0887911319733, 2413.4772599948387, 2352.9441994981357
3540.7659783363342, 2414.2548431849873, 2355.2267607342283
3541.2596547603607, 2415.022745428694, 2346.168480764867
3541.607722759247, 2415.022745428694, 2346.168480764867
3542.243020772934, 2412.9267120882128, 2348.324500408119
3542.785568714142, 2417.868360600498, 2348.83473685014
3543.0817749500275, 2417.868360600498, 2348.83473685014
3543.819800376892, 2415.6763677856043, 2349.639635024673
3544.1060314178467, 2415.6763677856043, 2349.639635024673
3544.772247314453, 2414.408611701883, 2350.394859508666
3545.270911216736, 2417.4568657610134, 2352.0321475192927
3545.8094685077667, 2417.1540074278605, 2346.1584238352552
3546.242309808731, 2412.3674383798007, 2347.979136234543
3546.6033430099487, 2412.3674383798007, 2347.979136234543
3547.2476177215576, 2416.789632305714, 2353.607287025156
3547.6146337985992, 2416.789632305714, 2353.607287025156
3548.2439489364624, 2417.845000147382, 2351.175573908472
3548.7815086841583, 2416.264222925791, 2351.139960953302
3549.255241394043, 2415.214328465352, 2351.6964701219863
3549.7818291187286, 2416.9755752145893, 2352.9170137165092
3550.280493736267, 2413.7716100206126, 2350.2228914037105
3550.606620311737, 2413.7716100206126, 2350.2228914037105
3551.267848968506, 2418.2410488384107, 2351.522444718821
3551.7744925022125, 2412.5704313083975, 2348.3057942053833
3552.285124540329, 2413.5128430786754, 2350.0168947743414
3552.837645292282, 2414.152222282717, 2351.3923927405076
3553.2954211235046, 2414.7194999486137, 2353.0429187281907
3553.8130316734314, 2418.382940356253, 2353.634646587669
3554.267813682556, 2414.193167351151, 2351.6722947226635
3554.6059086322784, 2414.193167351151, 2351.6722947226635
3555.098588705063, 2414.193167351151, 2351.6722947226635
3555.7777700424194, 2414.029439586756, 2352.963456374501
3556.0989100933075, 2414.029439586756, 2352.963456374501
3556.8000314235687, 2415.7962435922004, 2350.5358822784606
3557.0982327461243, 2415.7962435922004, 2350.5358822784606
3557.809328317642, 2418.0610518540016, 2351.6230421697633
3558.2651081085205, 2415.5145650241384, 2346.0373397197577
3558.797681570053, 2411.261385869767, 2350.729818651945
3559.2554557323456, 2413.148564977745, 2343.139604273107
3559.610504388809, 2413.148564977745, 2343.139604273107
3560.0842356681824, 2413.148564977745, 2343.139604273107
3560.7993202209473, 2416.1480263310054, 2351.971792801177
3561.305963754654, 2420.4390308567818, 2355.8334138434925
3561.6041646003723, 2420.4390308567818, 2355.8334138434925
3562.2524280548096, 2414.7563251651595, 2351.3286733168675
3562.7770228385925, 2416.9245702494936, 2353.7526122153618
3563.2677087783813, 2416.998066366244, 2348.489849649087
3563.6137821674347, 2416.998066366244, 2348.489849649087
3564.0974867343903, 2416.998066366244, 2348.489849649087
3564.60213470459, 2416.998066366244, 2348.489849649087
3565.248404979706, 2414.0947759055716, 2349.667667737294
3565.590487718582, 2414.0947759055716, 2349.667667737294
3566.089151620865, 2414.0947759055716, 2349.667667737294
3566.7623493671417, 2414.3944207698196, 2347.5865608517142
3567.2590188980103, 2415.6550171552, 2348.9901849040834
3567.8055551052094, 2415.936552494576, 2349.0037803226915
3568.1047537326813, 2415.936552494576, 2349.0037803226915
3568.629348754883, 2415.936552494576, 2349.0037803226915
3569.29456615448, 2418.5423715122934, 2351.876327290398
3569.816169500351, 2412.3698621839544, 2352.7623468706606
3570.084451198578, 2412.3698621839544, 2352.7623468706606
3570.6120376586914, 2412.3698621839544, 2352.7623468706606
3571.0897591114044, 2412.3698621839544, 2352.7623468706606
3571.608368873596, 2412.3698621839544, 2352.7623468706606
3572.2576298713684, 2414.9542074332403, 2350.230731320422
3572.786215543747, 2414.6938492070744, 2350.3857596568505
3573.0894026756287, 2414.6938492070744, 2350.3857596568505
3573.797506093979, 2417.329831100337, 2353.096480411557
3574.2642555236816, 2417.981289294265, 2353.9458301210675
3574.7828664779663, 2419.4479879516057, 2354.740482196469
3575.093036174774, 2419.4479879516057, 2354.740482196469
3575.7791991233826, 2416.23935699549, 2346.264577063401
3576.265894174576, 2415.042192993364, 2350.0010940762018
3576.794478416443, 2411.9879567048247, 2348.8714783333385
3577.292145729065, 2414.7825933702957, 2352.8899220766434
3577.8227260112762, 2416.628291420323, 2350.441733770611
3578.2475867271423, 2415.179273192393, 2351.2308382882184
3578.6205880641937, 2415.179273192393, 2351.2308382882184
3579.0963141918182, 2415.179273192393, 2351.2308382882184
3579.7665181159973, 2413.2437639009195, 2344.7049291723
3580.0876593589783, 2413.2437639009195, 2344.7049291723
3580.611256122589, 2413.2437639009195, 2344.7049291723
3581.103936433792, 2413.2437639009195, 2344.7049291723
3581.6026015281677, 2413.2437639009195, 2344.7049291723
3582.260838508606, 2414.09929275055, 2350.289167859877
3582.6128947734833, 2414.09929275055, 2350.289167859877
3583.2501883506775, 2417.066578796815, 2350.057133098665
3583.783758878708, 2417.2269812364657, 2355.708418111208
3584.0959231853485, 2417.2269812364657, 2355.708418111208
3584.613536596298, 2417.2269812364657, 2355.708418111208
3585.0912568569183, 2417.2269812364657, 2355.708418111208
3585.799362182617, 2418.001051600963, 2353.872131695656
3586.309992790222, 2416.009347338055, 2351.350602256327
3586.6241507530212, 2416.009347338055, 2351.350602256327
3587.087909936905, 2416.009347338055, 2351.350602256327
3587.6015338897705, 2416.009347338055, 2351.350602256327
3588.2547838687897, 2414.991102134147, 2349.244470335629
3588.605844259262, 2414.991102134147, 2349.244470335629
3589.2570991516113, 2414.4256771139403, 2349.3228118859556
3589.603171825409, 2414.4256771139403, 2349.3228118859556
3590.0908658504486, 2414.4256771139403, 2349.3228118859556
3590.5955142974854, 2414.4256771139403, 2349.3228118859556
3591.242780447006, 2417.2254116694958, 2349.3327299599746
3591.5928740501404, 2417.2254116694958, 2349.3327299599746
3592.243134021759, 2418.227891645036, 2352.151368470774
3592.6231150627136, 2418.227891645036, 2352.151368470774
3593.270381450653, 2416.7782400232245, 2351.122716530931
3593.835866212845, 2415.0297383523853, 2355.1807902049495
3594.1161222457886, 2415.0297383523853, 2355.1807902049495
3594.6327335834503, 2415.0297383523853, 2355.1807902049495
3595.3029370307922, 2414.1044253501477, 2351.939368990052
3595.6300613880157, 2414.1044253501477, 2351.939368990052
3596.306251525879, 2416.6501831755936, 2350.551350263521
3596.644344329834, 2416.6501831755936, 2350.551350263521
3597.2616918087006, 2413.824599181806, 2349.3037631488787
3597.8351550102234, 2415.450883146861, 2347.107917081263
3598.0924656391144, 2415.450883146861, 2347.107917081263
3598.783614873886, 2418.0565764805247, 2347.705998708543
3599.2792870998383, 2418.9501471518493, 2349.8200072555805
3599.619376897812, 2418.9501471518493, 2349.8200072555805
3600.097097158432, 2418.9501471518493, 2349.8200072555805
3600.624683380127, 2418.9501471518493, 2349.8200072555805
3601.123377084732, 2418.9501471518493, 2349.8200072555805
3601.611041545868, 2418.9501471518493, 2349.8200072555805
3602.243352174759, 2416.2765582256557, 2349.7655077746335
3602.5973999500275, 2416.2765582256557, 2349.7655077746335
3603.2486555576324, 2417.7482094632273, 2345.3385536679284
3603.6276404857635, 2417.7482094632273, 2345.3385536679284
3604.2958521842957, 2415.2439479626732, 2349.4224676704125
3604.5970447063446, 2415.2439479626732, 2349.4224676704125
3605.093714952469, 2415.2439479626732, 2349.4224676704125
3605.7589337825775, 2410.99571499069, 2343.275984803676
3606.3084604740143, 2418.143671961651, 2349.7600702423174
3606.646555185318, 2418.143671961651, 2349.7600702423174
3607.112306833267, 2418.143671961651, 2349.7600702423174
3607.773536682129, 2417.204564145431, 2350.563324180391
3608.12362909317, 2417.204564145431, 2350.563324180391
3608.6372225284576, 2417.204564145431, 2350.563324180391
3609.29546046257, 2416.9411031356317, 2350.708391769052
3609.640537261963, 2416.9411031356317, 2350.708391769052
3610.2917919158936, 2417.769396321128, 2351.208712648572
3610.6408562660217, 2417.769396321128, 2351.208712648572
3611.32502412796, 2417.5046280732727, 2350.2538639834524
3611.6611244678497, 2417.5046280732727, 2350.2538639834524
3612.278469800949, 2415.926079351009, 2350.38827656153
3612.6454877853394, 2415.926079351009, 2350.38827656153
3613.285801887512, 2416.4670195152066, 2348.4454880332823
3613.792415857315, 2414.8061033600184, 2347.524283620587
3614.292077064514, 2418.198539359312, 2351.0868545510316
3614.6361558437347, 2418.198539359312, 2351.0868545510316
3615.283423423767, 2413.3203036402547, 2349.819881180357
3615.8050248622894, 2413.1162816432, 2352.98142667485
3616.282773256302, 2416.746295515389, 2351.542592083497
3616.82030582428, 2413.745197551748, 2351.9084647868276
3617.2860577106476, 2415.8690249107667, 2347.9086393750204
3617.8186326026917, 2417.9994507933884, 2347.2250028335634
3618.2883751392365, 2418.176521322001, 2348.8811232395874
3618.8319177627563, 2416.427454999666, 2349.5275233525763
3619.2956767082214, 2417.045954054361, 2348.5118699000404
3619.8641533851624, 2415.9715925031633, 2350.452323416522
3620.3478581905365, 2415.9241967813564, 2350.297693981039
3620.6410739421844, 2415.9241967813564, 2350.297693981039
3621.1248145103455, 2415.9241967813564, 2350.297693981039
3621.629457473755, 2415.9241967813564, 2350.297693981039
3622.2816801071167, 2414.127243082812, 2351.9028383309274
3622.8132541179657, 2416.2130415281476, 2346.5673811887987
3623.29296875, 2417.9743774108338, 2352.547732689822
3623.823548555374, 2415.328349986237, 2354.069373974828
3624.2843136787415, 2415.578339022786, 2350.3282443090725
3624.824867963791, 2419.2209844349013, 2350.3758895692026
3625.2926137447357, 2418.0788882989873, 2351.601872241925
3625.8242180347443, 2409.808221638707, 2345.3087075976377
3626.2849550247192, 2422.284506311384, 2345.533974466833
3626.8155341148376, 2417.0107088803047, 2352.510968924868
3627.2842791080475, 2413.9498656178553, 2348.945025021331
3627.648303747177, 2413.9498656178553, 2348.945025021331
3628.1350016593933, 2413.9498656178553, 2348.945025021331
3628.8600583076477, 2416.7054851134594, 2354.2017111493715
3629.131331920624, 2416.7054851134594, 2354.2017111493715
3629.8254725933075, 2420.450347255271, 2347.1212389727066
3630.1396310329437, 2420.450347255271, 2347.1212389727066
3630.8138251304626, 2456.630583578484, 2348.1590776492894
3631.1309764385223, 2456.630583578484, 2348.1590776492894
3631.6406116485596, 2456.630583578484, 2348.1590776492894
3632.266932964325, 2483.883376672041, 2347.311408822469
3632.8084847927094, 1924.6163919053063, 2351.5213859347114
3633.134608745575, 1924.6163919053063, 2351.5213859347114
3633.79882979393, 1929.4588462327404, 2347.762802937172
3634.274556159973, 1970.7689995400592, 2351.652420193569
3634.8230872154236, 1974.8991210834702, 2349.1497568641607
3635.2928290367126, 1974.1645317536609, 2346.267666255726
3635.8333818912506, 1967.4086385816586, 2348.280932612912
3636.3290541172028, 23.490779654507545, 2267.806168623949
3636.6551802158356, 23.490779654507545, 2267.806168623949
3637.1219313144684, 23.490779654507545, 2267.806168623949
3637.629599094391, 23.490779654507545, 2267.806168623949
3638.1242463588715, 23.490779654507545, 2267.806168623949
3638.8503017425537, 200.13697366978937, 2129.7226993814593
3639.3768906593323, 1307.1301237154419, 2011.3777977379157
3639.7129905223846, 1307.1301237154419, 2011.3777977379157
3640.2954297065735, 2010.772085530921, 2297.8464958160193
3640.6315298080444, 2010.772085530921, 2297.8464958160193
3642.856572151184, 3978.9227361304916, 1664.3591795088257
3643.4400091171265, 3502.6002607857727, 1570.1469099720628
3643.73322224617, 3502.6002607857727, 1570.1469099720628
3644.3505685329437, 3543.877149699809, 1225.6194688026349
3644.7285599708557, 3543.877149699809, 1225.6194688026349
3645.2073035240173, 3543.877149699809, 1225.6194688026349
3645.904406785965, 3440.2267365918956, 1397.5272586007454
3646.2365171909332, 3440.2267365918956, 1397.5272586007454
3646.8039984703064, 3440.2267365918956, 1397.5272586007454
3647.23983001709, 3440.2267365918956, 1397.5272586007454
3647.758451938629, 3440.2267365918956, 1397.5272586007454
3649.809947490692, 2920.3082636149165, 2550.3166727643747
3650.381416082382, 1396.8052151489642, 2370.8716326537838
3650.805280447006, 519.1635404643187, 2420.0833441300647
3651.1403844356537, 519.1635404643187, 2420.0833441300647
3652.390037059784, 3524.366809247263, 1542.9099335973588
3652.743089914322, 3524.366809247263, 1542.9099335973588
3653.2307839393616, 3524.366809247263, 1542.9099335973588
3653.751389503479, 3524.366809247263, 1542.9099335973588
3654.396662712097, 1479.3468723049077, 2582.338359718253
3654.7138125896454, 1479.3468723049077, 2582.338359718253
3655.1586213111877, 1479.3468723049077, 2582.338359718253
3655.810874223709, 1267.6642934514675, 2694.6187147923697
3656.334470510483, 1267.8423140565783, 2689.0392318892937
3656.843108892441, 1269.7589912961623, 2687.594208988831
3657.3427715301514, 1270.4654089814815, 2684.9160925612364
3657.81650185585, 1268.2709087528556, 2689.2688409584894
3658.1595828533173, 1268.2709087528556, 2689.2688409584894
3658.6582469940186, 1268.2709087528556, 2689.2688409584894
3659.1329770088196, 1268.2709087528556, 2689.2688409584894
3659.8380873203278, 1539.4436270598244, 2685.002267758661
3660.1841626167297, 1539.4436270598244, 2685.002267758661
3660.8244454860687, 1541.0057317686812, 2692.030529704386
3661.154561281204, 1541.0057317686812, 2692.030529704386
3661.849699497223, 1504.1197773641222, 2688.3273149679308
3662.1508927345276, 1504.1197773641222, 2688.3273149679308
3662.6565392017365, 1504.1197773641222, 2688.3273149679308
3663.1512145996094, 1504.1197773641222, 2688.3273149679308
3663.6409142017365, 1504.1197773641222, 2688.3273149679308
3664.142558336258, 1504.1197773641222, 2688.3273149679308
3664.646209001541, 1504.1197773641222, 2688.3273149679308
3665.3283817768097, 1482.3710535039609, 2695.29445278881
3665.871926546097, 1484.296013122844, 2693.3846939963782
3666.3705904483795, 1487.0075575209212, 2692.066750305043
3666.68874001503, 1487.0075575209212, 2692.066750305043
3667.176432132721, 1487.0075575209212, 2692.066750305043
3667.670109987259, 1487.0075575209212, 2692.066750305043
3668.170768737793, 1487.0075575209212, 2692.066750305043
3668.678412914276, 1487.0075575209212, 2692.066750305043
3669.347617149353, 1485.2454566948854, 2691.382921799701
3669.835310459137, 1480.1610531250444, 2698.3774426329614
3670.302061319351, 1484.3660633017719, 2693.7778360138964
3670.832665205002, 1482.6236970570499, 2693.6597861135256
3671.2924337387085, 1482.7934821295469, 2700.2977308698205
3671.8419625759125, 1482.554132010045, 2689.2998556219927
3672.3047235012054, 1485.6077929988032, 2688.3646136282746
3672.8313121795654, 1484.671368725764, 2689.8277129367225
3673.1345002651215, 1484.671368725764, 2689.8277129367225
3673.80570268631, 1484.9222659844374, 2691.7722684089936
3674.301374435425, 1487.5169225743252, 2695.0788864901338
3674.8419272899628, 1482.8081906785674, 2691.3085298141586
3675.3086771965027, 1485.330188548969, 2694.7588791677695
3675.8641889095306, 1482.0669653284874, 2694.045213457468
3676.329941511154, 1484.4958325055047, 2692.6648177508523
3676.86949634552, 1485.845555660688, 2695.2439016445137
3677.3671629428864, 1478.8587054408001, 2692.459719905889
3677.835907936096, 1479.690891341775, 2694.3611723171252
3678.142087459564, 1479.690891341775, 2694.3611723171252
3678.642746448517, 1479.690891341775, 2694.3611723171252
3679.1314373016357, 1479.690891341775, 2694.3611723171252
3679.795659303665, 1485.5338630266194, 2697.0422445335525
3680.314295053482, 1484.0048291492674, 2697.5993427320363
3680.8358981609344, 1484.5092659743345, 2692.5825897149093
3681.306637763977, 1486.4536160489488, 2694.4017006839968
3681.840208530426, 1483.9529571477592, 2688.247507035101
3682.296984910965, 1484.5147543450319, 2695.4747571071607
3682.6640017032623, 1484.5147543450319, 2695.4747571071607
3683.1496965885162, 1484.5147543450319, 2695.4747571071607
3683.8159132003784, 1482.3881254301834, 2694.401327986455
3684.1540067195892, 1482.3881254301834, 2694.401327986455
3684.8461530208588, 1484.5141700973402, 2699.2969288899853
3685.1433577537537, 1484.5141700973402, 2699.2969288899853
3685.6430184841156, 1484.5141700973402, 2699.2969288899853
3686.2892878055573, 1481.2272532527938, 2693.7557084567807
3686.818869829178, 1484.4230917757518, 2697.635627471132
3687.2955923080444, 1483.2411261484353, 2689.9909628602986
3687.834149837494, 1482.1017550928418, 2693.8480814467935
3688.295913219452, 1485.1978227100135, 2697.2282727752117
3688.848441839218, 1487.7860906431895, 2691.8965550382486
3689.1456372737885, 1487.7860906431895, 2691.8965550382486
3689.646296262741, 1487.7860906431895, 2691.8965550382486
3690.1349873542786, 1487.7860906431895, 2691.8965550382486
3690.651603937149, 1487.7860906431895, 2691.8965550382486
3691.3058519363403, 1484.230527899517, 2693.7278769369755
3691.838425397873, 1480.2974100980114, 2690.9498522001277
3692.307169675827, 1481.799731095764, 2697.631767653202
3692.8477215766907, 1483.3386073986474, 2689.7390840345497
3693.1309628486633, 1483.3386073986474, 2689.7390840345497
3693.8450520038605, 1485.144401655967, 2698.535775229276
3694.155219554901, 1485.144401655967, 2698.535775229276
3694.8234300613403, 1485.6278802942154, 2692.0865120373683
3695.2991559505463, 1485.2827845167506, 2692.817772012967
3695.8476951122284, 1485.4824090042896, 2694.4082320499842
3696.321422815323, 1483.4211544931795, 2686.597746226035
3696.8569900989532, 1487.2116227680672, 2698.68503624861
3697.322741985321, 1486.227969015938, 2695.9333969928184
3697.849331855774, 1484.842331726396, 2693.251686746044
3698.169474363327, 1484.842331726396, 2693.251686746044
3698.673126220703, 1484.842331726396, 2693.251686746044
3699.343330383301, 1483.5948284708275, 2696.0810836097003
3699.82204914093, 1481.8600275035903, 2694.0825797904204
3700.3157272338867, 1482.0547027639575, 2694.8026368686487
3700.672768831253, 1482.0547027639575, 2694.8026368686487
3701.333001613617, 1483.4588966786448, 2693.156930007712
3701.857597351074, 1486.716078931687, 2692.597954666979
3702.1617817878723, 1486.716078931687, 2692.597954666979
3702.6754076480865, 1486.716078931687, 2692.597954666979
3703.1581127643585, 1486.716078931687, 2692.597954666979
3703.657774448395, 1486.716078931687, 2692.597954666979
3704.1514523029327, 1486.716078931687, 2692.597954666979
3704.8116838932037, 1484.8182941378702, 2698.4812080624292
3705.3143377304077, 1481.298743337986, 2688.7048771096975
3705.8658607006073, 1485.1458913602387, 2690.8385981200604
3706.1530923843384, 1485.1458913602387, 2690.8385981200604
3706.8203048706055, 1485.117543463794, 2692.511515067964
3707.3339281082153, 1483.2788871050927, 2696.67301116847
3707.67102599144, 1483.2788871050927, 2696.67301116847
3708.349208831787, 1483.5309963664756, 2695.511234607615
3708.817953109741, 1484.1425904191456, 2695.455908552645
3709.1520595550537, 1484.1425904191456, 2695.455908552645
3709.6706693172455, 1484.1425904191456, 2695.455908552645
3710.1663434505463, 1484.1425904191456, 2695.455908552645
3710.6969208717346, 1484.1425904191456, 2695.455908552645
3711.3292281627655, 1477.2105361028632, 2689.427004769055
3711.8358697891235, 1484.7814619314845, 2692.420488576409
3712.1759836673737, 1484.7814619314845, 2692.420488576409
3712.664674758911, 1484.7814619314845, 2692.420488576409
3713.1553614139557, 1484.7814619314845, 2692.420488576409
3713.710872888565, 1484.7814619314845, 2692.420488576409
3714.1766254901886, 1484.7814619314845, 2692.420488576409
3714.8677747249603, 1482.6480292601073, 2690.1506304953414
3715.3604559898376, 1481.8957307732235, 2692.836147817631
3715.681595802307, 1481.8957307732235, 2692.836147817631
3716.3278632164, 1483.6398036521798, 2691.8176520107118
3716.852458000183, 1486.1857727596653, 2695.2837601694673
3717.3700716495514, 1483.3073445238692, 2689.0546965803533
3717.866742372513, 1484.704194049527, 2691.477698437288
3718.3743834495544, 1481.3753541800734, 2687.0168032231045
3718.8810250759125, 1484.0022160031099, 2692.986393881888
3719.3647289276123, 1485.2351998766162, 2691.6096504644997
3719.8464398384094, 1484.5352837083817, 2690.8882370029933
3720.3181755542755, 1486.9463227464526, 2694.267206616097
3720.828808069229, 1482.512199956456, 2693.2043696938545
3721.1619153022766, 1482.512199956456, 2693.2043696938545
3721.824142932892, 1479.1070716258625, 2693.4396490370773
3722.311836242676, 1486.9834008211562, 2697.0598978645203
3722.8434121608734, 1481.0967953825148, 2692.661803529346
3723.341079711914, 1482.287219933927, 2694.181708601831
3723.8537068367004, 1484.814189128785, 2693.8204701768163
3724.350376367569, 1484.523766382702, 2699.3303568256265
3724.8570189476013, 1484.4254806528936, 2697.2037944971426
3725.1602067947388, 1484.4254806528936, 2697.2037944971426
3725.8543474674225, 1484.9109379733616, 2696.0249694179315
3726.3081324100494, 1482.0922766487386, 2691.252179816756
3726.864641427994, 1482.754345396623, 2696.5402069138513
3727.1508746147156, 1482.754345396623, 2696.5402069138513
3727.6804568767548, 1482.754345396623, 2696.5402069138513
3728.3267254829407, 1488.7459369370993, 2693.6025636247928
3728.6618282794952, 1488.7459369370993, 2693.6025636247928
3729.1485245227814, 1488.7459369370993, 2693.6025636247928
3729.6591567993164, 1488.7459369370993, 2693.6025636247928
3730.3493082523346, 1480.854117664336, 2696.763240558645
3730.8370020389557, 1480.361035067731, 2695.29734897322
3731.192056655884, 1480.361035067731, 2695.29734897322
3731.6787486076355, 1480.361035067731, 2695.29734897322
3732.1833958625793, 1480.361035067731, 2695.29734897322
3732.6750791072845, 1480.361035067731, 2695.29734897322
3733.146815299988, 1480.361035067731, 2695.29734897322
3733.8349730968475, 1485.899735130037, 2695.897183531146
3734.1561121940613, 1485.899735130037, 2695.897183531146
3734.6687393188477, 1485.899735130037, 2695.897183531146
3735.1853563785553, 1485.899735130037, 2695.897183531146
3735.6531035900116, 1485.899735130037, 2695.897183531146
3736.3183205127716, 1487.2451915852525, 2692.4200118815666
3736.659436941147, 1487.2451915852525, 2692.4200118815666
3737.1551089286804, 1487.2451915852525, 2692.4200118815666
3737.80237531662, 1481.7570028347873, 2689.358558273555
3738.305029153824, 1485.0028652428307, 2691.3964553939627
3738.672047138214, 1485.0028652428307, 2691.3964553939627
3739.175698518753, 1485.0028652428307, 2691.3964553939627
3739.8369262218475, 1481.9021316800327, 2686.017587978311
3740.3186361789703, 1486.0239396935453, 2689.9707967428535
3740.850212097168, 1485.6738243728687, 2691.5519478270676
3741.3199546337128, 1486.9359523927724, 2690.8044771438113
3741.8505330085754, 1481.7892179463822, 2695.1815517010873
3742.322269678116, 1480.2616580118486, 2691.3013622979465
3742.8519032001495, 1484.3313142122531, 2693.160495172049
3743.3086810112, 1482.9575161929379, 2686.479242532548
3743.844344854355, 1486.057243012773, 2692.1328881649297
3744.3090994358063, 1484.2184473883474, 2691.2470876736243
3744.8386809825897, 1484.0961805555376, 2698.4692657839487
3745.324380874634, 1486.135658999892, 2691.7089637228137
3745.8390021324158, 1482.952098191101, 2689.0579783587514
3746.313730955124, 1485.4478166731467, 2698.8373378043966
3746.669775724411, 1485.4478166731467, 2698.8373378043966
3747.1634550094604, 1485.4478166731467, 2698.8373378043966
3747.838645219803, 1486.4136738246066, 2696.8009158442633
3748.3752098083496, 1485.1886405308783, 2693.714062343957
3748.882849931717, 1482.5476748695767, 2691.8806826061596
3749.3346400260925, 1483.3963205530597, 2694.6700982931616
3749.8432772159576, 1487.15188207537, 2693.0010716302518
3750.3239896297455, 1484.763084909045, 2690.615941338426
3750.838641166687, 1483.324580600827, 2698.316326271139
3751.317359685898, 1485.6394085295547, 2693.9041004123806
3751.8269939422607, 1485.1761340651908, 2696.0685058516096
3752.1660861968994, 1485.1761340651908, 2696.0685058516096
3752.824325799942, 1481.315100707635, 2696.5640124805404
3753.322988986969, 1484.75625195998, 2696.1151258101286
3753.6710875034332, 1484.75625195998, 2696.1151258101286
3754.156785964966, 1484.75625195998, 2696.1151258101286
3754.664426088333, 1484.75625195998, 2696.1151258101286
3755.1481306552887, 1484.75625195998, 2696.1151258101286
3755.6487894058228, 1484.75625195998, 2696.1151258101286
3756.338942050934, 1484.0501827360165, 2691.7173555917707
3756.8445868492126, 1483.124228726379, 2694.8772884969485
3757.347240447998, 1485.319103262691, 2694.5374372675797
3757.67436504364, 1485.319103262691, 2694.5374372675797
3758.167044401169, 1485.319103262691, 2694.5374372675797
3758.820294857025, 1484.2252707536477, 2698.401803483082
3759.3199882507324, 1484.5663072660457, 2691.8391085403173
3759.835610628128, 1484.787079564928, 2693.5608240600764
3760.330284357071, 1481.415579079877, 2691.1390012528464
3760.842910051346, 1483.1982838056138, 2691.7411234501174
3761.320657014847, 1484.6028363070998, 2697.839990412058
3761.8332834243774, 1483.734963837525, 2691.6561593590905
3762.3149933815002, 1485.2621904561415, 2697.3255692443913
3762.6560804843903, 1485.2621904561415, 2697.3255692443913
3763.3173093795776, 1484.6575508716878, 2690.637477612754
3763.6623845100403, 1484.6575508716878, 2690.637477612754
3764.1620469093323, 1484.6575508716878, 2690.637477612754
3764.6627054214478, 1484.6575508716878, 2690.637477612754
3765.1603741645813, 1484.6575508716878, 2690.637477612754
3765.8255910873413, 1481.7718470919876, 2696.703623848261
3766.3272473812103, 1483.1239060000553, 2694.3696253507287
3766.673321247101, 1483.1239060000553, 2694.3696253507287
3767.3165967464447, 1480.569421599155, 2693.8778730547906
3767.8162591457367, 1484.175937520808, 2698.171768842034
3768.323900938034, 1482.3905880150292, 2690.727955412397
3768.663988351822, 1482.3905880150292, 2690.727955412397
3769.148690223694, 1482.3905880150292, 2690.727955412397
3769.6553332805634, 1482.3905880150292, 2690.727955412397
3770.311577320099, 1484.5009293809662, 2689.746777455011
3770.817221879959, 1486.1180127889795, 2691.0256904437183
3771.1523249149323, 1486.1180127889795, 2691.0256904437183
3771.66894030571, 1486.1180127889795, 2691.0256904437183
3772.168601989746, 1486.1180127889795, 2691.0256904437183
3772.6672661304474, 1486.1180127889795, 2691.0256904437183
3773.169919729233, 1486.1180127889795, 2691.0256904437183
3773.874034881592, 1484.9560952932873, 2694.7889426510847
3774.353749036789, 1483.2253511646977, 2695.4527766613487
3774.890312194824, 1483.0174260660235, 2696.651921072646
3775.367035150528, 1484.6033643094752, 2690.867971168115
3775.677204847336, 1484.6033643094752, 2690.867971168115
3776.3444175720215, 1481.3640168179668, 2691.902894789688
3776.654586315155, 1481.3640168179668, 2691.902894789688
3777.3068404197693, 1480.7509004514516, 2692.7321831631903
3777.6569027900696, 1480.7509004514516, 2692.7321831631903
3778.155566215515, 1480.7509004514516, 2692.7321831631903
3778.6701896190643, 1480.7509004514516, 2692.7321831631903
3779.324437856674, 1483.5698233170851, 2689.9556582932905
3779.6675169467926, 1483.5698233170851, 2689.9556582932905
3780.320766687393, 1485.0965449556297, 2690.0468380011393
3780.836386203766, 1484.5143337523182, 2694.0069554957977
3781.3839209079742, 1485.4569396145387, 2698.3921811088912
3781.9234750270844, 1484.5327746697767, 2690.7330249895945
3782.379254102707, 1483.5295655935709, 2698.6336046840556
3782.67147064209, 1483.5295655935709, 2698.6336046840556
3783.302780866623, 1485.309171387364, 2694.3989944837203
3783.6638128757477, 1485.309171387364, 2694.3989944837203
3784.3120765686035, 1483.055501017661, 2698.5585977952805
3784.8127357959747, 1480.113112082085, 2693.8235056280405
3785.1568155288696, 1480.113112082085, 2693.8235056280405
3785.664454460144, 1480.113112082085, 2693.8235056280405
3786.311720609665, 1484.369454914318, 2697.229130385887
3786.65580034256, 1484.369454914318, 2697.229130385887
3787.3020691871643, 1478.803508862591, 2689.3040295634205
3787.813697576523, 1486.2360738778284, 2696.3978377124504
3788.167750120163, 1486.2360738778284, 2696.3978377124504
3788.672397851944, 1486.2360738778284, 2696.3978377124504
3789.3366191387177, 1485.2025851090827, 2697.8792891462026
3789.6717212200165, 1485.2025851090827, 2697.8792891462026
3790.325969696045, 1479.4868729660839, 2694.0813622368787
3790.837598800659, 1484.7881849983544, 2693.1166141159492
3791.165720462799, 1484.7881849983544, 2693.1166141159492
3791.816975593567, 1485.3886241671958, 2693.891647430212
3792.161054611206, 1485.3886241671958, 2693.891647430212
3792.82128572464, 1484.0898293583857, 2698.8193428326244
3793.159381389618, 1484.0898293583857, 2698.8193428326244
3793.8146250247955, 1484.1650428859577, 2701.91410611377
3794.15172290802, 1484.1650428859577, 2701.91410611377
3794.826913833618, 1484.3876242993388, 2694.5370637128945
3795.1490511894226, 1484.3876242993388, 2694.5370637128945
3795.8212509155273, 1480.8837868907885, 2698.7765659412307
3796.152363538742, 1480.8837868907885, 2698.7765659412307
3796.650030851364, 1480.8837868907885, 2698.7765659412307
3797.1786155700684, 1480.8837868907885, 2698.7765659412307
3797.874751329422, 1482.1772689560275, 2690.3932011673046
3798.399345636368, 1483.057232209653, 2696.6661064858527
3798.9129700660706, 1482.6727486446582, 2686.2231181218353
3799.363762617111, 1477.3163244787672, 2688.087383775097
3799.8933448791504, 1486.2200625829873, 2689.945543035691
3800.15265083313, 1486.2200625829873, 2689.945543035691
3800.8328285217285, 1484.3031937625349, 2689.0421854456326
3801.1719193458557, 1484.3031937625349, 2689.0421854456326
3801.6775653362274, 1484.3031937625349, 2689.0421854456326
3802.3018929958344, 1483.4065903895096, 2696.2888958916033
3802.819506883621, 1480.8499864406897, 2691.0705438671057
3803.3171739578247, 1486.4877971235912, 2696.479007734104
3803.8816614151, 1483.9724377106031, 2690.1985774863347
3804.3683581352234, 1484.0995552480854, 2689.1410166657924
3804.8510653972626, 1488.3394767940272, 2693.2504612903685
3805.3836386203766, 3466.9398297257367, 1372.8890585314575
3805.7177441120148, 3466.9398297257367, 1372.8890585314575
3806.3271131515503, 1485.6968123045378, 2693.8577801356323
3806.8018403053284, 1446.963172904168, 2694.3772767377795
3807.302499771118, 841.5317534842524, 2545.5815528832113
3807.887931585312, 209.96486581330805, 1461.8035167617202
3808.3197751045227, 2154.092440429316, 1347.250576453443
3808.681805372238, 2154.092440429316, 1347.250576453443
3809.3340578079224, 3561.1989948577298, 45.232424896829734
3809.8776025772095, 1277.2852454340132, 713.6612474436179
3810.210711956024, 1277.2852454340132, 713.6612474436179
3810.70538520813, 1277.2852454340132, 713.6612474436179
3811.364619255066, 2026.3549578939098, -2760.540694046427
3811.8832302093506, 2897.5823466208767, 1269.7186107597986
3812.4048340320587, 3366.929806026734, 662.107204938869
3813.065065383911, 3808.8801847542923, 587.8321021756417
3813.8918509483337, -75513.3103630695, 51771.87695851889
3814.3376574516296, 1734.4469785808121, 2994.8172430131435
3814.852277994156, 2339.7150390599368, 3003.1428379641884
3815.1684324741364, 2339.7150390599368, 3003.1428379641884
3815.672082424164, 2339.7150390599368, 3003.1428379641884
3816.155786752701, 2339.7150390599368, 3003.1428379641884
3816.662430524826, 2339.7150390599368, 3003.1428379641884
3820.351548910141, 646.0355945768773, 2994.4787009456236
3820.890107154846, 642.4072067771997, 2990.911543537297
3821.339907646179, 620.0277534896176, 2991.6048449208706
3821.8714833259583, 627.1051380794776, 2989.8902359249896
3822.3262660503387, 627.4610374284305, 2991.845621201393
3822.856844186783, 627.4772827336104, 2989.771745053856
3823.173994779587, 627.4772827336104, 2989.771745053856
3823.8013141155243, 623.8281118806613, 2990.0745729907576
3824.1673336029053, 623.8281118806613, 2990.0745729907576
3824.6669957637787, 623.8281118806613, 2990.0745729907576
3825.145713329315, 623.8281118806613, 2990.0745729907576
3825.8538167476654, 3957.1564278984133, 2458.8950628985654
3826.213853597641, 3957.1564278984133, 2458.8950628985654
3826.7234880924225, 3957.1564278984133, 2458.8950628985654
3827.203202486038, 3957.1564278984133, 2458.8950628985654
3827.712837934494, 3957.1564278984133, 2458.8950628985654
3829.3305048942566, 458.6275795341741, 1901.5554037100976
3829.6705944538116, 458.6275795341741, 1901.5554037100976
3830.1463198661804, 458.6275795341741, 1901.5554037100976
3830.6499705314636, 458.6275795341741, 1901.5554037100976
3831.16459274292, 458.6275795341741, 1901.5554037100976
3831.6642537117004, 458.6275795341741, 1901.5554037100976
3832.1539425849915, 458.6275795341741, 1901.5554037100976
3832.65260720253, 458.6275795341741, 1901.5554037100976
3833.1442902088165, 458.6275795341741, 1901.5554037100976
3833.6539249420166, 458.6275795341741, 1901.5554037100976
3834.356044769287, 654.4267812741263, 2180.5821877113767
3834.66322183609, 654.4267812741263, 2180.5821877113767
3835.1848254203796, 654.4267812741263, 2180.5821877113767
3835.65456700325, 654.4267812741263, 2180.5821877113767
3836.341726541519, 519.4524025659775, 2249.8007637312908
3836.8453772068024, 467.8327035475609, 2272.3615523038384
3837.1605339050293, 467.8327035475609, 2272.3615523038384
3837.670168399811, 467.8327035475609, 2272.3615523038384
3838.1658403873444, 467.8327035475609, 2272.3615523038384
3838.6495449543, 467.8327035475609, 2272.3615523038384
3839.160177707672, 467.8327035475609, 2272.3615523038384
3839.867283344269, 3931.660419632595, 1307.3783346272735
3840.3400173187256, 450.14848995507697, 2276.644785224308
3840.8386816978455, 457.93512925417787, 2276.364026444062
3841.144860982895, 457.93512925417787, 2276.364026444062
3841.65150475502, 457.93512925417787, 2276.364026444062
3842.307747364044, 458.5163649932144, 2279.0534128465006
3842.651824951172, 458.5163649932144, 2279.0534128465006
3843.3160462379456, 343.49602354323844, 2247.4649157564622
3843.6601922512054, 343.49602354323844, 2247.4649157564622
3844.3204486370087, 287.8160669769681, 1926.9860600638733
3844.8240768909454, 364.47149494878107, 1798.338489745367
3845.152197599411, 364.47149494878107, 1798.338489745367
3845.671805381775, 364.47149494878107, 1798.338489745367
3846.1515226364136, 364.47149494878107, 1798.338489745367
3846.8017814159393, 495.2273881744854, 307.31798517447425
3847.3493127822876, 3779.028575191838, 711.0682631070748
3847.700371980667, 3779.028575191838, 711.0682631070748
3848.180087327957, 3779.028575191838, 711.0682631070748
3848.8532848358154, 3649.12278566361, 494.5610916201942
3849.312055826187, 496.1876404952121, 307.9865202418697
3849.8356523513794, 500.93240154556275, 308.4826868280135
3850.1508419513702, 500.93240154556275, 308.4826868280135
3850.806053161621, 501.2852217902788, 307.23031856822445
3851.31568980217, 496.952299918082, 307.6502710874882
3851.8293142318726, 500.8192500680673, 310.4688880685393
3852.1534476280212, 500.8192500680673, 310.4688880685393
3852.8266439437866, 611.3706659725525, 1247.3956440423449
3853.317328929901, 607.8311668516039, 1248.8934138788
3853.875834941864, 610.1064059301394, 1247.2505465154159
3854.361533641815, 605.4368759912161, 1247.6614323966414
3854.8861265182495, 609.1086687501802, 1248.1386853449478
3855.150417327881, 609.1086687501802, 1248.1386853449478
3855.826607465744, 606.7660026751607, 1248.021640770724
3856.3162956237793, 609.9644095233537, 1247.434186399732
3856.84188747406, 641.6075969796027, 1244.4182447773642
3857.1550500392914, 641.6075969796027, 1244.4182447773642
3857.656705379486, 641.6075969796027, 1244.4182447773642
3858.155369758606, 641.6075969796027, 1244.4182447773642
3858.6530373096466, 641.6075969796027, 1244.4182447773642
3859.3143055438995, 2002.4735099125078, 1240.3443687689448
3859.84189248085, 1989.9711131577137, 1237.8157282063694
3860.154055595398, 1989.9711131577137, 1237.8157282063694
3860.6517243385315, 1989.9711131577137, 1237.8157282063694
3861.159364461899, 1989.9711131577137, 1237.8157282063694
3861.650048494339, 1989.9711131577137, 1237.8157282063694
3862.3491764068604, 2000.667753093157, 1241.1628013799516
3862.944581270218, 2000.3980389159838, 1241.525275944894
3863.3594710826874, 2000.2275187436203, 1238.939181907216
3863.874090909958, 1999.1207343746116, 1238.5693393993638
3864.3129177093506, 2000.4291363737177, 1240.3896189188458
3864.8504774570465, 2001.3384583764573, 1241.2408318076923
3865.169621706009, 2001.3384583764573, 1241.2408318076923
3865.8418226242065, 1998.4375362301291, 1238.6633397988962
3866.325526714325, 2000.4397663187408, 1239.2154250035494
3866.874058008194, 1999.9144660599247, 1240.622677974041
3867.3597569465637, 2000.0619959939254, 1239.8233407926864
3867.6729171276093, 2000.0619959939254, 1239.8233407926864
3868.3072171211243, 2002.0128824694586, 1241.2580155106277
3868.8387932777405, 2001.1296943176646, 1240.8834077500135
3869.325490474701, 2000.530899573583, 1241.1733087963491
3869.666578054428, 2000.530899573583, 1241.1733087963491
3870.165244102478, 2000.530899573583, 1241.1733087963491
3870.6688935756683, 2000.530899573583, 1241.1733087963491
3871.168582201004, 2000.530899573583, 1241.1733087963491
3871.6552515029907, 2000.530899573583, 1241.1733087963491
3872.155910253525, 2000.530899573583, 1241.1733087963491
3872.8071653842926, 2000.9112026905989, 1238.1470147206037
3873.1642105579376, 2000.9112026905989, 1238.1470147206037
3873.8184571266174, 2002.3567757092812, 1239.0274162371315
3874.154559612274, 2002.3567757092812, 1239.0274162371315
3874.65820813179, 2002.3567757092812, 1239.0274162371315
3875.1658475399017, 2002.3567757092812, 1239.0274162371315
3875.6585280895233, 2002.3567757092812, 1239.0274162371315
3876.349678993225, 2000.4773146962457, 1238.1418531484535
3876.8383688926697, 2001.2344059011048, 1240.555472470628
3877.1585128307343, 2001.2344059011048, 1240.555472470628
3877.6621630191803, 2001.2344059011048, 1240.555472470628
3878.3323681354523, 2000.722192892637, 1240.7315316022919
3878.8669362068176, 1999.2501534204232, 1239.312193361041
3879.3626067638397, 2001.106641850138, 1240.860324092981
3879.8642637729645, 1999.5027135802316, 1239.679616179464
3880.3230361938477, 1996.7088936273017, 1237.223852350666
3880.6691081523895, 1996.7088936273017, 1237.223852350666
3881.3133823871613, 2000.3116514741473, 1240.5427836342049
3881.827006816864, 2000.5862094931194, 1239.6313200555867
3882.1521360874176, 2000.5862094931194, 1239.6313200555867
3882.8123693466187, 2000.4532159162172, 1240.7532126698584
3883.1554479599, 2000.4532159162172, 1240.7532126698584
3883.6620914936066, 2000.4532159162172, 1240.7532126698584
3884.3113539218903, 1995.8512750459815, 1238.795109955401
3884.8169980049133, 2001.667276459293, 1243.178069469773
3885.314666748047, 2000.7684721851283, 1239.7809344484401
3885.6567499637604, 2000.7684721851283, 1239.7809344484401
3886.310000181198, 2000.3877380905692, 1239.4204127420799
3886.680008649826, 2000.3877380905692, 1239.4204127420799
3887.3462233543396, 2001.1401406243344, 1241.8466587909456
3887.8648359775543, 2000.4933394204154, 1240.980377241877
3888.3315856456757, 2000.5194627366322, 1238.794798348385
3888.8521904945374, 2000.09856141543, 1240.4345468663398
3889.161363363266, 2000.09856141543, 1240.4345468663398
3889.813616514206, 1999.8801472214252, 1238.7412249890472
3890.3172948360443, 2000.6390265411628, 1241.7032111195829
3890.8298950195312, 2000.328002466205, 1238.3871895970067
3891.3116035461426, 1999.397145656754, 1240.7987075460317
3891.8382194042206, 2000.1877478472472, 1238.9295412981373
3892.156341075897, 2000.1877478472472, 1238.9295412981373
3892.663982152939, 2000.1877478472472, 1238.9295412981373
3893.3730838298798, 715.6932463140788, 376.51067825989185
3894.095147371292, 170.03286681340853, 217.26092982009354
3894.894008398056, 170.03286681340853, 217.26092982009354
3895.458498477936, 88.66358023884706, -1252.9646552973215
3895.748720407486, 88.66358023884706, -1252.9646552973215
3896.4368767738342, 396.8463764951298, 829.9593268638791
3896.7171263694763, 396.8463764951298, 829.9593268638791
3897.866047859192, 1082.0621542918489, 531.6180688690611
3898.2021470069885, 1082.0621542918489, 531.6180688690611
3898.7077934741974, 1082.0621542918489, 531.6180688690611
3899.222416639328, 1082.0621542918489, 531.6180688690611
3901.3477222919464, 825.4373290403806, 311.9946834619651
3901.697785615921, 825.4373290403806, 311.9946834619651
3902.203430891037, 825.4373290403806, 311.9946834619651
3902.9773573875427, 1791.8064777286836, 375.7032780707062
3903.4201736450195, 44909.82819143404, 303.57392955206103
3903.9058709144592, -247.39493712293265, 123.61066182567836
3904.208063840866, -247.39493712293265, 123.61066182567836
3904.8892374038696, 43.180605068530106, 1479.1079893035503
3905.189432859421, 43.180605068530106, 1479.1079893035503
3905.8197457790375, 3956.9467943161385, 1520.6631375653033
3906.304447412491, 3638.1806923062095, 1527.9594130592495
3906.656503677368, 3638.1806923062095, 1527.9594130592495
3907.155177593231, 3638.1806923062095, 1527.9594130592495
3907.861278295517, 86.26000146825778, 1456.0293551246882
3908.3928530216217, 29.28527102844384, 37.90929213653668
3908.9832713603973, 1045.9949809195473, 1008.8418719651652
3909.387190580368, 954.913822224394, -9084.530094687996
3909.9436995983124, 833.8692004348713, 153.9472430885669
3910.2379121780396, 833.8692004348713, 153.9472430885669
3910.7615089416504, 833.8692004348713, 153.9472430885669
3911.249203443527, 833.8692004348713, 153.9472430885669
3911.7668170928955, 833.8692004348713, 153.9472430885669
3912.334297180176, 883.8648346528678, 1531.0131400959337
3912.879835128784, 981.5610223099682, 1532.4093112608916
3913.1630766391754, 981.5610223099682, 1532.4093112608916
3913.665730714798, 981.5610223099682, 1532.4093112608916
3914.305018424988, 715.1594444945938, 1532.31347558811
3914.8076713085175, 672.3595331099173, 1507.987638570573
3915.3053386211395, 874.1974949419778, 1531.4612167594796
3915.66437792778, 874.1974949419778, 1531.4612167594796
3916.1500771045685, 874.1974949419778, 1531.4612167594796
3916.801332473755, 843.1774583072313, 1532.3162039788706
3917.3209409713745, 696.8678361823053, 1530.152160143924
3917.8365602493286, 697.3826850781072, 1529.785683269041
3918.3043069839478, 607.2985912408432, 1460.5867373817077
3918.8488471508026, 548.8718565683055, 1531.6482916332611
3919.3205845355988, 540.7733310560633, 1531.382039450762
3919.664696931839, 540.7733310560633, 1531.382039450762
3920.17330121994, 540.7733310560633, 1531.382039450762
3920.835526704788, 622.850643927017, 1531.1195298372197
3921.327211380005, 1243.194702712514, 1530.942180694334
3921.8438267707825, 1817.232778008248, 1526.1006316138419
3922.1549932956696, 1817.232778008248, 1526.1006316138419
3922.807246208191, 1819.2579976854663, 1527.1000711372799
3923.308902978897, 1811.6299250427414, 1528.9716204623253
3923.835491657257, 1748.56437642288, 1529.6793368312437
3924.3172013759613, 1634.2105790873043, 1529.6618839537666
3924.8278334140778, 1567.8167263206587, 1529.2341992680613
3925.3205149173737, 1531.915990730661, 1529.5540992117935
3925.8351368904114, 1429.1524113727935, 1530.8816826505774
3926.308867454529, 1332.525185069839, 1530.2539191297717
3926.824486732483, 1199.6158243747834, 1529.5122645650317
3927.1466245651245, 1199.6158243747834, 1529.5122645650317
3927.656259059906, 1199.6158243747834, 1529.5122645650317
3928.3474078178406, 1170.0450906138292, 1529.0142596806902
3928.6944789886475, 1170.0450906138292, 1529.0142596806902
3929.180176973343, 1170.0450906138292, 1529.0142596806902
3929.6698660850525, 1170.0450906138292, 1529.0142596806902
3930.3669984340668, 1058.035180283328, 1530.7672261538144
3930.703098297119, 1058.035180283328, 1530.7672261538144
3931.1648614406586, 1058.035180283328, 1530.7672261538144
3931.8430440425873, 1066.433668073661, 1531.7979455638256
3932.1641852855682, 1066.433668073661, 1531.7979455638256
3932.8403725624084, 1067.9576886251746, 1531.1138019575653
3933.174479007721, 1067.9576886251746, 1531.1138019575653
3933.8367054462433, 1066.0864392799563, 1530.9780390987844
3934.340356349945, 1066.1710065506177, 1532.4833712009786
3934.659500837326, 1066.1710065506177, 1532.4833712009786
3935.1581666469574, 1066.1710065506177, 1532.4833712009786
3935.6518425941467, 1066.1710065506177, 1532.4833712009786
3936.1614785194397, 1066.1710065506177, 1532.4833712009786
3936.668122768402, 1066.1710065506177, 1532.4833712009786
3937.1657881736755, 1066.1710065506177, 1532.4833712009786
3937.683401107788, 1066.1710065506177, 1532.4833712009786
3938.1950314044952, 1066.1710065506177, 1532.4833712009786
3938.654828310013, 1066.1710065506177, 1532.4833712009786
3939.4197504520416, 1068.3807796196277, 1531.2349446884928
3939.6561191082, 1068.3807796196277, 1531.2349446884928
3940.359235525131, 1067.3703624993211, 1530.6835092242513
3940.855904340744, 1068.380572420453, 1529.7219049535488
3941.347587823868, 1068.9238733677914, 1532.085912992461
3941.6647384166718, 1068.9238733677914, 1532.085912992461
3942.351897239685, 1067.7894215214226, 1531.042747037886
3942.812664747238, 1068.1938131115828, 1531.385162451471
3943.1926457881927, 1068.1938131115828, 1531.385162451471
3943.8169736862183, 1067.277442134092, 1531.6033998525788
3944.325611591339, 1066.7946376165662, 1531.3360343848385
3944.6766724586487, 1066.7946376165662, 1531.3360343848385
3945.1683554649353, 1066.7946376165662, 1531.3360343848385
3945.6819784641266, 1066.7946376165662, 1531.3360343848385
3946.361159801483, 1067.5415647259008, 1531.2408512977447
3946.855835199356, 1064.4064520849606, 1530.8465072736587
3947.3505098819733, 1067.5023059333885, 1530.2106628938284
3947.671649456024, 1067.5023059333885, 1530.2106628938284
3948.1593430042267, 1067.5023059333885, 1530.2106628938284
3948.657010793686, 1067.5023059333885, 1530.2106628938284
3949.168640613556, 1067.5023059333885, 1530.2106628938284
3949.844829559326, 1068.6216216394594, 1531.3381436617756
3950.3205683231354, 1067.4928173212625, 1530.6223717836122
3950.8990190029144, 1068.0640048859452, 1532.7808103458156
3951.313908815384, 1067.7374777303926, 1531.5298745149887
3951.854460477829, 1069.0787321327834, 1532.2131362223545
3952.151664495468, 1069.0787321327834, 1532.2131362223545
3952.8478145599365, 1068.6241334222473, 1532.0493108113424
3953.330506801605, 1068.194365291224, 1530.8921593496739
3953.900980234146, 1068.5769256826823, 1531.1310325977504
3954.1822259426117, 1068.5769256826823, 1531.1310325977504
3954.699840068817, 1068.5769256826823, 1531.1310325977504
3955.164595603943, 1068.5769256826823, 1531.1310325977504
3955.8397858142853, 1067.723462851206, 1529.6172295974197
3956.1708986759186, 1067.723462851206, 1529.6172295974197
3956.676545381546, 1067.723462851206, 1529.6172295974197
3957.1632413864136, 1067.723462851206, 1529.6172295974197
3957.842422246933, 1069.589698525299, 1532.0041355815247
3958.38995552063, 1068.3152172557786, 1532.4482121567903
3958.853713274002, 1067.4776208158103, 1531.7503119300422
3959.1708648204803, 1067.4776208158103, 1531.7503119300422
3959.6705405712128, 1067.4776208158103, 1531.7503119300422
3960.3028321266174, 1068.2303618755984, 1532.920443164627
3960.820445537567, 1068.4573271948707, 1531.9645708925318
3961.3051476478577, 1068.0469320409081, 1531.9443056743644
3961.837720632553, 1068.1290990951677, 1531.0130026674094
3962.1568660736084, 1068.1290990951677, 1531.0130026674094
3962.658523082733, 1068.1290990951677, 1531.0130026674094
3963.356652736664, 1066.0825527354114, 1531.7982320850915
3963.672805786133, 1066.0825527354114, 1531.7982320850915
3964.3200721740723, 1067.7152338822295, 1531.7073924124365
3964.8995203971863, 1067.5182155615312, 1531.76779160702
3965.1707944869995, 1067.5182155615312, 1531.76779160702
3965.662476539612, 1067.5182155615312, 1531.76779160702
3966.312735080719, 1068.0457393066818, 1530.3738812473437
3966.663795232773, 1068.0457393066818, 1530.3738812473437
3967.1554787158966, 1068.0457393066818, 1530.3738812473437
3967.6511499881744, 1068.0457393066818, 1530.3738812473437
3968.313376903534, 1068.3067996545903, 1530.592834394618
3968.835977077484, 1068.1226497344865, 1530.5493401227104
3969.3146953582764, 1068.285902720598, 1531.8246850919652
3969.677722454071, 1068.285902720598, 1531.8246850919652
3970.314018726349, 1068.1367556925943, 1529.935532047946
3970.858559846878, 1069.435784742381, 1530.2949222046877
3971.1617476940155, 1069.435784742381, 1530.2949222046877
3971.672379732132, 1069.435784742381, 1530.2949222046877
3972.3036897182465, 1067.9039443196473, 1530.7121949071684
3972.8282840251923, 1067.4554592879538, 1531.3659891926702
3973.3079993724823, 1068.5324534515223, 1530.8213140883763
3973.6720242500305, 1068.5324534515223, 1530.8213140883763
3974.1457557678223, 1068.5324534515223, 1530.8213140883763
3974.6623730659485, 1068.5324534515223, 1530.8213140883763
3975.3066458702087, 1068.8831352602392, 1530.5242436101198
3975.8282675743103, 1068.8192146340448, 1531.2145831753337
3976.16037774086, 1068.8192146340448, 1531.2145831753337
3976.829585313797, 1069.2709740039475, 1531.1498252040378
3977.17964720726, 1069.2709740039475, 1531.1498252040378
3977.8289091587067, 1068.974304967778, 1529.7127427437083
3978.325578927994, 1067.8850285341384, 1529.6266960091677
3978.8491764068604, 1069.0878321208936, 1532.0192314785252
3979.1703164577484, 1069.0878321208936, 1532.0192314785252
3979.8814108371735, 1068.8554690825347, 1532.7414582604488
3980.3711001873016, 1069.4981228619724, 1531.604028018214
3980.8657755851746, 1068.526050692056, 1532.2423842345718
3981.326541185379, 1068.0990118706666, 1530.8632453670607
3981.834180831909, 1068.5102776095996, 1532.5695170374283
3982.315891265869, 1069.3146199876899, 1531.4809575724878
3982.8444764614105, 1069.6107833504057, 1531.7110251138565
3983.3251876831055, 1068.5261546882998, 1530.591959631568
3983.8477897644043, 1069.7309388810386, 1532.5440821448724
3984.174911260605, 1069.7309388810386, 1532.5440821448724
3984.8351440429688, 1068.7028591082324, 1531.013537388843
3985.326854467392, 1068.5944577157309, 1531.6862631598563
3985.8484568595886, 1069.0372815911157, 1531.2069456201423
3986.344129562378, 1068.9627501234702, 1531.0670560291087
3986.863737344742, 1067.8097957761443, 1530.7489514539989
3987.326498031616, 1068.602594107197, 1532.413199694754
3987.8530876636505, 1069.199468130609, 1531.568239094854
3988.368706703186, 1066.3171964036153, 1534.4395480581563
3988.9102573394775, 1068.7240295213523, 1532.4936176631065
3989.190507411957, 1068.7240295213523, 1532.4936176631065
3989.6931595802307, 1068.7240295213523, 1532.4936176631065
3990.3324468135834, 1068.0049482166, 1531.5256281244967
3990.6725368499756, 1068.0049482166, 1531.5256281244967
3991.1801767349243, 1068.0049482166, 1531.5256281244967
3991.668867826462, 1068.0049482166, 1531.5256281244967
3992.34206533432, 1068.599047179208, 1529.7914047987924
3992.864666223526, 1067.8407513958896, 1529.5763978170478
3993.3294196128845, 1068.6995923906572, 1530.7869781050836
3993.857006788254, 1068.4867133923096, 1531.1794697553305
3994.1891186237335, 1068.4867133923096, 1531.1794697553305
3994.7097232341766, 1068.4867133923096, 1531.1794697553305
3995.184451341629, 1068.4867133923096, 1531.1794697553305
3995.8396961688995, 3932.2236004890055, 1403.4695745403676
3996.1718068122864, 3932.2236004890055, 1403.4695745403676
3996.977648496628, 2052.5749301488313, 271.1102741931605
3997.611950159073, 2415.9960082633424, -12.071064006014085
3998.3330178260803, 2415.9960082633424, -12.071064006014085
3998.9104726314545, -7.945757399939785, 80.59168272061842
3999.3782198429108, -13.599791521165423, -1809.4458451162948
3999.924755334854, 664.0044697332172, -371.4180506615411
4000.3815314769745, 32.49456174688234, 88.42586564536973
4000.703668832779, 32.49456174688234, 88.42586564536973
4001.8735358715057, 42.83753046000104, 110.95475328345756
4002.3612291812897, 131.4818667792019, 17.814018781605256
4002.897795200348, 141.26659205486143, 843.8186527868912
4003.2169382572174, 141.26659205486143, 843.8186527868912
4003.84126496315, -14.070292591840103, 16.944357506483517
4004.1953172683716, -14.070292591840103, 16.944357506483517
4004.9024238586426, 21.01650768435, -1.592363266754455
4005.3791465759277, 20.375739023146664, 22.80291956811507
4005.9117197990417, 127.8265833180613, -145.45586909757526
4006.197952747345, 127.8265833180613, -145.45586909757526
4006.6966178417206, 127.8265833180613, -145.45586909757526
4007.349867582321, -359.98169634015613, -12.760792774501043
4007.855513572693, 34.14922815125583, 20.320135038136655
4008.182636976242, 34.14922815125583, 20.320135038136655
4008.8767783641815, -103.44744863866315, 113.66018456391842
4009.189939260483, -103.44744863866315, 113.66018456391842
4009.901035308838, 486.7392644398032, 85.89621780795693
4010.1982386112213, 486.7392644398032, 85.89621780795693
4010.68892455101, 486.7392644398032, 85.89621780795693
4011.4030125141144, 13.626082186840899, 46.5173483948398
4011.7221574783325, 13.626082186840899, 46.5173483948398
4012.2148373126984, 13.626082186840899, 46.5173483948398
4012.7224786281586, 13.626082186840899, 46.5173483948398
4013.3936800956726, 442.6752130003578, -1198.7211477119276
4013.7916147708893, 442.6752130003578, -1198.7211477119276
4014.3969926834106, -2076.2342190561235, 53.29963391522567
4014.9156036376953, 47.52659745876443, 43.52445242991604
4015.3993089199066, 655.1143001485964, 8.617231789228821
4015.8989701271057, -29.374066962143896, 30.181797069444436
4016.205150127411, -29.374066962143896, 30.181797069444436
4016.8873221874237, 21.578253461422662, -977.0371157433985
4017.2114555835724, 21.578253461422662, -977.0371157433985
4017.705132484436, 21.578253461422662, -977.0371157433985
4018.3314547538757, -4.831963914579071, 185.6153319177134
4018.8530576229095, 8.614845317619414, 417.83151023424097
4019.3686769008636, 11.720702965244834, 164.69293383808838
4019.7257204055786, 11.720702965244834, 164.69293383808838
4020.3390774726868, 2.8108379921573055, 68.12276800112905
4020.6871449947357, 2.8108379921573055, 68.12276800112905
4021.180823802948, 2.8108379921573055, 68.12276800112905
4021.849033355713, 424.56153058370904, 1404.0817457121022
4022.4105989933014, 526.0157539433798, 202.88200963389897
4023.377938270569, 346.32465115947934, 17.876462065348623
4023.879594564438, 144.79392737874528, 23.648045103762534
4024.360307455063, -326.7716194501207, 406.4979712173932
4024.722338438034, -326.7716194501207, 406.4979712173932
4025.2150208950043, -326.7716194501207, 406.4979712173932
4025.7096927165985, -326.7716194501207, 406.4979712173932
4026.20237326622, -326.7716194501207, 406.4979712173932
4026.698045730591, -326.7716194501207, 406.4979712173932
4027.1997017860413, -326.7716194501207, 406.4979712173932
4027.7053492069244, -326.7716194501207, 406.4979712173932
4028.2010581493378, -326.7716194501207, 406.4979712173932
4028.8612587451935, 93.00157309139944, 1367.2998155390221
4029.350945711136, 19.142112203714806, 41.09083913293892
4029.8954956531525, 87.09140229080617, 20.065747398129492
4030.221613883972, 87.09140229080617, 20.065747398129492
4030.722272872925, 87.09140229080617, 20.065747398129492
4031.204980134964, 87.09140229080617, 20.065747398129492
4031.696755170822, 87.09140229080617, 20.065747398129492
4032.203398704529, 87.09140229080617, 20.065747398129492
4032.8676199913025, 0.11224688144977868, 26.579405023535283
4033.369275331497, 36.92362648400986, 48.28409412606266
4033.890877723694, 130.87483736819556, 541.6442115327558
4034.372588157654, 78.71234517804328, 85.37095368973287
4034.701706647873, 78.71234517804328, 85.37095368973287
4035.187407016754, 78.71234517804328, 85.37095368973287
4035.874566078186, 52.63590393988883, 576.0234952234947
4036.2266216278076, 52.63590393988883, 576.0234952234947
4036.723291158676, 52.63590393988883, 576.0234952234947
4037.236917257309, 52.63590393988883, 576.0234952234947
4037.8742084503174, -641.3479356000718, 13.12580263375477
4038.2083144187927, -641.3479356000718, 13.12580263375477
4038.9543154239655, 977.4620625134664, 14.806224547435635
4039.250523328781, 977.4620625134664, 14.806224547435635
4039.7282428741455, 977.4620625134664, 14.806224547435635
4040.345589876175, 17.938455957129282, -2.287436150010371
4040.8851449489594, 13.013352508485848, -3000.2992772276584
4041.3808171749115, 38.624760106370886, 339.9420160130724
4041.7328746318817, 38.624760106370886, 339.9420160130724
4042.363186120987, 40.57014244275653, 177.58450562858576
4042.848884344101, 29.721874741322157, 24.741981377399302
4043.365502357483, -343.0339538640304, 44.43816072340067
4043.8910937309265, 65.52989603464225, -145.43599272188595
4044.210239648819, 65.52989603464225, -145.43599272188595
4044.7168827056885, 65.52989603464225, -145.43599272188595
4045.3451986312866, 4001.142213322945, 4.390610813549909
4045.860817670822, 3464.2254965693787, 1475.3630688540857
4046.169989347458, 3464.2254965693787, 1475.3630688540857
4046.87210893631, 2896.526497123852, 1477.0435851443242
4047.1683156490326, 2896.526497123852, 1477.0435851443242
4047.8834013938904, 2745.087381750527, 1477.8309123502445
4048.3501529693604, 2689.6368134531454, 1478.272962397867
4048.8867132663727, 2690.665141785836, 1486.5844560224148
4049.3464818000793, 2710.829677534799, 1488.5051090880352
4049.8541214466095, 2715.7325693014236, 1488.6536374791642
4050.331842660904, 2716.5825622404714, 1488.5147638535495
4050.852447748184, 2716.610132245339, 1488.6168666996427
4051.3421375751495, 2718.2715891251382, 1488.9436646278507
4051.8577551841736, 2716.9560146198273, 1488.6734069786673
4052.326500415802, 2716.633369465318, 1488.8928233307688
4052.855084657669, 2717.8795972326316, 1488.1544881720995
4053.342779159546, 2719.3845280240325, 1488.5188192561106
4053.861390352249, 2719.696758269425, 1488.0083083261993
4054.3271424770355, 2718.9910884084243, 1488.6804339342873
4054.8736777305603, 2718.4974145322885, 1488.575397973644
4055.183847427368, 2718.4974145322885, 1488.575397973644
4055.863028526306, 2718.8961415576227, 1488.2311749365804
4056.18416762352, 2718.8961415576227, 1488.2311749365804
4056.6788437366486, 2718.8961415576227, 1488.2311749365804
4057.3201248645782, 2719.0099124997, 1488.2722550175151
4057.83674120903, 2719.012737095928, 1488.804944804015
4058.3743028640747, 2718.8992982101086, 1488.2655662527725
4058.8719685077667, 2718.794907125473, 1488.493857917762
4059.355672597885, 2718.857712905939, 1488.4029990551294
4059.8633167743683, 2719.031192210954, 1488.185802680833
4060.388905286789, 2718.3596204179216, 1488.3636324088827
4060.691097021103, 2718.3596204179216, 1488.3636324088827
4061.1777925491333, 2718.3596204179216, 1488.3636324088827
4061.8759236335754, 2718.4291962698458, 1488.2311343567558
4062.2060396671295, 2718.4291962698458, 1488.2311343567558
4062.8961906433105, 2718.272748300657, 1488.6274051683367
4063.389867782593, 2719.3988133662965, 1487.9301581244536
4063.918452978134, 2718.7469544216538, 1487.8005540788008
4064.390188932419, 2719.0918792384787, 1487.8775901650413
4064.6913833618164, 2719.0918792384787, 1487.8775901650413
4065.3266818523407, 2718.39394049476, 1488.3640565355954
4065.673751115799, 2718.39394049476, 1488.3640565355954
4066.165433883667, 2718.39394049476, 1488.3640565355954
4066.667089700699, 2718.39394049476, 1488.3640565355954
4067.171740293503, 2718.39394049476, 1488.3640565355954
4067.6714010238647, 2718.39394049476, 1488.3640565355954
4068.175052165985, 2718.39394049476, 1488.3640565355954
4068.834286212921, 2718.368174426878, 1487.562553947347
4069.16739487648, 2718.368174426878, 1487.562553947347
4069.6840105056763, 2718.368174426878, 1487.562553947347
4070.164722442627, 2718.368174426878, 1487.562553947347
4070.831936120987, 2718.298392962282, 1487.757182206024
4071.3306000232697, 2718.2539833791875, 1488.166255924418
4071.6966195106506, 2718.2539833791875, 1488.166255924418
4072.17932677269, 2718.2539833791875, 1488.166255924418
4072.8345737457275, 2717.703009270292, 1488.6113332241505
4073.3641533851624, 2717.870710162165, 1488.206084571329
4073.8638162612915, 2717.918014164682, 1488.0646304673028
4074.1759781837463, 2717.918014164682, 1488.0646304673028
4074.8501727581024, 2717.988088261902, 1488.3782564665719
4075.3687841892242, 2717.628959276685, 1488.2836661810386
4075.6849372386932, 2717.628959276685, 1488.2836661810386
4076.379078388214, 2717.8066326285552, 1487.8713692523381
4076.839844226837, 2717.765451279583, 1488.6990501541623
4077.3235478401184, 2717.0145056973815, 1487.9922556284287
4077.688570022583, 2717.0145056973815, 1487.9922556284287
4078.308910369873, 2717.231271699204, 1488.241488528967
4078.832507133484, 2718.495935916245, 1487.7776471950579
4079.1745913028717, 2718.495935916245, 1487.7776471950579
4079.851777076721, 2717.4360078274285, 1488.7821529296268
4080.3604140281677, 2717.169553512449, 1488.133880621448
4080.886006832123, 2717.0971999188923, 1488.7047151683655
4081.172239780426, 2717.0971999188923, 1488.7047151683655
4081.853416442871, 2716.902880559105, 1487.878344590627
4082.167575597763, 2716.902880559105, 1487.878344590627
4082.6841912269592, 2716.902880559105, 1487.878344590627
4083.3324570655823, 2716.9843545095605, 1487.9414227449633
4083.680521965027, 2716.9843545095605, 1487.9414227449633
4084.32479596138, 2717.8608228297308, 1487.9166805199482
4084.8344304561615, 2718.130029595485, 1487.7278125574055
4085.3420712947845, 2717.8150448003944, 1488.1062906082836
4085.6801674365997, 2717.8150448003944, 1488.1062906082836
4086.3334188461304, 2716.860226017111, 1489.181851449169
4086.678492307663, 2716.860226017111, 1489.181851449169
4087.1821501255035, 2716.860226017111, 1489.181851449169
4087.682809114456, 2716.860226017111, 1489.181851449169
4088.173496723175, 2716.860226017111, 1489.181851449169
4088.6811351776123, 2716.860226017111, 1489.181851449169
4089.387243747711, 2717.6643569363177, 1488.027397962703
4089.869951248169, 2717.9344463753387, 1487.4503747292865
4090.361634016037, 71.76408306964834, 22.03030320114977
4090.7057123184204, 71.76408306964834, 22.03030320114977
4091.185427904129, 71.76408306964834, 22.03030320114977
4091.8626141548157, 486.46347887758424, 128.22207338376631
4092.3483140468597, 170.394694674345, 89.11017901873538
4092.9008333683014, 262.67890238001246, -41.62284392770569
4093.9570038318634, 4002.173586305062, 207.35731342363871
4094.3848581314087, 3628.917686696672, 916.4420557298175
4094.88551735878, 3631.8841200386746, 434.0229596878517
4097.884485244751, 3032.5454964450287, 200.42286546246862
4098.38018321991, 56.43019837315304, 52.960896667302585
4098.877825260162, 217.69530928686797, 2882.266271280456
4099.202982902527, 217.69530928686797, 2882.266271280456
4099.702616453171, 217.69530928686797, 2882.266271280456
4100.189311265945, 217.69530928686797, 2882.266271280456
4100.834585428238, 3967.4605613035797, 1387.9613766971363
4101.865821123123, 3990.927795270184, 1416.842676343151
4102.3445410728455, 3917.5154147758662, 1443.8442182956817
4102.693604707718, 3917.5154147758662, 1443.8442182956817
4103.182295084, 3917.5154147758662, 1443.8442182956817
4104.354159116745, 3993.2825506661043, 1444.8866644390605
4104.860800743103, 3937.963305827647, 1492.0206085222433
4106.835510015488, 3445.950119442659, 1437.173372259684
4107.177594661713, 3445.950119442659, 1437.173372259684
4107.836829423904, 1368.2239789643343, 1446.1859528931338
4108.325520277023, 1265.3933943267841, 1446.9171050081557
4108.703507900238, 1265.3933943267841, 1446.9171050081557
4109.324843406677, 3336.922041262434, 1440.3001936590592
4109.83447933197, 3091.444525163842, 1441.1610786757046
4110.3371324539185, 2484.348371569079, 1443.9895594844265
4110.849758863449, 2584.497565669493, 1447.0212280076184
4111.3295109272, 2412.6163954030217, 1446.852755249911
4111.848122119904, 2310.787498689548, 1448.8582272520403
4112.337810993195, 1542.1814667373562, 1450.0450044058891
4112.850437641144, 1687.3409349535043, 1449.4909863046814
4113.331150054932, 947.4962559834956, 1462.2802761502073
4113.956512928009, 3381.592851172197, 735.3222552895215
4114.272667884827, 3381.592851172197, 735.3222552895215
4114.908961057663, 6.932529693822474, 739.712628778024
4115.378703594208, 72.4038302939511, 1312.6703270025366
4115.866399049759, 148.84128880648788, 1306.7157087762093
4116.180557250977, 148.84128880648788, 1306.7157087762093
4116.694194078445, 148.84128880648788, 1306.7157087762093
4117.403293609619, 3591.9392771285684, 39737.946519152865
4117.699501037598, 3591.9392771285684, 39737.946519152865
4118.374691963196, 3664.774673297379, -11.421793489945332
4118.896363258362, 3485.877959631007, 220.99467122174636
4119.383989810944, 3476.4278035561906, 355.1387488727067
4119.719092130661, 3476.4278035561906, 355.1387488727067
4120.404256343842, 2956.201113378418, 368.7935574879063
4120.919875860214, 3162.3510887122065, 774.5337007503693
4121.495334148407, 3573.5240213655934, 1156.1839581499034
4121.977043628693, 3184.729445035654, 422.19062511579637
4122.285217046738, 3184.729445035654, 422.19062511579637
4122.795852422714, 3184.729445035654, 422.19062511579637
4123.43314409256, 226.97860088344748, 982.1864180002312
4123.912859201431, 60914.14578240365, 172.5392548880348
4124.387588500977, 624.4842714723491, 455.51366532298425
4125.468692302704, 507.26148752010886, 4256.246538385294
4126.022208929062, 676.0539529191278, 890.3133882762259
4126.425130844116, 318.4600547340786, 766.8759761321649
4126.737293958664, 318.4600547340786, 766.8759761321649
4127.2539138793945, 318.4600547340786, 766.8759761321649
4127.781498432159, 318.4600547340786, 766.8759761321649
4128.428762435913, 284.83438504394394, 826.6097691467314
4128.9383997917175, 345.1744486195598, 966.5300215249416
4129.245575428009, 345.1744486195598, 966.5300215249416
4130.017509222031, 394.3956402222279, 842.3977863766164
4130.405468463898, 453.18110051760004, 858.3082137339446
4130.923081874847, 397.4050459482899, 823.4625944132914
4131.435710906982, 121.55609213641353, 856.0427751256447
4131.94634270668, 73.71954032636906, 799.1198567066709
4132.4041159152985, 30.148588208822783, 61581.23257717029
4132.761159181595, 30.148588208822783, 61581.23257717029
4133.365541219711, 437.9451466748973, 742.9685496480372
4133.902105331421, 84.64267913405767, 600.2435100854143
4134.237205028534, 84.64267913405767, 600.2435100854143
4134.727892160416, 84.64267913405767, 600.2435100854143
4135.440982341766, 291.29038957317545, 182063.32628790018
4135.766110658646, 291.29038957317545, 182063.32628790018
4136.255798578262, 291.29038957317545, 182063.32628790018
4136.761444807053, 291.29038957317545, 182063.32628790018
4137.946270465851, 240.3809158007277, 770.9155371032052
4138.392076730728, 236.11741895708082, 1317.3488835621506
4138.953572511673, 83.32248094513888, 847.1204932942999
4139.44725227356, 43.86515712951274, 865.3747490824092
4139.94491815567, 397.3684884302797, 655.1876205411943
4140.429619550705, 33.2555011189387, 804.8640114875402
4140.733805894852, 33.2555011189387, 804.8640114875402
4141.214516878128, 33.2555011189387, 804.8640114875402
4141.882728099823, 306.380096222182, 601.1707347216748
4142.360447883606, 156.8627235343297, 967.8543583232605
4142.904989480972, 256.72231090612496, 591.4712581728188
4143.369743347168, 677.9655773254617, 1230.5774108679814
4143.740749835968, 677.9655773254617, 1230.5774108679814
4144.218472003937, 677.9655773254617, 1230.5774108679814
4144.7241179943085, 677.9655773254617, 1230.5774108679814
4145.40133523941, 218.59032290605074, 809.1802175749212
4145.908975839615, 43.511449347605, 37.49989097413058
4148.002429485321, 601.534507650439, 542.5355705768864
4148.291654586792, 601.534507650439, 542.5355705768864
4148.785332202911, 601.534507650439, 542.5355705768864
4149.284995555878, 601.534507650439, 542.5355705768864
4149.9232840538025, 284.48358664935284, 747.6064005119862
4150.386043787003, 245.81217060327032, 813.0485075639067
4151.385367393494, 398.6465710353495, 551.2366603418136
4151.9987251758575, 174.5151918220016, 340.49311522615255
4152.426579236984, 302.96810799490277, 140732.14275674938
4152.917264223099, 270.593595653638, 877.1134658879022
4153.386009216309, 357.38473354320706, 798.6134471688205
4153.891654253006, 188.22560380378107, -344.80232171422335
4154.381343364716, 178.69383092655374, 593.2101908201461
4154.73938369751, 178.69383092655374, 593.2101908201461
4155.401610374451, 293.38431327487365, 57.71937538742998
4155.739704370499, 293.38431327487365, 57.71937538742998
4156.222411870956, 293.38431327487365, 57.71937538742998
4156.970408201218, 304.6004482062086, 991.7306205205284
4157.451120138168, 748.7306936170736, 1027.8206588799908
4157.793203830719, 748.7306936170736, 1027.8206588799908
4158.266935586929, 748.7306936170736, 1027.8206588799908
4158.92517209053, 3709.8212156321647, 755.6089432016215
4159.364994287491, 3571.19597251685, 757.5879253389638
4159.735003709793, 3571.19597251685, 757.5879253389638
4160.2067403793335, 3571.19597251685, 757.5879253389638
4160.718370676041, 3571.19597251685, 757.5879253389638
4161.207061290741, 3571.19597251685, 757.5879253389638
4161.7097136974335, 3571.19597251685, 757.5879253389638
4162.214362859726, 3571.19597251685, 757.5879253389638
4162.9095005989075, 3285.6886848529793, 1297.8731860824419
4163.472991228104, 2448.364214788388, 349.272046607109
4164.440399646759, 1925.7515047238514, 710.6551436645
4164.968984127045, 883.7224890566505, -957.699728114836
4165.270177364349, 883.7224890566505, -957.699728114836
4165.796767711639, 883.7224890566505, -957.699728114836
4166.411122560501, 3255.811436747291, 330.34481731753453
4166.987576961517, 2016.1912249269, 664.7942037832205
4167.345618009567, 48.452907059605906, 1395.0798237512938
4167.692688703537, 48.452907059605906, 1395.0798237512938
4168.172403812408, 48.452907059605906, 1395.0798237512938
4168.6860275268555, 48.452907059605906, 1395.0798237512938
4169.327310085297, 3450.726025165235, 1443.2922943489625
4169.829963684082, 3559.6648120867585, 1405.1908462794286
4170.320650577545, 3963.373114267112, 1440.9431724865835
4170.68966126442, 3963.373114267112, 1440.9431724865835
4171.350890636444, 4516.30984891332, 1420.426414935853
4171.837586402893, 3949.0957995068184, 1436.0453873169959
4172.393099308014, 4703.598197510772, 1424.9596609314867
4172.88877081871, 3979.0, 1434.3442677341604
4173.408383846283, 3837.438750393578, 1355.4639735363885
4173.699599504471, 3837.438750393578, 1355.4639735363885
4174.180312156677, 3837.438750393578, 1355.4639735363885
4174.891406774521, 1912.1930197205427, 77.3505072987405
4175.416002035141, 1886.9942123642859, 321.10730163673367
4175.746118545532, 1886.9942123642859, 321.10730163673367
4176.235805749893, 1886.9942123642859, 321.10730163673367
4176.738459587097, 1886.9942123642859, 321.10730163673367
4181.364070892334, 3424.3250833921556, 1444.3521867204745
4181.88068652153, 3864.2955200717834, 1440.5320894846268
4182.173901796341, 3864.2955200717834, 1440.5320894846268
4182.684533596039, 3864.2955200717834, 1440.5320894846268
4183.17621588707, 3864.2955200717834, 1440.5320894846268
4183.823482513428, 2278.146706920052, 1448.1120146840556
4184.177534818649, 2278.146706920052, 1448.1120146840556
4184.836768388748, 2877.039073414358, 1446.4286714682517
4185.348398208618, 3895.957786810585, 1442.7970989126743
4185.705441951752, 3895.957786810585, 1442.7970989126743
4186.176180839539, 3895.957786810585, 1442.7970989126743
4187.840722322464, 3412.4877935503578, 1442.5888591232851
4188.3603303432465, 3370.7819845729455, 1444.4066816310988
4188.854009151459, 3374.4526545890117, 1444.0886031935504
4189.380598068237, 3374.4782894579944, 1443.921199974858
4189.883250951767, 3406.378428692013, 1446.6088839194524
4190.339030981064, 3407.159099645282, 1446.2647046180448
4190.861631155014, 3407.5330754558904, 1445.759478890692
4191.3443393707275, 3406.9283384331384, 1445.7553596396647
4191.692407608032, 3406.9283384331384, 1445.7553596396647
4192.3586213588715, 3407.1029190799004, 1445.269428997882
4192.886207818985, 3407.408336080024, 1445.758387116475
4193.357944250107, 3407.8170762514524, 1445.8548038151832
4193.69504237175, 3407.8170762514524, 1445.8548038151832
4194.3652465343475, 3407.737540646348, 1445.5248350844283
4194.932726860046, 3408.19503981416, 1445.753277456871
4195.220954418182, 3408.19503981416, 1445.753277456871
4195.943020820618, 3407.932116755717, 1445.4872726077451
4196.4087727069855, 3407.9210244344004, 1445.5576680073555
4196.7029848098755, 3407.9210244344004, 1445.5576680073555
4197.164747714996, 3407.9210244344004, 1445.5576680073555
4197.834952831268, 3408.674037479868, 1444.998331785968
4198.387472867966, 3408.0594997251965, 1444.9859916638761
4198.874169111252, 3408.291730070428, 1445.437606013716
4199.197304487228, 3408.291730070428, 1445.437606013716
4199.845568180084, 3408.499949596315, 1445.1608822393878
4200.352212667465, 3408.233414956755, 1445.107513894358
4200.83890748024, 3408.3068078722063, 1445.477465226145
4201.172014474869, 3408.3068078722063, 1445.477465226145
4201.827259778976, 3408.712646298753, 1445.128280285581
4202.32492685318, 3408.6743579707745, 1445.2106258892131
4202.83655667305, 3408.3550835004844, 1445.4160845733836
4203.340208053589, 3408.8679136018304, 1445.2267073288003
4203.857820749283, 3409.0954789230586, 1445.7647893519177
4204.1699850559235, 3409.0954789230586, 1445.7647893519177
4204.821240901947, 3409.333357479122, 1444.5734360385384
4205.164321184158, 3409.333357479122, 1444.5734360385384
4205.681934833527, 3409.333357479122, 1444.5734360385384
4206.337179660797, 3409.253789337738, 1445.0888111471245
4206.684250116348, 3409.253789337738, 1445.0888111471245
4207.310572147369, 3409.013939075599, 1445.5020419369312
4207.671605587006, 3409.013939075599, 1445.5020419369312
4208.335825920105, 3408.7573412976312, 1445.4439875787348
4208.85344004631, 3408.971930916707, 1444.5399416461207
4209.35110783577, 3408.8509444333245, 1444.937173554253
4209.673244476318, 3408.8509444333245, 1444.937173554253
4210.179887533188, 3408.8509444333245, 1444.937173554253
4210.674563407898, 3408.8509444333245, 1444.937173554253
4211.159292936325, 3408.8509444333245, 1444.937173554253
4211.821491241455, 3408.6646283505734, 1445.2588657106535
4212.3381061553955, 3408.7861135243625, 1445.3343579220311
4212.851730585098, 3409.080440876126, 1444.958426420792
4213.332443237305, 3409.228104217268, 1444.8800222799548
4213.840083360672, 3409.1050244974767, 1445.337029175568
4214.172193527222, 3409.1050244974767, 1445.337029175568
4214.86932682991, 3409.5804563401134, 1445.436074977199
4215.39292550087, 3409.4029907688387, 1445.4065685224555
4215.884608030319, 3408.505755356015, 1444.2746486803571
4216.344375610352, 3410.720108387358, 1443.4808956979414
4216.6874563694, 3410.720108387358, 1443.4808956979414
4217.182131290436, 3410.720108387358, 1443.4808956979414
4217.821419239044, 3266.739202736108, 1443.0151749399135
4218.322077989578, 3227.601801808695, 1443.3544148226233
4218.675132751465, 3227.601801808695, 1443.3544148226233
4219.320404052734, 3446.1533721752357, 1421.767769236095
4219.668471813202, 3446.1533721752357, 1421.767769236095
4220.333690404892, 4012.5948593653443, 1441.1069412182358
4220.847314834595, 4145.252043277373, 1444.581286575065
4221.1744384765625, 4145.252043277373, 1444.581286575065
4221.875560045242, 3980.7621395555407, 1360.2774687636697
4222.393173933029, 2889.1390243259752, 150.55298224725905
4222.752212762833, 2889.1390243259752, 150.55298224725905
4223.233922481537, 2889.1390243259752, 150.55298224725905
4223.946014642715, 732.5049619007655, 307.2607245420631
4224.38184762001, 1165.1939711403256, 236.42427335273982
4224.931375741959, 3755.211728930461, 57.9195967792103
4225.459959745407, 2523.617302358988, 726.4787894067231
4225.877840518951, 2459.218821852931, 276.4359184746768
4226.387475013733, 1931.5952022365907, 699.2195667413719
4226.943985700607, 2009.8702353380907, 24.574106555473488
4227.407742023468, 1030.3769816887648, 351.13002648514873
4227.990182161331, 1868.8663694902843, 2529.1299430728372
4228.968562841415, 1619.9678724298685, 558.3853896930345
4229.41735959053, 1111.8294436489603, 131.34305549615718
4229.766424894333, 1111.8294436489603, 131.34305549615718
4230.419674873352, 1947.8146733616745, 630.9999738418352
4231.927636146545, 3326.3856718027346, 276.45563063068846
4232.2378051280975, 3326.3856718027346, 276.45563063068846
4232.924964666367, 3632.53722977154, 296.6612046960951
4233.367779016495, 135.41786855957153, 1309.6873600373071
4233.876415967941, 21.499999945542342, 49.97761975893543
4234.366104125977, 155.63951707907796, 157.8105981423544
4234.872747421265, 264.02510694323513, 1299.4550056896855
4235.342489004135, 166.63335410609292, 1348.2468495749308
4235.866086959839, 175.3200038767493, 99.17607480382166
4236.222133159637, 175.3200038767493, 99.17607480382166
4236.865410089493, 88.1456896850559, 511.8911934919425
4237.190538883209, 88.1456896850559, 511.8911934919425
4237.848776817322, 110.68397618154478, 1316.52449902995
4238.187868595123, 110.68397618154478, 1316.52449902995
4238.698500394821, 110.68397618154478, 1316.52449902995
4239.349756002426, 180.87761999031466, 294.7615518973416
4239.716773509979, 180.87761999031466, 294.7615518973416
4240.405926704407, 1361.6714931190893, 1260.4201208891018
4240.723078727722, 1361.6714931190893, 1260.4201208891018
4241.212766647339, 1361.6714931190893, 1260.4201208891018
4241.848065137863, 415.52361548426035, 1485.3598268507858
4242.381636381149, 320.2108750794596, 1234.6845984422246
4242.894262313843, 278.6566578123124, 1304.7360948321736
4243.4088842868805, 277.8702171394314, 1295.8487660296619
4243.881617307663, 37.33148778665304, 1289.891981697365
4244.419177055359, 369.542810580089, 427.8064583892494
4244.863986968994, 2960.920946003606, 506.77065619794644
4245.194101810455, 2960.920946003606, 506.77065619794644
4245.910183906555, 1963.710505978259, 175.1971906254993
4246.393887996674, 1833.2428644103848, 341.0754994949131
4246.7309856414795, 1833.2428644103848, 341.0754994949131
4247.224662780762, 1833.2428644103848, 341.0754994949131
4247.726319551468, 1833.2428644103848, 341.0754994949131
4248.238946914673, 1833.2428644103848, 341.0754994949131
4248.730629682541, 1833.2428644103848, 341.0754994949131
4249.325036525726, 189.4637868805861, 1435.1335512388453
4249.937396764755, 1039.131624880129, 417.207232792758
4250.285465478897, 1039.131624880129, 417.207232792758
4250.9476907253265, 1217.0189314388554, 117.42517980965407
4251.4473531246185, 3076.1813574954444, 204.37862357586044
4251.973942756653, 2572.490245404019, 333.0661711872217
4252.433710575104, 3388.0621043753667, 205.2836137374918
4252.917414665222, 3212.621705293264, 367.16763506271974
4253.4100959300995, 3506.2015484952344, 250.06855590711316
4253.941671848297, 3701.4578107538446, 566.5992922225355
4254.255830526352, 3701.4578107538446, 566.5992922225355
4254.757485866547, 3701.4578107538446, 566.5992922225355
4255.416721582413, -134381.9477416678, 252.26077038025096
4255.9293484687805, 3641.3309204797015, 434.94317702002934
4256.237522602081, 3641.3309204797015, 434.94317702002934
4256.943630933762, 3152.943602658221, 811.0902106063933
4257.446284294128, 2889.1526962504277, 172.60880779224973
4257.752465724945, 2889.1526962504277, 172.60880779224973
4258.479516983032, 2728.9518770849504, 343.1046218358534
4258.749793291092, 2728.9518770849504, 343.1046218358534
4259.422989845276, 3505.726874367336, 336.07930234562457
4259.948581933975, 3814.8335693867243, 128.9206630274676
4260.4572196006775, -53313.34581992563, 715.0539674317552
4260.954888820648, 3380.6959315246445, 223.08608937865006
4261.356810331345, -2.1425044281592887, 264.20796582995933
4261.729812860489, -2.1425044281592887, 264.20796582995933
4262.424953460693, 154.07170645751737, 1386.202644428654
4262.694227695465, 154.07170645751737, 1386.202644428654
4263.395350694656, 18.96663410361595, 1398.7957975357572
4263.693551301956, 18.96663410361595, 1398.7957975357572
4264.177255392075, 18.96663410361595, 1398.7957975357572
4264.828511714935, 81.14029587326017, 1393.3142196340484
4265.192536115646, 81.14029587326017, 1393.3142196340484
4265.9265694618225, 3232.312707594983, 20.018756201622075
4266.255688905716, 3232.312707594983, 20.018756201622075
4266.930880308151, 3196.1107105014803, 266.1968912272884
4267.246036291122, 3196.1107105014803, 266.1968912272884
4267.766642093658, 3196.1107105014803, 266.1968912272884
4268.251343250275, 3196.1107105014803, 266.1968912272884
4268.788903951645, 3196.1107105014803, 266.1968912272884
4269.477060556412, 1979.2695763661354, -742.9576490034763
4269.964755058289, 3304.8144077584216, 86.75629008448122
4270.429509401321, 3203.8365486887737, 106.23199514287407
4270.776579141617, 3203.8365486887737, 106.23199514287407
4271.391930818558, 3127.2939356538227, 97.55928604048707
4271.928493976593, 2028.5949059258937, 48.662818898264355
4272.3643271923065, 203.9828463897576, 39.69581070096759
4272.858004808426, 47.930117144238494, 1383.5081544635652
4273.340712308884, 37.09081831796122, 1392.8024000266357
4273.685787439346, 37.09081831796122, 1392.8024000266357
4274.165502071381, 37.09081831796122, 1392.8024000266357
4274.67214512825, 37.09081831796122, 1392.8024000266357
4275.17878818512, 37.09081831796122, 1392.8024000266357
4275.853980064392, 6.824308737142961, 89.25965670351628
4276.374585390091, 7.171244144193327, 1444.2274852493172
4276.708691835403, 7.171244144193327, 1444.2274852493172
4277.370916366577, 3.776880233347868, 1443.8662439066532
4277.67809343338, 3.776880233347868, 1443.8662439066532
4278.16877913475, 3.776880233347868, 1443.8662439066532
4278.851949930191, -0.9329416455891152, 135.37107682563237
4279.343633174896, -6.587874803783144, 75.0033860760079
4279.870248556137, 9.23961208872742, 678.5971404937394
4280.377889156342, -149.78318455267086, 141.59147696030362
4280.871566534042, -7.0330038406466935, 105.62030061455621
4281.192706346512, -7.0330038406466935, 105.62030061455621
4281.843962907791, -48.47063110521994, 1445.271908920139
4282.333650588989, -103.61603497980862, 1446.2947403452624
4282.854256629944, -62.02731085637882, 18.399532856456425
4284.862876415253, -1.8388228494933154, 1446.657161350774
4285.189002275467, -1.8388228494933154, 1446.657161350774
4285.8761620521545, 0.7726316797528741, 114.59576561788057
4286.354879617691, 3249.6077863353694, 164.46541430942398
4286.876482725143, 3385.2977896403418, -239.36916716509228
4287.33824634552, -59.403678635914, 176.91701387423726
4287.704265356064, -59.403678635914, 176.91701387423726
4288.187969923019, -59.403678635914, 176.91701387423726
4288.698602437973, -59.403678635914, 176.91701387423726
4289.39573597908, -14.01521498559753, 392.0191352329027
4289.709893465042, -14.01521498559753, 392.0191352329027
4290.849839687347, -381.4967177436046, 7.160112049455559
4291.349501848221, -1055.958378697058, 1446.6461924399744
4291.872101783752, -80.33762890977737, 133.4707284672178
4292.184266090393, -80.33762890977737, 133.4707284672178
4292.697890281677, -80.33762890977737, 133.4707284672178
4293.439902544022, 2397.7706410453525, 422.9505112170367
4293.776002645493, 2397.7706410453525, 422.9505112170367
4294.306580781937, 257.2849504474515, 1443.3078033214724
4294.853150367737, 772.2906647648547, 1434.5149354891478
4295.325882673264, 793.8029053915986, 1438.8864782339163
4295.839508056641, 828.4490081095736, 1439.9410115672033
4296.320219755173, 881.8854289866771, 1439.1351355276179
4296.861822843552, 909.08153733293, 1438.9786511094937
4297.325580596924, 1095.0554990109028, 1438.0703156848324
4297.68162727356, 1095.0554990109028, 1438.0703156848324
4298.168323516846, 1095.0554990109028, 1438.0703156848324
4298.660008192062, 1095.0554990109028, 1438.0703156848324
4299.338189840317, 1439.4699147783713, 1437.1598685013296
4299.847838878632, 1456.095688225703, 1439.1862398667438
4300.3265426158905, 1456.0894569218776, 1438.8039703734562
4300.854192495346, 1455.3858291638414, 1438.4807312549906
4301.370808839798, 1455.7382799097336, 1440.1091693498229
4301.90238404274, 1456.0772381759807, 1439.7589748749317
4302.179641485214, 1456.0772381759807, 1439.7589748749317
4302.843864440918, 1455.7089248319608, 1439.5524167152348
4303.321597099304, 1456.147662241235, 1439.8027532988656
4303.8491723537445, 1455.3816096242135, 1439.7442511323613
4304.3278868198395, 1456.000782327035, 1439.6342907927071
4304.846499443054, 1455.6364229280464, 1438.9993032852299
4305.334191799164, 1455.46965892316, 1439.2379182718978
4305.853800535202, 1456.0003902930848, 1438.5576896534562
4306.32154750824, 1456.429712610567, 1438.5277419016525
4306.845146179199, 1455.4584695356107, 1439.0518755969995
4307.171270847321, 1455.4584695356107, 1439.0518755969995
4307.680907011032, 1455.4584695356107, 1439.0518755969995
4308.15763092041, 1455.4584695356107, 1439.0518755969995
4308.691200494766, 1455.4584695356107, 1439.0518755969995
4309.385341882706, 1455.590135292454, 1438.9124440793532
4309.704486846924, 1455.590135292454, 1438.9124440793532
4310.399624586105, 1455.6645109681251, 1438.85218012521
4311.044896364212, 1456.0277657508293, 1438.4503151529552
4311.889633178711, 1455.5857571076983, 1439.1795803232376
4312.343417406082, 1455.5076637648453, 1439.1775006591859
4312.880978107452, 1455.2230174296458, 1439.44773774314
4313.179179906845, 1455.2230174296458, 1439.44773774314
4313.941138505936, 1455.8920097710936, 1439.436976279926
4314.361013412476, 1455.8004565903175, 1438.9294085477002
4314.863668203354, 1456.005662418508, 1438.981125972282
4315.173837661743, 1456.005662418508, 1438.981125972282
4315.679482936859, 1456.005662418508, 1438.981125972282
4316.3347272872925, 1455.9140103682485, 1440.063214298392
4316.8573298454285, 1455.5809335933548, 1440.0790708677853
4317.323079586029, 1455.3712499191124, 1439.9020658777379
4317.872607469559, 1455.55869275457, 1439.307769333834
4318.172804355621, 1455.55869275457, 1439.307769333834
4318.68842458725, 1455.55869275457, 1439.307769333834
4319.353641033173, 1455.7105478949366, 1440.016193875777
4319.689740419388, 1455.7105478949366, 1440.016193875777
4320.362940073013, 2531.9281701857235, 43.393033972771676
4320.963331222534, 1192.8501008105206, 2664.78564940548
4321.433071136475, 2527.6955529104966, 1464.1860651601328
4321.903810501099, 2624.1330775286783, 1479.3873904401196
4322.903133630753, 23697.581773841834, 2423.5165723650766
4323.220284938812, 23697.581773841834, 2423.5165723650766
4323.796741962433, 23697.581773841834, 2423.5165723650766
4324.254513978958, 23697.581773841834, 2423.5165723650766
4324.736224889755, 23697.581773841834, 2423.5165723650766
4325.411415576935, 2108.7294693697113, 756.6652418637078
4325.929029464722, 2061.322546468222, 1603.7844515907593
4326.229226350784, 2061.322546468222, 1603.7844515907593
4326.734871387482, 2061.322546468222, 1603.7844515907593
4327.486856460571, 2334.2480946297446, 1547.1684194802224
4327.9027581214905, 2024.5355733647984, 1053.8634167076543
4328.387443780899, 2076.158220994141, 2084.9611566232716
4328.910044431686, 1988.8251119622237, 1633.3179240702411
4329.22719502449, 1988.8251119622237, 1633.3179240702411
4329.724861621857, 1988.8251119622237, 1633.3179240702411
4330.227516174316, 1988.8251119622237, 1633.3179240702411
4330.901709794998, 2012.653826210912, 1702.7355977567695
4331.376439571381, 2143.846317926296, 1472.7758136300904
4331.715530157089, 2143.846317926296, 1472.7758136300904
4332.442582368851, 2067.695060053798, 2788.115928909834
4332.766713857651, 2067.695060053798, 2788.115928909834
4333.413981437683, 2073.3793787997565, 1498.4424866274162
4333.91065120697, -1866.746189351152, 2435.164037137139
4334.226803302765, -1866.746189351152, 2435.164037137139
4334.741424322128, -1866.746189351152, 2435.164037137139
4335.363758325577, 2025.4568821465043, 2164.4119606762038
4337.886002063751, 2055.9638063613274, 2801.344371440848
4338.236066579819, 2055.9638063613274, 2801.344371440848
4338.8883175849915, 2288.9327302102474, 2719.516948238364
4339.2154421806335, 2288.9327302102474, 2719.516948238364
4339.734052181244, 2288.9327302102474, 2719.516948238364
4340.210775136948, 2288.9327302102474, 2719.516948238364
4340.846074342728, 969.5321105458329, 2780.7736453825005
4341.198132514954, 969.5321105458329, 2780.7736453825005
4341.721731185913, 969.5321105458329, 2780.7736453825005
4342.209422588348, 969.5321105458329, 2780.7736453825005
4342.707088470459, 969.5321105458329, 2780.7736453825005
4343.376296520233, 2007.9576635888457, 1355.2356423729243
4343.8988971710205, 1945.4313967129356, 1901.560903189597
4344.209065914154, 1945.4313967129356, 1901.560903189597
4344.707730293274, 1945.4313967129356, 1901.560903189597
4345.207391738892, 1945.4313967129356, 1901.560903189597
4345.710045099258, 1945.4313967129356, 1901.560903189597
4346.212700128555, 1945.4313967129356, 1901.560903189597
4346.919805288315, 1604.2871470973114, 2239.668637802259
4347.234961032867, 1604.2871470973114, 2239.668637802259
4347.887213945389, 2348.129261344022, 2018.924824506835
4348.215336322784, 2348.129261344022, 2018.924824506835
4348.9064848423, 2443.3392237351914, 2823.5465546191463
4349.3921854496, 1446.0256645627667, 1919.7964859025196
4349.7282836437225, 1446.0256645627667, 1919.7964859025196
4350.435388803482, 2143.051565599016, 1184.2432499530635
4350.742566347122, 2143.051565599016, 1184.2432499530635
4351.230299711227, 2143.051565599016, 1184.2432499530635
4351.732952833176, 2143.051565599016, 1184.2432499530635
4352.420111179352, 1277.843341350766, 2534.938004393828
4352.76419043541, 1277.843341350766, 2534.938004393828
4353.370566129684, 2011.4050009432785, 1767.1461850067487
4353.90613079071, 2049.0231886052716, 1549.3624173703304
4354.244225740433, 2049.0231886052716, 1549.3624173703304
4354.754860162735, 2049.0231886052716, 1549.3624173703304
4355.918740272522, 68579.49751469112, 996.9257697065729
4356.3745200634, 2060.017671649348, 1887.1184279361091
4356.717600345612, 2060.017671649348, 1887.1184279361091
4357.198312997818, 2060.017671649348, 1887.1184279361091
4357.711936950684, 2060.017671649348, 1887.1184279361091
4358.202622652054, 2060.017671649348, 1887.1184279361091
4358.691341876984, 2060.017671649348, 1887.1184279361091
4359.377476215363, 128.72764977459394, 1392.9004505511134
4359.9000771045685, 2414.1612307889523, 925.0515963910535
4360.382784605026, 1823.0840483213253, 39.44740044519227
4360.908376216888, 2113.300056134761, 1563.7224337813575
4361.209598064423, 2113.300056134761, 1563.7224337813575
4361.717209339142, 2113.300056134761, 1563.7224337813575
4362.377440929413, 2913.759960956764, 3039.6418542371675
4362.721518754959, 2913.759960956764, 3039.6418542371675
4363.37576675415, 1839.117728277258, 1544.1628533500345
4363.916320323944, 2090.26959282257, 1147.7046593516873
4364.408001899719, 2287.460452564113, 186.6914468441211
4364.900681734085, 1927.0602267152804, 1474.0605611818746
4366.378723859787, 2102.2174693723805, 3057.3343079928063
4366.904316186905, 2099.3545185370426, 1973.148114658917
4367.241413354874, 2099.3545185370426, 1973.148114658917
4367.737084388733, 2099.3545185370426, 1973.148114658917
4368.36739730835, 3411.3399577049845, 2368.7373891325255
4368.902962207794, 2091.7251713147252, 883.1533948759611
4369.242053747177, 2091.7251713147252, 883.1533948759611
4369.897300004959, 2341.4902229943064, 1504.0090557812198
4370.40593624115, 1946.778380042706, 1503.6017320485773
4370.743033409119, 1946.778380042706, 1503.6017320485773
4371.379329204559, 2050.9177875927626, 1809.518503236416
4371.7593126297, 2050.9177875927626, 1809.518503236416
4372.239027023315, 2050.9177875927626, 1809.518503236416
4372.735696554184, 2050.9177875927626, 1809.518503236416
4373.227379560471, 2050.9177875927626, 1809.518503236416
4373.736017227173, 2050.9177875927626, 1809.518503236416
4374.403231143951, 1201.7567129596123, -1899.0742038424628
4374.744316339493, 1201.7567129596123, -1899.0742038424628
4375.398563861847, 1985.3058186711582, 1861.9996866165723
4375.755609035492, 1985.3058186711582, 1861.9996866165723
4376.406863451004, 1754.8830324806866, 1900.6841703670743
4376.913505792618, 3073.217478410827, 1792.4442462960417
4377.2426245212555, 3073.217478410827, 1792.4442462960417
4377.910835027695, 2483.9616290153754, 1106.1832856317428
4378.239952802658, 2483.9616290153754, 1106.1832856317428
4378.739614725113, 2483.9616290153754, 1106.1832856317428
4379.227308034897, 2483.9616290153754, 1106.1832856317428
4379.8915293216705, 2102.8342618287793, 1787.4089856920089
4380.414130449295, 686.4724115823445, 1630.430552787132
4380.91179728508, 3659.2570513786977, 1905.3498486369997
4381.4593296051025, 1734.1433371269397, 2867.209861395678
4381.890176057816, 1546.2392655346946, 2390.9996917894855
4382.2232837677, 1546.2392655346946, 2390.9996917894855
4382.874539375305, 2214.755474470338, 2779.9841244223016
4383.364228963852, 725.7450660083167, 1586.1137266014018
4383.72226858139, 725.7450660083167, 1586.1137266014018
4384.220935344696, 725.7450660083167, 1586.1137266014018
4386.353222131729, 1960.2673782104362, 1601.248618354627
4386.882805109024, 2682.7365889241873, 2581.0644079541216
4387.399420261383, 1992.3670419533282, 5121.8724071429215
4387.879135131836, 2644.6999018509064, 1989.5407461691714
4388.3867745399475, 1859.3117241192408, 2692.0321899178603
4388.767755031586, 1859.3117241192408, 2692.0321899178603
4389.504791021347, 2014.3391598715032, 1216.9210498778534
4389.784034729004, 2014.3391598715032, 1216.9210498778534
4390.298655748367, 2014.3391598715032, 1216.9210498778534
4390.898048400879, -11905.911468741577, 1403.8332594718572
4391.433614253998, 315.66127346399264, 1373.3946717845174
4391.87243938446, 1740.2202435779056, 2212.3225994938343
4392.194575786591, 1740.2202435779056, 2212.3225994938343
4392.721166133881, 1740.2202435779056, 2212.3225994938343
4393.4302661418915, 1986.7777116352252, 1214.132868121009
4393.728466749191, 1986.7777116352252, 1214.132868121009
4394.235110282898, 1986.7777116352252, 1214.132868121009
4395.893667459488, 3405.3706597652517, 2971.0447546816704
4397.470444202423, 1478.6903320628157, 1678.9618689443657
4397.7806141376495, 1478.6903320628157, 1678.9618689443657
4398.373027086258, 2085.6903584104484, 1722.3555860390504
4398.868700265884, 2187.7014221602003, 2541.340218005242
4399.212777376175, 2187.7014221602003, 2541.340218005242
4399.907917261124, 2010.2331675827859, 2768.060257662012
4400.414558649063, 587.2876709061692, 1299.1080523508083
4400.894274234772, 1835.185624165431, 1533.6413252745972
4401.434828042984, 816.6548497763442, 1335.5666758551747
4401.774914979935, 816.6548497763442, 1335.5666758551747
4402.439136505127, 2053.592482838333, 7516.47344801548
4402.970712423325, 411.05204652956775, 2779.5617243925844
4403.367648839951, 1798.237394404128, 1771.9282945328819
4403.907203674316, 35772.533893273285, -162771.4713703623
4404.223356962204, 35772.533893273285, -162771.4713703623
4404.854669809341, 2389.920179667753, 774.546490294127
4405.391292333603, 3572.516567641202, 1600.8078940656121
4405.91189789772, 3514.1943086351366, 4.963690620758192
4406.3517208099365, 2102.62675836803, -56639.03881336743
4406.882299900055, 3162.17317721766, 1935.975245180328
4407.893590211868, 1194.208937421031, 699.5244931102349
4408.211738824844, 1194.208937421031, 699.5244931102349
4408.906875133514, 1883.632060821073, 2681.4114081386706
4409.376616239548, 2237.2172275402913, 1321.1958012883617
4409.941106557846, 2061.6578844030923, 1272.5169168109164
4410.383919715881, 1778.6821948506124, 3390.8181280954955
4410.7359755039215, 1778.6821948506124, 3390.8181280954955
4411.225665330887, 1778.6821948506124, 3390.8181280954955
4411.905843257904, 640.362349998459, 1212.8515906401612
4412.367607355118, 2038.367307866531, 1131.358580459659
4412.912148237228, 2948.6415022411124, 1359.288124993356
4413.232289075851, 2948.6415022411124, 1359.288124993356
4413.73494386673, 2948.6415022411124, 1359.288124993356
4414.220672369003, 2948.6415022411124, 1359.288124993356
4414.893840312958, 2084.6036368063683, 2962.1665007132146
4415.483260154724, 3550.55538402026, 440.4094739815232
4415.828335762024, 3550.55538402026, 440.4094739815232
4416.369884729385, 3285.0860501242564, 2566.6705745415834
4416.905451536179, 3527.8516043628533, 2831.919210484598
4417.387161493301, 9442.062848002839, 1658.4727042975444
4417.753214597702, 9442.062848002839, 1658.4727042975444
4418.40343952179, 2097.5819760019795, 1577.6318411201328
4418.763474702835, 2097.5819760019795, 1577.6318411201328
4419.256154298782, 2097.5819760019795, 1577.6318411201328
4419.8914539813995, 1978.2636401182415, 1194.0281773084307
4420.225558280945, 1978.2636401182415, 1194.0281773084307
4420.733199357986, 1978.2636401182415, 1194.0281773084307
4421.227873802185, 1978.2636401182415, 1194.0281773084307
4421.854197502136, 3157.051106246465, 1378.7238063674163
4422.392754077911, 2164.0132513190706, 1800.0817521665722
4422.90837264061, 1749.914448680442, 58.59646589317008
4423.372130155563, 1652.1678342626724, 2188.5816342500116
4426.870758295059, 1374.162010824565, 1042.0142948451166
4427.427271366119, 1042.2040958774048, 2040.562272059385
4427.756386995316, 1042.2040958774048, 2040.562272059385
4429.904633760452, 1960.890464048647, 881.2178907861096
4430.216798067093, 1960.890464048647, 881.2178907861096
4430.732415676117, 1960.890464048647, 881.2178907861096
4431.222105264664, 1960.890464048647, 881.2178907861096
4431.8773493766785, 1979.3467493023807, 1610.1558025683146
4432.338115692139, 2450.6577495176566, 1542.8514293327503
4432.9265377521515, 440.4739815264079, 2221.472522653096
4433.3803560733795, 2090.664771116621, 1595.1141690219788
4434.052522420883, 2544.7936411747355, 2731.03102545979
4434.927179098129, 1287.3287385644005, 1478.5713751838637
4435.50961971283, 3797.0991435474166, 2490.3478210807903
4435.970386266708, 1876.548665320423, 1564.9759460372152
4436.431151866913, 3907.9701458459285, 1887.279834374526
4436.746307849884, 3907.9701458459285, 1887.279834374526
4437.223031282425, 3907.9701458459285, 1887.279834374526
4437.7137179374695, 3907.9701458459285, 1887.279834374526
4438.376939058304, 3606.2375889451864, 2515.068610090805
4438.7379739284515, 3606.2375889451864, 2515.068610090805
4439.345376491547, 2415.245934190864, 1090.871890590571
4439.711366653442, 2415.245934190864, 1090.871890590571
4440.203053474426, 2415.245934190864, 1090.871890590571
4440.835354566574, 1983.2387316685972, 1556.9965462594137
4441.393858671188, 1957.806759374859, 1126.2118741569668
4441.90748333931, 2037.7172900627054, 2834.7268330738725
4442.408141613007, 257.5302942548515, 2228.5699491085384
4442.8988292217255, 3472.890734958473, 913.7911679144736
4443.389545917511, 2088.8953150615707, 578.4734623949539
4443.944027900696, 2077.6613230643775, 1778.7212370705363
4444.240235567093, 2077.6613230643775, 1778.7212370705363
4444.734911680222, 2077.6613230643775, 1778.7212370705363
4445.223601341248, 2077.6613230643775, 1778.7212370705363
4445.881839752197, 2459.1548261737385, 28.938643072144323
4446.374519586563, 1685.9499894108635, 1968.8386228920829
4446.89612197876, 1840.028742887564, 1735.9364338560927
4447.36486697197, 2153.437157111924, 1630.1934024428733
4447.944314956665, 11168.993839511179, 2948.641488797912
4449.882123947144, 2641.924033074127, 1392.291974391642
4450.225205421448, 2641.924033074127, 1392.291974391642
4450.732844829559, 2641.924033074127, 1392.291974391642
4451.355178833008, 4264.7554951014945, 2380.2703701761493
4451.876780986786, 1750.3991630637945, 451.4106711661391
4452.411350011826, 3162.33739545289, 2048.2615087251424
4452.918988704681, 2188.0281454611454, 1621.3270671450161
4453.420646190643, 2575.682161643108, 1860.0146542867878
4453.735800743103, 2575.682161643108, 1860.0146542867878
4454.214518547058, 2575.682161643108, 1860.0146542867878
4454.868767261505, 1587.903931645606, 1446.6763528566867
4455.518028259277, 2024.2466298391478, -1679.7497920213555
4456.290957927704, 2024.2466298391478, -1679.7497920213555
4456.85843873024, 2024.2466298391478, -1679.7497920213555
4457.4079666137695, 2058.4931687591675, 2733.2747951044917
4457.738080501556, 2058.4931687591675, 2733.2747951044917
4458.378365755081, 2345.990245215485, 2084.937525730636
4458.72344326973, 2345.990245215485, 2084.937525730636
4459.206148862839, 2345.990245215485, 2084.937525730636
4459.94516992569, 2126.1150283814773, 2479.2434301604985
4460.418902158737, 3448.284546537542, 1530.8976824041604
4460.7769429683685, 3448.284546537542, 1530.8976824041604
4461.262641906738, 3448.284546537542, 1530.8976824041604
4461.767290353775, 3448.284546537542, 1530.8976824041604
4462.3985986709595, 1956.6715959237492, 1445.883210350471
4462.773593664169, 1956.6715959237492, 1445.883210350471
4463.264280080795, 1956.6715959237492, 1445.883210350471
4463.752970933914, 1956.6715959237492, 1445.883210350471
4464.25662279129, 1956.6715959237492, 1445.883210350471
4464.7592759132385, 1956.6715959237492, 1445.883210350471
4465.253952503204, 1956.6715959237492, 1445.883210350471
4465.755607128143, 1956.6715959237492, 1445.883210350471
4466.267237901688, 1956.6715959237492, 1445.883210350471
4466.924476385117, 2122.505591987627, 2334.660061257388
4467.25957775116, 2122.505591987627, 2334.660061257388
4467.897869110107, 877.7089534718561, 2377.546760057675
4468.4005472660065, 2329.1062963902723, 1825.950798812198
4468.971991062164, 2125.3155517341697, 2244.688964175521
4469.479630947113, 1676.5289577996207, 1078.518925664692
4469.799774646759, 1676.5289577996207, 1078.518925664692
4470.903817653656, 1517.0503699842532, 1816.8660592109115
4471.247895240784, 1517.0503699842532, 1816.8660592109115
4471.922089338303, 1936.4750947847585, 2511.5026381082484
4472.246222496033, 1936.4750947847585, 2511.5026381082484
4472.876541852951, 1677.578605870158, 1562.6402649332977
4473.2116355896, 1677.578605870158, 1562.6402649332977
4474.53209900856, 2063.062897693206, 1313.2352104346735
4474.891137599945, 3154.7940062776624, 1689.5880480623068
4475.389825582504, 2168.0769873565787, 822.5329221193699
4475.756818771362, 2168.0769873565787, 822.5329221193699
4476.242518186569, 2168.0769873565787, 822.5329221193699
4476.737192630768, 2168.0769873565787, 822.5329221193699
4477.424352169037, 1204.1361623031758, 1567.6013278291944
4477.920024871826, 2726.4895692288346, -51363.70961595201
4478.242161512375, 2726.4895692288346, -51363.70961595201
4478.872473716736, 2068.1214356987934, 1751.175773330997
4479.201591491699, 2068.1214356987934, 1751.175773330997
4479.875787496567, 2170.4433976367436, 1559.5561815013373
4480.375447750092, 1746.2726363916204, 1633.952748024993
4480.74146604538, 1746.2726363916204, 1633.952748024993
4481.398706912994, 2004.7940529918358, 726.4613838806247
4481.885403394699, 2246.835177718291, 1507.2813178900315
4482.382073879242, 1609.7310403619515, 2483.3910640377994
4482.942573070526, 3153.056178574401, 2132.465733181293
4483.247753381729, 3153.056178574401, 2132.465733181293
4483.732457637787, 3153.056178574401, 2132.465733181293
4484.419615030289, 2107.0231981438474, 2926.549467745766
4485.889682531357, 1902.5784719773226, 1841.922081377218
4486.2527096271515, 1902.5784719773226, 1841.922081377218
4486.896983623505, 1706.9208533749136, 2631.1538198436892
4487.392656803131, 3379.9744939431384, 2639.50421050279
4487.742718219757, 3379.9744939431384, 2639.50421050279
4488.217447280884, 3379.9744939431384, 2639.50421050279
4488.922558784485, 2464.0100653967897, 2093.8391485365573
4489.263644456863, 2464.0100653967897, 2093.8391485365573
4489.883985280991, 1717.920068969037, 2193.287729927906
4490.239032506943, 1717.920068969037, 2193.287729927906
4490.7357041835785, 1717.920068969037, 2193.287729927906
4491.2233963012695, 1717.920068969037, 2193.287729927906
4491.8596913814545, 1449.0893243928244, 1701.792328907538
4492.229700803757, 1449.0893243928244, 1701.792328907538
4492.708418607712, 1449.0893243928244, 1701.792328907538
4493.409540176392, 2048.7139210493724, 1704.7113779691956
4493.780547380447, 2048.7139210493724, 1704.7113779691956
4494.442773103714, 2482.258300405764, 1550.4560080095353
4494.791837930679, 2482.258300405764, 1550.4560080095353
4495.448080539703, 2309.535476126528, 816.3849003513458
4495.763248205185, 2309.535476126528, 816.3849003513458
4496.405515432358, 45.09902921500007, 2119.1984718645845
4496.896200895309, 1853.3847121246129, 1632.9382146776
4497.383895158768, 841.3625682669497, 1978.3616955056368
4497.883556604385, 2621.4570820769613, 2574.723044482581
4498.381223201752, 2022.4245644744772, 2877.2660894078053
4498.887867450714, 3358.6418949527056, 2146.148287362009
4499.223966121674, 3358.6418949527056, 2146.148287362009
4499.717644691467, 3358.6418949527056, 2146.148287362009
4500.410787343979, 2088.4635376708707, 2679.3947660762246
4501.388169765472, 1996.283523302034, 1611.4469975060235
4501.767154455185, 1996.283523302034, 1611.4469975060235
4502.248864412308, 1996.283523302034, 1611.4469975060235
4502.759495973587, 1996.283523302034, 1611.4469975060235
4503.363877534866, 3561.3443443095975, 2873.889294529501
4503.719947099686, 3561.3443443095975, 2873.889294529501
4504.414087295532, 3890.230325718588, 1927.4158539063565
4504.89280629158, 2128.8455569009175, 1294.0462107964356
4505.2538385391235, 2128.8455569009175, 1294.0462107964356
4505.9090831279755, 2172.9609664814247, 2278.3979742773145
4506.400766611099, 1876.125731829531, 1802.493489045012
4506.744844913483, 1876.125731829531, 1802.493489045012
4507.23154091835, 1876.125731829531, 1802.493489045012
4507.876812696457, 2314.358588697629, 870.3395553394812
4508.236878871918, 2314.358588697629, 870.3395553394812
4508.735513210297, 2314.358588697629, 870.3395553394812
4509.2431519031525, 2314.358588697629, 870.3395553394812
4509.964222669601, 2363.726410467352, 4902.666113117163
4510.312288761139, 2363.726410467352, 4902.666113117163
4510.937614917755, 64193.814888803594, 2568.569535438385
4511.252770185471, 64193.814888803594, 2568.569535438385
4511.954890012741, 1465.2374673178676, 2552.24054076409
4512.283010482788, 1465.2374673178676, 2552.24054076409
4512.914319753647, 2646.425390628619, 2197.0513687608072
4513.42594909668, 2197.935011597486, 2702.599957228138
4513.781996488571, 2197.935011597486, 2702.599957228138
4514.2647025585175, 2197.935011597486, 2702.599957228138
4514.88204908371, 2383.9912136014827, 828.1412696886636
4515.391683340073, 1903.018434432616, 832.244566731762
4515.742743730545, 1903.018434432616, 832.244566731762
4516.374052762985, 2299.2663201368564, 1732.9838209195132
4516.920588493347, 16296.695213952173, 173.7129304192742
4517.278630018234, 16296.695213952173, 173.7129304192742
4517.997703790665, 1661.4700282628055, 992.1756580873117
4519.947480916977, 2090.827750255611, 2213.8519220770618
4520.418220281601, 3038.787499464333, 2266.0066443029036
4520.791220903397, 3038.787499464333, 2266.0066443029036
4521.453449010849, 1716.6515448703994, 1477.1746237823206
4521.7925391197205, 1716.6515448703994, 1477.1746237823206
4522.419858932495, 272.959257470667, 2520.72433411889
4522.895613670349, 2028.0042635547707, 1320.8379873395024
4523.378292322159, 2544.697145459557, 1688.685042979158
4523.976689338684, 1916.4310197050268, 2754.081950379308
4524.552148103714, 1927.7551538869852, 1467.2340228107485
4525.424809932709, 1229.5680309812856, 2825.1553929636857
4525.895551681519, 2192.380303768075, -13156.138018392243
4526.407178878784, 2306.48164762647, 2440.7808894240684
4526.986627101898, 2435.5904501723394, 2093.239509766689
4527.305772066116, 2435.5904501723394, 2093.239509766689
4527.9171352386475, 2093.8938911918676, 2123.6586879584643
4528.406823158264, 2105.216642514241, -86100.61204683823
4528.93839931488, 3882.3696459712905, 2064.793041199521
4529.236602306366, 3882.3696459712905, 2064.793041199521
4529.734270572662, 3882.3696459712905, 2064.793041199521
4530.396522283554, 2090.4195682701543, 2989.6324371164856
4530.737580776215, 2090.4195682701543, 2989.6324371164856
4531.376897096634, 2107.482102637976, 295.59992681759064
4531.940359354019, 2079.5081787302156, 2734.885835511475
4532.43802690506, 3599.437971080207, 1478.3641173742258
4532.891840696335, 2419.992725310324, 1086.1963110954573
4533.455300331116, 1675.3142532642119, 2554.682153043053
4533.812345743179, 1675.3142532642119, 2554.682153043053
4534.362869501114, 1516.872746922413, 2147.1680341797946
4534.881480455399, 1936.1336322233885, 1728.0722549864822
4535.424028396606, 98692.79417604454, 2132.5052210869558
4535.770100355148, 98692.79417604454, 2132.5052210869558
4536.4123821258545, 2692.653676735447, 1789.1447131048787
4536.756459236145, 2692.653676735447, 1789.1447131048787
4537.236173152924, 2692.653676735447, 1789.1447131048787
4537.903386354446, 2253.487649340203, 919.8958704408276
4538.226521492004, 2253.487649340203, 919.8958704408276
4538.732167482376, 2253.487649340203, 919.8958704408276
4539.234821557999, 2253.487649340203, 919.8958704408276
4539.7355082035065, 2253.487649340203, 919.8958704408276
4540.239130020142, 2253.487649340203, 919.8958704408276
4540.901356458664, 2059.7596196937902, 1655.3746168299415
4541.264384508133, 2059.7596196937902, 1655.3746168299415
4541.886716842651, 3470.331388893823, 594.2977029621782
4543.40963768959, 2080.7224166593774, 2179.927437505593
4543.87638759613, 1536.1830998410767, 1789.0490750204156
4544.23343205452, 1536.1830998410767, 1789.0490750204156
4545.475106716156, 2571.1542762614695, 1477.9283078280346
4545.899969100952, 1987.6651685457073, 1342.071610032655
4546.3936450481415, 2738.268187175038, 2370.9932939177156
4546.938187599182, 2472.9885521214096, 2787.8571694199
4547.358063697815, 2030.1088380318813, 40509.93158380167
4547.902638912201, 2156.442906022542, 1257.0847873516886
4548.240698814392, 2156.442906022542, 1257.0847873516886
4548.889959335327, 2011.4978804027423, 1440.6202546898533
4549.236032485962, 2011.4978804027423, 1440.6202546898533
4549.762622117996, 2011.4978804027423, 1440.6202546898533
4550.24532866478, 2011.4978804027423, 1440.6202546898533
4550.8836188316345, 2735.477134115085, 759.3411172519919
4551.408213853836, 1999.3689245506257, 2225.401409876796
4551.766255617142, 1999.3689245506257, 2225.401409876796
4552.270902872086, 1999.3689245506257, 2225.401409876796
4552.762586593628, 1999.3689245506257, 2225.401409876796
4553.414841175079, 1245.149329393915, 1779.3963563322875
4553.7569234371185, 1245.149329393915, 1779.3963563322875
4554.2515988349915, 1245.149329393915, 1779.3963563322875
4554.954714536667, 2212.0769985137404, 1498.7745531408787
4555.294804811478, 2212.0769985137404, 1498.7745531408787
4555.798454284668, 2212.0769985137404, 1498.7745531408787
4556.278170108795, 2212.0769985137404, 1498.7745531408787
4556.767858028412, 2212.0769985137404, 1498.7745531408787
4557.4071452617645, 2076.8926090330774, 2028.8091176040068
4557.881875038147, 2100.9020958708306, 1718.9367694075722
4558.426415920258, 1303.7094233091975, 2218.258583620913
4558.774484157562, 1303.7094233091975, 2218.258583620913
4559.276141643524, 1303.7094233091975, 2218.258583620913
4559.912436723709, 1554.1732715573205, 2958.4176508225764
4560.460966348648, 2235.1689400393575, 1765.7415173193574
4560.7691423892975, 2235.1689400393575, 1765.7415173193574
4561.271794080734, 2235.1689400393575, 1765.7415173193574
4561.922053575516, 2125.512548531415, 1751.6869371413377
4562.232222080231, 2125.512548531415, 1751.6869371413377
4562.743852376938, 2125.512548531415, 1751.6869371413377
4563.407074928284, 728.373260084281, 1563.2044537723666
4563.744172334671, 728.373260084281, 1563.2044537723666
4564.37651014328, 2000.458845899534, 2785.797393390004
4564.720557689667, 2000.458845899534, 2785.797393390004
4565.215231657028, 2000.458845899534, 2785.797393390004
4565.718883275986, 2000.458845899534, 2785.797393390004
4566.429980278015, 2037.9568626396483, 1630.0091015723747
4567.037350893021, 1985.5421021445904, 2527.0284652935884
4567.407361268997, 2190.690008236681, 1844.89671993851
4568.168322324753, 3974.673378290772, 8698.391387693351
4569.039995193481, 2061.8439951888204, 2053.582344570742
4569.556603908539, 3511.275099180879, 4057.061610544897
4570.39236497879, 3511.275099180879, 4057.061610544897
4570.913969278336, 3511.275099180879, 4057.061610544897
4571.522339105606, 6203.9564199503275, 2271.5165823195007
4571.927281856537, 3607.0044496312466, 1338.5193233434588
4572.233434677124, 3607.0044496312466, 1338.5193233434588
4572.769996881485, 3607.0044496312466, 1338.5193233434588
4573.399312019348, 2177.5407427852847, 1384.7582105561542
4573.749373435974, 2177.5407427852847, 1384.7582105561542
4574.410602092743, 1535.8125158084379, 2358.027951363939
4574.746703147888, 1535.8125158084379, 2358.027951363939
4575.4159100055695, 2644.467733215839, 696.6969556025361
4575.750015974045, 2644.467733215839, 696.6969556025361
4576.430221557617, 1232.7234275574995, 1958.0845516164657
4576.792223215103, 1232.7234275574995, 1958.0845516164657
4577.481377124786, 2121.076667680156, 1106.7896804844902
4577.953115224838, 2075.284483635466, 2607.449902054906
4578.268270015717, 2075.284483635466, 2607.449902054906
4578.753968238831, 2075.284483635466, 2607.449902054906
4579.245651483536, 2075.284483635466, 2607.449902054906
4579.915856122971, 2628.326751598933, 2036.815708966293
4580.510264635086, 2835.992227882177, 2400.8723544676113
4580.746631622314, 2835.992227882177, 2400.8723544676113
4581.248287200928, 2835.992227882177, 2400.8723544676113
4581.862642288208, 1505.757254581326, 537.2676455863876
4582.249606132507, 1505.757254581326, 537.2676455863876
4582.924797534943, 2898.444301121704, 2148.8033040200853
4583.2339696884155, 2898.444301121704, 2148.8033040200853
4583.889214515686, 898.7755138138949, -427.23268532977664
4584.536480426788, 2194.7081297172526, 2902.9861987870036
4584.918457508087, 1777.5323320130035, 1502.4103008786258
4585.236604690552, 1777.5323320130035, 1502.4103008786258
4585.918778181076, 2255.6734480402774, -935.1284899999101
4586.220968008041, 2255.6734480402774, -935.1284899999101
4586.787450790405, 2255.6734480402774, -935.1284899999101
4587.2173018455505, 2255.6734480402774, -935.1284899999101
4587.966294050217, 581.8279085414068, 656.1736933670468
4588.630514860153, 2036.7186015161915, 1240.7157372409513
4589.3874888420105, 2036.7186015161915, 1240.7157372409513
4589.890140771866, 1674.5965781177397, 1642.315377027781
4590.226240158081, 1674.5965781177397, 1642.315377027781
4590.94132566452, 2232.824783051781, 1936.7778112479382
4591.271441698074, 2232.824783051781, 1936.7778112479382
4591.9765520095825, 2284.7060773168655, 1723.2378416092631
4592.367504835129, 2093.35836625123, 1552.0266187581487
4592.912046432495, 2259.4915608922347, 1630.5061633688485
4593.373809099197, 1901.2949641082773, 1424.506403169846
4593.954256296158, 2253.339744943204, 2906.502798682711
4594.458902597427, 2311.9312271027875, 2975.437718595407
4594.978512048721, 2086.3176409858484, 1511.473694713768
4595.244798898697, 2086.3176409858484, 1511.473694713768
4596.458575725555, 2224.995283423431, 784.0939065887793
4598.38339138031, 1851.0465965546462, 1688.1802169667021
4599.035644292831, 3943.944676910291, 1469.7690648200346
4599.374735355377, 3943.944676910291, 1469.7690648200346
4599.8704397678375, 3943.944676910291, 1469.7690648200346
4600.3610944747925, 3943.944676910291, 1469.7690648200346
4600.951528549194, 2233.64643237972, 2331.6780067503096
4601.409287691116, 2177.265371099161, 11659.92613289976
4601.9348793029785, 1561.4580081607533, 2352.2518579342395
4602.416590213776, 1730.1396177442386, 2097.180999851174
4602.936197042465, 1871.2447452585743, 1638.6190150563784
4603.436856508255, 2492.5193594288503, 1535.082486485514
4603.7420382499695, 2492.5193594288503, 1535.082486485514
4604.398281335831, 2028.6936824662735, 1758.1333479496607
4604.905922174454, 1997.0524110725491, 1901.771572633914
4605.434505224228, 2415.635004101092, 2613.0591898581906
4605.881308555603, 2971.1594914419347, 411.1422536691947
4608.4215042591095, 2491.816748488259, 2934.843038421193
4608.893242120743, 3595.8521329416553, 2598.4263398517674
4609.384925127029, 1964.3913610865357, 1564.1989081292897
4610.460043668747, 837.3412449270783, 2838.611360734689
4610.877925634384, 837.3412449270783, 2838.611360734689
4611.4623601436615, 1960.872858240176, 2912.173427747927
4611.936091661453, 2240.2735578572515, 2951.386679593688
4612.39984869957, 2177.25896101261, 1968.9015861500638
4612.755894422531, 2177.25896101261, 1968.9015861500638
4613.380222558975, 1964.4749930357602, 2769.433350798223
4613.805084943771, 1964.4749930357602, 2769.433350798223
4614.2319419384, 1964.4749930357602, 2769.433350798223
4614.939048051834, 2126.277632334827, 1429.7832767117482
4615.411781311035, 2134.6623388442235, 1203.9055705355856
4615.759848356247, 2134.6623388442235, 1203.9055705355856
4616.402130842209, 721.7254916478647, 1494.931429086668
4616.895807266235, 1898.4642921115308, 1951.541049295379
4617.226918697357, 1898.4642921115308, 1951.541049295379
4617.7245881557465, 1898.4642921115308, 1951.541049295379
4618.414737462997, 2680.014966134195, 1816.0578331619984
4618.906423807144, 1863.2548953786081, 2427.3964876371856
4619.421042203903, 2027.0591785079575, 596.5810747989129
4619.7681131362915, 2027.0591785079575, 596.5810747989129
4620.467242240906, 3346.995469093038, 2976.2884036444966
4620.900082588196, 2160.1879933613473, 1923.9210372048883
4621.427668094635, 2189.0576287070394, 2790.786330542919
4621.90239572525, 1973.8546706780012, 1936.5605122069878
4622.431977748871, 1984.3577076888719, 1740.6578400487451
4622.904711484909, 3876.9667370750244, 1140.0579475164982
4623.395426273346, 2160.794037846872, 1804.3663815987557
4623.9040360450745, 2010.36320991616, 3297.0730011175224
4624.379763126373, 2810.6716610710637, 1514.9801599767889
4624.909341812134, 3945.0669934717084, 2556.1625397236485
4625.262400388718, 3945.0669934717084, 2556.1625397236485
4625.882734537125, 2075.7753316954436, 2521.827684309379
4626.220829486847, 2075.7753316954436, 2521.827684309379
4626.720491886139, 2075.7753316954436, 2521.827684309379
4627.22513961792, 2075.7753316954436, 2521.827684309379
4627.9103038311005, 2286.9055952713957, 2472.236827384742
4628.423929452896, 1661.4355395124726, 1681.3828415533499
4628.770001888275, 1661.4355395124726, 1681.3828415533499
4629.475112438202, 2282.739345433127, 2884.9999796337906
4629.825174808502, 2282.739345433127, 2884.9999796337906
4630.3667249679565, 1383.563001463743, 2667.3268688176927
4630.88636136055, 2153.8710668119015, 2682.4341886610596
4631.242377996445, 2153.8710668119015, 2682.4341886610596
4631.754041671753, 2153.8710668119015, 2682.4341886610596
4632.3783366680145, 3413.8520602083386, 1710.2760531865467
4632.972747087479, 1642.6009862909123, 2977.288776997263
4633.427540779114, 3549.780254808651, 1380.9834546606298
4633.738692998886, 3549.780254808651, 1380.9834546606298
4634.22040271759, 3549.780254808651, 1380.9834546606298
4634.711088180542, 3549.780254808651, 1380.9834546606298
4635.230696439743, 3549.780254808651, 1380.9834546606298
4635.716398000717, 3549.780254808651, 1380.9834546606298
4636.234009504318, 3549.780254808651, 1380.9834546606298
4636.955079078674, 2255.3389232268974, 2055.9159517308863
4637.268239498138, 2255.3389232268974, 2055.9159517308863
4637.7808656692505, 2255.3389232268974, 2055.9159517308863
4638.421151399612, 3115.414068804153, 639.9796964945775
4638.748274087906, 3115.414068804153, 639.9796964945775
4639.247936248779, 3115.414068804153, 639.9796964945775
4639.769539117813, 3115.414068804153, 639.9796964945775
4640.405834674835, 2640.6829369790235, 909.3223758476435
4640.753903627396, 2640.6829369790235, 909.3223758476435
4641.388202667236, 3978.1670888386507, 1143.0248531612026
4641.889861345291, 3297.834124137195, 1455.2966110870407
4642.226956605911, 3297.834124137195, 1455.2966110870407
4642.900154352188, 1757.3806255364018, 2983.7321822025615
4643.381863594055, 2181.8819772219153, 1477.8709772444056
4643.897483348846, 2390.2184551360733, 1900.5614654104738
4644.417098760605, 2181.7516787723202, 1692.0442469247391
4644.762166976929, 2181.7516787723202, 1692.0442469247391
4645.443341493607, 2116.6958267533983, 2958.4161073462624
4645.761517763138, 2116.6958267533983, 2958.4161073462624
4646.406762599945, 2228.4567045432113, 2745.0583114095803
4646.749842405319, 2228.4567045432113, 2745.0583114095803
4647.242523431778, 2228.4567045432113, 2745.0583114095803
4647.756147623062, 2228.4567045432113, 2745.0583114095803
4648.255810022354, 2228.4567045432113, 2745.0583114095803
4648.761455535889, 2228.4567045432113, 2745.0583114095803
4649.367830276489, 2962.1131441294706, 1397.2779728127623
4649.886442661285, 1676.1032893152696, 2371.208019052963
4650.390093326569, 1975.2806218459612, 1236.9646953446525
4650.917680263519, 2060.8192727315577, 2132.547662057182
4651.403379440308, 2226.1523345234186, 2382.4625262694003
4651.7434668540955, 2226.1523345234186, 2382.4625262694003
4652.422652959824, 2932.540300181958, 1552.4035711848853
4652.806620836258, 2932.540300181958, 1552.4035711848853
4654.484127521515, 2121.1093403999266, 2024.227075664381
4654.822221755981, 2121.1093403999266, 2024.227075664381
4655.534314155579, 2418.298581388125, 2972.9384787256836
4655.942221403122, 2297.127220025399, 1501.282406698549
4656.244411468506, 2297.127220025399, 1501.282406698549
4657.424251079559, 1718.7062901652453, 7008.9392222902425
4657.759353399277, 1718.7062901652453, 7008.9392222902425
4658.418587446213, 277.28715150540467, 1476.0713699993726
4658.900298118591, 1926.5564575086264, -38411.18195561424
4659.3740293979645, 3329.635552361183, 696.7442575891022
4659.72708272934, 3329.635552361183, 696.7442575891022
4660.394295692444, 2774.3137051854806, 1682.1120727342156
4660.751341104507, 2774.3137051854806, 1682.1120727342156
4661.44349694252, 3036.292509767405, 2005.373024278623
4662.90457201004, 2075.894766305395, 1607.546405891913
4663.236716032028, 2075.894766305395, 1607.546405891913
4663.911873817444, 2040.234970290767, -230.86464371757583
4664.389595746994, 3932.5726697697078, 5.296699095063417
4664.745641231537, 3932.5726697697078, 5.296699095063417
4665.237324953079, 3932.5726697697078, 5.296699095063417
4665.924482345581, 2140.3674905994294, 1955.7092631650655
4666.41619515419, 2033.980251108122, 15.436036085610482
4666.897876024246, 2404.609373411488, 1821.98794297202
4667.238963603973, 2404.609373411488, 1821.98794297202
4667.904193878174, 2024.943059060869, 2415.7074587553793
4668.2472615242, 2024.943059060869, 2415.7074587553793
4668.869624376297, 1936.5608246474765, 1879.7971915565715
4669.452036380768, 2219.7640937918572, 2975.2884531593095
4669.99059176445, 2157.998980163029, 1523.878818948861
4670.429416418076, 1966.262022750713, 992.4739821427092
4670.748562574387, 1966.262022750713, 992.4739821427092
4671.236256361008, 1966.262022750713, 992.4739821427092
4671.885516881943, 2549.6424437541787, 2506.4675285953517
4672.423076629639, 2287.0660143418595, 2655.9333912871625
4672.902821302414, 150.20076695993123, 1767.9903329155889
4673.231910467148, 150.20076695993123, 1767.9903329155889
4673.910095691681, -72859.1392740977, 1611.3895874217565
4674.248188734055, -72859.1392740977, 1611.3895874217565
4674.968260526657, 2223.011066880702, 1940.306751568516
4675.4140655994415, 1932.9933683485126, 2093.8648927769527
4675.756149291992, 1932.9933683485126, 2093.8648927769527
4676.368509054184, 2053.8634640807586, 1396.3749712194156
4676.924020767212, 2091.1568176163946, 1838.062160881089
4677.378804206848, 2039.9632754638737, 2213.599836109958
4677.730859279633, 2039.9632754638737, 2213.599836109958
4678.406051397324, 1051.064433102188, 1269.0274352325953
4679.385428905487, 2232.930227481858, 992.55790076448
4679.912017822266, 2163.8778426853596, 2002.2570201845717
4680.499444246292, 1941.0879037009722, 1015.8201524300399
4680.905356884003, 2039.987428095143, 627.2901676877821
4681.40701341629, 2143.963307499032, 1763.1980046187566
4681.7560794353485, 2143.963307499032, 1763.1980046187566
4682.4352605342865, 2499.830608569328, 2678.8779743668715
4682.749418497086, 2499.830608569328, 2678.8779743668715
4683.239112615585, 2499.830608569328, 2678.8779743668715
4683.744756221771, 2499.830608569328, 2678.8779743668715
4684.257385492325, 2499.830608569328, 2678.8779743668715
4685.406306505203, 511.4306017685001, 1898.9239367303528
4685.764348268509, 511.4306017685001, 1898.9239367303528
4686.258025884628, 511.4306017685001, 1898.9239367303528
4686.923245191574, 2177.6476647925347, 2290.836751379589
4687.39697599411, 2165.983604803151, 1624.1748107019923
4687.908606052399, 1993.2080850681068, 1176.9682496374792
4688.2447299957275, 1993.2080850681068, 1176.9682496374792
4688.935880184174, 2050.8714111980184, 1948.2804455109308
4689.4475083351135, 2094.3770423965475, 2369.6193758205936
4689.798570394516, 2094.3770423965475, 2369.6193758205936
4690.402950286865, 2141.272713312993, 658.4483946566254
4690.742041349411, 2141.272713312993, 658.4483946566254
4691.246689319611, 2141.272713312993, 658.4483946566254
4691.87700176239, 1957.207874815135, 2058.056129079477
4692.407580137253, 4011.457385444863, 5644.643485273493
4692.939156532288, 1973.5122992274314, 1469.3266880259341
4693.406903266907, 2004.498783168496, 2746.2890255933044
4693.922523021698, 1746.350613191382, 151.43046694261827
4694.4481155872345, 2088.4200196133315, 2893.0792935059285
4694.772246599197, 2088.4200196133315, 2893.0792935059285
4695.24896979332, 2088.4200196133315, 2893.0792935059285
4695.747633934021, 2088.4200196133315, 2893.0792935059285
4696.236325740814, 2088.4200196133315, 2893.0792935059285
4696.92049241066, 3211.180293650219, 2043.5111544254146
4697.394223451614, 1971.677447443018, 1667.4272514152076
4697.8898956775665, 2140.524608390203, 1323.611925716477
4698.403520107269, 1740.3344411868545, 2662.5496363734283
4698.931106805801, 1827.3408936320866, 1014.9720050222331
4699.385888814926, 1818.4868723057098, -600.6045497754708
4699.7199947834015, 1818.4868723057098, -600.6045497754708
4700.213671684265, 1818.4868723057098, -600.6045497754708
4700.7173228263855, 1818.4868723057098, -600.6045497754708
4701.401489973068, 2350.1080551002174, 1174.3359996558681
4701.719638824463, 2350.1080551002174, 1174.3359996558681
4702.407794475555, 2010.1804793915937, 227.1502056334903
4702.921419382095, 1912.901934193973, 1625.3979305239193
4703.438037395477, 2195.995854208448, 2870.1461154969315
4703.931713104248, -108062.9330520331, 1923.1239661047969
4704.393476009369, 1556.9980876773805, 1470.619630557179
4704.92604970932, 2119.0894268819197, 2700.6148710184298
4705.255168914795, 2119.0894268819197, 2700.6148710184298
4705.9243750572205, 2213.1066423808634, 2517.4383879584852
4706.401099205017, 3358.085756565605, 1558.8902717817136
4706.924696445465, 2024.2518410706373, 2325.950692689635
4707.240849733353, 2024.2518410706373, 2325.950692689635
4707.748489618301, 2024.2518410706373, 2325.950692689635
4708.23518705368, 2024.2518410706373, 2325.950692689635
4708.91237282753, 2157.143672325042, 2592.385988450294
4709.427990913391, 2048.8547588754, 1771.8125166906739
4709.751126289368, 2048.8547588754, 1771.8125166906739
4710.245800256729, 2048.8547588754, 1771.8125166906739
4710.7434694767, 2048.8547588754, 1771.8125166906739
4711.254100084305, 2048.8547588754, 1771.8125166906739
4712.4319450855255, 2155.5993669029763, 2947.8291150554505
4712.891713619232, 2077.4533699788653, 541.1793417552227
4713.216842889786, 2077.4533699788653, 541.1793417552227
4713.9109835624695, 560.2507566912811, 2219.8891798454943
4714.3697555065155, 2015.71896389191, 2133.2921332984647
4714.919283390045, 2149.401066856411, 1169.062064401761
4715.242417573929, 2149.401066856411, 1169.062064401761
4715.92458987236, 2103.6705865010963, 2560.986468281648
4716.266674041748, 2103.6705865010963, 2560.986468281648
4716.881028175354, 2035.8386803815126, 2251.087815400287
4717.503363132477, 2052.942048649608, 2982.599276919657
4717.879354476929, 1675.936595971499, 2041.0181600135031
4718.445836544037, 297.86594222779746, 1177.8103682043266
4718.742043495178, 297.86594222779746, 1177.8103682043266
4719.447154998779, 2085.285238279371, 2295.359109760969
4719.961776733398, 1433.0815608678463, 764.6112301497337
4720.237040519714, 1433.0815608678463, 764.6112301497337
4720.751661300659, 1433.0815608678463, 764.6112301497337
4721.237359762192, 1433.0815608678463, 764.6112301497337
4721.922525167465, 2023.184787476411, 1799.8754749021582
4722.265606880188, 2023.184787476411, 1799.8754749021582
4722.925838470459, 1710.2274208135518, 2419.8497009063076
4723.407546758652, 228.72958455453687, 934.5667403818414
4724.055810451508, 2016.7846372898553, 2080.7653649884824
4724.370967388153, 2016.7846372898553, 2080.7653649884824
4724.8825969696045, 2016.7846372898553, 2080.7653649884824
4725.373282194138, 2016.7846372898553, 2080.7653649884824
4725.894884586334, 1278.6123206652899, 2381.4031974320724
4726.22899055481, 1278.6123206652899, 2381.4031974320724
4726.7476007938385, 1278.6123206652899, 2381.4031974320724
4727.403856515884, 2185.493712886823, 1664.3336962102626
4727.749916315079, 2185.493712886823, 1664.3336962102626
4728.246586799622, 2185.493712886823, 1664.3336962102626
4730.913442373276, 2238.8868887381186, 2737.9127367066203
4731.2405660152435, 2238.8868887381186, 2737.9127367066203
4731.735241651535, 2238.8868887381186, 2737.9127367066203
4732.4104335308075, 1558.2850684045902, 1903.9767048726756
4732.898126363754, 2884.8729477304573, 1495.9962519842413
4733.406764268875, -4025.8166838761103, 1539.025585708858
4733.759818553925, -4025.8166838761103, 1539.025585708858
4734.5297565460205, 1017.1579419640865, 1955.033019592057
4734.934673070908, 1900.091700623316, 2151.426975415426
4735.27675652504, 1900.091700623316, 2151.426975415426
4735.785393238068, 1900.091700623316, 2151.426975415426
4736.282063484192, 1900.091700623316, 2151.426975415426
4736.761777639389, 1900.091700623316, 2151.426975415426
4737.233514308929, 1900.091700623316, 2151.426975415426
4737.743149280548, 1900.091700623316, 2151.426975415426
4738.389418125153, 2312.2584626392118, 4445.085137081855
4738.731554031372, 2312.2584626392118, 4445.085137081855
4739.383806705475, 2136.7920421753265, 1638.0253245422266
4739.723895788193, 2136.7920421753265, 1638.0253245422266
4740.403076887131, 2064.1720862484976, 1379.3032223979121
4740.926674365997, 2254.0317629946967, 2526.4385128111912
4741.40741109848, 1979.38503346093, 229.77200080430848
4741.914053678513, 2095.0724410541975, 2145.2051745169547
4742.410723209381, 192.24753855588062, 1352.8884776630339
4742.956261873245, 2131.9927229712325, 2030.0722111889816
4743.431987762451, 2201.4036853566085, 20934.808422876336
4743.934642076492, 1974.3764210661095, 1472.3103279685834
4744.232843399048, 1974.3764210661095, 1472.3103279685834
4744.756440639496, 1974.3764210661095, 1472.3103279685834
4745.224187374115, 1974.3764210661095, 1472.3103279685834
4745.71587061882, 1974.3764210661095, 1472.3103279685834
4746.223511695862, 1974.3764210661095, 1472.3103279685834
4746.72117805481, 1974.3764210661095, 1472.3103279685834
4747.380412578583, 2336.0587424237306, 1553.7455515100162
4747.723493099213, 2336.0587424237306, 1553.7455515100162
4748.398684501648, 1227.9484501286277, -1226.3544410561813
4748.880394220352, 1993.1430207312362, 1951.8976912324051
4749.386040687561, 1889.8900556181575, 790.2014453713804
4749.946550130844, 1047.9950406852429, 1451.9130274846625
4750.413289070129, 2698.4561820039917, 5905.473067546032
4751.379699707031, 2054.777502542924, 1921.0525748065065
4751.726770401001, 2054.777502542924, 1921.0525748065065
4752.233413696289, 2054.777502542924, 1921.0525748065065
4752.956477642059, 1915.7926011802338, 2597.585007695685
4753.256673336029, 1915.7926011802338, 2597.585007695685
4753.758328676224, 1915.7926011802338, 2597.585007695685
4754.265969276428, 1915.7926011802338, 2597.585007695685
4754.954126119614, 3068.09783658734, 653.1375433872518
4755.436834096909, 1079.1094471172166, 2570.0269544196226
4755.935498952866, 2033.5914513408013, 1859.635321344943
4756.257634878159, 2033.5914513408013, 1859.635321344943
4756.884954214096, 10644.877338212173, 1724.0249619991107
4757.217064619064, 10644.877338212173, 1724.0249619991107
4757.905221223831, 2185.7634110605995, 1517.150786373334
4758.245310783386, 2185.7634110605995, 1517.150786373334
4758.914517879486, 1953.5046313939292, 1651.9614066002364
4759.389247179031, 864.5302337913236, 2792.0529722591923
4759.745292901993, 864.5302337913236, 2792.0529722591923
4760.239967823029, 864.5302337913236, 2792.0529722591923
4760.748605489731, 864.5302337913236, 2792.0529722591923
4761.42678976059, 59536.246489646364, 436.59035610694406
4761.741945028305, 59536.246489646364, 436.59035610694406
4762.448054075241, -74944.89704313848, 2559.2099195113783
4762.788143396378, -74944.89704313848, 2559.2099195113783
4763.409478664398, 2043.4059383974534, 2649.3071147193423
4765.429068803787, 2024.7648108181454, 2058.311011455572
4765.941696166992, 3619.931597573023, 2160.29801097557
4766.265828371048, 3619.931597573023, 2160.29801097557
4766.7654893398285, 3619.931597573023, 2160.29801097557
4767.259168386459, 3619.931597573023, 2160.29801097557
4767.7558381557465, 3619.931597573023, 2160.29801097557
4768.262506723404, 3619.931597573023, 2160.29801097557
4769.028455495834, 3720.445028180557, 2345.500001196548
4769.3426151275635, 3720.445028180557, 2345.500001196548
4769.984898090363, 2561.814935167017, 1548.1223321602347
4770.2791056633, 2561.814935167017, 1548.1223321602347
4770.775775432587, 2561.814935167017, 1548.1223321602347
4771.3781616687775, 1996.6329366495515, 2661.2197063236836
4771.7312161922455, 1996.6329366495515, 2661.2197063236836
4772.2468354702, 1996.6329366495515, 2661.2197063236836
4772.732534170151, 1996.6329366495515, 2661.2197063236836
4773.45360326767, 2102.157370306225, 1620.871693867518
4773.932321071625, 1799.7245402985457, 2402.5492400765975
4774.263434410095, 1799.7245402985457, 2402.5492400765975
4774.780050039291, 1799.7245402985457, 2402.5492400765975
4775.266746520996, 1799.7245402985457, 2402.5492400765975
4775.92099404335, 2053.9648647938766, 2804.1417089613287
4776.260085582733, 2053.9648647938766, 2804.1417089613287
4776.762739181519, 2053.9648647938766, 2804.1417089613287
4777.956541776657, 2107.921397697486, 1789.0654416389177
4778.468172073364, 2092.796907299132, 1578.3480304961574
4778.76038813591, 2092.796907299132, 1578.3480304961574
4779.465499639511, 2170.5196306856365, 81.8862144174172
4779.800602197647, 2170.5196306856365, 81.8862144174172
4780.311234951019, 2170.5196306856365, 81.8862144174172
4780.903647899628, 2634.624064381964, 2926.3991378703104
4781.386354923248, 1936.8144824775973, 2155.701084427898
4781.719463586807, 1936.8144824775973, 2155.701084427898
4782.418590307236, 2203.8926416648924, 2919.658584490833
4782.942188024521, 1756.7779304904018, 1639.1432415618794
4783.443843364716, 1982.3511946231538, 1704.2106494957125
4783.793906450272, 1982.3511946231538, 1704.2106494957125
4784.479071140289, 2046.7038612887088, 2950.8327964771447
4784.9368505477905, 2157.112506838357, 1580.5649791457126
4785.239035367966, 2157.112506838357, 1580.5649791457126
4785.751662969589, 2157.112506838357, 1580.5649791457126
4786.484699010849, 1248.4820415330944, 2008.354476282329
4786.7420110702515, 1248.4820415330944, 2008.354476282329
4787.41819858551, 3877.8293703861796, 1897.5769548853132
4787.782223939896, 3877.8293703861796, 1897.5769548853132
4788.469383716583, 3397.200106878146, 1953.9732943477993
4788.99098610878, 1221.1581013243076, 1691.8813571929534
4789.408866643906, 2018.336978366291, 1462.9447253705587
4789.765910387039, 2018.336978366291, 1462.9447253705587
4790.428136587143, 2201.1099629320333, 1709.000511649157
4790.91583108902, 2068.4009723531726, -60264.372501736514
4791.268884897232, 2068.4009723531726, -60264.372501736514
4791.753586530685, 2068.4009723531726, -60264.372501736514
4792.425786018372, 2007.4203401932155, 2324.956231882213
4792.92245554924, 1986.284933640207, 1297.369054762593
4793.437077760696, 2157.459318379363, 2571.817993846386
4794.146178245544, 1719.2421562849609, 25.686855269881267
4794.942046880722, 1719.2421562849609, 25.686855269881267
4795.445697784424, 1719.2421562849609, 25.686855269881267
4795.982260227203, 2333.565589918707, 1531.8427469705473
4796.471949338913, 2089.6678938358014, 2778.0019116198487
4796.824005126953, 2089.6678938358014, 2778.0019116198487
4797.430380821228, 2037.048796572824, 2138.568993759645
4797.772465229034, 2037.048796572824, 2138.568993759645
4798.270132303238, 2037.048796572824, 2138.568993759645
4798.926374197006, 2026.9895111480448, 1913.2744511103201
4799.433017730713, 2465.8453171795263, 1878.8269304806593
4799.932678937912, 2356.0179291820314, 936.3464419148856
4800.489188909531, 1919.5344661139418, 2066.8289888435174
4800.965911626816, 109628.43231604448, 2264.6657356878914
4801.285056591034, 109628.43231604448, 2264.6657356878914
4801.93830704689, 2053.4171706532793, 2775.587013141704
4802.4419734478, 4354.656975279803, 1850.3667338590271
4802.978520393372, 1646.5463127466962, 1757.1195217341567
4803.441281795502, 2056.3138546378846, 216.07314975799184
4803.756437301636, 2056.3138546378846, 216.07314975799184
4804.248120307922, 2056.3138546378846, 216.07314975799184
4804.748779058456, 2056.3138546378846, 216.07314975799184
4805.2534284591675, 2056.3138546378846, 216.07314975799184
4805.910667419434, 2126.9940003492065, 7559.011463821698
4806.422296524048, 1981.3910670948042, 2030.9876190659493
4806.928939342499, 1679.654023471098, 2464.003746688486
4807.265038967133, 1679.654023471098, 2464.003746688486
4808.423935890198, 2030.4012268349175, 1752.9024766762404
4808.946535348892, 3488.8833766626144, 2363.922617282822
4809.414282083511, 1807.701158304968, -8348.0776503448
4809.753375053406, 1807.701158304968, -8348.0776503448
4810.420588493347, 2609.0621670084174, 1756.9608582655753
4810.944184303284, 2219.843528316567, 34.67799786820015
4811.31319642067, 2219.843528316567, 34.67799786820015
4812.014332771301, -1474.1633001394525, 1461.5014951436528
4812.486054897308, 2163.648467938253, 2112.7069783824923
4812.939839601517, 837.6775766767277, 1679.1024435049412
4813.461441993713, 1499.3865868777455, 1695.943892538897
4814.088762044907, 1637.1702025196175, 1274.1726649062662
4814.442814350128, 2001.7037558101083, 1623.5646187821403
4814.797862768173, 2001.7037558101083, 1623.5646187821403
4815.285588264465, 2001.7037558101083, 1623.5646187821403
4816.439505815506, 2439.0601206976476, -36127.48477739641
4816.956121444702, 2107.277036017862, 2001.087708996636
4817.456780433655, 1658.052654633732, 1955.8753673321248
4817.942479610443, 2410.075442577401, 2142.0053967041513
4818.433165311813, 1898.9570578610178, 1772.55593676266
4818.777243375778, 1898.9570578610178, 1772.55593676266
4819.445454597473, 1907.778012662339, 1607.3424867225483
4819.941128492355, 2016.8483877180086, 1355.5321670281578
4820.267252922058, 2016.8483877180086, 1355.5321670281578
4820.754947423935, 2016.8483877180086, 1355.5321670281578
4821.253610134125, 2016.8483877180086, 1355.5321670281578
4821.751276731491, 2016.8483877180086, 1355.5321670281578
4822.254928588867, 2016.8483877180086, 1355.5321670281578
4822.928124904633, 73285.47617619247, 2489.348007944488
4826.438723325729, 1107.7155917794894, 1931.459702342491
4826.929408788681, -134.2184233001065, 3212.9247437889535
4827.43704867363, 1724.448170369254, 1819.365351620471
4827.790103673935, 1724.448170369254, 1819.365351620471
4828.450333595276, 2598.9878333130277, 890.0553288606861
4828.7724714279175, 2598.9878333130277, 890.0553288606861
4829.441710948944, 1973.2048301308005, 1078.5415097742782
4829.7957310676575, 1973.2048301308005, 1078.5415097742782
4830.416069030762, 3572.3483973843454, 1863.222539185119
4830.974573373795, 2040.5913295668126, 2808.395104213511
4831.300700187683, 2040.5913295668126, 2808.395104213511
4831.794377326965, 2040.5913295668126, 2808.395104213511
4832.306007146835, 2040.5913295668126, 2808.395104213511
4832.951282978058, 1849.901009563136, 1698.093589807071
4833.27641248703, 1849.901009563136, 1698.093589807071
4833.944622516632, 1925.0526821526653, 2652.808976136497
4834.44428396225, 1109.0631912267788, 2814.1907160722276
4834.937962293625, 2111.6176794432517, 34712.957287862184
4835.438620328903, 2106.604986355068, 1946.6218510400092
4835.940276861191, 2026.6051394102863, 2687.243299961967
4836.293332099915, 2026.6051394102863, 2687.243299961967
4836.795984745026, 2026.6051394102863, 2687.243299961967
4837.2756996154785, 2026.6051394102863, 2687.243299961967
4838.012725830078, 557.0221649633129, 1811.8056667664212
4838.409662723541, 2357.77071473771, 2900.310276146075
4838.946225166321, 1024.377281413171, 2232.503346810483
4839.443892478943, 2026.8191977425945, 1802.3937105836674
4839.9854419231415, 2564.1463950320363, 1292.070554322135
4840.462164878845, 1280.7655726920732, 2665.727645973539
4840.92791724205, 2172.412483516842, 2473.7166406084457
4842.519654512405, 2117.8948566194267, 1478.4492304409864
4842.875700235367, 2117.8948566194267, 1478.4492304409864
4843.355415344238, 2117.8948566194267, 1478.4492304409864
4843.9268844127655, 2065.02722347547, 1795.080300791315
4844.4704394340515, 3401.552788532057, 1088.081472338827
4844.973092556, 2473.7827917533987, 2369.493544859829
4845.540573120117, 1853.2447578628137, 2976.652659098077
4845.826805830002, 1853.2447578628137, 2976.652659098077
4846.911898612976, 2056.3882688276194, 1490.628130789717
4847.40956568718, 3410.4690796388427, 1567.943384915367
4847.761624574661, 3410.4690796388427, 1567.943384915367
4848.252308130264, 3410.4690796388427, 1567.943384915367
4848.927498817444, 2323.784507176731, 2277.983993785143
4849.418186426163, 2445.41414241801, 920.3151393785047
4849.966717243195, 1818.1504170915766, 1023.2865606980032
4850.493307828903, 2049.321991406686, 2760.890846929286
4850.813449382782, 2049.321991406686, 2760.890846929286
4851.468692302704, 1981.03490293924, 933.9376626763243
4851.768890142441, 1981.03490293924, 933.9376626763243
4852.431116580963, 1983.523420795034, 2565.4492924884407
4852.950724124908, 2113.0754617973325, -53923.92156338176
4853.5182049274445, 2243.3319900869765, 1839.7854464048748
4854.040804862976, 1694.9340257790548, 1894.8932831958816
4854.305095434189, 1694.9340257790548, 1894.8932831958816
4854.8127365112305, 1694.9340257790548, 1894.8932831958816
4855.453021764755, 1990.2000632110994, 2423.217961885192
4855.958667755127, 1909.869422208077, 2046.9045734419265
4856.282799243927, 1909.869422208077, 2046.9045734419265
4856.9071254730225, 2258.222948460664, 2344.5432668165568
4857.44767832756, 1983.6147290602562, 1464.7339239915389
4857.946342229843, 2623.3003750077614, 1226.3335592342128
4858.412094831467, 1893.5639346031414, 2165.676456965041
4858.974589347839, 2510.819758214896, 1667.3799769025638
4859.324652194977, 2510.819758214896, 1667.3799769025638
4859.806363105774, 2510.819758214896, 1667.3799769025638
4860.452630519867, 530.4852636967661, 1471.7733078946333
4860.815658330917, 530.4852636967661, 1471.7733078946333
4861.300359010696, 530.4852636967661, 1471.7733078946333
4861.805007696152, 530.4852636967661, 1471.7733078946333
4862.293697595596, 530.4852636967661, 1471.7733078946333
4862.928000450134, 2191.921816726348, 2125.217014220694
4863.286041975021, 2191.921816726348, 2125.217014220694
4863.753788471222, 2191.921816726348, 2125.217014220694
4864.26841044426, 2191.921816726348, 2125.217014220694
4864.761089801788, 2191.921816726348, 2125.217014220694
4865.261748313904, 2191.921816726348, 2125.217014220694
4865.929959058762, 1686.7216223672297, 2932.213829986571
4866.408677816391, 1379.4407686399445, 466.8880488866642
4866.9691751003265, 5126.365744075177, 3044.935986091034
4867.443905115128, 1663.1432838127334, 2500.735223502817
4867.929602146149, 2057.4538625422338, 1485.2086065308306
4868.431260347366, 1605.9855362103, 1934.5356226052343
4868.9538588523865, 116961.33626239774, 2342.2776465177453
4869.464492321014, 2192.2892281070312, 2623.055520817287
4869.979113101959, 2049.2102928206173, 1946.7661474775678
4870.458827495575, 2064.236535646532, 1251.5408222702647
4870.764011621475, 2064.236535646532, 1251.5408222702647
4871.459149122238, 3366.429687089976, 2344.6343078636355
4871.936869382858, 2075.2388629280913, 2846.0703976482014
4872.271971940994, 2075.2388629280913, 2846.0703976482014
4872.944171667099, 2390.560821059127, 1835.0674005244487
4873.2862548828125, 2390.560821059127, 1835.0674005244487
4873.994358539581, 1247.8118115877248, 4223.2749477066645
4874.443156719208, 2308.2685776059607, 1486.463674321716
4874.7922213077545, 2308.2685776059607, 1486.463674321716
4875.307840585709, 2308.2685776059607, 1486.463674321716
4876.020931959152, 2164.714159091259, 1076.454989318674
4876.366005897522, 2164.714159091259, 1076.454989318674
4876.871651887894, 2164.714159091259, 1076.454989318674
4877.354358911514, 2164.714159091259, 1076.454989318674
4877.860003948212, 2164.714159091259, 1076.454989318674
4878.457404613495, 2176.00401181222, 904.9533209635603
4878.961055517197, 1763.314304225443, 1429.2584797179154
4879.443763494492, 2814.716499367651, 1863.184702921947
4879.897547245026, -146793.3207784288, 1447.6663542125352
4880.248608112335, -146793.3207784288, 1447.6663542125352
4880.734306335449, -146793.3207784288, 1447.6663542125352
4881.237957715988, -146793.3207784288, 1447.6663542125352
4881.730637073517, -146793.3207784288, 1447.6663542125352
4882.249247074127, -146793.3207784288, 1447.6663542125352
4882.74791264534, -146793.3207784288, 1447.6663542125352
4883.235606431961, -146793.3207784288, 1447.6663542125352
4883.958670139313, 1903.4918946091368, 2487.490954238471
4884.427413225174, 64.55624384727967, 1361.5219627782064
4885.947341680527, 1451.1028709856953, 2531.574729561747
4886.513825178146, 2482.6184559781245, 1499.7527336052474
4886.838955402374, 2482.6184559781245, 1499.7527336052474
4887.4353568553925, 1957.6876445141106, 1505.1774090972829
4887.772454738617, 1957.6876445141106, 1505.1774090972829
4888.422711610794, 2859.368313749845, 1865.8953785878093
4888.959276437759, 3132.8481504933743, 548.3987325250714
4889.259471416473, 3132.8481504933743, 548.3987325250714
4889.778081417084, 3132.8481504933743, 548.3987325250714
4890.419363737106, 3090.480282111558, 2255.9002457422525
4890.915037155151, 2573.863614177233, 2350.5448729509226
4891.411708831787, 1932.0789644360389, 134.39009636644224
4891.937298297882, 2149.1467839127567, 1736.7375116930775
4892.272401809692, 2149.1467839127567, 1736.7375116930775
4892.952580451965, -4168.359514312272, 2878.829279116472
4893.4203271865845, 2277.7393619136506, 1722.6202103644725
4893.889070987701, 2033.8449880605651, 2387.22658839614
4894.456552505493, 2145.673564598113, 2363.494849459263
4894.793648004532, 2145.673564598113, 2363.494849459263
4895.289321184158, 2145.673564598113, 2363.494849459263
4895.914645910263, 624.51078610705, 2225.8024557358876
4896.445224046707, 3428.762053619807, 1644.867620629695
4896.945884943008, 1898.1357462500505, 2510.561046925811
4897.444547891617, 3957.963554888441, 2694.228378850669
4897.769677400589, 3957.963554888441, 2694.228378850669
4898.273328304291, 3957.963554888441, 2694.228378850669
4898.765011787415, 3957.963554888441, 2694.228378850669
4899.265669822693, 3957.963554888441, 2694.228378850669
4899.915926933289, 2151.908214870951, 1549.1187547953423
4900.273970603943, 2151.908214870951, 1549.1187547953423
4900.919242620468, 2198.3974188684274, 1540.7260018826007
4901.2483587265015, 2198.3974188684274, 1540.7260018826007
4901.762980222702, 2198.3974188684274, 1540.7260018826007
4902.270620584488, 2198.3974188684274, 1540.7260018826007
4902.967752695084, 2045.414622032601, 1488.3442245031472
4903.469409704208, 2002.2417134075777, 1794.8765335210123
4903.953113794327, 2009.8576535755765, 2930.0918778407
4904.255306005478, 2009.8576535755765, 2930.0918778407
4904.941466093063, 2035.8720066700662, 1533.6682163715273
4905.401235103607, 2030.4883524798165, 2908.4908004431095
4905.9248332977295, 3370.7276918687357, 2436.8543124803487
4906.438498735428, 2354.8456721150333, 1912.1999060505443
4906.777590036392, 2354.8456721150333, 1912.1999060505443
4907.4318380355835, 2438.281011372852, 912.3255489137082
4907.903573513031, 1793.038256217914, 1607.3721485156177
4908.253637313843, 1793.038256217914, 1607.3721485156177
4908.888935089111, 3631.8155604896406, 2746.785192235633
4909.4773581027985, 1720.9802756813203, 1964.6295911339096
4909.8154537677765, 1720.9802756813203, 1964.6295911339096
4910.459754228592, 1977.8448569231416, 1363.2524788922492
4910.801837205887, 1977.8448569231416, 1363.2524788922492
4911.309477806091, 1977.8448569231416, 1363.2524788922492
4911.943778991699, 2084.8780386280528, 809.7968891736463
4912.613983154297, 3423.022377297795, 247.04125792261866
4913.4347858428955, 3216.3033144423516, 2688.7148608322127
4913.839701414108, 3216.3033144423516, 2688.7148608322127
4914.449068069458, 2055.3293655362318, 2025.0995562431008
4914.956708192825, 1919.526068920208, 1641.29588856181
4915.2938051223755, 1919.526068920208, 1641.29588856181
4916.030831813812, 1960.4706589082473, 2111.0672611326067
4916.315070390701, 1960.4706589082473, 2111.0672611326067
4916.975302696228, 1300.825075649534, 1906.0250635830091
4918.435390710831, 2262.9476145093136, 1678.3135176836563
4918.968961715698, 2072.732952987253, 2629.7272484282676
4919.422746181488, 1875.4223005855551, 2199.827744645193
4919.963298082352, 2268.5225731275345, 2042.681631280584
4920.541749954224, 1995.5332799435535, 2102.00383131378
4920.940680027008, 3181.235093643535, 2327.9752713439793
4921.4213926792145, 2155.2580184253343, 1619.4520184453775
4921.7724533081055, 2155.2580184253343, 1619.4520184453775
4922.393789768219, 2682.0208805967404, 908.2487536534185
4922.742853164673, 2682.0208805967404, 908.2487536534185
4923.251492023468, 2682.0208805967404, 908.2487536534185
4923.963583469391, 2017.7350234239732, 2713.9325587677326
4924.435319900513, 2568.719123887043, 2628.96653281983
4924.928000688553, 2807.0724984459753, 2631.8636774776746
4925.262105226517, 2807.0724984459753, 2631.8636774776746
4925.758775234222, 2807.0724984459753, 2631.8636774776746
4926.415017127991, 2038.5258250389122, 1977.1063260289252
4928.046647310257, 1596.153478070673, 2458.992220391915
4928.373771429062, 1596.153478070673, 2458.992220391915
4928.9771547317505, 2139.7587607690457, 2174.6525170993514
4929.45188331604, 2182.8233229578677, 2149.513632775827
4929.749087333679, 2182.8233229578677, 2149.513632775827
4930.429265737534, 2726.6249546443555, 1658.3659979237427
4930.765365123749, 2726.6249546443555, 1658.3659979237427
4931.2650265693665, 2726.6249546443555, 1658.3659979237427
4931.941215276718, 1771.2622134331525, 2458.1806015962707
4932.420930862427, 1714.8411757314154, 1517.8392218809738
4932.904634714127, 1724.8154344257323, 1514.0722314805198
4933.248713254929, 1724.8154344257323, 1514.0722314805198
4933.733415842056, 1724.8154344257323, 1514.0722314805198
4934.257013320923, 1724.8154344257323, 1514.0722314805198
4934.968108177185, 2070.492065589891, 1445.8302565752235
4935.453837633133, 2046.4598732220181, 1398.7038488646408
4935.929562568665, 1844.7200311728946, 1080.71178094639
4936.2586805820465, 1844.7200311728946, 1080.71178094639
4936.966783761978, 1909.9796650197925, 2406.308143866861
4937.437523841858, 3142.51180700523, 2000.2385398294025
4937.9641127586365, 1532.3389431223964, 1159.5736208169008
4938.415902853012, 2006.241325045282, 1466.5344827026374
4938.7629725933075, 2006.241325045282, 1466.5344827026374
4939.241691112518, 2006.241325045282, 1466.5344827026374
4939.936829328537, 1887.0712122796056, 2712.4650453870345
4940.444468975067, 2050.5918026392483, 1748.86382281583
4940.793534517288, 2050.5918026392483, 1748.86382281583
4941.408885955811, 1900.1796770805277, 1370.02129161067
4941.929491996765, 1810.2820966591003, 289.6768485049961
4942.431147813797, 2040.1651142343062, 1461.002700854349
4943.000622749329, 1441.167765742872, 2990.3594559181665
4943.352680206299, 1441.167765742872, 2990.3594559181665
4943.926143884659, 1968.4920819945553, 1472.0615177275383
4944.276206970215, 1968.4920819945553, 1472.0615177275383
4944.900533437729, 1456.653299890946, 1438.8465917767815
4945.418147325516, 1456.135136012488, 1438.9811206195307
4945.932768583298, 1456.1806543671478, 1438.6387276161909
4946.407497406006, 1456.3653335171707, 1438.8774309296468
4946.889208078384, 1456.4140814333844, 1438.1730709462022
4947.239269733429, 1456.4140814333844, 1438.1730709462022
4947.728957414627, 1456.4140814333844, 1438.1730709462022
4948.223675966263, 1456.4140814333844, 1438.1730709462022
4948.929783821106, 1456.6352772834118, 1439.050243667963
4949.228982925415, 1456.6352772834118, 1439.050243667963
4949.72465467453, 1456.6352772834118, 1439.050243667963
4950.3858852386475, 1456.0270786173305, 1438.2056036082533
4950.735946416855, 1456.0270786173305, 1438.2056036082533
4951.228626728058, 1456.0270786173305, 1438.2056036082533
4951.729286670685, 1456.0270786173305, 1438.2056036082533
4952.231940031052, 1456.0270786173305, 1438.2056036082533
4952.7345933914185, 1456.0270786173305, 1438.2056036082533
4953.245225906372, 1456.0270786173305, 1438.2056036082533
4953.74090051651, 1456.0270786173305, 1438.2056036082533
4954.422073602676, 1456.174153554466, 1438.1770776401197
4954.882839202881, 1456.4221998572382, 1438.2417573312232
4955.2219314575195, 1456.4221998572382, 1438.2417573312232
4955.883159637451, 1456.3302092429487, 1437.7178913510388
4956.387807846069, 1456.391446378336, 1438.9753770256013
4956.889464378357, 1456.174336467021, 1438.2035931519472
4957.397104740143, 1456.2916930652589, 1438.4632881117661
4957.7292149066925, 1456.2916930652589, 1438.4632881117661
4958.2318687438965, 1456.2916930652589, 1438.4632881117661
4958.895092010498, 1456.2668749797365, 1438.2559196045709
4959.396748304367, 1456.3408768300205, 1437.8802697871376
4959.884442090988, 1456.1736270435192, 1439.41729036982
4960.22453212738, 1456.1736270435192, 1439.41729036982
4960.875787258148, 1456.2845813962601, 1438.6582209224516
4961.399384975433, 1456.204596423753, 1438.4806121024678
4961.901041030884, 1456.299215069017, 1438.6719758083595
4962.247114181519, 1456.299215069017, 1438.6719758083595
4962.867452144623, 1456.0804288538584, 1438.8106390535302
4963.389055013657, 1456.5028265033554, 1439.2026652722188
4963.8787434101105, 1456.355164591471, 1438.69623260147
4964.375413656235, 1455.8585051658097, 1438.7004182012572
4964.909982919693, 1456.6805443241612, 1438.3691515211524
4965.38471031189, 1456.6539963236887, 1438.48058477217
4965.882377386093, 1456.4665110160386, 1438.817822400888
4966.221468925476, 1456.4665110160386, 1438.817822400888
4966.884692192078, 1456.28973150512, 1438.407269570935
4967.382359027863, 1456.385935499038, 1438.2288574808556
4967.7244436740875, 1456.385935499038, 1438.2288574808556
4968.387666225433, 1455.9307593812277, 1438.4168144211046
4968.878352642059, 1456.270619675795, 1438.6690391155507
4969.381005764008, 1456.5479530382215, 1438.4779734955266
4969.905601263046, 1456.0870577724118, 1438.6078787817105
4970.2297332286835, 1456.0870577724118, 1438.6078787817105
4970.905921936035, 1456.493858059406, 1438.753540272566
4971.231050491333, 1456.493858059406, 1438.753540272566
4971.890285730362, 1456.0904472099555, 1438.672284391384
4972.3859577178955, 1456.1226951611336, 1439.0165043297463
4972.883624076843, 1456.2802416890363, 1438.2493503381183
4973.387275457382, 1456.4266160127966, 1438.9830377507826
4973.733348846436, 1456.4266160127966, 1438.9830377507826
4974.2300181388855, 1456.4266160127966, 1438.9830377507826
4974.901220083237, 1456.5842579594214, 1438.5464010279356
4975.410855293274, 1456.2653517838849, 1438.367860084354
4975.9165008068085, 1456.0671323043352, 1437.9992325468647
4976.230659008026, 1456.0671323043352, 1437.9992325468647
4976.718352556229, 1456.0671323043352, 1437.9992325468647
4977.382573843002, 1456.3603605825567, 1438.8385064442248
4977.7196707725525, 1456.3603605825567, 1438.8385064442248
4978.227311372757, 1456.3603605825567, 1438.8385064442248
4978.907489061356, 1456.4616107192426, 1438.4161644105277
4979.42310833931, 1456.361474776746, 1438.004194704665
4979.8918533325195, 1456.2672929247146, 1439.114883324051
4980.382538318634, 1456.387229627833, 1438.974195824828
4980.894172668457, 1456.315247042115, 1438.8015319218437
4981.420757770538, 1455.676324937937, 1438.9427415596538
4982.483910322189, 2037.0817682665258, 415.9767562653862
4982.994542121887, 1707.5936698695252, 588.3041855938948
4983.556038141251, 3364.1832949357604, 642.0417651954716
4984.0945954322815, 1697.0512819005196, 595.326753732305
4984.413740634918, 1697.0512819005196, 595.326753732305
4985.007151126862, 2247.263704444672, 82.51202867797967
4985.473901510239, 1598.0690785261352, 804.9884297926191
4985.84490776062, 1598.0690785261352, 804.9884297926191
4986.499155282974, 3535.826071747, 426.0737534762348
4986.966902017593, 1400.1529440525583, 133.94932559102702
4987.565299272537, -89.39749077470763, 568.348354710782
4987.844551563263, -89.39749077470763, 568.348354710782
4988.423007726669, 3319.809152183196, 506.2499517288613
4988.969543933868, 3273.774156348398, 328.3935819470704
4989.4761872291565, 3570.414448584473, 46.2468085788067
4989.827246904373, 3570.414448584473, 46.2468085788067
4990.437611579895, 3361.319364575192, 482.9778441316782
4990.811609983444, 3361.319364575192, 482.9778441316782
4992.954884290695, 3165.0640817845347, -1969.4317508844908
4993.476486682892, 3652.148435907834, 320.37322302376185
4993.968169927597, 663.3678419777552, 544.7370303678067
4995.064235687256, 1976.1506822971537, 58.039191739009276
4995.385373592377, 1976.1506822971537, 58.039191739009276
4995.9937443733215, 2123.6114981181286, 1756.8481596802371
4996.449523687363, 532.2114334327669, 2516.2717462854625
4997.108757734299, 2196.7581530126104, 85.07637071735722
4997.619389772415, 3268.1550013050132, 1076.5747971722385
4998.4960424900055, 2660.6128191346934, 480.7024645656898
4998.941848039627, 2227.917136886671, 312.8271762854805
4999.523292303085, 3547.4675234309293, 1491.1629858662652
5000.080797672272, 2316.3417401678594, 836.4999999999629
5000.516629695892, 2583.080726243944, -3351.5473895338423
5000.852729320526, 2583.080726243944, -3351.5473895338423
5001.477057218552, 2057.5988191176943, 2531.409783835404
5002.013619661331, 3158.4986298328513, 1958.5255734937264
5002.471396446228, 2944.4318552996606, 2461.3804025923696
5004.000334978104, 3194.356163037029, 1482.250403769057
5005.495304584503, 390.3577566126892, 610.0039188839006
5005.810451507568, 390.3577566126892, 610.0039188839006
5006.31415271759, 390.3577566126892, 610.0039188839006
5006.816806316376, 390.3577566126892, 610.0039188839006
5007.946780204773, 2061.6147173813547, 426.7274979225437
5008.450430631638, 1340.0707189936659, 885.7026765887132
5008.961063146591, 3223.8614329228953, 492.517416134401
5009.285192966461, 3223.8614329228953, 492.517416134401
5009.990306377411, 1902.158552740496, 1954.0231695794737
5010.431125402451, 1085.3501503364432, 246.6837321520986
5010.929790496826, 41368.080983088556, 236.80817314786796
5011.422478199005, 1300.9036854016172, 424.1812542184485
5011.79646730423, 1300.9036854016172, 424.1812542184485
5012.448721170425, 469.7282526307788, 646.4669164017865
5012.964340209961, 19.2482798972974, 518.0675563975476
5013.445053100586, 217.86927766800918, 1150.6080857390045
5013.93075466156, 817.6445039963887, 1200.440104338925
5014.429439544678, 951.1003741001815, 712.599557181851
5014.9310734272, 334.21330555311465, 52.748826146180164
5015.266200304031, 334.21330555311465, 52.748826146180164
5015.916458368301, 309.6043499815237, 1134.242139193118
5016.4410536289215, 613.4421139042108, 448.4171627231168
5017.001552581787, 213.77585198916555, 30.118167748744483
5017.45533657074, 101.0000000000594, -7612.348078732693
5017.95898771286, 1033.322927866521, 465.42990984874257
5018.292095422745, 1033.322927866521, 465.42990984874257
5018.780786752701, 1033.322927866521, 465.42990984874257
5019.459967374802, 238.56431133298562, 691.3035986324511
5019.942674160004, -242.33799024064015, 592.4702669453151
5020.46128487587, 555.8818589738713, 420.6652098281304
5020.946984052658, 351.64404207714745, 431.79218836970966
5021.27211356163, 351.64404207714745, 431.79218836970966
5021.928355693817, 421.01367397090894, 880.4857299256711
5022.439985513687, 1411.8186478741661, 718.1643307006893
5022.909727573395, 881.6980263137125, 1295.105297265131
5023.427409887314, 1213.9586641873275, 997.8475596410832
5023.935049533844, 336.8413600546674, 1475.257367306017
5024.417759656906, 1142.6505471485411, 244.1616686770044
5024.745878696442, 1142.6505471485411, 244.1616686770044
5025.250526666641, 1142.6505471485411, 244.1616686770044
5025.92774105072, 1172.1032278980883, 409.799173549917
5026.271792888641, 1172.1032278980883, 409.799173549917
5026.930027961731, 1446.6191829925, -1978.7184065294266
5027.2840802669525, 1446.6191829925, -1978.7184065294266
5027.919379234314, 612.3570885838692, 539.547027491432
5028.461925029755, 655.3945653304381, 628.3350183508018
5028.929672241211, 926.017147682613, 1254.3188112536873
5029.443297147751, 223.20790785873027, 937.3254878651258
5029.905059814453, -1034.7631269270316, 168.8434606231888
5030.252130031586, -1034.7631269270316, 168.8434606231888
5030.922336816788, 406.6403037759061, 624.473629388089
5031.503806114197, 1174.8073405589557, 1578.5937667811784
5031.957562208176, 1654.6494350547882, 207.5561436598925
5032.300643444061, 1654.6494350547882, 207.5561436598925
5032.916024446487, 603.3485857121796, 1456.705516483999
5033.410668849945, 1262.1796919711758, 303.1390317325163
5033.988122701645, 1374.1850076971555, 286.0208230822208
5034.30926322937, 1374.1850076971555, 286.0208230822208
5034.799948692322, 1374.1850076971555, 286.0208230822208
5035.311579704285, 1374.1850076971555, 286.0208230822208
5035.793287754059, 1374.1850076971555, 286.0208230822208
5036.284970283508, 1374.1850076971555, 286.0208230822208
5036.7946054935455, 1374.1850076971555, 286.0208230822208
5037.2942678928375, 1374.1850076971555, 286.0208230822208
5037.92457985878, 1227.3974223854952, 1526.3865942202387
5038.269654035568, 1227.3974223854952, 1526.3865942202387
5038.9338755607605, 1618.5941234865456, 4434.977639965769
5039.287927865982, 1618.5941234865456, 4434.977639965769
5039.919236421585, 1298.6956012004905, 1194.33693952265
5040.256334066391, 1298.6956012004905, 1194.33693952265
5040.750012397766, 1298.6956012004905, 1194.33693952265
5041.249674081802, 1298.6956012004905, 1194.33693952265
5041.926859378815, 397.9896777704303, 624.6217389699929
5042.269940137863, 397.9896777704303, 624.6217389699929
5042.767636060715, 397.9896777704303, 624.6217389699929
5043.402905464172, 65075.77270796581, 368.0874804235919
5043.904562711716, 216.00105369302773, 277.72833547915354
5044.5039575099945, 2919.0070323244227, 2848.439475354133
5044.845042705536, 2919.0070323244227, 2848.439475354133
5045.347696304321, 2919.0070323244227, 2848.439475354133
5045.8333966732025, 2919.0070323244227, 2848.439475354133
5046.585380792618, 642.2782106474407, 139091.52039895588
5046.924473285675, 807.6979510655204, 660.1160245434963
5047.445079565048, 1609.6260012353914, 1412.74042263005
5047.956708431244, 2737.6560346868323, 51.99784236851536
5048.245933055878, 2737.6560346868323, 51.99784236851536
5048.929103374481, 1079.1865050732888, 20.000000000000146
5049.241267681122, 1079.1865050732888, 20.000000000000146
5049.746912956238, 1079.1865050732888, 20.000000000000146
5050.441055774689, 28572.231711994085, -422.2531646258906
5050.936725854874, 589.9607495841282, -195.3828815908496
5051.263880491257, 589.9607495841282, -195.3828815908496
5051.925078630447, 2188.5026873078073, 12.42033150279223
5052.425737380981, 1933.7378014088913, 22.499643581535825
5052.750867605209, 1933.7378014088913, 22.499643581535825
5053.259505033493, 1933.7378014088913, 22.499643581535825
5053.73822426796, 1933.7378014088913, 22.499643581535825
5054.246861219406, 1933.7378014088913, 22.499643581535825
5054.978899002075, 2632.1617199700086, 2932.035949229673
5055.339931964874, 2632.1617199700086, 2932.035949229673
5055.840592384338, 2632.1617199700086, 2932.035949229673
5056.410066604614, -14998.301598339052, 14.634523418032748
5056.757136821747, -14998.301598339052, 14.634523418032748
5057.255800962448, -14998.301598339052, 14.634523418032748
5057.764439105988, -14998.301598339052, 14.634523418032748
5058.253129959106, -14998.301598339052, 14.634523418032748
5058.750796556473, -14998.301598339052, 14.634523418032748
5059.2564425468445, -14998.301598339052, 14.634523418032748
5059.758099317551, -14998.301598339052, 14.634523418032748
5060.4024024009705, 1399.3274404036665, 14.166788025548342
5060.9000697135925, 1392.4583310528715, -2066.852196100762
5061.42566204071, 55.731496561916614, 0.5247394373694464
5061.96222448349, 1158.637991804919, 29.41485793827189
5062.456900835037, 1443.6181866801337, 5.462314508184109
5062.9196600914, 1381.260039852839, -7.793407073868019
5063.259749412537, 1381.260039852839, -7.793407073868019
5063.747442960739, 1381.260039852839, -7.793407073868019
5064.398698568344, 1295.720536457676, 5.495516708223827
5064.896365880966, 1348.0920080185092, 18.109317813397244
5065.242439508438, 1348.0920080185092, 18.109317813397244
5065.745092391968, 1348.0920080185092, 18.109317813397244
5066.388369560242, 1215.4211643451422, 0.2712961866981442
5066.908975124359, 1164.0467769397426, 17.455813994572015
5067.4006588459015, 1183.3385897435369, 3.6999145277883914
5067.736757993698, 1183.3385897435369, 3.6999145277883914
5068.407959938049, 1204.1362600584212, 6.85375032520885
5068.92258143425, 1203.0382202275155, 4.505360599727037
5069.420248508453, -9422.25475264677, 2.7637723591042787
5069.93287563324, 1204.6683694254718, 11.968680050247508
5070.433535337448, 1200.5908586782011, 0.21419665955749767
5070.745698690414, 1200.5908586782011, 0.21419665955749767
5071.46676659584, 1348.4347008393606, 5084.934437519711
5072.334443092346, 2511.0026821682795, 1067.2954062793888
5072.90092587471, 1198.6302801676343, 6.1058665118027315
5073.242011785507, 1198.6302801676343, 6.1058665118027315
5073.747657299042, 1198.6302801676343, 6.1058665118027315
5074.385947227478, 1202.07515598616, 2.9621158373065763
5074.898574590683, 1203.1354679614487, 6.7970202863388325
5075.404220342636, 1205.0611620583452, 0.7275180948217548
5075.88393497467, 1204.5530915423114, 5.260906306708238
5076.411522626877, 1202.8457421568164, 8.157279434634093
5076.91019153595, 1166.8413970643792, 6.266049031829119
5077.40087223053, 1204.1200283590558, -1403.0796628919395
5077.897541761398, 1207.4653689088016, 8.236391701310337
5078.236634016037, 1207.4653689088016, 8.236391701310337
5078.743276596069, 1207.4653689088016, 8.236391701310337
5079.243936777115, 1207.4653689088016, 8.236391701310337
5079.753570556641, 1207.4653689088016, 8.236391701310337
5080.2332854270935, 1207.4653689088016, 8.236391701310337
5080.902493953705, 1213.2554628272285, 3.5934958902749856
5081.404196977615, 1213.4587612430971, 5.85611432512013
5081.905853509903, 1210.0341908385258, -24.869215582979354
5082.386566400528, 1210.1814932690463, 3.860457725743047
5082.746601819992, 1210.1814932690463, 3.860457725743047
5083.234323978424, 1210.1814932690463, 3.860457725743047
5083.737946271896, 1210.1814932690463, 3.860457725743047
5084.408176422119, 1232.382415343638, 9.404703341614798
5084.746270656586, 1232.382415343638, 9.404703341614798
5085.238951206207, 1232.382415343638, 9.404703341614798
5085.740606784821, 1232.382415343638, 9.404703341614798
5086.262210845947, 1232.382415343638, 9.404703341614798
5086.951364278793, 695.4786498410197, 794.9993958671472
5087.295442581177, 695.4786498410197, 794.9993958671472
5087.772166490555, 695.4786498410197, 794.9993958671472
5088.267838001251, 695.4786498410197, 794.9993958671472
5088.779467582703, 695.4786498410197, 794.9993958671472
5089.2791295051575, 695.4786498410197, 794.9993958671472
5089.775798797607, 695.4786498410197, 794.9993958671472
5090.274464130402, 695.4786498410197, 794.9993958671472
5090.941676616669, 1717.2522837751492, 126.98720844842455
5091.472254753113, 1404.9444788448595, 109.69062245889148
5091.94498872757, 1891.012569144413, 304.25793097595323
5092.401765346527, 751.2054921436669, 538.3636676908214
5092.912397384644, 673.8833411642108, 47.154143133963125
5093.412059783936, 1008.3151671158759, 27.00000000012947
5093.759130716324, 1008.3151671158759, 27.00000000012947
5094.268764734268, 1008.3151671158759, 27.00000000012947
5094.772415876389, 1008.3151671158759, 27.00000000012947
5095.273074626923, 1008.3151671158759, 27.00000000012947
5096.00411605835, 1380.8092942813687, 369.399039183432
5096.48383140564, 905.4951646050965, 28833.936652230142
5096.811952829361, 905.4951646050965, 28833.936652230142
5097.476173400879, 861.7724942486561, 360.29549981291996
5097.815265655518, 861.7724942486561, 360.29549981291996
5098.316921949387, 861.7724942486561, 360.29549981291996
5099.443902730942, 852.784101489731, 183.7174823313176
5099.951542854309, 798.2313773012854, 308.7939280769292
5100.457189798355, 598.1715892682048, 87.99010477931797
5100.789299488068, 598.1715892682048, 87.99010477931797
5101.289958715439, 598.1715892682048, 87.99010477931797
5101.9701364040375, 766.0312783664422, 847.9349507860561
5102.463814258575, 889.5856695054141, 146.49455323927424
5102.980430364609, 732.7511374281621, 18868.739842631938
5103.511009693146, 1224.5584989894962, 23.43338141982972
5103.988729953766, 1577.1377815090245, -173.87705154756685
5104.328819990158, 1577.1377815090245, -173.87705154756685
5105.041908502579, 242.55146349862068, 2139.292516042553
5105.43585395813, 1613.2472183745726, 835.1615901050931
5105.91357421875, 1207.9331810988533, 1089.2150805442113
5106.654589414597, 686.1082839688855, 137.15970747903123
5107.388622999191, 1195.796802815593, 1096.7052132938272
5107.896263599396, 1193.0198198433063, 1092.7033740645102
5108.4039041996, 1185.3121279969282, 1087.8122846938672
5108.892595529556, 1189.2038154502034, 1089.9437911195425
5109.23667550087, 1189.2038154502034, 1089.9437911195425
5109.735337257385, 1189.2038154502034, 1089.9437911195425
5110.389586925507, 1192.6801672715087, 1089.997113406408
5110.892238855362, 1187.2565074127124, 1088.0675170663994
5111.247288227081, 1187.2565074127124, 1088.0675170663994
5111.94841003418, 1178.693066421308, 1080.5159752577247
5112.4520609378815, 1164.2522533344131, 1082.267466979286
5112.893877744675, 1178.8262931947972, 1088.0553829459243
5113.445400953293, 1180.4763091480008, 1080.544743325443
5113.941073417664, 1177.9452335143499, 1091.4231423999686
5114.266201734543, 1177.9452335143499, 1091.4231423999686
5114.9294257164, 1181.6432492712502, 1079.9229591495252
5115.423102855682, 1182.5705113926242, 1083.6047810190892
5115.915783405304, 1180.3737543875893, 1087.7873602438017
5116.418437242508, 1178.7643607638306, 1088.4511826596668
5116.7635152339935, 1178.7643607638306, 1088.4511826596668
5117.451669216156, 1178.4231167354105, 1082.6820185648319
5117.912436723709, 1180.4174525463775, 1085.595261614982
5118.45298743248, 1181.7336837719226, 1089.9956868162524
5118.933708190918, 1175.382836771183, 1084.183126763509
5119.465276002884, 1179.1857702213715, 1089.973037825464
5119.754501104355, 1179.1857702213715, 1089.973037825464
5120.415729761124, 1176.7160113371992, 1084.0611432816584
5120.758811235428, 1176.7160113371992, 1084.0611432816584
5121.243514060974, 1176.7160113371992, 1084.0611432816584
5121.89875793457, 1179.0660786835142, 1087.136146998951
5122.385487794876, 1182.0905585628268, 1084.6533407237002
5122.893128395081, 1178.111141951338, 1085.3040254382051
5123.248243808746, 1178.111141951338, 1085.3040254382051
5123.749873161316, 1178.111141951338, 1085.3040254382051
5124.257513523102, 1178.111141951338, 1085.3040254382051
5124.892812013626, 1180.1590500267766, 1089.2386086490208
5125.238883495331, 1180.1590500267766, 1089.2386086490208
5125.893131971359, 1178.4592952010262, 1088.2982105815174
5126.402766942978, 1177.3390178839873, 1084.525456165414
5126.89445066452, 1176.5598155704429, 1088.7696886376607
5127.400096893311, 1179.2472715573392, 1087.1376601316297
5127.915714740753, 1182.0686595821794, 1081.7387159903778
5128.267771720886, 1182.0686595821794, 1081.7387159903778
5128.814307928085, 1182.0686595821794, 1081.7387159903778
5129.477530956268, 1175.5736554948978, 1086.9875474248238
5129.750799655914, 1175.5736554948978, 1086.9875474248238
5130.246472120285, 1175.5736554948978, 1086.9875474248238
5130.743142127991, 1175.5736554948978, 1086.9875474248238
5131.233826875687, 1175.5736554948978, 1086.9875474248238
5131.906027317047, 1179.671306902399, 1083.5728956925427
5131.9977815151215, 1179.671306902399, 1083.5728956925427
5132.410675525665, 1176.202358358817, 1085.35794332418
5132.892385482788, 1180.1297680561283, 1085.140126048492
5133.397035360336, 1172.8495662327641, 1087.5584882028618
5133.92661523819, 1181.9876971692502, 1090.2093029908594
5134.267699718475, 1181.9876971692502, 1090.2093029908594
5134.750407934189, 1181.9876971692502, 1090.2093029908594
5135.420611381531, 1180.2917382091034, 1084.3125853279062
5135.733773946762, 1180.2917382091034, 1084.3125853279062
5136.05192232132, 1180.2917382091034, 1084.3125853279062
5136.396000385284, 1181.288009652079, 1090.1150707437962
5136.742074012756, 1181.288009652079, 1090.1150707437962
5137.241734743118, 1181.288009652079, 1090.1150707437962
5137.930890798569, 1182.3744469108397, 1088.3320496866745
5138.410605669022, 1178.811398294029, 1091.711957437968
5138.743713140488, 1178.811398294029, 1091.711957437968
5139.247363328934, 1178.811398294029, 1091.711957437968
5139.899617671967, 1176.8093092927645, 1085.151326803342
5140.413241386414, 1179.1856292241152, 1079.2277811361666
5140.911904811859, 1179.616209187897, 1086.988455784536
5141.415554761887, 1171.52026263238, 1091.6848223136626
5141.741683006287, 1171.52026263238, 1091.6848223136626
5142.399924278259, 1176.7597786993967, 1087.5156998136695
5142.9095549583435, 1179.056652528363, 1090.2349101078926
5143.406222581863, 1182.3828789337576, 1095.3463427071388
5143.893918514252, 1181.728222356277, 1089.957662029678
5144.395602464676, 1178.893302807211, 1091.8610723467007
5144.898227214813, 1178.335500120637, 1089.290058785781
5145.244301319122, 1178.335500120637, 1089.290058785781
5145.9374442100525, 1182.0483120400152, 1080.0449743101456
5146.250605106354, 1182.0483120400152, 1080.0449743101456
5146.897869825363, 1186.2838455690492, 1087.1593286749371
5147.411496162415, 1179.3187020502312, 1085.7061210161082
5147.905173301697, 1179.8026075761932, 1091.319801543004
5148.4197952747345, 1176.125585715207, 1089.933271267565
5148.736946105957, 1176.125585715207, 1089.933271267565
5149.260543107986, 1176.125585715207, 1089.933271267565
5149.907811164856, 1431.6353143099857, 724.9213130120182
5150.579011440277, 2137.6609035682745, 72090.21938199473
5151.240239858627, 2484.4424016561397, 740.9911932458745
5152.293418645859, 2938.988086467249, 878.9872646836374
5152.915752649307, 1176.0982809407217, 1085.5354817577006
5153.468272924423, 1179.414050305244, 1084.7858284776844
5153.755503416061, 1179.414050305244, 1084.7858284776844
5154.715931653976, 826.9973282971903, 5.994477043425338
5155.48187828064, 826.9973282971903, 5.994477043425338
5156.024426698685, 1584.8010707407352, 1082.4322909775422
5156.495165109634, 923.0000068768032, 1353.015042046695
5156.804336071014, 923.0000068768032, 1353.015042046695
5157.676003456116, 1388.9991856869453, 629.9999999987768
5158.512761354446, 1388.9991856869453, 629.9999999987768
5158.9515907764435, 628.9999999986004, 78.00045929406852
5159.732498884201, 2827.853175650106, 52.00016711846232
5160.559284448624, 2827.853175650106, 52.00016711846232
5161.073905944824, 2827.853175650106, 52.00016711846232
5161.852820396423, 2270.992358645804, 910.4475984610333
5162.928939342499, 2032.0110039268357, 2376.0105967598793
5163.979124546051, 2920.6391925136168, 52.989265878658486
5164.834889411926, 3257.5917017952643, 2047.2166664710012
5165.7095465660095, -32757.856083246537, 1645.893484725596
5166.5622618198395, 898.826524705679, 163.98844223334157
5167.441906452179, 2768.5028313218363, 4.003445547760075
5167.980463981628, 3585.974604592004, 341.99999630220344
5168.308584928513, 3585.974604592004, 341.99999630220344
5169.240089416504, 1778.0586949047017, 212.98690231737302
5169.9840965271, 1387.9999787857018, 1672.000000001159
5170.319198846817, 1387.9999787857018, 1672.000000001159
5170.853767156601, 1387.9999787857018, 1672.000000001159
5171.964791536331, 2748.009731612604, 2923.012647124091
5172.760660171509, 2748.009731612604, 2923.012647124091
5173.967427253723, 3013.79465504123, 215.1996238411696
5174.5209448337555, 1662.3581440000396, 1731.4999999999939
5174.833108663559, 1662.3581440000396, 1731.4999999999939
5175.32678604126, 1662.3581440000396, 1731.4999999999939
5176.371986150742, 2374.0082440884726, 74.9876493851687
5177.213732481003, 2374.0082440884726, 74.9876493851687
5177.925825595856, 2156.3261191613506, 45.17769738403775
5178.989037036896, 3130.4333757038785, 1056.3397161366793
5179.915555715561, 2032.0033197504613, 2633.005514122884
5180.642608165741, 2032.0033197504613, 2633.005514122884
5181.63694524765, 2032.0033197504613, 2633.005514122884
5182.659207582474, 3466.0000548606317, 2240.7435628624185
5183.76823592186, 3456.98898012407, 2351.6302446196273
5184.603996992111, 3456.98898012407, 2351.6302446196273
5185.161506652832, 2089.9054395025096, 806.0902764589812
5186.008236885071, 2715.500004640716, 944.0000002956716
5186.79313492775, 694.5617408051058, 505.3703917770964
5187.618921995163, 694.5617408051058, 505.3703917770964
5188.532475471497, 874.0082527229007, 52.43883897847746
5189.409127235413, 874.0082527229007, 52.43883897847746
5190.007524490356, 1720.4119629246331, 273.0047440618164
5190.6388330459595, 3022.925310218867, 1021.0071207284393
5191.822662591934, 386.98570786400705, 2188.4999999981783
5192.644461154938, 1334.9926004123583, 1434.4952410436872
5193.5141315460205, 2659.1210647026055, 2954.5639995411343
5194.096571922302, 4189.260035771894, 2986.894545041417
5194.456607341766, 46.84207248399323, 1246.041087253085
5194.9393146038055, 30.339587878421277, 2150.199821635773
5195.285388469696, 30.339587878421277, 2150.199821635773
5196.014436006546, -78.14539303513062, 1237.7074553339805
5196.311639785767, -78.14539303513062, 1237.7074553339805
5196.962894439697, -49.50729159757395, 2629.090879651229
5197.299991130829, -49.50729159757395, 2629.090879651229
5197.958228349686, 21.402626619779184, 97.62355241182698
5198.469858169556, 4.710056673114095, 1106.3342709267013
5198.926635980606, 13.223869075578337, 1241.3916539890906
5199.255752563477, 13.223869075578337, 1241.3916539890906
5199.765387773514, 13.223869075578337, 1241.3916539890906
5200.463518857956, 3145.0000090535914, 251.9999996199566
5200.785655975342, 3145.0000090535914, 251.9999996199566
5201.2843198776245, 3145.0000090535914, 251.9999996199566
5202.119083404541, 2209.3290356012026, 1792.752762348033
5202.611764192581, 1902.2283452481192, 1541.011913552362
5202.888023614883, 1902.2283452481192, 1541.011913552362
5203.988077640533, 3240.436371242934, 2261.098672598103
5204.816858768463, 3240.436371242934, 2261.098672598103
5205.821167945862, 3240.436371242934, 2261.098672598103
5206.796555519104, 3240.436371242934, 2261.098672598103
5207.76097202301, 3240.436371242934, 2261.098672598103
5208.752316951752, 1931.000179308046, 2784.724180419789
5209.916198730469, 2364.6417598151315, 374.00742108131675
5210.676165103912, 2364.6417598151315, 374.00742108131675
5211.584730148315, 2364.6417598151315, 374.00742108131675
5212.079405069351, 2364.6417598151315, 374.00742108131675
5212.724677324295, 2364.6417598151315, 374.00742108131675
5213.731979608536, 2364.6417598151315, 374.00742108131675
5215.30576300621, 1930.9903520208222, 2289.9872283687896
5216.565389633179, 1930.9903520208222, 2289.9872283687896
5217.432067871094, 2270.010886456422, 374.49999999999727
5218.266832113266, 635.976300401176, 292.0081746227057
5219.027793645859, 3840.0972417358003, -584.9170568769
5219.671070814133, 58.84207782126285, 1200.765303864351
5220.36221909523, 58.84207782126285, 1200.765303864351
5220.998515129089, 393.84609605556557, 1234.0269532645937
5221.305693864822, 393.84609605556557, 1234.0269532645937
5222.023768901825, 393.33179266391227, 1233.8617985321353
5222.307010173798, 393.33179266391227, 1233.8617985321353
5222.799690723419, 393.33179266391227, 1233.8617985321353
5223.440973043442, 388.0670655490245, 1230.9861509494417
5223.961578845978, 385.67414263283985, 1224.260486317214
5224.305656909943, 385.67414263283985, 1224.260486317214
5224.829255580902, 385.67414263283985, 1224.260486317214
5225.459568500519, 390.9727187566979, 1227.3679012716598
5225.969201803207, 394.1538384526707, 1226.0092368141006
5226.47883605957, 388.5928495196589, 1224.6530935015458
5226.968525648117, 390.69181364069254, 1227.4625626894417
5227.294650793076, 390.69181364069254, 1227.4625626894417
5227.817251443863, 390.69181364069254, 1227.4625626894417
5228.3029499053955, 390.69181364069254, 1227.4625626894417
5228.998089313507, 388.90244061652794, 1232.2664061999924
5229.312247276306, 388.90244061652794, 1232.2664061999924
5229.7999403476715, 388.90244061652794, 1232.2664061999924
5230.28763461113, 388.90244061652794, 1232.2664061999924
5230.812229394913, 388.90244061652794, 1232.2664061999924
5231.451551437378, 392.64817916655755, 1239.3549562762246
5231.97017121315, 394.4971193394958, 1235.0810873472205
5232.297285556793, 394.4971193394958, 1235.0810873472205
5232.963501691818, 393.56837251564116, 1228.3896495357724
5233.290625333786, 393.56837251564116, 1228.3896495357724
5233.975790262222, 390.6634664550261, 1232.5192408225032
5234.304908275604, 390.6634664550261, 1232.5192408225032
5234.799583435059, 390.6634664550261, 1232.5192408225032
5235.299244880676, 390.6634664550261, 1232.5192408225032
5235.955493688583, 393.92109794464534, 1228.1979787456446
5236.466125965118, 385.7967199471157, 1232.544743901742
5236.993713855743, 387.60838553841745, 1233.4863945280974
5237.32781791687, 387.60838553841745, 1233.4863945280974
5237.817506313324, 387.60838553841745, 1233.4863945280974
5238.477737903595, 390.46565794929006, 1231.279340748729
5238.973410367966, 393.99876767365095, 1225.6137526153493
5239.450133323669, 393.2530073711846, 1229.7691465184869
5239.993677377701, 391.7722650432754, 1231.2934287565997
5240.542208909988, 390.85826585722924, 1234.0838992794481
5240.972056865692, 397.3398270826451, 1232.5758121551703
5241.487675666809, 394.1768270073173, 1231.9990967270041
5241.958415269852, 393.6350417972606, 1231.6006231342433
5242.295511960983, 393.6350417972606, 1231.6006231342433
5242.7951736450195, 393.6350417972606, 1231.6006231342433
5243.299821615219, 393.6350417972606, 1231.6006231342433
5243.971024274826, 392.76739104562444, 1235.3568562760672
5244.46769452095, 393.8282315651881, 1233.4728739218367
5244.966358423233, 396.0594477693422, 1233.4989264611038
5245.351327419281, 396.0594477693422, 1233.4989264611038
5246.040481567383, 397.0176919053931, 1232.5977738515753
5246.31375169754, 397.0176919053931, 1232.5977738515753
5246.830366611481, 397.0176919053931, 1232.5977738515753
5247.51951956749, 388.2886098778884, 1231.5866582708763
5247.828691482544, 388.2886098778884, 1231.5866582708763
5248.304418087006, 388.2886098778884, 1231.5866582708763
5248.811060667038, 388.2886098778884, 1231.5866582708763
5249.304737567902, 388.2886098778884, 1231.5866582708763
5249.82634139061, 388.2886098778884, 1231.5866582708763
5250.299074649811, 388.2886098778884, 1231.5866582708763
5250.967284917831, 387.80574456659866, 1223.4441789776101
5251.475922584534, 386.18892479011885, 1233.3453244690158
5251.934693098068, 416.43443948727355, 1225.2282360673346
5252.457294464111, 388.48894935781254, 1227.0881247536356
5252.937009334564, 352.05004957561596, 1364.2676774815336
5253.273108720779, 352.05004957561596, 1364.2676774815336
5253.982209205627, 394.95359427120246, 1228.2035967680868
5254.531737327576, 395.1206371959753, 1228.8561049700982
5254.987516641617, 399.0908735823081, 1230.5458703147801
5255.291704416275, 399.0908735823081, 1230.5458703147801
5255.970883607864, 395.74533816266387, 1226.5388834722005
5256.483510017395, 392.211331021464, 1229.9053955531563
5256.965219259262, 396.65380217781046, 1216.1366717026963
5257.501782655716, 391.94988854839744, 1232.8440904726738
5257.9894759655, 392.7709023116446, 1231.7061883009483
5258.4532334804535, 398.23763301659983, 1225.778096602808
5258.9828152656555, 394.5911509682146, 1225.1383342716474
5259.461533069611, 395.9945684278111, 1229.9776774935438
5259.9502239227295, 392.62793703046805, 1230.989590090261
5260.306270599365, 392.62793703046805, 1230.989590090261
5260.959520816803, 394.28171745259004, 1225.026320091406
5261.305593490601, 394.28171745259004, 1225.026320091406
5261.810242652893, 394.28171745259004, 1225.026320091406
5262.315887928009, 394.28171745259004, 1225.026320091406
5262.813555240631, 394.28171745259004, 1225.026320091406
5263.316208362579, 394.28171745259004, 1225.026320091406
5263.952504396439, 397.3980232753039, 1233.1736688420358
5264.45116853714, 394.40294630955407, 1231.957316057779
5264.815193653107, 394.40294630955407, 1231.957316057779
5265.471435546875, 394.47327965899785, 1229.6689414081004
5265.995033740997, 393.64300566557665, 1232.365664133338
5266.307196855545, 393.64300566557665, 1232.365664133338
5266.983386039734, 399.1074822213165, 1233.1223787948772
5267.299539089203, 399.1074822213165, 1233.1223787948772
5267.814161539078, 399.1074822213165, 1233.1223787948772
5268.456440448761, 394.834735132206, 1229.2530134672393
5268.802513122559, 394.834735132206, 1229.2530134672393
5269.306164264679, 394.834735132206, 1229.2530134672393
5269.955425024033, 399.14322099470314, 1233.7526090978558
5270.321444988251, 399.14322099470314, 1233.7526090978558
5270.9806797504425, 393.78481979649274, 1226.6341446396314
5271.501286268234, 394.0076646723151, 1228.0456608460547
5271.965042829514, 399.02646542164985, 1230.626893403403
5272.4657027721405, 394.6036417869706, 1223.7466735840212
5272.959379434586, 395.89422520757586, 1233.0018209997293
5273.3154265880585, 395.89422520757586, 1233.0018209997293
5273.982638835907, 390.22261297398757, 1231.3415639808277
5274.529174566269, 393.1601018802156, 1230.3285909177305
5274.808427333832, 393.1601018802156, 1230.3285909177305
5275.323048114777, 393.1601018802156, 1230.3285909177305
5276.00322675705, 395.11174794087924, 1228.167775574314
5276.295444488525, 395.11174794087924, 1228.167775574314
5276.789139986038, 395.11174794087924, 1228.167775574314
5277.350636720657, 395.11174794087924, 1228.167775574314
5277.8124005794525, 395.11174794087924, 1228.167775574314
5278.296103715897, 395.11174794087924, 1228.167775574314
5278.825684785843, 395.11174794087924, 1228.167775574314
5279.531793832779, 391.36343554356415, 1238.7614383008497
5280.003536224365, 395.5562948816779, 1230.777680846826
5280.501197338104, 398.6731689508033, 1234.9165462045928
5280.948997735977, 394.57754075505204, 1233.2957074159576
5281.467616319656, 393.690851562721, 1231.6863030029976
5281.954312324524, 396.20595605724924, 1224.8051338148289
5282.481898784637, 395.4994972171964, 1233.5035167001895
5282.970590353012, 391.91699277187115, 1231.885208053064
5283.465265512466, 392.22372148104915, 1232.6786999462877
5283.954952955246, 390.6310834689758, 1231.875551852754
5284.473564147949, 393.41227493559506, 1234.9206764051978
5284.967241764069, 394.9163194855033, 1239.795253318646
5285.492833852768, 395.4819743341111, 1226.589318525495
5285.799014091492, 395.4819743341111, 1226.589318525495
5286.305717945099, 395.4819743341111, 1226.589318525495
5286.798403501511, 395.4819743341111, 1226.589318525495
5287.497531175613, 394.54712179373564, 1231.6842374008065
5287.808697223663, 394.54712179373564, 1231.6842374008065
5288.479899644852, 394.9972304071915, 1234.779606171167
5288.948643684387, 397.7137753182011, 1229.838596125702
5289.459275722504, 387.259047118268, 1231.201393677763
5289.804351568222, 387.259047118268, 1231.201393677763
5290.304013490677, 387.259047118268, 1231.201393677763
5290.797690629959, 387.259047118268, 1231.201393677763
5291.461911916733, 385.8701431362273, 1231.527205049259
5291.940629482269, 391.638788203838, 1230.9780498294901
5292.4542536735535, 396.2541963290143, 1232.022909343589
5292.80730843544, 396.2541963290143, 1232.022909343589
5293.294005155563, 396.2541963290143, 1232.022909343589
5293.926310777664, 66.63818266739406, 1229.138217589021
5294.26939201355, 66.63818266739406, 1229.138217589021
5294.766061544418, 66.63818266739406, 1229.138217589021
5295.452223539352, 63.66903997775352, 1225.9035006580698
5295.980808019638, 44.88838364945707, 1318.62203089462
5296.300950288773, 44.88838364945707, 1318.62203089462
5296.973150014877, 4.623696992410503, 1313.6308592662851
5297.4179582595825, 4.55393525537684, 1236.8821848638654
5297.964494943619, 1.53095982249158, 1156.9788009933986
5298.45518040657, 9919.610549882434, 1178.1574955458789
5298.918938159943, 7.899788142535095, 1238.4802999315737
5299.446524858475, 3.5814361771552514, 1107.5472742514655
5299.914272069931, 13.066542907470867, 1233.9059153825674
5300.253363609314, 13.066542907470867, 1233.9059153825674
5300.762999296188, 13.066542907470867, 1233.9059153825674
5301.268644332886, 13.066542907470867, 1233.9059153825674
5301.767308712006, 13.066542907470867, 1233.9059153825674
5302.407593488693, 51.51993866219534, 1229.285908437914
5302.763641357422, 51.51993866219534, 1229.285908437914
5303.426863670349, 144.7601979838911, 1218.2946638432536
5303.782910585403, 144.7601979838911, 1218.2946638432536
5304.476054191589, 160.75781787639667, 1226.8402668539425
5304.965742111206, 157.57981616250916, 1221.2256312015343
5305.458423137665, 154.0196681881209, 1229.5239514662403
5305.931156396866, 54.29311019703187, 1223.67413533345
5306.267256736755, 54.29311019703187, 1223.67413533345
5306.770906925201, 54.29311019703187, 1223.67413533345
5307.402215480804, 202.0602949213695, 1225.6892185479987
5307.922821760178, 199.33874658986906, 1226.0467201542956
5308.269898176193, 199.33874658986906, 1226.0467201542956
5308.929126024246, 42.84865168489038, 1224.998250297208
5309.2702124118805, 42.84865168489038, 1224.998250297208
5309.764888048172, 42.84865168489038, 1224.998250297208
5310.439081668854, 30.15077598810387, 1228.4680228746279
5310.9896068573, 33.92909350335308, 1138.7683006728478
5311.525172710419, 27.303103287743323, 1195.8690969143547
5311.827364683151, 27.303103287743323, 1195.8690969143547
5312.363925933838, 27.303103287743323, 1195.8690969143547
5312.831674337387, 27.303103287743323, 1195.8690969143547
5313.473952770233, 88.25679174154507, 1225.1145216914226
5313.961646318436, 207.907647867752, 1225.185804826786
5314.457319021225, 405.4161187329065, 1223.8605087229694
5314.948004245758, 399.55804918291125, 1220.4898149327905
5315.466615438461, 429.0824086056736, 1230.3377539988303
5315.749857187271, 429.0824086056736, 1230.3377539988303
5316.435021877289, 360.4527292994749, 1228.9227874984633
5316.782103061676, 360.4527292994749, 1228.9227874984633
5317.2797594070435, 360.4527292994749, 1228.9227874984633
5317.781415224075, 360.4527292994749, 1228.9227874984633
5318.452617406845, 359.602521289919, 1228.6864478035031
5318.945298671722, 360.92670276527593, 1231.163638339274
5319.445957183838, 362.7024453792777, 1233.4416406969497
5319.7790648937225, 362.7024453792777, 1233.4416406969497
5320.47619843483, 364.2534153077462, 1228.8422187595518
5320.800328731537, 364.2534153077462, 1228.8422187595518
5321.433632850647, 361.4781888769401, 1230.4047371541797
5321.783695459366, 361.4781888769401, 1230.4047371541797
5322.428966999054, 304.5044653666412, 1228.585983680817
5322.752101182938, 304.5044653666412, 1228.585983680817
5323.253757238388, 304.5044653666412, 1228.585983680817
5324.025690317154, 6270.178662208663, 1338.8789457708274
5324.367773771286, 6270.178662208663, 1338.8789457708274
5324.970160484314, 1308.0079057698028, 1123.1692031979294
5325.4538650512695, 1145.9631831322583, 1121.572404996889
5325.969484090805, 1265.0214054917135, 945.2635438889479
5326.503054380417, 1198.5273437567107, 1270.9566404082188
5326.979777812958, 1486.3010864591815, 1146.2002547372908
5327.465476989746, 3019.2684003031886, 961.0654940625116
5327.815539121628, 3019.2684003031886, 961.0654940625116
5328.546580553055, 1569.1034701976178, 1387.7468615747707
5328.901629924774, 1569.1034701976178, 1387.7468615747707
5329.40129160881, 1569.1034701976178, 1387.7468615747707
5329.909929037094, 1569.1034701976178, 1387.7468615747707
5330.368700265884, 1569.1034701976178, 1387.7468615747707
5330.880330324173, 1569.1034701976178, 1387.7468615747707
5331.48171877861, 1770.645599036506, 1397.3268391516224
5331.837765216827, 1770.645599036506, 1397.3268391516224
5333.470392465591, 1493.9365292694167, 1081.6258674893331
5333.833420038223, 1493.9365292694167, 1081.6258674893331
5334.535539865494, 1356.1715138333116, 1356.8584011094813
5335.054152727127, 3492.7784439401717, 1490.2442367972972
5335.397232055664, 3492.7784439401717, 1490.2442367972972
5336.0464923381805, 1422.0401112205975, 1176.631883911606
5336.571087360382, 1401.9360523512278, 1651.1210412845655
5336.901202917099, 1401.9360523512278, 1651.1210412845655
5337.605317115784, 1479.5610857239842, 1090.3771032734303
5337.9085059165955, 1479.5610857239842, 1090.3771032734303
5338.428113698959, 1479.5610857239842, 1090.3771032734303
5339.024515628815, 2258.3694832405213, 1031.0490798391236
5339.528167009354, 2313.0408387879547, 473.05335779864225
5339.871248245239, 2313.0408387879547, 473.05335779864225
5340.371906995773, 2313.0408387879547, 473.05335779864225
5341.000224113464, 1952.8037372193207, 1629.4571978048562
5341.518835067749, 2185.561719386025, 1505.025860078085
5342.138175725937, 1966.650784685455, 1129.6185966041253
5342.967953205109, 1966.650784685455, 1129.6185966041253
5343.476591587067, 1966.650784685455, 1129.6185966041253
5344.028114080429, 1892.207563832536, 1248.07731501729
5344.524783372879, 1964.2710376261264, 1147.5255189107174
5344.878835439682, 1964.2710376261264, 1147.5255189107174
5345.606885671616, 1956.467598963387, 699.8209627606313
5345.87815952301, 1956.467598963387, 699.8209627606313
5346.558337211609, 1968.1702970396416, 1114.9492396868175
5346.862523555756, 1968.1702970396416, 1114.9492396868175
5347.514775276184, 1893.6330312640123, 1123.3349406610544
5347.8588535785675, 1893.6330312640123, 1123.3349406610544
5348.494151592255, 1881.002375591259, 1081.9502661187414
5348.869147062302, 1881.002375591259, 1081.9502661187414
5349.496466875076, 1785.7434012372253, 489.91948990388386
5349.833564281464, 1785.7434012372253, 489.91948990388386
5350.332228183746, 1785.7434012372253, 489.91948990388386
5351.023378610611, -95759.41610374986, 1145.8006988094096
5351.557945251465, 2903.210792003761, 11.709056401021755
5351.87509560585, 2903.210792003761, 11.709056401021755
5352.379744052887, 2903.210792003761, 11.709056401021755
5353.042968511581, 1915.4251812688897, 982.1363181664484
5353.384053945541, 1915.4251812688897, 982.1363181664484
5354.034312009811, 1907.8310640391005, 1085.0578384254636
5354.571872711182, 1937.1908524322828, 902.7711382308566
5354.903982400894, 1937.1908524322828, 902.7711382308566
5355.494401216507, 1872.3118553523152, 1294.52749253383
5356.0349588394165, 1852.7050444766928, 1058.1482575693478
5356.547580242157, 1887.754525830731, 1196.1000948862616
5357.04226231575, 1871.3689633165254, 1173.974739563831
5357.552887916565, 1851.8514299896901, 1099.9410694918713
5358.1542773246765, 1857.0061451850058, 1188.585944953112
5359.037909984589, 1857.0061451850058, 1188.585944953112
5359.490697383881, 1857.0061451850058, 1188.585944953112
5360.022273778915, 1866.0151375372943, 1145.70728788427
5360.358373641968, 1866.0151375372943, 1145.70728788427
5360.874989748001, 1866.0151375372943, 1145.70728788427
5361.370661735535, 1866.0151375372943, 1145.70728788427
5362.134615659714, 1946.8390839828023, 1213.130083514178
5362.6073496341705, 1948.9025565599682, 1083.8127065717783
5363.216717481613, 1945.736810780245, 1264.5518296839882
5364.033529520035, 1910.2171542762649, 1191.7825986714117
5364.55912232399, 1969.4225554508298, 743.2789848576545
5364.874277114868, 1969.4225554508298, 743.2789848576545
5365.370948553085, 1969.4225554508298, 743.2789848576545
5365.889584302902, 1969.4225554508298, 743.2789848576545
5366.4211602211, 866.3449608213277, 1262.2849640504846
5366.768231391907, 866.3449608213277, 1262.2849640504846
5367.415498018265, 862.0514360205876, 1259.062875310637
5367.947073221207, 863.6403185303926, 1261.9144670682638
5368.427786588669, 862.8724677502984, 1257.3863770103846
5368.934429168701, 858.1725676408684, 1257.0984671738274
5369.254576444626, 858.1725676408684, 1257.0984671738274
5369.912813663483, 862.989403608005, 1261.5727827006656
5370.269857168198, 862.989403608005, 1261.5727827006656
5370.958013534546, 867.4904881713195, 1262.7677033774314
5371.2641954422, 867.4904881713195, 1262.7677033774314
5371.902488708496, 865.8600866145821, 1258.308766359612
5372.537782669067, 2389.3276001506924, 717.8455208107903
5372.872884750366, 2389.3276001506924, 717.8455208107903
5373.382520437241, 2389.3276001506924, 717.8455208107903
5373.905120134354, 868.88266539878, 1264.4686904529829
5374.4317100048065, 866.5695530169677, 1256.4937263043225
5374.91840672493, 865.1957706288565, 1260.4332320782485
5375.257498025894, 865.1957706288565, 1260.4332320782485
5376.009485244751, 1490.7404345597422, 1371.148461982535
5376.4403302669525, 859.0672402970637, 1260.6553352628216
5376.967915773392, 466.6441441954976, 960.9494283724199
5377.45561003685, 863.6061051991953, 1255.1804961462394
5377.75680398941, 863.6061051991953, 1255.1804961462394
5378.475878238678, 614.6762573149156, 1240.8699099533098
5378.807988882065, 614.6762573149156, 1240.8699099533098
5379.4991364479065, 278.51099055070256, 1249.2749384665494
5379.988852739334, -2.4085364699487526, 383.8115039812696
5380.286028623581, -2.4085364699487526, 383.8115039812696
5380.789679527283, -2.4085364699487526, 383.8115039812696
5381.443928003311, -193.95305675822962, 1239.8563413059132
5381.946581602097, -11.627402420391721, 922.812970243887
5382.273706912994, -11.627402420391721, 922.812970243887
5382.932972431183, -4.843158141333114, 732.3281768620983
5383.273029565811, -4.843158141333114, 732.3281768620983
5383.965175151825, -1778.5109281162938, 123.07474212720624
5384.455860614777, -16.42970261201145, 1071.9757356049267
5384.961505889893, -1192.378892157571, 1107.7728413814668
5385.438228607178, 22.75387568961219, 930.2562601057807
5385.959832191467, -287.71794939296626, 851.1208224884729
5386.502377986908, 0.577074718207381, 4499.9752462307915
5386.954168081284, 40.82811227350255, 1239.5091698917608
5387.276305913925, 40.82811227350255, 1239.5091698917608
5387.78594326973, 40.82811227350255, 1239.5091698917608
5388.439192056656, 3.2185972033631742, 1242.4917214547934
5388.770304679871, 3.2185972033631742, 1242.4917214547934
5389.254009962082, 3.2185972033631742, 1242.4917214547934
5389.928202390671, -4.436367330312474, 913.738090849853
5390.285272836685, -4.436367330312474, 913.738090849853
5390.934534072876, -3.4849406710105018, 1459.8518921318268
5391.269636392593, -3.4849406710105018, 1459.8518921318268
5391.946822166443, 79.02417212977328, 598.4400910786335
5392.277937173843, 79.02417212977328, 598.4400910786335
5392.905254840851, 288.5479782986707, 1219.4291190187514
5393.429849624634, 297.36106509804966, 1217.5515678466893
5393.915549039841, 835.2535087418089, 1226.720942530765
5394.435157775879, 809.3491511739938, 1229.2668826316062
5394.7632784843445, 809.3491511739938, 1229.2668826316062
5395.460411787033, 1434.9432147316447, 1218.5219094923843
5395.788532733917, 1434.9432147316447, 1218.5219094923843
5396.294177770615, 1434.9432147316447, 1218.5219094923843
5396.908532619476, 1398.038655032428, 1234.6666619866428
5397.41717004776, 1388.9662494937097, 1229.405034087803
5397.99262881279, 1710.317640747639, 1457.4806606067566
5398.328728914261, 1710.317640747639, 1457.4806606067566
5398.89920091629, 1383.8320197717, 1235.020402033796
5399.4288103580475, 1384.6812751204352, 1234.7104520851694
5399.75191617012, 1384.6812751204352, 1234.7104520851694
5400.254569768906, 1384.6812751204352, 1234.7104520851694
5400.901837110519, 1374.2744024874617, 1234.5541533321334
5401.248906612396, 1374.2744024874617, 1234.5541533321334
5401.753554582596, 1374.2744024874617, 1234.5541533321334
5402.410795211792, 1373.1891567805872, 1231.9049356773771
5402.76783823967, 1373.1891567805872, 1231.9049356773771
5403.431076526642, 1508.069464997019, 1232.1037605355034
5403.935724258423, 1721.1522270124303, 1044.459311832672
5404.27880692482, 1721.1522270124303, 1044.459311832672
5404.771485567093, 1721.1522270124303, 1044.459311832672
5405.412768363953, 2121.3328264610086, 149.82250977454692
5405.9303822517395, 917.667198367243, 20.0
5406.441014051437, -94.20089128090471, 1003.3281255211102
5406.958627939224, 818.7637848034813, 608.6496106782837
5407.305697917938, 818.7637848034813, 608.6496106782837
5407.912073850632, 12.795244521988113, 1173.9115316522898
5408.43567109108, 89.04076462316938, 1177.7887074628243
5408.954282283783, 9.13414081611338, 1189.7721970430348
5409.457933425903, 41.04219881429967, 1189.2843769558049
5409.762118816376, 41.04219881429967, 1189.2843769558049
5410.260784864426, 41.04219881429967, 1189.2843769558049
5410.915030241013, 1468.6935118781676, 912.4791574885427
5411.50345492363, 776.7780291040174, 1061.3639120857265
5411.985164880753, 1664.3195105109824, 1549.4068001945413
5412.559626340866, 1257.4784227771204, 1769.85033455516
5412.85084605217, 1257.4784227771204, 1769.85033455516
5413.373445987701, 1257.4784227771204, 1769.85033455516
5414.032679796219, 3388.345320595551, 1187.4170570430733
5414.363793134689, 3388.345320595551, 1187.4170570430733
5414.854478120804, 3388.345320595551, 1187.4170570430733
5415.526678562164, 2109.9192424834555, 959.0014539252221
5416.022350311279, 2194.286225318369, 1418.0730879694074
5416.58384680748, 2399.8922809761902, 1490.1566593001269
5416.899999856949, 2399.8922809761902, 1490.1566593001269
5417.399661540985, 2399.8922809761902, 1490.1566593001269
5418.047924995422, 2466.25909462609, 1355.4691815957756
5418.376047134399, 2466.25909462609, 1355.4691815957756
5419.027302265167, 2508.6262102635196, 1343.0138642403977
5419.570846319199, 2446.4706605321994, 1334.4460119858813
5420.065521478653, 2460.117135644754, 1352.1965994853588
5420.576153993607, 2439.1719269510804, 1344.4648627522058
5421.074817657471, 2510.9950269447054, 1350.2620690547449
5421.398949146271, 2510.9950269447054, 1350.2620690547449
5422.002333164215, 2868.013504944551, 1386.5894833059667
5422.484042882919, 1878.3221032883998, 1402.4273145557188
5422.984702587128, 1638.1435580110428, 1394.8719293973566
5423.552181959152, 1532.803443196927, 1360.8810724730363
5424.039875507355, 1537.911324125661, 1170.0670885392078
5424.354034423828, 1537.911324125661, 1170.0670885392078
5424.857684850693, 1537.911324125661, 1170.0670885392078
5425.454087495804, 1541.393611155445, 1125.1905899117933
5425.82110452652, 1541.393611155445, 1125.1905899117933
5426.302814245224, 1541.393611155445, 1125.1905899117933
5427.000944137573, 2026.2149214664864, 1000.6321110334222
5427.551469564438, 3435.123199680601, -371592.62394084374
5427.856652021408, 3435.123199680601, -371592.62394084374
5428.470010519028, 2819.382482936708, 1536.2097637078284
5428.832039833069, 2819.382482936708, 1536.2097637078284
5429.3297073841095, 2819.382482936708, 1536.2097637078284
5429.826379060745, 2819.382482936708, 1536.2097637078284
5430.522511482239, 3959.966646149823, 1271.5529726826624
5430.9663236141205, 3916.583356810487, 1526.6593735336016
5431.487926244736, 3537.763972720513, 1712.156888862881
5431.957667350769, 3624.6457042813577, 1467.6887872445573
5432.428407430649, 2262.1315862822025, 527.0720014241567
5432.946020364761, 2144.451708526829, 491.8016276476248
5433.298077821732, 2144.451708526829, 491.8016276476248
5433.800731182098, 2144.451708526829, 491.8016276476248
5434.28244137764, 2144.451708526829, 491.8016276476248
5434.976582288742, 3163.331202853019, 2644.497215734431
5435.336617231369, 3163.331202853019, 2644.497215734431
5435.968924283981, 2861.723670500937, 2565.8432200573243
5436.537401437759, 471.9018339158609, 2094.395850507373
5436.900428533554, 471.9018339158609, 2094.395850507373
5437.508799791336, 3155.0511595825387, 2957.259362417763
5438.007463693619, 3454.3652411186667, 2494.9876633406807
5438.349547624588, 3454.3652411186667, 2494.9876633406807
5438.999805927277, 3334.219860865122, 2274.4627394684153
5439.47353720665, 3335.7674900649445, 2544.838656298533
5439.807642459869, 3335.7674900649445, 2544.838656298533
5440.291347026825, 3335.7674900649445, 2544.838656298533
5441.019395828247, 3500.180553354045, 1157.4348883574337
5441.509085416794, 3580.617343391103, 1440.3542080755865
5441.945915937424, 3557.036852888562, 896.3406484660384
5442.309940576553, 3557.036852888562, 896.3406484660384
5443.036992311478, -102556.76139105897, 987.907810858026
5443.380073308945, -102556.76139105897, 987.907810858026
5443.85679602623, -102556.76139105897, 987.907810858026
5444.526004314423, 3800.5694524615974, 218755.79758422254
5444.853127479553, 3800.5694524615974, 218755.79758422254
5445.353787899017, 3800.5694524615974, 218755.79758422254
5445.887357711792, 3800.5694524615974, 218755.79758422254
5446.493733406067, 338.71058946068405, 202.32895367718695
5446.829833745956, 338.71058946068405, 202.32895367718695
5447.288604259491, 338.71058946068405, 202.32895367718695
5447.973768949509, 492.2494874179611, 32.41801010007096
5448.4724333286285, 543.1422208272246, 601.6036437107533
5448.960127830505, 803.0947846821568, 490.5896351833843
5449.501676082611, 111.28580252896415, 3861.297029204389
5449.974410295486, 920.7593785551602, 370.3052580566635
5450.321480512619, 920.7593785551602, 370.3052580566635
5450.956779241562, 386.4693991101328, 775.9544846500526
5451.463449478149, 675.9924457140161, 776.8619087817584
5451.793564319611, 675.9924457140161, 776.8619087817584
5452.296218633652, 675.9924457140161, 776.8619087817584
5452.80485534668, 675.9924457140161, 776.8619087817584
5453.3005294799805, 675.9924457140161, 776.8619087817584
5454.0156128406525, 391.54277653477527, 797.8617646329551
5454.5581595897675, 1011.3881728481294, 168.67288816003372
5454.846387863159, 1011.3881728481294, 168.67288816003372
5455.995310783386, 315.44894804977315, 637.7380454834248
5456.312460660934, 315.44894804977315, 637.7380454834248
5456.8051404953, 315.44894804977315, 637.7380454834248
5457.494295597076, 467.25826661862095, 666.9135659157109
5457.988970041275, 602.5773003474723, 612.963757558561
5458.3290593624115, 602.5773003474723, 612.963757558561
5458.971338510513, 470.32871179712504, 706.7236431173103
5459.460029840469, 115.28950680034099, 672.676469735475
5459.791142940521, 115.28950680034099, 672.676469735475
5460.488275766373, 60.04510577417833, 886.4429634541193
5460.960012674332, 73.12773769061367, 312.23223846646044
5461.454686880112, 417.7911388650808, 955.3403859346363
5461.978285074234, 75.86995511854678, 521.3933478976066
5462.4968957901, 380.13221035277326, 316.3743817320652
5462.833992958069, 380.13221035277326, 316.3743817320652
5463.310715436935, 380.13221035277326, 316.3743817320652
5464.005853891373, 309.6387665564391, 726.1617010255554
5464.33596944809, 309.6387665564391, 726.1617010255554
5464.981242179871, 374.4445744635359, 639.16615936849
5465.303378582001, 374.4445744635359, 639.16615936849
5465.806032180786, 374.4445744635359, 639.16615936849
5466.447314500809, 124.49749720159164, 681.8008283346134
5466.9639303684235, 433.99098825568643, 534.360430019327
5467.333940267563, 433.99098825568643, 534.360430019327
5467.960264205933, 166.0054359082235, 570.0484040850545
5468.284394264221, 166.0054359082235, 570.0484040850545
5468.966566801071, 631.8789117287338, 999.8748265952036
5471.016076564789, 115.19481270373545, 140.17094626807935
5471.324251413345, 115.19481270373545, 140.17094626807935
5471.981491804123, 114.04983239017571, 227.32270597833968
5472.326566696167, 114.04983239017571, 227.32270597833968
5472.974830627441, 24.60176308316919, 809.8234120589173
5473.477484464645, 152.4364068833686, 429.2137905754708
5474.056932687759, 34.02235993896412, 362.1448995232473
5474.342168331146, 34.02235993896412, 362.1448995232473
5474.82487487793, 34.02235993896412, 362.1448995232473
5475.482115745544, 185.64234901560175, 539.2784186575656
5475.830183029175, 185.64234901560175, 539.2784186575656
5476.321866035461, 185.64234901560175, 539.2784186575656
5476.990076303482, 41.61593765986188, 117.47071100079182
5477.497715711594, 260.5464725322197, -39868.92781802565
5477.820849895477, 260.5464725322197, -39868.92781802565
5478.472106218338, 416.2129461285139, 654.5129148929568
5478.992711544037, 461.2818454629481, 352.3237242043087
5479.507333278656, 283.412252962193, 474.5332759970125
5479.825481891632, 283.412252962193, 474.5332759970125
5480.324145555496, 283.412252962193, 474.5332759970125
5480.991358041763, -150.69388163079046, 53.31516185195559
5481.497004032135, 373.38348096861745, 57.96854702038779
5481.986697673798, 534.2067429913976, 83.84156531316488
5482.501318454742, 839.261584625892, 231.83248307638002
5482.8513815402985, 839.261584625892, 231.83248307638002
5483.4697251319885, 1019.221180010426, 1480.0852926688592
5483.990330219269, 1068.8606606319163, 1563.4177359445603
5484.5099403858185, 909.745833131272, 1070.751488388003
5485.00062417984, 731.0532901985571, 1243.4344174359308
5485.488317966461, 637.2841901278241, 1542.0415830914922
5486.023884057999, 1217.5862117060783, 1343.5749866203532
5486.35898566246, 1217.5862117060783, 1343.5749866203532
5486.876599550247, 1217.5862117060783, 1343.5749866203532
5487.547802209854, 1649.4660090958744, 46.69016762741091
5487.894872188568, 1649.4660090958744, 46.69016762741091
5488.575050115585, 1642.924920367861, 891.1291714268159
5489.035817861557, 1491.0746732959867, 59.929199732613895
5489.496582269669, 1355.578270418389, 832.284650367479
5489.983278274536, 1386.3260508411054, 358.49203115592053
5490.4998943805695, 1450.1471947946495, 765.0496643034712
5490.847962141037, 1450.1471947946495, 765.0496643034712
5491.500215053558, 1479.6073489805008, 112.03472260445625
5491.858256578445, 1479.6073489805008, 112.03472260445625
5492.550402402878, 939.6906220638817, 113282.18693673678
5492.91143655777, 939.6906220638817, 113282.18693673678
5493.382174491882, 939.6906220638817, 113282.18693673678
5493.909761428833, 939.6906220638817, 113282.18693673678
5494.400447368622, 939.6906220638817, 113282.18693673678
5494.905095338821, 939.6906220638817, 113282.18693673678
5495.485540866852, 926.1354059584775, 1492.5972271785588
5496.0400557518005, 749.0630461318722, 234.53489068557934
5496.574623346329, 1128.621374098589, 692.6901438896253
5496.861854553223, 1128.621374098589, 692.6901438896253
5497.345558643341, 1128.621374098589, 692.6901438896253
5498.070616483688, 1906.5979820303173, 1029.9719677373803
5498.571275234222, 2006.5244980763275, 1086.3848700768228
5499.066947937012, 2131.687085251469, 1018.2919929207808
5499.5516839027405, 2150.822183879491, 62.335708842642475
5500.041371583939, 2180.031747145394, 1579.7602903578409
5500.568959712982, 2095.9822097914953, 1051.4118326163848
5501.058648347855, 2081.2973098885127, 974.577253514518
5501.520410776138, 2058.1968504209703, 1899.4354204481294
5501.873464822769, 2058.1968504209703, 1899.4354204481294
5502.375145196915, 2058.1968504209703, 1899.4354204481294
5502.868827819824, 2058.1968504209703, 1899.4354204481294
5503.585879087448, 2187.440318844863, 1153.1183724185012
5504.090526819229, 2174.2454975242244, 1165.4971604631237
5504.578219652176, 2154.092767326525, 1078.673603854107
5505.085861682892, 2072.405677642464, 1152.7778397629488
5505.415976047516, 2072.405677642464, 1152.7778397629488
5505.894693613052, 2072.405677642464, 1152.7778397629488
5506.47314620018, 2322.1859332275612, 1357.7427809632077
5508.106769323349, 1011.5651677495773, 1386.9905141180634
5508.614410400391, 1026.5217732713465, 1210.6327639984675
5508.908622503281, 1026.5217732713465, 1210.6327639984675
5509.436208724976, 1026.5217732713465, 1210.6327639984675
5509.92190694809, 1026.5217732713465, 1210.6327639984675
5510.651955127716, 1295.38829651946, 1125.0222442026302
5511.434866666794, 1295.38829651946, 1125.0222442026302
5512.079129457474, 13.946527819762276, 1192.2936485012995
5512.641622066498, 1560.8348491497736, 1208.3005675460772
5512.986697673798, 1560.8348491497736, 1208.3005675460772
5513.658898591995, 1173.2568908652343, 1246.1157182033076
5514.546520233154, 816.1646545755857, 1530.7112080465715
5515.087073326111, 902.3132599421408, 1430.0242239587267
5515.4052221775055, 902.3132599421408, 1430.0242239587267
5515.897900104523, 902.3132599421408, 1430.0242239587267
5516.587056875229, 1335.3837982129, 1200.6007318016436
5517.044828414917, 1383.4625216935867, 1198.916983128018
5517.383921384811, 1383.4625216935867, 1198.916983128018
5517.911508560181, 1383.4625216935867, 1198.916983128018
5518.578721284866, 1578.7810151093597, 1186.0968505803785
5519.091347455978, 1609.8169296966541, 1191.6604438088366
5519.414481639862, 1609.8169296966541, 1191.6604438088366
5519.907163143158, 1609.8169296966541, 1191.6604438088366
5520.406823396683, 1609.8169296966541, 1191.6604438088366
5521.109941005707, 1985.764520609998, 2572.334900411474
5521.445043802261, 1985.764520609998, 2572.334900411474
5521.983601570129, 1985.764520609998, 2572.334900411474
5522.63485789299, 2194.5346932184575, 1183.8363937312542
5522.942032814026, 2194.5346932184575, 1183.8363937312542
5523.615230560303, 2187.759958811711, 1174.7417759391733
5524.057049512863, 3409.8422500428755, 1250.5217344768062
5524.373202085495, 3409.8422500428755, 1250.5217344768062
5525.028446435928, 2249.2398567417554, 999.6712161563445
5525.353574752808, 2249.2398567417554, 999.6712161563445
5525.850244998932, 2249.2398567417554, 999.6712161563445
5526.500502824783, 1777.0314340043071, 1024.40814074394
5527.031081199646, 492.62139496193964, 1302.704062202179
5527.368176937103, 492.62139496193964, 1302.704062202179
5528.013449907303, 2227.632396372128, 1288.2685511505358
5528.352540254593, 2227.632396372128, 1288.2685511505358
5529.0716161727905, 2225.9094979802717, 407.12035483483345
5529.572302103043, 2316.141046026555, 484.05673014287714
5530.089887142181, 1777.1405623839817, 543.4019338790449
5530.418008565903, 1777.1405623839817, 543.4019338790449
5531.12012887001, 1932.0309549448555, 515.2143304318754
5531.4003784656525, 1932.0309549448555, 515.2143304318754
5531.905026435852, 1932.0309549448555, 515.2143304318754
5532.532347202301, 1841.0251170425888, 209.01557040199012
5532.872434854507, 1841.0251170425888, 209.01557040199012
5533.370102643967, 1841.0251170425888, 209.01557040199012
5533.864777565002, 1841.0251170425888, 209.01557040199012
5534.382392883301, 1841.0251170425888, 209.01557040199012
5534.87407541275, 1841.0251170425888, 209.01557040199012
5535.428588628769, 3992.560787643883, 2720.6131464747564
5536.016015529633, 1850.9933783701833, 919.0784863990151
5536.567538022995, 1922.382830943119, 650.1901068506083
5537.065205335617, 1574.9757417421781, 881.669758791417
5537.5698528289795, 1661.4266091225775, 158338.02494859087
5537.913932085037, 1661.4266091225775, 158338.02494859087
5538.433540344238, 1661.4266091225775, 158338.02494859087
5538.922232866287, 1661.4266091225775, 158338.02494859087
5539.551544189453, 1250.1125671795992, 715.2916631940684
5539.892631053925, 1250.1125671795992, 715.2916631940684
5540.397280931473, 1250.1125671795992, 715.2916631940684
5541.09241771698, 1505.6514776028773, 826.8437719938162
5541.608050584793, 1504.1569674937653, 836.2396847596862
5542.06082367897, 1515.2115713656142, 841.8465838877038
5542.598383665085, 1478.0755445878538, 829.4038116795507
5543.038206577301, 1508.0588849579208, 802.5704890382593
5543.376300811768, 1508.0588849579208, 802.5704890382593
5544.095375299454, 1494.292187489869, 862.2093295617858
5544.569106578827, 1513.3016229517161, 853.8992490365501
5545.064778089523, 1579.899845335216, 836.593397308873
5545.619293451309, 1116909.748471433, 773.0228210503853
5545.941429853439, 1116909.748471433, 773.0228210503853
5546.63955950737, 1588.9074486582456, 880.7001794076311
5547.114287376404, 1621.6521693039927, 814.3679216388197
5547.44141292572, 1621.6521693039927, 814.3679216388197
5547.920129537582, 1621.6521693039927, 814.3679216388197
5548.431760072708, 1621.6521693039927, 814.3679216388197
5549.022177219391, 1594.8637047336247, 798.5392962509511
5549.377227544785, 1594.8637047336247, 798.5392962509511
5549.854948282242, 1594.8637047336247, 798.5392962509511
5550.554075717926, 1640.3367107509894, 856.1953485736751
5551.0058653354645, 1588.4889156427716, 855.2848973483036
5551.592294216156, 1619.8275772926995, 825.2004124165223
5552.0500955581665, 1603.1474528476535, 790.7391758177667
5552.535767316818, 1643.3113290431927, 809.344361865915
5553.041412353516, 1642.5390477312874, 814.217209606999
5553.499186992645, 1600.1643718983369, 831.8033575524009
5554.100575208664, 1625.9407214086548, 816.963445095392
5554.527431488037, 1556.2715813197512, 829.8278106590124
5554.860539674759, 1556.2715813197512, 829.8278106590124
5555.537725925446, 1595.0198293409187, 837.5397506968382
5556.109195232391, 1628.2379889136437, 835.0141952573912
5556.446293830872, 1628.2379889136437, 835.0141952573912
5556.947949171066, 1628.2379889136437, 835.0141952573912
5557.517422676086, 1601.966996494484, 815.9948290427889
5558.086898565292, 765546.0569752725, 4367.1066837908875
5558.408038139343, 765546.0569752725, 4367.1066837908875
5558.919668912888, 765546.0569752725, 4367.1066837908875
5559.408360004425, 765546.0569752725, 4367.1066837908875
5559.91104388237, 765546.0569752725, 4367.1066837908875
5560.415691614151, 765546.0569752725, 4367.1066837908875
5561.0679450035095, 1631.0846163434, 806.481593461637
5561.610491275787, 1635.5467292836788, 810.9377156536702
5561.963545084, 1635.5467292836788, 810.9377156536702
5562.515070199966, 1567.0492814782585, 862.9345276685061
5563.044649839401, 1622.5255633751603, 801.3295149403228
5563.550297260284, 1619.2303703054479, 803.3821876695788
5564.104842662811, 1586.5969506113547, 877.9151459222766
5564.422957658768, 1586.5969506113547, 877.9151459222766
5565.084186792374, 1592.9436964359998, 845.342986652155
5565.516031265259, 1604.809244045098, 819.450613264104
5566.123409032822, 1634.7970501330951, 813.173467725624
5566.557246923447, 1600.3624227067376, 883.6736276839141
5566.901325464249, 1600.3624227067376, 883.6736276839141
5567.427914381027, 1600.3624227067376, 883.6736276839141
5568.1021094322205, 1584.1070753039146, 861.063641945417
5568.42524266243, 1584.1070753039146, 861.063641945417
5569.063534498215, 1583.9052333054753, 879.174716452385
5569.600096940994, 1602.5652127360668, 875.3629452458234
5570.0778176784515, 1616.3533443830393, 820.3259494941763
5570.589446306229, 1627.3181971503138, 836.5209075857622
5571.135982990265, 1618.4872646416154, 827.4153587858617
5571.549874544144, 1639.31717681497, 846.7051635633323
5572.1233377456665, 1593.6090063366262, 1795.6539975923456
5572.596072435379, 1617.4940846122013, 843.4002233210456
5572.942144393921, 1617.4940846122013, 843.4002233210456
5573.546526193619, 1637.6859620195967, 875.4202988104379
5574.180827140808, 1594.9522457890637, 876.4110592422661
5575.20707821846, 1617.8512627216921, 826.9930775160167
5576.006935596466, 1617.8512627216921, 826.9930775160167
5576.589375495911, 3889.329142185061, 1086.5049878174216
5577.169821023941, 1630.633789459051, 820.0597375345947
5577.941753387451, 1630.633789459051, 820.0597375345947
5578.614950418472, 1603.5811686911377, 855.6722072173717
5579.001914024353, 1603.5811686911377, 855.6722072173717
5579.457693099976, 1603.5811686911377, 855.6722072173717
5580.11593079567, 1589.6823135025597, 852.0032398544319
5580.530818939209, 1573.428680422046, 851.5071227268555
5580.989589929581, 1620.949138813988, 882.5640187955986
5581.476286888123, 1627.0016192674775, 781.150640933097
5581.849287033081, 1627.0016192674775, 781.150640933097
5582.3419671058655, 1627.0016192674775, 781.150640933097
5582.837639808655, 1627.0016192674775, 781.150640933097
5583.619545459747, 1597.0269313185934, 850.621426850349
5584.11422085762, 1624.4039013869033, 835.4967155536262
5584.604905605316, 1588.6065004476973, 888.7325888369172
5584.997853517532, 1568.6879066289116, 870.8773463232008
5585.575306653976, 1608.8047121768454, 867.5227462218209
5586.013133764267, 1615.789333928781, 808.4053188215742
5586.592581748962, 1622.4633658320854, 812.2468018083625
5586.914719343185, 1622.4633658320854, 812.2468018083625
5587.533063173294, 1646.7197112245558, 826.8093846815185
5587.884122610092, 1646.7197112245558, 826.8093846815185
5588.3638389110565, 1646.7197112245558, 826.8093846815185
5588.851532936096, 1646.7197112245558, 826.8093846815185
5589.347204685211, 1646.7197112245558, 826.8093846815185
5590.081268310547, 1594.993568649853, 865.6334477377766
5590.586913108826, 1622.2505961674735, 867.3348618671716
5591.14541721344, 1620.6801912641763, 801.0129232815018
5591.218221902847, 1620.6801912641763, 801.0129232815018
5591.671009302139, 1623.7009287779617, 855.0615800082192
5592.071935415268, 1631.3602238657854, 800.5362999660322
5592.505773067474, 1591.2326013186762, 858.2828783977211
5592.971526145935, 1626.1054403277953, 768.2421762167194
5593.228837013245, 1626.1054403277953, 768.2421762167194
5593.677634716034, 1609.4193033640136, 841.1738350294837
5593.972843647003, 1609.4193033640136, 841.1738350294837
5594.433609247208, 544502.604263359, 833.5339367483232
5594.9990956783295, 1571.990318869989, 831.8602120772322
5595.569567680359, 1626.6018819251751, 795.4985279889693
5595.899683713913, 1626.6018819251751, 795.4985279889693
5596.656656265259, 1583.3568017291657, 895.4635279174931
5597.463495016098, 1583.3568017291657, 895.4635279174931
5598.104776382446, 1623.298107976626, 820.5050333159411
5598.612416744232, 525249.3957981734, 830.8250826283422
5598.96946144104, 525249.3957981734, 830.8250826283422
5599.476103305817, 525249.3957981734, 830.8250826283422
5599.962799787521, 525249.3957981734, 830.8250826283422
5600.559202671051, 1586.667239400293, 334098.54786995286
5601.10374379158, 1619.3941386903707, 844.1094749844104
5601.440840959549, 1619.3941386903707, 844.1094749844104
5602.0821232795715, 1600.2727484507354, 849.7662200217185
5602.609709739685, 1592.6668908055653, 900.455489344542
5603.079451799393, 1598.1649189089273, 855.4268711396905
5603.445471525192, 1598.1649189089273, 855.4268711396905
5603.947127819061, 1598.1649189089273, 855.4268711396905
5604.611349105835, 1641.3836404211534, 817.8722771204197
5604.935480594635, 1641.3836404211534, 817.8722771204197
5605.415196418762, 1641.3836404211534, 817.8722771204197
5605.990654706955, 1568.5058721712176, 869.1216530655099
5606.339719295502, 1568.5058721712176, 869.1216530655099
5607.045827865601, 1611.3232501747698, 809.6333300968921
5607.405864477158, 1611.3232501747698, 809.6333300968921
5608.007253170013, 1644.2141319898178, 813.1208235498053
5608.614628791809, 1587.3885547024051, 887.2661003473817
5608.97466135025, 1587.3885547024051, 887.2661003473817
5609.532168388367, 1576.2532586599293, 835.9487026377606
5610.0457928180695, 1621.2065146731823, 794.5269461507432
5610.395854949951, 1621.2065146731823, 794.5269461507432
5612.279844045639, 2009.3750778361077, 1472.6352227264963
5613.145524024963, 2009.3750778361077, 1472.6352227264963
5613.61327123642, 2009.3750778361077, 1472.6352227264963
5613.995249032974, 1244.8467895860697, 1208.5659228757584
5614.51086640358, 2284.65228485367, 1160.3702046390154
5615.022496938705, 121.81846560940765, 13.467482254199926
5615.486254692078, 1925.3926103392841, 36903.270441355264
5616.23624587059, 2169.480445898308, 658.8915935261612
5617.10990524292, 2169.480445898308, 658.8915935261612
5617.565684556961, -1357.621217668133, 94.17975861344766
5617.945668458939, -1357.621217668133, 94.17975861344766
5618.4144115448, -1357.621217668133, 94.17975861344766
5618.978899002075, -47674.39130527825, 913.3466475183646
5619.332951068878, -47674.39130527825, 913.3466475183646
5620.193646669388, 3016.2521772137798, 321.91436055626536
5621.022427082062, 1983.8096544564423, 25.398168570670762
5621.724544763565, 1916.532374525316, 88.7640165947514
5622.659042358398, 1401.516993837034, 1115.0255843685186
5623.577582120895, 2398.0395823366216, 2469.2185034429594
5624.136085987091, 1399.7370534714703, 1339.3208621145486
5624.443263530731, 6283.303226084342, 2091.9382266624184
5624.990796089172, 1792.386452350542, 794.8973493983945
5625.5333433151245, 1837.7905247219774, 340.98933949891983
5626.00807261467, 2941.9886199996845, 1203.903659656788
5626.354144334793, 2941.9886199996845, 1203.903659656788
5627.036317586899, 1766.2564327354614, 616.8308760471837
5627.386379957199, 1766.2564327354614, 616.8308760471837
5628.029657125473, 1384.5000015966205, 710.6224013037826
5628.871402263641, 2309.2874474733053, 732.2011407396099
5629.693202018738, 2309.2874474733053, 732.2011407396099
5630.491064071655, 1836.3866795672266, 1249.634718446304
5630.998705148697, 1930.1171350862035, 1084.445571542673
5631.3238344192505, 1930.1171350862035, 1084.445571542673
5631.834466218948, 1930.1171350862035, 1084.445571542673
5632.341108560562, 1930.1171350862035, 1084.445571542673
5632.831820726395, 1930.1171350862035, 1084.445571542673
5633.335471391678, 1930.1171350862035, 1084.445571542673
5633.842114210129, 1930.1171350862035, 1084.445571542673
5634.340779066086, 1930.1171350862035, 1084.445571542673
5636.53889131546, 1731.999970660803, 194.99981428961485
5636.853050470352, 1731.999970660803, 194.99981428961485
5637.371661186218, 1731.999970660803, 194.99981428961485
5638.015934705734, 1924.0696914385687, 44.99999999999979
5638.5016746521, 1945.3169095583576, 1133.027037388795
5638.856750488281, 1945.3169095583576, 1133.027037388795
5639.331449985504, 1945.3169095583576, 1133.027037388795
5639.844077825546, 1945.3169095583576, 1133.027037388795
5640.690809249878, 75.21602364343191, 965.858145150085
5641.5255744457245, 75.21602364343191, 965.858145150085
5642.343384504318, 1794.4383817381133, 1139.003554470492
5643.185129880905, 1355.786856120108, 418.705637612414
5644.00293803215, 1355.786856120108, 418.705637612414
5644.834710597992, 1432.696893008958, 1290.3924170510086
5645.644540548325, 1432.696893008958, 1290.3924170510086
5646.5271780490875, 3135.5348189600177, 81.86649333351725
5647.011877775192, 1818.222688200515, 1368.6313691931139
5647.372911691666, 1818.222688200515, 1368.6313691931139
5648.226624011993, 3828.0787847218808, 825.8861053022647
5649.2199647426605, 1393.5821468492825, 1298.4999999999889
5650.040810823441, 1393.5821468492825, 1298.4999999999889
5650.539430379868, 2374.5263635471692, 1349.5469187493902
5650.9892246723175, 2275.509021876376, 1285.489896278604
5651.331308603287, 2275.509021876376, 1285.489896278604
5652.008493900299, 2137.414472978572, -142.37204016367167
5652.748511791229, 2153.145443442684, 831.9425298567393
5653.505484819412, 1286.671505820247, 1288.0721630298513
5653.837594032288, 1286.671505820247, 1288.0721630298513
5654.358199834824, 1286.671505820247, 1288.0721630298513
5655.252803564072, 1792.6191993634507, 853.1086302559048
5656.237168073654, 1561.2425205594086, 963.2781945470238
5657.0858938694, 1561.2425205594086, 963.2781945470238
5657.658360719681, 1621.4860844702773, 1142.6174871212388
5658.505093097687, 1621.4860844702773, 1142.6174871212388
5659.020712852478, 1551.6864618918987, 1757.0125275931237
5659.498431921005, 2128.3518157850644, 2279.530245711544
5659.832537412643, 2128.3518157850644, 2279.530245711544
5660.581532001495, 3025.5942544553664, 1374.8719267670083
5660.918627977371, 3025.5942544553664, 1374.8719267670083
5661.555921077728, 3953.2666881100827, 2312.800352711233
5662.007709980011, 3554.3551768294355, 659.6292186235597
5662.352785348892, 3554.3551768294355, 659.6292186235597
5662.830506563187, 3554.3551768294355, 659.6292186235597
5663.4907376766205, 4154.012768982505, 1148.7038208336182
5664.042263746262, 2373.5466785027884, 993.3694037442358
5664.4840767383575, -6467.447863239326, 1514.1780144301547
5664.837131261826, -6467.447863239326, 1514.1780144301547
5665.826481342316, 1975.9411501678828, 995.4007215763705
5666.661245584488, 1975.9411501678828, 995.4007215763705
5667.48304438591, 3273.3936936336286, 740.1128984941405
5667.980713367462, 1871.7771248303163, 975.7743238742836
5668.313818693161, 1871.7771248303163, 975.7743238742836
5669.021935462952, 1778.7644722102405, 589.6329474078639
5669.634281158447, 1603.8610102961247, 268.44723275363657
5670.176829099655, 1986.2787891167116, 1064.9297434436714
5670.944771528244, 2087.418666870065, 2732.12649119424
5671.283864974976, 2087.418666870065, 2732.12649119424
5671.7755472660065, 2087.418666870065, 2732.12649119424
5672.292162656784, 2087.418666870065, 2732.12649119424
5672.790826559067, 2087.418666870065, 2732.12649119424
5673.288493156433, 2087.418666870065, 2732.12649119424
5673.982634782791, 1859.4170632435103, 1900.3026186187592
5674.333694458008, 1859.4170632435103, 1900.3026186187592
5674.822385311127, 1859.4170632435103, 1900.3026186187592
5675.331022262573, 1859.4170632435103, 1900.3026186187592
5675.995243549347, 1889.8043528750225, 1376.0248996056876
5676.4699919223785, 1519.631616310967, 960.0335432227369
5676.97262597084, 2046.2773500382398, 901.6938330791304
5677.452339172363, 1379.2293030489568, 1131.8495978796832
5678.124542713165, 1862.5008994112977, 828.4863206506652
5678.561369180679, 3048.029300490026, 1703.326491044903
5678.893481016159, 3048.029300490026, 1703.326491044903
5679.572689294815, 98.58485914493463, 465.21029915526213
5680.0234525203705, 8794.965215442106, 479.0534029596323
5680.33863568306, 8794.965215442106, 479.0534029596323
5680.991884946823, 2196.2173144490753, 1011.4319465377117
5681.330976963043, 2196.2173144490753, 1011.4319465377117
5682.013149738312, 1330.2156951291254, 779.1945963558175
5682.357227563858, 1330.2156951291254, 779.1945963558175
5683.481217384338, 1767.7627230174303, 879.2524370813317
5684.0307466983795, 1832.8081499409234, 882.4909159499963
5684.758795499802, 1848.8029991332155, 854.1310295249335
5685.485847949982, 1013.0000054255381, 752.8476064428677
5686.008449077606, 279.2130201345635, 360.22481347647664
5686.354521512985, 279.2130201345635, 360.22481347647664
5686.850222110748, 279.2130201345635, 360.22481347647664
5687.5722868442535, 698.6195517883806, 757.9507834197944
5687.95526099205, 698.6195517883806, 757.9507834197944
5688.544681787491, 1273.3162463823176, 237652.1482992937
5688.991484642029, 1652.5888060285624, 945.8337229960086
5689.477183818817, 1605.942437695984, 999.26320867543
5690.003773450851, 2011.0000000000655, 848.0816094468815
5690.493463754654, 2816.6616627091075, 324.3736054817027
5690.9721801280975, 3326.088739766547, 123421.69429997499
5691.454887628555, 3463.043521663485, 680.6070077040214
5691.988458395004, 3180.8607336514733, 949.9142939555969
5692.3355281353, 3180.8607336514733, 949.9142939555969
5692.954868555069, 1830.8538128328341, 242.1406628431683
5693.309917449951, 1830.8538128328341, 242.1406628431683
5693.813569068909, 1830.8538128328341, 242.1406628431683
5694.32320356369, 1830.8538128328341, 242.1406628431683
5694.967477798462, 3981.3834103813106, 2714.5121099451826
5695.7144775390625, 1743.062126166013, 1078.0394538322141
5696.460478544235, 3178.586490267783, 194.95640991267365
5696.97908949852, 3285.0626430434104, 721.6090430610066
5697.514654874802, 2556.441824523193, 941.7999328722195
5697.952482461929, 2642.690964836195, 2584.9339603157673
5698.516970872879, -271368.6272874062, 328.23975627710655
5698.847086906433, -271368.6272874062, 328.23975627710655
5699.424539804459, 2815.832368635115, 2593.1023657728106
5699.9261956214905, 2818.156746661861, 2630.638059100064
5700.268279075623, 2818.156746661861, 2630.638059100064
5700.926516294479, 3513.3341314650097, 2717.645442871766
5701.262616157532, 3513.3341314650097, 2717.645442871766
5701.7662670612335, 3513.3341314650097, 2717.645442871766
5702.431484937668, 3567.8141194705368, 2711.7355809744904
5702.765590667725, 3567.8141194705368, 2711.7355809744904
5703.272233009338, 3567.8141194705368, 2711.7355809744904
5703.774886131287, 3567.8141194705368, 2711.7355809744904
5704.455065488815, 3555.2609671464315, 2723.385503547801
5704.926801681519, 3616.9611252425693, 2722.4137436329333
5705.27486872673, 3616.9611252425693, 2722.4137436329333
5706.013889074326, 3748.1349403321105, 2722.136517398634
5706.300125837326, 3748.1349403321105, 2722.136517398634
5706.942410230637, 3899.7697237599864, 2722.1874628196247
5707.272523403168, 3899.7697237599864, 2722.1874628196247
5707.758222103119, 3899.7697237599864, 2722.1874628196247
5708.453362464905, 3115.155359622707, 2724.717493513107
5708.767520427704, 3115.155359622707, 2724.717493513107
5709.266185998917, 3115.155359622707, 2724.717493513107
5709.762853384018, 3115.155359622707, 2724.717493513107
5710.289443492889, 3115.155359622707, 2724.717493513107
5710.774144649506, 3115.155359622707, 2724.717493513107
5711.506184101105, 1384.2440086738663, 658.4479826455255
5712.123530626297, 1440.5229029859206, 927.5017927532209
5712.453646183014, 1440.5229029859206, 927.5017927532209
5712.950316429138, 1440.5229029859206, 927.5017927532209
5713.5227818489075, 1491.1715561434894, 1058.7247753255608
5713.998508453369, 1154.1289066323206, 989.513351009703
5714.345579147339, 1154.1289066323206, 989.513351009703
5715.245169401169, 1825.2825472169661, 1154.5790461542153
5715.99117064476, 1664.0276216260434, 848.0081773389977
5716.325274705887, 1664.0276216260434, 848.0081773389977
5716.839898109436, 1664.0276216260434, 848.0081773389977
5717.320610046387, 1664.0276216260434, 848.0081773389977
5717.817279815674, 1664.0276216260434, 848.0081773389977
5718.512417078018, 1478.5290331929434, 865.5797364411147
5718.966227054596, 1129.1243401156833, 581.6487913515932
5719.466859579086, 1190.6437819622026, 577.3651161211183
5719.9754984378815, 1124.5679615789206, 1039.635554863083
5720.318578720093, 1124.5679615789206, 1039.635554863083
5720.839183807373, 1124.5679615789206, 1039.635554863083
5721.322889328003, 1124.5679615789206, 1039.635554863083
5721.820557117462, 1124.5679615789206, 1039.635554863083
5722.307252168655, 1124.5679615789206, 1039.635554863083
5722.958508014679, 1470.0574378170713, 727.7179924651056
5723.480111122131, 1589.471562098577, 922.3521161056642
5723.824197292328, 1589.471562098577, 922.3521161056642
5724.51832985878, 1650.3573514388136, 954.2539943815353
5724.986077547073, 1520.2348803281648, 935.5828783066208
5725.318186998367, 1520.2348803281648, 935.5828783066208
5726.019309997559, 1549.1113245818067, 770.2691026647307
5726.5339596271515, 1404.446767783115, 943.6227914142025
5726.8610825538635, 1404.446767783115, 943.6227914142025
5727.360743761063, 1404.446767783115, 943.6227914142025
5727.863397359848, 1404.446767783115, 943.6227914142025
5728.467839717865, 406.89591631985974, 2736.8231854708265
5729.142033576965, 1695.6415456958246, 516.8843975796611
5729.473146915436, 1695.6415456958246, 516.8843975796611
5729.902995109558, 1695.6415456958246, 516.8843975796611
5730.509371042252, 1705.945997809834, 994.4214576054023
5730.861427783966, 1705.945997809834, 994.4214576054023
5731.3451318740845, 1705.945997809834, 994.4214576054023
5732.0043659210205, 1645.0460295853213, 1028.2747253848208
5732.490065097809, 1694.532322132251, 931.4506672898166
5732.986735343933, 1290.8681797572608, 1312.2683271154267
5733.5681784152985, 1575.1066740940041, 835.5887593806881
5733.9022834300995, 1575.1066740940041, 835.5887593806881
5734.481730937958, 670.5038224969161, 879.5104144520767
5735.014305114746, 1652.5087289204953, 620.8130364007518
5735.5708129405975, 1029.0381363326387, 774.8296852623918
5736.023600101471, 1610.6795184842995, 1026.041647119581
5736.616014003754, 1180.4119667589193, 957.2508713860125
5737.041873216629, 1721.413565153469, 734.7342754093562
5737.596388339996, 2403.9843817096703, 813.774900842169
5737.976369857788, -755.0795006489476, 607.9836198607451
5738.426164865494, 320.0287418180049, 2739.196808360387
5738.922834634781, 390.52494630189426, 2739.5090029909566
5739.41850733757, 1704.9082836301156, 2731.3639132157246
5739.778542995453, 1704.9082836301156, 2731.3639132157246
5740.445781707764, 1697.8037402785449, 2734.921314563678
5740.969378948212, 1656.9371668444505, 2730.8769665198483
5741.273564338684, 1656.9371668444505, 2730.8769665198483
5741.8021585941315, 1656.9371668444505, 2730.8769665198483
5742.292834281921, 1656.9371668444505, 2730.8769665198483
5743.055790424347, 1676.700218338911, 2734.459750951631
5743.287170886993, 1676.700218338911, 2734.459750951631
5744.007241725922, 1676.5744076510066, 2735.7391222522156
5744.499923467636, 1676.934500354504, 2734.8186997588564
5744.98163318634, 1676.5696660454585, 2734.5794723535364
5745.277838468552, 1676.5696660454585, 2734.5794723535364
5745.466333627701, 1676.5696660454585, 2734.5794723535364
5745.94904088974, 1676.3210195386914, 2734.955755046801
5746.28314614296, 1676.3210195386914, 2734.955755046801
5746.9513556957245, 1675.7985077962537, 2734.183822481239
5747.44802570343, 1676.2214910952998, 2734.255425112989
5747.941703081131, 1676.4560385446325, 2734.3718557642787
5748.2837870121, 1676.4560385446325, 2734.3718557642787
5748.91808795929, 1676.015645270271, 2734.120208543411
5749.2791204452515, 1676.015645270271, 2734.120208543411
5749.9263870716095, 1676.6588511792768, 2734.069322636933
5750.4220588207245, 1676.3891521084179, 2734.45129971285
5750.76913022995, 1676.3891521084179, 2734.45129971285
5751.269788980484, 1676.3891521084179, 2734.45129971285
5751.954954385757, 1676.425377706587, 2734.445369563411
5752.287064313889, 1676.425377706587, 2734.445369563411
5752.7837336063385, 1676.425377706587, 2734.445369563411
5753.445959568024, 1675.6554207801842, 2733.490873720988
5753.961578607559, 1676.0191788645848, 2734.818223521213
5754.285709857941, 1676.0191788645848, 2734.818223521213
5754.79235291481, 1676.0191788645848, 2734.818223521213
5755.438621997833, 1676.19738573559, 2734.843339810227
5755.770731925964, 1676.19738573559, 2734.843339810227
5756.455896854401, 1676.3611198363737, 2733.3871177036676
5756.780028820038, 1676.3611198363737, 2733.3871177036676
5757.277697563171, 1676.3611198363737, 2733.3871177036676
5757.7823441028595, 1676.3611198363737, 2733.3871177036676
5758.270037889481, 1676.3611198363737, 2733.3871177036676
5758.937250614166, 1675.8858100289997, 2734.7365893851124
5759.438906669617, 1676.1453463390424, 2734.691529464059
5759.769022464752, 1676.1453463390424, 2734.691529464059
5760.448203802109, 1675.7523796197397, 2734.650050087312
5760.764356851578, 1675.7523796197397, 2734.650050087312
5761.271996498108, 1675.7523796197397, 2734.650050087312
5761.9691298007965, 1675.5417333786968, 2734.212863399965
5762.280297279358, 1675.5417333786968, 2734.212863399965
5762.9574818611145, 1675.3758030913593, 2735.44920519854
5763.290589809418, 1675.3758030913593, 2735.44920519854
5763.9428424835205, 1675.2486314557584, 2734.5995204321475
5764.2789425849915, 1675.2486314557584, 2734.5995204321475
5764.951141834259, 1675.7563631312942, 2734.8856738847367
5765.440829992294, 1675.5291499481848, 2734.0474029798934
5765.933510541916, 1675.180416437762, 2734.1705926101686
5766.4351670742035, 1676.240899746792, 2734.4414149570025
5766.951783180237, 1675.990441203737, 2734.535277725718
5767.284891366959, 1675.990441203737, 2734.535277725718
5767.921185970306, 1675.7142944802465, 2734.4106899448834
5768.440794706345, 1675.070506048504, 2734.8435429657384
5768.795843362808, 1675.070506048504, 2734.8435429657384
5769.433136463165, 1676.2710137338013, 2734.290839925902
5769.971693992615, 1675.8842110596786, 2734.4564552462766
5770.43545293808, 1675.814709220805, 2734.836770004421
5770.950087308884, 1675.4398043156166, 2734.7272162101563
5771.467686653137, 1675.6317591572536, 2734.5678183481364
5772.023198127747, 1675.4408498002947, 2734.384439628269
5772.273530483246, 1675.4408498002947, 2734.384439628269
5772.794133424759, 1675.4408498002947, 2734.384439628269
5773.480296611786, 1675.642185112926, 2734.6324799042773
5773.995914697647, 1675.836198264264, 2734.931634683482
5774.313065290451, 1675.836198264264, 2734.931634683482
5774.961328983307, 1675.6587650569609, 2734.521733481449
5775.455008268356, 1675.2728764276246, 2734.816442495763
5775.938710689545, 1675.651798760198, 2734.281931590469
5776.269823789597, 1675.651798760198, 2734.281931590469
5776.921079874039, 1675.8802394675308, 2734.515215743224
5777.266155958176, 1675.8802394675308, 2734.515215743224
5777.9283809661865, 1675.101369496812, 2734.4558447345084
5778.265477657318, 1675.101369496812, 2734.4558447345084
5778.784090042114, 1675.101369496812, 2734.4558447345084
5779.270785570145, 1675.101369496812, 2734.4558447345084
5779.983875513077, 1675.3970032174861, 2734.4980617135316
5780.4416489601135, 1675.7834151164352, 2734.212064493392
5780.787722110748, 1675.7834151164352, 2734.212064493392
5781.288381099701, 1675.7834151164352, 2734.212064493392
5781.781062602997, 1675.7834151164352, 2734.212064493392
5782.454257726669, 907.5911354180738, 2736.925835424122
5782.932976007462, 665.6889563760416, 2733.385379140017
5783.268078327179, 665.6889563760416, 2733.385379140017
5783.985157489777, 1847.166401289036, 709.2983058359093
5784.494792461395, 380.1499282203349, -1471.9871859102163
5784.80496263504, 380.1499282203349, -1471.9871859102163
5785.299636363983, 380.1499282203349, -1471.9871859102163
5786.036662578583, 1829.604613260846, 817.1960389271761
5786.658995389938, 1610.2405451475709, 736.1228124951471
5787.5206887722015, 1364.9959652204966, 1073.8722979182144
5788.050269603729, 1626.6681027034335, 730.7190726866502
5788.357446193695, 1626.6681027034335, 730.7190726866502
5789.158300876617, 1196.2184053144508, 138595.5584740683
5789.951177358627, 9.928591255740681, 1178.0165563675573
5790.51367020607, 1651.002068020485, 865.5332508846147
5790.952494621277, 804.1526352265391, 2743.0588696022464
5791.260668992996, 804.1526352265391, 2743.0588696022464
5791.917909383774, 1251.7253516192911, 2741.3935970266025
5792.43452501297, 1259.0274917958939, 2741.414659532536
5792.949146986008, 1224.6498161190364, 2740.856587693877
5793.427863836288, 1035.9414628036227, 2742.709596562081
5793.921542167664, 870.8659812617561, 2743.4352483218704
5794.265620231628, 870.8659812617561, 2743.4352483218704
5794.943803787231, 833.6014904477156, 2743.9211233058636
5795.268933534622, 833.6014904477156, 2743.9211233058636
5795.959085226059, 961.5993644897652, 2742.8449968636296
5796.280223846436, 961.5993644897652, 2742.8449968636296
5796.775896310806, 961.5993644897652, 2742.8449968636296
5797.266582727432, 961.5993644897652, 2742.8449968636296
5797.928807973862, 2092.185226801921, 2739.8611250739627
5798.440437793732, 2366.8500467121276, 2738.5180416109806
5798.792494773865, 2366.8500467121276, 2738.5180416109806
5799.428790569305, 2366.9803217347626, 2737.902773430358
5799.9593687057495, 2187.1641982417864, 2739.710756748154
5800.269538164139, 2187.1641982417864, 2739.710756748154
5800.767204999924, 2187.1641982417864, 2739.710756748154
5801.437410116196, 2682.0182570675233, 2724.0741460956087
5801.920116901398, 2687.145603221486, 2723.8926611535962
5802.429751634598, 2730.366785752073, 2723.6794699347993
5802.956341505051, 2624.1132837878636, 2726.229285435586
5803.275486469269, 2624.1132837878636, 2726.229285435586
5803.96164894104, 2426.260351075002, 2729.2820240123974
5804.291764259338, 2426.260351075002, 2729.2820240123974
5804.782449960709, 2426.260351075002, 2729.2820240123974
5805.2621648311615, 2426.260351075002, 2729.2820240123974
5805.78277182579, 2426.260351075002, 2729.2820240123974
5806.271461725235, 2426.260351075002, 2729.2820240123974
5806.779101848602, 2426.260351075002, 2729.2820240123974
5807.287739276886, 2426.260351075002, 2729.2820240123974
5807.93899512291, 851.4749759313353, 2750.8794203268876
5808.27609205246, 851.4749759313353, 2750.8794203268876
5808.783732414246, 851.4749759313353, 2750.8794203268876
5809.469894886017, 856.5951573249978, 2749.0056960566485
5809.772087097168, 856.5951573249978, 2749.0056960566485
5810.280722618103, 856.5951573249978, 2749.0056960566485
5810.801328897476, 856.5951573249978, 2749.0056960566485
5811.261096715927, 856.5951573249978, 2749.0056960566485
5811.777713298798, 856.5951573249978, 2749.0056960566485
5812.265407323837, 856.5951573249978, 2749.0056960566485
5812.776038408279, 856.5951573249978, 2749.0056960566485
5813.271710634232, 856.5951573249978, 2749.0056960566485
5813.805282115936, 856.5951573249978, 2749.0056960566485
5814.827543020248, 1668.9178157131405, 801.2175648456652
5815.639369249344, 1668.9178157131405, 801.2175648456652
5816.0422904491425, 1377.199854517565, 1045.366993157731
5816.507045507431, 1675.2068337508128, 1075.192065044234
5817.0695378780365, 1597.2607565832814, 996.7997776545232
5817.339814662933, 1597.2607565832814, 996.7997776545232
5817.8384783267975, 1597.2607565832814, 996.7997776545232
5818.469787836075, 1684.171629433125, 941.7847852944301
5818.8427884578705, 1684.171629433125, 941.7847852944301
5820.911247253418, 3372.823124159081, 2741.0630947794066
5821.44082903862, 3455.325054661134, 2739.4175583219308
5821.99036860466, 1877.155288046965, 728.0191463139189
5822.326456546783, 1877.155288046965, 728.0191463139189
5823.007632017136, 1401.5011879192614, 755.6206021327265
5823.501310825348, 1777.6309800332438, 761.1173287559172
5823.818460702896, 1777.6309800332438, 761.1173287559172
5824.581417560577, 1815.9936658515228, 877.3684658529834
5824.879618406296, 1815.9936658515228, 877.3684658529834
5825.362325191498, 1815.9936658515228, 877.3684658529834
5825.996626615524, 1598.0324106988426, 956.8141263758303
5826.3147740364075, 1598.0324106988426, 956.8141263758303
5826.822414398193, 1598.0324106988426, 956.8141263758303
5827.477658748627, 3931.2032415127233, 2737.340058554462
5827.920472383499, 3738.6347765694863, 2738.1340467740083
5828.263553619385, 3738.6347765694863, 2738.1340467740083
5828.949716329575, 3699.558063806132, 2738.5697600628823
5829.425441503525, 3680.39100034397, 2739.6084577301067
5829.9430549144745, 3651.4838839354506, 2738.5239958865022
5830.260205984116, 3651.4838839354506, 2738.5239958865022
5830.959332942963, 3661.576794782594, 2738.068494741865
5831.269501924515, 3661.576794782594, 2738.068494741865
5831.928737640381, 3652.7988465319095, 2738.902867962162
5832.513176202774, 3643.4796369097094, 2738.9108801821217
5832.790429353714, 3643.4796369097094, 2738.9108801821217
5833.449662923813, 3616.6817424751353, 2739.203715034727
5833.995200872421, 3592.7819949832674, 2739.444054900541
5834.457961320877, 3565.5991504521667, 2738.8130637574905
5834.958621501923, 3564.7507790147615, 2740.1823279281657
5835.461274147034, 3562.2772847089504, 2739.375420085693
5835.995841741562, 3561.4940835319776, 2740.2223002201135
5836.42569065094, 3562.225244019259, 2739.237635811185
5836.914382696152, 3562.841933807935, 2739.840484480694
5837.281398534775, 3562.841933807935, 2739.840484480694
5838.00146985054, 3564.826997220551, 2739.14307677504
5838.305655479431, 3564.826997220551, 2739.14307677504
5838.986830472946, 3578.5366126649033, 2739.8241212171215
5839.295004606247, 3578.5366126649033, 2739.8241212171215
5839.76275229454, 3578.5366126649033, 2739.8241212171215
5840.576581478119, 3648.250729868548, 2739.6535773364344
5840.775041103363, 3648.250729868548, 2739.6535773364344
5841.457214593887, 3759.5317805345235, 2738.6584821914653
5841.7873294353485, 3759.5317805345235, 2738.6584821914653
5842.482467651367, 3761.031696499309, 2738.414111194316
5842.954204320908, 3765.646989313406, 2738.553961529664
5843.281327724457, 3765.646989313406, 2738.553961529664
5843.911638498306, 3790.315822338784, 2738.5316615129914
5844.506046533585, 3789.5655373973186, 2738.2216575432835
5844.940883874893, 3790.5971876711324, 2738.9752210837023
5845.412618398666, 3794.3625118472705, 2738.621890556869
5845.929234743118, 3797.8718435517007, 2738.9118274481193
5846.436875581741, 3800.7387063979454, 2738.541267826007
5846.920579195023, 3801.225745393647, 2738.6301358808228
5847.259670495987, 3801.225745393647, 2738.6301358808228
5847.925886392593, 3543.5548895590455, 2736.1597767331527
5848.56517457962, 3527.079139475709, 2729.2360300952537
5848.774613380432, 3527.079139475709, 2729.2360300952537
5849.262306928635, 3527.079139475709, 2729.2360300952537
5849.780917882919, 3527.079139475709, 2729.2360300952537
5850.27360868454, 3527.079139475709, 2729.2360300952537
5850.769270181656, 3527.079139475709, 2729.2360300952537
5851.280900001526, 3527.079139475709, 2729.2360300952537
5851.759617567062, 3527.079139475709, 2729.2360300952537
5852.423839569092, 3252.679667588714, 2715.6315934143577
5852.93347287178, 3252.913383542219, 2714.4439074249303
5853.442144393921, 3252.351983985195, 2714.3214259324263
5853.950781822205, 3253.0271856834006, 2715.272607906698
5854.473382949829, 3253.5760913686463, 2715.158782277307
5854.932153940201, 3252.483728702997, 2714.6062923393283
5855.431815624237, 3253.0362916593335, 2715.178702083189
5855.776891469955, 3253.0362916593335, 2715.178702083189
5856.429143190384, 3252.9081714580216, 2714.705608644266
5856.954736948013, 3252.954932805639, 2713.74896290323
5857.425475358963, 3252.262138030057, 2714.5767734172914
5857.936108589172, 3252.14365214714, 2713.965651362543
5858.462697505951, 3252.371695155704, 2714.559418567947
5858.78284072876, 3252.371695155704, 2714.559418567947
5859.452048063278, 3252.7148405536914, 2714.998295869386
5859.919793844223, 3252.6103568214544, 2714.2489137835382
5860.428433895111, 3252.6096509529666, 2714.1547961198125
5860.918120622635, 3252.4598083557216, 2715.1014793098766
5861.432742118835, 3252.2660396782153, 2714.9056819525563
5861.92741560936, 3251.9268506829667, 2713.6993123732004
5862.274486541748, 3251.9268506829667, 2713.6993123732004
5862.911779880524, 3249.6942115131983, 2715.185040555705
5863.413436412811, 3252.7393814080074, 2714.8398545480586
5863.768484354019, 3252.7393814080074, 2714.8398545480586
5864.412759065628, 3251.7141148057813, 2714.534386804668
5864.9233911037445, 3251.761864795769, 2714.540293498217
5865.423054218292, 3252.054304768532, 2714.933807905209
5865.955626487732, 3251.276770418041, 2714.1800138159447
5866.456285238266, 3251.486467789331, 2714.1504414268884
5866.783409357071, 3251.486467789331, 2714.1504414268884
5867.456604957581, 3252.3712646542926, 2714.3038521948474
5867.955270051956, 3251.699508234954, 2714.3488061324533
5868.206596851349, 3251.699508234954, 2714.3488061324533
5868.455929517746, 3251.896373109975, 2714.535843344975
5868.976534605026, 3251.410829505029, 2713.847385356223
5869.4602394104, 3251.5102368160938, 2713.9955023558737
5869.947932004929, 3252.2292790127494, 2714.269567276942
5870.443604230881, 3251.5457247993318, 2714.390131030821
5870.939277172089, 3251.6402953508864, 2714.4023162031817
5871.260417699814, 3251.6402953508864, 2714.4023162031817
5871.920649051666, 3251.3727246709673, 2714.2286624079456
5872.443249702454, 3251.8329400175553, 2714.490484144864
5872.7643892765045, 3251.8329400175553, 2714.490484144864
5872.953879833221, 3251.8329400175553, 2714.490484144864
5873.430603265762, 3251.1687387319917, 2711.192006085046
5873.951208591461, 3249.7746404414574, 2713.457472496178
5874.280328989029, 3249.7746404414574, 2713.457472496178
5874.779989957809, 3249.7746404414574, 2713.457472496178
5875.288627386093, 3249.7746404414574, 2713.457472496178
5875.775322675705, 3249.7746404414574, 2713.457472496178
5876.463480472565, 3251.65888276662, 2714.3508066473055
5876.939205169678, 3251.2948007474993, 2713.8166678635716
5877.295252084732, 3251.2948007474993, 2713.8166678635716
5877.94052362442, 3251.409402305707, 2714.9388031795474
5878.452153921127, 3251.4189883546965, 2714.273687404993
5878.953810214996, 3251.3482345581706, 2713.732758363528
5879.424548625946, 3251.063746826109, 2713.8476340442844
5879.947149038315, 3251.679237076836, 2713.840525143102
5880.46476149559, 3251.8172848107524, 2713.8282997821193
5880.782908916473, 3251.8172848107524, 2713.8282997821193
5881.455111026764, 3251.2584154295714, 2714.3711150594286
5881.950782299042, 3251.061340463023, 2714.108216962061
5882.2749128341675, 3251.061340463023, 2714.108216962061
5882.7895357608795, 3251.061340463023, 2714.108216962061
5883.269250869751, 3251.061340463023, 2714.108216962061
5883.9384570121765, 3251.2224612037903, 2714.0601242120056
5884.455075502396, 3251.150429539861, 2714.5440630275943
5884.7732219696045, 3251.150429539861, 2714.5440630275943
5885.429463624954, 3251.275692958237, 2714.0269455996768
5885.768556594849, 3251.275692958237, 2714.0269455996768
5886.268216609955, 3251.275692958237, 2714.0269455996768
5886.9224643707275, 3251.1232000164127, 2714.165792096196
5887.427114248276, 3250.8447810349226, 2714.069502461474
5887.792137145996, 3250.8447810349226, 2714.069502461474
5888.266863107681, 3250.8447810349226, 2714.069502461474
5888.957015991211, 3250.936227450447, 2713.832685622059
5889.42077422142, 3250.534944425884, 2713.8081096937444
5889.776818990707, 3250.534944425884, 2713.8081096937444
5890.422091007233, 3251.060660401334, 2713.898931477188
5890.758191108704, 3251.060660401334, 2713.898931477188
5891.423409700394, 3250.522059411786, 2714.197508490394
5891.933043718338, 3251.078434227099, 2714.2189494205327
5892.265154838562, 3251.078434227099, 2714.2189494205327
5892.907433986664, 3250.3677066236733, 2714.1794123882246
5893.416072130203, 3250.8315330149453, 2714.3175335736955
5893.790069818497, 3250.8315330149453, 2714.3175335736955
5894.414398431778, 3250.6010483546665, 2713.9462931372436
5894.942981481552, 3250.8673755757645, 2713.986595742521
5895.2711017131805, 3250.8673755757645, 2713.986595742521
5895.918368577957, 3251.124110460754, 2714.205152669378
5896.267434835434, 3251.124110460754, 2714.205152669378
5896.774076461792, 3251.124110460754, 2714.205152669378
5897.459239959717, 3250.63331507144, 2713.8566644839607
5897.764423370361, 3250.63331507144, 2713.8566644839607
5898.279045820236, 3250.63331507144, 2713.8566644839607
5898.760753631592, 3250.63331507144, 2713.8566644839607
5899.256427526474, 3250.63331507144, 2713.8566644839607
5899.76905632019, 3250.63331507144, 2713.8566644839607
5900.415325164795, 3250.0804776910254, 2714.517025436613
5900.775359630585, 3250.0804776910254, 2714.517025436613
5901.263052940369, 3250.0804776910254, 2714.517025436613
5901.916303396225, 3251.6158061548813, 2714.11347070013
5902.271350860596, 3251.6158061548813, 2714.11347070013
5902.763034105301, 3251.6158061548813, 2714.11347070013
5903.444210529327, 3250.4756512055337, 2713.883108399928
5903.7633554935455, 3250.4756512055337, 2713.883108399928
5904.281965970993, 3250.4756512055337, 2713.883108399928
5904.980095386505, 3250.1785971511536, 2713.9760394204236
5905.484743356705, 3250.7249864226033, 2713.8827868735016
5905.799899339676, 3250.7249864226033, 2713.8827868735016
5906.284604072571, 3250.7249864226033, 2713.8827868735016
5906.76331949234, 3250.7249864226033, 2713.8827868735016
5907.435519218445, 3250.3535901600912, 2714.0581358608247
5907.955128908157, 3250.7881187082908, 2714.155404108484
5908.429855585098, 3250.5694345658558, 2713.473691203013
5908.936498165131, 3250.8878691968293, 2713.868961889424
5909.274593830109, 3250.8878691968293, 2713.868961889424
5909.761289358139, 3250.8878691968293, 2713.868961889424
5910.280897140503, 3250.8878691968293, 2713.868961889424
5910.761609792709, 3250.8878691968293, 2713.868961889424
5911.428823232651, 3250.1597851518973, 2713.583016382235
5911.7629272937775, 3250.1597851518973, 2713.583016382235
5912.259597063065, 3250.1597851518973, 2713.583016382235
5912.9248151779175, 3249.784158893797, 2714.261551860427
5913.444422721863, 3250.264993629816, 2714.2997883141443
5913.96901845932, 3249.805786401635, 2714.066498248681
5914.460701704025, 3250.5679857373802, 2714.142728075943
5914.934433698654, 3249.9479132527144, 2715.0526479389837
5915.43409538269, 3250.8199199073283, 2713.900591207078
5915.919794559479, 3250.543848957602, 2714.2817807467663
5916.26985502243, 3250.543848957602, 2714.2817807467663
5916.760541439056, 3250.543848957602, 2714.2817807467663
5917.421769142151, 3250.756229660927, 2714.0367770289818
5917.775821208954, 3250.756229660927, 2714.0367770289818
5918.422091007233, 3250.45616673257, 2713.9366077473514
5918.9197561740875, 3249.3560519889143, 2713.684750183877
5919.41742515564, 3250.6771457856876, 2714.511055424626
5919.775465250015, 3250.6771457856876, 2714.511055424626
5920.435695648193, 3267.3473828689853, 2740.553630258288
5920.929373025894, 3325.851420907321, 2740.2540597681873
5921.417069673538, 3275.2672804512476, 2741.418294186161
5921.770124197006, 3275.2672804512476, 2741.418294186161
5922.454289674759, 3336.203997170563, 2740.449598911599
5922.942981004715, 3474.2645107759254, 2740.0939022974294
5923.431671619415, 3584.12675168995, 2739.8685032970257
5923.9452958106995, 3708.1885836306055, 2739.519108043446
5924.286382198334, 3708.1885836306055, 2739.519108043446
5924.783052206039, 3708.1885836306055, 2739.519108043446
5925.457246303558, 3797.277687989308, 2739.1242841662647
5925.924993515015, 3801.7759265031864, 2738.8375835948623
5926.2610948085785, 3801.7759265031864, 2738.8375835948623
5926.768732309341, 3801.7759265031864, 2738.8375835948623
5927.272383213043, 3801.7759265031864, 2738.8375835948623
5927.921644210815, 3850.9436162101656, 2738.6291568306942
5928.416320562363, 3846.996154126707, 2738.297381014862
5928.770370721817, 3846.996154126707, 2738.297381014862
5929.2640500068665, 3846.996154126707, 2738.297381014862
5929.937246084213, 3828.794746811949, 2739.5937936337027
5930.420950889587, 3805.4034820335323, 2739.7698065246377
5930.913658618927, 3598.077895191684, 2726.7689554965796
5931.426257610321, 3741.6761039955304, 2738.1534756041756
5931.758367061615, 3741.6761039955304, 2738.1534756041756
5932.43954205513, 3278.9169672061403, 2691.6415883873374
5932.931226730347, 3810.640825800007, 2740.040758072221
5933.4249041080475, 3284.5120689375008, 2728.125229589231
5933.929552555084, 2747.224541903703, 2742.431883038714
5934.445170879364, 1907.515711651724, 2720.977607806263
5934.997690677643, 2128.6480576812232, 2733.775281475698
5935.310851812363, 2128.6480576812232, 2733.775281475698
5935.806525707245, 2128.6480576812232, 2733.775281475698
5936.44481420517, 2160.4020914691623, 2712.6145848986207
5936.955448627472, 2333.3493329971684, 2733.186215579127
5937.430175542831, 2327.753096278471, 2742.073836475652
5937.791209220886, 2327.753096278471, 2742.073836475652
5938.441467046738, 2315.6775387509947, 2729.0255761416383
5938.790531873703, 2315.6775387509947, 2729.0255761416383
5939.435832262039, 2322.136281967075, 2730.5951239618694
5939.945438146591, 2342.520717342418, 2730.393485831779
5940.434131145477, 2319.0127948214167, 2726.5532357057573
5940.800148963928, 2319.0127948214167, 2726.5532357057573
5941.298813581467, 2319.0127948214167, 2726.5532357057573
5941.935109138489, 2353.7699310568296, 2729.4692810442557
5942.287164449692, 2353.7699310568296, 2729.4692810442557
5942.944405078888, 2349.614529950331, 2729.7141332509395
5943.470994949341, 2347.251337468294, 2729.3291748266915
5943.973649263382, 2435.0132099504585, 2728.598276958351
5944.441395998001, 2559.8250302341817, 2727.4628982085555
5944.932080030441, 2573.681763705688, 2727.1870366880826
5945.283141613007, 2573.681763705688, 2727.1870366880826
5945.945365667343, 2566.609532389028, 2723.27755382682
5946.283461093903, 2566.609532389028, 2723.27755382682
5946.777138710022, 2566.609532389028, 2723.27755382682
5947.462303876877, 2609.2236805881107, 2721.1904272924376
5947.93803024292, 2618.419621321844, 2719.6128395994974
5948.286097288132, 2618.419621321844, 2719.6128395994974
5948.9473259449005, 2791.7096512899952, 2716.775899433315
5949.27644443512, 2791.7096512899952, 2716.775899433315
5949.9416625499725, 2815.337999840018, 2721.0706345406693
5950.301698684692, 2815.337999840018, 2721.0706345406693
5950.978883266449, 2867.234446150072, 2734.970698355024
5951.497495889664, 2867.7697076621894, 2736.075077436441
5951.979204893112, 2862.007752084716, 2739.207307457697
5952.491831064224, 2173.653418152314, 2734.75990910665
5952.945616006851, 1461.5859037925754, 2736.4320143250216
5953.292686462402, 1461.5859037925754, 2736.4320143250216
5954.0187430381775, 1290.6279371394949, 38.39657326986193
5954.510452270508, 1739.6791966314736, 225.6228221672527
5954.8584933280945, 1739.6791966314736, 225.6228221672527
5955.632418394089, 1389.214699751278, 1011.4808869344987
5955.991457700729, 1292.3978337976655, 1165.9428310416788
5956.510066986084, 1368.2138087186513, 1161.8332636684936
5956.956870317459, 1622.385583763772, 2741.860068523887
5957.455535411835, 2102.5782474342177, 2740.1539329368834
5957.949213504791, 2175.7039005648685, 2737.202768412752
5958.289302825928, 2175.7039005648685, 2737.202768412752
5958.958510875702, 2199.0873144291113, 2738.5558618415307
5959.443212032318, 2199.0780726704397, 2738.2658271811565
5959.951849222183, 2188.587950986298, 2738.6361690777276
5960.302909374237, 2188.587950986298, 2738.6361690777276
5960.815534353256, 2188.587950986298, 2738.6361690777276
5961.463799715042, 2166.2893071709555, 2739.816082872513
5961.960468053818, 2170.8432416728947, 2737.9214973106705
5962.3115293979645, 2170.8432416728947, 2737.9214973106705
5962.80520606041, 2170.8432416728947, 2737.9214973106705
5963.455466508865, 2161.874335302787, 2738.181472164108
5963.971086025238, 2161.3409030096527, 2738.4623714685604
5964.469746828079, 2164.8432414705644, 2739.2317259338815
5965.001323461533, 2158.834734632095, 2738.6857883966522
5965.2915461063385, 2158.834734632095, 2738.6857883966522
5965.959756135941, 2114.69198450529, 2738.2161768784617
5966.325775384903, 2114.69198450529, 2738.2161768784617
5966.978030204773, 2060.3461996253063, 2736.138736260242
5967.289195299149, 2060.3461996253063, 2736.138736260242
5967.796377658844, 2060.3461996253063, 2736.138736260242
5968.451620578766, 2054.7961307023697, 2736.870728472006
5969.020098924637, 2059.199056461422, 2735.6090249326076
5969.497818231583, 2070.114866594557, 2738.1380784679304
5969.990500211716, 2025.918727264705, 2732.6820866177204
5970.459244012833, 2044.5879061074597, 2734.9176328081157
5970.8192801475525, 2044.5879061074597, 2734.9176328081157
5971.464552164078, 2191.3041814115722, 2738.863947632151
5971.809627532959, 2191.3041814115722, 2738.863947632151
5972.293332099915, 2191.3041814115722, 2738.863947632151
5972.816952943802, 2191.3041814115722, 2738.863947632151
5973.3156208992, 2191.3041814115722, 2738.863947632151
5973.975848197937, 2264.000536651459, 2737.1962807941213
5974.470522880554, 2265.3199921288397, 2736.538684376186
5974.9881365299225, 2267.427655331922, 2737.6900584273935
5975.457903623581, 2267.7014930823266, 2738.364010061409
5975.807966709137, 2267.7014930823266, 2738.364010061409
5976.296657323837, 2267.7014930823266, 2738.364010061409
5976.807289123535, 2267.7014930823266, 2738.364010061409
5977.293985843658, 2267.7014930823266, 2738.364010061409
5977.802622795105, 2267.7014930823266, 2738.364010061409
5978.455872535706, 2265.9667693413576, 2738.0202297261
5978.800948858261, 2265.9667693413576, 2738.0202297261
5979.447217941284, 2265.6391314407706, 2738.723168352387
5979.9478764534, 2265.2840134398075, 2738.5085676497624
5980.305917263031, 2265.2840134398075, 2738.5085676497624
5980.95019197464, 2264.8376396683907, 2738.2545126194136
5981.318207025528, 2264.8376396683907, 2738.2545126194136
5981.818866968155, 2264.8376396683907, 2738.2545126194136
5982.493059396744, 2264.9897419485224, 2739.4422237454696
5982.9817497730255, 2265.311824595353, 2738.5678017471573
5983.29790353775, 2265.311824595353, 2738.5678017471573
5983.942177295685, 2265.163107930681, 2738.8900715921195
5984.4478232860565, 2265.0330270529316, 2738.3385076850277
5984.802872180939, 2265.0330270529316, 2738.3385076850277
5985.469087839127, 2265.110691771043, 2737.6161276267153
5985.964760065079, 2265.59513723635, 2738.2750663207685
5986.462430477142, 2265.1851944601435, 2738.433684037207
5986.971064329147, 2265.588271873987, 2740.096683454948
5987.308161735535, 2265.588271873987, 2740.096683454948
5987.978366613388, 2264.9898099175502, 2738.779482742481
5988.31546330452, 2264.9898099175502, 2738.779482742481
5988.805152177811, 2264.9898099175502, 2738.779482742481
5989.310797452927, 2264.9898099175502, 2738.779482742481
5989.987983703613, 2264.7625283384978, 2738.952203775712
5990.450744867325, 2265.1019986189312, 2738.6359083209013
5990.978330612183, 2264.8930382537637, 2738.6674887383256
5991.295480966568, 2264.8930382537637, 2738.6674887383256
5991.950726270676, 2264.9833658112243, 2739.078008356253
5992.3047778606415, 2264.9833658112243, 2739.078008356253
5992.966006040573, 2264.4848675930843, 2739.468552826494
5993.476638793945, 2265.4846309966606, 2738.465161691433
5993.983281850815, 2265.3174120011217, 2739.2118507069945
5994.512862920761, 2265.613203857769, 2739.8005567070604
5994.806077957153, 2265.613203857769, 2739.8005567070604
5995.483263731003, 2264.813470593824, 2739.0079062237915
5996.0098531246185, 2264.983192875062, 2739.177702636476
5996.5105130672455, 2264.685594315254, 2739.2592078665625
5996.9962112903595, 2265.17237294678, 2739.418669049907
5997.44102025032, 2265.104729616209, 2738.894478429762
5997.804048299789, 2265.104729616209, 2738.894478429762
5998.453308582306, 2265.146361338539, 2738.4577384691574
5998.943994045258, 2265.2500713146133, 2738.5610285418925
5999.303032159805, 2265.2500713146133, 2738.5610285418925
5999.946309804916, 2941.545277850698, 2734.204167049682
6000.301357984543, 2941.545277850698, 2734.204167049682
6000.79204416275, 2941.545277850698, 2734.204167049682
6001.287716388702, 2941.545277850698, 2734.204167049682
6002.013771057129, 2044.2958067067061, 1441.2839593007752
6002.535374403, 2123.674498847342, 4192.998626926016
6003.543673992157, 1753.866536377291, 444.54103239544827
6004.038348197937, 3546.5182430744303, 1421.8767666712674
6004.543993711472, 2360.8049330746176, 1458.7341941900534
6008.549297809601, 1175.7569844436987, 390.7547622354058
6009.016047716141, -129830.7522982556, 792.8284689071186
6009.624418020248, 150.09414639249297, 658.8566947450802
6009.948548793793, 150.09414639249297, 658.8566947450802
6010.455192327499, 150.09414639249297, 658.8566947450802
6010.967819690704, 150.09414639249297, 658.8566947450802
6011.65896821022, 3019.025084066151, 1416.473090653022
6012.224453926086, 61.57196359482877, 1103.2419237505794
6013.294586896896, 2098.272134283715, 1016.0110412226263
6014.047598600388, 3099.4999999999836, 1486.9999991570678
6014.389654159546, 3099.4999999999836, 1486.9999991570678
6014.908265352249, 3099.4999999999836, 1486.9999991570678
6015.711115837097, 2430.704047465884, 73.0129539972778
6016.887962341309, 1376.9990492225224, 1628.0050775255759
6017.545201539993, 3809.9999998853837, 647.9815984277407
6017.980036735535, 1492.1009253975587, 2408.9999999942675
6018.622315406799, 765.9999719684803, -519.0557024894194
6019.093055009842, 294.51429381783106, -848.6108742900295
6019.58274435997, 821.0106527794309, 550.0053722838284
6020.218042612076, 451.50340254428096, 387.8350632141316
6021.211381196976, 3343.011012138572, 226.84787664916502
6022.085042715073, 3343.011012138572, 226.84787664916502
6022.540820360184, 3343.011012138572, 226.84787664916502
6023.034499168396, 3343.011012138572, 226.84787664916502
6023.5251841545105, 1128.8003250237286, 82888.90602658376
6023.843330860138, 1128.8003250237286, 82888.90602658376
6024.509546041489, 1299.4614203372803, 306.32890958239125
6024.861604213715, 1299.4614203372803, 306.32890958239125
6025.34929728508, 1299.4614203372803, 306.32890958239125
6025.855940103531, 1299.4614203372803, 306.32890958239125
6026.537115573883, 1342.906108600671, 725.0060651704063
6026.872218608856, 1342.906108600671, 725.0060651704063
6027.377864599228, 1342.906108600671, 725.0060651704063
6028.053056716919, 2923.8369388809615, 494.00000000083867
6028.495868682861, 1160.12676667368, 95060.14607114124
6029.197988033295, 1731.345527718289, 40.00065604926817
6030.103563308716, 3516.566113095638, 2840.999999999991
6030.560338258743, 870.6645616478444, 1550.0140607040385
6031.137793064117, 1281.9910672281858, 1103.4597877271049
6031.478878974915, 1281.9910672281858, 1103.4597877271049
6032.198951005936, 238.44250356277917, 629.3029861920955
6033.077597618103, 1800.9943799695607, 490.56245508246985
6033.781709432602, 1930.9914332606231, 833.4999997608004
6034.822921991348, 1775.1666211075149, 1025.4464461627272
6035.704559803009, 1775.1666211075149, 1025.4464461627272
6036.5842316150665, 142.7072165621847, 1325.782255661302
6037.276351928711, 569.786743835303, 132.64255681055792
6038.094160318375, 569.786743835303, 132.64255681055792
6038.652663230896, 1149.656281871456, 2166.822717873573
6038.892020940781, 1149.656281871456, 2166.822717873573
6039.73975110054, 880.4427631658762, 267.9061309157527
6040.518665313721, 1173.2084344274606, 442.39902807673974
6041.057223081589, 253.76749641092027, 435.5738716325912
6041.549902439117, 832.3260811009458, 116.87366743861978
6041.908941745758, 832.3260811009458, 116.87366743861978
6042.557204246521, 769.9087299306748, 589.2143061886354
6043.015975952148, 1183.484298953304, 1130.1625528734646
6043.356065034866, 1183.484298953304, 1130.1625528734646
6044.250668525696, 2270.465256128782, 1027.6254828169815
6045.093411445618, 2270.465256128782, 1027.6254828169815
6045.604043245316, 1577.8817426276958, 193.5429883250592
6045.911219596863, 1577.8817426276958, 193.5429883250592
6046.5864136219025, 2152.334169478227, 1047.1500229325916
6047.079092502594, 31581.44964217441, 214.38534614433797
6047.508941650391, 387.05090331651803, 833.1652602078085
6048.361656427383, 1266.5658082734192, 418.88276562590573
6049.042832136154, 738.4936738060502, 781.5524473746848
6049.604328870773, 512.2385837206137, 933.9872928875859
6050.064096927643, 1463.6527692807713, 2226.434480560195
6050.495940208435, 2577.007695946748, 1371.7999571404243
6051.355637073517, 1744.9547902029115, 1957.990553773463
6052.026838064194, 4955.990026921195, 2189.499999999983
6052.387873411179, 4955.990026921195, 2189.499999999983
6053.423099756241, 1476.0134451589045, 765.9956639728919
6054.074354171753, 1895.0000000117257, 1912.4999999853649
6054.804400444031, 575.4208306725129, 578.9999999999872
6055.569351434708, 1268.358419618316, 142.43815515461608
6055.856581926346, 1268.358419618316, 142.43815515461608
6056.358265638351, 1268.358419618316, 142.43815515461608
6057.214941978455, 1495.0000280492789, 1673.2497424092949
6058.295048713684, 209.99936978412725, 2291.011989150524
6059.25048995018, 819.8215298961741, 817.2239016284753
6060.087250709534, 819.8215298961741, 817.2239016284753
6060.593892097473, 819.8215298961741, 817.2239016284753
6061.221211194992, 1959.9945590919808, 2558.000000000205
6062.089885473251, 3146.9999999990914, 1601.0132901407997
6062.817933797836, 107.00774953282769, 1905.0068999514272
6063.890063285828, 2271.0181571471044, 374.56704349421483
6064.749788284302, 2271.0181571471044, 374.56704349421483
6065.736116886139, 2271.0181571471044, 374.56704349421483
6066.719486474991, 2271.0181571471044, 374.56704349421483
6067.727783441544, 2271.0181571471044, 374.56704349421483
6068.47079205513, 3035.2438734445154, 2929.4345340018367
6069.054229736328, 1687.2122768245356, 147.21440787757626
6069.53194975853, 1795.1483449887255, 2165.590220225889
6069.861072540283, 1795.1483449887255, 2165.590220225889
6070.5113270282745, 1750.1688450867612, 721.4178593526846
6070.99702501297, 1033.9747935216599, 1293.991935472654
6071.51962685585, 1179.8195082729894, 1835.645264320286
6072.010311841965, 1269.9983089492343, 1768.2814749760807
6072.369350194931, 1269.9983089492343, 1768.2814749760807
6073.000658273697, 1094.8402498013477, 1909.6866955629619
6073.547195196152, 1385.0876821712427, 1669.5390615324548
6073.877311468124, 1385.0876821712427, 1669.5390615324548
6074.374978065491, 1385.0876821712427, 1669.5390615324548
6074.888602733612, 1385.0876821712427, 1669.5390615324548
6075.5268931388855, 1775.328889525029, 1346.4080086740657
6075.854016780853, 1775.328889525029, 1346.4080086740657
6076.563117027283, 2261.447833614638, 1279.2638718248863
6077.058788537979, 2066.602835797738, 279.9999999999937
6077.396883487701, 2066.602835797738, 279.9999999999937
6078.089030265808, 101.00000000048567, 2831.9622519115037
6078.716348409653, 1068.0007493958722, 236.0030978777146
6080.043793678284, 1455.0069449347209, 2518.988670875211
6080.874566793442, 1455.0069449347209, 2518.988670875211
6081.466979980469, 4040.6314708021196, 2748.9244058661525
6081.97362446785, 2497.110428293216, 2758.691219403276
6082.293767213821, 2497.110428293216, 2758.691219403276
6082.962974309921, 755.7045649760341, 2735.724094429379
6083.447674751282, 732.6055420766793, 2762.0285765241265
6083.962296962738, 740.6238600858193, 2769.4045024441243
6084.299394607544, 740.6238600858193, 2769.4045024441243
6084.968602180481, 874.8887447603878, 2768.748877871433
6085.320658445358, 874.8887447603878, 2768.748877871433
6085.791396856308, 874.8887447603878, 2768.748877871433
6086.461602926254, 2051.1448384854953, 2764.056811799923
6086.950295448303, 2052.4966957256556, 2766.0482014536515
6087.3053414821625, 2052.4966957256556, 2766.0482014536515
6087.958624601364, 2036.3636548210827, 2762.092358102405
6088.452301740646, 2053.0987863889727, 2765.114081739453
6088.968919038773, 2057.597409832175, 2773.800643611295
6089.45162653923, 2076.260948911528, 2759.3696826474597
6089.957271575928, 2089.638065221282, 2762.2014691553386
6090.443995952606, 2083.343053265138, 2760.715849439192
6090.797056674957, 2083.343053265138, 2760.715849439192
6091.312639713287, 2083.343053265138, 2760.715849439192
6091.79833984375, 2083.343053265138, 2760.715849439192
6092.45956993103, 2081.549429414598, 2761.58997230421
6092.957235097885, 2063.013290041279, 2761.601356046303
6093.484823703766, 2038.7159718663975, 2764.3183159882196
6093.995454072952, 2019.3153560561439, 2764.0301654220866
6094.455223798752, 1983.2980177533505, 2774.552083144966
6094.964858531952, 2415.067521345219, 2768.8817904236707
6095.294974088669, 2415.067521345219, 2768.8817904236707
6095.946229696274, 2785.9284646130004, 2760.8709160555213
6096.450879335403, 2856.983657688563, 2766.529532674558
6096.794957876205, 2856.983657688563, 2766.529532674558
6097.447216272354, 2851.19701717152, 2767.457589530731
6097.939895868301, 2851.7059509172586, 2766.691231318748
6098.449531555176, 2850.8715499344653, 2767.134614383061
6098.945203065872, 2860.7221653698866, 2766.2604104786383
6099.303245306015, 2860.7221653698866, 2766.2604104786383
6099.944526433945, 2901.4630934885145, 2764.9716347176036
6100.464142084122, 2997.6539325002013, 2765.9422327755487
6100.977758646011, 3120.3869262379003, 2764.976296797685
6101.307874679565, 3120.3869262379003, 2764.976296797685
6102.010993242264, 3221.3698995989425, 2764.7654551219875
6102.490706205368, 3280.23001230506, 2764.041256352318
6102.833787918091, 3280.23001230506, 2764.041256352318
6103.326467752457, 3280.23001230506, 2764.041256352318
6103.831116199493, 3280.23001230506, 2764.041256352318
6104.482370853424, 3562.651298718755, 2763.8018719095912
6104.951115846634, 3560.953393115409, 2764.2269902825788
6105.454766511917, 3561.1923297313692, 2763.3924534690004
6105.814801931381, 3561.1923297313692, 2763.3924534690004
6106.4411244392395, 3561.251014821674, 2763.64384871513
6106.799165487289, 3561.251014821674, 2763.64384871513
6107.288854122162, 3561.251014821674, 2763.64384871513
6107.804472923279, 3561.251014821674, 2763.64384871513
6108.446752071381, 3561.187011526061, 2763.839394563992
6108.790830612183, 3561.187011526061, 2763.839394563992
6109.4500644207, 3560.466054735882, 2763.6236268261914
6109.816084861755, 3560.466054735882, 2763.6236268261914
6110.488285064697, 3560.9659475489766, 2763.4197844465434
6110.838347673416, 3560.9659475489766, 2763.4197844465434
6111.301106452942, 3560.9659475489766, 2763.4197844465434
6111.958347320557, 3560.5274678048677, 2763.5943076085614
6112.462995290756, 3561.109901799099, 2764.0966471400197
6112.957669258118, 3560.8729542849865, 2763.822691936022
6113.297758579254, 3560.8729542849865, 2763.822691936022
6114.014837503433, 3561.088725410692, 2763.663498013024
6114.31004691124, 3561.088725410692, 2763.663498013024
6114.982246160507, 3560.838322921819, 2763.8772351768766
6115.460964679718, 3561.1328434383445, 2763.8297282419358
6115.806041479111, 3561.1328434383445, 2763.8297282419358
6116.299717664719, 3561.1328434383445, 2763.8297282419358
6116.799379348755, 3561.1328434383445, 2763.8297282419358
6117.29305768013, 3561.1328434383445, 2763.8297282419358
6117.957278013229, 3560.1586995086805, 2762.8419739456344
6118.439984560013, 3560.4028000929293, 2763.188576583395
6118.817973613739, 3560.4028000929293, 2763.188576583395
6119.304668426514, 3560.4028000929293, 2763.188576583395
6119.983849287033, 3560.6447002936247, 2764.1260632574963
6120.4655585289, 3560.8784162600205, 2764.497416465176
6120.797669410706, 3560.8784162600205, 2764.497416465176
6121.294339418411, 3560.8784162600205, 2764.497416465176
6121.807963371277, 3560.8784162600205, 2764.497416465176
6122.498114824295, 3561.052694500674, 2763.1335561020373
6122.986806154251, 3559.5136351772176, 2764.4364797018666
6123.485471725464, 3560.420888978831, 2763.419349655183
6123.995104789734, 3560.1444869456295, 2762.681903684304
6124.316246986389, 3560.1444869456295, 2762.681903684304
6124.9525401592255, 3561.4341830874323, 2763.1234072466596
6125.303599596024, 3561.4341830874323, 2763.1234072466596
6125.79029583931, 3561.4341830874323, 2763.1234072466596
6126.2989337444305, 3561.4341830874323, 2763.1234072466596
6126.957170724869, 3560.580175202154, 2763.314377489379
6127.4837601184845, 3560.8124950434512, 2764.2717159439685
6127.975443124771, 3560.8549209502116, 2763.2351171263876
6128.465131044388, 3561.0411348122734, 2764.6606506832404
6128.996707439423, 3561.694243984647, 2764.1095136546137
6129.29191660881, 3561.694243984647, 2764.1095136546137
6129.948159456253, 3560.958554532196, 2763.588198020577
6130.454801797867, 3561.0072737273936, 2761.9799961478466
6130.94748210907, 3561.844958428281, 2764.22552210249
6131.300536394119, 3561.844958428281, 2764.22552210249
6132.032575368881, 1661.1899181334766, 1890.0361395189777
6132.3706703186035, 1661.1899181334766, 1890.0361395189777
6133.011952161789, 1054.2803240689423, 1841.2137551254416
6133.542531013489, 1385.8477040528805, 1814.956990149803
6134.024241924286, 324.93537646074935, 1925.5459116731909
6134.358345985413, 324.93537646074935, 1925.5459116731909
6134.8530213832855, 324.93537646074935, 1925.5459116731909
6135.35368013382, 324.93537646074935, 1925.5459116731909
6135.86530995369, 324.93537646074935, 1925.5459116731909
6136.360981702805, 324.93537646074935, 1925.5459116731909
6137.019218683243, 138608.39145045256, 1258.8544811210156
6137.592682361603, 1281.8920280152247, 1665.366780143899
6138.047466039658, 1370.369022472158, 1132.9582724088073
6138.387554883957, 1370.369022472158, 1132.9582724088073
6139.039806365967, 1338.1423415839342, 1626.2428615978922
6139.366930484772, 1338.1423415839342, 1626.2428615978922
6140.019182920456, 1330.2811880101353, 1583.7765883760956
6140.458008289337, 3686.2423552366263, 2760.9881332281943
6140.956671476364, 2554.3815284441093, 2767.2426374250977
6141.441373825073, 2306.608789298789, 2767.315665011808
6141.941034317017, 2311.5285496572124, 2767.7213305970636
6142.446680307388, 2280.1137357203497, 2765.7418407265495
6142.797739505768, 2280.1137357203497, 2765.7418407265495
6143.447000741959, 2470.440979479034, 2766.304965957523
6143.949654340744, 2483.112677356769, 2766.6959837151444
6144.481231212616, 2507.054804348262, 2765.733237646105
6144.805362462997, 2507.054804348262, 2765.733237646105
6145.291061162949, 2507.054804348262, 2765.733237646105
6145.7857439517975, 2507.054804348262, 2765.733237646105
6146.441986322403, 3026.7927143158886, 2762.469912316754
6146.796037197113, 3026.7927143158886, 2762.469912316754
6147.463251113892, 3481.497193781337, 2758.2120768468235
6147.9489488601685, 3542.460117531112, 2757.178471300364
6148.464568376541, 3693.27366291565, 2755.9607500557267
6148.948272943497, 3926.1368572473643, 2753.7717823851326
6149.451924562454, 3949.4281211788084, 2753.646064973382
6149.787026882172, 3949.4281211788084, 2753.646064973382
6150.959885120392, 3482.6955311197803, 2753.0803099425793
6151.291996240616, 3482.6955311197803, 2753.0803099425793
6151.9502375125885, 2416.9541176028574, 2754.635577790931
6152.309275388718, 2416.9541176028574, 2754.635577790931
6152.803949832916, 2416.9541176028574, 2754.635577790931
6153.294635057449, 2416.9541176028574, 2754.635577790931
6153.8002808094025, 2416.9541176028574, 2754.635577790931
6154.4415826797485, 1964.113106574367, 2758.132306645527
6154.792642831802, 1964.113106574367, 2758.132306645527
6155.4588577747345, 1644.4492134179784, 2761.3291710087506
6155.944556951523, 1639.5606142564932, 2761.8411044957857
6156.456187486649, 1612.5152588479127, 2754.456557118141
6156.957875728607, 1613.1904865570218, 2754.7910053411597
6157.462490558624, 1614.1663822742382, 2755.774618771677
6157.950197935104, 1616.1761253798982, 2756.96088055897
6158.44687962532, 1591.9500397996005, 2755.7958667755734
6158.950504779816, 1560.2153081296676, 2757.913369318284
6159.297575712204, 1560.2153081296676, 2757.913369318284
6159.79826426506, 1560.2153081296676, 2757.913369318284
6160.30188703537, 1560.2153081296676, 2757.913369318284
6160.813514947891, 1560.2153081296676, 2757.913369318284
6161.489704608917, 2429.0986140759637, 2763.2251462952345
6161.956454992294, 2649.986884143683, 2762.4289346549226
6162.452159881592, 2931.372155601774, 2761.891972712066
6162.9438416957855, 3086.1818282908653, 2759.461524983201
6163.438517332077, 3152.8299822713234, 2757.4821264446014
6163.7895765304565, 3152.8299822713234, 2757.4821264446014
6164.44980764389, 3456.425416495618, 2752.640099548658
6164.930521249771, 3499.9595542013526, 2751.5132754494875
6165.300529241562, 3499.9595542013526, 2751.5132754494875
6165.957769870758, 3843.0337251359974, 2744.149780872454
6166.498321533203, 3760.8984012659625, 2742.721657688913
6167.001972913742, 3779.38545543891, 2741.3251959024806
6167.3071546554565, 3779.38545543891, 2741.3251959024806
6167.955417871475, 3828.836634912259, 2739.0481070121314
6168.472034931183, 2319.0756576585154, 2744.514189459415
6168.8171100616455, 2319.0756576585154, 2744.514189459415
6169.468365907669, 627.4675230634824, 2750.7451347080537
6170.039835929871, 627.1750074689041, 2751.270653461378
6170.5095772743225, 617.5491327787728, 2750.6612976450847
6170.999265193939, 544.1459530516306, 2749.0321071748303
6171.472996234894, 545.600420123565, 2747.2912345794794
6171.956700563431, 585.0827972322775, 2746.983937174954
6172.289808273315, 585.0827972322775, 2746.983937174954
6172.944056034088, 1830.3313504791802, 2733.385156143377
6173.4377336502075, 2228.0774205764947, 2740.5198712045226
6173.977289199829, 2231.1185776705406, 2739.7750774321144
6174.320369720459, 2231.1185776705406, 2739.7750774321144
6174.962648630142, 2525.7108229338046, 2737.383532321415
6175.467296600342, 2683.822811120982, 2736.7015335825777
6175.798410177231, 2683.822811120982, 2736.7015335825777
6176.473601579666, 2841.591186658336, 2747.737899768748
6176.809702634811, 2841.591186658336, 2747.737899768748
6177.299389362335, 2841.591186658336, 2747.737899768748
6177.804038763046, 2841.591186658336, 2747.737899768748
6178.479231119156, 2829.9679199735247, 2752.685855916228
6178.807350635529, 2829.9679199735247, 2752.685855916228
6179.292052030563, 2829.9679199735247, 2752.685855916228
6179.94131231308, 2857.63456790781, 2738.53378433678
6180.291374921799, 2857.63456790781, 2738.53378433678
6180.963574886322, 2860.577655940659, 2752.2052392922405
6181.295685529709, 2860.577655940659, 2752.2052392922405
6181.793352127075, 2860.577655940659, 2752.2052392922405
6182.445605039597, 2877.4545026726105, 2752.4379130976254
6182.960226535797, 2879.821065633494, 2752.5785101911947
6183.459888458252, 2966.2987179205056, 2752.5873523443165
6183.953566074371, 3317.618810965178, 2752.14861898353
6184.28866815567, 3317.618810965178, 2752.14861898353
6184.945907831192, 3739.040252096864, 2744.677154418405
6185.292978286743, 3739.040252096864, 2744.677154418405
6185.804608106613, 3739.040252096864, 2744.677154418405
6186.31623673439, 3739.040252096864, 2744.677154418405
6186.793957710266, 3739.040252096864, 2744.677154418405
6187.462167978287, 3511.9055204224956, 2744.1795936312137
6187.9508583545685, 2345.710739793586, 2748.915571625684
6188.447528362274, 1704.4488546786404, 2752.024951012282
6188.800583600998, 1704.4488546786404, 2752.024951012282
6189.475774526596, 1699.5584670158055, 2751.1819737838346
6189.955489397049, 1698.424254348512, 2751.215117799109
6190.458142518997, 1698.7460515109221, 2751.4741481113188
6190.9568066596985, 1695.6328270633012, 2750.932430772081
6191.294900894165, 1695.6328270633012, 2750.932430772081
6191.952141284943, 1693.1413882815386, 2750.5001480237115
6192.447813510895, 1685.2323316974469, 2750.7894212950664
6192.806851387024, 1685.2323316974469, 2750.7894212950664
6193.450128555298, 1849.2341407641188, 2745.851050891297
6193.811161518097, 1849.2341407641188, 2745.851050891297
6194.492336988449, 1828.9378530899876, 2742.5026834500422
6194.976041555405, 1808.3173702246784, 2738.8274466547855
6195.4557564258575, 1799.691695498202, 2738.1836889329143
6195.804821014404, 1799.691695498202, 2738.1836889329143
6196.439121961594, 1964.066905607298, 2733.5277286492174
6196.930805444717, 2016.8846345946224, 2732.350979507092
6197.286851406097, 2016.8846345946224, 2732.350979507092
6197.797483444214, 2016.8846345946224, 2732.350979507092
6198.302131891251, 2016.8846345946224, 2732.350979507092
6198.795809268951, 2016.8846345946224, 2732.350979507092
6199.447064876556, 2429.6961197277737, 2613.6946874310424
6199.800119161606, 2429.6961197277737, 2613.6946874310424
6200.3007781505585, 2429.6961197277737, 2613.6946874310424
6200.953031301498, 2344.6739130789415, 2681.010413748201
6201.479620218277, 2290.308129574795, 2614.4811247448283
6201.797768354416, 2290.308129574795, 2614.4811247448283
6202.482933044434, 2360.1698923088024, 2746.948240475778
6202.97461605072, 2332.4597515645996, 2747.1546414530108
6203.4922297000885, 2326.7896279325464, 2746.39978403805
6203.965960741043, 2331.050489057075, 2746.2440093685445
6204.289095401764, 2331.050489057075, 2746.2440093685445
6204.950324058533, 2332.879229135921, 2746.52403501919
6205.453975200653, 2159.9761749310233, 2745.5601968436636
6205.959621667862, 2068.103275277044, 2748.7234366632247
6206.298712253571, 2068.103275277044, 2748.7234366632247
6206.8043575286865, 2068.103275277044, 2748.7234366632247
6207.456611394882, 1967.7606189580001, 2746.0523272892083
6207.810662269592, 1967.7606189580001, 2746.0523272892083
6208.453939437866, 1989.7648088060698, 2742.2519409628917
6209.003467798233, 2053.79104833889, 2741.5708694696395
6209.455257177353, 2183.9795400089893, 2738.195970258294
6209.808311700821, 2183.9795400089893, 2738.195970258294
6210.290020942688, 2183.9795400089893, 2738.195970258294
6210.808632135391, 2183.9795400089893, 2738.195970258294
6211.330234527588, 2183.9795400089893, 2738.195970258294
6211.819924116135, 2183.9795400089893, 2738.195970258294
6212.449237585068, 1993.2595450588085, 2740.1955195972873
6212.967848300934, 1949.1106934289774, 2740.998372804283
6213.446565628052, 1933.1140187195997, 2740.5492088978417
6213.800617456436, 1933.1140187195997, 2740.5492088978417
6214.29230093956, 1933.1140187195997, 2740.5492088978417
6214.798943519592, 1933.1140187195997, 2740.5492088978417
6215.442243814468, 1999.402835697903, 2739.477991086067
6215.961852788925, 1952.553939642115, 2739.449496709726
6216.476474523544, 1920.2164362004391, 2738.9305108846793
6216.957186460495, 1890.8313019249729, 2736.419052793616
6217.288300514221, 1890.8313019249729, 2736.419052793616
6217.798932790756, 1890.8313019249729, 2736.419052793616
6218.450187444687, 1883.353317140735, 2737.174957974835
6218.951843738556, 1352.9683151125241, 2741.754594470074
6219.493392944336, 1183.8321939259797, 2744.385490801402
6220.003027439117, 1175.0560648655648, 2744.7492138457123
6220.303223848343, 1175.0560648655648, 2744.7492138457123
6220.789919376373, 1175.0560648655648, 2744.7492138457123
6221.298557281494, 1175.0560648655648, 2744.7492138457123
6221.958789110184, 1248.825683233501, 2742.3221370619735
6222.298877954483, 1248.825683233501, 2742.3221370619735
6222.789563179016, 1248.825683233501, 2742.3221370619735
6223.450793266296, 1338.6072147209957, 2733.0860567663904
6223.938486099243, 1334.947636833777, 2734.7199848440305
6224.458094120026, 1301.003821301319, 2732.7242247064028
6224.801175117493, 1301.003821301319, 2732.7242247064028
6225.297844648361, 1301.003821301319, 2732.7242247064028
6225.942120313644, 1215.6334842336055, 2733.6590608070446
6226.442778110504, 1218.637491899917, 2733.3002148611395
6226.953410387039, 1194.7495914197737, 2736.353602290208
6227.301477909088, 1194.7495914197737, 2736.353602290208
6227.804131984711, 1194.7495914197737, 2736.353602290208
6228.30379319191, 1194.7495914197737, 2736.353602290208
6228.804452180862, 1194.7495914197737, 2736.353602290208
6229.44673204422, 1244.5958348131678, 2741.0042824183697
6229.95636677742, 1244.6530355017167, 2741.7253527365283
6230.466001749039, 1243.4943383918026, 2741.1947732266026
6230.949705839157, 1241.5615764625206, 2741.5418964215696
6231.455351114273, 1242.0135024289482, 2740.6979951376848
6232.008869886398, 1248.542590386012, 2742.428422999649
6232.4965624809265, 1332.448171888264, 2743.093172085977
6232.815707683563, 1332.448171888264, 2743.093172085977
6233.495885848999, 1336.8486510451442, 2746.2040663057487
6233.985574007034, 1360.5943558815586, 2747.905304527322
6234.465289354324, 1392.6163967091986, 2748.068253030223
6234.994870424271, 1379.2742801277564, 2749.3029481494646
6235.340943813324, 1379.2742801277564, 2749.3029481494646
6235.840606451035, 1379.2742801277564, 2749.3029481494646
6236.527766704559, 1359.6907012304998, 2749.9459814629195
6236.828958034515, 1359.6907012304998, 2749.9459814629195
6237.468245744705, 1354.3932043739758, 2750.2584068697706
6237.961922883987, 1343.4524760645106, 2747.9059899430013
6238.475548028946, 1342.513926723428, 2745.4971813650286
6238.811647176743, 1342.513926723428, 2745.4971813650286
6239.485979795456, 1521.8410913798295, 2741.1981904199056
6239.810111761093, 1521.8410913798295, 2741.1981904199056
6240.320743083954, 1521.8410913798295, 2741.1981904199056
6240.962026119232, 1591.8896699456268, 2736.0461284250387
6241.465706586838, 1655.1281227399088, 2736.538973782891
6241.813772439957, 1655.1281227399088, 2736.538973782891
6242.467990636826, 1742.8400310984011, 2732.3962580999246
6242.972640275955, 1792.248788634908, 2731.390141745768
6243.4713044166565, 1792.526604865619, 2732.278714477183
6243.970965623856, 1823.883542602507, 2731.416057824886
6244.325017929077, 1823.883542602507, 2731.416057824886
6244.826673746109, 1823.883542602507, 2731.416057824886
6245.323343038559, 1823.883542602507, 2731.416057824886
6245.987564086914, 1842.946166760479, 2730.493758560565
6246.311696052551, 1842.946166760479, 2730.493758560565
6246.981925725937, 1842.659801457244, 2729.9992581059983
6247.470591545105, 1842.495649087455, 2730.050633337047
6247.818658351898, 1842.495649087455, 2730.050633337047
6248.451960802078, 1842.2952246107548, 2730.734386454671
6248.821971178055, 1842.2952246107548, 2730.734386454671
6249.50913143158, 1841.6458416221355, 2729.9384632304386
6249.979870080948, 1841.4619128045217, 2730.1644907572727
6250.4845180511475, 1837.3394166500068, 2729.531107754732
6250.985177516937, 1832.9922849379602, 2729.450733915321
6251.471873521805, 1832.947252053876, 2730.3851852355815
6251.985498189926, 1821.9789951413825, 2730.0188920713617
6252.467207431793, 1813.7152741621069, 2730.19611411617
6252.995791912079, 1811.1839880031414, 2729.773564505829
6253.512408256531, 1807.2964330201019, 2729.808855549905
6254.014078617096, 1806.4358845489699, 2730.3031606847676
6254.495773077011, 1792.0135612451152, 2729.6293825160164
6254.980475664139, 1790.6316605894608, 2730.5899514439034
6255.453209877014, 1790.3266514460265, 2730.685375331108
6255.970823526382, 1784.6575826635365, 2730.0997672213707
6256.312906265259, 1784.6575826635365, 2730.0997672213707
6256.812584638596, 1784.6575826635365, 2730.0997672213707
6257.476790189743, 1770.3543550580357, 2730.490021144473
6257.954510450363, 1770.389067641025, 2730.5180016109593
6258.502044677734, 1770.3391647819353, 2731.0360310224532
6258.828169107437, 1770.3391647819353, 2731.0360310224532
6259.317856788635, 1770.3391647819353, 2731.0360310224532
6259.966148614883, 1769.2450858375144, 2729.936629902095
6260.462790727615, 1768.8559739646616, 2729.8853929601078
6260.973422765732, 1769.1362213790662, 2730.4463263916577
6261.496023178101, 1769.2516969088192, 2730.138294493921
6262.001668691635, 1769.1505396896841, 2729.9043399175007
6262.510306596756, 1769.015138753948, 2729.6253643600903
6262.998001098633, 1771.7612762788367, 2730.56668558
6263.46873831749, 1778.715272034625, 2729.9681379493704
6263.988347768784, 1778.6888587358264, 2730.184549089892
6264.5279014110565, 1772.4914807578339, 2730.449267971833
6264.819119930267, 1772.4914807578339, 2730.449267971833
6265.315791606903, 1772.4914807578339, 2730.449267971833
6265.819441795349, 1772.4914807578339, 2730.449267971833
6266.4906437397, 1909.5248263059684, 2729.7886820932217
6266.8217856884, 1909.5248263059684, 2729.7886820932217
6267.3264067173, 1909.5248263059684, 2729.7886820932217
6267.9666912555695, 1918.853867597671, 2729.669760714164
6268.469344139099, 1921.699949989488, 2729.4652554056993
6268.991945028305, 1923.0360066224907, 2729.1139210753527
6269.318070650101, 1923.0360066224907, 2729.1139210753527
6270.005229234695, 1862.08726870808, 2731.2060412549404
6270.530822277069, 1848.8261063479265, 2730.6882275004823
6270.980617523193, 1850.6237354378893, 2730.753115963476
6271.309736967087, 1850.6237354378893, 2730.753115963476
6271.969965934753, 1852.2400053522813, 2730.572808726329
6272.319031953812, 1852.2400053522813, 2730.572808726329
6272.81969165802, 1852.2400053522813, 2730.572808726329
6273.302397966385, 1852.2400053522813, 2730.572808726329
6273.823003768921, 1852.2400053522813, 2730.572808726329
6274.319672822952, 1852.2400053522813, 2730.572808726329
6274.974919080734, 1892.3756230356107, 2732.194722456754
6275.310020446777, 1892.3756230356107, 2732.194722456754
6275.9642968177795, 1949.6684083126056, 2729.9533345651944
6276.469915151596, 2073.5410500050166, 2729.3528426405765
6276.80900478363, 2073.5410500050166, 2729.3528426405765
6277.4762189388275, 2171.154797850654, 2728.853065149822
6277.9998161792755, 2236.9477452739366, 2728.4363909173235
6278.329932928085, 2236.9477452739366, 2728.4363909173235
6279.000137090683, 2237.243166913646, 2728.8587443511447
6279.467884302139, 2237.0828463264006, 2728.9629546944634
6279.984499692917, 2241.8366686091626, 2728.8758844416175
6280.310653448105, 2241.8366686091626, 2728.8758844416175
6280.95689535141, 2242.5720798946495, 2728.5037747314727
6281.324910163879, 2242.5720798946495, 2728.5037747314727
6281.821578979492, 2242.5720798946495, 2728.5037747314727
6282.474831342697, 2246.8071763462126, 2731.4110051254497
6282.967538118362, 2246.8470566742203, 2731.5339201619377
6283.46019077301, 2246.629767469288, 2731.782104569838
6283.827207326889, 2246.629767469288, 2731.782104569838
6284.459541797638, 2246.2630601203914, 2731.4911373998816
6284.983111619949, 2246.4723965941753, 2731.9039555508184
6285.463822364807, 2245.972786178776, 2731.5833424489706
6285.816877603531, 2245.972786178776, 2731.5833424489706
6286.50004696846, 2246.4951965772075, 2731.5529454125217
6287.000705957413, 2246.6037913993864, 2732.097446463424
6287.334811925888, 2246.6037913993864, 2732.097446463424
6287.810536623001, 2246.6037913993864, 2732.097446463424
6288.309200048447, 2246.6037913993864, 2732.097446463424
6288.817837715149, 2246.6037913993864, 2732.097446463424
6289.316532373428, 2246.6037913993864, 2732.097446463424
6289.813200950623, 2246.6037913993864, 2732.097446463424
6290.466422557831, 2246.1813284598697, 2731.82879590113
6290.985034227371, 2246.1071323481037, 2732.296413658905
6291.474721193314, 2246.424343467158, 2731.9530963420575
6291.975411653519, 2246.172916627164, 2731.5261471455515
6292.479030847549, 2246.2359333029103, 2731.908785753817
6292.818124055862, 2246.2359333029103, 2731.908785753817
6293.307811260223, 2246.2359333029103, 2731.908785753817
6293.827420473099, 2246.2359333029103, 2731.908785753817
6294.335061311722, 2246.2359333029103, 2731.908785753817
6294.82973575592, 2246.2359333029103, 2731.908785753817
6295.335380792618, 2246.2359333029103, 2731.908785753817
6295.823074102402, 2246.2359333029103, 2731.908785753817
6296.465353488922, 2243.81588804575, 2729.510884042702
6296.976982593536, 2246.183152770639, 2732.085650583235
6297.49559545517, 2245.8868591550004, 2732.154175014467
6298.064072608948, 2245.8403414557006, 2732.855492857711
6298.336342096329, 2245.8403414557006, 2732.855492857711
6298.981613874435, 2245.3842020751526, 2730.4040656665693
6299.469308614731, 2247.07215082572, 2731.837095054624
6299.8233597278595, 2247.07215082572, 2731.837095054624
6300.486581802368, 2246.017062798705, 2732.007800051566
6300.964322090149, 2246.1848497379665, 2731.871172689026
6301.316360473633, 2246.1848497379665, 2731.871172689026
6301.973600387573, 2245.660229413301, 2731.25945439571
6302.509166002274, 2244.7478508643526, 2730.883929037392
6303.002843141556, 2246.1487773610315, 2731.702039745905
6303.325978279114, 2246.1487773610315, 2731.702039745905
6303.824641227722, 2246.1487773610315, 2731.702039745905
6304.455950975418, 2245.5443282017086, 2731.9597334925097
6304.977552890778, 2246.0265805106014, 2730.9486009975494
6305.3206346035, 2246.0265805106014, 2730.9486009975494
6305.814311742783, 2246.0265805106014, 2730.9486009975494
6306.326985359192, 2246.0265805106014, 2730.9486009975494
6306.9712870121, 2245.871511267499, 2731.229492418854
6307.311391830444, 2245.871511267499, 2731.229492418854
6307.963602304459, 2244.9623342964146, 2730.9700776416553
6308.479220628738, 2246.1290739963583, 2731.716567548766
6308.960930585861, 2245.7836778859046, 2731.4934313645226
6309.317972898483, 2245.7836778859046, 2731.4934313645226
6309.992166996002, 2246.4595625961188, 2731.608010761379
6310.4569227695465, 2245.58654971996, 2731.668751902709
6310.974536418915, 2245.356341681998, 2731.6632937010686
6311.318615198135, 2245.356341681998, 2731.6632937010686
6311.827253103256, 2245.356341681998, 2731.6632937010686
6312.3099591732025, 2245.356341681998, 2731.6632937010686
6312.821588039398, 2245.356341681998, 2731.6632937010686
6313.464865922928, 2245.7174452886984, 2731.286587958719
6313.807946443558, 2245.7174452886984, 2731.286587958719
6314.476156234741, 2246.8523021463407, 2732.278147995042
6314.964875459671, 2245.7672545833407, 2730.380725994788
6315.322888851166, 2245.7672545833407, 2730.380725994788
6315.978134393692, 2245.940671097258, 2731.8277200855136
6316.473810434341, 2246.12319627855, 2732.1478132826896
6316.97047996521, 2246.2524750605717, 2731.726009599049
6317.319545984268, 2246.2524750605717, 2731.726009599049
6317.979776620865, 2245.5836174303836, 2731.5182643675294
6318.31787109375, 2245.5836174303836, 2731.5182643675294
6318.816535234451, 2245.5836174303836, 2731.5182643675294
6319.468788146973, 2245.9519814930827, 2731.440182504154
6320.0093405246735, 2245.8950536397674, 2731.5762576714533
6320.334470272064, 2245.8950536397674, 2731.5762576714533
6320.812190294266, 2245.8950536397674, 2731.5762576714533
6321.464442491531, 2246.084122018148, 2731.5509312932986
6321.8025369644165, 2246.084122018148, 2731.5509312932986
6322.4617710113525, 2245.9832071522014, 2731.5076696467017
6322.994344949722, 2246.608292624027, 2730.8073507312156
6323.4890196323395, 2245.4792615767574, 2731.7580017094433
6323.969731807709, 2245.5672534193204, 2731.5412460176767
6324.468396425247, 2245.5694963160217, 2731.1053132626016
6324.812475204468, 2245.5694963160217, 2731.1053132626016
6325.313133955002, 2245.5694963160217, 2731.1053132626016
6325.8207750320435, 2245.5694963160217, 2731.1053132626016
6326.462055683136, 2246.423131419363, 2732.115752881086
6326.821094512939, 2246.423131419363, 2732.115752881086
6327.475342750549, 2246.37771400399, 2731.992739162346
6327.825404167175, 2246.37771400399, 2731.992739162346
6328.321077823639, 2246.37771400399, 2731.992739162346
6328.829714775085, 2246.37771400399, 2731.992739162346
6329.328378677368, 2246.37771400399, 2731.992739162346
6329.959687948227, 2246.359558913789, 2732.334777432186
6330.314736366272, 2246.359558913789, 2732.334777432186
6330.976963043213, 2244.8039939846144, 2730.5485295537933
6331.317051410675, 2244.8039939846144, 2730.5485295537933
6331.967309951782, 2244.514582263205, 2730.6979864018294
6332.31441283226, 2244.514582263205, 2730.6979864018294
6332.826048374176, 2244.514582263205, 2730.6979864018294
6333.3137419223785, 2244.514582263205, 2730.6979864018294
6333.812405586243, 2244.514582263205, 2730.6979864018294
6334.319049358368, 2244.514582263205, 2730.6979864018294
6334.963322401047, 2245.5111349173158, 2732.1451978515975
6335.469966173172, 2246.585669154006, 2732.579828208116
6335.965637922287, 2245.9219268379675, 2732.5431346894593
6336.321684598923, 2245.9219268379675, 2732.5431346894593
6336.82433795929, 2245.9219268379675, 2732.5431346894593
6337.326992750168, 2245.9219268379675, 2732.5431346894593
6337.974257707596, 2245.463159443319, 2732.072194719532
6338.319333553314, 2245.463159443319, 2732.072194719532
6338.969591617584, 2245.6404352049094, 2732.196292163906
6339.306688547134, 2245.6404352049094, 2732.196292163906
6339.817321062088, 2245.6404352049094, 2732.196292163906
6340.467579126358, 2244.390218707683, 2731.4752099970274
6340.993172168732, 2244.859726007412, 2731.9652439392885
6341.313314199448, 2244.859726007412, 2731.9652439392885
6341.975540161133, 2244.4321670076683, 2732.2900619442767
6342.31263756752, 2244.4321670076683, 2732.2900619442767
6342.8132956027985, 2244.4321670076683, 2732.2900619442767
6343.46156001091, 2245.60910764892, 2731.56665164833
6343.8136167526245, 2245.60910764892, 2731.56665164833
6344.328238964081, 2245.60910764892, 2731.56665164833
6345.061275243759, 2245.8506785802124, 2731.617361356164
6345.561933517456, 2245.8329539378137, 2731.379543401015
6345.816251993179, 2245.8329539378137, 2731.379543401015
6346.322895050049, 2245.8329539378137, 2731.379543401015
6346.969164133072, 2245.677037960155, 2731.7011036344957
6347.475808143616, 2245.4610221676908, 2731.623126725948
6347.817890882492, 2245.4610221676908, 2731.623126725948
6348.466154336929, 2244.966151367513, 2731.397663750041
6348.818211555481, 2244.966151367513, 2731.397663750041
6349.45849609375, 2246.0333486723844, 2730.3990502234906
6349.826510667801, 2246.0333486723844, 2730.3990502234906
6350.313207149506, 2246.0333486723844, 2730.3990502234906
6350.825834035873, 2246.0333486723844, 2730.3990502234906
6351.4810791015625, 2245.2414257405467, 2731.3796724539516
6351.978745698929, 2246.3136143396523, 2731.7577552861335
6352.315842628479, 2246.3136143396523, 2731.7577552861335
6352.999013185501, 2244.723090399262, 2731.2325334063257
6353.491695642471, 2245.5996189055327, 2731.660565014838
6353.832779169083, 2245.5996189055327, 2731.660565014838
6354.544872283936, 2246.247889258904, 2731.904870429167
6354.817142724991, 2246.247889258904, 2731.904870429167
6355.311817407608, 2246.247889258904, 2731.904870429167
6355.8284339904785, 2246.247889258904, 2731.904870429167
6356.317124605179, 2246.247889258904, 2731.904870429167
6356.820776462555, 2246.247889258904, 2731.904870429167
6357.312458753586, 2246.247889258904, 2731.904870429167
6358.158193826675, 1874.3544157931717, 856.4367211520972
6358.521221399307, 1874.3544157931717, 856.4367211520972
6359.004925251007, 1874.3544157931717, 856.4367211520972
6359.693081855774, 1607.7876258288663, 908.0871802448407
6360.01521897316, 1642.8813160132054, 1110.9493953072997
6360.351318597794, 1642.8813160132054, 1110.9493953072997
6360.861950874329, 1642.8813160132054, 1110.9493953072997
6361.463340044022, 2246.26308145954, 2731.1026171537605
6362.081684112549, 1859.430398577907, 1622.4751027633765
6362.399832248688, 1859.430398577907, 1622.4751027633765
6362.916448354721, 1859.430398577907, 1622.4751027633765
6363.393170833588, 1859.430398577907, 1622.4751027633765
6364.120223283768, 1339.8864894508322, 408.01686404987856
6364.568023681641, 1710.236817509312, 839.3608742344293
6364.901131868362, 1710.236817509312, 839.3608742344293
6365.584302186966, 1726.955673237491, 848.7405087558155
6365.857569932938, 1726.955673237491, 848.7405087558155
6366.382166147232, 1726.955673237491, 848.7405087558155
6367.001505851746, 2206.6232438693673, 2725.258813178198
6367.338602781296, 2206.6232438693673, 2725.258813178198
6367.980882406235, 2246.019393667846, 2731.475365589138
6368.315984487534, 2246.019393667846, 2731.475365589138
6368.815646409988, 2246.019393667846, 2731.475365589138
6369.4898409843445, 2245.620338832142, 2731.979153841496
6369.99748134613, 2245.7712572406003, 2731.972730023265
6370.315629005432, 2245.7712572406003, 2731.972730023265
6371.006778478622, 2245.211204517948, 2731.1760276816785
6371.485494852066, 2244.9328773280886, 2732.1873418694436
6371.9751834869385, 2246.2128966075848, 2731.5861202378755
6372.311282873154, 2246.2128966075848, 2731.5861202378755
6372.820917844772, 2246.2128966075848, 2731.5861202378755
6373.480152130127, 2245.774442920405, 2731.4407587355786
6374.000757694244, 2246.3461665603, 2732.132936725369
6374.498424053192, 2246.237986708119, 2731.896197313905
6374.978139162064, 2245.601745842025, 2731.5617890353574
6375.468825101852, 2245.5296850282552, 2730.4808402939902
6376.018354177475, 2246.4203192219097, 2731.6391672917125
6376.329519987106, 2246.4203192219097, 2731.6391672917125
6376.987758159637, 2246.0061607541256, 2731.7926704764704
6377.478442430496, 2246.3387532242746, 2731.6723645980974
6377.983090877533, 2246.060065198608, 2731.260681705623
6378.496715307236, 2245.841195358711, 2732.229686848442
6379.02530002594, 2246.314239272429, 2732.313221684078
6379.323500871658, 2246.314239272429, 2732.313221684078
6380.044569015503, 2246.104125388754, 2732.2914393576616
6380.339778423309, 2246.104125388754, 2732.2914393576616
6380.814506292343, 2246.104125388754, 2732.2914393576616
6381.473741769791, 2245.1948789565377, 2731.5124276052065
6381.971408843994, 2245.497712890294, 2732.6404923246746
6382.312493562698, 2245.497712890294, 2732.6404923246746
6382.965744256973, 2246.364917673926, 2732.1123863467374
6383.313812017441, 2246.364917673926, 2732.1123863467374
6383.963101863861, 2245.628288392642, 2732.225439060081
6384.318123102188, 2245.628288392642, 2732.225439060081
6384.815789461136, 2245.628288392642, 2732.225439060081
6385.320437431335, 2245.628288392642, 2732.225439060081
6385.9876499176025, 2246.4055642705903, 2731.711103747141
6386.478335380554, 2245.6860962247792, 2731.3406389093093
6386.991959571838, 2245.788023248178, 2731.753802254249
6387.321080446243, 2245.788023248178, 2731.753802254249
6387.988291501999, 2246.095224024972, 2731.851678011457
6388.314417123795, 2246.095224024972, 2731.851678011457
6389.002574205399, 2245.9573786260785, 2731.7540836839717
6389.471318721771, 2246.2368175455767, 2731.9358309024747
6389.963999032974, 2245.8356769994252, 2732.260206870488
6390.484604358673, 2246.236113092721, 2731.0005163283467
6390.824694395065, 2246.236113092721, 2731.0005163283467
6391.474951267242, 2245.495584040672, 2732.0161672725953
6391.973615407944, 2246.276476212735, 2731.8797025714366
6392.466296195984, 2246.284485605472, 2731.7560706400236
6392.9679527282715, 2246.21048444622, 2731.2370046272003
6393.465619087219, 2245.8816856449766, 2731.6907633858314
6393.963286161423, 2245.521135021508, 2731.6321085665845
6394.314345836639, 2245.521135021508, 2731.6321085665845
6394.8110156059265, 2245.521135021508, 2731.6321085665845
6395.330630779266, 2245.521135021508, 2731.6321085665845
6395.824309825897, 2245.521135021508, 2731.6321085665845
6396.31299996376, 2245.521135021508, 2731.6321085665845
6396.994174480438, 2245.582408652868, 2732.1219701904033
6397.467906713486, 2246.4487859953506, 2732.209432349596
6397.9855189323425, 2244.948173676347, 2733.1345720063678
6398.479197502136, 2246.7849238196077, 2732.384390345616
6398.992820262909, 2246.3602456467584, 2731.7560067096924
6399.318948030472, 2246.3602456467584, 2731.7560067096924
6399.976186752319, 2246.1240058154, 2732.050388306473
6400.459892511368, 2245.5442983886605, 2730.840082443327
6400.965536355972, 2245.1116023021063, 2731.5795410165697
6401.308618783951, 2245.1116023021063, 2731.5795410165697
6401.9808168411255, 2245.381013810184, 2731.1179551582145
6402.4675142765045, 2245.7179102430023, 2731.49876586979
6402.961190700531, 2245.894085838796, 2731.154241219198
6403.316240787506, 2245.894085838796, 2731.154241219198
6403.817898035049, 2245.894085838796, 2731.154241219198
6404.503061294556, 2246.0849277087755, 2731.1348817894454
6404.81622338295, 2246.0849277087755, 2731.1348817894454
6405.499391794205, 2245.2612842966546, 2731.60364592028
6406.018003702164, 2245.562654137489, 2731.5540853872135
6406.535673856735, 2245.6191530661577, 2731.881379014219
6406.874765396118, 2245.6191530661577, 2731.881379014219
6407.586857557297, 2245.648439091926, 2731.529596502985
6407.8710968494415, 2245.648439091926, 2731.529596502985
6408.528336048126, 2245.960160026726, 2732.160669903704
6408.867428064346, 2245.960160026726, 2732.160669903704
6409.357116222382, 2245.960160026726, 2732.160669903704
6410.027320623398, 2245.1567851159666, 2732.210319568976
6410.37339425087, 2245.1567851159666, 2732.210319568976
6410.896992444992, 2245.1567851159666, 2732.210319568976
6411.525308847427, 2245.187890751047, 2730.9277096893616
6411.863403558731, 2245.187890751047, 2730.9277096893616
6412.567517518997, 2246.151625987693, 2731.3493621534876
6413.106075286865, 2245.690920716554, 2731.0826339768228
6413.393305063248, 2245.690920716554, 2731.0826339768228
6413.9040195941925, 2245.690920716554, 2731.0826339768228
6414.399692058563, 2245.690920716554, 2731.0826339768228
6414.891765594482, 2245.690920716554, 2731.0826339768228
6415.388900756836, 2245.690920716554, 2731.0826339768228
6415.8879952430725, 2245.690920716554, 2731.0826339768228
6416.381671905518, 2245.690920716554, 2731.0826339768228
6417.087780714035, 2244.809025896401, 2731.13767823643
6417.565501689911, 2244.917576572094, 2732.027041413434
6418.042224407196, 2245.1226531771154, 2731.357479930092
6418.545874834061, 2245.5877398527014, 2731.4131161272585
6418.860034227371, 2245.5877398527014, 2731.4131161272585
6419.374655246735, 2245.5877398527014, 2731.4131161272585
6420.015936613083, 2245.8302474914, 2731.902836743418
6420.575438737869, 2245.3271596226414, 2731.744586185335
6420.865660667419, 2245.3271596226414, 2731.744586185335
6421.375296115875, 2245.3271596226414, 2731.744586185335
6422.029544591904, 2244.1517535542303, 2732.1714013053243
6422.54915189743, 2245.4598443627606, 2730.730566773999
6423.027869939804, 2244.4875970448325, 2730.87121773868
6423.540497779846, 2245.388728892166, 2731.7336275966854
6423.866622924805, 2245.388728892166, 2731.7336275966854
6424.363292694092, 2245.388728892166, 2731.7336275966854
6425.053444385529, 2245.193808445703, 2730.3607831710765
6425.3775770664215, 2245.193808445703, 2730.3607831710765
6426.036810398102, 2244.990408449573, 2729.9647873336885
6426.551433324814, 2244.3205515269256, 2730.573329990735
6426.860602617264, 2244.3205515269256, 2730.573329990735
6427.363256216049, 2244.3205515269256, 2730.573329990735
6427.875883340836, 2244.3205515269256, 2730.573329990735
6428.548084259033, 2244.2142212956846, 2729.888856632711
6428.88019490242, 2244.2142212956846, 2729.888856632711
6429.547407627106, 2245.6620317337897, 2730.6802899465283
6430.093943119049, 2244.795610629647, 2731.4585040545876
6430.617539644241, 2245.3765787160137, 2730.6988403593664
6431.045394659042, 2246.00610956803, 2731.566076146186
6431.352571249008, 2246.00610956803, 2731.566076146186
6431.861208438873, 2246.00610956803, 2731.566076146186
6432.562330722809, 2244.4884633714823, 2730.7003988474207
6433.050023794174, 2244.5196459729436, 2731.708833108586
6433.374156475067, 2244.5196459729436, 2731.708833108586
6433.861850976944, 2244.5196459729436, 2731.708833108586
6434.556988477707, 2245.1609185676025, 2731.2510114761917
6435.035705327988, 2245.582857756701, 2731.7164387065395
6435.554316282272, 2244.6464502507188, 2731.8813634443654
6435.998127222061, 2245.04072558806, 2731.669368220429
6436.535688638687, 2244.7572103218517, 2730.618968975817
6437.032358169556, 2246.497659233775, 2732.7985523705297
6437.542990684509, 2245.5241416974955, 2732.090429517721
6437.865127086639, 2245.5241416974955, 2732.090429517721
6438.3637907505035, 2245.5241416974955, 2732.090429517721
6438.856470584869, 2245.5241416974955, 2732.090429517721
6439.525680303574, 2244.9221635372746, 2731.7180425656434
6440.024343490601, 2245.3280962560025, 2731.803605908378
6440.365458011627, 2245.3280962560025, 2731.803605908378
6440.867085933685, 2245.3280962560025, 2731.803605908378
6441.365749597549, 2245.3280962560025, 2731.803605908378
6442.062882423401, 2244.562309943277, 2731.7654366863085
6442.566535234451, 2244.3623158245377, 2731.022124451614
6443.029293060303, 2244.098882040024, 2730.6097965467134
6443.362402200699, 2244.098882040024, 2730.6097965467134
6443.867049455643, 2244.098882040024, 2730.6097965467134
6444.526285409927, 2244.07064556643, 2732.227053364793
6445.019961357117, 2244.4898566275588, 2732.0999139498854
6445.556525707245, 2244.3269047814233, 2731.2277442474015
6445.8676908016205, 2244.3269047814233, 2731.2277442474015
6446.514958381653, 2244.7183198833527, 2730.2346950772962
6447.031574726105, 2244.4082235140268, 2730.538891940884
6447.531235456467, 2243.5405072466287, 2732.38360353337
6447.860352754593, 2243.5405072466287, 2732.38360353337
6448.363006830215, 2243.5405072466287, 2732.38360353337
6449.036204099655, 2244.7204208462836, 2730.7103359485927
6449.36931180954, 2244.7204208462836, 2730.7103359485927
6450.046499490738, 2243.0514407533674, 2730.5428642745774
6450.6059992313385, 2245.440929523067, 2732.1138129685314
6451.039838075638, 2244.62877196601, 2731.8575605218566
6451.386907815933, 2244.62877196601, 2731.8575605218566
6452.042152881622, 2243.328558862982, 2732.0759893467807
6452.587690591812, 2245.4523840291686, 2731.035828544829
6453.064414978027, 2244.3669554771245, 2731.5513821681348
6453.54612326622, 2245.1679312231417, 2731.3833946020645
6454.026836633682, 2241.5117842402824, 2733.509792920011
6454.361938714981, 2241.5117842402824, 2733.509792920011
6455.047103881836, 2245.6774945396633, 2731.85687239415
6455.559730529785, 2244.4715954858975, 2731.6540496223893
6455.870896100998, 2244.4715954858975, 2731.6540496223893
6456.37454867363, 2244.4715954858975, 2731.6540496223893
6456.869222402573, 2244.4715954858975, 2731.6540496223893
6457.5394282341, 2244.3611635503244, 2731.314180651078
6458.116881132126, 2244.1723870134965, 2731.8795230633855
6458.365215778351, 2244.1723870134965, 2731.8795230633855
6459.082295179367, 2245.6222082533004, 2730.3903639568043
6459.4283673763275, 2245.6222082533004, 2730.3903639568043
6460.077628135681, 2244.3889932160496, 2731.7198898316524
6460.631150484085, 2244.6308971278045, 2731.8200744781716
6460.933340787888, 2244.6308971278045, 2731.8200744781716
6461.612521409988, 2245.535010138464, 2730.510910152955
6462.1600568294525, 2244.5779015431867, 2730.7132276623356
6462.42933344841, 2244.5779015431867, 2730.7132276623356
6463.073607683182, 2244.134437360354, 2730.9273617495005
6463.637098789215, 2244.3242355537473, 2731.423888404486
6464.120802640915, 2245.576250327813, 2731.1418951207443
6464.6693341732025, 2243.995176051072, 2732.0912530602723
6464.937614679337, 2243.995176051072, 2732.0912530602723
6465.433287858963, 2243.995176051072, 2732.0912530602723
6466.066591024399, 2244.550033048174, 2732.0766204718843
6466.657009840012, 2243.1257357592567, 2731.340484687815
6466.959200143814, 2243.1257357592567, 2731.340484687815
6467.67528796196, 2244.223174465673, 2731.4219911508235
6468.3157351017, 2244.005262549329, 2731.3550534658575
6468.866260051727, 2243.500097158732, 2731.2545357301565
6469.377890110016, 2243.6186490491477, 2732.3664114102403
6469.666117668152, 2243.6186490491477, 2732.3664114102403
6470.145833492279, 2243.6186490491477, 2732.3664114102403
6470.679403305054, 2243.6186490491477, 2732.3664114102403
6471.144207000732, 2243.6186490491477, 2732.3664114102403
6471.696236610413, 2243.6186490491477, 2732.3664114102403
6472.194900751114, 2243.6186490491477, 2732.3664114102403
6472.669628620148, 2243.6186490491477, 2732.3664114102403
6473.311892271042, 2244.5314436811846, 2731.922101601203
6473.868005275726, 2244.8217227828295, 2731.13490632277
6474.40057849884, 2243.9735387801124, 2731.9101449584045
6474.970052480698, 2244.643998022254, 2730.808928167147
6475.386935949326, 2244.495653686038, 2731.498398288744
6475.696108579636, 2244.495653686038, 2731.498398288744
6476.405209064484, 2244.3585930054496, 2732.241928671085
6476.9238493442535, 2244.0300465942832, 2730.9858052595955
6477.601336240768, 2244.0478790787915, 2731.67649821066
6478.316381454468, 2243.6437079081793, 2731.622725431815
6478.913497209549, 2244.386763497815, 2732.1617605333363
6479.215489149094, 2244.386763497815, 2732.1617605333363
6480.007402896881, 2243.961166633498, 2731.605029467776
6480.423041343689, 2243.829743835523, 2731.935738859022
6480.908739328384, 2244.3558818083147, 2731.8902379517444
6481.40629696846, 2244.005543802355, 2731.381470660705
6481.748380422592, 2244.005543802355, 2731.381470660705
6482.26898598671, 2244.005543802355, 2731.381470660705
6482.903286218643, 2243.8595643162193, 2730.2407396857166
6483.4268844127655, 2243.909519040426, 2731.178396134411
6483.928540229797, 2244.2041584670033, 2732.0995270379667
6484.460116624832, 2243.9282961362196, 2732.055793061892
6484.947810411453, 2244.065448232218, 2731.5148893263718
6485.431514978409, 2243.9385028533397, 2731.990465175253
6485.912226438522, 2244.1279278789243, 2731.9007545507984
6486.246349811554, 2244.1279278789243, 2731.9007545507984
6486.753990411758, 2244.1279278789243, 2731.9007545507984
6487.407242059708, 2243.8319729849754, 2731.547586896901
6487.946795463562, 2244.124518260382, 2731.7506453247206
6488.449449539185, 2243.80329111672, 2732.366682548379
6488.767597198486, 2243.80329111672, 2732.366682548379
6489.434809923172, 2243.4028973375016, 2731.179782728521
6489.970375537872, 2244.532920234144, 2731.211340049227
6490.404213428497, 2244.684837858449, 2731.500479705834
6490.969698905945, 2244.390191106199, 2730.9214571848224
6491.4161076545715, 2244.298840076477, 2731.409851694491
6491.966159105301, 2243.689932848165, 2731.973701951283
6492.2513954639435, 2243.689932848165, 2731.973701951283
6492.770005941391, 2243.689932848165, 2731.973701951283
6493.25753235817, 2243.689932848165, 2731.973701951283
6493.934474229813, 2244.3095438398077, 2731.987561163299
6494.413191318512, 2243.8889998010236, 2731.6397937502256
6494.933796405792, 2243.9646033488293, 2730.604876633404
6495.271891117096, 2243.9646033488293, 2730.604876633404
6495.968026161194, 2244.206950896103, 2731.3645908449785
6496.276200771332, 2244.206950896103, 2731.3645908449785
6496.764892101288, 2244.206950896103, 2731.3645908449785
6497.27951335907, 2244.206950896103, 2731.3645908449785
6497.779175043106, 2244.206950896103, 2731.3645908449785
6498.464661359787, 2243.680481798059, 2731.8389330884643
6498.766852140427, 2243.680481798059, 2731.8389330884643
6499.440384626389, 2243.529146855032, 2732.6003170074373
6499.788451910019, 2243.529146855032, 2732.6003170074373
6500.515504360199, 2243.2152603149616, 2731.906904177466
6501.007187604904, 2243.5883395812853, 2732.045099837295
6501.509842634201, 2244.227550859358, 2731.57601005893
6501.980579853058, 2243.9111522250196, 2732.0026674498367
6502.433367013931, 2243.4997955274594, 2731.1400779564897
6502.920063257217, 2243.9177635722626, 2731.5143110920576
6503.4167330265045, 2244.1354527374415, 2732.246673876098
6503.785744905472, 2244.1354527374415, 2732.246673876098
6504.42303776741, 2243.84526736692, 2731.3620324151075
6504.790055513382, 2243.84526736692, 2731.3620324151075
6505.432334423065, 2242.9599339007077, 2731.866336643242
6505.931995630264, 2243.9312606282456, 2731.4356894561815
6506.440633535385, 2244.0905698149263, 2732.100819407277
6506.772743940353, 2244.0905698149263, 2732.100819407277
6507.463892459869, 2243.5847956546354, 2731.6500297133575
6507.933633804321, 2244.4480416325437, 2731.5141139577945
6508.418372869492, 2243.642929414513, 2731.689102889424
6508.989842176437, 2243.4894160375943, 2731.9155682783426
6509.281061172485, 2243.4894160375943, 2731.9155682783426
6509.79967212677, 2243.4894160375943, 2731.9155682783426
6510.25944185257, 2243.4894160375943, 2731.9155682783426
6510.940616130829, 2243.700726082414, 2731.754893820735
6511.265744924545, 2243.700726082414, 2731.754893820735
6511.948689222336, 2243.4489569507305, 2731.7043159731797
6512.261850357056, 2243.4489569507305, 2731.7043159731797
6512.941031217575, 2243.661052189951, 2731.9245871983762
6513.437700510025, 2243.181288188008, 2731.6312099532247
6513.932375669479, 2243.239209721271, 2732.2252138952454
6514.278448820114, 2243.239209721271, 2732.2252138952454
6514.803042888641, 2243.239209721271, 2732.2252138952454
6515.279765844345, 2243.239209721271, 2732.2252138952454
6515.923180580139, 2243.0652123775612, 2731.455096331199
6516.417058706284, 2243.377727867973, 2732.2704658575126
6516.953622102737, 2243.2205702372194, 2732.1437743628394
6517.472233057022, 2243.376101035676, 2731.404046747118
6517.994832754135, 2242.5559712336176, 2731.045204406088
6518.270125865936, 2242.5559712336176, 2731.045204406088
6518.937338352203, 2242.966047226643, 2731.5049115552106
6519.419048547745, 2243.734485110263, 2731.6487112167524
6519.9635899066925, 2244.031222976244, 2731.998744306114
6520.274757146835, 2244.031222976244, 2731.998744306114
6520.934987545013, 2243.175773760693, 2731.2548047111372
6521.431657552719, 2243.332377157976, 2731.6640646178935
6521.9203498363495, 2243.093506666614, 2731.2266354399776
6522.442458629608, 2242.8516790442486, 2731.3934191273734
6522.918720245361, 2242.6797008272056, 2732.104551292593
6523.265790224075, 2242.6797008272056, 2732.104551292593
6523.93599486351, 2242.8151129328244, 2730.956060184512
6524.4366543293, 2243.2556958317577, 2731.2634928548036
6524.910384893417, 2243.3276842663236, 2732.033007544663
6525.415035247803, 2242.522811356186, 2730.777376276633
6525.914467334747, 2242.935522162901, 2731.5628352302674
6526.283478975296, 2242.935522162901, 2731.5628352302674
6527.068385601044, 2241.6105817198177, 2731.4173917820544
6527.321697950363, 2241.6105817198177, 2731.4173917820544
6527.988910913467, 2242.6598022278495, 2731.4335461559276
6528.332988500595, 2242.6598022278495, 2731.4335461559276
6529.034110784531, 2242.8719472841267, 2730.632383876882
6529.48291015625, 2243.4823935056843, 2731.7026577057054
6529.992543935776, 2242.259050197523, 2731.448883486239
6530.462285995483, 2242.3450992988573, 2732.2530841647426
6530.835286140442, 2242.3450992988573, 2732.2530841647426
6531.468590021133, 2243.3430264507506, 2731.3607504853426
6531.816657543182, 2243.3430264507506, 2731.3607504853426
6532.318332672119, 2243.3430264507506, 2731.3607504853426
6532.817994356155, 2243.3430264507506, 2731.3607504853426
6533.478225946426, 2242.737458663447, 2731.6288323199374
6533.830283164978, 2242.737458663447, 2731.6288323199374
6534.471565723419, 2242.593346593827, 2731.4024688066843
6535.018101215363, 2242.9133999476035, 2731.484524154995
6535.3262758255005, 2242.9133999476035, 2731.484524154995
6535.849873542786, 2242.9133999476035, 2731.484524154995
6536.326596498489, 2242.9133999476035, 2731.484524154995
6536.806311607361, 2242.9133999476035, 2731.484524154995
6537.470532417297, 2242.680038412742, 2731.0881950267812
6537.990140914917, 2242.481969750003, 2731.5687487845994
6538.322251558304, 2242.481969750003, 2731.5687487845994
6538.8099455833435, 2242.481969750003, 2731.5687487845994
6539.466225862503, 2242.5882565586166, 2731.59674506684
6539.983838796616, 2242.9624148661037, 2731.7719941645323
6540.330909490585, 2242.9624148661037, 2731.7719941645323
6541.015077829361, 2242.9866642500674, 2731.2553991618197
6541.3092885017395, 2242.9866642500674, 2731.2553991618197
6541.820917844772, 2242.9866642500674, 2731.2553991618197
6542.33753490448, 2242.9866642500674, 2731.2553991618197
6542.825229406357, 2242.9866642500674, 2731.2553991618197
6543.507400751114, 2242.972404442486, 2731.934101458388
6543.966171741486, 2242.7894942412513, 2732.063414659649
6544.31224489212, 2242.7894942412513, 2732.063414659649
6544.816893577576, 2242.7894942412513, 2732.063414659649
6545.476127147675, 2243.018077896585, 2731.3031325390916
6545.81422162056, 2243.018077896585, 2731.3031325390916
6546.313883781433, 2243.018077896585, 2731.3031325390916
6546.812548160553, 2243.018077896585, 2731.3031325390916
6547.466823577881, 2243.0532844071786, 2731.646458984258
6547.979450941086, 2242.9687322288473, 2731.6032851955574
6548.494072437286, 2242.5839820901538, 2731.650894869263
6549.008694648743, 2242.5103739662068, 2732.002237971704
6549.488408327103, 2242.9888825099156, 2731.662259957491
6549.973110198975, 2242.646414506429, 2731.3750843809944
6550.32417011261, 2242.646414506429, 2731.3750843809944
6551.018311023712, 2243.088522868528, 2731.6019844347975
6551.490046739578, 2242.8096110938645, 2731.2493429278875
6551.961783647537, 2244.202519113487, 2730.844264872713
6552.318832397461, 2244.202519113487, 2730.844264872713
6552.962105512619, 2243.58240790646, 2731.708876321967
6553.461765289307, 2243.9045702646217, 2731.4956845358815
6553.948461294174, 2243.504185215383, 2732.2089414780285
6554.313502788544, 2243.504185215383, 2732.2089414780285
6554.963748216629, 2243.0677361742687, 2731.755559140824
6555.465404510498, 2242.6695780140785, 2730.732694012252
6555.814469575882, 2242.6695780140785, 2730.732694012252
6556.471709251404, 2241.531060460377, 2731.275884672236
6556.977392673492, 2242.5665054327865, 2731.6553581844073
6557.481044054031, 2242.9606179389298, 2731.7619987638714
6557.975718736649, 2243.328833097293, 2731.7521862316075
6558.345727920532, 2243.328833097293, 2731.7521862316075
6558.834418296814, 2243.328833097293, 2731.7521862316075
6559.323110580444, 2243.328833097293, 2731.7521862316075
6559.82576417923, 2243.328833097293, 2731.7521862316075
6560.477019309998, 2242.7044657075776, 2731.754098997232
6560.822094678879, 2242.7044657075776, 2731.754098997232
6561.531194925308, 2243.0464982994317, 2731.91586903391
6561.845353841782, 2243.0464982994317, 2731.91586903391
6562.3500020504, 2243.0464982994317, 2731.91586903391
6562.977321863174, 2242.707931079931, 2731.3914787953017
6563.339351892471, 2242.707931079931, 2731.3914787953017
6563.829040288925, 2242.707931079931, 2731.3914787953017
6564.339672327042, 2242.707931079931, 2731.3914787953017
6565.013866186142, 2243.263581833316, 2730.9666840257782
6565.515523195267, 2243.1192496516173, 2731.5648691380634
6566.023164987564, 2242.466278203921, 2731.396541380936
6566.338318347931, 2242.466278203921, 2731.396541380936
6566.835985898972, 2242.466278203921, 2731.396541380936
6567.340634346008, 2242.466278203921, 2731.396541380936
6568.019814729691, 2242.643746932832, 2731.4987951754556
6568.504516124725, 2242.560732208705, 2731.102820854008
6568.8336346149445, 2242.560732208705, 2731.102820854008
6569.484890460968, 2242.7391759521506, 2731.846510601247
6569.997517347336, 2242.918369596991, 2731.9774570473446
6570.3396010398865, 2242.918369596991, 2731.9774570473446
6570.832314014435, 2242.918369596991, 2731.9774570473446
6571.489585399628, 2242.7006265396462, 2731.400592131319
6571.977246761322, 2242.2699121870296, 2731.761761912903
6572.329303741455, 2242.2699121870296, 2731.761761912903
6572.980558872223, 2243.324572992318, 2731.672495151991
6573.342590093613, 2243.324572992318, 2731.672495151991
6573.96492266655, 2243.2815423468383, 2731.6368455741563
6574.479543685913, 2242.830854885167, 2731.778704662568
6575.000150203705, 2242.9391843148865, 2731.7074750706256
6575.328271389008, 2242.9391843148865, 2731.7074750706256
6575.827933073044, 2242.9391843148865, 2731.7074750706256
6576.333577871323, 2242.9391843148865, 2731.7074750706256
6576.999799966812, 2242.729351556148, 2732.0810214712656
6577.484501123428, 2242.500912744286, 2731.361169228628
6577.981171131134, 2242.64353991176, 2731.660833380423
6578.331234931946, 2242.64353991176, 2731.660833380423
6578.973513126373, 2243.0530814481463, 2731.222463522938
6579.520050048828, 2242.733248996227, 2731.4339106676307
6579.852160453796, 2242.733248996227, 2731.4339106676307
6580.502418041229, 2243.192183018311, 2731.4787780677425
6580.999086856842, 2242.631485813247, 2731.526535800016
6581.482792139053, 2243.309914108257, 2731.6064981043
6581.856790781021, 2243.309914108257, 2731.6064981043
6582.329522609711, 2243.309914108257, 2731.6064981043
6582.968810796738, 2242.4765509322947, 2731.537088744084
6583.4904136657715, 2243.011112419807, 2731.642949317295
6583.847458124161, 2243.011112419807, 2731.642949317295
6584.347118854523, 2243.011112419807, 2731.642949317295
6584.825836658478, 2243.011112419807, 2731.642949317295
6585.347440004349, 2243.011112419807, 2731.642949317295
6585.9727647304535, 2242.043043832288, 2731.135867189793
6586.342772722244, 2242.043043832288, 2731.135867189793
6586.999014377594, 2242.6972947896957, 2731.8826153331893
6587.333121061325, 2242.6972947896957, 2731.8826153331893
6587.97540140152, 2242.1989658531884, 2731.4444687110854
6588.326459407806, 2242.1989658531884, 2731.4444687110854
6588.838088989258, 2242.1989658531884, 2731.4444687110854
6589.479372739792, 2242.8500254244905, 2731.545316154576
6589.991001367569, 2242.7495175751283, 2731.4452982848115
6590.319123744965, 2242.7495175751283, 2731.4452982848115
6590.825764656067, 2242.7495175751283, 2731.4452982848115
6591.323432445526, 2242.7495175751283, 2731.4452982848115
6592.01757311821, 2242.4685101596915, 2731.4421021622115
6592.562114953995, 2242.0641446374366, 2731.2844225735134
6592.981989860535, 2242.8772287010456, 2731.900048272687
6593.327065944672, 2242.8772287010456, 2731.900048272687
6594.016221046448, 2242.4710338789573, 2730.90781879328
6594.329380989075, 2242.4710338789573, 2730.90781879328
6594.998588323593, 2242.9853789603962, 2732.10488652606
6595.331697225571, 2242.9853789603962, 2732.10488652606
6595.83833861351, 2242.9853789603962, 2732.10488652606
6596.335009336472, 2242.9853789603962, 2732.10488652606
6596.9713044166565, 2242.401739172096, 2731.3429458645196
6597.484927892685, 2242.6780146908477, 2731.9020853142083
6597.831002235413, 2242.6780146908477, 2731.9020853142083
6598.487244129181, 2243.206613707278, 2732.195772225435
6599.002862453461, 2243.0673335871534, 2732.015266468657
6599.3200125694275, 2243.0673335871534, 2732.015266468657
6599.8276534080505, 2243.0673335871534, 2732.015266468657
6600.333297491074, 2243.0673335871534, 2732.015266468657
6600.844928264618, 2243.0673335871534, 2732.015266468657
6601.518127918243, 2242.584252149642, 2731.936055818999
6601.993850708008, 2242.9130477133276, 2731.7886977774074
6602.476558446884, 2242.564291080558, 2731.735586052265
6602.988186597824, 2242.603818544991, 2731.4182744863497
6603.342237949371, 2242.603818544991, 2731.4182744863497
6603.873813867569, 2242.603818544991, 2731.4182744863497
6604.329594373703, 2242.603818544991, 2731.4182744863497
6604.8292553424835, 2242.603818544991, 2731.4182744863497
6605.488489866257, 2242.558529318692, 2732.3274725722886
6605.983165025711, 2242.334929585694, 2731.682180435494
6606.501776218414, 2242.0106861504037, 2731.9402060528164
6606.827903270721, 2242.0106861504037, 2731.9402060528164
6607.345515012741, 2242.0106861504037, 2731.9402060528164
6607.821241378784, 2242.0106861504037, 2731.9402060528164
6608.483468055725, 2242.958624593547, 2732.0333836754285
6608.838515996933, 2242.958624593547, 2732.0333836754285
6609.5436272621155, 2242.700190213866, 2730.724833792961
6610.005391597748, 2242.9444637757942, 2731.044180825593
6610.333512544632, 2242.9444637757942, 2731.044180825593
6610.826193332672, 2242.9444637757942, 2731.044180825593
6611.486423969269, 2242.1482812129934, 2731.1682967961833
6611.8374836444855, 2242.1482812129934, 2731.1682967961833
6612.327172040939, 2242.1482812129934, 2731.1682967961833
6612.823842048645, 2242.1482812129934, 2731.1682967961833
6613.333477258682, 2242.1482812129934, 2731.1682967961833
6613.829149007797, 2242.1482812129934, 2731.1682967961833
6614.482398748398, 2242.8856703334313, 2731.816768791685
6614.972086906433, 2242.0450081536724, 2731.6117320082435
6615.490697622299, 2242.083468879019, 2731.077175124955
6615.970412969589, 2242.764999834909, 2731.2938930995583
6616.329451560974, 2242.764999834909, 2731.2938930995583
6616.826120138168, 2242.764999834909, 2731.2938930995583
6617.517270326614, 2243.2924238236014, 2730.979063863817
6618.018925189972, 2242.786547852081, 2731.4064260708465
6618.335080385208, 2242.786547852081, 2731.4064260708465
6618.818783998489, 2242.786547852081, 2731.4064260708465
6619.491979598999, 2242.054352732857, 2731.2490858713386
6619.8300750255585, 2242.054352732857, 2731.2490858713386
6620.481329202652, 2242.587560405071, 2732.2922971463313
6620.9839823246, 2243.078634859727, 2732.1635163687074
6621.467688322067, 2242.9152357476196, 2731.4603673105
6621.986299753189, 2243.1609592516547, 2731.746762805462
6622.478978395462, 2242.0024249959774, 2730.2970974380337
6623.012549877167, 2243.161228025224, 2731.2729729775065
6623.522185325623, 2243.239339962483, 2730.570115739301
6623.994919300079, 2243.0985397235086, 2730.9870625873764
6624.334010601044, 2243.0985397235086, 2730.9870625873764
6624.991249799728, 2242.7371496889045, 2731.419634995751
6625.344305038452, 2242.7371496889045, 2731.419634995751
6625.8399777412415, 2242.7371496889045, 2731.419634995751
6626.524144411087, 2243.352734893435, 2731.632726476795
6626.998872756958, 2243.060667377553, 2731.2431640377445
6627.529452085495, 2242.7866508388693, 2731.1354235150716
6628.0929408073425, 2243.059754474717, 2730.949440977381
6628.343276023865, 2243.059754474717, 2730.949440977381
6628.852906942368, 2243.059754474717, 2730.949440977381
6629.331624031067, 2243.059754474717, 2730.949440977381
6629.997839689255, 2242.526244767511, 2732.6299067669347
6630.499506235123, 2242.819320279558, 2732.6528016471234
6630.844570636749, 2242.819320279558, 2732.6528016471234
6631.341240406036, 2242.819320279558, 2732.6528016471234
6631.8608481884, 2242.819320279558, 2732.6528016471234
6632.33956694603, 2242.819320279558, 2732.6528016471234
6633.0127646923065, 2242.234095561925, 2730.527005406895
6633.5054433345795, 2243.363656229987, 2731.814006949185
6633.838550567627, 2243.363656229987, 2731.814006949185
6634.330234050751, 2243.363656229987, 2731.814006949185
6634.970520496368, 2242.5599347641346, 2731.5171201544504
6635.328560352325, 2242.5599347641346, 2731.5171201544504
6635.984802722931, 2242.9654485887368, 2730.9793964495925
6636.472497224808, 2241.5455288668777, 2731.040417271614
6636.98811674118, 2242.117802667754, 2731.6996298338413
6637.4817934036255, 2242.730104261138, 2730.817828737551
6637.819887638092, 2242.730104261138, 2730.817828737551
6638.3275282382965, 2242.730104261138, 2730.817828737551
6638.966814994812, 2242.827760706048, 2731.330816478961
6639.336822509766, 2242.827760706048, 2731.330816478961
6639.991071462631, 2242.766193800138, 2731.6207011266056
6640.472781419754, 2243.2388157906075, 2731.3638892276645
6640.83580827713, 2243.2388157906075, 2731.3638892276645
6641.337465763092, 2243.2388157906075, 2731.3638892276645
6642.031605482101, 2242.001911065578, 2730.653403287529
6642.333797931671, 2242.001911065578, 2730.653403287529
6642.841436862946, 2242.001911065578, 2730.653403287529
6643.463768720627, 2243.2195429700123, 2731.588524243523
6644.001329898834, 2242.731940283891, 2731.3195322062697
6644.491017341614, 2243.189227345691, 2731.8716850924925
6644.828116416931, 2243.189227345691, 2731.8716850924925
6645.3247859478, 2243.189227345691, 2731.8716850924925
6645.97105383873, 2242.8809265875725, 2730.275814506825
6646.319164991379, 2242.8809265875725, 2730.275814506825
6646.990367174149, 2243.040970672055, 2731.1477857430973
6647.327464103699, 2243.040970672055, 2731.1477857430973
6647.9767253398895, 2242.0302753186174, 2730.896716617612
6648.496333122253, 2242.831383739255, 2731.006764594765
6648.975051641464, 2243.351141120617, 2732.234681272832
6649.3211233615875, 2243.351141120617, 2732.234681272832
6649.835745573044, 2243.351141120617, 2732.234681272832
6650.339396715164, 2243.351141120617, 2732.234681272832
6650.838060617447, 2243.351141120617, 2732.234681272832
6651.469397306442, 2243.1846624941486, 2731.8119483934543
6651.988978147507, 2243.395859248312, 2731.760232895183
6652.483652114868, 2242.3534445592204, 2731.1764035221026
6652.991294622421, 2243.2857047110015, 2731.3729876549655
6653.333377838135, 2243.2857047110015, 2731.3729876549655
6653.99161362648, 2242.8018603230234, 2731.4802405391324
6654.332699298859, 2242.8018603230234, 2731.4802405391324
6654.830367326736, 2242.8018603230234, 2731.4802405391324
6655.4955842494965, 2242.907938071025, 2731.996966352501
6655.849637508392, 2242.907938071025, 2731.996966352501
6656.488924264908, 2242.651503223155, 2731.843795478159
6656.8459668159485, 2242.651503223155, 2731.843795478159
6657.32368850708, 2242.651503223155, 2731.843795478159
6657.845292568207, 2242.651503223155, 2731.843795478159
6658.505522966385, 2242.70049453318, 2731.789999252887
6659.015158653259, 2243.0574067739394, 2731.655329594885
6659.509833812714, 2242.7616740621484, 2731.419885350565
6659.825984954834, 2242.7616740621484, 2731.419885350565
6660.485220193863, 2242.8936603987927, 2730.870629697941
6660.9679272174835, 2242.5042177326904, 2731.680753764584
6661.333946943283, 2242.5042177326904, 2731.680753764584
6661.824632167816, 2242.5042177326904, 2731.680753764584
6662.472896814346, 2243.0484633995948, 2732.0085679952936
6662.981533527374, 2243.021979963329, 2731.74677715901
6663.325613498688, 2243.021979963329, 2731.74677715901
6663.833252668381, 2243.021979963329, 2731.74677715901
6664.477525949478, 2242.9479850122502, 2732.4970525005747
6664.970206022263, 2242.0254284147213, 2730.982282734687
6665.518736362457, 2243.1987772754974, 2732.934894023756
6665.984525203705, 2243.1484684245306, 2731.666473146468
6666.331560134888, 2243.1484684245306, 2731.666473146468
6666.82723402977, 2243.1484684245306, 2731.666473146468
6667.33088350296, 2243.1484684245306, 2731.666473146468
6667.978150844574, 2242.6308657071154, 2730.8142009744274
6668.326218128204, 2242.6308657071154, 2730.8142009744274
6668.970492362976, 2243.1282361917483, 2731.9628338928146
6669.317561388016, 2243.1282361917483, 2731.9628338928146
6669.980786323547, 2242.73915263448, 2731.4852776024263
6670.50039434433, 2243.0661459229805, 2731.609787253814
6670.980108261108, 2242.3322081752726, 2731.5334951908667
6671.337151050568, 2242.3322081752726, 2731.5334951908667
6671.836837530136, 2242.3322081752726, 2731.5334951908667
6672.483083248138, 2242.527823259221, 2731.9840723146035
6672.997705459595, 2243.115210289325, 2731.5795663228537
6673.47841668129, 2242.7030342449966, 2731.854569464075
6673.837455034256, 2242.7030342449966, 2731.854569464075
6674.336121797562, 2242.7030342449966, 2731.854569464075
6675.01535820961, 2242.9013457430074, 2731.8283140298795
6675.502054691315, 2243.0871369656375, 2732.110145849289
6675.835162639618, 2243.0871369656375, 2732.110145849289
6676.333836078644, 2243.0871369656375, 2732.110145849289
6676.827515125275, 2243.0871369656375, 2732.110145849289
6677.3321621418, 2243.0871369656375, 2732.110145849289
6677.968457460403, 2242.8957853565353, 2731.488444282462
6678.332482337952, 2242.8957853565353, 2731.488444282462
6678.840122699738, 2242.8957853565353, 2731.488444282462
6679.323827505112, 2242.8957853565353, 2731.488444282462
6679.835457086563, 2242.8957853565353, 2731.488444282462
6680.320159435272, 2242.8957853565353, 2731.488444282462
6680.8307909965515, 2242.8957853565353, 2731.488444282462
6681.320478916168, 2242.8957853565353, 2731.488444282462
6681.980711698532, 2242.6859624255617, 2732.1581743001143
6682.478377819061, 2243.4752252025296, 2731.959558221787
6682.841405630112, 2243.4752252025296, 2731.959558221787
6683.514602661133, 2243.134324642408, 2732.0616748338093
6683.8367393016815, 2243.134324642408, 2732.0616748338093
6684.52988243103, 2243.02756798544, 2731.785599339888
6684.986659049988, 2243.1738162618276, 2732.071148866066
6685.473355293274, 2243.412271241232, 2731.9588767453506
6685.998947381973, 2242.9453405533427, 2731.2677015699405
6686.3230793476105, 2242.9453405533427, 2731.2677015699405
6686.825733661652, 2242.9453405533427, 2731.2677015699405
6687.476988554001, 2242.8638167167333, 2731.996646030277
6687.97066617012, 2242.592417098285, 2731.0146442813793
6688.479303598404, 2243.399707840523, 2731.4853849457277
6688.837346076965, 2243.399707840523, 2731.4853849457277
6689.33002448082, 2243.399707840523, 2731.4853849457277
6689.829718112946, 2243.399707840523, 2731.4853849457277
6690.484963417053, 2243.0013543317664, 2731.432224122512
6690.994598150253, 2242.9812258529296, 2731.10563245701
6691.338676452637, 2242.9812258529296, 2731.10563245701
6691.88022685051, 2242.9812258529296, 2731.10563245701
6692.505551815033, 2242.470088711257, 2731.928342728383
6692.829683542252, 2242.470088711257, 2731.928342728383
6693.336327075958, 2242.470088711257, 2731.928342728383
6694.012520074844, 2242.4038837688986, 2730.9560739922717
6694.503200769424, 2243.7681430111843, 2732.3274480789446
6694.844287872314, 2243.7681430111843, 2732.3274480789446
6695.51349401474, 2243.44383543093, 2732.079538664035
6695.847599506378, 2243.44383543093, 2732.079538664035
6696.479905128479, 2242.5394631084605, 2731.5890330519023
6697.017465353012, 2243.2645425515666, 2731.599631678506
6697.531092166901, 2241.8014081580827, 2731.603533267575
6697.841260433197, 2241.8014081580827, 2731.603533267575
6698.344910860062, 2241.8014081580827, 2731.603533267575
6698.833636045456, 2241.8014081580827, 2731.603533267575
6699.501842737198, 2242.9408770114655, 2731.7470908848077
6700.035426616669, 2243.803508516399, 2731.0485803987594
6700.332617759705, 2243.803508516399, 2731.0485803987594
6700.995841264725, 2243.2024374753823, 2731.3834121068926
6701.488552093506, 2242.3895376605074, 2730.4266834473815
6701.831603050232, 2242.3895376605074, 2730.4266834473815
6702.463908195496, 2243.092868986708, 2731.7611408720877
6702.816963195801, 2243.092868986708, 2731.7611408720877
6703.508113145828, 2243.050141919956, 2731.383666030436
6703.989821195602, 2243.0181802199354, 2731.3369943369885
6704.502448320389, 2242.8157461571413, 2731.6255531970633
6705.013080835342, 2242.999240281772, 2731.5493256149866
6705.482821702957, 2243.466237042208, 2731.4877854418314
6705.8259036540985, 2243.466237042208, 2731.4877854418314
6706.3255660533905, 2243.466237042208, 2731.4877854418314
6706.831210374832, 2243.466237042208, 2731.4877854418314
6707.347742557526, 2243.466237042208, 2731.4877854418314
6708.011477231979, 2242.8308735867445, 2731.6751595026576
6708.346579551697, 2242.8308735867445, 2731.6751595026576
6709.021778821945, 2240.114642236647, 2731.434314046564
6709.3369908332825, 2240.114642236647, 2731.434314046564
6709.861585140228, 2240.114642236647, 2731.434314046564
6710.49987578392, 2243.495280514836, 2731.9112166393934
6710.855922222137, 2243.495280514836, 2731.9112166393934
6711.493215084076, 2242.87183566763, 2732.077599849344
6711.985894918442, 2242.928693266622, 2731.473331356731
6712.353909254074, 2242.928693266622, 2731.473331356731
6713.008157968521, 2243.373465093125, 2731.800346081889
6713.499841451645, 2243.1812830839203, 2731.740167571833
6713.868852615356, 2243.1812830839203, 2731.740167571833
6714.337596178055, 2243.1812830839203, 2731.740167571833
6714.847230911255, 2243.1812830839203, 2731.740167571833
6715.341907501221, 2243.1812830839203, 2731.740167571833
6715.833588600159, 2243.1812830839203, 2731.740167571833
6716.352201223373, 2243.1812830839203, 2731.740167571833
6717.021407365799, 2243.5166104111145, 2731.597478646564
6717.49613571167, 2243.364446499977, 2732.1149701720205
6717.987819433212, 2243.2508050203537, 2731.78232609905
6718.47750711441, 2242.660284400862, 2731.3621978717174
6718.992129564285, 2243.218369151228, 2731.682034044294
6719.490792989731, 2243.1637813835555, 2731.595806693905
6719.841852426529, 2243.1637813835555, 2731.595806693905
6720.4731612205505, 2242.862445472133, 2731.291955763177
6720.989805936813, 2243.1097325955284, 2731.8139296957784
6721.338843584061, 2243.1097325955284, 2731.8139296957784
6721.8275356292725, 2243.1097325955284, 2731.8139296957784
6722.334176778793, 2243.1097325955284, 2731.8139296957784
6722.986429929733, 2242.792405415896, 2731.3607428965347
6723.50005364418, 2242.5544993728704, 2731.4216756011733
6723.9857523441315, 2242.8443798686967, 2730.378904789051
6724.509350776672, 2242.906405568882, 2731.4417185195584
6725.036938905716, 2243.218164773527, 2730.4273614331046
6725.342120170593, 2243.218164773527, 2730.4273614331046
6725.97841668129, 2242.795210861278, 2730.7408098469823
6726.319501399994, 2242.795210861278, 2730.7408098469823
6726.827142715454, 2242.795210861278, 2730.7408098469823
6727.329796075821, 2242.795210861278, 2730.7408098469823
6727.834443330765, 2242.795210861278, 2730.7408098469823
6728.329118728638, 2242.795210861278, 2730.7408098469823
6729.007301807404, 2243.1435380839052, 2731.83181638341
6729.515939474106, 2242.4908855707567, 2731.818513990365
6729.835084676743, 2242.4908855707567, 2731.818513990365
6730.489332199097, 2243.355590446263, 2732.3240726700888
6730.826457738876, 2243.355590446263, 2732.3240726700888
6731.501620769501, 2243.4025192592526, 2731.677937070195
6732.004273891449, 2243.413665871428, 2731.8476594346475
6732.488975524902, 2242.1835913917394, 2731.6533074077174
6732.837043523788, 2242.1835913917394, 2731.6533074077174
6733.517221927643, 2243.383612882389, 2731.147321314343
6733.988958597183, 2243.70638711354, 2731.3288606638957
6734.326055765152, 2243.70638711354, 2731.3288606638957
6734.838682174683, 2243.70638711354, 2731.3288606638957
6735.3273730278015, 2243.70638711354, 2731.3288606638957
6736.005556344986, 2243.3148060881076, 2731.3294799592068
6736.479287385941, 2243.381654310739, 2731.342263061257
6736.999892711639, 2243.164574289806, 2731.20620989076
6737.487586736679, 2243.1255211832263, 2732.316807819706
6737.998219490051, 2243.1717997577202, 2731.300753712458
6738.330329179764, 2243.1717997577202, 2731.300753712458
6738.842957496643, 2243.1717997577202, 2731.300753712458
6739.497205018997, 2242.886328429558, 2731.293987818952
6740.005842447281, 2243.4719526028807, 2730.8990433405675
6740.329975128174, 2243.4719526028807, 2730.8990433405675
6740.977239370346, 2243.2247538338092, 2731.4310795180554
6741.536740779877, 2243.030246197166, 2731.0991694168156
6742.035405397415, 2243.7558897556955, 2732.0197598484174
6742.500160932541, 2243.014374951343, 2731.350597859758
6742.971896409988, 2243.248351039051, 2731.806386354655
6743.486518621445, 2242.788817983759, 2731.124590049644
6743.984185695648, 2243.3899087825575, 2731.8131572143934
6744.535707473755, 2243.598944912653, 2731.9346947181293
6744.82892370224, 2243.598944912653, 2731.9346947181293
6745.504113912582, 2242.786031911781, 2732.2434653469877
6745.981834888458, 2243.1013526181005, 2732.1136036140047
6746.330900192261, 2243.1013526181005, 2732.1136036140047
6746.979163646698, 2243.6439694453074, 2731.8094109415783
6747.335209131241, 2243.6439694453074, 2731.8094109415783
6747.823899745941, 2243.6439694453074, 2731.8094109415783
6748.487125635147, 2243.489421104061, 2731.953407361322
6748.851148843765, 2243.489421104061, 2731.953407361322
6749.321887969971, 2243.489421104061, 2731.953407361322
6750.019020080566, 2243.310996577533, 2731.755939053487
6750.3271951675415, 2243.310996577533, 2731.755939053487
6750.836830377579, 2243.310996577533, 2731.755939053487
6751.4960651397705, 2242.9958689536247, 2731.32582026677
6751.992733955383, 2243.651145830344, 2731.6545520099685
6752.328833818436, 2243.651145830344, 2731.6545520099685
6752.980089664459, 2242.980755061507, 2731.3271680317653
6753.4987025260925, 2243.528251049663, 2731.8114527030134
6753.985400676727, 2243.814415316051, 2731.96866086218
6754.498022556305, 2243.0523691611743, 2731.4889020902774
6755.001707792282, 2243.9865601512497, 2731.678160161278
6755.488370418549, 2243.0828631944223, 2731.3961748299503
6755.9760637283325, 2243.73566084419, 2731.8032493248593
6756.332111120224, 2243.73566084419, 2731.8032493248593
6756.982368707657, 2243.4385404080567, 2731.120870414566
6757.479038000107, 2243.4414725182883, 2731.4039705757823
6758.014603853226, 2243.3126134882514, 2731.9387914718454
6758.3656640052795, 2243.3126134882514, 2731.9387914718454
6758.839394569397, 2243.3126134882514, 2731.9387914718454
6759.369972705841, 2243.3126134882514, 2731.9387914718454
6759.99330329895, 2244.4470737799998, 2732.0119865949687
6760.519892215729, 2243.3657092303993, 2731.6577427235006
6760.839038133621, 2243.3657092303993, 2731.6577427235006
6761.549136161804, 2243.9384534781943, 2731.512976117826
6762.022866725922, 2243.9257303855443, 2731.488414192246
6762.339019775391, 2243.9257303855443, 2731.488414192246
6762.83469247818, 2243.9257303855443, 2731.488414192246
6763.477969408035, 2244.235607844242, 2731.6609861924994
6763.829030275345, 2244.235607844242, 2731.6609861924994
6764.319715976715, 2244.235607844242, 2731.6609861924994
6764.833339691162, 2244.235607844242, 2731.6609861924994
6765.334994792938, 2244.235607844242, 2731.6609861924994
6765.84263586998, 2244.235607844242, 2731.6609861924994
6766.49688243866, 2243.6665220404598, 2731.3989203578203
6767.022476196289, 2243.8639961872345, 2731.7382758321683
6767.527122974396, 2244.1668779386855, 2731.5955179283424
6767.834301233292, 2244.1668779386855, 2731.5955179283424
6768.322990894318, 2244.1668779386855, 2731.5955179283424
6768.836645126343, 2244.1668779386855, 2731.5955179283424
6769.3312911987305, 2244.1668779386855, 2731.5955179283424
6769.838931560516, 2244.1668779386855, 2731.5955179283424
6770.485201120377, 2243.622074765183, 2731.654916706259
6770.82229757309, 2243.622074765183, 2731.654916706259
6771.483526229858, 2243.7096959849255, 2731.374398734914
6771.981193304062, 2243.5289889607116, 2731.2746798796115
6772.482848644257, 2243.576375955963, 2731.9944528626706
6772.984506607056, 2243.3690020038134, 2732.006911695718
6773.332572460175, 2243.3690020038134, 2732.006911695718
6774.000784158707, 2243.4713858042423, 2731.3569708268465
6774.338877439499, 2243.4713858042423, 2731.3569708268465
6774.838539361954, 2243.4713858042423, 2731.3569708268465
6775.339198589325, 2243.4713858042423, 2731.3569708268465
6775.846838712692, 2243.4713858042423, 2731.3569708268465
6776.489117860794, 2243.984681848683, 2731.6333047231365
6776.982796192169, 2244.0071822924547, 2731.19226042655
6777.484451055527, 2243.752811535446, 2731.4285179404665
6777.8584496974945, 2243.752811535446, 2731.4285179404665
6778.481810569763, 2243.732313130253, 2731.3202475380026
6778.984435081482, 2243.6585877252246, 2731.3393478868447
6779.487087488174, 2244.268206095907, 2731.123757791409
6780.01766705513, 2242.969022681544, 2731.5195530971328
6780.4844172000885, 2243.1048023576996, 2731.3182519126253
6780.825503349304, 2243.1048023576996, 2731.3182519126253
6781.49072265625, 2244.3755391364034, 2731.782402658433
6781.84477186203, 2244.3755391364034, 2731.782402658433
6782.492038726807, 2243.352870583654, 2731.038766736957
6782.841103792191, 2243.352870583654, 2731.038766736957
6783.509314060211, 2243.45427136363, 2731.3802271114046
6783.991024017334, 2243.3749945061063, 2731.8001024871865
6784.326125860214, 2243.3749945061063, 2731.8001024871865
6784.820800304413, 2243.3749945061063, 2731.8001024871865
6785.486018657684, 2243.9570353143527, 2731.480688029046
6785.838075637817, 2243.9570353143527, 2731.480688029046
6786.327763795853, 2243.9570353143527, 2731.480688029046
6786.833409309387, 2243.9570353143527, 2731.480688029046
6787.323098182678, 2243.9570353143527, 2731.480688029046
6787.838716745377, 2243.9570353143527, 2731.480688029046
6788.326411724091, 2243.9570353143527, 2731.480688029046
6788.830061197281, 2243.9570353143527, 2731.480688029046
6789.501265764236, 2243.9693525749644, 2732.2278561012336
6789.989985942841, 2243.7162773645587, 2731.5530097429505
6790.332037687302, 2243.7162773645587, 2731.5530097429505
6790.979305744171, 2243.6787308902644, 2731.2991312101217
6791.339340209961, 2243.6787308902644, 2731.2991312101217
6792.038467645645, 2244.0234182415275, 2731.2076633874285
6792.33168387413, 2244.0234182415275, 2731.2076633874285
6792.988921880722, 2244.016953580807, 2731.716096506902
6793.4905779361725, 2243.8655786243935, 2731.8608209324943
6793.831664800644, 2243.8655786243935, 2731.8608209324943
6794.478931188583, 2243.964450569742, 2731.680540838775
6795.001530885696, 2244.3744155242257, 2731.4882571418457
6795.339653968811, 2244.3744155242257, 2731.4882571418457
6795.962955236435, 2244.238247363377, 2731.4857051375675
6796.475581884384, 2244.3950209035706, 2731.2693026107127
6797.004168510437, 2244.3863979264625, 2731.486949625019
6797.318326711655, 2244.3863979264625, 2731.486949625019
6797.968583583832, 2243.3273636207628, 2730.0311818577575
6798.336597442627, 2243.3273636207628, 2730.0311818577575
6798.978878498077, 2243.8913090103365, 2732.1371011184456
6799.334923505783, 2243.8913090103365, 2732.1371011184456
6799.8335881233215, 2243.8913090103365, 2732.1371011184456
6800.331255674362, 2243.8913090103365, 2732.1371011184456
6800.981512546539, 2243.075602740566, 2730.0304492129026
6801.3375606536865, 2243.075602740566, 2730.0304492129026
6801.974851846695, 2244.2552658714967, 2732.2890810469107
6802.4894733428955, 2244.613862973386, 2731.6674733461027
6802.834548711777, 2244.613862973386, 2731.6674733461027
6803.332216262817, 2244.613862973386, 2731.6674733461027
6803.989455461502, 2244.353975922191, 2731.4495253868026
6804.3256068229675, 2244.353975922191, 2731.4495253868026
6804.988778591156, 2243.8438777496403, 2730.985066331314
6805.348815441132, 2243.8438777496403, 2730.985066331314
6805.837505340576, 2243.8438777496403, 2730.985066331314
6806.334199428558, 2243.8438777496403, 2730.985066331314
6806.9834361076355, 2244.4119578807426, 2731.8276509460684
6807.481102466583, 2244.6181237254527, 2732.0238678166334
6807.993729829788, 2244.625171808231, 2731.9701037217656
6808.514336824417, 2244.8746805707283, 2731.3727450594374
6808.833481311798, 2244.8746805707283, 2731.3727450594374
6809.319180727005, 2244.8746805707283, 2731.3727450594374
6809.993374586105, 2244.0455608193656, 2730.980183225202
6810.323489665985, 2244.0455608193656, 2730.980183225202
6810.831129312515, 2244.0455608193656, 2730.980183225202
6811.331788063049, 2244.0455608193656, 2730.980183225202
6811.97606420517, 2244.1390093101118, 2731.5607152656057
6812.488689184189, 2244.148734416106, 2731.725120149064
6812.827782392502, 2244.148734416106, 2731.725120149064
6813.490008831024, 2245.0352171784934, 2731.902254675768
6813.9866778850555, 2244.2260790046685, 2732.043750792524
6814.481352329254, 2244.7268984764096, 2731.4766904391554
6814.829419374466, 2244.7268984764096, 2731.4766904391554
6815.473694562912, 2244.5298665266814, 2731.688377828207
6815.986323356628, 2243.9594024392645, 2731.3835932161887
6816.506927251816, 2244.310728960264, 2730.586197851776
6817.011575222015, 2243.9418508029826, 2730.5875317137734
6817.337729692459, 2243.9418508029826, 2730.5875317137734
6817.820437908173, 2243.9418508029826, 2730.5875317137734
6818.5055730342865, 2244.1658805761695, 2731.901157580326
6818.988280057907, 2242.485327039305, 2731.4008451547033
6819.47896695137, 2243.6921170748333, 2732.3442351310946
6819.979624509811, 2244.7705090153345, 2732.2390761447236
6820.488263368607, 2243.9490065068007, 2731.322102466082
6820.836329698563, 2243.9490065068007, 2731.322102466082
6821.330007314682, 2243.9490065068007, 2731.322102466082
6821.973285675049, 2244.050689843483, 2731.6648875237843
6822.324343681335, 2244.050689843483, 2731.6648875237843
6822.979588985443, 2244.585311240212, 2730.9060232946103
6823.486231803894, 2243.8763962925623, 2731.131559027812
6823.98090672493, 2244.340291927549, 2731.656300907385
6824.506500244141, 2244.028701153864, 2731.401280267571
6825.067994594574, 2243.577403190004, 2730.485965758899
6825.338270902634, 2243.577403190004, 2730.485965758899
6825.876829862595, 2243.577403190004, 2730.485965758899
6826.504147768021, 2244.315021915241, 2731.345271308657
6826.828280210495, 2244.315021915241, 2731.345271308657
6827.331959962845, 2244.315021915241, 2731.345271308657
6827.828600645065, 2244.315021915241, 2731.345271308657
6828.486837863922, 2244.039330163471, 2732.2497631542165
6828.822937965393, 2244.039330163471, 2732.2497631542165
6829.525057792664, 2244.4717334955258, 2731.776615772003
6829.826251268387, 2244.4717334955258, 2731.776615772003
6830.485483646393, 2243.8406530642783, 2731.723750186804
6830.824574708939, 2243.8406530642783, 2731.723750186804
6831.339196681976, 2243.8406530642783, 2731.723750186804
6831.827888250351, 2243.8406530642783, 2731.723750186804
6832.352482557297, 2243.8406530642783, 2731.723750186804
6833.036650657654, 2244.2107900892534, 2731.765452721769
6833.529330730438, 2244.2982382895857, 2731.6189208484243
6834.040961027145, 2244.861646605793, 2732.477507458747
6834.32519865036, 2244.861646605793, 2732.477507458747
6835.025323152542, 2244.1208805480696, 2732.005004640707
6835.520997285843, 2244.432037492965, 2731.8797521273145
6835.863080978394, 2244.432037492965, 2731.8797521273145
6836.323845624924, 2244.432037492965, 2731.8797521273145
6836.990060567856, 2244.2761860998635, 2731.2203910049307
6837.474761962891, 2243.720185086654, 2731.430170734102
6837.830808401108, 2243.720185086654, 2731.430170734102
6838.321493864059, 2243.720185086654, 2731.430170734102
6838.853070259094, 2243.720185086654, 2731.430170734102
6839.34774684906, 2243.720185086654, 2731.430170734102
6839.828458070755, 2243.720185086654, 2731.430170734102
6840.334103107452, 2243.720185086654, 2731.430170734102
6840.985359430313, 2244.585043947601, 2730.8139710665805
6841.337415456772, 2244.585043947601, 2730.8139710665805
6842.019590139389, 2244.6158346816405, 2731.82551946216
6842.529224872589, 2244.373073494589, 2731.545892293358
6842.829448461533, 2244.373073494589, 2731.545892293358
6843.473693609238, 2244.653907653235, 2731.526956799114
6843.991307020187, 2244.3407282256762, 2731.7764634259784
6844.333390951157, 2244.3407282256762, 2731.7764634259784
6844.991627693176, 2244.6821049922805, 2731.965321053999
6845.321743488312, 2244.6821049922805, 2731.965321053999
6845.829383611679, 2244.6821049922805, 2731.965321053999
6846.501583337784, 2243.8036839785923, 2729.9679360386713
6846.834692001343, 2243.8036839785923, 2729.9679360386713
6847.474976062775, 2244.9388652372677, 2731.817703060454
6847.835011482239, 2244.9388652372677, 2731.817703060454
6848.475296020508, 2244.47137821516, 2731.2732542912167
6848.829378128052, 2244.47137821516, 2731.2732542912167
6849.334993124008, 2244.47137821516, 2731.2732542912167
6849.852607011795, 2244.47137821516, 2731.2732542912167
6850.335344552994, 2244.47137821516, 2731.2732542912167
6850.826997280121, 2244.47137821516, 2731.2732542912167
6851.481245517731, 2244.2064361269236, 2731.9360868207746
6851.987887382507, 2243.9838100576, 2730.7740094336746
6852.322989702225, 2243.9838100576, 2730.7740094336746
6852.835617303848, 2243.9838100576, 2730.7740094336746
6853.770113945007, 3129.993680424129, 656.9932274686157
6854.968902826309, 50.00740470278464, 151.00926353943657
6855.770755529404, 50.00740470278464, 151.00926353943657
6856.896739244461, 2032.432022697323, 1409.0018071603522
6857.718538045883, 2032.432022697323, 1409.0018071603522
6858.740798711777, 2032.432022697323, 1409.0018071603522
6860.0084064006805, 2350.9847443042217, 2815.990019908787
6860.691573381424, 1606.999999999461, 20.0
6861.054601192474, 1606.999999999461, 20.0
6861.544290065765, 1606.999999999461, 20.0
6862.037967681885, 1606.999999999461, 20.0
6862.552588939667, 3104.064528417421, 1559.9999999999643
6862.909632444382, 3104.064528417421, 1559.9999999999643
6863.629704475403, 3552.0000000058494, 166.0004140566222
6864.44252705574, 1145.0080979037696, 1582.1259682283194
6865.307210922241, 2916.9999999828956, 2766.500000000009
6866.106072425842, 2916.9999999828956, 2766.500000000009
6866.585785627365, 2916.9999999828956, 2766.500000000009
6867.237041711807, 3130.232200389359, 1256.8473881599366
6868.068813085556, 3130.232200389359, 1256.8473881599366
6868.551520586014, 2699.1711384911077, 396.7598437435668
6868.916542768478, 2699.1711384911077, 396.7598437435668
6869.411217212677, 2699.1711384911077, 396.7598437435668
6870.328759431839, 2271.010793391748, 2954.9896750290613
6871.406872034073, -18161.92883386653, 39.99060270171781
6872.2456266880035, -18161.92883386653, 39.99060270171781
6873.106320619583, 207.00000213079028, 336.6190686831808
6874.0238626003265, 2684.984507636342, 915.998828902039
6874.568404197693, 1388.4375312873321, 1273.331846766103
6875.086017847061, 201.97029398661462, 1539.0119857685709
6875.386213064194, 201.97029398661462, 1539.0119857685709
6875.882892847061, 201.97029398661462, 1539.0119857685709
6877.064717054367, 1930.5643477573362, 2021.0058683137363
6877.5364537239075, 164.00000000312707, 1635.4999999995864
6878.339302778244, 1890.2306411281888, 491.00591594407376
6879.237897157669, 2136.9918439794496, 1143.0000000016043
6880.568332672119, 687.0077493908872, 1094.9912892310526
6881.030124425888, 1181.2008470585704, 566.5000000007308
6881.365197658539, 1181.2008470585704, 566.5000000007308
6881.858875751495, 1181.2008470585704, 566.5000000007308
6882.364522218704, 1181.2008470585704, 566.5000000007308
6883.264111757278, 3516.5605736448592, 20.0
6884.125804185867, 3516.5605736448592, 20.0
6884.965553760529, 1930.9942004279933, 1217.9910891267625
6885.859160423279, 1930.9942004279933, 1217.9910891267625
6886.756756305695, 2918.014823301148, 102.93923231362882
6887.8867292404175, 945.7398532469222, 98.00625475546214
6889.172286272049, 1929.9915831228695, 40.008046855090505
6890.007049798965, 1929.9915831228695, 40.008046855090505
6890.886693954468, 899.0115382896987, 62.49999999700227
6891.88801240921, 899.0115382896987, 62.49999999700227
6892.7836124897, 899.0115382896987, 62.49999999700227
6893.80886554718, 899.0115382896987, 62.49999999700227
6894.758322954178, 2270.5638921516866, 375.0108911273042
6895.762634277344, 1268.5698152070859, 1289.007831695153
6896.543543338776, 1268.5698152070859, 1289.007831695153
6897.384293794632, 60.99917729923991, 28.9983716950712
6898.352725744247, 754.9983641910883, 102.00915516354648
6899.609328746796, 2351.009628692622, 2817.0130038124953
6900.333390951157, 2696.255812028766, 374.9917347808847
6901.363630533218, 1187.0082263123832, 2226.988980981809
6902.169471502304, 1187.0082263123832, 2226.988980981809
6902.836684465408, 2228.7835810476618, 41.009399470439085
6903.600638866425, 2668.999999993384, 1640.4999999893653
6904.382543802261, 3130.0094951364877, 2113.6173871035708
6905.359954595566, 387.01114185876423, 192.56042785692847
6906.19868016243, 387.01114185876423, 192.56042785692847
6906.731252193451, 387.01114185876423, 192.56042785692847
6907.9719297885895, 1930.4284716789734, 40.99443821918933
6908.784751653671, 1930.4284716789734, 40.99443821918933
6909.611538410187, 1734.9999999997628, 386.000084709926
6910.0254282951355, 97.00000866200809, 1635.6157562590183
6910.356541633606, 97.00000866200809, 1635.6157562590183
6910.855232954025, 97.00000866200809, 1635.6157562590183
6911.353870868683, 97.00000866200809, 1635.6157562590183
6912.174704551697, 1388.451204903946, 102.99271593795392
6912.953618049622, 3610.6714797630216, 601.9846821960319
6913.789381027222, 3610.6714797630216, 601.9846821960319
6914.774740934372, 3610.6714797630216, 601.9846821960319
6915.780048131943, 3610.6714797630216, 601.9846821960319
6916.782363653183, 1936.2525119492077, 273.108623731355
6917.679959535599, 1752.582838605697, 374.9927164373198
6918.480813026428, 1930.9989149819535, 39.99113077992576
6919.151017904282, 1754.0004283646838, 121.99778111635511
6919.487117052078, 1754.0004283646838, 121.99778111635511
6920.485443353653, 1388.988735066371, 212.01259602695143
6921.333173036575, 1388.988735066371, 212.01259602695143
6922.3235495090485, 1388.988735066371, 212.01259602695143
6923.364731311798, 1388.988735066371, 212.01259602695143
6924.057874202728, 1150.5000000000105, 334.00005422578556
6924.417911291122, 1150.5000000000105, 334.00005422578556
6924.922558784485, 1150.5000000000105, 334.00005422578556
6925.817163705826, 299.98967266142, 1981.9999014353734
6926.6559154987335, 2973.973089724455, 1056.9923856197506
6927.044873714447, 3061.985364297538, 41.9768119441192
6927.426850557327, 3061.985364297538, 41.9768119441192
6928.101045370102, 3626.0000003557416, -577.9544988100854
6928.971748352051, 1388.9939377213086, 102.98946763006585
6929.8065049648285, 1388.9939377213086, 102.98946763006585
6930.79881811142, 1388.9939377213086, 102.98946763006585
6932.0434856414795, 2087.2117842012403, 40.008679372902435
6932.846335172653, 2087.2117842012403, 40.008679372902435
6933.737947225571, 3464.71053347564, 639.4509286334875
6934.555756807327, 3464.71053347564, 639.4509286334875
6935.191053152084, 1994.000603301555, 1563.500122495408
6935.531142950058, 1994.000603301555, 1563.500122495408
6936.0228271484375, 1994.000603301555, 1563.500122495408
6936.526477575302, 1994.000603301555, 1563.500122495408
6937.024144649506, 1994.000603301555, 1563.500122495408
6937.667421102524, 3131.015171195554, 765.8954720194732
6938.027456283569, 3131.015171195554, 765.8954720194732
6938.51914024353, 3131.015171195554, 765.8954720194732
6939.022790431976, 3131.015171195554, 765.8954720194732
6939.739868402481, 3342.0102735062446, 836.2807900486118
6940.507813215256, 2819.884325582009, 1589.4725489490638
6941.278747797012, 3130.0084396805405, 1714.0042362628167
6942.17434835434, 3130.0084396805405, 1714.0042362628167
6942.7677590847015, 2851.990276662749, 2443.000431023774
6943.907704591751, 978.9913132656078, 2291.0102324348054
6945.039716243744, 2270.5421863086335, 374.99251713845894
6945.869525671005, 2270.5421863086335, 374.99251713845894
6946.872839689255, 2270.5421863086335, 374.99251713845894
6947.545038223267, 3740.3207132941875, 1067.9979254671553
6948.256133317947, 2925.620486392633, 2521.992474130056
6949.083916902542, 2925.620486392633, 2521.992474130056
6949.553658485413, 2950.954464595343, 589.4362958402494
6949.913692712784, 2950.954464595343, 589.4362958402494
6950.40836930275, 2950.954464595343, 589.4362958402494
6950.902045726776, 2950.954464595343, 589.4362958402494
6951.700906038284, 1930.9924173027825, 2719.499999999986
6952.787994861603, 648.6266433259722, 41.003206286278434
6953.738447666168, 2350.451089692891, 464.0026348029234
6955.073872804642, 3648.957807990203, 24.010803299221326
6955.78399515152, 694.9932670394986, 1156.8098804420576
6956.814209699631, 3305.987766210403, 143.9905943701256
6957.676899433136, 3305.987766210403, 143.9905943701256
6958.1675844192505, 3305.987766210403, 143.9905943701256
6958.640317440033, 3630.9999999999777, 2056.9999999956185
6958.929545402527, 3630.9999999999777, 2056.9999999956185
6959.586783885956, 2321.999999995547, 282.99993734058586
6960.283917427063, 2271.009642117606, 485.15467696337845
6961.125689029694, 2271.009642117606, 485.15467696337845
6961.962421178818, 1800.0107793149289, 192.01315738343226
6962.561815500259, 3403.5000000043065, 2747.000000000056
6963.648903369904, 2271.0015499955307, 375.0152868312116
6964.0238971710205, 2007.5000000016842, 374.4447709720189
6964.568439245224, 2186.0451036323248, 1610.9757036305912
6965.238644838333, 3517.0000000063374, 1034.0000249824923
6966.010575771332, 784.8490748577611, 650.9991732063854
6966.725661277771, 2582.988622109347, 967.9785417713996
6967.892535448074, 2917.990568487952, 2153.98954574041
6968.715331315994, 448.00013940685125, 1896.0003779183544
6969.921101808548, 3417.9887369782305, 1904.0105226505702
6970.747886896133, 3417.9887369782305, 1904.0105226505702
6971.775137901306, 2270.9999592825943, 374.0146048074765
6972.683702468872, 1284.6522172603497, 478.00950617324145
6973.025787830353, 1284.6522172603497, 478.00950617324145
6973.517470359802, 1284.6522172603497, 478.00950617324145
6974.022116422653, 1284.6522172603497, 478.00950617324145
6974.847904443741, 1930.003266530483, 2462.431293246203
6975.787389039993, 3273.8600073696507, 82.19392223209958
6976.606196641922, 2270.560343226535, 374.03012136225163
6977.070950508118, 3241.456223951432, 870.5789339988187
6977.411040067673, 3241.456223951432, 870.5789339988187
6978.107175588608, 3316.869778835863, 2675.9999999979104
6978.725518703461, 697.9457964149924, 1288.0086784097064
6979.688937902451, 2238.538477595575, 373.9934306073728
6980.059945106506, 2238.538477595575, 373.9934306073728
6980.566586732864, 2238.538477595575, 373.9934306073728
6981.037327289581, 2238.538477595575, 373.9934306073728
6981.795296430588, 3009.4962991093576, 178.87581453204376
6982.648049354553, 3009.4962991093576, 178.87581453204376
6983.553623914719, 1931.0104616723922, 101.99931661047876
6984.16099691391, 150.00000000067038, 1295.989566749282
6984.482137441635, 150.00000000067038, 1295.989566749282
6985.1952266693115, 2923.0935890967367, 375.0094324224938
6985.720818758011, 426.0000000067012, 1095.0140255255792
6986.528655052185, 3240.5000044765015, 1067.9019567211897
6987.297595739365, 2269.993291727919, 374.99987958991886
6988.208156347275, 2270.439070831409, 2538.0000000153323
6988.572180986404, 2270.439070831409, 2538.0000000153323
6989.052894353867, 2270.439070831409, 2538.0000000153323
6989.555546998978, 2270.439070831409, 2538.0000000153323
6990.073160171509, 2270.439070831409, 2538.0000000153323
6990.5568652153015, 2270.439070831409, 2538.0000000153323
6991.066499471664, 2270.439070831409, 2538.0000000153323
6991.578130245209, 2270.439070831409, 2538.0000000153323
6992.089758872986, 2270.439070831409, 2538.0000000153323
6992.722065210342, 3341.990403848329, 2099.506048310782
6993.554834842682, 3341.990403848329, 2099.506048310782
6994.092395067215, 2269.552121632091, 1744.7115275257038
6994.433481216431, 2269.552121632091, 1744.7115275257038
6994.986001729965, 2269.552121632091, 1744.7115275257038
6995.577416419983, 3094.8695001782507, 1410.706991603161
6995.9364557266235, 3094.8695001782507, 1410.706991603161
6996.437114715576, 3094.8695001782507, 1410.706991603161
6997.387568235397, 1739.999943149411, 477.99298504167257
6998.23529791832, 1739.999943149411, 477.99298504167257
6999.2565631866455, 1739.999943149411, 477.99298504167257
7000.402493238449, 3262.985458835116, 1224.994137519499
7001.196366786957, 2271.0103167977586, 490.43253847917595
7001.896491527557, 1013.9760977789746, 688.9965189817547
7002.737238645554, 1013.9760977789746, 688.9965189817547
7003.816348314285, 2269.98859055983, 2020.9940429577027
7004.6700620651245, 2269.98859055983, 2020.9940429577027
7005.009153366089, 104.0000022199475, 1331.9996066628253
7005.569654464722, 982.4999999999883, 613.9999946547676
7006.21691942215, 3498.9357519136506, 561.0199756635233
7007.080604791641, 3498.9357519136506, 561.0199756635233
7007.705929756165, 2271.007965829215, 1346.2748100862402
7008.5167582035065, 3314.988622212496, 1893.008573574329
7009.089224815369, 1281.8033036695638, 1583.6531281851096
7009.667675733566, 2270.5650152454623, 2951.5328930934634
7010.226179122925, 2704.6882554669323, 1057.0133890470445
7011.15070271492, 2704.6882554669323, 1057.0133890470445
7011.592519283295, 2704.6882554669323, 1057.0133890470445
7012.639714241028, 2270.0095075049785, 374.5542637584298
7013.9063222408295, 1931.0114322545865, 2291.0128291496403
7014.665288448334, 874.4326460050836, 51.99655437819711
7015.0243268013, 874.4326460050836, 51.99655437819711
7015.9438643455505, 1578.995163168755, 165.01659836763338
7016.738735198975, 1578.995163168755, 165.01659836763338
7017.788921356201, 2495.987591589263, 2736.9999999980096
7019.093427181244, 1930.9880517815031, 41.01247507943806
7019.9301862716675, 1930.9880517815031, 41.01247507943806
7020.98037314415, 1930.9880517815031, 41.01247507943806
7021.926837682724, 1930.9880517815031, 41.01247507943806
7022.893249034882, 3130.278195707319, 1056.5593394981352
7023.776883125305, 3130.278195707319, 1056.5593394981352
7024.937773227692, 1930.4303586930318, 2368.9907997076357
7025.673800945282, 2226.141460611393, 1124.2878657542412
7026.521530628204, -772.5773413586032, 1663.1569179820779
7027.337345123291, -772.5773413586032, 1663.1569179820779
7028.3316822052, 2270.9876547648105, 374.98882621520397
7029.127550363541, 556.9954921059162, 395.4999522102681
7029.463650465012, 556.9954921059162, 395.4999522102681
7030.37520813942, 3343.0075320218366, 2943.9901793061476
7031.206980466843, 3343.0075320218366, 2943.9901793061476
7031.716614961624, 3343.0075320218366, 2943.9901793061476
7032.804701328278, 1387.9856449005633, 102.00923537439775
7033.690328121185, 1387.9856449005633, 102.00923537439775
7034.315653324127, 3380.9887808173485, 2318.4999999881657
7035.304005622864, 3130.986902329818, 1066.0301466563483
7036.0151014328, 2213.0722888458045, 2750.5713319258944
7036.7451457977295, 331.9362376790467, 259.01147405665535
7037.634762763977, 331.9362376790467, 259.01147405665535
7038.100514888763, 331.9362376790467, 259.01147405665535
7038.569259643555, 3261.2149881801706, 2639.5167510685137
7039.3880660533905, 2897.500000000001, 740.0059559803676
7040.264718532562, 1389.009826766453, 103.01543402392596
7041.124415874481, 1389.009826766453, 103.01543402392596
7042.225466012955, 1930.0145141484873, 39.98986254472054
7043.508031129837, 1930.0145141484873, 39.98986254472054
7044.606089353561, 2270.9858702304327, 373.9933562402899
7045.263329029083, 2184.6995492174133, 143.00000819181386
7046.049225091934, 2184.6995492174133, 143.00000819181386
7046.696490287781, 2052.2595083872584, 41.010483002330886
7047.373675823212, 312.00843976586555, 215.00002080654735
7048.248333930969, 312.00843976586555, 215.00002080654735
7049.239678144455, 312.00843976586555, 215.00002080654735
7050.2350125312805, 312.00843976586555, 215.00002080654735
7051.503613710403, 1930.9935487328644, 455.01200668089956
7052.3892414569855, 2515.9995581079443, 478.0061969144766
7053.286837339401, 1925.5000000001091, 2800.000228183452
7054.0408182144165, 3270.5000000186615, 341.0000237241893
7054.846659183502, 2349.995544223736, 2816.0105045767245
7055.7961165905, 2553.3389304944826, 151.99712318423138
7056.654815673828, 2553.3389304944826, 151.99712318423138
7057.181405305862, 1108.7163080447797, 1480.9989484240384
7057.786783218384, 2539.150972134828, 1700.4409736253997
7058.633516073227, 2539.150972134828, 1700.4409736253997
7059.045413017273, 1257.304874901155, 448.7659168533802
7059.924058675766, 1535.500000000005, 2873.9769101558422
7060.747852325439, 1535.500000000005, 2873.9769101558422
7061.739196777344, 1535.500000000005, 2873.9769101558422
7062.752495765686, 3300.8503632995894, 885.9927299296132
7064.024076461792, 1387.9898627785903, 2289.986966522599
7064.891752243042, 1387.9898627785903, 2289.986966522599
7065.840213060379, 1334.0071943188407, 761.1911439646609
7066.702903032303, 1334.0071943188407, 761.1911439646609
7067.3780925273895, 2271.007357107975, 374.56053183585414
7068.183934211731, 2271.007357107975, 374.56053183585414
7068.790309906006, 2739.086857030049, 374.4362396240935
7069.893354892731, 1692.533351417163, 2916.9907309781033
7070.696205377579, 1692.533351417163, 2916.9907309781033
7071.19686460495, 1692.533351417163, 2916.9907309781033
7071.708493232727, 1692.533351417163, 2916.9907309781033
7072.708813667297, 1692.533351417163, 2916.9907309781033
7073.531611204147, 1435.6506478260046, 844.3174838142628
7073.893640041351, 1435.6506478260046, 844.3174838142628
7075.155261039734, 1283.0098310228623, 1122.9898608346955
7075.930186510086, 537.4999999740834, 101.99510163731557
7076.707103967667, 537.4999999740834, 101.99510163731557
7077.629634141922, 3690.99999999989, 72.99971217457683
7077.9687242507935, 3690.99999999989, 72.99971217457683
7078.472375869751, 3690.99999999989, 72.99971217457683
7078.966053009033, 3690.99999999989, 72.99971217457683
7079.512589216232, 3187.500000000065, 2025.0000000009961
7079.855670452118, 3187.500000000065, 2025.0000000009961
7080.377272844315, 3187.500000000065, 2025.0000000009961
7081.259908914566, 143.99896778000985, -3554.7475398868432
7082.348992109299, 3039.5822582349815, 2660.0101653571314
7083.21666765213, 3039.5822582349815, 2660.0101653571314
7084.3187165260315, 3223.1626549067237, 2544.1917452992784
7085.426747560501, 1930.99228553202, 40.00983382960402
7086.1657683849335, 2545.764530476104, 1939.009240090838
7086.959642648697, 1387.9856192724778, 101.98221425602057
7088.1674082279205, 1391.9840744711807, 2458.013866050037
7089.04106760025, 1391.9840744711807, 2458.013866050037
7089.989525556564, 1391.9840744711807, 2458.013866050037
7090.970896959305, 1391.9840744711807, 2458.013866050037
7092.047014474869, 2271.0117268822673, 375.0094670787571
7092.83191204071, 2271.0117268822673, 375.0094670787571
7094.1573622226715, 875.0123019853658, 52.56870178859877
7094.910345315933, 2730.319460783955, 2522.0014165634075
7095.771039247513, 2730.319460783955, 2522.0014165634075
7096.905999422073, 2270.9928912751584, 63.0064103652218
7097.593158483505, 466.99919431923746, 2423.482631348341
7097.882384061813, 466.99919431923746, 2423.482631348341
7098.395010948181, 466.99919431923746, 2423.482631348341
7098.89367556572, 466.99919431923746, 2423.482631348341
7099.384361028671, 466.99919431923746, 2423.482631348341
7100.289937734604, 1391.1595425691617, 1200.678807960667
7101.695170879364, 874.0119548020967, 52.00953993300145
7102.24968624115, 26.49999999999997, 872.9908429716102
7103.1323227882385, 26.49999999999997, 872.9908429716102
7103.643951177597, 26.49999999999997, 872.9908429716102
7104.135634422302, 26.49999999999997, 872.9908429716102
7104.551520347595, 3657.848864213044, 2838.9999999974757
7105.250647783279, 2408.4618026496637, 374.00817322873047
7106.037539958954, 2408.4618026496637, 374.00817322873047
7106.569115638733, 2408.4618026496637, 374.00817322873047
7107.094708919525, 2408.4618026496637, 374.00817322873047
7107.518602371216, 2172.686339205354, 714.6062838320992
7108.563803195953, 3343.0061996677523, 2849.0105121424167
7109.708735466003, 1387.9902345600515, 763.9867077702094
7110.330071926117, 2031.9897127088782, 1093.9899546844267
7111.172813653946, 2031.9897127088782, 1093.9899546844267
7111.6884329319, 2031.9897127088782, 1093.9899546844267
7112.110302448273, 982.5, 2089.9999999992147
7112.399528503418, 982.5, 2089.9999999992147
7112.904176950455, 982.5, 2089.9999999992147
7113.616269350052, 1277.9855206962836, 2491.8216443514043
7113.950373888016, 1277.9855206962836, 2491.8216443514043
7114.431087255478, 1277.9855206962836, 2491.8216443514043
7114.973633527756, 1277.9855206962836, 2491.8216443514043
7115.425423383713, 1277.9855206962836, 2491.8216443514043
7116.074683666229, 500.23232208825493, 1997.999855936524
7116.36789894104, 500.23232208825493, 1997.999855936524
7117.088973760605, 3269.999999983826, 1163.0744570735899
7117.8160190582275, 3737.2656321913823, 1796.1427192183926
7118.54207444191, 2170.44500897311, 421.97521288122124
7119.386811971664, 2271.0086400234527, 1016.5774523518975
7120.278423786163, 1770.9950983985657, 170.99154485934397
7121.089252471924, 1770.9950983985657, 170.99154485934397
7121.613847732544, 1770.9950983985657, 170.99154485934397
7122.13046336174, 2412.253857824944, 375.00023867428337
7122.635111093521, 3923.009600177808, 682.9979357484546
7123.057978153229, 3644.999999993975, 210.00000545833234
7123.822929143906, 192.9901738590813, 1016.9912600243758
7124.572921037674, 2270.433530038553, 677.2037159991168
7124.912051916122, 2270.433530038553, 677.2037159991168
7125.94029712677, 3913.9945649857996, 367.06559882350314
7126.724197149277, 3913.9945649857996, 367.06559882350314
7127.727510690689, 3913.9945649857996, 367.06559882350314
7128.718854427338, 3913.9945649857996, 367.06559882350314
7129.738124370575, 3913.9945649857996, 367.06559882350314
7130.843164682388, 202.0012782567436, 62.00166337592588
7131.706851005554, 202.0012782567436, 62.00166337592588
7132.7081689834595, 202.0012782567436, 62.00166337592588
7133.21481180191, 202.0012782567436, 62.00166337592588
7133.993725776672, 1388.9966731820264, 102.01735578502594
7134.899299383163, 1388.9966731820264, 102.01735578502594
7137.332780838013, 2270.9935336975063, 2879.000000000009
7138.1735298633575, 2270.9935336975063, 2879.000000000009
7138.635293245316, 2270.9935336975063, 2879.000000000009
7139.186814546585, 3189.000000001395, 1796.0082492674194
7139.8819534778595, 2643.9882685286443, 285.00729748782106
7140.507279634476, 1889.0000000062782, 355.00273131350156
7141.292175769806, 3314.6189392562355, 598.8007795814456
7142.16783118248, 3277.1735965837283, 1057.011638488257
7142.517892599106, 3277.1735965837283, 1057.011638488257
7143.015559434891, 3277.1735965837283, 1057.011638488257
7143.506245136261, 3277.1735965837283, 1057.011638488257
7143.998925447464, 3277.1735965837283, 1057.011638488257
7144.494598150253, 3277.1735965837283, 1057.011638488257
7145.57669878006, 97.99999967982308, 1454.9992824598198
7145.958676815033, 97.99999967982308, 1454.9992824598198
7146.6837339401245, 1692.9514181135653, 1293.5
7147.424748659134, 3118.011450598796, 531.0288153361313
7148.196681261063, 3118.011450598796, 531.0288153361313
7148.6773936748505, 3118.011450598796, 531.0288153361313
7149.103254079819, 2136.3215530632756, 102.55904984889703
7149.811356306076, 3868.9909634104797, 939.9939913081951
7150.640139102936, 3868.9909634104797, 939.9939913081951
7151.262469291687, 2271.0148054290016, 1308.0320353716857
7152.0433785915375, 273.0002263507974, 1304.5000000001023
7152.801347255707, 1930.4267045881165, 1461.6048759197033
7153.560314655304, 1953.5768011904884, 2464.600195641179
7154.343216657639, 1578.9904150789084, 164.4443273005637
7155.199923276901, 1578.9904150789084, 164.4443273005637
7156.484483003616, 3843.9878504997364, 955.007958100335
7157.384072303772, 1770.9999556309942, 2120.9886035967074
7158.350483894348, 2013.2589901518381, 164.9977953455232
7159.198213100433, 2013.2589901518381, 164.9977953455232
7159.686903715134, 2013.2589901518381, 164.9977953455232
7160.206512212753, 2013.2589901518381, 164.9977953455232
7160.543608903885, 1527.8324458147895, 31.656618319153857
7161.157963037491, 2866.243626266155, 2735.007650523471
7162.024641990662, 1930.9896579536587, 40.947381142350665
7162.759672880173, 215.9746818040022, 52.44766669867803
7163.588453054428, 215.9746818040022, 52.44766669867803
7164.1060671806335, 215.9746818040022, 52.44766669867803
7164.615702152252, 215.9746818040022, 52.44766669867803
7165.338764429092, 410.985959421905, 363.00614364333813
7166.0807774066925, 3104.000000015495, 1614.2707603414117
7166.917535305023, 2271.014977562867, 374.55997023118283
7167.752300024033, 2271.014977562867, 374.55997023118283
7168.795505285263, 2271.014977562867, 374.55997023118283
7169.96138215065, 3559.9870183727394, 1769.0042611252115
7170.811106443405, 3559.9870183727394, 1769.0042611252115
7171.778515338898, 1770.561955518762, 2092.474739539019
7172.601312160492, 1770.561955518762, 2092.474739539019
7173.23760676384, 1286.007951345342, 1676.3549430309251
7174.1142592430115, 1286.007951345342, 1676.3549430309251
7174.574051856995, 1286.007951345342, 1676.3549430309251
7175.0886490345, 1286.007951345342, 1676.3549430309251
7176.042094945908, 1931.008782971872, 39.990952096166126
7176.8618993759155, 1931.008782971872, 39.990952096166126
7178.077642440796, 2400.728959111571, 872.0084474077136
7178.603234291077, 1442.0000000003365, 2694.4999823841417
7178.947313308716, 1442.0000000003365, 2694.4999823841417
7179.428025484085, 1442.0000000003365, 2694.4999823841417
7180.5510177612305, 1334.9908062585932, 110.9933193731539
7181.032727479935, 467.26747745891214, 1045.437391504223
7181.37082195282, 467.26747745891214, 1045.437391504223
7181.846547365189, 467.26747745891214, 1045.437391504223
7182.360170841217, 467.26747745891214, 1045.437391504223
7183.316609382629, 3118.0106430869873, 621.9926090678536
7184.136413812637, 3118.0106430869873, 621.9926090678536
7184.664998292923, 3118.0106430869873, 621.9926090678536
7185.195576429367, 3118.0106430869873, 621.9926090678536
7185.599494457245, 1187.999999991756, 52.565687938780385
7185.912655591965, 1187.999999991756, 52.565687938780385
7186.423288106918, 1187.999999991756, 52.565687938780385
7187.478461742401, 3844.989160983062, 236.5000003667151
7188.274329662323, 3844.989160983062, 236.5000003667151
7189.289610385895, 3844.989160983062, 236.5000003667151
7190.305887937546, 3844.989160983062, 236.5000003667151
7191.049895763397, 235.95820880902315, 2590.4346001077815
7191.40793633461, 235.95820880902315, 2590.4346001077815
7191.906599998474, 235.95820880902315, 2590.4346001077815
7192.405266046524, 235.95820880902315, 2590.4346001077815
7193.271943092346, 2270.0102496093696, 374.4313712936337
7194.049859523773, 2270.0102496093696, 374.4313712936337
7194.939476251602, 1939.4974123954555, 1840.0109229357413
7195.7702515125275, 3131.0059835904617, 2994.542698228309
7196.539191484451, 3131.0059835904617, 2994.542698228309
7197.386921405792, 3490.500000000033, 374.00743781583714
7198.356324672699, 1769.9766617331343, 2199.989623841384
7199.2000644207, 3261.229891061515, 602.0078253119981
7199.732638597488, 509.0005120896611, 167.00312829970494
7200.615273237228, 509.0005120896611, 167.00312829970494
7201.111942768097, 509.0005120896611, 167.00312829970494
7201.618586778641, 509.0005120896611, 167.00312829970494
7202.09530878067, 509.0005120896611, 167.00312829970494
7202.5720319747925, 3633.9999999859165, 1339.9985087599853
7203.505531549454, 1929.9942049436186, 40.98787871108366
7204.341293096542, 1929.9942049436186, 40.98787871108366
7205.312690734863, 1929.9942049436186, 40.98787871108366
7206.092613697052, 609.9907790271222, 662.9792563042382
7206.59127831459, 2057.7125495600626, 2154.2888971695256
7207.180699110031, 3589.000000290997, 1629.9889934611697
7207.546720504761, 3589.000000290997, 1629.9889934611697
7208.036407232285, 3589.000000290997, 1629.9889934611697
7208.562996864319, 3589.000000290997, 1629.9889934611697
7209.626149177551, 865.0119347484977, 2377.000605062609
7210.436976671219, 2271.0130416294423, 374.01220417163216
7211.198936223984, 2271.0130416294423, 374.01220417163216
7211.693610668182, 2271.0130416294423, 374.01220417163216
7212.274056196213, 2351.0101633878962, 326.4999999999994
7213.147716999054, 2351.0101633878962, 326.4999999999994
7213.668321609497, 2351.0101633878962, 326.4999999999994
7214.195908546448, 2270.565929174988, 2611.61013417958
7214.809265136719, 2270.9934125530904, 805.4999999999155
7215.665970563889, 2270.9934125530904, 805.4999999999155
7216.196548938751, 3555.999999979136, -3555.734317403521
7216.703192472458, 2031.9885979933233, 1455.0103623781188
7217.719470500946, 982.5000000000066, 775.9978555335961
7218.739737272263, 2611.0008315219525, 374.00735263588854
7219.632347106934, 3342.437831082031, 661.2241702537004
7220.258669137955, 1273.7991962866631, -461.4031218783915
7221.185186624527, 3344.9902186127797, 1403.6648264837386
7222.215427398682, 1272.0101712085172, 335.99910670677315
7223.5997195243835, 3915.0067769780285, 609.9901754555198
7224.436478614807, 3915.0067769780285, 609.9901754555198
7225.3959085941315, 1161.7428194175538, 479.00853797907973
7226.241642475128, 1161.7428194175538, 479.00853797907973
7227.265900373459, 1161.7428194175538, 479.00853797907973
7228.361963510513, 1512.9216656924048, 274.0111466987553
7229.270530223846, 1512.9216656924048, 274.0111466987553
7230.091331243515, 1865.5000000129687, 60.917373844574996
7230.666790485382, 79.99939946787991, 1853.0008074429359
7231.4317417144775, 2852.9920803287864, 2922.437273265188
7232.286451101303, 2852.9920803287864, 2922.437273265188
7233.281785488129, 2852.9920803287864, 2922.437273265188
7234.308035850525, 2852.9920803287864, 2922.437273265188
7235.319326877594, 2852.9920803287864, 2922.437273265188
7236.278757810593, 2852.9920803287864, 2922.437273265188
7237.3139843940735, 2852.9920803287864, 2922.437273265188
7238.275409221649, 2852.9920803287864, 2922.437273265188
7239.297671079636, 2852.9920803287864, 2922.437273265188
7240.286034584045, 2852.9920803287864, 2922.437273265188
7241.300318241119, 2852.9920803287864, 2922.437273265188
7242.580887794495, 1931.0030704865808, 40.56187358570245
7243.24111866951, -43512.786288903495, 374.5485503923331
7244.053942203522, -43512.786288903495, 374.5485503923331
7244.540638208389, -43512.786288903495, 374.5485503923331
7245.195906162262, 2525.627081238331, 1574.9888132307296
7245.553924798965, 2525.627081238331, 1574.9888132307296
7246.03663110733, 1994.763851334488, 836.8890720646029
7246.385696411133, 1994.763851334488, 836.8890720646029
7246.8883497715, 1994.763851334488, 836.8890720646029
7247.379035711288, 1994.763851334488, 836.8890720646029
7247.892659187317, 1994.763851334488, 836.8890720646029
7248.83114528656, 3345.0048585330883, 2040.6669752167045
7249.506337881088, 2218.042067812664, 1854.2476669536868
7249.856399536133, 2218.042067812664, 1854.2476669536868
7250.360049962997, 2218.042067812664, 1854.2476669536868
7250.862704277039, 2218.042067812664, 1854.2476669536868
7251.36635518074, 2218.042067812664, 1854.2476669536868
7251.851057291031, 2218.042067812664, 1854.2476669536868
7252.863345384598, 2270.9958435965104, 373.9895512136758
7253.662205457687, 2013.9342622558268, -11991.161760480894
7254.163861513138, 2270.5623021670754, 478.22184763930824
7254.8769516944885, 2811.441726481806, 490.4367143058038
7255.692766666412, 2811.441726481806, 490.4367143058038
7256.19043302536, 2811.441726481806, 490.4367143058038
7256.727993011475, 3115.500000000036, 1358.0108690429527
7257.925784826279, 3341.9874276349483, 2225.77860456417
7258.731626749039, 2001.510237030162, 2216.999933506964
7259.679088354111, 2852.454467499316, 2956.5000000075183
7260.08998799324, 554.5394117127017, 223.9912719668905
7261.02149271965, 3215.9805341194674, 1056.5979701963017
7261.920085430145, 248.99476862802322, 740.9874085741549
7262.846603631973, 2270.4027075165695, 375.00282610258137
7263.690344572067, 2270.4027075165695, 375.00282610258137
7264.221919775009, 2270.4027075165695, 375.00282610258137
7264.7036299705505, 2270.4027075165695, 375.00282610258137
7265.005820035934, 3262.499999999978, 1539.27326592211
7265.792713165283, 1906.9809284966318, 56.9992194291054
7266.630468130112, 1906.9809284966318, 56.9992194291054
7267.083256006241, 978.4398621687794, 1862.9247339949372
7267.921012163162, 1930.5627336289515, 2524.9865055376317
7268.759765148163, 2386.4280738817697, 2848.562057978721
7269.981492757797, 2024.0112788558163, 194.00901887421523
7270.634743213654, 470.4998204861525, 1200.4999999999923
7271.3588037490845, 1445.5441230990025, 102.0081938036125
7272.489774465561, 1389.0105959751784, 101.98980326456538
7273.046283245087, 1314.4999999992756, 2856.0733695593112
7273.385375261307, 1314.4999999992756, 2856.0733695593112
7273.9179491996765, 1314.4999999992756, 2856.0733695593112
7274.638020038605, 922.9999999938774, -67.44199662626752
7275.137681484222, 3387.499968330676, 5110.543264629163
7275.468822717667, 3387.499968330676, 5110.543264629163
7275.963497638702, 3387.499968330676, 5110.543264629163
7276.869071483612, 3130.4364228481395, 17030.009610073674
7277.750710010529, 1212.9669148892767, 1685.0449074928836
7278.586471557617, 1212.9669148892767, 1685.0449074928836
7279.078154325485, 1212.9669148892767, 1685.0449074928836
7279.52196598053, 444.000000012138, 676.9974868903857
7280.138314247131, 2437.9919931437303, 2954.9999999817023
7280.700808286667, 2226.009798663579, 1270.9999999943877
7281.363036155701, 32.45979655467215, 872.9864506849002
7282.342410802841, 1129.3807931613712, 2858.0123771939825
7283.175180196762, 1129.3807931613712, 2858.0123771939825
7283.711743116379, -3100.300847776715, 1639.1432777526074
7284.177496910095, 612.3468081476751, -2834.531296680676
7284.531547546387, 612.3468081476751, -2834.531296680676
7285.019241333008, 612.3468081476751, -2834.531296680676
7285.59271645546, 3569.000000000006, 979.500000000068
7285.963722229004, 3569.000000000006, 979.500000000068
7286.469368934631, 3569.000000000006, 979.500000000068
7287.2692258358, 1389.0142065225823, 1115.9972970960375
7288.128922700882, 1389.0142065225823, 1115.9972970960375
7289.060427904129, 2644.9878526017874, 42.00680807493627
7289.89718747139, 2644.9878526017874, 42.00680807493627
7290.875566959381, 2644.9878526017874, 42.00680807493627
7291.85095334053, 2644.9878526017874, 42.00680807493627
7292.868229150772, 2644.9878526017874, 42.00680807493627
7293.826661109924, 2644.9878526017874, 42.00680807493627
7294.918737649918, 2269.9905338335248, 65.98072987940033
7296.022778749466, 1930.0101570968245, 1223.999372837469
7296.882476806641, 1930.0101570968245, 1223.999372837469
7297.850882291794, 1930.0101570968245, 1223.999372837469
7298.56796169281, 1788.669765282626, 1558.439382052671
7299.723864555359, 1929.9856032522923, 39.98866161047061
7301.085218191147, 1929.9856032522923, 39.98866161047061
7302.084541559219, 1929.9856032522923, 39.98866161047061
7303.069902181625, 1929.9856032522923, 39.98866161047061
7303.900677204132, 3141.221976947059, 124.5842473564774
7304.735440731049, 3141.221976947059, 124.5842473564774
7305.603116512299, 7803.428785906046, 1593.721314965912
7306.320196151733, 2994.000071722804, 1571.9495734829022
7307.20682144165, 1512.6439254979161, 2309.008699585766
7307.573837995529, 1512.6439254979161, 2309.008699585766
7308.068512916565, 1512.6439254979161, 2309.008699585766
7308.845432519913, 1772.344245465515, 1594.0084170749242
7309.683188915253, 1772.344245465515, 1594.0084170749242
7310.125004291534, 2270.499999999998, 1561.0966789705674
7310.455120801926, 2270.499999999998, 1561.0966789705674
7310.983704805374, 2270.499999999998, 1561.0966789705674
7311.593071937561, 2256.5326546849737, 601.9969892223525
7311.938147306442, 2256.5326546849737, 601.9969892223525
7312.427835941315, 2256.5326546849737, 601.9969892223525
7313.41818356514, 3777.01049015796, 2712.5596791236417
7314.3746342659, 3777.01049015796, 2712.5596791236417
7315.319092035294, 3777.01049015796, 2712.5596791236417
7316.283508777618, 3777.01049015796, 2712.5596791236417
7317.669794797897, 2644.992177381965, 373.99072398385783
7318.419786930084, 2644.992177381965, 373.99072398385783
7319.386198043823, 2644.992177381965, 373.99072398385783
7320.406465291977, 2644.992177381965, 373.99072398385783
7321.164434671402, 3549.988594460696, 2011.709055286718
7321.773802280426, 331.99464467864027, 1161.6196323169086
7322.586624860764, 331.99464467864027, 1161.6196323169086
7323.1391451358795, 2078.5622536360142, 648.2042510331988
7323.719590425491, 2078.834022350143, 40.44525226342056
7324.093588590622, 2078.834022350143, 40.44525226342056
7324.832609415054, 3095.9850259277227, 815.000000000011
7325.953606843948, 1132.818228501152, 111.0021145642677
7326.750472068787, 1942.5544347467837, 2995.0031971505323
7327.836562871933, 2270.7131905205533, 575.0771105570623
7328.687968254089, 2270.7131905205533, 575.0771105570623
7329.455911874771, 3266.9999643052533, 101.98722419096407
7330.31161904335, 3266.9999643052533, 101.98722419096407
7331.248167037964, 3266.9999643052533, 101.98722419096407
7332.466902971268, 3370.0070929262747, 1895.3053102598112
7333.281720399857, 2882.263503091505, 2028.0112175408499
7334.148398160934, 2882.263503091505, 2028.0112175408499
7334.649057865143, 1369.9892761566553, 1347.4999999999948
7335.281364202499, 552.5000000009663, 1718.570320239587
7336.704551696777, 1930.0111056341602, 336.01273561581746
7337.479476213455, 2270.006753740634, 781.9922907435412
7338.295290708542, 2270.006753740634, 781.9922907435412
7339.696537494659, 1929.991691040493, 39.99668537855834
7340.376715421677, 2247.633325605295, 478.56429831005426
7341.032957792282, 2127.6929924715223, 120.99999955894853
7342.064195632935, 2362.0131563273762, 1586.9992084347693
7342.960793972015, 2362.0131563273762, 1586.9992084347693
7343.9491465091705, 1930.739237740786, 2376.5655662662703
7344.971409320831, 991.0112064773082, 1767.9907476696671
7345.730375528336, 417.50000002238926, 374.0654659553511
7346.476376771927, 3867.9919552465262, 2847.987935902754
7347.3610072135925, 3867.9919552465262, 2847.987935902754
7348.346368074417, 3867.9919552465262, 2847.987935902754
7349.612977027893, 3988.0033945681507, 40.43214543410816
7350.432779788971, 3988.0033945681507, 40.43214543410816
7351.090019226074, 3211.069662505414, 1266.656198244146
7351.406172037125, 3211.069662505414, 1266.656198244146
7352.346653461456, 3106.979428324625, 1980.9886946977113
7353.116591215134, 3106.979428324625, 1980.9886946977113
7353.647169351578, 3106.979428324625, 1980.9886946977113
7354.143839359283, 3106.979428324625, 1980.9886946977113
7354.634525060654, 3106.979428324625, 1980.9886946977113
7355.386510848999, 1545.744339770367, 490.98914096187224
7356.079653978348, 1926.7744682057755, 659.948056730893
7357.088950872421, 1032.990992737053, 2158.0094754176102
7357.886838912964, 874.0157119983419, 852.0010272095338
7359.038753032684, 1784.2015153864522, 39.99272781463122
7359.589277982712, 3499.2523333656263, 887.8708280692864
7359.919394731522, 3499.2523333656263, 887.8708280692864
7360.785076379776, 3595.051368510815, 576.9321887429185
7361.633803606033, 1991.760721238093, 2833.997647938462
7361.974889039993, 1991.760721238093, 2833.997647938462
7362.474550008774, 1991.760721238093, 2833.997647938462
7363.230525493622, 2574.231962306778, 887.4036443205775
7363.882779121399, 1589.9905383290736, 776.9872165327814
7364.837221622467, 3238.992306148185, 2530.9889433567264
7365.668994188309, 3238.992306148185, 2530.9889433567264
7366.1716475486755, 3238.992306148185, 2530.9889433567264
7366.680284976959, 3238.992306148185, 2530.9889433567264
7367.177951335907, 3238.992306148185, 2530.9889433567264
7367.709527730942, 3238.992306148185, 2530.9889433567264
7368.442564249039, 2111.5443911956386, 256.99948271567735
7369.217488765717, 2111.5443911956386, 256.99948271567735
7369.942546606064, 564.4999996889283, 102.01225285400118
7370.779304981232, 564.4999996889283, 102.01225285400118
7371.777631044388, 564.4999996889283, 102.01225285400118
7372.62037396431, 144.53724548134443, 2987.790438167353
7373.216776132584, 2270.9884911415134, 1252.0000000028645
7373.803205251694, 244.99848144056347, 457.00000001529565
7374.675867795944, 244.99848144056347, 457.00000001529565
7375.36202955246, 2350.010435195098, 5399.15701904941
7376.306501150131, 1432.6151784612998, 89.49374748453704
7377.258948326111, 3130.4395666701353, 531.996748727166
7378.240319490433, 2852.0003953436617, 2822.611424553026
7379.079073190689, 2852.0003953436617, 2822.611424553026
7379.913836956024, 2947.010843656355, 477.8523574446054
7380.934104204178, 3763.989468017657, 1417.009936702101
7381.761886835098, 2883.019177482135, 3631.7885075459003
7382.607621431351, 2883.019177482135, 3631.7885075459003
7383.1362063884735, 2883.019177482135, 3631.7885075459003
7383.976953983307, 2139.2345946297883, 52.009318901610364
7385.085983037949, 2032.9880085670893, 490.0072487308044
7386.013498783112, 3118.008334142416, 321.00002704198926
7386.671735048294, 3342.0097175135857, 399.4655460381478
7387.372857570648, 2201.2650630628723, 489.9919161009275
7388.2056267261505, 2201.2650630628723, 489.9919161009275
7388.721246480942, 2201.2650630628723, 489.9919161009275
7389.2817442417145, 2511.79605298851, 1339.9890567568957
7390.073624134064, 1100.4837400497386, 551.3871434571014
7390.862510204315, 2269.9875899250765, 738.349430648178
7391.736170053482, 2269.9875899250765, 738.349430648178
7392.771399736404, 2269.9875899250765, 738.349430648178
7393.741798400879, 2269.9875899250765, 738.349430648178
7395.009441614151, 1389.0096724207688, 101.98835640473249
7395.797331094742, 1389.0096724207688, 101.98835640473249
7396.840536832809, 1389.0096724207688, 101.98835640473249
7397.775033950806, 2249.603200954269, 30.995334543859634
7398.61677980423, 2249.603200954269, 30.995334543859634
7399.140377521515, 2270.56284665474, 369.99999998702094
7399.5073935985565, 2270.56284665474, 369.99999998702094
7399.990100860596, 2270.56284665474, 369.99999998702094
7400.494748830795, 2270.56284665474, 369.99999998702094
7401.122081518173, 3261.5000001012395, 2294.003698539252
7402.072522640228, 1930.4337308381089, 41.00914964889556
7402.841463088989, 2644.992822372915, 41.9998975239587
7403.576495409012, 83.36129085410013, 258.9756163118661
7403.922566652298, 83.36129085410013, 258.9756163118661
7404.928902626038, 2270.993345412684, 1530.4862211402194
7405.65392947197, 310.7759765799932, 1606.5691288536975
7406.039897441864, 310.7759765799932, 1606.5691288536975
7406.510635375977, 310.7759765799932, 1606.5691288536975
7407.346396684647, 3110.624548303066, 1769.0139796747715
7408.177171230316, 3110.624548303066, 1769.0139796747715
7408.742655754089, 3110.624548303066, 1769.0139796747715
7409.217384815216, 3110.624548303066, 1769.0139796747715
7409.709067583084, 3110.624548303066, 1769.0139796747715
7410.131935834885, 982.9998464159552, 2351.0000000013615
7410.744294643402, 2882.013319187494, 1427.2053781819477
7411.116299152374, 2882.013319187494, 1427.2053781819477
7411.715692996979, 1275.6098330367408, 109.99099359381056
7412.777848243713, 3119.004466830621, 343.25655433806014
7413.974642276764, 2270.9976458498177, 375.01988093315043
7414.803421974182, 2270.9976458498177, 375.01988093315043
7415.822691679001, 2270.9976458498177, 375.01988093315043
7416.82700252533, 2270.9976458498177, 375.01988093315043
7417.892148017883, 2270.9976458498177, 375.01988093315043
7418.833626747131, 1852.9355905392085, 362.99055301743664
7419.615535020828, 1852.9355905392085, 362.99055301743664
7420.278755664825, 1157.4831392029232, 2039.5168687709445
7421.298025608063, 201.98964964697748, 283.8951477380953
7422.165702342987, 201.98964964697748, 283.8951477380953
7422.742158174515, 2336.2006684418416, 873.0115700801798
7423.41535449028, 3118.999787139767, 1808.628016983457
7424.271061658859, 3118.999787139767, 1808.628016983457
7425.248444318771, 3118.999787139767, 1808.628016983457
7425.7630660533905, 3118.999787139767, 1808.628016983457
7426.763386487961, 3118.999787139767, 1808.628016983457
7427.760714530945, 3118.999787139767, 1808.628016983457
7428.913626194, 902.2915464988996, 1056.9865056019867
7429.769334316254, 902.2915464988996, 1056.9865056019867
7430.584153652191, 1535.999999999634, 2345.000000002277
7431.247375249863, 3175.1693427162954, 618.2065954878802
7431.610431909561, 3175.1693427162954, 618.2065954878802
7432.175892591476, 1584.7886390182834, 478.0129834187332
7432.533935308456, 1584.7886390182834, 478.0129834187332
7433.1442992687225, 3400.2253192974604, 2531.998043475409
7433.506329059601, 3400.2253192974604, 2531.998043475409
7434.299205303192, 2639.7965148367543, 375.01224325603073
7435.377317667007, 706.0865149475453, 2458.008339912168
7436.160220146179, 706.0865149475453, 2458.008339912168
7436.731690168381, 2769.609415434302, 373.98737945082917
7437.073773145676, 2769.609415434302, 373.98737945082917
7437.938457965851, 1992.499999999128, 1769.0053997255086
7438.552812576294, 3597.002973493221, 1288.9982031607303
7438.918832063675, 3597.002973493221, 1288.9982031607303
7439.959045648575, 874.0073335862717, 2157.986716119371
7440.758903741837, 1389.0135700650019, 1951.9999991472714
7441.851008892059, 424.5496427636382, 2590.9912346963883
7442.726664543152, 424.5496427636382, 2590.9912346963883
7443.772861242294, 1931.0074469577503, 1529.0086867749335
7445.06440114975, 1931.0074469577503, 1529.0086867749335
7446.152487516403, 1930.9911432827967, 164.9873528078332
7446.729939937592, 1001.8471310097067, 1330.2495732441141
7447.595621347427, 3764.0094202503738, 374.9971619418114
7448.701658964157, 1930.9933329420935, 39.99341642883631
7449.621197223663, 694.5768853790942, 477.9905366528372
7450.443992137909, 694.5768853790942, 477.9905366528372
7451.122174978256, 2547.9442195889465, 1027.8489512639794
7451.435336589813, 2547.9442195889465, 1027.8489512639794
7452.173359870911, 3404.9928211238275, 2819.926843718073
7452.510457277298, 3404.9928211238275, 2819.926843718073
7453.222549438477, 3092.9921194618328, 1769.454421346873
7453.576600551605, 3092.9921194618328, 1769.454421346873
7454.438293218613, 2438.0102037844435, 1874.000000000981
7455.593199253082, 2920.580167292637, 40.01126073510811
7456.5705807209015, 1388.0080005377924, -432.732996037937
7457.070244550705, 981.4999999997917, 1187.0000000021041
7457.4123277664185, 981.4999999997917, 1187.0000000021041
7458.382727146149, 1881.0000813142328, 440.0122169045672
7459.293288230896, 1881.0000813142328, 440.0122169045672
7460.281640529633, 1937.4999999999936, 2549.277347525219
7461.126378297806, 1937.4999999999936, 2549.277347525219
7461.643992185593, 1937.4999999999936, 2549.277347525219
7462.1516325473785, 1937.4999999999936, 2549.277347525219
7462.943510770798, 1083.5483639647332, 1794.1245871183019
7463.56883597374, 3255.646780229733, 1834.2341594245058
7463.91990852356, 3255.646780229733, 1834.2341594245058
7464.426551580429, 3255.646780229733, 1834.2341594245058
7464.939178228378, 3255.646780229733, 1834.2341594245058
7465.426871538162, 3255.646780229733, 1834.2341594245058
7465.921547412872, 3255.646780229733, 1834.2341594245058
7466.92986536026, 1929.9918775396125, 1226.9245776161827
7467.755634307861, 1929.9918775396125, 1226.9245776161827
7468.907548189163, 1481.9882897095029, 1418.5953114585768
7469.841048240662, 2270.5673187041307, 374.5367378579213
7470.679801940918, 2270.5673187041307, 374.5367378579213
7471.190433740616, 2270.5673187041307, 374.5367378579213
7471.731982946396, 2270.5673187041307, 374.5367378579213
7472.219677448273, 2270.5673187041307, 374.5367378579213
7472.678448200226, 2270.5673187041307, 374.5367378579213
7473.705696582794, 1930.008840102103, 39.99599532927217
7474.565393209457, 1930.008840102103, 39.99599532927217
7475.575687170029, 1930.008840102103, 39.99599532927217
7476.416435241699, 2326.549933076382, 2816.185178907409
7477.210308790207, 2326.549933076382, 2816.185178907409
7477.731911420822, 2326.549933076382, 2816.185178907409
7478.330309152603, 961.0238102655809, 2141.5000005621023
7479.1102204322815, 2360.2235153132888, 1083.9997958782094
7479.6457850933075, 3597.9999993842616, 2443.526766356038
7479.998839378357, 3597.9999993842616, 2443.526766356038
7480.496506690979, 3597.9999993842616, 2443.526766356038
7481.0051445961, 3597.9999993842616, 2443.526766356038
7481.4888484478, 3597.9999993842616, 2443.526766356038
7482.005465745926, 3597.9999993842616, 2443.526766356038
7482.4911642074585, 3597.9999993842616, 2443.526766356038
7482.990825891495, 3597.9999993842616, 2443.526766356038
7483.570273637772, 3597.9999993842616, 2443.526766356038
7484.097859859467, 2025.4402678061633, 830.7541692591147
7484.453907012939, 2025.4402678061633, 830.7541692591147
7485.318589925766, 2212.8958654934863, 2458.994010499668
7486.533336400986, 1553.010498405533, 885.3476381015298
7487.777005910873, 875.0128068517944, 52.00644445429883
7488.890023946762, 694.9912496187475, 478.99028500449384
7489.723790645599, 694.9912496187475, 478.99028500449384
7490.221457719803, 1327.99999997766, 2683.009634311435
7490.606427431107, 1327.99999997766, 2683.009634311435
7491.069187164307, 1327.99999997766, 2683.009634311435
7491.783273696899, 3517.0131127157983, 1871.9097905829558
7492.641974449158, 3517.0131127157983, 1871.9097905829558
7493.352071523666, 1356.2212527594922, 2290.0079174868756
7494.193818807602, 1356.2212527594922, 2290.0079174868756
7494.668545722961, 1356.2212527594922, 2290.0079174868756
7495.256969451904, 2270.988383700273, 2148.934543345831
7496.092732191086, 2270.988383700273, 2148.934543345831
7496.590398311615, 2270.988383700273, 2148.934543345831
7497.054155111313, 2270.988383700273, 2148.934543345831
7497.568777799606, 2270.988383700273, 2148.934543345831
7498.265909671783, 3243.1494151580728, 1201.5505712493416
7498.796489477158, 3105.0000000079876, 1229.0122678688758
7499.645215034485, 3105.0000000079876, 1229.0122678688758
7500.30046081543, 2747.9922635172925, 2482.3140774991016
7501.417467594147, 1501.870881778743, 283.99910643229146
7502.278162240982, 2032.9942297146374, 1283.5630870961843
7503.107939958572, 2032.9942297146374, 1283.5630870961843
7503.779141426086, 3555.9955606539575, 58.99965944552589
7504.5710208415985, 3555.9955606539575, 58.99965944552589
7505.303060293198, 1799.9849186010158, 1317.0995930251572
7506.04906129837, 2241.4999999997726, 532.9999897251581
7506.402115821838, 2241.4999999997726, 532.9999897251581
7506.926710605621, 2241.4999999997726, 532.9999897251581
7507.407423257828, 2241.4999999997726, 532.9999897251581
7508.244181632996, 2270.5652508707108, 375.01172871716415
7508.610201835632, 2270.5652508707108, 375.01172871716415
7509.089916944504, 2270.5652508707108, 375.01172871716415
7509.677343130112, 3535.4999999677266, 265.9983208919032
7509.9915018081665, 3535.4999999677266, 265.9983208919032
7510.708580970764, 1976.7382223503005, 491.0098826759953
7511.057645559311, 1976.7382223503005, 491.0098826759953
7511.559302330017, 1976.7382223503005, 491.0098826759953
7512.260424613953, 2989.008223258429, 374.4999999999999
7513.21187543869, 1445.0000000009402, 2526.5776310972324
7513.78733420372, 1352.988823648596, 274.5639994689321
7514.636061668396, 1352.988823648596, 274.5639994689321
7515.152677059174, 1352.988823648596, 274.5639994689321
7515.608455657959, 1352.988823648596, 274.5639994689321
7516.335509777069, 3805.0674294337014, 40.00692287477221
7517.169275522232, 3805.0674294337014, 40.00692287477221
7517.927244901657, 2270.9894950048765, 2227.009010949752
7518.760014533997, 2270.9894950048765, 2227.009010949752
7519.940850973129, 3775.008801499954, 1988.4999999934203
7520.533264398575, 503.0004585308598, 344.99999631829434
7521.309186220169, 2270.5698146429104, 2120.0041042091248
7522.266622543335, 2643.9896049869244, 2692.9264218437756
7523.610022783279, 1929.9849718695186, 40.45428941423959
7524.46772646904, 1929.9849718695186, 40.45428941423959
7525.49098443985, 1929.9849718695186, 40.45428941423959
7526.50327372551, 1929.9849718695186, 40.45428941423959
7527.463700771332, 1929.9849718695186, 40.45428941423959
7528.2136924266815, 1032.4999965085146, 2970.3014147347862
7528.551786184311, 1032.4999965085146, 2970.3014147347862
7529.272855043411, 2269.9973954063844, 1293.3793701057682
7530.097645282745, 2269.9973954063844, 1293.3793701057682
7530.958340883255, 3266.4458793465387, 374.4354461665295
7531.597628355026, -1770.7284792522644, 1628.0462381409427
7532.221955060959, 1126.539876377015, 85.98988310571042
7532.5790004730225, 1126.539876377015, 85.98988310571042
7533.092622995377, 1126.539876377015, 85.98988310571042
7533.918411970139, 3081.4206605213517, 2273.987438877981
7534.759159088135, 3081.4206605213517, 2273.987438877981
7535.766460418701, 3081.4206605213517, 2273.987438877981
7536.767779588699, 2988.005495650127, 413.9999999999931
7537.897752523422, 1511.1227952053466, 102.99258771212136
7538.754457235336, 1511.1227952053466, 102.99258771212136
7539.762757062912, 1511.1227952053466, 102.99258771212136
7540.608491420746, 3504.4999999991924, 1584.4999999967608
7540.964537143707, 3504.4999999991924, 1584.4999999967608
7542.009738445282, 2867.986861002448, 1796.435635321122
7543.157663345337, 3342.0201845731685, 2395.999999996005
7543.853799581528, 3486.334786506986, 613.0011679167637
7544.67958688736, 3486.334786506986, 613.0011679167637
7545.077520370483, 2357.2658790746495, 1695.0477575868451
7545.913281917572, 3343.0087122018044, 938.9881868520785
7546.741065979004, 3343.0087122018044, 938.9881868520785
7547.257680892944, 3343.0087122018044, 938.9881868520785
7547.931875944138, 2437.9798593266223, -1546.514533205186
7548.593103885651, 3296.4999999999973, 638.9999925065059
7548.945160627365, 3296.4999999999973, 638.9999925065059
7549.473744869232, 3296.4999999999973, 638.9999925065059
7550.237698316574, 3317.906510241858, 31430.68653148921
7550.502988815308, 3317.906510241858, 31430.68653148921
7551.398588895798, 2411.441303228933, 2993.992562140209
7552.195454597473, 2411.441303228933, 2993.992562140209
7552.644252300262, 2411.441303228933, 2993.992562140209
7553.314456939697, 1144.992017049699, 2044.6133954490842
7554.251945734024, 3302.2924229833875, 1056.441282645916
7554.966032981873, 2271.001274808706, 375.01222091702164
7555.845677137375, 317.50001661414456, 1388.845863935514
7556.778178930283, 298.99999850046464, 196.79424779246747
7557.6488468647, 298.99999850046464, 196.79424779246747
7558.132551908493, 298.99999850046464, 196.79424779246747
7558.617253065109, 298.99999850046464, 196.79424779246747
7559.125890493393, 298.99999850046464, 196.79424779246747
7559.648490667343, 298.99999850046464, 196.79424779246747
7560.145159959793, 298.99999850046464, 196.79424779246747
7560.710646152496, 2170.011216093879, 165.99999852354787
7561.040761470795, 2170.011216093879, 165.99999852354787
7561.84859752655, 2269.9882346100376, 2065.9879439593765
7562.694331884384, 2269.9882346100376, 2065.9879439593765
7563.2478494644165, 2644.9881230019623, 1916.8531749790964
7563.857217311859, 2270.566498804767, 103.56691484895099
7564.706941604614, 2270.566498804767, 103.56691484895099
7565.194640636444, 2270.566498804767, 103.56691484895099
7566.027405738831, 2169.040932053856, 2562.0067172507297
7566.8841099739075, 3447.469534568793, 373.9990974039774
7567.746798992157, 3447.469534568793, 373.9990974039774
7568.46288061142, 2590.0234877512407, 110.98913244482789
7569.241794586182, 2228.501959651966, 40.55610922502236
7569.762400627136, 267.9998487561159, 252.0071913182099
7570.6201021671295, 267.9998487561159, 252.0071913182099
7571.23046708107, 2073.9999999973256, 2482.994743023924
7571.571554899216, 2073.9999999973256, 2482.994743023924
7572.518018245697, 2271.0120310649136, 374.01139624042906
7573.077519893646, 604.0000000022842, 148.99999847771568
7573.421598434448, 604.0000000022842, 148.99999847771568
7574.302239894867, 3522.000000000244, -3299.84794898379
7575.076167345047, 1631.4162031373426, 2662.2397775773184
7575.437199115753, 1631.4162031373426, 2662.2397775773184
7575.93785905838, 1631.4162031373426, 2662.2397775773184
7576.443503856659, 1631.4162031373426, 2662.2397775773184
7577.433851242065, 1334.451088773473, 110.01232633911093
7578.499995231628, 2722.219600192476, 41.03858654235201
7579.431499958038, 2270.437442381853, 145.999937666521
7580.287209033966, 2270.437442381853, 145.999937666521
7581.59171462059, 1388.9923469464736, 103.01161356168845
7582.435454368591, 1388.9923469464736, 103.01161356168845
7583.435775279999, 2748.0081738856866, 1649.0493437909977
7584.276522874832, 2748.0081738856866, 1649.0493437909977
7585.326709747314, 2748.0081738856866, 1649.0493437909977
7586.208347797394, 3941.9862519729, 2288.9509398108207
7586.707011938095, 1387.9995982929747, -2426.295703182618
7587.038125753403, 1387.9995982929747, -2426.295703182618
7587.687386274338, 3868.009032665767, 2174.675442801678
7588.354599475861, 1388.0103362113673, 103.00656652889408
7589.6152222156525, 1929.9896892865372, 41.010507031829604
7590.407101154327, 3130.438912659777, 1056.5656705675128
7591.205961227417, 3130.438912659777, 1056.5656705675128
7591.953957557678, 2270.986688458572, 1027.6962804686013
7592.631143569946, 3728.8995895390435, 153.82069616050202
7593.612514734268, 1930.9878609717643, 41.00675415190926
7594.358516454697, 1930.9878609717643, 41.00675415190926
7595.249131679535, 2380.0866673698597, 374.9820095891873
7595.816611528397, 174.0118842276497, 462.01425305070165
7596.722185611725, 1655.0844292048118, 207.04123320255405
7597.108155012131, 1388.565951833295, 1250.000174051158
7597.873102903366, 3299.0144690167376, 1343.5080930750707
7599.0639128685, 2033.001838224842, 490.9847177030628
7599.762043714523, 2270.5595167380093, 373.9882134856414
7600.624759435654, 2270.5595167380093, 373.9882134856414
7601.266041994095, 2432.7768906660835, 478.0116744127473
7602.596479654312, 2644.011500047752, 284.992399545169
7603.078216791153, 1548.0000000002185, 1111.5000000000541
7603.975784540176, 2270.4385313317134, 373.99222159976256
7604.797583818436, 2270.4385313317134, 373.99222159976256
7606.010336399078, 384.99579175770543, 1058.0113109986196
7606.854106903076, 384.99579175770543, 1058.0113109986196
7607.84744644165, 384.99579175770543, 1058.0113109986196
7608.862754821777, 384.99579175770543, 1058.0113109986196
7609.912914514542, 384.99579175770543, 1058.0113109986196
7610.892290353775, 1272.0080431592046, 2817.940288801787
7611.917545557022, 2290.9757603560547, 2536.9956928779993
7612.761283636093, 2290.9757603560547, 2536.9956928779993
7613.7366733551025, 2320.4149937938105, 1217.0067107862424
7614.551489114761, 2320.4149937938105, 1217.0067107862424
7615.715371370316, 2269.991566021752, 374.0122085339403
7616.43045592308, 2269.991566021752, 374.0122085339403
7617.4467623233795, 2882.009711162354, 2915.977301703623
7618.317401885986, 2882.009711162354, 2915.977301703623
7619.4433851242065, 2474.469182534482, 40.99195178922495
7620.412789821625, 3130.9930892094035, 1056.0095708087447
7621.419093608856, 2031.9919289954776, 292.9992065126086
7622.227927446365, 2116.9161392826604, 786.4848292393912
7622.567018270493, 2116.9161392826604, 786.4848292393912
7623.056706666946, 2116.9161392826604, 786.4848292393912
7623.576315164566, 2116.9161392826604, 786.4848292393912
7624.376172542572, 1388.5607784530682, 2226.433201907178
7625.623831033707, 2271.007722007765, 491.0129591793637
7626.506467819214, 2271.007722007765, 491.0129591793637
7627.507784128189, 2271.007722007765, 491.0129591793637
7628.5320410728455, 1929.9995117023655, 101.99424495104807
7629.380768060684, 1929.9995117023655, 101.99424495104807
7630.213537693024, 1443.907106513122, 786.500000004316
7630.879755020142, 2271.01089097849, 375.01457153376475
7631.627778053284, 966.2512711980453, 29.000667366383045
7632.478469610214, 1388.0104697083968, 1015.8153814894541
7633.568549871445, 2271.0145440137135, 369.62163667927376
7634.41229057312, 2271.0145440137135, 369.62163667927376
7635.446519136429, 2271.0145440137135, 369.62163667927376
7636.193518400192, 144.49485938388077, 649.0003969670996
7636.568515062332, 144.49485938388077, 649.0003969670996
7637.390313386917, 1799.8279860126474, 123.01154308182272
7638.507321834564, 2558.858671629886, 103.01169942256182
7639.345076560974, 2558.858671629886, 103.01169942256182
7640.355372667313, 2558.858671629886, 103.01169942256182
7641.170188426971, 3869.011257748603, 1068.5754193112964
7641.960102319717, 2421.414529126025, 484.0077404919088
7642.675157785416, 2269.9999460251374, 1360.8212948633272
7643.126947402954, 3441.557429319005, 940.0000003682449
7643.447091579437, 3441.557429319005, 940.0000003682449
7643.949746370316, 3441.557429319005, 940.0000003682449
7644.438434123993, 3441.557429319005, 940.0000003682449
7645.278184175491, 3268.997461582856, 2779.993324268029
7646.101978302002, 2852.437484369023, 1534.999999997512
7646.436084270477, 2852.437484369023, 1534.999999997512
7646.950704097748, 2852.437484369023, 1534.999999997512
7647.458344936371, 2852.437484369023, 1534.999999997512
7648.457667589188, 3781.0478437202223, 4.00537987014903
7649.329333305359, 3781.0478437202223, 4.00537987014903
7650.474267482758, 2271.006529250971, 374.56105473145504
7651.3269827365875, 2271.006529250971, 374.56105473145504
7652.347250461578, 2271.006529250971, 374.56105473145504
7653.294712305069, 2271.006529250971, 374.56105473145504
7654.5373866558075, 2270.0122483434093, 375.01030321662665
7655.185647010803, 1518.4999202384006, 1491.0000000000296
7655.54069519043, 1518.4999202384006, 1491.0000000000296
7656.243813276291, 3042.0111960202344, 653.4304550820171
7656.571932792664, 3042.0111960202344, 653.4304550820171
7657.655033588409, 1931.0158328917673, -669.8293613527786
7658.505753278732, 1931.0158328917673, -669.8293613527786
7659.207872390747, 3062.1020392427154, 601.95873474507
7659.574889421463, 3062.1020392427154, 601.95873474507
7660.061614513397, 3062.1020392427154, 601.95873474507
7660.558255434036, 3062.1020392427154, 601.95873474507
7661.062903404236, 3062.1020392427154, 601.95873474507
7661.563563108444, 3062.1020392427154, 601.95873474507
7662.258700609207, 3091.8829604280245, 2733.9948193198798
7663.2151391506195, 1030.999999990676, 1942.013782713515
7663.570189237595, 1030.999999990676, 1942.013782713515
7664.106753587723, 1030.999999990676, 1942.013782713515
7664.791916131973, 1736.999999999996, 74.00008972479445
7665.584791898727, 1736.999999999996, 74.00008972479445
7666.386643648148, 1388.9887524626747, 101.98848789622241
7667.239360332489, 1388.9887524626747, 101.98848789622241
7667.750989198685, 1388.9887524626747, 101.98848789622241
7668.26162147522, 1388.9887524626747, 101.98848789622241
7669.253962993622, 1388.9887524626747, 101.98848789622241
7669.744648694992, 1388.9887524626747, 101.98848789622241
7670.273233890533, 1388.9887524626747, 101.98848789622241
7671.258595705032, 1388.9887524626747, 101.98848789622241
7672.399537801743, 1984.0052824635754, 1997.9919674944497
7673.343010663986, 2492.3605742907075, 374.43468412333954
7674.187748908997, 2492.3605742907075, 374.43468412333954
7674.792130470276, 3867.991084315822, 1685.942041022811
7675.626893043518, 3867.991084315822, 1685.942041022811
7676.095665931702, 2506.2208342402564, 490.55993365007095
7676.77282500267, 2882.435671689556, 1830.116952835025
7677.627536058426, 2882.435671689556, 1830.116952835025
7678.40146112442, 1480.0021883502588, 984.0000391497468
7679.2332327365875, 1480.0021883502588, 984.0000391497468
7679.536421537399, 460.5000000051213, 464.9985509241859
7679.911416292191, 460.5000000051213, 464.9985509241859
7680.400107622147, 460.5000000051213, 464.9985509241859
7681.734533548355, 1271.9872124067538, 335.9921511580426
7682.483528137207, 1271.9872124067538, 335.9921511580426
7683.426002025604, 877.1132176209625, 478.98802700405804
7684.2587723731995, 877.1132176209625, 478.98802700405804
7685.25617146492, 49.011647006570385, 1855.9999999999961
7686.089874505997, 49.011647006570385, 1855.9999999999961
7686.83288526535, 1387.997008714931, 479.0000600566082
7687.7863302230835, 1930.5648635894743, 2270.500000001844
7688.632064342499, 1930.5648635894743, 2270.500000001844
7689.073881864548, 3753.0000002189413, 1018.0000043265998
7689.757050991058, 3319.338966875555, 683.4266770635024
7690.5010850429535, 3319.338966875555, 683.4266770635024
7691.574210643768, 3465.994418673735, 2530.0028293276237
7692.274335861206, 2608.522024928859, 285.0097231588143
7693.130044221878, 2608.522024928859, 285.0097231588143
7693.8231880664825, 3117.993405236128, 328.3980825068703
7694.5951199531555, 756.0378404901119, 417.9999998701989
7695.371042728424, 694.5708673295406, 478.45388724631874
7696.214781761169, 694.5708673295406, 478.45388724631874
7696.721425533295, 694.5708673295406, 478.45388724631874
7698.016954660416, 2270.0058704760154, 2226.983920063762
7698.9305057525635, 2032.259441963991, 491.0234174805258
7699.641630887985, 3503.969601586148, 212.50000000000324
7699.984684705734, 3503.969601586148, 212.50000000000324
7700.799500703812, 1739.999999994922, 429.00089791389615
7701.916507959366, 2097.9873034849593, 375.0116933447475
7702.800142049789, 26.98909133362185, 1483.847804887819
7703.652858018875, 26.98909133362185, 1483.847804887819
7704.223329782486, 2049.8037126343343, 374.0067168670189
7704.534524202347, 2049.8037126343343, 374.0067168670189
7705.378235340118, 1283.0085503542957, 1122.993105108438
7706.259876251221, 1283.0085503542957, 1122.993105108438
7707.095636367798, 3464.499954159245, 1913.500000027633
7707.432733535767, 3464.499954159245, 1913.500000027633
7708.348281621933, 2852.0060413910282, 2660.7289502588496
7709.214988708496, 2852.0060413910282, 2660.7289502588496
7709.813358068466, 2033.0112128764183, 2348.171070981281
7710.666072130203, 2033.0112128764183, 2348.171070981281
7711.177702188492, 2033.0112128764183, 2348.171070981281
7711.815992593765, 2271.010603817292, 2388.903957692783
7713.002812862396, 3234.011879492245, 2848.0068155751514
7713.997148990631, 3342.014252385909, 602.0064187971649
7714.782046794891, 3342.014252385909, 602.0064187971649
7715.72851228714, 3342.014252385909, 602.0064187971649
7716.33389043808, 694.0123088803023, 477.98970072177445
7717.097843647003, -2890.7578497586405, 182.92788077824767
7717.458877563477, -2890.7578497586405, 182.92788077824767
7717.966518163681, -2890.7578497586405, 182.92788077824767
7718.949882745743, 2988.005332763777, 379.9938269849465
7719.7806577682495, 3129.9928063812663, 1103.2356718521569
7720.610436201096, 3129.9928063812663, 1103.2356718521569
7721.341477155685, 1426.1198124098703, 84.47383670045966
7722.579162359238, 3342.2863200868583, 45.01474285087848
7723.165591478348, 694.5593633490714, 1752.4999999999932
7724.129011392593, 979.0093033904287, 2290.4999999999964
7725.074479818344, 2271.008257805156, 926.006137913485
7725.907246351242, 2271.008257805156, 926.006137913485
7726.930509805679, 2271.008257805156, 926.006137913485
7727.910880088806, 2271.008257805156, 926.006137913485
7728.874299764633, 2271.008257805156, 926.006137913485
7729.89556479454, 2271.008257805156, 926.006137913485
7730.902866125107, 2271.008257805156, 926.006137913485
7731.896204948425, 2271.008257805156, 926.006137913485
7732.8646104335785, 2271.008257805156, 926.006137913485
7733.893855333328, 2271.008257805156, 926.006137913485
7734.969972848892, 2271.008257805156, 926.006137913485
7735.695029497147, 2244.1496532036053, 2156.249226226491
7735.962313890457, 2244.1496532036053, 2156.249226226491
7736.432054519653, 2244.1496532036053, 2156.249226226491
7737.158110618591, 3061.019652345844, 1170.7694983391766
7737.840283632278, 2271.017632138354, 2017.99999999883
7738.739874362946, 1730.4440205034643, 448.99999995832434
7739.069988250732, 1730.4440205034643, 448.99999995832434
7739.59059548378, 1730.4440205034643, 448.99999995832434
7740.294709920883, 48.45640576963956, 2564.0511828250133
7741.064647674561, 48.45640576963956, 2564.0511828250133
7741.57430934906, 48.45640576963956, 2564.0511828250133
7742.072945833206, 48.45640576963956, 2564.0511828250133
7742.565653800964, 48.45640576963956, 2564.0511828250133
7743.471200227737, 3342.0136560649653, 349.93105673983615
7744.669987916946, 3343.00080225849, 602.623574885539
7745.409011363983, 2270.3822475493366, 2225.9947075219775
7746.245768070221, 2270.3822475493366, 2225.9947075219775
7746.57688164711, 647.0000000012718, 65.99999996258668
7747.47846698761, 2350.020925576073, 2816.9905918498234
7748.276327371597, 2350.020925576073, 2816.9905918498234
7749.271663427353, 2350.020925576073, 2816.9905918498234
7750.375706195831, 1474.0129093483035, 889.9960987865406
7751.223434686661, 1368.6029301320061, 101.98719494659666
7751.631341218948, 911.3369140154849, 102.43897855813297
7751.989383459091, 911.3369140154849, 102.43897855813297
7752.772286891937, 1920.9345348734696, 300.3484528291517
7753.9521243572235, 2270.3560009509524, 2925.4999999999955
7754.814814090729, 2270.3560009509524, 2925.4999999999955
7756.058482408524, 1929.999762893323, 40.01015908132899
7756.8882603645325, 1929.999762893323, 40.01015908132899
7757.870629310608, 1929.999762893323, 40.01015908132899
7758.705391407013, 1324.8370228610513, 102.5
7759.113300085068, 1577.9989044549884, 1323.5151515277614
7759.446406841278, 1577.9989044549884, 1323.5151515277614
7759.9929440021515, 1577.9989044549884, 1323.5151515277614
7760.474653244019, 1577.9989044549884, 1323.5151515277614
7761.3473155498505, 1388.9916326026205, 101.99074519591645
7762.229951620102, 3284.999037851031, 1900.0000000012174
7762.616914510727, 3284.999037851031, 1900.0000000012174
7763.105605602264, 3284.999037851031, 1900.0000000012174
7764.101936578751, 2270.4395077860445, 496.0069057725039
7764.92872262001, 2270.4395077860445, 496.0069057725039
7765.963949203491, 2270.4395077860445, 496.0069057725039
7766.954295635223, 2270.4395077860445, 496.0069057725039
7767.584639787674, 2523.073538108429, 817.5898065052448
7767.924728870392, 2523.073538108429, 817.5898065052448
7768.867204666138, 585.2259556246644, 1984.0084797382212
7770.242520570755, 1930.984163211969, 39.99190793448803
7771.10022354126, 1930.984163211969, 39.99190793448803
7771.762448549271, 361.0000009933774, 458.00240251417506
7772.574275970459, 2023.4999999999136, 644.0001357389543
7773.446940422058, 2270.992591797457, 853.0242323160708
7774.290682315826, 2270.992591797457, 853.0242323160708
7775.258089542389, 2987.9909669560184, 1137.9999986735202
7776.078897237778, 2987.9909669560184, 1137.9999986735202
7776.88973236084, 1828.146859128662, 741.0127399045278
7778.109458684921, 3941.9958608208344, 286.99119741236797
7778.976135730743, 3342.009673219344, 601.991781571936
7779.90664434433, 2117.0149500708294, 40.990832402041725
7780.715476512909, 2117.0149500708294, 40.990832402041725
7781.111416816711, 3765.000000000087, 87.99999885217669
7782.217453718185, 1705.992396906123, 11.990585458647802
7782.58945775032, 453.0428967981594, 1496.9999846524336
7783.194835186005, 2071.9713438430335, 1107.930242816304
7783.561852216721, 2071.9713438430335, 1107.930242816304
7784.050543308258, 2429.9778970163125, 275.9997206842019
7784.691825866699, 1060.9603158806262, -4240.365493136631
7784.980054616928, 1060.9603158806262, -4240.365493136631
7785.827783584595, 1388.990526693388, 2824.446535019896
7786.627640247345, 1388.990526693388, 2824.446535019896
7787.433481931686, 2938.011517512529, 1101.9902374399337
7788.062796115875, 84.00079302061229, 2017.4999999935374
7788.930471420288, 1512.8156902728035, 274.0114633434381
7789.732323408127, 1512.8156902728035, 274.0114633434381
7790.205057859421, 1512.8156902728035, 274.0114633434381
7790.758574724197, 1512.8156902728035, 274.0114633434381
7791.756900548935, 1512.8156902728035, 274.0114633434381
7792.4600167274475, 873.5804017393544, 52.43127653943481
7793.231949329376, 3083.5000001967483, 66.00445968967982
7793.767515420914, 1351.9919413792932, 2271.961074496655
7795.010186910629, 2269.9926089298383, 1290.1271241239328
7795.8060557842255, 2269.9926089298383, 1290.1271241239328
7796.770471096039, 2269.9926089298383, 1290.1271241239328
7797.805698156357, 2269.9926089298383, 1290.1271241239328
7799.0174515247345, 3931.0689706015905, 490.90555420809875
7799.903079986572, 3931.0689706015905, 490.90555420809875
7800.59422826767, 3516.4372930221693, 893.1147783073649
7801.37014913559, 1221.9946091839586, -9140.763579125058
7802.235830307007, 2270.9897839208215, 645.7291153073295
7802.5938720703125, 2270.9897839208215, 645.7291153073295
7803.412678480148, 1929.9934824097795, 771.0000762100697
7804.228492975235, 1929.9934824097795, 771.0000762100697
7804.737130880356, 1929.9934824097795, 771.0000762100697
7805.20388007164, 2006.9848901389619, 520.9999999958924
7805.563915491104, 2006.9848901389619, 520.9999999958924
7806.119427442551, 3017.500000000079, 1728.499330211338
7806.613106250763, 3009.9999999984457, 2424.9999999960787
7807.363096475601, 1930.0015294261614, 2290.0048581475876
7808.315545320511, 1388.0099083499413, 960.387061151549
7809.125381231308, 1388.0099083499413, 960.387061151549
7810.108747959137, 1109.9869717967463, 766.0086709900655
7810.640324115753, 3155.3213588108047, 2166.9999999999854
7811.063219308853, 3308.42244587456, 2167.1770136446294
7811.390315532684, 3308.42244587456, 2167.1770136446294
7812.478399991989, 2635.0017735743454, 907.0097287384884
7813.267287731171, 2635.0017735743454, 907.0097287384884
7814.303511381149, 1978.999999979536, 921.6503442898432
7815.155230522156, 1978.999999979536, 921.6503442898432
7815.771580219269, 2031.9900914758296, 126.00200113742325
7816.6043474674225, 2031.9900914758296, 126.00200113742325
7817.12096619606, 2031.9900914758296, 126.00200113742325
7817.815103292465, 2790.895598015453, 2455.9896491249365
7818.684775114059, 2790.895598015453, 2455.9896491249365
7819.513555049896, 3546.8941260822553, 375.0106882973783
7820.351336240768, 3546.8941260822553, 375.0106882973783
7821.358612775803, 3546.8941260822553, 375.0106882973783
7822.505540847778, 874.0040287264852, 53.00097879605738
7823.365266561508, 874.0040287264852, 53.00097879605738
7824.3825125694275, 874.0040287264852, 53.00097879605738
7825.410758972168, 874.0040287264852, 53.00097879605738
7826.098941326141, 847.9999890741335, 151.00000151600813
7826.446982145309, 847.9999890741335, 151.00000151600813
7826.961604833603, 847.9999890741335, 151.00000151600813
7827.757472276688, 3118.0081202400384, 1573.5
7828.6211585998535, 3118.0081202400384, 1573.5
7829.136777877808, 3118.0081202400384, 1573.5
7829.596544742584, 1644.4999999901797, -86.38394394322948
7830.548994064331, 2270.4345414024133, 301.00888959827773
7831.293998003006, 1009.3602614744268, 1768.9901346243528
7832.142725229263, 1009.3602614744268, 1768.9901346243528
7832.865789413452, 2989.001990586658, 461.70556653365685
7833.844167709351, 1352.9871118468188, 1582.325294819015
7834.616101026535, 2021.7932782839603, 2590.435213743785
7834.966162443161, 2021.7932782839603, 2590.435213743785
7836.131040811539, 3342.985509809186, 602.9996581737917
7836.907963752747, 1388.007713471611, 383.39850722985847
7837.727765083313, 1388.007713471611, 383.39850722985847
7838.229421138763, 1388.007713471611, 383.39850722985847
7838.733072757721, 1388.007713471611, 383.39850722985847
7839.254674434662, 1388.007713471611, 383.39850722985847
7840.219092130661, 1388.007713471611, 383.39850722985847
7840.997006893158, 26.00128912919915, 1401.2967281172432
7841.978379249573, 1786.6019421375618, 102.98772061719431
7842.984682559967, 3586.9889813192226, 905.9999999987044
7843.708744049072, 3058.7594829985005, 1288.006983473876
7844.424854516983, 1964.96866823449, 2316.4999999999673
7845.208726167679, 2983.488839742228, 814.990758489945
7845.971680641174, 2270.985886984198, 31.989317724951526
7846.661862850189, 1192.4999999944412, 102.56255739177536
7847.486623764038, 3726.0017227264584, 1844.008987790821
7848.259552955627, 3943.02199826191, 1143.741760205965
7849.091325521469, 3943.02199826191, 1143.741760205965
7849.614923238754, 3943.02199826191, 1143.741760205965
7850.112589120865, 3943.02199826191, 1143.741760205965
7850.652144670486, 2311.4999999999714, 424.0023142004011
7851.306393623352, 3288.2160034969093, 2916.9894555372452
7852.11123585701, 3324.4999999999472, 1552.0000000072787
7852.798395872116, 138.01371158174658, 2246.510722879411
7853.639142751694, 138.01371158174658, 2246.510722879411
7854.159747362137, 138.01371158174658, 2246.510722879411
7854.6703815460205, 138.01371158174658, 2246.510722879411
7855.155083179474, 138.01371158174658, 2246.510722879411
7856.009792327881, 1387.9914998238155, 317.4038924010656
7856.799677848816, 1387.9914998238155, 317.4038924010656
7857.864827156067, 1387.9914998238155, 317.4038924010656
7858.804307937622, 1387.9914998238155, 317.4038924010656
7859.7876744270325, 1387.9914998238155, 317.4038924010656
7860.928617715836, 2269.9950409168628, 1843.9911751691216
7861.581867694855, 908.5000000205448, 2542.3075519398835
7862.138375520706, 2994.0009867791505, 535.5000000564976
7862.715832233429, 3467.669577502402, 2816.0057875839293
7863.063919782639, 3467.669577502402, 2816.0057875839293
7863.735118150711, 2250.541134902791, 490.99233889747586
7864.079179048538, 2250.541134902791, 490.99233889747586
7864.9458565711975, 3314.7153402579193, 1844.9752066207873
7865.76366519928, 3314.7153402579193, 1844.9752066207873
7866.828813552856, 3636.5000000283994, 211.00013341104057
7867.5997478961945, 3636.5000000283994, 211.00013341104057
7868.103398323059, 3636.5000000283994, 211.00013341104057
7869.226390838623, 3119.007087754139, 1628.0121812217908
7870.071156978607, 3119.007087754139, 1628.0121812217908
7870.918856620789, 1930.3839661564255, 1834.1108126834092
7871.760602474213, 1930.3839661564255, 1834.1108126834092
7872.844696521759, 2087.1484315844114, 481.5785629314208
7873.67946267128, 2087.1484315844114, 481.5785629314208
7874.234974145889, 2977.376037872626, 2599.0012669531766
7874.849326848984, 3504.0186347879408, 868.3152969521487
7875.652177333832, 3504.0186347879408, 868.3152969521487
7876.171783924103, 3504.0186347879408, 868.3152969521487
7876.753227233887, 2590.5651872781837, 704.9503309054825
7877.665781736374, 272.4999999999991, 59.955379151304044
7877.9919090271, 272.4999999999991, 59.955379151304044
7878.52547955513, 272.4999999999991, 59.955379151304044
7879.305391550064, 3147.3810484853234, 1056.0000240166864
7880.139157295227, 3147.3810484853234, 1056.0000240166864
7880.732568979263, 2050.195765133756, 2376.9984651761088
7881.771784067154, 3329.0605922766795, 1802.0073176909048
7882.591587781906, 3329.0605922766795, 1802.0073176909048
7883.222897052765, 1408.5000000000057, 2485.111040372975
7883.549024820328, 1408.5000000000057, 2485.111040372975
7884.016772508621, 1408.5000000000057, 2485.111040372975
7884.623148441315, 1291.4519843908074, 164.4294666093368
7884.980189085007, 1291.4519843908074, 164.4294666093368
7885.497803449631, 1291.4519843908074, 164.4294666093368
7886.56893491745, 1388.0134961128326, 103.00696740948729
7887.399710178375, 1388.0134961128326, 103.00696740948729
7888.417984485626, 1388.0134961128326, 103.00696740948729
7889.3205642700195, 3130.5615481743957, 1056.9928688806124
7890.127403259277, 3130.5615481743957, 1056.9928688806124
7890.87141084671, 1224.051762641966, 478.0041650364596
7891.700190544128, 1224.051762641966, 478.0041650364596
7892.238746404648, 1224.051762641966, 478.0041650364596
7892.721455335617, 1224.051762641966, 478.0041650364596
7893.180225133896, 1224.051762641966, 478.0041650364596
7893.735736370087, 3289.422734069176, 1351.9913904565371
7894.284268140793, 1207.0066257124813, 2876.0000000026
7895.541897535324, 2988.991383265204, 330.0898630761688
7896.309842824936, 2760.722261048635, 771.9672432561206
7897.127651453018, 2760.722261048635, 771.9672432561206
7897.627313137054, 2760.722261048635, 771.9672432561206
7898.315469503403, 874.5752818006438, 2094.4999999916413
7899.162200450897, 874.5752818006438, 2094.4999999916413
7899.981006622314, 2136.983813874199, -567.799059874182
7900.820758104324, 2748.9932864627513, 2734.4322306905397
7901.648542404175, 2748.9932864627513, 2734.4322306905397
7902.436429977417, 2032.564409014868, 103.98857321949421
7903.228308916092, 3380.9987003775145, 1652.775935607799
7903.59831905365, 3380.9987003775145, 1652.775935607799
7904.070054292679, 1435.2660429370062, 1206.3562442452805
7904.5956473350525, 720.4999999999677, 1327.6907532316268
7905.552083492279, 1577.989335145329, 165.01007089290079
7906.267167329788, 3324.354423367612, 374.5988743846347
7907.117890357971, 3324.354423367612, 374.5988743846347
7908.084302186966, 1969.640780895729, 213.0120067824781
7908.812350273132, 3869.382146080385, 646.5624225335623
7909.733881473541, 3813.000000024727, 1323.0000002346414
7910.983535528183, 1930.438854617808, 163.9961720960269
7911.75048160553, 1930.438854617808, 163.9961720960269
7912.77573466301, 1930.438854617808, 163.9961720960269
7913.840883016586, 1930.438854617808, 163.9961720960269
7914.7654049396515, 1930.438854617808, 163.9961720960269
7915.794647932053, 1930.438854617808, 163.9961720960269
7916.808930635452, 1930.438854617808, 163.9961720960269
7917.726472854614, 1930.438854617808, 163.9961720960269
7918.265031814575, 1930.438854617808, 163.9961720960269
7919.23842382431, 1930.438854617808, 163.9961720960269
7919.742073774338, 1930.438854617808, 163.9961720960269
7920.725440263748, 1930.438854617808, 163.9961720960269
7921.398635149002, 1289.1631761072342, 102.00846716780961
7922.288253545761, 977.9869128435405, 2279.147479925621
7923.189838647842, 2854.2939293468976, 1432.4999999993559
7924.120346784592, 1387.98820322039, 101.9928603374098
7924.993009328842, 1387.98820322039, 101.9928603374098
7925.929500102997, 1387.98820322039, 101.9928603374098
7926.923836231232, 1387.98820322039, 101.9928603374098
7927.936124801636, 1387.98820322039, 101.9928603374098
7928.924477815628, 1387.98820322039, 101.9928603374098
7929.932781219482, 1387.98820322039, 101.9928603374098
7930.917139530182, 1387.98820322039, 101.9928603374098
7931.905505895615, 1387.98820322039, 101.9928603374098
7933.171101808548, 875.008896390844, 52.987796991066084
7934.019828081131, 2033.0103373593595, 518.9024787126584
7934.656123876572, 2206.293479931251, 1410.0604190515307
7935.128857374191, 2739.8266209884073, 422.9999999586953
7935.809034824371, 602.00284104508, 2484.9541292156728
7936.7255799770355, 2959.000000010653, 2131.709773478048
7937.082624435425, 2959.000000010653, 2131.709773478048
7937.562338113785, 2959.000000010653, 2131.709773478048
7938.429019212723, 1993.1702170515018, 611.5605181216216
7939.390441656113, 2310.9398300693792, 478.9902969403321
7940.413701534271, 1306.0114570249707, 1683.993271761275
7941.264422178268, 1306.0114570249707, 1683.993271761275
7942.239809513092, 1306.0114570249707, 1683.993271761275
7942.8262395858765, 1333.9889930818772, 111.00816182544658
7943.896371841431, 2135.6808214274, 1668.9890763102974
7944.782997608185, 2135.6808214274, 1668.9890763102974
7945.782319784164, 3542.4997958980466, 478.9880155926492
7946.650992393494, 3578.4999999783226, 2463.000000074612
7946.94620347023, 3578.4999999783226, 2463.000000074612
7948.109088420868, 1578.0085854139993, 164.00949653297897
7949.021642208099, 1387.9914974643584, 102.989093257789
7949.751688480377, 1387.9914974643584, 102.989093257789
7950.756993770599, 1387.9914974643584, 102.989093257789
7951.744375228882, 1387.9914974643584, 102.989093257789
7952.277921199799, 1387.9914974643584, 102.989093257789
7953.228374958038, 1387.9914974643584, 102.989093257789
7953.717065811157, 2287.1516224503393, 1309.9871816982652
7954.1080186367035, 2287.1516224503393, 1309.9871816982652
7954.8171174526215, 3320.424022812664, 102.00720463327185
7955.759593486786, 2270.4380639771625, 1572.9813905315666
7957.24361872673, 1931.01153919721, 41.007217260647764
7958.324722528458, 554.4010250484394, 492.5616296350396
7959.186414241791, 2092.864330491205, 102.55854891690998
7959.526504516602, 2092.864330491205, 102.55854891690998
7960.011206150055, 2092.864330491205, 102.55854891690998
7960.806075811386, 2144.1328889150673, 374.9871765676636
7961.576036930084, 256.8863894139191, 153.99998967097616
7961.905155658722, 256.8863894139191, 153.99998967097616
7962.696035861969, 332.0068194172169, -1958.683822282132
7963.352278709412, 2738.1021109754124, 2816.0089715544186
7964.304726839066, 2515.0111448529815, 1369.920822087436
7965.281111717224, 2600.999999991448, 2249.7073719704367
7966.179705381393, 2600.999999991448, 2249.7073719704367
7966.665403366089, 2600.999999991448, 2249.7073719704367
7967.224905252457, 3250.8996070215976, 2921.99138037941
7967.585937738419, 1596.576247084437, 2189.7806424152714
7968.52442407608, 2141.0117720296475, 2955.0161067197637
7969.346222400665, 2141.0117720296475, 2955.0161067197637
7970.362516880035, 2141.0117720296475, 2955.0161067197637
7971.5413563251495, 1929.9872726155388, 50.007607536540405
7972.2983293533325, 1375.582716662856, 13516.140055590691
7973.155033111572, 1375.582716662856, 13516.140055590691
7973.645718574524, 1375.582716662856, 13516.140055590691
7974.1982390880585, 1375.582716662856, 13516.140055590691
7974.8824071884155, 2223.0856914973783, 2689.652467082054
7975.660322904587, 2223.0856914973783, 2689.652467082054
7976.160981416702, 2296.0264068062543, 2734.992489504533
7976.508081674576, 2296.0264068062543, 2734.992489504533
7977.128389835358, 16365.39609587924, 574.1103473826018
7977.482441902161, 16365.39609587924, 574.1103473826018
7978.382032632828, 3651.014243448024, 872.0095491555331
7979.191863536835, 3651.014243448024, 872.0095491555331
7979.775299787521, 3127.0136008448594, 374.4872134243823
7980.897294998169, 3081.3329041138545, 2816.986851098272
7981.727072715759, 3081.3329041138545, 2816.986851098272
7982.246678829193, 3081.3329041138545, 2816.986851098272
7982.780249834061, 3081.3329041138545, 2816.986851098272
7983.735690832138, 3081.3329041138545, 2816.986851098272
7984.220392465591, 3081.3329041138545, 2816.986851098272
7984.728033065796, 3081.3329041138545, 2816.986851098272
7985.419181585312, 2271.0080439972753, 366.79455029457773
7986.516242980957, 2351.0078132376902, 2816.782295279191
7987.336047410965, 2351.0078132376902, 2816.782295279191
7988.357312202454, 2351.0078132376902, 2816.782295279191
7989.386555671692, 2351.0078132376902, 2816.782295279191
7990.122583150864, 3053.944673976599, 1783.9999999933307
7990.588335037231, 1328.0427729673875, 5552.472588292346
7991.386197566986, 2121.9731820216875, 373.9910409953839
7992.197026968002, 2121.9731820216875, 373.9910409953839
7992.883188724518, 2275.6055591767636, 477.9883795600725
7993.796742200851, 2270.01346984019, 661.059797398104
7994.670406579971, 2270.01346984019, 661.059797398104
7995.070335865021, 2463.996550106495, 2912.4452279033553
7995.42339015007, 2463.996550106495, 2912.4452279033553
7995.938043117523, 2463.996550106495, 2912.4452279033553
7996.426734209061, 2463.996550106495, 2912.4452279033553
7997.31036734581, 2382.1186527400405, -1772.6552304623187
7998.123189687729, 2382.1186527400405, -1772.6552304623187
7998.758487939835, 1580.9832675176117, 1568.6003688717649
8000.270439624786, 865.0001428634537, 2458.9977746420254
8001.520089864731, 865.0001428634537, 2458.9977746420254
8002.453589677811, 2774.4856801704873, 1891.0153183551267
8003.281373023987, 2774.4856801704873, 1891.0153183551267
8004.281692743301, 2774.4856801704873, 1891.0153183551267
8005.305948972702, 2774.4856801704873, 1891.0153183551267
8006.189581871033, 1202.1114488136197, 102.99295924357727
8006.9974193573, 1186.989632972698, 455.0089461003882
8008.062565088272, 982.4388916651515, 20.556813912223113
8009.031968593597, 3956.725161513645, 966.0056230482097
8009.827838182449, 3956.725161513645, 966.0056230482097
