time, x0, y0, x1, y1...
6.801053524017334, 20.0, 20.0
7.282763719558716, 20.0, 20.0
8.072648286819458, 2533.978329811357, 2201.646608283016
8.31998610496521, 2533.978329811357, 2201.646608283016
8.817654132843018, 2533.978329811357, 2201.646608283016
9.325295209884644, 2533.978329811357, 2201.646608283016
9.792044639587402, 2533.978329811357, 2201.646608283016
10.350549697875977, 2533.978329811357, 2201.646608283016
10.829268217086792, 2533.978329811357, 2201.646608283016
11.340898036956787, 2533.978329811357, 2201.646608283016
12.074931859970093, 2537.036066768256, 2201.7473642492205
12.421005487442017, 2537.036066768256, 2201.7473642492205
12.79201865196228, 2537.036066768256, 2201.7473642492205
13.329572439193726, 2537.036066768256, 2201.7473642492205
14.10050916671753, 2535.801788464605, 2201.7892708033073
14.363805055618286, 2535.801788464605, 2201.7892708033073
14.81459641456604, 2535.801788464605, 2201.7892708033073
15.547633647918701, 2538.7048732988133, 2201.7046292257432
15.808933734893799, 2538.7048732988133, 2201.7046292257432
16.31856918334961, 2538.7048732988133, 2201.7046292257432
16.811250686645508, 2538.7048732988133, 2201.7046292257432
17.318890810012817, 2538.7048732988133, 2201.7046292257432
17.812569618225098, 2538.7048732988133, 2201.7046292257432
18.561564207077026, 2537.661779171043, 2201.5688125907664
18.808900594711304, 2537.661779171043, 2201.5688125907664
19.325518131256104, 2537.661779171043, 2201.5688125907664
19.81870746612549, 2537.661779171043, 2201.5688125907664
20.294433116912842, 2537.661779171043, 2201.5688125907664
20.832990884780884, 2537.661779171043, 2201.5688125907664
21.32766628265381, 2537.661779171043, 2201.5688125907664
21.82034707069397, 2537.661779171043, 2201.5688125907664
22.338958740234375, 2537.661779171043, 2201.5688125907664
22.82166600227356, 2537.661779171043, 2201.5688125907664
23.56667137145996, 2539.166862043245, 2201.7676542374948
23.80802583694458, 2539.166862043245, 2201.7676542374948
24.323644399642944, 2539.166862043245, 2201.7676542374948
24.79837465286255, 2539.166862043245, 2201.7676542374948
25.521437883377075, 2554.1947029993094, 2201.52530189323
25.793707609176636, 2554.1947029993094, 2201.52530189323
26.54070806503296, 2552.1906835458267, 2201.664934409075
26.81996178627014, 2552.1906835458267, 2201.664934409075
27.311644792556763, 2552.1906835458267, 2201.664934409075
27.790362119674683, 2552.1906835458267, 2201.664934409075
28.316951513290405, 2552.1906835458267, 2201.664934409075
28.807637691497803, 2552.1906835458267, 2201.664934409075
29.32126259803772, 2552.1906835458267, 2201.664934409075
29.81793236732483, 2552.1906835458267, 2201.664934409075
30.56194257736206, 2540.465341738145, 2201.6158439090655
30.827230215072632, 2540.465341738145, 2201.6158439090655
31.57123827934265, 2534.943519363195, 2201.9097195297213
31.80660891532898, 2534.943519363195, 2201.9097195297213
32.57554888725281, 2538.4430454301682, 2201.5683068124636
32.81889772415161, 2538.4430454301682, 2201.5683068124636
33.575870513916016, 2545.0410165100384, 2201.566383422148
33.82121419906616, 2545.0410165100384, 2201.566383422148
34.319878578186035, 2545.0410165100384, 2201.566383422148
35.05291700363159, 2529.2743816190805, 2201.7269825321987
35.32718205451965, 2529.2743816190805, 2201.7269825321987
36.059221267700195, 2532.2102189646785, 2201.663662359192
36.333487033843994, 2532.2102189646785, 2201.663662359192
36.87503623962402, 2532.2102189646785, 2201.663662359192
37.57217025756836, 2536.1744196743307, 2201.7520095053706
38.09277653694153, 2536.0136672930225, 2201.7652912290405
38.59942030906677, 2529.6451249234397, 2201.770743634678
39.10905480384827, 2546.4586463313917, 2201.4994139668684
39.86503028869629, 2546.4586463313917, 2201.4994139668684
40.65491557121277, 2546.959173651374, 2201.760265508444
41.59240508079529, 2541.0434518057177, 2201.8036565944767
41.814810037612915, 2541.0434518057177, 2201.8036565944767
42.32444500923157, 2541.0434518057177, 2201.8036565944767
42.81612849235535, 2541.0434518057177, 2201.8036565944767
43.34571170806885, 2541.0434518057177, 2201.8036565944767
43.867313623428345, 2541.0434518057177, 2201.8036565944767
44.3669753074646, 2541.0434518057177, 2201.8036565944767
44.83871412277222, 2541.0434518057177, 2201.8036565944767
45.60466194152832, 2541.610680917711, 2201.693856829215
46.333709716796875, 2541.610680917711, 2201.693856829215
46.85730743408203, 2541.610680917711, 2201.693856829215
47.34500241279602, 2541.610680917711, 2201.693856829215
47.866605281829834, 2541.610680917711, 2201.693856829215
48.62058687210083, 2537.195068695263, 2201.5850263443117
49.326695680618286, 2537.195068695263, 2201.5850263443117
49.863259077072144, 2537.195068695263, 2201.5850263443117
50.35394525527954, 2537.195068695263, 2201.5850263443117
51.1089231967926, 2541.2318631109556, 2201.776280032355
51.859912395477295, 2541.2318631109556, 2201.776280032355
52.30671668052673, 2541.2318631109556, 2201.776280032355
52.826324701309204, 2541.2318631109556, 2201.776280032355
53.349923849105835, 2541.2318631109556, 2201.776280032355
53.85756325721741, 2541.2318631109556, 2201.776280032355
54.32331681251526, 2541.2318631109556, 2201.776280032355
54.823975563049316, 2541.2318631109556, 2201.776280032355
55.662731885910034, 1425.746713555077, 1047.073642359829
56.34690070152283, 1425.746713555077, 1047.073642359829
56.902411222457886, 1425.746713555077, 1047.073642359829
57.59056758880615, 2536.6833538943824, 2201.7820557383993
57.8568549156189, 2536.6833538943824, 2201.7820557383993
58.31163740158081, 2536.6833538943824, 2201.7820557383993
59.07958102226257, 2539.131401285128, 2201.5425739457833
59.59719514846802, 2534.8279736616573, 2201.7794627020576
59.851513385772705, 2534.8279736616573, 2201.7794627020576
60.340205669403076, 2534.8279736616573, 2201.7794627020576
60.84086561203003, 2534.8279736616573, 2201.7794627020576
61.32257437705994, 2534.8279736616573, 2201.7794627020576
62.08254051208496, 2531.508697651465, 2201.6131340263646
62.34483790397644, 2531.508697651465, 2201.6131340263646
62.82654786109924, 2531.508697651465, 2201.6131340263646
63.3202269077301, 2531.508697651465, 2201.6131340263646
64.07121562957764, 2537.2061791657, 2201.952795332326
64.29760885238647, 2537.2061791657, 2201.952795332326
65.03663039207458, 2538.037820364955, 2201.7845859227714
65.32585620880127, 2538.037820364955, 2201.7845859227714
65.86541152000427, 2538.037820364955, 2201.7845859227714
66.35111165046692, 2538.037820364955, 2201.7845859227714
66.83381843566895, 2538.037820364955, 2201.7845859227714
67.55488729476929, 2560.8713425268, 2201.720486670673
67.83513712882996, 2560.8713425268, 2201.720486670673
68.36571621894836, 2560.8713425268, 2201.720486670673
69.0668396949768, 2542.7532617523757, 2201.578948029935
69.5645079612732, 2538.7876565389042, 2201.720966699561
70.04322481155396, 2556.7454676149728, 2201.58565400425
70.26463222503662, 2556.7454676149728, 2201.58565400425
71.04953050613403, 2539.215620769929, 2201.9182553159426
71.57911205291748, 2545.6311515892107, 2201.7965045899696
72.06979775428772, 2541.6091336670465, 2201.7953330563764
72.32910418510437, 2541.6091336670465, 2201.7953330563764
72.82378005981445, 2541.6091336670465, 2201.7953330563764
73.5817494392395, 2543.3626226509577, 2201.643379202462
74.07343244552612, 2546.9810685948587, 2201.653966682129
74.30980014801025, 2546.9810685948587, 2201.653966682129
74.44543671607971, 2546.9810685948587, 2201.653966682129
75.08073544502258, 2542.4704664035476, 2201.6826143653634
75.33605217933655, 2542.4704664035476, 2201.6826143653634
75.8307294845581, 2542.4704664035476, 2201.6826143653634
76.31343579292297, 2542.4704664035476, 2201.6826143653634
76.8051187992096, 2542.4704664035476, 2201.6826143653634
77.56109380722046, 2525.2337099434235, 2201.8821946190346
77.80444312095642, 2525.2337099434235, 2201.8821946190346
78.08070278167725, 2525.2337099434235, 2201.8821946190346
78.32305407524109, 2525.2337099434235, 2201.8821946190346
78.81473779678345, 2525.2337099434235, 2201.8821946190346
79.29744529724121, 2525.2337099434235, 2201.8821946190346
80.05142569541931, 2542.503285723798, 2201.724207851007
80.33566498756409, 2542.503285723798, 2201.724207851007
80.82934331893921, 2542.503285723798, 2201.724207851007
81.33399200439453, 2542.503285723798, 2201.724207851007
81.79276371002197, 2542.503285723798, 2201.724207851007
82.32533693313599, 2542.503285723798, 2201.724207851007
83.04640698432922, 2541.6262655425185, 2201.6849863480743
83.31967544555664, 2541.6262655425185, 2201.6849863480743
83.98489379882812, 2539.881467347868, 2201.8553592107373
84.12053060531616, 2539.881467347868, 2201.8553592107373
84.32199215888977, 2539.881467347868, 2201.8553592107373
84.81326246261597, 2539.881467347868, 2201.8553592107373
85.3228976726532, 2539.881467347868, 2201.8553592107373
86.10879254341125, 2546.6330760904634, 2201.884907997538
87.03132247924805, 2548.310278687071, 2201.771033896221
87.16795659065247, 2548.310278687071, 2201.771033896221
87.57386898994446, 2556.4733076888574, 2201.842012098336
87.80824279785156, 2556.4733076888574, 2201.842012098336
88.32984590530396, 2556.4733076888574, 2201.842012098336
88.81454730033875, 2556.4733076888574, 2201.842012098336
89.34213471412659, 2556.4733076888574, 2201.842012098336
89.81387257575989, 2556.4733076888574, 2201.842012098336
90.19185996055603, 2556.4733076888574, 2201.842012098336
90.60275959968567, 2541.4034272123795, 2201.6212216040094
90.84112119674683, 2541.4034272123795, 2201.6212216040094
91.5482280254364, 2534.4516072288106, 2201.5526128206675
91.80354428291321, 2534.4516072288106, 2201.5526128206675
92.57148718833923, 2555.6006175317702, 2201.542195117332
92.80586004257202, 2555.6006175317702, 2201.542195117332
93.5648283958435, 2538.390562462813, 2201.641685980393
93.69547891616821, 2538.390562462813, 2201.641685980393
93.86302995681763, 2538.390562462813, 2201.641685980393
94.32080340385437, 2538.390562462813, 2201.641685980393
94.82046556472778, 2538.390562462813, 2201.641685980393
95.53555107116699, 2537.7969493764895, 2201.5435783308944
95.84173107147217, 2537.7969493764895, 2201.5435783308944
96.29352307319641, 2537.7969493764895, 2201.5435783308944
96.62264060974121, 2537.7969493764895, 2201.5435783308944
96.82210564613342, 2537.7969493764895, 2201.5435783308944
97.33373594284058, 2537.7969493764895, 2201.5435783308944
97.81943583488464, 2537.7969493764895, 2201.5435783308944
98.31909799575806, 2537.7969493764895, 2201.5435783308944
98.6891074180603, 2537.7969493764895, 2201.5435783308944
98.85865354537964, 2537.7969493764895, 2201.5435783308944
99.3194191455841, 2537.7969493764895, 2201.5435783308944
100.03151297569275, 2538.8432149146493, 2201.8214164968285
100.55610799789429, 2537.79369927482, 2201.5993842566477
100.68775486946106, 2537.79369927482, 2201.5993842566477
100.85430979728699, 2537.79369927482, 2201.5993842566477
101.3320300579071, 2537.79369927482, 2201.5993842566477
101.84066915512085, 2537.79369927482, 2201.5993842566477
102.58467650413513, 2532.0551558363377, 2201.7886195138753
102.8200454711914, 2532.0551558363377, 2201.7886195138753
102.95368790626526, 2532.0551558363377, 2201.7886195138753
103.60394740104675, 2537.075720901655, 2201.7230576643005
104.32202386856079, 2537.075720901655, 2201.7230576643005
104.82068920135498, 2537.075720901655, 2201.7230576643005
105.33730602264404, 2537.075720901655, 2201.7230576643005
105.46695828437805, 2537.075720901655, 2201.7230576643005
105.81702184677124, 2537.075720901655, 2201.7230576643005
106.5600311756134, 2532.7200337238014, 2201.7391503220933
106.83330059051514, 2532.7200337238014, 2201.7391503220933
107.59825134277344, 2558.332486818671, 2201.634059552747
107.86952519416809, 2558.332486818671, 2201.634059552747
108.56964993476868, 2545.6912160503302, 2201.5477707918067
108.82895708084106, 2545.6912160503302, 2201.5477707918067
109.31764793395996, 2545.6912160503302, 2201.5477707918067
109.82129907608032, 2545.6912160503302, 2201.5477707918067
110.56031942367554, 2541.109733492917, 2201.6355145222665
111.02208375930786, 2543.571172225589, 2201.7222905296726
111.14176321029663, 2543.571172225589, 2201.7222905296726
111.56961727142334, 2540.6184558852674, 2201.620113111255
111.81795287132263, 2540.6184558852674, 2201.620113111255
112.30365204811096, 2540.6184558852674, 2201.620113111255
112.8102958202362, 2540.6184558852674, 2201.620113111255
113.56427812576294, 2535.12497002983, 2201.7976547412472
113.69991421699524, 2535.12497002983, 2201.7976547412472
114.10383296012878, 2539.9260405257387, 2201.6151634418384
115.06525921821594, 2553.4935482192413, 2201.62983420592
115.31459140777588, 2553.4935482192413, 2201.62983420592
115.4502284526825, 2553.4935482192413, 2201.62983420592
115.83519554138184, 2553.4935482192413, 2201.62983420592
115.97183036804199, 2553.4935482192413, 2201.62983420592
116.56324744224548, 2531.0240821286434, 2201.653724557154
116.82753849029541, 2531.0240821286434, 2201.653724557154
117.49375486373901, 2535.7245481884866, 2201.5392292115093
117.78597211837769, 2535.7245481884866, 2201.5392292115093
118.32253527641296, 2535.7245481884866, 2201.5392292115093
119.0745222568512, 2524.969950491239, 2201.572337543529
119.35277843475342, 2524.969950491239, 2201.572337543529
120.06985688209534, 2527.487886584569, 2201.621220693197
120.34212803840637, 2527.487886584569, 2201.621220693197
121.06419467926025, 2488.5747830198325, 2201.4729225235237
121.32150554656982, 2488.5747830198325, 2201.4729225235237
122.07049989700317, 2542.9164411195175, 2201.633685690122
122.32282376289368, 2542.9164411195175, 2201.633685690122
122.82747268676758, 2542.9164411195175, 2201.633685690122
123.30120491981506, 2542.9164411195175, 2201.633685690122
124.07114362716675, 2482.4669382916404, 2201.4728541076224
124.3194785118103, 2482.4669382916404, 2201.4728541076224
124.81814289093018, 2482.4669382916404, 2201.4728541076224
125.57611346244812, 2520.998187337953, 2201.710829203775
126.18249011039734, 2527.7263749209164, 2201.486218013786
126.86167120933533, 2527.7263749209164, 2201.486218013786
127.31645488739014, 2527.7263749209164, 2201.486218013786
127.818110704422, 2527.7263749209164, 2201.486218013786
128.66584038734436, 2523.3250436183043, 2201.6914302339783
129.3510057926178, 2523.3250436183043, 2201.6914302339783
130.11795330047607, 2537.5935617268788, 2201.6637104505635
131.11029505729675, 2491.5014767407924, 2201.4544461075648
131.81241536140442, 2491.5014767407924, 2201.4544461075648
132.5534315109253, 2528.1860467860092, 2201.308739973889
132.79578256607056, 2528.1860467860092, 2201.308739973889
133.67044067382812, 2517.738047336828, 2201.548568887145
134.33565831184387, 2517.738047336828, 2201.548568887145
134.81338119506836, 2517.738047336828, 2201.548568887145
135.47161722183228, 2487.6391643656034, 2201.368150079549
136.02613162994385, 2532.046613181589, 2201.495488904418
136.3293206691742, 2532.046613181589, 2201.495488904418
136.82998061180115, 2532.046613181589, 2201.495488904418
137.5869529247284, 2533.0076597723705, 2201.500262674623
137.84326672554016, 2533.0076597723705, 2201.500262674623
138.55436205863953, 2536.752508256753, 2201.586115980944
139.02410531044006, 2533.070234758318, 2201.703621167679
139.35023140907288, 2533.070234758318, 2201.703621167679
139.82994723320007, 2533.070234758318, 2201.703621167679
140.59390258789062, 2520.7032316874283, 2201.6494172870503
141.57028722763062, 2460.627629641499, 2201.4546306239463
141.85053658485413, 2460.627629641499, 2201.4546306239463
142.61050128936768, 2527.7243405177096, 2201.6585310423125
143.5978581905365, 2543.020643613649, 2201.615036857635
144.63906979560852, 2491.3461065630827, 2201.3457786613462
145.57057547569275, 2522.7322739418387, 2201.709419535764
145.84085249900818, 2522.7322739418387, 2201.709419535764
146.63372898101807, 2522.15985112796, 2201.428595889267
147.65399718284607, 2531.7373681463914, 2201.5064447335762
148.56555700302124, 2547.6833035429536, 2201.539080429753
149.0632255077362, 2546.5312853379937, 2201.62690064237
149.62970685958862, 2546.2413779210533, 2201.64955029224
150.67391109466553, 2529.8003395862993, 2201.512193444791
151.31918239593506, 2529.8003395862993, 2201.512193444791
151.85774087905884, 2529.8003395862993, 2201.512193444791
152.30155229568481, 2529.8003395862993, 2201.512193444791
152.8490867614746, 2529.8003395862993, 2201.512193444791
153.68285465240479, 2528.4089544978106, 2201.4820263889183
154.33111953735352, 2528.4089544978106, 2201.4820263889183
154.8397569656372, 2528.4089544978106, 2201.4820263889183
155.30750393867493, 2528.4089544978106, 2201.4820263889183
155.85703229904175, 2528.4089544978106, 2201.4820263889183
156.34472608566284, 2528.4089544978106, 2201.4820263889183
156.88926911354065, 2528.4089544978106, 2201.4820263889183
157.3450484275818, 2528.4089544978106, 2201.4820263889183
157.86964440345764, 2528.4089544978106, 2201.4820263889183
158.36132717132568, 2528.4089544978106, 2201.4820263889183
158.835058927536, 2528.4089544978106, 2201.4820263889183
159.29781985282898, 2528.4089544978106, 2201.4820263889183
159.8383719921112, 2528.4089544978106, 2201.4820263889183
160.36396503448486, 2528.4089544978106, 2201.4820263889183
160.82772207260132, 2528.4089544978106, 2201.4820263889183
161.3184108734131, 2528.4089544978106, 2201.4820263889183
161.83801746368408, 2528.4089544978106, 2201.4820263889183
162.60596132278442, 2536.2515488368977, 2201.588060802202
163.66711950302124, 2533.477649386779, 2201.6613859319264
164.6285457611084, 2541.6258036235818, 2201.4727328026415
165.31670451164246, 2541.6258036235818, 2201.4727328026415
165.8622419834137, 2541.6258036235818, 2201.4727328026415
166.31004285812378, 2541.6258036235818, 2201.4727328026415
167.1906876564026, 2524.831742595698, 2201.6365315919584
167.84992027282715, 2524.831742595698, 2201.6365315919584
168.13415908813477, 2524.831742595698, 2201.6365315919584
168.3854866027832, 2524.831742595698, 2201.6365315919584
169.10256624221802, 2526.426908747021, 2201.505695634659
169.80568408966064, 2526.426908747021, 2201.505695634659
170.27243399620056, 2523.4936913549477, 2201.6284392176785
170.83492827415466, 2523.4936913549477, 2201.6284392176785
171.33458995819092, 2523.4936913549477, 2201.6284392176785
171.8522036075592, 2523.4936913549477, 2201.6284392176785
172.39973950386047, 2530.477394704795, 2201.4736976427653
172.93131470680237, 2542.939125998376, 2201.501469114239
173.3362307548523, 2542.939125998376, 2201.501469114239
174.0114231109619, 2520.570418956223, 2201.5336756624506
174.33754968643188, 2520.570418956223, 2201.5336756624506
174.7295002937317, 2520.570418956223, 2201.5336756624506
174.94791674613953, 2520.570418956223, 2201.5336756624506
175.59318733215332, 2509.591360310147, 2201.4784219569588
176.09883403778076, 2527.0422134472033, 2201.543138128337
176.70221829414368, 2527.0422134472033, 2201.543138128337
176.93559527397156, 2527.0422134472033, 2201.543138128337
177.65666317939758, 2513.1424836424667, 2201.784176360828
178.60213160514832, 2532.475696287117, 2201.410379858567
178.76669335365295, 2532.475696287117, 2201.410379858567
179.5655517578125, 2531.032987336131, 2201.4849548635907
179.82984495162964, 2531.032987336131, 2201.4849548635907
180.5668706893921, 2509.7555664504994, 2201.7686211836926
180.8082251548767, 2509.7555664504994, 2201.7686211836926
180.95084261894226, 2509.7555664504994, 2201.7686211836926
181.55921459197998, 2530.2607822305304, 2201.5425443000718
181.7876033782959, 2530.2607822305304, 2201.5425443000718
182.56053280830383, 2522.8755926072254, 2201.685890146869
182.8068745136261, 2522.8755926072254, 2201.685890146869
183.56484532356262, 2539.31670458677, 2201.4883136291896
184.01862978935242, 2478.091531027662, 2201.2878164432927
184.13531947135925, 2478.091531027662, 2201.2878164432927
184.55918169021606, 2527.506494150079, 2201.7129931750246
184.82746386528015, 2527.506494150079, 2201.7129931750246
185.32313585281372, 2527.506494150079, 2201.7129931750246
185.80684161186218, 2527.506494150079, 2201.7129931750246
186.5777769088745, 2522.571385217994, 2201.5838671628712
186.83309388160706, 2522.571385217994, 2201.5838671628712
187.5671284198761, 2529.945263378525, 2201.451983085764
187.81945395469666, 2529.945263378525, 2201.451983085764
188.33108377456665, 2529.945263378525, 2201.451983085764
188.80581164360046, 2529.945263378525, 2201.451983085764
189.55181527137756, 2468.1847554844708, 2201.4410873420707
189.8041386604309, 2468.1847554844708, 2201.4410873420707
190.53318667411804, 2520.689159477128, 2201.5441064889715
190.82540464401245, 2520.689159477128, 2201.5441064889715
191.2901599407196, 2520.689159477128, 2201.5441064889715
191.82074117660522, 2520.689159477128, 2201.5441064889715
192.33137369155884, 2520.689159477128, 2201.5441064889715
192.84998440742493, 2520.689159477128, 2201.5441064889715
193.60496282577515, 2527.818341014767, 2201.4781158804
194.31605982780457, 2527.818341014767, 2201.4781158804
195.041118144989, 2482.1977197968313, 2201.411460317266
195.5966305732727, 2537.5764684271244, 2201.5935164107327
195.86690664291382, 2537.5764684271244, 2201.5935164107327
196.58697843551636, 2516.7818919874903, 2201.501668664843
197.07068371772766, 2515.8131740869035, 2201.4994708655304
197.55139684677124, 2512.6633146584513, 2201.6048785150033
198.02811908721924, 2519.965990395059, 2201.5299580401083
198.29141521453857, 2519.965990395059, 2201.5299580401083
198.812020778656, 2519.965990395059, 2201.5299580401083
199.56400752067566, 2481.690282192464, 2201.3695904596952
199.82730293273926, 2481.690282192464, 2201.3695904596952
200.60222840309143, 2522.4507200396006, 2201.5192830888127
201.2824079990387, 2522.4507200396006, 2201.5192830888127
202.06730484962463, 2529.4094868195416, 2201.5123088746195
202.5679647922516, 2479.162781560126, 2201.335755994521
202.81629967689514, 2479.162781560126, 2201.335755994521
203.3119719028473, 2479.162781560126, 2201.335755994521
204.0729353427887, 2544.6622218908237, 2201.6339884950444
204.30032753944397, 2544.6622218908237, 2201.6339884950444
204.8269169330597, 2544.6622218908237, 2201.6339884950444
205.5689299106598, 2537.1802964854655, 2201.481507236272
205.82125425338745, 2537.1802964854655, 2201.481507236272
206.51838898658752, 2522.678232788717, 2201.490618493006
206.8185839653015, 2522.678232788717, 2201.490618493006
207.52369713783264, 2531.589578537557, 2201.5987326054205
207.8238923549652, 2531.589578537557, 2201.5987326054205
208.56291437149048, 2474.2466118124385, 2201.4309458268563
208.81623601913452, 2474.2466118124385, 2201.4309458268563
209.55625534057617, 2514.139243786716, 2201.4874794160783
210.0359709262848, 2517.539220868144, 2201.501606499888
210.48377084732056, 2510.397517917999, 2201.5842549598437
210.82286286354065, 2510.397517917999, 2201.5842549598437
211.32950592041016, 2510.397517917999, 2201.5842549598437
211.8211898803711, 2510.397517917999, 2201.5842549598437
212.57118153572083, 2527.7041046423196, 2201.3932518026763
212.8294906616211, 2527.7041046423196, 2201.3932518026763
213.5685112476349, 2525.3174744785883, 2201.6524463439596
214.05321431159973, 2482.2697458802973, 2201.3396348416495
214.57082867622375, 2511.117175905502, 2201.563303977736
214.82913637161255, 2511.117175905502, 2201.563303977736
215.63298416137695, 2716.0157807028027, 124.34407263574045
216.3710081577301, 2716.0157807028027, 124.34407263574045
216.9025845527649, 2716.0157807028027, 124.34407263574045
217.36833810806274, 2716.0157807028027, 124.34407263574045
217.91188192367554, 2716.0157807028027, 124.34407263574045
218.39361262321472, 2716.0157807028027, 124.34407263574045
218.90225100517273, 2716.0157807028027, 124.34407263574045
219.37299013137817, 2716.0157807028027, 124.34407263574045
219.8766417503357, 2716.0157807028027, 124.34407263574045
222.12362504005432, 2482.0751170744584, 313.5587310278308
223.1279366016388, 3168.5182897430022, 533.6972080106781
223.8948826789856, 3168.5182897430022, 533.6972080106781
224.5770571231842, 2173.402673647414, 1206.3995627548354
225.13456416130066, 3499.547897971558, 19728.82494199894
226.10696053504944, 3084.5465039334426, 291.17432692553007
227.0544238090515, 2481.3643323557803, 2205.548437452346
227.30475401878357, 2481.3643323557803, 2205.548437452346
227.79344511032104, 2481.3643323557803, 2205.548437452346
228.48559308052063, 2468.6686900911873, 2205.5730080189524
229.03910946846008, 2403.6060654011685, 2206.1204703241665
229.31537079811096, 2403.6060654011685, 2206.1204703241665
229.81902241706848, 2403.6060654011685, 2206.1204703241665
230.32167649269104, 2403.6060654011685, 2206.1204703241665
231.05870270729065, 2356.0637273036286, 2208.186300603372
231.31900548934937, 2356.0637273036286, 2208.186300603372
232.06500887870789, 2396.0233313399167, 2205.412834365107
232.50183963775635, 2466.27346905698, 2205.7530743944944
233.07829523086548, 2427.5791581220797, 2204.7764292813686
233.32363867759705, 2427.5791581220797, 2204.7764292813686
234.08160972595215, 2340.933197912925, 2205.1223874695183
234.51245594024658, 2333.256004348346, 2204.1051703933995
235.0200960636139, 2346.0337791518723, 2204.681431947983
235.3173017501831, 2346.0337791518723, 2204.681431947983
236.0742735862732, 2321.5116668470214, 2204.364066445955
236.31662511825562, 2321.5116668470214, 2204.364066445955
237.02871918678284, 2323.341982130029, 2204.390187580521
237.31295728683472, 2323.341982130029, 2204.390187580521
238.05995750427246, 2331.012546374245, 2204.524903320183
238.32624411582947, 2331.012546374245, 2204.524903320183
238.81094622612, 2331.012546374245, 2204.524903320183
239.3076171875, 2331.012546374245, 2204.524903320183
239.7803521156311, 2331.012546374245, 2204.524903320183
240.31093049049377, 2331.012546374245, 2204.524903320183
241.03499341011047, 2400.4160930390194, 2204.9449937562417
241.31324672698975, 2400.4160930390194, 2204.9449937562417
241.7969515323639, 2400.4160930390194, 2204.9449937562417
242.57287430763245, 2427.998007775597, 2205.0420099637076
243.0555818080902, 2413.9713636472707, 2205.2239226256756
243.31688237190247, 2413.9713636472707, 2205.2239226256756
243.82452416419983, 2413.9713636472707, 2205.2239226256756
244.57252049446106, 2422.179747550322, 2204.91854895688
245.05474376678467, 2419.875990044641, 2205.2598615392003
245.54742288589478, 2435.2719591450787, 2205.1423845311742
246.0540668964386, 2417.031840515766, 2205.210339005684
246.2944209575653, 2417.031840515766, 2205.210339005684
246.79009342193604, 2417.031840515766, 2205.210339005684
247.3156886100769, 2417.031840515766, 2205.210339005684
247.8073709011078, 2417.031840515766, 2205.210339005684
248.3100244998932, 2417.031840515766, 2205.210339005684
249.0211203098297, 2427.7679398066907, 2205.2625005319173
249.55568933486938, 2428.383249879813, 2205.2229555695344
249.82098031044006, 2428.383249879813, 2205.2229555695344
250.31266331672668, 2428.383249879813, 2205.2229555695344
250.80434846878052, 2428.383249879813, 2205.2229555695344
251.31198716163635, 2428.383249879813, 2205.2229555695344
251.81464314460754, 2428.383249879813, 2205.2229555695344
252.55665469169617, 2409.236531419359, 2205.0374749671896
252.8159623146057, 2409.236531419359, 2205.0374749671896
253.5081081390381, 2408.9773333550847, 2205.0699371649653
253.80232000350952, 2408.9773333550847, 2205.0699371649653
254.56228470802307, 2422.5941484124755, 2205.067209971752
255.0499804019928, 2432.259710029892, 2205.038613346097
255.57856369018555, 2416.9433271149433, 2205.1336836822115
255.79997158050537, 2416.9433271149433, 2205.1336836822115
256.5468313694, 2424.3784430572755, 2205.021724145431
257.0764129161835, 2431.208014822982, 2204.910943846149
257.3237507343292, 2431.208014822982, 2204.910943846149
257.809449672699, 2431.208014822982, 2204.910943846149
258.60432147979736, 2409.317527719882, 2205.0494665747333
258.8456754684448, 2409.317527719882, 2205.0494665747333
259.3263883590698, 2409.317527719882, 2205.0494665747333
260.0594255924225, 2422.025076439081, 2204.5111301195393
260.3277072906494, 2422.025076439081, 2204.5111301195393
260.8413324356079, 2422.025076439081, 2204.5111301195393
261.317058801651, 2422.025076439081, 2204.5111301195393
262.07602620124817, 2402.0299214997794, 2204.7684598800297
262.30142307281494, 2402.0299214997794, 2204.7684598800297
262.81704330444336, 2402.0299214997794, 2204.7684598800297
263.5450930595398, 2412.6998925609137, 2204.8562068031633
263.82235050201416, 2412.6998925609137, 2204.8562068031633
264.5573823451996, 2405.1387105894974, 2204.7903940349433
265.0211408138275, 2409.8168039909588, 2204.7406273519478
265.3103668689728, 2409.8168039909588, 2204.7406273519478
265.80603981018066, 2409.8168039909588, 2204.7406273519478
266.50915813446045, 2400.002201352134, 2204.8697700874554
267.0437259674072, 2400.470424220155, 2204.9153322725892
267.5314199924469, 2401.4074440769077, 2204.956887986912
267.8076796531677, 2401.4074440769077, 2204.956887986912
268.3143243789673, 2401.4074440769077, 2204.956887986912
269.01444935798645, 2410.1984482581975, 2204.9079659374165
269.27974033355713, 2410.1984482581975, 2204.9079659374165
269.81031823158264, 2410.1984482581975, 2204.9079659374165
270.56330251693726, 2405.10531530306, 2204.8261532979213
270.81163692474365, 2405.10531530306, 2204.8261532979213
271.3043191432953, 2405.10531530306, 2204.8261532979213
271.8109612464905, 2405.10531530306, 2204.8261532979213
272.29067754745483, 2405.10531530306, 2204.8261532979213
272.8132779598236, 2405.10531530306, 2204.8261532979213
273.5961821079254, 2398.4802325085966, 2204.998277323947
273.8235728740692, 2398.4802325085966, 2204.998277323947
274.59550642967224, 2401.312826830865, 2204.992339222553
274.8318741321564, 2401.312826830865, 2204.992339222553
275.28665685653687, 2401.312826830865, 2204.992339222553
275.81224822998047, 2401.312826830865, 2204.992339222553
276.30193758010864, 2401.312826830865, 2204.992339222553
276.8045918941498, 2401.312826830865, 2204.992339222553
277.3062484264374, 2401.312826830865, 2204.992339222553
277.82186818122864, 2401.312826830865, 2204.992339222553
278.2916100025177, 2401.312826830865, 2204.992339222553
278.82318782806396, 2401.312826830865, 2204.992339222553
279.31686544418335, 2401.312826830865, 2204.992339222553
280.0419235229492, 2412.507691247844, 2204.815907302212
280.31220173835754, 2412.507691247844, 2204.815907302212
281.039253950119, 2407.8624961025344, 2204.702649694174
281.3175091743469, 2407.8624961025344, 2204.702649694174
281.9976887702942, 2402.0515181270557, 2204.8090821205856
282.49934482574463, 2404.679200093482, 2204.7647204186073
283.04289054870605, 2401.5073095801636, 2204.9639719733937
283.3181519508362, 2401.5073095801636, 2204.9639719733937
284.0561773777008, 2402.7022406593774, 2204.5045353643213
284.2885534763336, 2402.7022406593774, 2204.5045353643213
284.8061683177948, 2402.7022406593774, 2204.5045353643213
285.47836780548096, 2403.9483252388104, 2204.691621799977
286.00795006752014, 2398.1178254892643, 2204.632774834826
286.31812167167664, 2398.1178254892643, 2204.632774834826
287.0830726623535, 2413.455076677848, 2204.7063010548363
287.31644773483276, 2413.455076677848, 2204.7063010548363
288.0684344768524, 2398.790362403938, 2204.6106693237266
288.3297333717346, 2398.790362403938, 2204.6106693237266
289.07274436950684, 2398.7325293553513, 2204.5909954844974
289.50658226013184, 2393.315859898743, 2204.568291641589
290.0401554107666, 2400.649554908238, 2204.889288898364
290.30444717407227, 2400.649554908238, 2204.889288898364
291.06840229034424, 2405.253858881622, 2204.5700070703874
291.31374526023865, 2405.253858881622, 2204.5700070703874
292.0816879272461, 2394.6701467190546, 2204.8895857691673
292.32802867889404, 2394.6701467190546, 2204.8895857691673
292.79477882385254, 2394.6701467190546, 2204.8895857691673
293.5038809776306, 2404.2112813233844, 2204.7208978452204
294.06936621665955, 2410.4098953465723, 2204.7616770031073
294.3246829509735, 2410.4098953465723, 2204.7616770031073
294.83930587768555, 2410.4098953465723, 2204.7616770031073
295.30605602264404, 2410.4098953465723, 2204.7616770031073
296.0550513267517, 2399.205858842642, 2204.802086727186
296.3113646507263, 2399.205858842642, 2204.802086727186
297.06434774398804, 2384.2456156336175, 2204.8062372496265
297.29672598838806, 2384.2456156336175, 2204.8062372496265
298.0397357940674, 2406.37981250356, 2204.627805515733
298.31300473213196, 2406.37981250356, 2204.627805515733
299.0659885406494, 2400.238207078964, 2204.869902325377
299.5287489891052, 2394.0211983843483, 2204.8802694063816
300.07029962539673, 2407.9466123546185, 2204.7293413136535
300.31464529037476, 2407.9466123546185, 2204.7293413136535
301.0377094745636, 2403.79301029615, 2204.4836851412697
301.32095217704773, 2403.79301029615, 2204.4836851412697
302.0495102405548, 2393.976146736056, 2204.6265735348234
302.3108100891113, 2393.976146736056, 2204.6265735348234
303.0578100681305, 2393.404411777693, 2204.6296769488276
303.32210183143616, 2393.404411777693, 2204.6296769488276
304.0292088985443, 2391.743176587313, 2204.7667701230675
304.54383182525635, 2382.6217558931585, 2204.843165652962
305.0564594268799, 2392.217378022412, 2204.431256421115
305.5371735095978, 2386.0215140795467, 2204.885153615138
305.79847288131714, 2386.0215140795467, 2204.885153615138
306.5095682144165, 2393.8186282492165, 2204.744612512281
306.7768523693085, 2393.8186282492165, 2204.744612512281
307.3104238510132, 2393.8186282492165, 2204.744612512281
308.0743796825409, 2388.9494735163958, 2204.854531869685
308.32470774650574, 2388.9494735163958, 2204.854531869685
309.1036229133606, 2401.225579308033, 2204.801927398197
309.8067409992218, 2401.225579308033, 2204.801927398197
310.339314699173, 2401.225579308033, 2204.801927398197
311.06836223602295, 2383.568736361499, 2204.834174781075
311.32268142700195, 2383.568736361499, 2204.834174781075
312.0906255245209, 2388.1009946999466, 2204.9897111454115
312.32798981666565, 2388.1009946999466, 2204.9897111454115
313.05105447769165, 2387.0694440024336, 2204.9437087313736
313.31833839416504, 2387.0694440024336, 2204.9437087313736
313.7910723686218, 2387.0694440024336, 2204.9437087313736
314.3246433734894, 2387.0694440024336, 2204.9437087313736
315.0147969722748, 2391.3038203239016, 2204.8901742267017
315.3159899711609, 2391.3038203239016, 2204.8901742267017
316.0226426124573, 2396.7294112179957, 2204.751087627545
316.3208451271057, 2396.7294112179957, 2204.751087627545
316.99803137779236, 2391.1376503059114, 2204.5779742203295
317.31917214393616, 2391.1376503059114, 2204.5779742203295
317.81085538864136, 2391.1376503059114, 2204.5779742203295
318.3155047893524, 2391.1376503059114, 2204.5779742203295
318.78724193573, 2391.1376503059114, 2204.5779742203295
319.31083965301514, 2391.1376503059114, 2204.5779742203295
319.80451822280884, 2391.1376503059114, 2204.5779742203295
320.31315541267395, 2391.1376503059114, 2204.5779742203295
320.7988557815552, 2391.1376503059114, 2204.5779742203295
321.32345056533813, 2391.1376503059114, 2204.5779742203295
321.80216789245605, 2391.1376503059114, 2204.5779742203295
322.31579327583313, 2391.1376503059114, 2204.5779742203295
322.7755630016327, 2391.1376503059114, 2204.5779742203295
323.31511783599854, 2391.1376503059114, 2204.5779742203295
323.8077983856201, 2391.1376503059114, 2204.5779742203295
324.59569025039673, 3111.35060817348, 2205.301076991807
325.14621448516846, 2462.257795393124, 2203.633781100137
325.86429262161255, 2462.257795393124, 2203.633781100137
326.38190746307373, 2462.257795393124, 2203.633781100137
326.8576328754425, 2462.257795393124, 2203.633781100137
327.54579162597656, 2421.9452182987075, 2205.0371334151637
328.0155336856842, 2432.658651571503, 2204.9100074157514
328.2788276672363, 2432.658651571503, 2204.9100074157514
328.8114011287689, 2432.658651571503, 2204.9100074157514
329.26518726348877, 2432.658651571503, 2204.9100074157514
329.76584696769714, 2432.658651571503, 2204.9100074157514
330.54775309562683, 2397.906793161623, 2205.3718148980556
330.81802892684937, 2397.906793161623, 2205.3718148980556
331.58397817611694, 2464.7222434625705, 2206.459861613317
332.0417528152466, 2430.5259600137115, 2204.9971233989945
332.3110330104828, 2430.5259600137115, 2204.9971233989945
332.8126883506775, 2430.5259600137115, 2204.9971233989945
333.3432683944702, 2430.5259600137115, 2204.9971233989945
333.8189945220947, 2430.5259600137115, 2204.9971233989945
334.3475797176361, 2430.5259600137115, 2204.9971233989945
334.7864043712616, 2430.5259600137115, 2204.9971233989945
335.53639698028564, 2408.1902378394366, 2205.124593981979
335.8206350803375, 2408.1902378394366, 2205.124593981979
336.59556007385254, 2401.0877949489927, 2204.9697436082947
337.55399441719055, 2405.3665962395785, 2205.0858803283563
337.81030797958374, 2405.3665962395785, 2205.0858803283563
338.32094073295593, 2405.3665962395785, 2205.0858803283563
338.80364894866943, 2405.3665962395785, 2205.0858803283563
339.30430841445923, 2405.3665962395785, 2205.0858803283563
340.03435492515564, 2425.4206916283633, 2204.8873966615884
340.5619406700134, 2410.857006111416, 2204.674788011425
340.80927777290344, 2410.857006111416, 2204.674788011425
341.30794310569763, 2410.857006111416, 2204.674788011425
341.8135895729065, 2410.857006111416, 2204.674788011425
342.306271314621, 2410.857006111416, 2204.674788011425
342.82089281082153, 2410.857006111416, 2204.674788011425
343.3145709037781, 2410.857006111416, 2204.674788011425
343.8062539100647, 2410.857006111416, 2204.674788011425
344.30491971969604, 2410.857006111416, 2204.674788011425
344.820538520813, 2410.857006111416, 2204.674788011425
345.3112246990204, 2410.857006111416, 2204.674788011425
346.0662040710449, 2393.0933271517497, 2205.041346581187
346.28461813926697, 2393.0933271517497, 2205.041346581187
346.81918692588806, 2393.0933271517497, 2205.041346581187
347.5552182197571, 2395.1499791395213, 2204.887787770964
348.0209701061249, 2399.6757040953703, 2204.8164991671247
348.4986915588379, 2399.8596428933492, 2204.922740865376
348.8218250274658, 2399.8596428933492, 2204.922740865376
349.3205056190491, 2399.8596428933492, 2204.922740865376
350.0465462207794, 2404.105162734298, 2204.8598371214957
350.31582593917847, 2404.105162734298, 2204.8598371214957
350.82147121429443, 2404.105162734298, 2204.8598371214957
351.5126209259033, 2393.0285474163466, 2204.7140901186744
351.8178038597107, 2393.0285474163466, 2204.7140901186744
352.3025071620941, 2393.0285474163466, 2204.7140901186744
352.81912326812744, 2393.0285474163466, 2204.7140901186744
353.3088114261627, 2393.0285474163466, 2204.7140901186744
353.81944489479065, 2393.0285474163466, 2204.7140901186744
354.5305407047272, 2384.944021638698, 2204.7730577373227
355.02920603752136, 2381.943433402127, 2204.893948303886
355.29250049591064, 2381.943433402127, 2204.893948303886
356.0395007133484, 2401.939107280374, 2204.6934052084835
356.31675910949707, 2401.939107280374, 2204.6934052084835
357.04381227493286, 2391.4327683486413, 2205.0493587554665
357.28416895866394, 2391.4327683486413, 2205.0493587554665
358.0730564594269, 2399.0566264878407, 2204.9358056260953
358.3024423122406, 2399.0566264878407, 2204.9358056260953
359.0394685268402, 2385.2321273243438, 2204.724964253887
359.3107421398163, 2385.2321273243438, 2204.724964253887
359.8024251461029, 2385.2321273243438, 2204.724964253887
360.2951066493988, 2385.2321273243438, 2204.724964253887
361.05207991600037, 2401.881646145788, 2204.894096652773
361.3054015636444, 2401.881646145788, 2204.894096652773
362.0543963909149, 2401.747403116631, 2204.725983972402
362.30971217155457, 2401.747403116631, 2204.725983972402
363.0228033065796, 2412.1541054631607, 2204.8695785167783
363.31302642822266, 2412.1541054631607, 2204.8695785167783
364.0660104751587, 2406.9032620744097, 2204.8130487429958
364.3223235607147, 2406.9032620744097, 2204.8130487429958
365.06134486198425, 2396.85667681387, 2204.9749798048824
365.32164883613586, 2396.85667681387, 2204.9749798048824
365.8013644218445, 2396.85667681387, 2204.9749798048824
366.509468793869, 2395.448268513441, 2204.918105343533
366.806672334671, 2395.448268513441, 2204.918105343533
367.32827711105347, 2395.448268513441, 2204.918105343533
368.0902359485626, 2395.0553871129014, 2204.9208485192785
368.81130623817444, 2395.0553871129014, 2204.9208485192785
369.3069791793823, 2395.0553871129014, 2204.9208485192785
370.0619568824768, 2389.561376897933, 2204.995824930487
370.31727385520935, 2389.561376897933, 2204.995824930487
371.07324862480164, 2403.622785833688, 2204.988311055807
371.3285653591156, 2403.622785833688, 2204.988311055807
371.81227135658264, 2403.622785833688, 2204.988311055807
372.3149240016937, 2403.622785833688, 2204.988311055807
373.074889421463, 2396.9173087428653, 2204.8081802349866
373.32123017311096, 2396.9173087428653, 2204.8081802349866
374.07421350479126, 2397.3343942563465, 2204.9461295202113
374.3195571899414, 2397.3343942563465, 2204.9461295202113
375.0755331516266, 2400.133339912439, 2204.8614079280546
375.31888151168823, 2400.133339912439, 2204.8614079280546
376.06787610054016, 2388.7783348963876, 2204.979601338143
376.5306372642517, 2394.453887650682, 2204.8480962231297
376.7899432182312, 2394.453887650682, 2204.8480962231297
377.3275029659271, 2394.453887650682, 2204.8480962231297
378.06353187561035, 2385.4365895427986, 2205.173183079365
378.3208441734314, 2385.4365895427986, 2205.173183079365
379.06511521339417, 2423.839477709871, 2204.8599405904574
379.3104577064514, 2423.839477709871, 2204.8599405904574
380.0544662475586, 2401.312646490614, 2204.789314731066
380.51623034477234, 2394.453297233132, 2205.1719248688155
381.06376361846924, 2378.1825463347755, 2204.8010870459843
381.5514590740204, 2388.860938311181, 2205.120116735292
381.80278515815735, 2388.860938311181, 2205.120116735292
382.31991147994995, 2388.860938311181, 2205.120116735292
382.78267431259155, 2388.860938311181, 2205.120116735292
383.310259103775, 2388.860938311181, 2205.120116735292
383.8228859901428, 2388.860938311181, 2205.120116735292
384.2926285266876, 2388.860938311181, 2205.120116735292
384.9937527179718, 2402.051897732053, 2205.13063391393
385.3138937950134, 2402.051897732053, 2205.13063391393
386.05989718437195, 2403.0595075214155, 2205.1766334195754
386.3421416282654, 2403.0595075214155, 2205.1766334195754
387.02331709861755, 2405.2993972824643, 2205.0874478305473
387.3135404586792, 2405.2993972824643, 2205.0874478305473
387.98873376846313, 2416.281936448808, 2205.155827982795
388.30787777900696, 2416.281936448808, 2205.155827982795
388.78061294555664, 2416.281936448808, 2205.155827982795
389.3121888637543, 2416.281936448808, 2205.155827982795
389.82880663871765, 2416.281936448808, 2205.155827982795
390.3204896450043, 2416.281936448808, 2205.155827982795
391.1373028755188, 2385.01645885417, 2205.086522594248
391.79964208602905, 2385.01645885417, 2205.086522594248
392.31526160240173, 2385.01645885417, 2205.086522594248
393.0492968559265, 2384.583683463947, 2204.9877820751376
393.3105962276459, 2384.583683463947, 2204.9877820751376
393.7952980995178, 2384.583683463947, 2204.9877820751376
394.56723189353943, 2390.0805569009913, 2204.8293440950956
394.79462337493896, 2390.0805569009913, 2204.8293440950956
395.3132357597351, 2390.0805569009913, 2204.8293440950956
395.81588983535767, 2390.0805569009913, 2204.8293440950956
396.55590748786926, 2395.540777732989, 2205.111342183828
396.8042435646057, 2395.540777732989, 2205.111342183828
397.3128807544708, 2395.540777732989, 2205.111342183828
398.0100145339966, 2392.439265440777, 2205.0166380593705
398.3171925544739, 2392.439265440777, 2205.0166380593705
398.8148593902588, 2392.439265440777, 2205.0166380593705
399.6755554676056, 3684.9439971124725, 81.1292604453652
400.423552274704, 3684.9439971124725, 81.1292604453652
400.904265165329, 3684.9439971124725, 81.1292604453652
401.4278633594513, 3684.9439971124725, 81.1292604453652
401.9075779914856, 3684.9439971124725, 81.1292604453652
402.6087019443512, 2251.051291717966, 147.43092302751867
403.651908159256, 3865.9630028063384, 908.426886998699
404.5864062309265, 3217.060262722396, 615.8828642954128
404.8487045764923, 3217.060262722396, 615.8828642954128
405.6196401119232, 3875.1749135207747, 414.8690858261166
406.37162709236145, 3875.1749135207747, 414.8690858261166
406.8523404598236, 3875.1749135207747, 414.8690858261166
407.60033655166626, 2446.863887080999, 294.7379368593212
408.66349029541016, 3385.132690174801, 401.26622385871246
409.4074981212616, 3385.132690174801, 401.26622385871246
409.8912031650543, 3385.132690174801, 401.26622385871246
410.6062879562378, 915.796697776531, 529.6074505457136
411.6674470901489, 2317.3649604209727, 690.0275850028868
412.3954975605011, 2317.3649604209727, 690.0275850028868
413.63617610931396, 3012.1804156394364, 124.87581124433923
414.64447569847107, 3857.9075302184638, 124.97726057245572
415.63981199264526, 3561.3375610459548, -619.0472525677774
416.39379239082336, 3561.3375610459548, -619.0472525677774
417.0759663581848, 60706.04814658361, 57.68490158809576
417.36120319366455, 60706.04814658361, 57.68490158809576
418.5809371471405, 3443.22067566741, 349.3143831814185
418.8522117137909, 3443.22067566741, 349.3143831814185
419.5732800960541, 2774.261627728936, 602.6514824941391
420.0849120616913, 3868.0384341110334, 124.69364697575907
420.57362723350525, -34137.777185655985, 579.2142329578295
420.85188341140747, -34137.777185655985, 579.2142329578295
421.3026750087738, -34137.777185655985, 579.2142329578295
422.074609041214, 3463.4384710798463, 233.02660266593918
422.3608419895172, 3463.4384710798463, 233.02660266593918
422.86848306655884, 3463.4384710798463, 233.02660266593918
423.6753227710724, 2595.794139284171, 489.60276407953006
424.3953945636749, 2595.794139284171, 489.60276407953006
425.0336866378784, 2098.990211830541, 261.22397763965887
425.30894780158997, 2098.990211830541, 261.22397763965887
425.87942123413086, 2098.990211830541, 261.22397763965887
426.35514855384827, 2098.990211830541, 261.22397763965887
426.8667800426483, 2098.990211830541, 261.22397763965887
427.5718901157379, 3216.170555918231, 441.4730438386932
428.1184265613556, 2703.352516293518, 503.12769372523974
429.1386947631836, 3648.988745291263, 670.6224465989748
429.8886868953705, 3648.988745291263, 670.6224465989748
430.3743860721588, 3648.988745291263, 670.6224465989748
431.14831471443176, 2117.400136744644, 447.8647368392964
433.5119867324829, 2696.781499404393, 679.9695394675738
434.1223509311676, 2378.301048315986, 237.19829937543926
434.87832713127136, 2378.301048315986, 237.19829937543926
435.3789873123169, 2378.301048315986, 237.19829937543926
437.17118883132935, 3583.6980658763728, 151.04942745177766
438.0817506313324, -8768.743795792954, 486.48545458489167
438.3091413974762, -8768.743795792954, 486.48545458489167
439.073096036911, 3001.774048403022, 69.95446249352935
439.35933017730713, 3001.774048403022, 69.95446249352935
441.1305875778198, 2901.5941433446183, 626.5676859409243
442.07406067848206, 3594.0844556762677, 176.56950860779733
442.5707311630249, 67351.8047664032, 281.81335497040874
443.13821268081665, 3933.996364004786, 316.1655884756411
444.1145980358124, 1506.0919426262458, 524.7145322272977
445.20467925071716, 1848.6167688182807, 569.1580052480908
446.14017486572266, 3100.7670174943664, 741.0947831370768
447.1953492164612, 2134.4925494524155, 383.4833288074641
448.12486028671265, 2605.166857588071, 115.3288662695209
449.18502163887024, 2666.659128866273, 234.24944899106222
450.12749886512756, 2556.048996412625, 47.7138665326985
451.41505193710327, 3049.094784808855, 103.96974919723253
452.11617398262024, 3530.9353334848915, 223.41232761345185
453.17833042144775, 2251.165874712371, 340.1862364179909
454.1158196926117, 3274.835758032281, 394.4922693411497
455.1480567455292, 3443.402942454431, 267.25988580308103
456.147381067276, 3465.6982793108286, 459.8393926281081
456.90335750579834, 3465.6982793108286, 459.8393926281081
457.67229771614075, 3160.927690700863, 39.64363732127661
458.4023439884186, 3160.927690700863, 39.64363732127661
459.1333866119385, 3176.990619446609, 257.5698207244447
460.1716070175171, 3525.2527778536846, 274.08400572730096
461.1769151687622, 3091.723690999353, 66.17511543359122
461.8461227416992, 3091.723690999353, 66.17511543359122
462.36772751808167, 3091.723690999353, 66.17511543359122
463.1037566661835, 1958.3589339165617, 172.0606568607958
463.8876578807831, 1958.3589339165617, 172.0606568607958
465.70977878570557, 2344.6627588276933, 180.45324828828052
466.4876961708069, 2344.6627588276933, 180.45324828828052
467.0033166408539, 2344.6627588276933, 180.45324828828052
467.465078830719, 2344.6627588276933, 180.45324828828052
467.9547817707062, 2344.6627588276933, 180.45324828828052
468.6229784488678, 3626.8611541386026, 93.50896638390901
469.61631894111633, 3218.2017452731684, 29506.4216642484
471.0784034729004, 2207.078674842722, 132.74473912299254
471.39555501937866, 2207.078674842722, 132.74473912299254
472.12260699272156, 3705.3793955776396, 428.71742012641425
474.0983169078827, 1387.7779111992472, 551.5170519142516
474.83235216140747, 1387.7779111992472, 551.5170519142516
475.6352026462555, 2277.0589093609806, 408.9521503410693
476.62953996658325, 3435.51842794524, 443.9766032897169
477.65379762649536, 3357.567064651213, -11130.331123882394
478.4027910232544, 3357.567064651213, -11130.331123882394
478.87053894996643, 3357.567064651213, -11130.331123882394
479.6564350128174, 3609.9956287782393, 466.48488227236277
480.40542912483215, 3609.9956287782393, 466.48488227236277
480.8801577091217, 3609.9956287782393, 466.48488227236277
482.1148524284363, -4286.794472002989, 279.7594824258346
483.05533361434937, -42041.38870794614, 17.57410323576565
483.6657004356384, 2394.7060094802305, 28.97712887472244
484.6311140060425, 3413.431874101558, 268.45594458424307
486.67364478111267, 2953.2280556871665, 237.868017772344
487.6729693412781, 3533.1568991877907, 328.5249732388572
488.608464717865, 3251.1057728326473, 15.31138326202492
489.59582018852234, 3278.2090570631585, 202.04279316444146
489.84216141700745, 3278.2090570631585, 202.04279316444146
490.5602388381958, 1792.008449095019, 651.768932307511
491.06787967681885, 3086.4922974995015, 151.849561965963
491.34214448928833, 3086.4922974995015, 151.849561965963
492.0582296848297, 2786.6752337830435, 39.21876668889343
492.60376715660095, 3455.456615641662, 155.83562538972686
493.1812205314636, 3216.493783832485, 544.8491900950178
494.06984186172485, 2245.988822266498, 407.41027502494177
494.37402629852295, 2245.988822266498, 407.41027502494177
495.1200304031372, 2854.238810867004, 273.2379329974303
496.07547092437744, 3494.324991191517, 15.164136448503942
496.6140286922455, 2475.718148378569, -106.85439345604112
497.3739938735962, 2475.718148378569, -106.85439345604112
497.9035756587982, 2475.718148378569, -106.85439345604112
498.3433985710144, 2475.718148378569, -106.85439345604112
499.12929368019104, 2223.3553608886573, 239.22035318610997
499.89823484420776, 2223.3553608886573, 239.22035318610997
500.3849313259125, 2223.3553608886573, 239.22035318610997
501.0222260951996, -44679.4954730628, 313.69252809626073
501.60865592956543, 14390.264511965632, 331.81386933089135
502.36862325668335, 14390.264511965632, 331.81386933089135
502.8563141822815, 14390.264511965632, 331.81386933089135
503.6122901439667, 2559.4403084391406, 273.02288327782867
504.5627462863922, 2209.651609433775, 2212.0827556012787
504.83501625061035, 2209.651609433775, 2212.0827556012787
506.0707070827484, 1992.7841846981728, 168.80104484094582
506.37888169288635, 1992.7841846981728, 168.80104484094582
507.108927488327, 2309.4551461642873, 20.102018572407523
508.07733368873596, 14916.38822231782, 511.080909876932
508.5939509868622, 1073.4516719601359, 290.66208750027727
509.3868284225464, 1073.4516719601359, 290.66208750027727
510.09792399406433, 2369.8877913380866, 572.0430448042464
511.1560904979706, 1397.4406334655373, 119.98208838715759
511.92203974723816, 1397.4406334655373, 119.98208838715759
512.4326725006104, 1397.4406334655373, 119.98208838715759
513.141773223877, 2683.452750170511, 39.91309431478455
514.2787296772003, 3721.095393232582, 44.170694988166275
514.9918196201324, 3721.095393232582, 44.170694988166275
515.4765226840973, 3721.095393232582, 44.170694988166275
516.1945989131927, 2640.291885618257, 308.1971762796829
518.1144585609436, 2224.243270098935, 290.15480353944344
519.1586627960205, 521.4910918031685, -1234.9227198793321
519.9645047187805, 521.4910918031685, -1234.9227198793321
520.4442207813263, 521.4910918031685, -1234.9227198793321
520.9488697052002, 521.4910918031685, -1234.9227198793321
521.4495286941528, 521.4910918031685, -1234.9227198793321
522.1895468235016, 4285.502907265981, 235.72337009338668
523.163937330246, 2966.885447766843, 1969.78291448555
523.9149270057678, 2966.885447766843, 1969.78291448555
524.3896551132202, 2966.885447766843, 1969.78291448555
524.8524181842804, 2966.885447766843, 1969.78291448555
525.5884499549866, 2958.2079498406624, 379.97436504402367
526.2057936191559, 3868.5258914774786, -46572.486719648376
527.0884294509888, 3569.248906736134, 480.7047842427449
527.8793115615845, 3569.248906736134, 480.7047842427449
528.6332924365997, 3388.2260517219834, 483.2709432686552
529.411211013794, 3388.2260517219834, 483.2709432686552
529.9058849811554, 3388.2260517219834, 483.2709432686552
530.5930454730988, 2651.6037985092416, 283.0132801780346
530.8693063259125, 2651.6037985092416, 283.0132801780346
531.6601884365082, 3182.8304858167858, 594.324677862565
532.4161639213562, 3182.8304858167858, 594.324677862565
532.9058523178101, 3182.8304858167858, 594.324677862565
533.4324419498444, 3182.8304858167858, 594.324677862565
533.8822386264801, 3182.8304858167858, 594.324677862565
534.6003158092499, 2656.938252560137, 255.86106110971573
535.0720524787903, 2239.835114934758, 218.35511531543185
536.6378600597382, 2764.8962661447276, 216.5484658660079
537.6122505664825, 2805.1593102323836, 294.3847510791594
538.560711145401, 3324.7585667154794, 129.83770856382597
539.0892972946167, 3366.0713186651415, 32.9246255046928
539.582973241806, 2372.4239287776013, 2205.057292112928
539.8382904529572, 2372.4239287776013, 2205.057292112928
540.5493855476379, 2369.8078143385783, 2205.1709926913645
541.0336010456085, 2379.8281793810615, 2204.9826166054004
541.5821309089661, 2370.1772856760826, 2205.0147763951722
541.8204941749573, 2370.1772856760826, 2205.0147763951722
542.3231468200684, 2370.1772856760826, 2205.0147763951722
542.8218116760254, 2370.1772856760826, 2205.0147763951722
543.305516242981, 2370.1772856760826, 2205.0147763951722
544.0206019878387, 2386.032571851716, 2205.180997634835
544.5372185707092, 2389.330777267282, 2204.8969012152056
544.8124811649323, 2389.330777267282, 2204.8969012152056
545.5415291786194, 2391.3444495738377, 2205.0626909641805
545.7998371124268, 2391.3444495738377, 2205.0626909641805
546.519909620285, 2372.796741504469, 2205.0895864740883
546.8051462173462, 2372.796741504469, 2205.0895864740883
547.5621185302734, 2379.353018821386, 2205.0255806034647
547.8124485015869, 2379.353018821386, 2205.0255806034647
548.3250765800476, 2379.353018821386, 2205.0255806034647
548.8107762336731, 2379.353018821386, 2205.0255806034647
549.6485321521759, 1692.1133880348527, 92.2002773050717
550.6638078689575, 2234.8664065406815, 264.5314767955354
551.6401932239532, 1771.3971775246114, 445.37665952902654
552.622563123703, 2641.9156431446545, 472.7300993921398
553.3715572357178, 2641.9156431446545, 472.7300993921398
553.9151012897491, 2641.9156431446545, 472.7300993921398
554.3708825111389, 2641.9156431446545, 472.7300993921398
554.9044528007507, 2641.9156431446545, 472.7300993921398
555.4021210670471, 2641.9156431446545, 472.7300993921398
555.9097607135773, 2641.9156431446545, 472.7300993921398
556.5679988861084, 3249.1020917461187, 290.4717776591962
557.0925941467285, 2982.1957816092704, -93.55572464169047
557.8994331359863, 2982.1957816092704, -93.55572464169047
558.3272893428802, 2982.1957816092704, -93.55572464169047
559.1291408538818, 3156.0255398113627, 636.7234028189058
559.8930947780609, 3156.0255398113627, 636.7234028189058
560.5902283191681, 3160.106392090339, 412.91041271032356
560.918349981308, 3160.106392090339, 412.91041271032356
561.3990631103516, 3160.106392090339, 412.91041271032356
562.0922064781189, 2956.3232465905553, 104.4350012488973
562.3285739421844, 2956.3232465905553, 104.4350012488973
563.0755732059479, 2581.332016470185, 451.33095632228793
563.3767669200897, 2581.332016470185, 451.33095632228793
563.8834109306335, 2581.332016470185, 451.33095632228793
564.3750936985016, 2581.332016470185, 451.33095632228793
565.0772137641907, 2391.59800165574, 2204.7636210944224
565.5230205059052, 2377.6234733825336, 2204.889160536608
566.062575340271, 2367.524348956026, 2204.990163207011
566.3198878765106, 2367.524348956026, 2204.990163207011
567.0579102039337, 2398.7231682612983, 2204.8419694382715
567.3132264614105, 2398.7231682612983, 2204.8419694382715
568.0502526760101, 2373.579194444742, 2205.1139464206776
568.3085618019104, 2373.579194444742, 2205.1139464206776
569.0605480670929, 2373.8302319114878, 2204.871515519102
569.3158648014069, 2373.8302319114878, 2204.871515519102
569.8045556545258, 2373.8302319114878, 2204.871515519102
570.2912526130676, 2373.8302319114878, 2204.871515519102
571.0631861686707, 2392.368498341176, 2204.8622694928245
571.5139491558075, 2394.2093301136215, 2205.1414339094563
572.0774393081665, 2381.8527455704498, 2205.0306086717305
572.3207890987396, 2381.8527455704498, 2205.0306086717305
573.0767638683319, 2395.1553730148535, 2204.9604546696487
573.3241016864777, 2395.1553730148535, 2204.9604546696487
573.8167819976807, 2395.1553730148535, 2204.9604546696487
574.5448331832886, 2413.329802828561, 2204.9837874346545
574.8131146430969, 2413.329802828561, 2204.9837874346545
575.3097846508026, 2413.329802828561, 2204.9837874346545
576.0587787628174, 2406.6560150958844, 2204.9296915862537
576.3061168193817, 2406.6560150958844, 2204.9296915862537
576.9882898330688, 2412.7498047788877, 2205.110640162274
577.2994575500488, 2412.7498047788877, 2205.110640162274
577.8090913295746, 2412.7498047788877, 2205.110640162274
578.3007757663727, 2412.7498047788877, 2205.110640162274
579.0936517715454, 2412.9887157503163, 2205.281860224919
579.3310170173645, 2412.9887157503163, 2205.281860224919
580.0740270614624, 2436.185618528271, 2205.3572700867626
581.1232187747955, 2413.876448466901, 2205.172410002012
582.0696842670441, 2443.7597254877355, 2205.3808302152324
582.3439514636993, 2443.7597254877355, 2205.3808302152324
582.8296489715576, 2443.7597254877355, 2205.3808302152324
583.3283138275146, 2443.7597254877355, 2205.3808302152324
584.0653400421143, 2429.2865217368376, 2205.2070001582424
584.3236484527588, 2429.2865217368376, 2205.2070001582424
585.02676653862, 2403.9907220052373, 2205.220887096951
585.2820813655853, 2403.9907220052373, 2205.220887096951
585.7897238731384, 2403.9907220052373, 2205.220887096951
586.3083345890045, 2403.9907220052373, 2205.220887096951
587.0493502616882, 2410.7563872841, 2205.260897109656
587.3565278053284, 2410.7563872841, 2205.260897109656
587.8212835788727, 2410.7563872841, 2205.260897109656
588.3249337673187, 2410.7563872841, 2205.260897109656
588.8226017951965, 2410.7563872841, 2205.260897109656
589.3132886886597, 2410.7563872841, 2205.260897109656
589.809957742691, 2410.7563872841, 2205.260897109656
590.3176229000092, 2410.7563872841, 2205.260897109656
590.7813806533813, 2410.7563872841, 2205.260897109656
591.3189420700073, 2410.7563872841, 2205.260897109656
591.8036451339722, 2410.7563872841, 2205.260897109656
592.3212585449219, 2410.7563872841, 2205.260897109656
593.030359506607, 2404.165177413388, 2205.352465817651
593.5130662918091, 2569.0536041573587, 2205.6591161991405
593.7793536186218, 2569.0536041573587, 2205.6591161991405
594.3079376220703, 2569.0536041573587, 2205.6591161991405
595.0609228610992, 2437.5828164641757, 2205.5299589174474
595.5336561203003, 2451.8775893431307, 2205.371600570633
595.8079221248627, 2451.8775893431307, 2205.371600570633
596.3245387077332, 2451.8775893431307, 2205.371600570633
596.8112354278564, 2451.8775893431307, 2205.371600570633
597.5751900672913, 2409.820823712021, 2205.3390397542034
597.7816379070282, 2409.820823712021, 2205.3390397542034
598.3191976547241, 2409.820823712021, 2205.3390397542034
598.8048968315125, 2409.820823712021, 2205.3390397542034
599.3155298233032, 2409.820823712021, 2205.3390397542034
600.061532497406, 2435.8786111629606, 2205.3625486287765
600.5542137622833, 2446.365350460447, 2205.4675659957147
601.0149800777435, 2409.2044892447702, 2205.282165523661
601.3062002658844, 2409.2044892447702, 2205.282165523661
601.7918994426727, 2409.2044892447702, 2205.282165523661
602.2995400428772, 2409.2044892447702, 2205.282165523661
602.8061833381653, 2409.2044892447702, 2205.282165523661
603.5581703186035, 2451.377391952531, 2205.4504823802017
603.7915449142456, 2451.377391952531, 2205.4504823802017
604.5325605869293, 2456.9450569737924, 2205.407817474582
604.8048324584961, 2456.9450569737924, 2205.407817474582
605.5428552627563, 2451.5859239837396, 2205.5151654286974
605.813131570816, 2451.5859239837396, 2205.5151654286974
606.5611295700073, 2439.9794397487935, 2205.445764466237
606.8314046859741, 2439.9794397487935, 2205.445764466237
607.5604541301727, 2448.2047075840655, 2205.37400807555
607.7988159656525, 2448.2047075840655, 2205.37400807555
608.3154315948486, 2448.2047075840655, 2205.37400807555
608.8081126213074, 2448.2047075840655, 2205.37400807555
609.2868318557739, 2448.2047075840655, 2205.37400807555
610.0517845153809, 2423.0138833049946, 2205.3259062744823
610.3579626083374, 2423.0138833049946, 2205.3259062744823
610.8446598052979, 2423.0138833049946, 2205.3259062744823
611.5667259693146, 2432.337062667292, 2205.375368662581
611.817055940628, 2432.337062667292, 2205.375368662581
612.2867980003357, 2432.337062667292, 2205.375368662581
613.0268158912659, 2443.5211036730784, 2205.4629628152898
613.539443731308, 2430.0204594262755, 2205.5105332437274
613.799747467041, 2430.0204594262755, 2205.5105332437274
614.3233444690704, 2430.0204594262755, 2205.5105332437274
615.0902905464172, 3886.3029549124217, 452.80296302416036
615.9081010818481, 3886.3029549124217, 452.80296302416036
616.5394105911255, 2429.2609640494975, 2205.082852988447
616.7867500782013, 2429.2609640494975, 2205.082852988447
617.5566866397858, 2414.3916349227306, 2205.1082025734827
617.7980401515961, 2414.3916349227306, 2205.1082025734827
618.6108639240265, 3341.960740099033, 516.9764816142118
619.5304021835327, 2399.752828595521, 2205.3821919600296
619.8096544742584, 2399.752828595521, 2205.3821919600296
620.3043296337128, 2399.752828595521, 2205.3821919600296
621.0603060722351, 2394.863771186382, 2205.1819676996083
621.3226029872894, 2394.863771186382, 2205.1819676996083
621.8182771205902, 2394.863771186382, 2205.1819676996083
622.5612862110138, 2405.785002300937, 2205.2621988597407
622.8086242675781, 2405.785002300937, 2205.2621988597407
623.5486423969269, 2411.453215077643, 2205.3211094938197
623.8338787555695, 2411.453215077643, 2205.3211094938197
624.5599353313446, 2402.0022740209533, 2205.3397006765827
624.8032836914062, 2402.0022740209533, 2205.3397006765827
625.6220903396606, 2375.930077925091, 59080.50624430353
626.576534986496, 2444.421303755205, 2205.354851096792
626.8228750228882, 2444.421303755205, 2205.354851096792
627.3155570030212, 2444.421303755205, 2205.354851096792
627.8212020397186, 2444.421303755205, 2205.354851096792
628.2999203205109, 2444.421303755205, 2205.354851096792
628.8085584640503, 2444.421303755205, 2205.354851096792
629.2962527275085, 2444.421303755205, 2205.354851096792
629.85475730896, 2444.421303755205, 2205.354851096792
630.3135287761688, 2444.421303755205, 2205.354851096792
631.0196402072906, 2466.643192634927, 2205.4789018209494
631.2809381484985, 2466.643192634927, 2205.4789018209494
631.8125154972076, 2466.643192634927, 2205.4789018209494
632.2942254543304, 2466.643192634927, 2205.4789018209494
633.03125166893, 2441.6294414541726, 2205.7776558870055
633.3184821605682, 2441.6294414541726, 2205.7776558870055
633.8081707954407, 2441.6294414541726, 2205.7776558870055
634.5402116775513, 2461.6506825744696, 2205.509534823886
634.9870162010193, 2460.9508157148334, 2205.566629327624
635.4986443519592, 2457.3945560152997, 2205.5700458303063
635.8068206310272, 2457.3945560152997, 2205.5700458303063
636.3054852485657, 2457.3945560152997, 2205.5700458303063
637.0784146785736, 2459.233585736754, 2205.7114312709687
637.5641148090363, 2435.8082451710075, 2205.4025872207267
637.8174362182617, 2435.8082451710075, 2205.4025872207267
638.2782030105591, 2435.8082451710075, 2205.4025872207267
639.0291922092438, 2456.2603380815644, 2205.5050046702527
639.283510684967, 2456.2603380815644, 2205.5050046702527
639.8250598907471, 2456.2603380815644, 2205.5050046702527
640.5815649032593, 2456.063729134099, 2205.319550177241
640.8179314136505, 2456.063729134099, 2205.319550177241
641.3106129169464, 2456.063729134099, 2205.319550177241
641.8112721443176, 2456.063729134099, 2205.319550177241
642.5482981204987, 2455.860126763467, 2205.837960248563
643.0479602813721, 2449.3445526707756, 2205.6419832801707
643.3062696456909, 2449.3445526707756, 2205.6419832801707
643.8129115104675, 2449.3445526707756, 2205.6419832801707
644.3075883388519, 2449.3445526707756, 2205.6419832801707
644.805255651474, 2449.3445526707756, 2205.6419832801707
645.291951417923, 2449.3445526707756, 2205.6419832801707
646.0509192943573, 2452.487106478916, 2205.484362107833
646.3241877555847, 2452.487106478916, 2205.484362107833
647.0761737823486, 2456.3950824439335, 2205.6387891254067
647.3185269832611, 2456.3950824439335, 2205.6387891254067
647.8141977787018, 2456.3950824439335, 2205.6387891254067
648.2969055175781, 2456.3950824439335, 2205.6387891254067
649.0578680038452, 2472.1789003439744, 2205.662862405765
649.3181712627411, 2472.1789003439744, 2205.662862405765
650.0512080192566, 2458.213781511487, 2205.505350129731
650.3125078678131, 2458.213781511487, 2205.505350129731
651.0445489883423, 2458.6607636582958, 2205.7994357451976
651.3098385334015, 2458.6607636582958, 2205.7994357451976
651.8134891986847, 2458.6607636582958, 2205.7994357451976
652.5305697917938, 2460.9005546474955, 2205.5731019940185
653.0791006088257, 2452.349285037856, 2205.7146423891086
654.0932669639587, 2450.8146933324447, 2205.6441595463034
655.0826184749603, 2437.2362596951525, 2205.254051928311
655.3184993267059, 2437.2362596951525, 2205.254051928311
656.0724802017212, 2455.7450330551783, 2205.413072739352
656.3088474273682, 2455.7450330551783, 2205.413072739352
657.0688135623932, 2449.7892772097507, 2205.6563633365167
657.3321080207825, 2449.7892772097507, 2205.6563633365167
657.8158123493195, 2449.7892772097507, 2205.6563633365167
658.2765793800354, 2449.7892772097507, 2205.6563633365167
658.8211209774017, 2449.7892772097507, 2205.6563633365167
659.30881524086, 2449.7892772097507, 2205.6563633365167
660.0548181533813, 2458.3428497409373, 2205.6549702175403
660.3221020698547, 2458.3428497409373, 2205.6549702175403
661.0481567382812, 2452.468651531581, 2205.7265581093334
661.3094575405121, 2452.468651531581, 2205.7265581093334
662.0414974689484, 2462.3885149301304, 2205.452424789623
662.3107759952545, 2462.3885149301304, 2205.452424789623
663.0567798614502, 2474.792139706737, 2205.583327036843
663.3071084022522, 2474.792139706737, 2205.583327036843
664.0650787353516, 2466.0860497732115, 2205.3016090626998
664.3333611488342, 2466.0860497732115, 2205.3016090626998
664.8080894947052, 2466.0860497732115, 2205.3016090626998
665.5351431369781, 2479.06561122627, 2205.605040106426
666.0647246837616, 2476.777110810155, 2205.2339258124557
666.3320088386536, 2476.777110810155, 2205.2339258124557
666.8027482032776, 2476.777110810155, 2205.2339258124557
667.3123836517334, 2476.777110810155, 2205.2339258124557
668.060380935669, 2476.366323321726, 2205.4399491437234
668.3087158203125, 2476.366323321726, 2205.4399491437234
669.039760351181, 2461.833065750542, 2205.356711306003
669.4955377578735, 2499.023962472715, 2205.4965519311845
670.054044008255, 2496.9133637023083, 2205.3884315645164
670.3143455982208, 2496.9133637023083, 2205.3884315645164
671.0603485107422, 2455.52177388822, 2205.478618942763
671.3036968708038, 2455.52177388822, 2205.478618942763
671.7973740100861, 2455.52177388822, 2205.478618942763
672.3119962215424, 2455.52177388822, 2205.478618942763
673.0669746398926, 2491.0869439788144, 2205.044998432471
673.3222923278809, 2491.0869439788144, 2205.044998432471
673.7970204353333, 2491.0869439788144, 2205.044998432471
674.5330502986908, 2484.0033038938764, 2205.233940256806
675.0566484928131, 2495.9528570910725, 2205.130435231495
675.3149554729462, 2495.9528570910725, 2205.130435231495
675.8056418895721, 2495.9528570910725, 2205.130435231495
676.3112885951996, 2495.9528570910725, 2205.130435231495
676.7830243110657, 2495.9528570910725, 2205.130435231495
677.2806930541992, 2495.9528570910725, 2205.130435231495
678.0376658439636, 2486.6821183688558, 2205.506595741933
678.5193769931793, 2482.179122214509, 2205.146704325454
678.8235611915588, 2482.179122214509, 2205.146704325454
679.3202314376831, 2482.179122214509, 2205.146704325454
679.7949597835541, 2482.179122214509, 2205.146704325454
680.3255388736725, 2482.179122214509, 2205.146704325454
680.7853088378906, 2482.179122214509, 2205.146704325454
681.3009278774261, 2482.179122214509, 2205.146704325454
682.0539126396179, 2499.0161559267253, 2204.8947258947983
682.31720662117, 2499.0161559267253, 2204.8947258947983
683.0761752128601, 2507.2287665216218, 2204.8782256164905
683.552898645401, 2517.4162169180345, 2204.8038159793005
684.0535571575165, 2512.3250384701155, 2204.898805018722
684.3228356838226, 2512.3250384701155, 2204.898805018722
685.1017501354218, 2500.5082791984387, 2204.8913974034385
686.0601854324341, 2498.082818623463, 2204.979937250077
686.5418956279755, 2498.236247268073, 2205.0315164858075
686.9986717700958, 2511.1034603614303, 2204.7889334990587
687.5591702461243, 2499.2747920575916, 2204.883370149965
687.7815754413605, 2499.2747920575916, 2204.883370149965
688.3181381225586, 2499.2747920575916, 2204.883370149965
688.8078284263611, 2499.2747920575916, 2204.883370149965
689.3144705295563, 2499.2747920575916, 2204.883370149965
689.8021643161774, 2499.2747920575916, 2204.883370149965
690.3357360363007, 2499.2747920575916, 2204.883370149965
690.7895221710205, 2499.2747920575916, 2204.883370149965
691.5544731616974, 2498.377699637106, 2204.6867194468264
691.8028087615967, 2498.377699637106, 2204.6867194468264
692.3214199542999, 2498.377699637106, 2204.6867194468264
692.8061211109161, 2498.377699637106, 2204.6867194468264
693.5481343269348, 2507.423682027569, 2204.8760612507126
694.0308420658112, 2503.8516523975377, 2204.784152451244
694.5624179840088, 2507.394929962993, 2204.835484520093
694.8167371749878, 2507.394929962993, 2204.835484520093
695.3104159832001, 2507.394929962993, 2204.835484520093
695.8170585632324, 2507.394929962993, 2204.835484520093
696.2917878627777, 2507.394929962993, 2204.835484520093
697.0427761077881, 2500.099953950464, 2204.8270190435096
697.3150475025177, 2500.099953950464, 2204.8270190435096
697.7877826690674, 2500.099953950464, 2204.8270190435096
698.3203558921814, 2500.099953950464, 2204.8270190435096
698.8220136165619, 2500.099953950464, 2204.8270190435096
699.5500633716583, 2511.711730129796, 2204.323223167919
699.8143565654755, 2511.711730129796, 2204.323223167919
700.5523793697357, 2515.374949452746, 2204.1316497071743
700.8276419639587, 2515.374949452746, 2204.1316497071743
701.5327544212341, 2516.0510982777146, 2204.156973040669
701.8558893203735, 2516.0510982777146, 2204.156973040669
702.546041727066, 2511.6910649687825, 2204.217283263512
702.8442423343658, 2511.6910649687825, 2204.217283263512
703.5782771110535, 2531.500868141869, 2204.3616915033504
704.0679662227631, 2523.1823593355107, 2204.3145397358962
704.3103168010712, 2523.1823593355107, 2204.3145397358962
704.8369069099426, 2523.1823593355107, 2204.3145397358962
705.3255994319916, 2523.1823593355107, 2204.3145397358962
706.0057775974274, 2521.68937123728, 2204.325650119864
706.3059732913971, 2521.68937123728, 2204.325650119864
707.0609517097473, 2517.555379518803, 2204.245622128664
707.3162686824799, 2517.555379518803, 2204.245622128664
708.0612733364105, 2523.706367234567, 2204.1838796769985
708.5609354972839, 2529.4574811154507, 2204.378447595847
709.0087368488312, 2513.7676497906023, 2204.3934582174993
709.5263504981995, 2514.976954017962, 2204.6604521836075
709.8075976371765, 2514.976954017962, 2204.6604521836075
710.3082568645477, 2514.976954017962, 2204.6604521836075
711.0203506946564, 2528.2919188842307, 2204.5693719281194
711.531980752945, 2523.4547988586437, 2204.5821022780983
711.9937446117401, 2524.8914460326755, 2204.684383549291
712.2749903202057, 2524.8914460326755, 2204.684383549291
712.8115549087524, 2524.8914460326755, 2204.684383549291
713.5834867954254, 2521.673203933553, 2204.6406562691554
713.8258383274078, 2521.673203933553, 2204.6406562691554
714.3235046863556, 2521.673203933553, 2204.6406562691554
714.7992322444916, 2521.673203933553, 2204.6406562691554
715.5412454605103, 2510.2949412992066, 2204.753916699614
715.8085291385651, 2510.2949412992066, 2204.753916699614
716.5814597606659, 2505.5631198422093, 2204.532414270245
716.8278007507324, 2505.5631198422093, 2204.532414270245
717.3125026226044, 2505.5631198422093, 2204.532414270245
717.8151562213898, 2505.5631198422093, 2204.532414270245
718.5392174720764, 2508.1248611315045, 2204.6606979145013
719.1166715621948, 2503.91828449028, 2204.6781641523226
720.0571529865265, 2507.992866956176, 2204.6274294997816
721.0704395771027, 2519.263306112152, 2204.673232189692
721.306807756424, 2519.263306112152, 2204.673232189692
722.049818277359, 2520.529175867744, 2204.5980834474053
722.3091232776642, 2520.529175867744, 2204.5980834474053
722.8217499256134, 2520.529175867744, 2204.5980834474053
723.2934873104095, 2520.529175867744, 2204.5980834474053
724.046471118927, 2513.297063986149, 2204.511283169096
724.3277180194855, 2513.297063986149, 2204.511283169096
724.8144145011902, 2513.297063986149, 2204.511283169096
725.5175323486328, 2516.927603763533, 2204.5551420285688
725.8237116336823, 2516.927603763533, 2204.5551420285688
726.313401222229, 2516.927603763533, 2204.5551420285688
726.8160545825958, 2516.927603763533, 2204.5551420285688
727.315717458725, 2516.927603763533, 2204.5551420285688
728.044764995575, 2520.7242189292783, 2204.695813597328
728.322024345398, 2520.7242189292783, 2204.695813597328
729.0171608924866, 2514.075787221905, 2204.5956061768666
729.3143651485443, 2514.075787221905, 2204.5956061768666
730.0214719772339, 2514.5999451336857, 2204.4911426920153
730.3196742534637, 2514.5999451336857, 2204.4911426920153
731.0866210460663, 2515.913053474222, 2204.601713979059
731.3189978599548, 2515.913053474222, 2204.601713979059
732.0669946670532, 2533.0220844414075, 2204.8030057668157
732.3113403320312, 2533.0220844414075, 2204.8030057668157
733.0264256000519, 2498.8608641254123, 2204.606459571393
733.4883904457092, 2519.098861769371, 2204.5633561003187
734.0439016819, 2498.7200870562415, 2204.4843451549223
734.3281407356262, 2498.7200870562415, 2204.4843451549223
734.8138394355774, 2498.7200870562415, 2204.4843451549223
735.3135023117065, 2498.7200870562415, 2204.4843451549223
736.0724704265594, 2525.2503365263356, 2204.528281771251
736.2928805351257, 2525.2503365263356, 2204.528281771251
737.0757837295532, 2503.968799406587, 2204.572874050444
737.3291063308716, 2503.968799406587, 2204.572874050444
738.0501754283905, 2499.4054489890386, 2204.453708262374
738.5318846702576, 2505.5894187854774, 2204.4577007454536
739.000629901886, 2500.490245921258, 2204.2517871863283
739.5122599601746, 2505.208048322019, 2204.3457543859095
740.0577991008759, 2502.2832980822973, 2204.3665221185615
740.3151097297668, 2502.2832980822973, 2204.3665221185615
741.0641038417816, 2500.541796153723, 2204.54632541443
741.3104445934296, 2500.541796153723, 2204.54632541443
742.0584416389465, 2491.83277487548, 2204.5048307278867
742.3167505264282, 2491.83277487548, 2204.5048307278867
742.7914791107178, 2491.83277487548, 2204.5048307278867
743.307098865509, 2491.83277487548, 2204.5048307278867
744.0620763301849, 2508.4779873918656, 2204.3824894578975
744.3044288158417, 2508.4779873918656, 2204.3824894578975
745.0514285564423, 2508.4158732900014, 2204.602778910142
745.5072076320648, 2502.904445637463, 2204.52433467245
745.7974307537079, 2502.904445637463, 2204.52433467245
746.3180363178253, 2502.904445637463, 2204.52433467245
747.0740125179291, 2508.9325211163673, 2204.466969789573
747.3024008274078, 2508.9325211163673, 2204.466969789573
747.828991651535, 2508.9325211163673, 2204.466969789573
748.3286519050598, 2508.9325211163673, 2204.466969789573
749.0457327365875, 2504.4560652181435, 2204.261648137741
749.289080619812, 2504.4560652181435, 2204.261648137741
749.7857511043549, 2504.4560652181435, 2204.261648137741
750.3133387565613, 2504.4560652181435, 2204.261648137741
750.8070170879364, 2504.4560652181435, 2204.261648137741
751.312662601471, 2504.4560652181435, 2204.261648137741
752.0516846179962, 2514.985988290123, 2204.344062036668
752.3010153770447, 2514.985988290123, 2204.344062036668
752.7966895103455, 2514.985988290123, 2204.344062036668
753.311311006546, 2514.985988290123, 2204.344062036668
754.0124332904816, 2512.9954878684734, 2204.387228301978
754.5420155525208, 2501.7908728954462, 2204.6959063932354
754.8073048591614, 2501.7908728954462, 2204.6959063932354
755.5562999248505, 2519.7501354382453, 2204.2721892601317
756.0729160308838, 2511.1156842783316, 2204.4485646964754
756.3551604747772, 2511.1156842783316, 2204.4485646964754
757.0991680622101, 2508.647443444738, 2204.6191569106822
757.8062756061554, 2508.647443444738, 2204.6191569106822
758.3129184246063, 2508.647443444738, 2204.6191569106822
758.7916369438171, 2508.647443444738, 2204.6191569106822
759.3202216625214, 2508.647443444738, 2204.6191569106822
759.8099095821381, 2508.647443444738, 2204.6191569106822
760.5599026679993, 2503.4339735816593, 2204.3916143527613
761.0655481815338, 2512.196045507955, 2204.3216246355646
761.3098933696747, 2512.196045507955, 2204.3216246355646
761.8045697212219, 2512.196045507955, 2204.3216246355646
762.3122091293335, 2512.196045507955, 2204.3216246355646
762.7869391441345, 2512.196045507955, 2204.3216246355646
763.3075444698334, 2512.196045507955, 2204.3216246355646
764.0236279964447, 2518.5818784306653, 2204.4366980877817
764.3108575344086, 2518.5818784306653, 2204.4366980877817
765.0259437561035, 2515.3093639142107, 2204.6625023290558
765.5206196308136, 2521.244028606631, 2204.5219915734315
765.8128371238708, 2521.244028606631, 2204.5219915734315
766.2975389957428, 2521.244028606631, 2204.5219915734315
766.8211359977722, 2521.244028606631, 2204.5219915734315
767.507298707962, 2520.2815904944464, 2204.4858147921823
767.8035063743591, 2520.2815904944464, 2204.4858147921823
768.5405325889587, 2505.9232114041965, 2204.236794453658
768.79185962677, 2505.9232114041965, 2204.236794453658
769.5488328933716, 2496.6407305258936, 2204.5309711049063
769.8131268024445, 2496.6407305258936, 2204.5309711049063
770.5681040287018, 2519.012864716074, 2204.435403629591
770.8194315433502, 2519.012864716074, 2204.435403629591
771.5704214572906, 2513.4545543047216, 2204.3563986945405
771.7838933467865, 2513.4545543047216, 2204.3563986945405
772.5628080368042, 2526.166008088884, 2204.450101379112
772.8061566352844, 2526.166008088884, 2204.450101379112
773.314795255661, 2526.166008088884, 2204.450101379112
774.022899389267, 2507.134819440836, 2204.305930425846
774.5764174461365, 2508.565710063575, 2204.503155498504
774.8177709579468, 2508.565710063575, 2204.503155498504
775.5907018184662, 2505.3714194215963, 2204.594682368733
776.5042560100555, 2502.7052798824966, 2204.527368285234
776.7835080623627, 2502.7052798824966, 2204.527368285234
777.2771859169006, 2502.7052798824966, 2204.527368285234
777.8486561775208, 2502.7052798824966, 2204.527368285234
778.3343575000763, 2502.7052798824966, 2204.527368285234
779.086341381073, 2515.1028669253515, 2204.436961696256
779.5939824581146, 2520.7293683325315, 2204.352772342658
779.8263599872589, 2520.7293683325315, 2204.352772342658
780.3150537014008, 2520.7293683325315, 2204.352772342658
780.8157114982605, 2520.7293683325315, 2204.352772342658
781.3273434638977, 2520.7293683325315, 2204.352772342658
782.0414304733276, 2513.8057609190746, 2204.3627552896874
782.317690372467, 2513.8057609190746, 2204.3627552896874
782.798403263092, 2513.8057609190746, 2204.3627552896874
783.5533835887909, 2518.4371187276074, 2204.430621218341
783.8575673103333, 2518.4371187276074, 2204.430621218341
784.5138103961945, 2509.9324403995147, 2204.28018441563
784.7910685539246, 2509.9324403995147, 2204.28018441563
785.3396017551422, 2509.9324403995147, 2204.28018441563
785.847240447998, 2509.9324403995147, 2204.28018441563
786.6869919300079, 2512.027282740445, 2204.415500390184
787.3452293872833, 2512.027282740445, 2204.415500390184
787.8438942432404, 2512.027282740445, 2204.415500390184
788.6776630878448, 2511.812090223467, 2204.4993210677744
789.5922131538391, 2514.368181976083, 2204.410082724033
790.1048412322998, 2518.8570054512606, 2204.2537916947263
791.0822229385376, 2522.3814141595913, 2204.6570784314677
791.3375422954559, 2522.3814141595913, 2204.6570784314677
792.0506317615509, 2514.8361203883505, 2204.465243220964
792.5672478675842, 2508.061654200792, 2204.6199667858023
793.103812456131, 2511.8666289156895, 2204.404175685693
794.110116481781, 2510.5057270246425, 2204.354929125017
795.0934884548187, 2509.851858428364, 2204.3923840112916
795.5452799797058, 2508.9745843583732, 2204.4777698645303
796.0579090118408, 2502.310857591714, 2204.5022821550033
796.6423428058624, 2500.2681865063164, 2204.552932281093
797.2965896129608, 2500.2681865063164, 2204.552932281093
798.1353447437286, 2507.599456767168, 2204.392051634281
799.0748300552368, 2512.6378111852455, 2204.0693376409913
799.608401298523, 2506.930333579054, 2204.3513318036016
800.5319290161133, 2518.2832900550966, 2204.582317374994
800.805196762085, 2518.2832900550966, 2204.582317374994
801.3138353824615, 2518.2832900550966, 2204.582317374994
802.0897579193115, 2507.412444209898, 2204.4158505290807
803.1140158176422, 2504.8488233238713, 2204.456493622981
804.069456577301, 2508.542122203638, 2204.272762364349
804.5870711803436, 2511.445716609721, 2204.5657851155534
805.0338757038116, 2497.7676178450097, 2204.2877781563534
805.3091375827789, 2497.7676178450097, 2204.2877781563534
806.1000201702118, 2503.0036104903315, 2204.5033306355763
807.0873765945435, 2510.060458219649, 2204.3932804973383
808.0597743988037, 2515.0858998811977, 2204.467632243678
808.5225355625153, 2512.14267568096, 2204.4949418476663
809.0959992408752, 2513.283741104222, 2204.5092798003066
809.8210575580597, 2513.283741104222, 2204.5092798003066
810.645849943161, 2509.395596727445, 2204.293558362446
811.6860637664795, 2519.675567122553, 2204.6299471794064
812.6405096054077, 2527.6173974115654, 2204.3486134749724
813.3376443386078, 2527.6173974115654, 2204.3486134749724
813.8462796211243, 2527.6173974115654, 2204.3486134749724
814.361899137497, 2527.6173974115654, 2204.3486134749724
814.8326387405396, 2527.6173974115654, 2204.3486134749724
815.3003890514374, 2527.6173974115654, 2204.3486134749724
815.8259797096252, 2527.6173974115654, 2204.3486134749724
816.3864784240723, 2527.6173974115654, 2204.3486134749724
817.1653952598572, 2518.709305444876, 2204.5062327531155
817.8495609760284, 2518.709305444876, 2204.5062327531155
818.3751554489136, 2518.709305444876, 2204.5062327531155
818.9097228050232, 2518.709305444876, 2204.5062327531155
819.3465533256531, 2518.709305444876, 2204.5062327531155
819.8362421989441, 2518.709305444876, 2204.5062327531155
820.5553178787231, 2507.5399346563154, 2204.5365433090133
820.799663066864, 2507.5399346563154, 2204.5365433090133
821.6932699680328, 2505.5320781348023, 2204.3901644023317
822.3166007995605, 2505.5320781348023, 2204.3901644023317
822.8441882133484, 2505.5320781348023, 2204.3901644023317
823.3219103813171, 2505.5320781348023, 2204.3901644023317
823.8544838428497, 2505.5320781348023, 2204.3901644023317
824.3501572608948, 2505.5320781348023, 2204.3901644023317
824.8498184680939, 2505.5320781348023, 2204.3901644023317
825.3115839958191, 2505.5320781348023, 2204.3901644023317
826.1273989677429, 2512.3507338609224, 2204.5533725177597
826.8434805870056, 2512.3507338609224, 2204.5533725177597
827.3112297058105, 2512.3507338609224, 2204.5533725177597
827.839813709259, 2512.3507338609224, 2204.5533725177597
828.633688211441, 2509.4607166829405, 2204.517493412062
829.3218469619751, 2509.4607166829405, 2204.517493412062
829.7925846576691, 2509.4607166829405, 2204.517493412062
830.5605289936066, 2536.353785224735, 2204.474718292632
830.82781291008, 2536.353785224735, 2204.474718292632
831.6157047748566, 2524.445814049672, 2204.4668233723282
832.2968804836273, 2524.445814049672, 2204.4668233723282
832.8254647254944, 2524.445814049672, 2204.4668233723282
833.3181457519531, 2524.445814049672, 2204.4668233723282
833.8547093868256, 2524.445814049672, 2204.4668233723282
834.3025090694427, 2524.445814049672, 2204.4668233723282
834.8201234340668, 2524.445814049672, 2204.4668233723282
835.5222442150116, 2510.4199516484964, 2204.441067283604
835.8493692874908, 2510.4199516484964, 2204.441067283604
836.3500273227692, 2510.4199516484964, 2204.441067283604
836.8526816368103, 2510.4199516484964, 2204.441067283604
837.319432258606, 2510.4199516484964, 2204.441067283604
838.1172955036163, 2514.975548705513, 2204.521246907149
839.0627644062042, 2512.976484629134, 2204.243742819761
839.5584375858307, 2504.790012115845, 2204.3875478673335
840.1109590530396, 2508.3359462724907, 2204.2533879861653
840.8250467777252, 2508.3359462724907, 2204.2533879861653
841.3536314964294, 2508.3359462724907, 2204.2533879861653
842.0996332168579, 2502.3019435043484, 2204.475856927289
843.0869896411896, 2508.5341653979417, 2204.309337366703
843.9925649166107, 2506.6476518664476, 2204.439487235922
844.3476145267487, 2506.6476518664476, 2204.439487235922
844.8163599967957, 2506.6476518664476, 2204.439487235922
845.3180170059204, 2506.6476518664476, 2204.439487235922
846.1188716888428, 2516.6331349771112, 2204.2510667747197
847.1162016391754, 2516.528116000567, 2204.4246664533234
847.842257976532, 2516.528116000567, 2204.4246664533234
848.3209767341614, 2516.528116000567, 2204.4246664533234
848.8196403980255, 2516.528116000567, 2204.4246664533234
849.6524114608765, 2501.2887466756033, 2204.6467662829227
850.5928938388824, 2505.2454249889925, 2204.5456095978584
851.6390926837921, 2527.5241674731415, 2204.348042445126
852.3561730384827, 2527.5241674731415, 2204.348042445126
853.0832254886627, 2517.7905086828787, 2204.36675824717
853.3495125770569, 2517.7905086828787, 2204.36675824717
853.8571541309357, 2517.7905086828787, 2204.36675824717
854.5842070579529, 2502.2589216156734, 2204.2281672849463
854.8225691318512, 2502.2589216156734, 2204.2281672849463
855.3441724777222, 2502.2589216156734, 2204.2281672849463
855.7919733524323, 2502.2589216156734, 2204.2281672849463
856.5968191623688, 2515.2097308442617, 2204.409656029387
857.3468110561371, 2515.2097308442617, 2204.409656029387
857.833508014679, 2515.2097308442617, 2204.409656029387
858.7291088104248, 2972.2054581759285, 142.3828703872297
859.3943276405334, 2972.2054581759285, 142.3828703872297
860.1453187465668, 3753.5125044595447, 231.09779605097373
861.0638585090637, 2514.8808200882013, 2204.6997052573615
861.6093974113464, 2514.072218748003, 2204.585660328734
862.5947597026825, 2538.406700195767, 2204.7001398887037
863.61004114151, 2508.112307299171, 2204.767301605007
864.3321073055267, 2508.112307299171, 2204.767301605007
864.8277807235718, 2508.112307299171, 2204.767301605007
865.6017081737518, 2516.1897688387085, 2204.886109612636
866.5760991573334, 2515.2976060680553, 2204.6517107272857
866.8314158916473, 2515.2976060680553, 2204.6517107272857
867.6252903938293, 2513.8757271103514, 2204.6719427133216
868.3194313049316, 2513.8757271103514, 2204.6719427133216
868.8490133285522, 2513.8757271103514, 2204.6719427133216
869.6109731197357, 2509.9096463721085, 2204.7905881733595
870.3011269569397, 2509.9096463721085, 2204.7905881733595
871.0311720371246, 2506.9050105146507, 2204.604418374512
871.4959285259247, 2504.7615716681403, 2204.731438500279
871.7891418933868, 2504.7615716681403, 2204.731438500279
872.5281629562378, 2496.9689250878164, 2204.387653491256
872.8323490619659, 2496.9689250878164, 2204.387653491256
873.5584046840668, 2499.080585772077, 2204.777674500609
873.825689792633, 2499.080585772077, 2204.777674500609
874.6434996128082, 2519.863685363686, 2204.808700437362
875.5989415645599, 2500.7971527478853, 2204.6521971571533
876.5114998817444, 2505.125099720645, 2204.7600855001674
877.1110184192657, 2515.316525781182, 2204.5253388680203
877.8310911655426, 2515.316525781182, 2204.5253388680203
878.3078150749207, 2515.316525781182, 2204.5253388680203
879.0947082042694, 2516.7390228079616, 2204.6192556716805
880.0780754089355, 2520.090724394666, 2204.594253966689
880.3194286823273, 2520.090724394666, 2204.594253966689
880.8151018619537, 2520.090724394666, 2204.594253966689
881.600997209549, 2509.4591402397295, 2204.5825530560223
882.3330380916595, 2509.4591402397295, 2204.5825530560223
883.0930225849152, 2513.650894553202, 2204.881198171437
884.1182773113251, 2521.965242882489, 2204.6051388415394
884.8373513221741, 2521.965242882489, 2204.6051388415394
885.3190629482269, 2521.965242882489, 2204.6051388415394
886.0610764026642, 2518.300192470938, 2204.6230799380905
886.5517630577087, 2519.7882808188133, 2204.6589510641224
886.8160541057587, 2519.7882808188133, 2204.6589510641224
887.3256907463074, 2519.7882808188133, 2204.6589510641224
888.0736873149872, 2528.517152305878, 2204.6274679353646
888.328006029129, 2528.517152305878, 2204.6274679353646
889.0919606685638, 2519.230271779646, 2204.6111078716044
890.0862984657288, 2520.7493443080557, 2204.7478814423757
891.0945992469788, 2518.1569130838166, 2204.7511309876136
891.5703246593475, 2524.6981244765075, 2204.5834446831764
891.7917370796204, 2524.6981244765075, 2204.5834446831764
892.3572182655334, 2524.6981244765075, 2204.5834446831764
893.0972366333008, 2517.9346173435206, 2204.753983948317
894.0706303119659, 2522.2879179746774, 2204.8082465601833
894.8236155509949, 2522.2879179746774, 2204.8082465601833
895.3352448940277, 2522.2879179746774, 2204.8082465601833
895.7960116863251, 2522.2879179746774, 2204.8082465601833
896.5928773880005, 2532.9534648071726, 2204.79806328381
897.3159422874451, 2532.9534648071726, 2204.79806328381
898.1167986392975, 2509.6167809572753, 2204.7220494245935
899.0822126865387, 2510.3251413904363, 2204.472285807695
899.7833364009857, 2510.3251413904363, 2204.472285807695
900.5093910694122, 2513.4033929954153, 2204.598441964924
901.0489466190338, 2528.4142164752343, 2204.7152453795443
901.3311910629272, 2528.4142164752343, 2204.7152453795443
902.1170876026154, 2532.8078771960413, 2204.6521470416988
903.0844967365265, 2529.3596430062526, 2204.6825513163576
903.5761804580688, 2527.062668207745, 2204.7416004058996
904.0868127346039, 2526.6715093363787, 2204.805689564184
904.8118720054626, 2526.6715093363787, 2204.805689564184
905.3354697227478, 2526.6715093363787, 2204.805689564184
905.8012237548828, 2526.6715093363787, 2204.805689564184
906.5502173900604, 2534.8849108521267, 2204.645617586296
906.7875819206238, 2534.8849108521267, 2204.645617586296
907.3201558589935, 2534.8849108521267, 2204.645617586296
907.8218150138855, 2534.8849108521267, 2204.645617586296
908.5847692489624, 2513.731994062533, 2204.7660213753143
908.8440763950348, 2513.731994062533, 2204.7660213753143
909.5701315402985, 2534.3702024906024, 2204.5154260502068
909.8334269523621, 2534.3702024906024, 2204.5154260502068
910.6312911510468, 2535.801306697669, 2204.843668391146
911.3493678569794, 2535.801306697669, 2204.843668391146
911.8121297359467, 2535.801306697669, 2204.843668391146
912.6867866516113, 2530.765989014831, 2204.7525223281673
913.2752122879028, 2530.765989014831, 2204.7525223281673
914.198739528656, 2545.3931745038317, 2204.729979390131
915.0624263286591, 2525.140543304142, 2204.5396135386263
915.6309044361115, 2521.533112869885, 2204.84457496585
916.5983157157898, 2531.1885051625018, 2204.9495094202025
917.7322790622711, 2538.7684103345127, 2204.6223871828834
918.6607925891876, 2527.1209787494986, 2204.4507177205414
919.6980152130127, 2522.037729742012, 2204.6454307936683
920.3612394332886, 2522.037729742012, 2204.6454307936683
920.8469388484955, 2522.037729742012, 2204.6454307936683
921.6817042827606, 2525.9782244178555, 2204.694417028519
922.6521055698395, 2518.1849265421915, 2204.663155055786
923.6584122180939, 2528.9416434491695, 2204.7610466044052
924.3395888805389, 2528.9416434491695, 2204.7610466044052
924.853212594986, 2528.9416434491695, 2204.7610466044052
925.5922348499298, 2530.432647538123, 2204.6684579174
925.8266062736511, 2530.432647538123, 2204.6684579174
926.3023314476013, 2530.432647538123, 2204.6684579174
926.8468751907349, 2530.432647538123, 2204.6684579174
927.3186116218567, 2530.432647538123, 2204.6684579174
927.8442056179047, 2530.432647538123, 2204.6684579174
928.309957742691, 2530.432647538123, 2204.6684579174
928.8285686969757, 2530.432647538123, 2204.6684579174
929.3382043838501, 2530.432647538123, 2204.6684579174
930.070244550705, 2501.496097337904, 2204.6529475729862
930.3145892620087, 2501.496097337904, 2204.6529475729862
930.8511538505554, 2501.496097337904, 2204.6529475729862
931.3129169940948, 2501.496097337904, 2204.6529475729862
931.8325252532959, 2501.496097337904, 2204.6529475729862
932.3311915397644, 2501.496097337904, 2204.6529475729862
932.8278613090515, 2501.496097337904, 2204.6529475729862
933.6366951465607, 2533.153470882487, 2204.5688142240356
934.5891456604004, 2526.671898458285, 2204.658528905883
935.5685224533081, 2528.8079131006352, 2204.57627300981
935.8407955169678, 2528.8079131006352, 2204.57627300981
936.2975718975067, 2528.8079131006352, 2204.57627300981
937.132336139679, 2527.0298257815334, 2204.7018142726497
937.845427274704, 2527.0298257815334, 2204.7018142726497
938.5226140022278, 2535.636899879831, 2204.6440219863493
938.8208158016205, 2535.636899879831, 2204.6440219863493
939.5299167633057, 2541.6323270629214, 2204.703395034619
939.8021876811981, 2541.6323270629214, 2204.703395034619
940.5801038742065, 2532.5272112522184, 2204.631726891716
940.8035070896149, 2532.5272112522184, 2204.631726891716
941.3350837230682, 2532.5272112522184, 2204.631726891716
941.8237752914429, 2532.5272112522184, 2204.631726891716
942.344381570816, 2532.5272112522184, 2204.631726891716
942.8350689411163, 2532.5272112522184, 2204.631726891716
943.5771007537842, 2529.369544153044, 2204.5861886240587
943.7975115776062, 2529.369544153044, 2204.5861886240587
944.3570129871368, 2529.369544153044, 2204.5861886240587
944.7828726768494, 2529.369544153044, 2204.5861886240587
945.330406665802, 2529.369544153044, 2204.5861886240587
946.0843873023987, 2541.471294890808, 2204.6528511768083
946.3357145786285, 2541.471294890808, 2204.6528511768083
946.8184218406677, 2541.471294890808, 2204.6528511768083
947.3133149147034, 2541.471294890808, 2204.6528511768083
948.0782659053802, 2534.517783452341, 2204.6095046365763
948.6088457107544, 2546.445852646078, 2204.6195954150185
949.5832369327545, 2537.4479439656566, 2204.614551847665
949.8315720558167, 2537.4479439656566, 2204.614551847665
950.6354191303253, 2538.074464419014, 2204.6728443231727
951.5938529968262, 2531.98248196794, 2204.379717311103
952.5273537635803, 2530.019518674509, 2204.4642798833975
953.0439710617065, 2542.7139579495442, 2204.4221481646455
953.5675687789917, 2534.7674988127224, 2204.644732964158
953.815904378891, 2534.7674988127224, 2204.644732964158
954.5399656295776, 2526.098305305989, 2204.464840699685
955.0156915187836, 2531.3328662026333, 2204.4044110184286
955.5871608257294, 2541.0456040647164, 2204.607819765795
955.8275182247162, 2541.0456040647164, 2204.607819765795
956.5645442008972, 2539.481930324633, 2204.751381256787
956.8437969684601, 2539.481930324633, 2204.751381256787
957.3155331611633, 2539.481930324633, 2204.751381256787
958.0645275115967, 2533.995722565968, 2204.685149130316
958.6030859947205, 2534.729210702857, 2204.5001890839403
959.329142332077, 2534.729210702857, 2204.5001890839403
959.8118498325348, 2534.729210702857, 2204.5001890839403
960.5628390312195, 2525.5234711472976, 2204.4568593194317
960.8271317481995, 2525.5234711472976, 2204.4568593194317
961.5591714382172, 2531.7882811423046, 2204.6178086533614
961.7945420742035, 2531.7882811423046, 2204.6178086533614
962.618335723877, 2534.637862651056, 2204.5145950755473
963.5937254428864, 2538.373180189464, 2204.6662065927853
964.0814216136932, 2527.464920463698, 2204.7218334835634
964.3277590274811, 2527.464920463698, 2204.7218334835634
964.8613307476044, 2527.464920463698, 2204.7218334835634
965.6113221645355, 2518.152338207807, 2204.3018019992483
966.586710691452, 2529.8762927799844, 2204.6562073140767
966.8360438346863, 2529.8762927799844, 2204.6562073140767
967.5860347747803, 2523.3639596678318, 2204.5951791505445
967.8593032360077, 2523.3639596678318, 2204.5951791505445
968.316080570221, 2523.3639596678318, 2204.5951791505445
969.0700614452362, 2539.2122630041567, 2204.7470737092176
969.7093501091003, 3921.0523303327536, 540.5590764359763
970.4503662586212, 3921.0523303327536, 540.5590764359763
971.0627281665802, 3921.0523303327536, 540.5590764359763
971.5494236946106, 3921.0523303327536, 540.5590764359763
972.1169052124023, 3540.192001571302, 54.05942511541917
972.9037978649139, 3540.192001571302, 54.05942511541917
973.5809841156006, 2538.98087093718, 2204.2172167365525
973.8213405609131, 2538.98087093718, 2204.2172167365525
974.619204044342, 2543.5981176600176, 2204.2290869169037
975.295393705368, 2543.5981176600176, 2204.2290869169037
976.049375295639, 2535.092242844545, 2203.9019612553016
976.5131332874298, 2530.0033392401997, 2204.241833134658
976.8382632732391, 2530.0033392401997, 2204.241833134658
977.5952363014221, 2507.282790819947, 2204.2062333873423
977.8829755783081, 2507.282790819947, 2204.2062333873423
978.5352296829224, 2528.8936366991516, 2204.2372086280775
978.8194682598114, 2528.8936366991516, 2204.2372086280775
979.3091583251953, 2528.8936366991516, 2204.2372086280775
979.833753824234, 2528.8936366991516, 2204.2372086280775
980.295517206192, 2528.8936366991516, 2204.2372086280775
980.8430507183075, 2528.8936366991516, 2204.2372086280775
981.3127934932709, 2528.8936366991516, 2204.2372086280775
981.8533456325531, 2528.8936366991516, 2204.2372086280775
982.3410408496857, 2528.8936366991516, 2204.2372086280775
982.857659816742, 2528.8936366991516, 2204.2372086280775
983.3184232711792, 2528.8936366991516, 2204.2372086280775
984.1103029251099, 2518.0505293608076, 2204.378241594794
985.1146132946014, 2525.3156753207045, 2204.682344561313
985.8536355495453, 2525.3156753207045, 2204.682344561313
986.3124067783356, 2525.3156753207045, 2204.682344561313
986.8180525302887, 2525.3156753207045, 2204.682344561313
987.3157210350037, 2525.3156753207045, 2204.682344561313
988.0906467437744, 2523.5330344961862, 2204.493524203914
989.091965675354, 2515.9564849545613, 2204.3734758709443
989.5357766151428, 2510.4565358874393, 2204.3546084461696
989.8329808712006, 2510.4565358874393, 2204.3546084461696
990.3007295131683, 2510.4565358874393, 2204.3546084461696
991.0527148246765, 2525.435368024443, 2204.321307170231
991.4835612773895, 2515.773629217794, 2204.3971831541394
992.0350847244263, 2519.6728374488607, 2204.3784323270215
992.5576858520508, 2519.5055874002887, 2204.537667338215
993.1241693496704, 2532.2719275127124, 2204.3294552343295
994.0865919589996, 2520.1301050550364, 2204.288571035042
994.8345890045166, 2520.1301050550364, 2204.288571035042
995.3302624225616, 2520.1301050550364, 2204.288571035042
995.8239405155182, 2520.1301050550364, 2204.288571035042
996.2966749668121, 2520.1301050550364, 2204.288571035042
997.0945386886597, 2513.6811591152805, 2204.2227075436926
997.3139507770538, 2513.6811591152805, 2204.2227075436926
998.087878704071, 2511.403477764506, 2204.351394055864
998.346186876297, 2511.403477764506, 2204.351394055864
998.8598122596741, 2511.403477764506, 2204.351394055864
999.3574800491333, 2511.403477764506, 2204.351394055864
1000.1214346885681, 2521.067884280301, 2204.43636548019
1000.8115863800049, 2521.067884280301, 2204.43636548019
1001.293297290802, 2521.067884280301, 2204.43636548019
1002.0582499504089, 2510.1905418419437, 2204.2243410066976
1002.3145616054535, 2510.1905418419437, 2204.2243410066976
1002.8271894454956, 2510.1905418419437, 2204.2243410066976
1003.3458013534546, 2510.1905418419437, 2204.2243410066976
1004.1067640781403, 2513.3860354722697, 2203.900949552099
1005.0711817741394, 2502.7634717644937, 2204.1994456536254
1006.0485651493073, 2496.228606336399, 2204.3717036270305
1006.5402483940125, 2487.859740969528, 2204.472309901318
1007.0927691459656, 2488.4383832780763, 2204.261698066485
1007.8268036842346, 2488.4383832780763, 2204.261698066485
1008.2955493927002, 2488.4383832780763, 2204.261698066485
1009.0335726737976, 2507.1837672898537, 2204.363908091057
1009.3287823200226, 2507.1837672898537, 2204.363908091057
1009.9930036067963, 2505.9998998551105, 2204.331518539579
1010.5644729137421, 2490.761223721645, 2204.196104696693
1010.8098180294037, 2490.761223721645, 2204.196104696693
1011.592720746994, 2491.0354874361924, 2204.294760254625
1012.3706386089325, 2491.0354874361924, 2204.294760254625
1013.094699382782, 2498.139543155779, 2204.3212528571835
1014.0641033649445, 2490.3575263466155, 2204.4390791458954
1014.3643002510071, 2490.3575263466155, 2204.4390791458954
1014.8330445289612, 2490.3575263466155, 2204.4390791458954
1015.5411505699158, 2498.640274645231, 2204.3276868476946
1016.0168762207031, 2488.657700499028, 2204.3357952714096
1016.3220586776733, 2488.657700499028, 2204.3357952714096
1016.812744140625, 2488.657700499028, 2204.3357952714096
1017.3562886714935, 2488.657700499028, 2204.3357952714096
1017.8100740909576, 2488.657700499028, 2204.3357952714096
1018.515186548233, 2504.8122875145573, 2204.089287698436
1019.0347945690155, 2502.251856750473, 2204.320538596547
1019.3359892368317, 2502.251856750473, 2204.320538596547
1020.1029353141785, 2510.6221518847383, 2204.4005216707337
1021.1431522369385, 2490.2777913046084, 2204.488705092245
1021.8033816814423, 2490.2777913046084, 2204.488705092245
1022.5573642253876, 2488.8594583790023, 2204.16002618747
1022.8146741390228, 2488.8594583790023, 2204.16002618747
1023.342262506485, 2488.8594583790023, 2204.16002618747
1024.0413904190063, 2489.9199583526397, 2204.156245737393
1024.578950881958, 2480.081839164595, 2204.292779196018
1024.7834033966064, 2480.081839164595, 2204.292779196018
1025.6042058467865, 2500.3463052786947, 2204.220178175149
1026.3332538604736, 2500.3463052786947, 2204.220178175149
1026.8269324302673, 2500.3463052786947, 2204.220178175149
1027.3535223007202, 2500.3463052786947, 2204.220178175149
1027.826256275177, 2500.3463052786947, 2204.220178175149
1028.5174062252045, 2486.250491445677, 2204.361541459644
1029.0609509944916, 2494.2792307917903, 2204.2563516364858
1029.3651361465454, 2494.2792307917903, 2204.2563516364858
1029.8288943767548, 2494.2792307917903, 2204.2563516364858
1030.339527606964, 2494.2792307917903, 2204.2563516364858
1031.0236957073212, 2487.921808382441, 2203.95636675042
1031.5792090892792, 2485.3802520268273, 2204.189345834785
1031.8185679912567, 2485.3802520268273, 2204.189345834785
1032.3481488227844, 2485.3802520268273, 2204.189345834785
1032.81689453125, 2485.3802520268273, 2204.189345834785
1033.379388809204, 2485.3802520268273, 2204.189345834785
1034.0575728416443, 2493.371200507016, 2204.267476186324
1034.5961430072784, 2506.5149112699646, 2204.3102914647066
1035.6034333705902, 2499.911942444142, 2204.543221288609
1036.313532114029, 2499.911942444142, 2204.543221288609
1037.0774869918823, 2513.6150776923187, 2204.079108698423
1037.6000876426697, 2499.5859223926914, 2203.9501648680207
1038.5964210033417, 2486.600806060883, 2204.0039982760923
1039.3214783668518, 2486.600806060883, 2204.0039982760923
1039.8380947113037, 2486.600806060883, 2204.0039982760923
1040.3148198127747, 2486.600806060883, 2204.0039982760923
1040.8304390907288, 2486.600806060883, 2204.0039982760923
1041.620323419571, 2488.3025550748803, 2203.901542288411
1042.2815537452698, 2488.3025550748803, 2203.901542288411
1043.0275571346283, 2479.9161383733876, 2203.9695008414064
1043.2798805236816, 2479.9161383733876, 2203.9695008414064
1043.8333978652954, 2479.9161383733876, 2203.9695008414064
1044.5803980827332, 2497.819454092635, 2204.093108271139
1044.8357148170471, 2497.819454092635, 2204.093108271139
1045.6116375923157, 2496.3126213383844, 2204.437799773589
1046.2808458805084, 2496.3126213383844, 2204.437799773589
1046.8413455486298, 2496.3126213383844, 2204.437799773589
1047.634221792221, 2488.6865380305976, 2204.360618926278
1048.3213832378387, 2488.6865380305976, 2204.360618926278
1048.84996676445, 2488.6865380305976, 2204.360618926278
1049.3227009773254, 2488.6865380305976, 2204.360618926278
1049.856273174286, 2488.6865380305976, 2204.360618926278
1050.3300049304962, 2488.6865380305976, 2204.360618926278
1050.8496129512787, 2488.6865380305976, 2204.360618926278
1051.7302544116974, 2108.31279440482, 1338.8114917838307
1052.7754580974579, 1222.5616821674837, 300.2624001187668
1053.3788423538208, 1222.5616821674837, 300.2624001187668
1054.0879430770874, 1903.4417066415535, 286.03709178720044
1054.9097428321838, 1903.4417066415535, 286.03709178720044
1055.3914523124695, 1903.4417066415535, 286.03709178720044
1056.0496909618378, 2487.0798565842088, 2204.4341836840504
1056.3229591846466, 2487.0798565842088, 2204.4341836840504
1056.8266100883484, 2487.0798565842088, 2204.4341836840504
1057.3292644023895, 2487.0798565842088, 2204.4341836840504
1058.135108947754, 2504.429931311173, 2204.706761741965
1058.844208240509, 2504.429931311173, 2204.706761741965
1059.6271119117737, 2500.6926756365838, 2204.6452010454136
1060.2953248023987, 2500.6926756365838, 2204.6452010454136
1061.0792248249054, 2495.3611841098445, 2204.698750099201
1061.543979883194, 2503.873860264151, 2204.5859524319944
1061.8252263069153, 2503.873860264151, 2204.5859524319944
1062.3458323478699, 2503.873860264151, 2204.5859524319944
1062.8544707298279, 2503.873860264151, 2204.5859524319944
1063.3102502822876, 2503.873860264151, 2204.5859524319944
1064.0761997699738, 2500.402775672346, 2204.7021149540897
1064.323537826538, 2500.402775672346, 2204.7021149540897
1065.1084377765656, 2495.558645217902, 2204.487471728737
1066.1705923080444, 3863.6883883937544, -1331.2231177888327
1067.1609418392181, 2077.477775003641, 312.7759792386673
1068.183203458786, 3613.225782959384, 47.213271836183885
1069.1236865520477, 2699.7858242308, 160.20742395374953
1070.1329834461212, 3118.4292986375344, 68.89672681285391
1071.1083719730377, 1952.9091229865226, 244.14011726477676
1071.9002504348755, 1952.9091229865226, 244.14011726477676
1072.3490483760834, 1952.9091229865226, 244.14011726477676
1073.120982170105, 2636.045083903177, 276.9940087449397
1074.1891224384308, 2170.259717114124, 44.51667569537436
1075.065774679184, 3085.5392510372067, 68.27799409539368
1076.09601688385, 3088.954229592322, 35.74545090399594
1076.3722767829895, 3088.954229592322, 35.74545090399594
1077.0654201507568, 3956.4725186227056, 512.4670661391856
1077.3446726799011, 3956.4725186227056, 512.4670661391856
1078.0487897396088, 2604.2740472111873, 662.3744871243806
1078.612280368805, 2780.8660017137336, 170.49776510050265
1079.4151282310486, 2780.8660017137336, 170.49776510050265
1079.907809495926, 2780.8660017137336, 170.49776510050265
1080.4294128417969, 2780.8660017137336, 170.49776510050265
1081.1853890419006, 3833.9832344235665, 407.1490034003417
1082.1358437538147, 3013.066614641203, 213.88705987250165
1083.603912115097, 3520.5682259023692, 36.714097956458
1084.4177346229553, 3520.5682259023692, 36.714097956458
1088.1178257465363, 2722.416321209907, 235.16420662337487
1089.0712723731995, 3674.7815993530817, 76.6505940355934
1089.6656816005707, 3109.6414271006756, 45.17949576730847
1090.4226541519165, 3109.6414271006756, 45.17949576730847
1090.8694591522217, 3109.6414271006756, 45.17949576730847
1091.4229760169983, 3109.6414271006756, 45.17949576730847
1091.843849658966, 3109.6414271006756, 45.17949576730847
1093.3428359031677, 3282.0374877821273, 298.5249782055633
1094.067893743515, 3282.0374877821273, 298.5249782055633
1094.5685534477234, 3282.0374877821273, 298.5249782055633
1094.9644932746887, 3282.0374877821273, 298.5249782055633
1095.7284474372864, 2515.6748572419538, 54.305351580076916
1096.6210584640503, -3524.08482447338, 1156.3542971988315
1097.4618055820465, -3524.08482447338, 1156.3542971988315
1097.9305510520935, -3524.08482447338, 1156.3542971988315
1098.4501597881317, -3524.08482447338, 1156.3542971988315
1098.868040561676, -3524.08482447338, 1156.3542971988315
1099.6260123252869, 3810.530695707339, 744.0609831762685
1100.3710169792175, 3810.530695707339, 744.0609831762685
1100.8507316112518, 3810.530695707339, 744.0609831762685
1101.4281854629517, 3810.530695707339, 744.0609831762685
1101.871997833252, 3810.530695707339, 744.0609831762685
1102.6279742717743, 3538.5653722593024, 894.1392514363878
1103.4507701396942, 3538.5653722593024, 894.1392514363878
1103.9045548439026, 3538.5653722593024, 894.1392514363878
1104.7851974964142, -20566.71411600307, 206.15184508562993
1105.642900943756, 2508.6889821286213, 442.6702141063419
1106.7160263061523, 1660.0652074115844, 79.79356800868811
1107.6265892982483, 3249.9836475641205, 804.0086648575112
1108.7166690826416, 470.9156632189729, 64.92723637610425
1109.4676597118378, 470.9156632189729, 64.92723637610425
1110.200695514679, 1995.7870322648569, 620.4770688718286
1110.9427108764648, 1995.7870322648569, 620.4770688718286
1111.6288726329803, 3701.5116299419824, 379.24388948126466
1112.5125057697296, 3283.9371076010543, 320.5285398514425
1113.083976507187, 2037.8786068995846, 205.9882448153821
1113.399132013321, 2037.8786068995846, 205.9882448153821
1113.8977966308594, 2037.8786068995846, 205.9882448153821
1114.3834965229034, 2037.8786068995846, 205.9882448153821
1115.13947224617, 2610.9879015399265, 30858.798247903807
1116.1856713294983, 3094.374666921707, 77.69814457272153
1116.8478968143463, 3094.374666921707, 77.69814457272153
1117.3964281082153, 3094.374666921707, 77.69814457272153
1118.1942920684814, 2120.8577970944616, 238.7492703355289
1119.2005977630615, 2035.4062493352603, 488.29801396926433
1119.9057095050812, 2035.4062493352603, 488.29801396926433
1120.5998520851135, 2055.6736433986594, 418.43127235879797
1121.3658001422882, 2055.6736433986594, 418.43127235879797
1122.0469760894775, 3148.058386007679, 897.4054344220336
1122.6603338718414, 7589.872433021495, 86.08061605148399
1123.647690296173, 2601.8494248796183, 371.3437893675277
1124.733782529831, 1793.1108937397455, 338.91131265515514
1125.4837732315063, 1793.1108937397455, 338.91131265515514
1125.936561346054, 1793.1108937397455, 338.91131265515514
1126.4611568450928, 1793.1108937397455, 338.91131265515514
1126.8939979076385, 1793.1108937397455, 338.91131265515514
1127.4175951480865, 1793.1108937397455, 338.91131265515514
1127.911274433136, 1793.1108937397455, 338.91131265515514
1128.45880818367, 1793.1108937397455, 338.91131265515514
1128.9191031455994, 1793.1108937397455, 338.91131265515514
1129.470626115799, 1793.1108937397455, 338.91131265515514
1129.9064590930939, 1793.1108937397455, 338.91131265515514
1130.6893639564514, -62587.92159220148, 316.0752958466359
1131.3974668979645, -62587.92159220148, 316.0752958466359
1131.889149904251, -62587.92159220148, 316.0752958466359
1132.4167370796204, -62587.92159220148, 316.0752958466359
1132.8745121955872, -62587.92159220148, 316.0752958466359
1133.75714802742, 2565.083756372732, 319.5406345213565
1134.405413389206, 2565.083756372732, 319.5406345213565
1134.8851280212402, 2565.083756372732, 319.5406345213565
1135.7647724151611, 3403.426435744803, 182.77901734706407
1136.4668927192688, 3403.426435744803, 182.77901734706407
1136.9196801185608, 3403.426435744803, 182.77901734706407
1137.6966001987457, 2849.648328122228, 8778.064131684985
1138.404704093933, 2849.648328122228, 8778.064131684985
1138.864473104477, 2849.648328122228, 8778.064131684985
1139.6782937049866, 3468.365433086714, 66.53371175754451
1140.667644739151, 2506.8524923475934, 417.1956665646918
1141.711849451065, 3419.2078792182037, 12229.792321193087
1142.7041912078857, 3099.289527014162, 311.5067522049988
1143.3973362445831, 3099.289527014162, 311.5067522049988
1143.882037639618, 3099.289527014162, 311.5067522049988
1144.6679329872131, 1402.533418667943, 0.4989349973936066
1145.6941857337952, 3233.4708314114523, 1521.1951032330321
1146.470107793808, 3233.4708314114523, 1521.1951032330321
1146.966777563095, 3233.4708314114523, 1521.1951032330321
1147.6619164943695, 8547.425670282573, 1345.2368057386282
1148.610377073288, 3567.6948196889975, 246.80353130633486
1149.3314464092255, 3567.6948196889975, 246.80353130633486
1150.1283130645752, 3039.585516693746, 171.1649643499686
1150.915206193924, 3039.585516693746, 171.1649643499686
1151.3590183258057, 3039.585516693746, 171.1649643499686
1152.1598732471466, 2730.254280787579, 391.12368509382156
1152.9198377132416, 2730.254280787579, 391.12368509382156
1153.6089935302734, 38.62887167662909, 178.46725936829986
1154.7309877872467, 2839.8107898191083, 570.0004024429342
1155.4011929035187, 2839.8107898191083, 570.0004024429342
1155.9975969791412, 2839.8107898191083, 570.0004024429342
1156.3745875358582, 2839.8107898191083, 570.0004024429342
1156.9510440826416, 2839.8107898191083, 570.0004024429342
1157.458685874939, 2839.8107898191083, 570.0004024429342
1157.9314193725586, 2839.8107898191083, 570.0004024429342
1158.6514911651611, 3250.241874221281, 13.215893497713703
1159.73060131073, 1220.5311373590882, 774.3162992674839
1160.7139675617218, 2417.093813637145, 178.0306029899984
1161.6035873889923, 2225.908134578608, 353.5447160123704
1162.6158752441406, 4095.8614256118526, 187.3607687812702
1163.7059562206268, 3679.874404955588, 71.92920899846202
1164.3452470302582, 3679.874404955588, 71.92920899846202
1166.6869740486145, 3006.594799728576, 362.93318558632495
1167.3801186084747, 3006.594799728576, 362.93318558632495
1168.1081700325012, 22825.008697962174, -20118.907742359836
1168.928971529007, 22825.008697962174, -20118.907742359836
1169.3697917461395, 22825.008697962174, -20118.907742359836
1170.1935851573944, 3111.381116450849, 203.75865857209456
1170.9016890525818, 3111.381116450849, 203.75865857209456
1171.373426437378, 3111.381116450849, 203.75865857209456
1172.1623134613037, 3505.126052136543, 3611.7718388738526
1173.194550037384, -70606.05767946063, -504.6540946112798
1173.987426996231, -70606.05767946063, -504.6540946112798
1174.4511845111847, -70606.05767946063, -504.6540946112798
1174.996723651886, -70606.05767946063, -504.6540946112798
1175.4465198516846, -70606.05767946063, -504.6540946112798
1176.230420589447, 3915.9115917938916, 204.891018005638
1176.9275541305542, 3915.9115917938916, 204.891018005638
1177.6755516529083, 1180.364116724963, 52.53093258769871
1178.4484813213348, 1180.364116724963, 52.53093258769871
1179.178526878357, 840.364573205781, 63.43978790834596
1180.2297127246857, 2233.4466336941023, 33.37585459819118
1181.2180659770966, 888.8838496449782, 479.0871972781275
1181.9890005588531, 888.8838496449782, 479.0871972781275
1182.4866681098938, 888.8838496449782, 479.0871972781275
1182.990320444107, 888.8838496449782, 479.0871972781275
1183.4899821281433, 888.8838496449782, 479.0871972781275
1184.1950936317444, 1804.2393354762153, 585.6693649869392
1184.8922283649445, 1804.2393354762153, 585.6693649869392
1186.1787831783295, 3995.9643760879694, 451.08048374859305
1187.1501834392548, 3565.4949338189144, 31.279348730846383
1188.1834154129028, 3135.399055060052, 5.937582081658891
1189.2495608329773, 1502.5883444271333, 516.0196403845941
1189.9397127628326, 1502.5883444271333, 516.0196403845941
1190.659785747528, 3107.1973960956248, 310.61346895405546
1191.5793223381042, 1942.8158415071716, 283.5621589349988
1191.8675498962402, 1942.8158415071716, 283.5621589349988
1192.4300456047058, 1942.8158415071716, 283.5621589349988
1193.147123336792, 1720.8099134449844, 247.95112085460187
1194.2481758594513, 2347.360253845127, 288.6072162452155
1195.2046151161194, 3831.1123495194106, 398.5303608321217
1196.097225189209, 5129.979085787697, 164.22095961079367
1196.584918498993, 3561.0353383574547, 100.40178532105836
1197.2202174663544, 3055.7237902360116, 28142.13020184553
1198.2799084186554, 3351.727732359749, 519.4518116292352
1198.8713247776031, 3351.727732359749, 519.4518116292352
1199.467726945877, 3351.727732359749, 519.4518116292352
1199.9294912815094, 3351.727732359749, 519.4518116292352
1200.5657873153687, 2722.789174386888, 142.17058240222252
1201.1482274532318, 1884.5477269450257, 43.02949760562994
1202.1814606189728, 7233.260235515942, 268.0601742904185
1203.1817820072174, 3052.874812778669, 485.65360931733056
1204.1651487350464, 8939.798485379468, 70.55430331671985
1204.8453290462494, 8939.798485379468, 70.55430331671985
1205.4177947044373, 8939.798485379468, 70.55430331671985
1205.8925235271454, 8939.798485379468, 70.55430331671985
1206.4191138744354, 8939.798485379468, 70.55430331671985
1206.8649215698242, 8939.798485379468, 70.55430331671985
1207.4244220256805, 8939.798485379468, 70.55430331671985
1207.897156238556, 8939.798485379468, 70.55430331671985
1208.413773059845, 8939.798485379468, 70.55430331671985
1209.185706615448, 3503.3817480735897, 397.39264679077553
1210.119205713272, 3296.64449583156, 344.4204931529636
1210.9310338497162, 3296.64449583156, 344.4204931529636
1211.4526362419128, 3296.64449583156, 344.4204931529636
1211.9104099273682, 3296.64449583156, 344.4204931529636
1212.4330105781555, 3296.64449583156, 344.4204931529636
1212.8748281002045, 3296.64449583156, 344.4204931529636
1214.742826461792, 2671.089556256566, 37.86666346138553
1215.7830407619476, 1432.547107270958, 93.15095562869479
1216.4013845920563, 1432.547107270958, 93.15095562869479
1217.0835597515106, 2197.341277390679, 160.03577566085556
1218.6912534236908, 2427.6442721188796, 640.354506284863
1219.6427075862885, 3004.8214328666436, 265.69019151115526
1220.4385752677917, 3004.8214328666436, 265.69019151115526
1220.8833837509155, 3004.8214328666436, 265.69019151115526
1221.6642937660217, 2547.8295445963695, 968.6800093339544
1222.662621974945, 3279.677930448788, 189.73871349733608
1223.411614894867, 3279.677930448788, 189.73871349733608
1223.9082849025726, 3279.677930448788, 189.73871349733608
1224.6971728801727, 2221.4835446467882, 246.78236292582855
1225.6905121803284, 3542.7445808208954, 303.60592634366236
1226.3786697387695, 3542.7445808208954, 303.60592634366236
1227.147610425949, 3189.904959557644, 0.5039254138159652
1227.901591539383, 3189.904959557644, 0.5039254138159652
1228.7563033103943, 3213.707566191855, 166.58184991248288
1229.7107479572296, 1394.3313738111842, 197.9318245367468
1230.3899290561676, 1394.3313738111842, 197.9318245367468
1231.2296812534332, 2695.9819850825934, 353.9069148052148
1232.0375180244446, 2695.9819850825934, 353.9069148052148
1232.4883110523224, 2695.9819850825934, 353.9069148052148
1233.0378394126892, 2695.9819850825934, 353.9069148052148
1233.67014670372, 2062.756012035118, 494.0884409849596
1234.6894171237946, 2136.8758388900565, 592.5039802479687
1235.3845546245575, 2136.8758388900565, 592.5039802479687
1235.922115802765, 2136.8758388900565, 592.5039802479687
1236.3778953552246, 2136.8758388900565, 592.5039802479687
1236.9334125518799, 2136.8758388900565, 592.5039802479687
1237.395171403885, 2136.8758388900565, 592.5039802479687
1238.1561353206635, 3199.21643748143, 231.30344323293122
1238.8692252635956, 3199.21643748143, 231.30344323293122
1239.339964389801, 3199.21643748143, 231.30344323293122
1239.9403569698334, 3199.21643748143, 231.30344323293122
1240.389153957367, 3199.21643748143, 231.30344323293122
1240.9416761398315, 3199.21643748143, 231.30344323293122
1241.3795039653778, 3199.21643748143, 231.30344323293122
1241.9170632362366, 3199.21643748143, 231.30344323293122
1242.3878033161163, 3199.21643748143, 231.30344323293122
1242.9283554553986, 3199.21643748143, 231.30344323293122
1243.3711705207825, 3199.21643748143, 231.30344323293122
1244.0762820243835, 3162.082222010529, 249.8310869830296
1244.569959640503, 1473.182045231474, 231.5183480363056
1244.900075674057, 1473.182045231474, 231.5183480363056
1245.4117062091827, 1473.182045231474, 231.5183480363056
1245.926328420639, 1473.182045231474, 231.5183480363056
1246.4080383777618, 1473.182045231474, 231.5183480363056
1246.8837659358978, 1473.182045231474, 231.5183480363056
1247.3545033931732, 1473.182045231474, 231.5183480363056
1248.1922612190247, 2553.252841031956, 418.0993116210661
1248.8794207572937, 2553.252841031956, 418.0993116210661
1249.591514825821, 3169.3249971211962, 462.8252185233145
1250.397357225418, 3169.3249971211962, 462.8252185233145
1251.256057024002, 3692.6705999730343, 603.400631913194
1252.1117677688599, 2907.0710984273205, 25.622397188378095
1253.1719274520874, 3242.5315916113877, 68.01902290511401
1253.919924736023, 3242.5315916113877, 68.01902290511401
1254.3437900543213, 3242.5315916113877, 68.01902290511401
1255.1476366519928, 3192.7462357640256, 708.449841638375
1255.949490070343, 3192.7462357640256, 708.449841638375
1256.414246082306, 3192.7462357640256, 708.449841638375
1256.9318602085114, 3192.7462357640256, 708.449841638375
1257.4045941829681, 3192.7462357640256, 708.449841638375
1257.9361701011658, 3192.7462357640256, 708.449841638375
1258.4069111347198, 3192.7462357640256, 708.449841638375
1259.115014076233, 2162.9012001486813, 788.9228773014224
1260.188140153885, 3736.1331021347587, 48.39411254633842
1261.2169148921967, 2765.4303451711444, 561.8378906643165
1262.207262992859, 3553.22292127021, 571.144080369863
1264.1939454078674, 3619.4058987472044, 245.70904458022247
1265.404702425003, 3096.589006945293, 104.79049446685023
1266.401034116745, 2794.3530738214617, 187.7358461492553
1267.082210302353, 2794.3530738214617, 187.7358461492553
1267.5459690093994, 2794.3530738214617, 187.7358461492553
1268.2401099205017, 1769.4619332381624, 144.26061444636534
1269.1726121902466, 2818.5421796261435, 50.65047873376023
1269.8926849365234, 2818.5421796261435, 50.65047873376023
1270.40331697464, 2818.5421796261435, 50.65047873376023
1270.8231933116913, 2818.5421796261435, 50.65047873376023
1271.609088897705, 911.9276167212479, 235.935740894202
1272.557550907135, 2469.586212517361, 2204.934923197757
1273.0641930103302, 2465.656363130631, 2204.5938375306114
1273.3055469989777, 2465.656363130631, 2204.5938375306114
1273.8391172885895, 2465.656363130631, 2204.5938375306114
1274.2998855113983, 2465.656363130631, 2204.5938375306114
1275.0897686481476, 2450.065914711219, 2204.5535972306006
1275.8317823410034, 2450.065914711219, 2204.5535972306006
1276.3114976882935, 2450.065914711219, 2204.5535972306006
1276.8510529994965, 2450.065914711219, 2204.5535972306006
1277.6179993152618, 2446.546149378221, 2204.690355345182
1278.3101460933685, 2446.546149378221, 2204.690355345182
1278.8467094898224, 2446.546149378221, 2204.690355345182
1279.3184461593628, 2446.546149378221, 2204.690355345182
1280.1083309650421, 2459.4190517622274, 2204.8852265943187
1281.100673675537, 2462.211425716756, 2204.9150554033527
1282.093017578125, 2461.51476714219, 2204.614735869785
1282.3233995437622, 2461.51476714219, 2204.614735869785
1282.8400168418884, 2461.51476714219, 2204.614735869785
1283.3307030200958, 2461.51476714219, 2204.614735869785
1284.1515069007874, 2453.28398148087, 2204.7497172615276
1285.147837638855, 2447.483148474296, 2204.709701290788
1286.097294807434, 2466.4200622323565, 2204.5254649891162
1287.078667640686, 2473.2270459974757, 2204.606962308758
1287.638170003891, 2466.7471904763042, 2204.3899707480505
1288.3592381477356, 2466.7471904763042, 2204.3899707480505
1288.8319730758667, 2466.7471904763042, 2204.3899707480505
1289.5829620361328, 2456.8789271881665, 2204.598084625097
1289.829303264618, 2456.8789271881665, 2204.598084625097
1290.3219826221466, 2456.8789271881665, 2204.598084625097
1291.1557507514954, 2472.6516519742713, 2204.8148675718294
1292.1191701889038, 2465.9677385304494, 2204.6816863731947
1293.1025385856628, 2471.287807554012, 2204.354852566604
1293.8335802555084, 2471.287807554012, 2204.354852566604
1294.572600364685, 2457.409335121255, 2204.615300628806
1295.0882198810577, 2451.344792620234, 2204.8846145209404
1296.1035025119781, 2453.4622926439683, 2204.633926741513
1297.095844745636, 2454.9312931469867, 2204.726692820022
1298.0991597175598, 2461.0388854577022, 2204.6984527305194
1298.8162393569946, 2461.0388854577022, 2204.6984527305194
1299.3248767852783, 2461.0388854577022, 2204.6984527305194
1300.1765973567963, 2458.251592919172, 2204.5600760208886
1301.042278289795, 2457.4338030863346, 2204.669629832097
1301.3165426254272, 2457.4338030863346, 2204.669629832097
1301.8122165203094, 2457.4338030863346, 2204.669629832097
1302.3068914413452, 2457.4338030863346, 2204.669629832097
1303.1197154521942, 2464.73066263429, 2204.791049918133
1304.1280159950256, 2473.5746490583915, 2204.9171784505593
1304.872022151947, 2473.5746490583915, 2204.9171784505593
1305.3048644065857, 2473.5746490583915, 2204.9171784505593
1306.1665568351746, 2464.7243978106376, 2204.6612871552998
1307.1319725513458, 2464.0090967925516, 2204.7446047592216
1308.1063630580902, 2459.037054999363, 2204.6905902408803
1308.866329908371, 2459.037054999363, 2204.6905902408803
1309.3310840129852, 2459.037054999363, 2204.6905902408803
1310.1040136814117, 2444.2519618879724, 2204.9216425376912
1311.0714235305786, 2442.840605594912, 2204.7370070943
1311.357656955719, 2442.840605594912, 2204.7370070943
1312.1634995937347, 2438.344308420442, 2204.7097261164577
1312.8327071666718, 2438.344308420442, 2204.7097261164577
1313.3692755699158, 2438.344308420442, 2204.7097261164577
1313.857961654663, 2438.344308420442, 2204.7097261164577
1314.354632139206, 2438.344308420442, 2204.7097261164577
1314.8303580284119, 2438.344308420442, 2204.7097261164577
1315.5614020824432, 2445.538466279507, 2204.7873372874774
1315.8057465553284, 2445.538466279507, 2204.7873372874774
1316.6195681095123, 2454.7508198176565, 2204.800179741387
1317.3875122070312, 2454.7508198176565, 2204.800179741387
1318.1504681110382, 2445.984158536476, 2204.7454885506177
1318.8067107200623, 2445.984158536476, 2204.7454885506177
1319.6145482063293, 2459.338098069862, 2204.9080912964628
1320.3725187778473, 2459.338098069862, 2204.9080912964628
1320.7953867912292, 2459.338098069862, 2204.9080912964628
1321.3329467773438, 2459.338098069862, 2204.9080912964628
1321.8146572113037, 2459.338098069862, 2204.9080912964628
1322.335263967514, 2459.338098069862, 2204.9080912964628
1323.0802681446075, 2444.8126523846267, 2204.4967010304576
1323.356528043747, 2444.8126523846267, 2204.4967010304576
1324.1254708766937, 2453.772979184226, 2204.6735424323665
1324.8176157474518, 2453.772979184226, 2204.6735424323665
1325.5346965789795, 2466.713776419246, 2204.5575342069974
1326.0752487182617, 2457.821089745451, 2204.7140541940084
1326.3564960956573, 2457.821089745451, 2204.7140541940084
1326.8352150917053, 2457.821089745451, 2204.7140541940084
1327.3398623466492, 2457.821089745451, 2204.7140541940084
1327.8475048542023, 2457.821089745451, 2204.7140541940084
1328.3312084674835, 2457.821089745451, 2204.7140541940084
1329.1210930347443, 2447.9181578320067, 2204.4957003843733
1330.0835163593292, 2466.5291483797146, 2204.7123022354426
1330.8105700016022, 2466.5291483797146, 2204.7123022354426
1331.7011852264404, 2450.2150215024876, 2204.796527371463
1332.3484513759613, 2450.2150215024876, 2204.796527371463
1332.8471171855927, 2450.2150215024876, 2204.796527371463
1333.3268315792084, 2450.2150215024876, 2204.796527371463
1334.0159873962402, 2458.790617102148, 2204.715347056452
1334.353083372116, 2458.790617102148, 2204.715347056452
1334.8357911109924, 2458.790617102148, 2204.715347056452
1335.3544023036957, 2458.790617102148, 2204.715347056452
1335.864037513733, 2458.790617102148, 2204.715347056452
1336.356719493866, 2458.790617102148, 2204.715347056452
1336.85937333107, 2458.790617102148, 2204.715347056452
1337.349062204361, 2458.790617102148, 2204.715347056452
1338.1239864826202, 2468.4613699562915, 2204.522894318772
1338.8600158691406, 2468.4613699562915, 2204.522894318772
1339.3247718811035, 2468.4613699562915, 2204.522894318772
1339.866320848465, 2468.4613699562915, 2204.522894318772
1340.3350658416748, 2468.4613699562915, 2204.522894318772
1340.8526797294617, 2468.4613699562915, 2204.522894318772
1341.3353879451752, 2468.4613699562915, 2204.522894318772
1341.8579878807068, 2468.4613699562915, 2204.522894318772
1342.3516669273376, 2468.4613699562915, 2204.522894318772
1342.8303852081299, 2468.4613699562915, 2204.522894318772
1343.5265200138092, 2470.3130917069902, 2204.8567588082296
1344.0251870155334, 2459.5291108206447, 2204.7006504848982
1344.3203954696655, 2459.5291108206447, 2204.7006504848982
1345.1661305427551, 2469.700913538431, 2204.689223563458
1345.8453121185303, 2469.700913538431, 2204.689223563458
1346.5105299949646, 2454.5249609532702, 2204.6984815785513
1346.8416442871094, 2454.5249609532702, 2204.6984815785513
1347.3472912311554, 2454.5249609532702, 2204.6984815785513
1348.106257200241, 2475.3759329299646, 2204.616963296808
1348.8382980823517, 2475.3759329299646, 2204.616963296808
1349.3239970207214, 2475.3759329299646, 2204.616963296808
1350.0999195575714, 2470.3474321157623, 2204.5738488835814
1351.037409067154, 2454.067951148663, 2204.8163138371347
1351.5460481643677, 2456.888054196308, 2204.6681382939273
1352.0506966114044, 2459.3431898246977, 2204.716292573797
1352.6042139530182, 2456.4659180558338, 2204.6370198534
1353.3192999362946, 2456.4659180558338, 2204.6370198534
1354.0882408618927, 2472.4004353522273, 2204.8577970457113
1355.050663471222, 2469.158135816157, 2204.7936018614528
1355.6420793533325, 2452.362726477954, 2204.7981725928225
1356.5765781402588, 2474.169596810446, 2204.7375206478873
1356.7920010089874, 2474.169596810446, 2204.7375206478873
1357.5798914432526, 2467.5103235074935, 2204.819341886699
1357.876097202301, 2467.5103235074935, 2204.819341886699
1358.3189148902893, 2467.5103235074935, 2204.819341886699
1358.8774163722992, 2467.5103235074935, 2204.819341886699
1359.2883186340332, 2467.5103235074935, 2204.819341886699
1360.0552625656128, 2461.701775224656, 2204.780680034491
1360.649674654007, 2464.147461790458, 2204.722169741519
1361.3188791275024, 2464.147461790458, 2204.722169741519
1361.8684084415436, 2464.147461790458, 2204.722169741519
1362.6403415203094, 2450.742107853385, 2204.4820293521984
1363.3095495700836, 2450.742107853385, 2204.4820293521984
1364.068517446518, 2472.4407533688045, 2204.72073068466
1364.6649208068848, 2465.4802224477594, 2204.8611161842728
1365.3231568336487, 2465.4802224477594, 2204.8611161842728
1365.8248143196106, 2465.4802224477594, 2204.8611161842728
1366.541894197464, 2468.086444931953, 2204.6869853613343
1367.0834438800812, 2453.8016888072666, 2204.849691472512
1367.332776069641, 2453.8016888072666, 2204.849691472512
1367.8533818721771, 2453.8016888072666, 2204.849691472512
1368.3500580787659, 2453.8016888072666, 2204.849691472512
1368.8187971115112, 2453.8016888072666, 2204.849691472512
1369.6485755443573, 2464.137937826, 2204.7402039968483
1370.3342673778534, 2464.137937826, 2204.7402039968483
1370.8498866558075, 2464.137937826, 2204.7402039968483
1371.3296036720276, 2464.137937826, 2204.7402039968483
1372.1045281887054, 2454.69438633225, 2204.796891122757
1373.178653717041, 2466.9231972332386, 2204.7436974225025
1373.8518509864807, 2466.9231972332386, 2204.7436974225025
1374.3355553150177, 2466.9231972332386, 2204.7436974225025
1374.8382086753845, 2466.9231972332386, 2204.7436974225025
1375.6300888061523, 2459.686314919304, 2204.7206669559987
1376.3461723327637, 2459.686314919304, 2204.7206669559987
1376.8518176078796, 2459.686314919304, 2204.7206669559987
1377.3075976371765, 2459.686314919304, 2204.7206669559987
1378.1274018287659, 2449.5444935480646, 2204.7723638741386
1379.1646254062653, 2459.8189642044103, 2204.6994806473867
1379.8707339763641, 2459.8189642044103, 2204.6994806473867
1380.356434583664, 2459.8189642044103, 2204.6994806473867
1380.86008644104, 2459.8189642044103, 2204.6994806473867
1381.3188588619232, 2459.8189642044103, 2204.6994806473867
1382.1296865940094, 2460.229568468707, 2204.765244283413
1383.1489572525024, 2481.290310978152, 2204.894849359471
1383.8869817256927, 2481.290310978152, 2204.894849359471
1384.3547291755676, 2481.290310978152, 2204.894849359471
1384.867356300354, 2481.290310978152, 2204.894849359471
1385.3430833816528, 2481.290310978152, 2204.894849359471
1385.8616948127747, 2481.290310978152, 2204.894849359471
1386.3114902973175, 2481.290310978152, 2204.894849359471
1387.167198896408, 2469.6950563750456, 2204.5388706543217
1388.1595413684845, 2469.6962040232206, 2204.5505795806225
1389.1359281539917, 2468.5985284818935, 2204.698298735954
1390.1422345638275, 2471.211844736583, 2204.881758760734
1391.1335790157318, 2473.9127525229737, 2204.903713191451
1391.8187441825867, 2473.9127525229737, 2204.903713191451
1392.3582997322083, 2473.9127525229737, 2204.903713191451
1393.121256351471, 2473.3046952134846, 2204.570183270218
1394.0836803913116, 2464.8631273321157, 2204.5920820844226
1394.5883293151855, 2464.6594936339634, 2204.508955684334
1394.7917845249176, 2464.6594936339634, 2204.508955684334
1395.3642518520355, 2464.6594936339634, 2204.508955684334
1395.8339965343475, 2464.6594936339634, 2204.508955684334
1396.3236832618713, 2464.6594936339634, 2204.508955684334
1397.1644327640533, 2444.4482416853666, 2204.668505078081
1397.8256611824036, 2444.4482416853666, 2204.668505078081
1398.3193402290344, 2444.4482416853666, 2204.668505078081
1399.100248336792, 2454.8873781261955, 2204.654467647825
1400.0367410182953, 2447.0925252708184, 2204.8265913093587
1400.329957485199, 2447.0925252708184, 2204.8265913093587
1401.1048817634583, 2477.6825810065075, 2204.5441134961907
1401.834948539734, 2477.6825810065075, 2204.5441134961907
1402.3485729694366, 2477.6825810065075, 2204.5441134961907
1402.8013603687286, 2477.6825810065075, 2204.5441134961907
1403.3359293937683, 2477.6825810065075, 2204.5441134961907
1403.8156461715698, 2477.6825810065075, 2204.5441134961907
1404.625477552414, 2478.553454650829, 2204.707336363134
1405.3365728855133, 2478.553454650829, 2204.707336363134
1406.0496635437012, 2482.9163778356196, 2204.654276908992
1406.3309121131897, 2482.9163778356196, 2204.654276908992
1407.0599586963654, 2474.3051353001556, 2204.646872665725
1407.324251651764, 2474.3051353001556, 2204.646872665725
1407.832890033722, 2474.3051353001556, 2204.646872665725
1408.6147964000702, 2449.49235452845, 2204.5094787449025
1409.5941751003265, 2468.3038748426075, 2204.6399046706415
1410.0699000358582, 2471.38884141726, 2204.790221727968
1410.367104768753, 2471.38884141726, 2204.790221727968
1410.8208894729614, 2471.38884141726, 2204.790221727968
1411.5928223133087, 2462.031175323978, 2204.7666631582506
1412.5861630439758, 2459.3352567564284, 2204.8019465017655
1412.8115601539612, 2459.3352567564284, 2204.8019465017655
1413.5615520477295, 2465.2882851885483, 2204.5779126488987
1413.831829071045, 2465.2882851885483, 2204.5779126488987
1414.583814382553, 2468.0705255954977, 2204.6544814359363
1414.864065170288, 2468.0705255954977, 2204.6544814359363
1415.624029159546, 2463.0669438181467, 2204.6522465031776
1416.5694987773895, 2459.503024565162, 2204.7072046864128
1416.7938969135284, 2459.503024565162, 2204.7072046864128
1417.593755722046, 2460.624588375068, 2204.665714513898
1418.6200077533722, 2468.7428029438834, 2204.7801332457766
1419.341076850891, 2468.7428029438834, 2204.7801332457766
1419.8507237434387, 2468.7428029438834, 2204.7801332457766
1420.3633406162262, 2468.7428029438834, 2204.7801332457766
1420.841061115265, 2468.7428029438834, 2204.7801332457766
1421.6558804512024, 1400.151559534032, 315.5107270638681
1424.0953478813171, 2385.4762957076628, 157.12994994034887
1424.9939413070679, 2385.4762957076628, 157.12994994034887
1425.4846286773682, 2385.4762957076628, 157.12994994034887
1426.1049683094025, 2002.5855513817387, 31.378332678762206
1426.8759031295776, 2002.5855513817387, 31.378332678762206
1427.6338744163513, 2306.8241715110184, 62.58139550689167
1428.757865190506, 2996.4165083478792, 122.42099904977242
1429.4001445770264, 2996.4165083478792, 122.42099904977242
1430.108249425888, 2039.5224415631194, 121.06214416299329
1430.8712072372437, 2039.5224415631194, 121.06214416299329
1431.3858294487, 2039.5224415631194, 121.06214416299329
1432.1597559452057, 6286.6007564639995, 272.2942178264414
1432.919721364975, 6286.6007564639995, 272.2942178264414
1433.3725106716156, 6286.6007564639995, 272.2942178264414
1433.9190454483032, 6286.6007564639995, 272.2942178264414
1434.6391184329987, 2934.613967310231, 551.2627419662545
1435.3891098499298, 2934.613967310231, 551.2627419662545
1436.1600449085236, 3772.8681313921206, 174.64420846087722
1436.901061296463, 3772.8681313921206, 174.64420846087722
1437.3279190063477, 3772.8681313921206, 174.64420846087722
1438.1098246574402, 3939.1618543684363, 222.6226167515902
1439.085215330124, 1458.1174293460629, 1021.4453634563745
1439.3355436325073, 1458.1174293460629, 1021.4453634563745
1441.1706414222717, 3681.1046342260624, 476.1984935187951
1441.9465537071228, 3681.1046342260624, 476.1984935187951
1442.4621727466583, 3681.1046342260624, 476.1984935187951
1443.1024584770203, 1429.4088331324515, 2206.857681620448
1443.8514530658722, 1429.4088331324515, 2206.857681620448
1444.3132164478302, 1429.4088331324515, 2206.857681620448
1445.1290321350098, 1429.76787181815, 2206.902096914471
1446.1293540000916, 1428.9554757303504, 2207.126267331312
1446.8554093837738, 1428.9554757303504, 2207.126267331312
1447.329142332077, 1428.9554757303504, 2207.126267331312
1448.0711541175842, 1431.550556196374, 2207.180196250083
1448.3125100135803, 1431.550556196374, 2207.180196250083
1449.0934171676636, 1429.668784026551, 2207.203398490388
1450.1037125587463, 1428.90015982726, 2206.8166869882243
1450.7908732891083, 1428.90015982726, 2206.8166869882243
1451.3359231948853, 1428.90015982726, 2206.8166869882243
1452.037047624588, 1430.6010498124192, 2206.9198205097914
1452.5227468013763, 1429.6914849471725, 2206.9251122522496
1452.7920248508453, 1429.6914849471725, 2206.9251122522496
1453.3245992660522, 1429.6914849471725, 2206.9251122522496
1453.7933440208435, 1429.6914849471725, 2206.9251122522496
1454.3368883132935, 1429.6914849471725, 2206.9251122522496
1455.1377441883087, 1430.7624208023115, 2207.0285467887657
1455.819917678833, 1430.7624208023115, 2207.0285467887657
1456.3564822673798, 1430.7624208023115, 2207.0285467887657
1456.8112652301788, 1430.7624208023115, 2207.0285467887657
1457.3269095420837, 1430.7624208023115, 2207.0285467887657
1458.117793083191, 1428.9304244194984, 2206.8907432476085
1458.8039546012878, 1428.9304244194984, 2206.8907432476085
1459.347499847412, 1428.9304244194984, 2206.8907432476085
1459.8132526874542, 1428.9304244194984, 2206.8907432476085
1460.3069310188293, 1428.9304244194984, 2206.8907432476085
1461.0818564891815, 1428.4325010363887, 2206.5084357023043
1461.3770654201508, 1428.4325010363887, 2206.5084357023043
1461.8288564682007, 1428.4325010363887, 2206.5084357023043
1462.3536295890808, 1428.4325010363887, 2206.5084357023043
1462.8450405597687, 1428.4325010363887, 2206.5084357023043
1463.5980253219604, 1428.0738433981728, 2207.036938069564
1464.688105583191, 20766.429977565487, 375.81363362223306
1466.148196697235, 3296.8481798204107, 421.0380567083064
1466.888215303421, 3296.8481798204107, 421.0380567083064
1467.6461865901947, 636.8257661758056, 102.11264696804692
1468.4709777832031, 636.8257661758056, 102.11264696804692
1468.974628686905, 636.8257661758056, 102.11264696804692
1469.4842646121979, 636.8257661758056, 102.11264696804692
1469.9430384635925, 636.8257661758056, 102.11264696804692
1470.5354509353638, 1428.112507558155, 2206.8331050062466
1470.8137052059174, 1428.112507558155, 2206.8331050062466
1471.586635351181, 1429.5873353985423, 2206.810642961779
1472.5989258289337, 1428.4504318264555, 2207.0192394998007
1473.5483837127686, 1428.7372396569033, 2207.023728553358
1474.0340828895569, 1428.678634879523, 2206.928746256617
1474.339265346527, 1428.678634879523, 2206.928746256617
1474.8229713439941, 1428.678634879523, 2206.928746256617
1475.589917898178, 1428.8403593900466, 2206.8176689377165
1475.8073341846466, 1428.8403593900466, 2206.8176689377165
1476.5872466564178, 1428.5178537906302, 2207.1994361157763
1476.8635075092316, 1428.5178537906302, 2207.1994361157763
1477.3392341136932, 1428.5178537906302, 2207.1994361157763
1477.8249325752258, 1428.5178537906302, 2207.1994361157763
1478.5669465065002, 1428.6953424918677, 2206.893154917371
1479.078577041626, 1427.4310068903198, 2206.887055996458
1480.1177942752838, 1428.3823158387684, 2207.0399496328846
1481.0532896518707, 1427.6490333886952, 2207.1531369356558
1481.3335399627686, 1427.6490333886952, 2207.1531369356558
1481.8391857147217, 1427.6490333886952, 2207.1531369356558
1482.6200947761536, 1425.726138542885, 2206.811905167621
1483.7041931152344, 3456.0178068087635, 25.690408119699757
1484.6795809268951, 3710.342607884741, 39.26009425834289
1485.350783586502, 3710.342607884741, 39.26009425834289
1485.9072940349579, 3710.342607884741, 39.26009425834289
1486.6632688045502, 3540.528566495573, 71.23753273717935
1487.5818102359772, 1427.3624552863755, 2206.590160478053
1487.8520860671997, 1427.3624552863755, 2206.590160478053
1488.322825908661, 1427.3624552863755, 2206.590160478053
1488.836451292038, 1427.3624552863755, 2206.590160478053
1489.7200860977173, 2243.218055566328, 402.94806385790696
1490.663558959961, 3515.5453410202267, 35.29482269455433
1491.5820996761322, 1426.3288461958339, 2206.9096028699228
1491.8693301677704, 1426.3288461958339, 2206.9096028699228
1492.3201241493225, 1426.3288461958339, 2206.9096028699228
1492.85569024086, 1426.3288461958339, 2206.9096028699228
1493.3214418888092, 1426.3288461958339, 2206.9096028699228
1493.8560106754303, 1426.3288461958339, 2206.9096028699228
1494.3187718391418, 1426.3288461958339, 2206.9096028699228
1494.8284084796906, 1426.3288461958339, 2206.9096028699228
1495.3659698963165, 1426.3288461958339, 2206.9096028699228
1496.0990061759949, 1426.7957188002508, 2206.663999593277
1496.8589708805084, 1426.7957188002508, 2206.663999593277
1497.3287136554718, 1426.7957188002508, 2206.663999593277
1497.834359407425, 1426.7957188002508, 2206.663999593277
1498.2921345233917, 1426.7957188002508, 2206.663999593277
1499.0909950733185, 1425.8082164725395, 2206.9131350233165
1499.8340058326721, 1425.8082164725395, 2206.9131350233165
1500.3037478923798, 1425.8082164725395, 2206.9131350233165
1501.1684324741364, 1395.5316893886486, 2214.268115544936
1501.906456232071, 1395.5316893886486, 2214.268115544936
1502.357249736786, 1395.5316893886486, 2214.268115544936
1502.8888256549835, 1395.5316893886486, 2214.268115544936
1503.3675441741943, 1395.5316893886486, 2214.268115544936
1503.871196269989, 1395.5316893886486, 2214.268115544936
1504.5184638500214, 1437.4440096626467, 2205.9643734322663
1504.837608575821, 1437.4440096626467, 2205.9643734322663
1505.3093464374542, 1437.4440096626467, 2205.9643734322663
1505.8100049495697, 1437.4440096626467, 2205.9643734322663
1506.321635723114, 1437.4440096626467, 2205.9643734322663
1506.8143162727356, 1437.4440096626467, 2205.9643734322663
1507.540372133255, 1426.8821328933047, 2207.0980780910045
1508.1228125095367, 1428.651947997256, 2207.048911109681
1508.833910226822, 1428.651947997256, 2207.048911109681
1509.5460035800934, 1429.064141718578, 2207.086168796002
1510.0995202064514, 1428.1766832763772, 2207.114442090479
1511.1437242031097, 1428.438773870691, 2207.0522611466504
1511.850831270218, 1428.438773870691, 2207.0522611466504
1512.5489621162415, 1427.0213894858828, 2206.973341690329
1512.8491580486298, 1427.0213894858828, 2206.973341690329
1513.336852312088, 1427.0213894858828, 2206.973341690329
1514.089835882187, 1426.8970044962182, 2206.8930850182496
1514.8408255577087, 1426.8970044962182, 2206.8930850182496
1515.5788497924805, 1427.775755513076, 2206.8748246636064
1516.142341375351, 1426.5811830784166, 2207.2820873002547
1517.126705646515, 1427.7314338421234, 2206.7940305942516
1517.8238389492035, 1427.7314338421234, 2206.7940305942516
1518.5329434871674, 1426.5048869845405, 2206.8316181001937
1519.0764846801758, 1427.5042432793477, 2207.158062790984
1519.350751399994, 1427.5042432793477, 2207.158062790984
1520.1176979541779, 1425.5531558834707, 2206.834976086296
1521.0422220230103, 1428.107656688641, 2206.7035959410273
1521.300529718399, 1428.107656688641, 2206.7035959410273
1522.083434343338, 1426.5839643531851, 2206.9239693113786
1522.355705022812, 1426.5839643531851, 2206.9239693113786
1522.7915382385254, 1426.5839643531851, 2206.9239693113786
1523.5724472999573, 1426.453150444556, 2206.7160438235323
1524.0760986804962, 1427.2167900738086, 2206.8516784971107
1524.3613348007202, 1427.2167900738086, 2206.8516784971107
1525.0784146785736, 1426.210833583872, 2206.7568344634874
1525.3028156757355, 1426.210833583872, 2206.7568344634874
1525.7974903583527, 1426.210833583872, 2206.7568344634874
1526.3380427360535, 1426.210833583872, 2206.7568344634874
1527.1179542541504, 1427.8537419797844, 2206.838410803981
1528.090350151062, 1425.7006938023544, 2207.260451074479
1529.0906727313995, 1427.019000890355, 2206.947331511962
1530.0909941196442, 1426.3620864802408, 2206.8777458352133
1530.369249343872, 1426.3620864802408, 2206.8777458352133
1530.7851383686066, 1426.3620864802408, 2206.8777458352133
1531.3147203922272, 1426.3620864802408, 2206.8777458352133
1532.1115844249725, 1428.0285568937763, 2206.885800027413
1532.812707901001, 1428.0285568937763, 2206.885800027413
1533.5786564350128, 1428.9776649180858, 2206.9805165506464
1534.0553801059723, 1428.5356423852327, 2207.0229032262077
1534.3406171798706, 1428.5356423852327, 2207.0229032262077
1534.8313024044037, 1428.5356423852327, 2207.0229032262077
1535.5304310321808, 1428.8243716837524, 2206.9869702392684
1535.7757744789124, 1428.8243716837524, 2206.9869702392684
1536.53773355484, 1429.374252844701, 2207.1949483612807
1536.8169865608215, 1429.374252844701, 2207.1949483612807
1537.5879218578339, 1427.1752821198806, 2206.9866479703664
1538.585252046585, 1426.3689573556555, 2207.2198740427357
1538.8086547851562, 1426.3689573556555, 2207.2198740427357
1539.338235616684, 1426.3689573556555, 2207.2198740427357
1539.7950117588043, 1426.3689573556555, 2207.2198740427357
1540.597862958908, 1426.987101975388, 2206.890393515413
1541.3199293613434, 1426.987101975388, 2206.890393515413
1542.0619432926178, 1430.6279023286681, 2206.594483370844
1542.6064853668213, 1427.4373135019018, 2206.640568278818
1543.3435113430023, 1427.4373135019018, 2206.640568278818
1543.8132557868958, 1427.4373135019018, 2206.640568278818
1544.645026922226, 1426.2005375372219, 2206.5373529442427
1545.6054561138153, 1426.905578712986, 2207.0315816915686
1546.320541858673, 1426.905578712986, 2207.0315816915686
1546.7852969169617, 1426.905578712986, 2207.0315816915686
1547.603107213974, 1426.5584407934205, 2206.958789356724
1548.5874712467194, 1426.156619273636, 2207.29257919818
1549.0856487751007, 1426.3529471108877, 2206.6374566138675
1549.3658986091614, 1426.3529471108877, 2206.6374566138675
1549.8246703147888, 1426.3529471108877, 2206.6374566138675
1550.6624269485474, 1426.6662215030647, 2206.7719213287323
1551.5670049190521, 1426.37365064819, 2206.919982368128
1551.811351299286, 1426.37365064819, 2206.919982368128
1552.5862758159637, 1428.172719753404, 2206.8863229125805
1553.050034046173, 1428.7500970806132, 2207.1217591691666
1553.3432486057281, 1428.7500970806132, 2207.1217591691666
1553.8269548416138, 1428.7500970806132, 2207.1217591691666
1554.613847732544, 1427.764845883976, 2206.8820413378653
1555.5902330875397, 1427.0372824702781, 2206.7422175477086
1556.1128332614899, 1426.5974266823198, 2207.021204647571
1557.0732622146606, 1426.4732936248136, 2206.912190776539
1557.344535112381, 1426.4732936248136, 2206.912190776539
1557.831233739853, 1426.4732936248136, 2206.912190776539
1558.3089532852173, 1426.4732936248136, 2206.912190776539
1559.098839521408, 1427.0895582644446, 2207.0792438469057
1559.3401930332184, 1427.0895582644446, 2207.0792438469057
1560.0842003822327, 1426.396485012353, 2206.729825639609
1560.5599262714386, 1425.7210097170591, 2206.947270638479
1561.07155752182, 1424.893844026677, 2206.8114137158177
1561.3208901882172, 1424.893844026677, 2206.8114137158177
1562.063901424408, 1426.6813880447426, 2206.972381814327
1562.5346398353577, 1427.5170862796647, 2207.025460024812
1562.8079075813293, 1427.5170862796647, 2207.025460024812
1563.2886219024658, 1427.5170862796647, 2207.025460024812
1564.080501317978, 1429.317513536883, 2207.134264075326
1564.5352840423584, 1426.870699286822, 2207.0827362831283
1565.0469133853912, 1426.1323294674712, 2207.190810491013
1565.6303510665894, 1426.5880268806168, 2206.864234351247
1566.6072690486908, 1424.1202839506473, 2206.8011716621704
1567.689371585846, -29074.44545055601, 954.4652922180281
1568.6896929740906, 3868.5254519862165, 243.74901020349833
1569.3898193836212, 3868.5254519862165, 243.74901020349833
1569.927381515503, 3868.5254519862165, 243.74901020349833
1570.3791706562042, 3868.5254519862165, 243.74901020349833
1570.884817123413, 3868.5254519862165, 243.74901020349833
1571.613864660263, 1426.4830318442364, 2207.119726051865
1572.3469016551971, 1426.4830318442364, 2207.119726051865
1572.8914439678192, 1426.4830318442364, 2207.119726051865
1573.635451555252, 1424.754868342886, 2207.123831960254
1574.3415610790253, 1424.754868342886, 2207.123831960254
1574.8282599449158, 1424.754868342886, 2207.123831960254
1575.3009941577911, 1424.754868342886, 2207.123831960254
1575.8335666656494, 1424.754868342886, 2207.123831960254
1576.5247166156769, 1422.8284627429348, 2206.7806127266244
1576.8199265003204, 1422.8284627429348, 2206.7806127266244
1577.315598487854, 1422.8284627429348, 2206.7806127266244
1577.8252334594727, 1422.8284627429348, 2206.7806127266244
1578.332876443863, 1422.8284627429348, 2206.7806127266244
1579.1536769866943, 1424.2164278212988, 2206.7494057367057
1580.154996395111, 3352.9671792195036, 604.7298909330217
1580.9059867858887, 3352.9671792195036, 604.7298909330217
1581.3587737083435, 3352.9671792195036, 604.7298909330217
1582.1087656021118, 1423.200644451831, 2206.7673261578407
1583.109087228775, 1429.88187660698, 2206.5367051976723
1584.091456413269, 1424.1852647012277, 2206.6033447679947
1584.3358027935028, 1424.1852647012277, 2206.6033447679947
1585.1087322235107, 1422.5473180333101, 2206.8017299832127
1585.8527405261993, 1422.5473180333101, 2206.8017299832127
1586.3284673690796, 1422.5473180333101, 2206.8017299832127
1586.839099407196, 1422.5473180333101, 2206.8017299832127
1587.3267977237701, 1422.5473180333101, 2206.8017299832127
1588.0957369804382, 1422.49138777495, 2206.8429713298256
1588.8178026676178, 1422.49138777495, 2206.8429713298256
1589.3414015769958, 1422.49138777495, 2206.8429713298256
1590.127296924591, 1430.351246057042, 2206.5499077527134
1591.0986950397491, 1426.1148560075255, 2206.5142818943277
1591.5215635299683, 1425.9819537065348, 2206.871961192292
1592.102008342743, 1426.3501231652972, 2207.235167266441
1593.1053218841553, 1429.9884872264447, 2206.4993939149585
1594.1186094284058, 1424.897010723622, 2206.8024038603508
1595.1199288368225, 1423.7033817271715, 2207.002350543173
1595.8180599212646, 1423.7033817271715, 2207.002350543173
1596.3386657238007, 1423.7033817271715, 2207.002350543173
1597.0876593589783, 1424.4658278116979, 2207.0068797364383
1598.1019442081451, 1426.3719385146674, 2206.9679456249983
1598.7891056537628, 1426.3719385146674, 2206.9679456249983
1599.3675565719604, 1426.3719385146674, 2206.9679456249983
1599.8263278007507, 1426.3719385146674, 2206.9679456249983
1600.3279843330383, 1426.3719385146674, 2206.9679456249983
1601.1218583583832, 1423.6235740547493, 2206.9749943935326
1601.806027173996, 1423.6235740547493, 2206.9749943935326
1602.3590548038483, 1423.6235740547493, 2206.9749943935326
1603.0671589374542, 1424.66805117508, 2206.8100342053317
1603.5269293785095, 1424.9843889339197, 2206.8523861692856
1604.0993955135345, 1425.267531154291, 2206.9502424235443
1604.8174738883972, 1425.267531154291, 2206.9502424235443
1605.350046634674, 1425.267531154291, 2206.9502424235443
1606.054161310196, 1426.0889864874314, 2206.9120972948044
1606.3413927555084, 1426.0889864874314, 2206.9120972948044
1607.1512243747711, 1425.6615091198414, 2206.626129263914
1608.1704955101013, 1424.5996157635232, 2206.8271336894404
1608.8137731552124, 1424.5996157635232, 2206.8271336894404
1609.3363733291626, 1424.5996157635232, 2206.8271336894404
1609.8210761547089, 1424.5996157635232, 2206.8271336894404
1610.291817188263, 1424.5996157635232, 2206.8271336894404
1611.0517807006836, 1426.616333355241, 2206.9213530620273
1611.3210594654083, 1426.616333355241, 2206.9213530620273
1612.1029660701752, 1426.0708414563303, 2206.746547117417
1612.782147884369, 1426.0708414563303, 2206.746547117417
1613.3426473140717, 1426.0708414563303, 2206.746547117417
1614.0726919174194, 1425.672575173771, 2206.742968140687
1614.7877786159515, 1425.672575173771, 2206.742968140687
1615.5706810951233, 1426.4460074010753, 2207.0757614351637
1616.0284554958344, 1424.8890352912808, 2206.8000729009254
1616.291751384735, 1424.8890352912808, 2206.8000729009254
1617.0746550559998, 1424.3389783545858, 2206.7834175689786
1617.327975988388, 1424.3389783545858, 2206.7834175689786
1618.133819103241, 1425.1530144822582, 2206.6184532613056
1618.797042608261, 1425.1530144822582, 2206.6184532613056
1619.5869290828705, 1426.3750736871705, 2206.906229786168
1620.0925748348236, 1427.0148968005853, 2206.7730407931335
1620.3518810272217, 1427.0148968005853, 2206.7730407931335
1621.031061887741, 1426.665816538961, 2207.0224768119974
1621.3322548866272, 1426.665816538961, 2207.0224768119974
1621.796012878418, 1426.665816538961, 2207.0224768119974
1622.5938775539398, 1425.1545865562632, 2206.5840630962844
1623.3528456687927, 1425.1545865562632, 2206.5840630962844
1624.1068260669708, 1424.8859671342075, 2206.6951142617336
1625.0473091602325, 1426.6217806165782, 2206.7188374476827
1625.6078078746796, 1425.3973592435264, 2206.945288250285
1626.6819322109222, 1426.1683252467271, 2206.741828629504
1627.58451461792, 1425.9810148062359, 2206.445827510985
1628.6177487373352, 1425.5603986387653, 2206.953891862558
1629.6290419101715, 1425.3981904621621, 2207.1058876571674
1630.570520401001, 1425.3925570289773, 2206.9747416221494
1630.8427922725677, 1425.3925570289773, 2206.9747416221494
1631.3404586315155, 1425.3925570289773, 2206.9747416221494
1631.8291509151459, 1425.3925570289773, 2206.9747416221494
1632.5731585025787, 1429.389077598637, 2206.4192254613845
1633.037913799286, 1424.115039205128, 2206.747529861779
1633.6582531929016, 1429.3032145290288, 2206.5989050034996
1634.5957431793213, 1429.3808846664847, 2206.585934403124
1635.619003534317, 1426.3021228459, 2206.9888462505287
1636.6053621768951, 1426.9883501308702, 2206.789983181706
1637.3473756313324, 1426.9883501308702, 2206.789983181706
1637.8380625247955, 1426.9883501308702, 2206.789983181706
1638.505275964737, 1425.107574450565, 2206.711843770225
1639.0278778076172, 1427.135483516517, 2207.1763919293894
1639.2891776561737, 1427.135483516517, 2207.1763919293894
1640.0870406627655, 1423.9378550140964, 2206.870589811103
1640.844013929367, 1423.9378550140964, 2206.870589811103
1641.323729276657, 1423.9378550140964, 2206.870589811103
1641.8822343349457, 1423.9378550140964, 2206.870589811103
1642.3828971385956, 1423.9378550140964, 2206.870589811103
1642.8326904773712, 1423.9378550140964, 2206.870589811103
1643.6335456371307, 1424.0583735135835, 2206.751867690006
1644.336664199829, 1424.0583735135835, 2206.751867690006
1645.158462524414, 1426.132879414038, 2206.953393328823
1646.1089191436768, 1424.4648754929433, 2206.6744442222825
1646.8549213409424, 1424.4648754929433, 2206.6744442222825
1647.3276543617249, 1424.4648754929433, 2206.6744442222825
1648.1205320358276, 1429.2436911072152, 2206.7484022170916
1649.0779683589935, 1426.4657558382553, 2207.0636092186664
1649.5706481933594, 1424.4444530571873, 2206.8622934463965
1649.8668558597565, 1424.4444530571873, 2206.8622934463965
1650.328619480133, 1424.4444530571873, 2206.8622934463965
1651.1175076961517, 1424.4983604004965, 2206.7494547630777
1651.8655049800873, 1424.4983604004965, 2206.7494547630777
1652.327269077301, 1424.4983604004965, 2206.7494547630777
1652.8528606891632, 1424.4983604004965, 2206.7494547630777
1653.3076429367065, 1424.4983604004965, 2206.7494547630777
1653.811294555664, 1424.4983604004965, 2206.7494547630777
1654.625116109848, 1425.519305067338, 2206.77561500927
1655.3282341957092, 1425.519305067338, 2206.77561500927
1655.8538269996643, 1425.519305067338, 2206.77561500927
1656.3245658874512, 1425.519305067338, 2206.77561500927
1656.850159406662, 1425.519305067338, 2206.77561500927
1657.3368573188782, 1425.519305067338, 2206.77561500927
1657.8574614524841, 1425.519305067338, 2206.77561500927
1658.3202240467072, 1425.519305067338, 2206.77561500927
1659.192885875702, 1423.9486484011913, 2206.78376837907
1659.853994846344, 1423.9486484011913, 2206.78376837907
1660.3516643047333, 1423.9486484011913, 2206.78376837907
1660.829383611679, 1423.9486484011913, 2206.78376837907
1661.3260536193848, 1423.9486484011913, 2206.78376837907
1662.169795513153, 1425.4176156913763, 2206.8701524301505
1663.1062874794006, 1425.686759475164, 2206.870297528052
1664.0806782245636, 1423.8967626353779, 2206.817573269983
1664.512521982193, 1425.8689602078668, 2206.969748206127
1665.109922170639, 1426.3063960707625, 2206.9909882913744
1666.0833168029785, 1425.4600499327676, 2207.0628052681845
1666.295747756958, 1425.4600499327676, 2207.0628052681845
1666.8432819843292, 1425.4600499327676, 2207.0628052681845
1667.3519201278687, 1425.4600499327676, 2207.0628052681845
1667.8625526428223, 1425.4600499327676, 2207.0628052681845
1668.3582282066345, 1425.4600499327676, 2207.0628052681845
1669.1461420059204, 1423.2020207248659, 2206.501587298869
1670.1694011688232, 1428.645806177534, 2206.442939165518
1670.844595193863, 1428.645806177534, 2206.442939165518
1671.3372752666473, 1428.645806177534, 2206.442939165518
1672.1032235622406, 1425.7746154055785, 2206.6033549979093
1672.8073389530182, 1425.7746154055785, 2206.6033549979093
1673.3419060707092, 1425.7746154055785, 2206.6033549979093
1673.8415687084198, 1425.7746154055785, 2206.6033549979093
1674.3731458187103, 1425.7746154055785, 2206.6033549979093
1674.8269302845001, 1425.7746154055785, 2206.6033549979093
1675.3495309352875, 1425.7746154055785, 2206.6033549979093
1675.829246044159, 1425.7746154055785, 2206.6033549979093
1676.6291058063507, 1426.5510381531935, 2206.7889071702284
1677.3421952724457, 1426.5510381531935, 2206.7889071702284
1677.850834608078, 1426.5510381531935, 2206.7889071702284
1678.3395247459412, 1426.5510381531935, 2206.7889071702284
1678.8411819934845, 1426.5510381531935, 2206.7889071702284
1679.5961604118347, 1425.2108318703713, 2206.760108346396
1679.845492362976, 1425.2108318703713, 2206.760108346396
1680.6044619083405, 1425.8515391904868, 2206.8413948393472
1681.617747783661, 1426.4609501151747, 2207.063075928375
1682.3497869968414, 1426.4609501151747, 2207.063075928375
1683.0768418312073, 1427.0075736256638, 2207.228562210522
1683.377037525177, 1427.0075736256638, 2207.228562210522
1683.836805343628, 1427.0075736256638, 2207.228562210522
1684.6256930828094, 1424.9959194589553, 2206.6984310141956
1685.3188383579254, 1424.9959194589553, 2206.6984310141956
1686.0618484020233, 1425.9525675873765, 2206.677437778855
1686.3071930408478, 1425.9525675873765, 2206.677437778855
1687.0791230201721, 1425.1006593350114, 2207.10141727679
1687.8570404052734, 1425.1006593350114, 2207.10141727679
1688.338751077652, 1425.1006593350114, 2207.10141727679
1688.8374156951904, 1425.1006593350114, 2207.10141727679
1689.3261070251465, 1425.1006593350114, 2207.10141727679
1689.829758644104, 1425.1006593350114, 2207.10141727679
1690.7503356933594, 1425.218396746845, 2206.8332351508993
1691.3168206214905, 1425.218396746845, 2206.8332351508993
1692.1665453910828, 1425.442484676355, 2206.717969114766
1692.8417360782623, 1425.442484676355, 2206.717969114766
1693.3284335136414, 1425.442484676355, 2206.717969114766
1694.158210992813, 1424.1091192382994, 2206.71729066483
1694.895236492157, 1424.1091192382994, 2206.71729066483
1695.3609898090363, 1424.1091192382994, 2206.71729066483
1695.8526735305786, 1424.1091192382994, 2206.71729066483
1696.339370250702, 1424.1091192382994, 2206.71729066483
1696.84601354599, 1424.1091192382994, 2206.71729066483
1697.3177535533905, 1424.1091192382994, 2206.71729066483
1697.8343687057495, 1424.1091192382994, 2206.71729066483
1698.340013742447, 1424.1091192382994, 2206.71729066483
1699.0860159397125, 1428.9165942010295, 2206.5739379386177
1699.3652691841125, 1428.9165942010295, 2206.5739379386177
1700.1032922267914, 1425.6030138086091, 2207.343711922582
1701.1235604286194, 1426.3010435521367, 2206.9887392128812
1701.8635787963867, 1426.3010435521367, 2206.9887392128812
1702.3413000106812, 1426.3010435521367, 2206.9887392128812
1703.082316160202, 1424.8305621485201, 2206.9851660914605
1703.3406245708466, 1424.8305621485201, 2206.9851660914605
1704.1075694561005, 1425.6256202215948, 2207.0840225594384
1704.8136789798737, 1425.6256202215948, 2207.0840225594384
1705.3412668704987, 1425.6256202215948, 2207.0840225594384
1705.8588800430298, 1425.6256202215948, 2207.0840225594384
1706.3585424423218, 1425.6256202215948, 2207.0840225594384
1706.8262906074524, 1425.6256202215948, 2207.0840225594384
1707.3528800010681, 1425.6256202215948, 2207.0840225594384
1708.1407704353333, 1425.9256007698916, 2206.8269377296997
1709.1630325317383, 1423.4072134060339, 2206.7223149945776
1709.8093028068542, 1423.4072134060339, 2206.7223149945776
1710.3329026699066, 1423.4072134060339, 2206.7223149945776
1710.8026430606842, 1423.4072134060339, 2206.7223149945776
1711.3551633358002, 1423.4072134060339, 2206.7223149945776
1711.8269011974335, 1423.4072134060339, 2206.7223149945776
1712.3554847240448, 1423.4072134060339, 2206.7223149945776
1712.8072755336761, 1423.4072134060339, 2206.7223149945776
1713.3637852668762, 1423.4072134060339, 2206.7223149945776
1713.8375177383423, 1423.4072134060339, 2206.7223149945776
1714.5855133533478, 1424.8145802676288, 2207.1321687208924
1715.6446788311005, 1425.2022187150471, 2206.833963838396
1716.6619548797607, 1424.8932985659922, 2206.8730663482684
1717.572515487671, 1424.5460850343707, 2206.9786802469775
1717.7949213981628, 1424.5460850343707, 2206.9786802469775
1718.6077437400818, 1425.387928601682, 2206.9251301298395
1719.3198375701904, 1425.387928601682, 2206.9251301298395
1720.0079951286316, 1425.830189645982, 2206.771112102995
1720.3311290740967, 1425.830189645982, 2206.771112102995
1721.029259443283, 1425.7307744121867, 2206.9615033261
1721.6117000579834, 1424.9400187706992, 2207.046510368812
1722.6110243797302, 1424.5058362293214, 2206.6929459342327
1723.627302646637, 1425.2214196519242, 2206.985694704354
1724.5797526836395, 1423.840744348245, 2207.0203888215397
1724.8510270118713, 1423.840744348245, 2207.0203888215397
1725.3516874313354, 1423.840744348245, 2207.0203888215397
1725.8453640937805, 1423.840744348245, 2207.0203888215397
1726.2931649684906, 1423.840744348245, 2207.0203888215397
1727.0471456050873, 1424.9470300412825, 2206.91918749661
1727.6066477298737, 1424.2684233267937, 2206.8764137045123
1728.6518490314484, 1424.041713406709, 2206.7450315611422
1729.3420011997223, 1424.041713406709, 2206.7450315611422
1729.850640296936, 1424.041713406709, 2206.7450315611422
1730.3094115257263, 1424.041713406709, 2206.7450315611422
1731.0185132026672, 1422.982816911191, 2206.8758023045675
1731.604942560196, 1423.7993666885222, 2207.1995608608922
1732.583323955536, 2853.4747775837677, 703.9468226110947
1733.0760035514832, 1529.3308874663385, 501.09776754011745
1733.574667930603, 1424.9056628363574, 2206.5460260711493
1733.8469398021698, 1424.9056628363574, 2206.5460260711493
1734.6178743839264, 1426.5533317574677, 2206.785483719143
1735.745854139328, 2679.874991305139, 304.423989337111
1736.4399960041046, 2679.874991305139, 304.423989337111
1737.0483675003052, 1423.46086205164, 2206.5974850787834
1737.6008870601654, 1424.6682959115058, 2206.7708204036558
1738.6131761074066, 1425.3199194851013, 2206.7977864256886
1739.2863745689392, 1425.3199194851013, 2206.7977864256886
1739.8478705883026, 1425.3199194851013, 2206.7977864256886
1740.700599193573, 34036.01770654333, 196.87404556782167
1741.3687987327576, 34036.01770654333, 196.87404556782167
1741.9233124256134, 34036.01770654333, 196.87404556782167
1742.3571515083313, 34036.01770654333, 196.87404556782167
1743.0243661403656, 1424.494336863955, 2206.5770319682583
1743.2826731204987, 1424.494336863955, 2206.5770319682583
1744.0755515098572, 1424.2017642940682, 2206.41059238929
1744.3179016113281, 1424.2017642940682, 2206.41059238929
1744.8375098705292, 1424.2017642940682, 2206.41059238929
1745.5705471038818, 1425.0296223948342, 2207.011572585885
1746.0143594741821, 1424.140291979558, 2206.8579232644347
1746.49507188797, 1424.5272910587748, 2206.7552679955666
1747.031635761261, 1424.3645838914924, 2207.1686849586913
1747.3258485794067, 1424.3645838914924, 2207.1686849586913
1748.0967824459076, 1428.2332717281645, 2206.3029239053144
1748.8627319335938, 1428.2332717281645, 2206.3029239053144
1749.3015587329865, 1428.2332717281645, 2206.3029239053144
1750.074488401413, 1424.6222172057965, 2206.5222676641297
1750.5292704105377, 1428.0485870970663, 2206.4812413951354
1751.1306593418121, 1425.6371208798107, 2206.6465303433874
1752.1239993572235, 1424.9745625476464, 2206.529994568143
1753.103376865387, 1426.060607539813, 2206.7450487910032
1754.0358800888062, 1425.0203341861363, 2206.9591008086672
1754.5006358623505, 1424.9626092256053, 2206.8743921617993
1754.8297545909882, 1424.9626092256053, 2206.8743921617993
1755.3174488544464, 1424.9626092256053, 2206.8743921617993
1755.8440382480621, 1424.9626092256053, 2206.8743921617993
1756.3207619190216, 1424.9626092256053, 2206.8743921617993
1756.7715559005737, 1424.9626092256053, 2206.8743921617993
1757.324075460434, 1424.9626092256053, 2206.8743921617993
1757.7928202152252, 1424.9626092256053, 2206.8743921617993
1758.616614818573, 1424.4189587691951, 2206.692755307611
1759.533162355423, 1429.380853869747, 2206.563620228818
1759.8543009757996, 1429.380853869747, 2206.563620228818
1760.336011171341, 1429.380853869747, 2206.563620228818
1760.8227083683014, 1429.380853869747, 2206.563620228818
1761.3123965263367, 1429.380853869747, 2206.563620228818
1762.1391830444336, 1424.3510228779207, 2206.9371851142805
1762.8442945480347, 1424.3510228779207, 2206.9371851142805
1763.3329863548279, 1424.3510228779207, 2206.9371851142805
1764.1577785015106, 1424.9692675777758, 2206.950762802406
1765.151118516922, 1425.035864385457, 2206.9345920873366
1766.12251663208, 1425.68498358996, 2206.9521713509907
1767.066989660263, 1424.0131349844376, 2207.003630554323
1767.5068099498749, 1424.491791751293, 2206.7356333623457
1768.0962316989899, 1425.358802890432, 2206.6321101544786
1769.106526374817, 1423.4232894373758, 2207.1285859669497
1769.8355748653412, 1423.4232894373758, 2207.1285859669497
1770.3452343940735, 1423.4232894373758, 2207.1285859669497
1771.0802664756775, 1423.9976827245387, 2206.733813986489
1771.5978808403015, 1425.05594346598, 2207.030710040834
1772.6231353282928, 1424.3540263752184, 2206.606902841473
1773.5556383132935, 1425.170109481654, 2207.0470855611443
1774.1271073818207, 1425.2685034075673, 2206.901168776719
1775.1563532352448, 1429.214981608716, 2206.43806269995
1776.1237618923187, 1424.3093011146134, 2206.8931030661342
1777.0792038440704, 1426.3212274556538, 2206.822638968155
1777.32155418396, 1426.3212274556538, 2206.822638968155
1778.0795245170593, 1425.4154083687326, 2206.6260694216194
1778.3418231010437, 1425.4154083687326, 2206.6260694216194
1778.8255274295807, 1425.4154083687326, 2206.6260694216194
1779.3251893520355, 1425.4154083687326, 2206.6260694216194
1780.0781729221344, 1423.8537529092907, 2206.9331451639637
1780.5997767448425, 1428.625222785686, 2206.4089327787356
1781.3018975257874, 1428.625222785686, 2206.4089327787356
1782.0798137187958, 1427.4849799759731, 2206.4612205125954
1782.3820037841797, 1427.4849799759731, 2206.4612205125954
1782.798888206482, 1427.4849799759731, 2206.4612205125954
1783.329467535019, 1427.4849799759731, 2206.4612205125954
1783.8241424560547, 1427.4849799759731, 2206.4612205125954
1784.3397624492645, 1427.4849799759731, 2206.4612205125954
1784.7875626087189, 1427.4849799759731, 2206.4612205125954
1785.5993905067444, 1425.4619565796927, 2206.64815783707
1786.605694770813, 1425.5131211684009, 2206.8515745872605
1787.3437190055847, 1425.5131211684009, 2206.8515745872605
1788.1086704730988, 1424.5256106047589, 2206.7943731025734
1789.0790722370148, 1425.1536921452234, 2206.774202929521
1790.0504713058472, 1428.2256161316532, 2206.458184667681
1790.5930182933807, 1424.16804450325, 2206.815343824822
1790.8343741893768, 1424.16804450325, 2206.815343824822
1791.3230636119843, 1424.16804450325, 2206.815343824822
1792.0531091690063, 1425.8127279943408, 2206.794330293799
1792.603634595871, 1424.1778028705342, 2206.7921772079694
1793.6169216632843, 1423.5466735196915, 2206.7346727443373
1794.6501550674438, 1426.046407663101, 2206.8552558431675
1795.329336643219, 1426.046407663101, 2206.8552558431675
1796.1002736091614, 1428.5657949211131, 2206.4732749034447
1796.7944140434265, 1428.5657949211131, 2206.4732749034447
1797.5992584228516, 1423.0314778617874, 2206.98305062808
1798.5945928096771, 1423.7499752196998, 2206.7848502524093
1799.5789575576782, 1423.470717431086, 2206.9136553177736
1799.792385339737, 1423.470717431086, 2206.9136553177736
1800.3678460121155, 1423.470717431086, 2206.9136553177736
1800.8455655574799, 1423.470717431086, 2206.9136553177736
1801.5825924873352, 1425.0265254737772, 2207.0077038810273
1801.8219513893127, 1425.0265254737772, 2207.0077038810273
1802.5729398727417, 1423.354859270908, 2206.8526233250363
1803.005781173706, 1423.4668735882976, 2206.6348811068965
1803.5273849964142, 1427.6729501141776, 2206.4860602105073
1803.9951317310333, 1423.6030877835549, 2206.678601581315
1804.30330824852, 1423.6030877835549, 2206.678601581315
1804.8149375915527, 1423.6030877835549, 2206.678601581315
1805.3415274620056, 1423.6030877835549, 2206.678601581315
1806.1114656925201, 1424.291645397791, 2206.973378759583
1807.1077980995178, 1423.4293795615959, 2206.8758242379186
1807.847815990448, 1423.4293795615959, 2206.8758242379186
1808.6037929058075, 1423.2657763352572, 2206.9466072840446
1809.5791800022125, 1422.9904807819141, 2207.2646608328746
1809.8594295978546, 1422.9904807819141, 2207.2646608328746
1810.631362915039, 1423.7019205183185, 2207.151018393972
1811.2746412754059, 1423.7019205183185, 2207.151018393972
1812.0435826778412, 1423.061767266836, 2206.894170462366
1812.2979011535645, 1423.061767266836, 2206.894170462366
1812.818507194519, 1423.061767266836, 2206.894170462366
1813.5515439510345, 1425.2150185408643, 2206.910759623907
1813.8118472099304, 1425.2150185408643, 2206.910759623907
1814.345418214798, 1425.2150185408643, 2206.910759623907
1814.849071264267, 1425.2150185408643, 2206.910759623907
1815.3357663154602, 1425.2150185408643, 2206.910759623907
1815.828449010849, 1425.2150185408643, 2206.910759623907
1816.599966287613, 1425.1619604188604, 2206.831452192946
1817.5943043231964, 1424.1495003854716, 2206.660795764742
1818.329336643219, 1424.1495003854716, 2206.660795764742
1819.0982773303986, 1422.9311867783435, 2206.9346651438
1820.1614303588867, 3089.554830529505, 411.44137737097105
1821.1278421878815, 3959.9751863572924, 239.86655446972998
1821.8957855701447, 3959.9751863572924, 239.86655446972998
1822.565994977951, 2025.318410482665, 412.2057748614272
1823.120506286621, 3827.7734895482645, 641.8113993679267
1824.1716918945312, 3287.4229209802334, 330.08261228359913
1825.1550586223602, 3849.9598585612775, 383.1667612010685
1827.1566996574402, 1972.9776519443958, 615.3333883520493
1827.8638050556183, 1972.9776519443958, 615.3333883520493
1828.5938515663147, 1965.2984612948808, 476.31093604485386
1830.1476900577545, 3638.1760858796088, 584.0178530942583
1831.1599795818329, 3461.4242172285694, 22.13022116163158
1831.9089739322662, 3461.4242172285694, 22.13022116163158
1832.579179763794, 1045.1323697965338, 391.47353757865585
1833.140676021576, 1213.2972761380602, 78208.6390066473
1834.09312582016, 3028.9396950935297, 3876.26939136117
1834.5548903942108, 3776.900761421817, 295.1218596054026
1835.1173827648163, 3285.792484987127, 49.72956063891487
1836.205470085144, 1530.607142974263, 235.96779268796487
1837.1220157146454, 400.2418528804408, 493.77725315255304
1838.3347687721252, 1008.2930131112473, 1238.7943958544884
1839.008964061737, 1008.2930131112473, 1238.7943958544884
1839.8666679859161, 3089.999521385067, 2142.32540345946
1840.5827503204346, 3089.999521385067, 2142.32540345946
1841.0425174236298, 3089.999521385067, 2142.32540345946
1841.544174671173, 3089.999521385067, 2142.32540345946
1842.0747537612915, 3089.999521385067, 2142.32540345946
1842.5135788917542, 3089.999521385067, 2142.32540345946
1843.294487953186, 3245.203880141161, 513.213333985455
1844.3636248111725, 2208.847256979053, 980.990492570159
1845.3170733451843, 3296.2582003118846, 875.7060836781653
1846.20369887352, 3196.5103414709747, 409.31645259611776
1847.2249641418457, 3142.031967668783, 424.789111952616
1847.93705701828, 3142.031967668783, 424.789111952616
1848.4257488250732, 3142.031967668783, 424.789111952616
1849.2435586452484, 2820.547273640111, 584.1138183939278
1850.0234696865082, 2820.547273640111, 584.1138183939278
1850.5999267101288, 3544.6675030444435, 64.14638257854925
1851.1873536109924, 3451.171294314127, 177.86449676043313
1852.210614681244, 2129.0373075752195, 301.8021896996485
1853.1271595954895, 2612.297400075406, 142.50739923080798
1854.2102596759796, 549.3231997023252, 139.11855058735895
1854.9722192287445, 549.3231997023252, 139.11855058735895
1855.437973499298, 549.3231997023252, 139.11855058735895
1856.1849722862244, 3660.497529922768, 411.8813469112595
1857.1992559432983, 1617.7356884018498, 653.9120861463106
1858.2225165367126, 3090.2925050448457, 349.8264804445492
1859.1659896373749, 2139.2707063318203, -892.6163708601662
1860.1852610111237, 3141.4868524058857, 21990.298463289135
1860.8554666042328, 3141.4868524058857, 21990.298463289135
1861.47381067276, 3141.4868524058857, 21990.298463289135
1861.8906939029694, 3141.4868524058857, 21990.298463289135
1862.4043185710907, 3141.4868524058857, 21990.298463289135
1862.85710811615, 3141.4868524058857, 21990.298463289135
1863.4395480155945, 3141.4868524058857, 21990.298463289135
1864.1735820770264, 2588.7942693516325, 594.8510498933108
1864.9155938625336, 2588.7942693516325, 594.8510498933108
1865.4461743831635, 2588.7942693516325, 594.8510498933108
1866.1413118839264, 2611.310197588116, 124.2757090546709
1867.1954901218414, 1843.1775079832798, 622.4777330155764
1867.8676900863647, 1843.1775079832798, 622.4777330155764
1868.443148612976, 1843.1775079832798, 622.4777330155764
1868.9009251594543, 1843.1775079832798, 622.4777330155764
1869.4554390907288, 1843.1775079832798, 622.4777330155764
1869.854370355606, 1843.1775079832798, 622.4777330155764
1870.4567565917969, 1843.1775079832798, 622.4777330155764
1870.9284937381744, 1843.1775079832798, 622.4777330155764
1871.5807468891144, 2514.7401620750366, 24.98430506574936
1872.1651821136475, 2802.8737653716644, -4001.836798843841
1872.8982203006744, 2802.8737653716644, -4001.836798843841
1873.447748184204, 2802.8737653716644, -4001.836798843841
1874.213697195053, 3587.9676726359976, 108.66631740039558
1875.1481955051422, 2315.300144493739, 639.3298901785236
1876.1604845523834, 3631.7321451146604, 50.574366474820195
1876.9224441051483, 3631.7321451146604, 50.574366474820195
1877.463994026184, 3631.7321451146604, 50.574366474820195
1877.8818774223328, 3631.7321451146604, 50.574366474820195
1878.6568019390106, 2043.3876203354178, 122.55552617477558
1879.6282002925873, 1992.2826367981286, 570.2425698444796
1880.7073109149933, 890.5177524728434, 631.2602915576082
1881.7106235027313, 102.97700013936881, 201.4731744222923
1882.4636073112488, 102.97700013936881, 201.4731744222923
1882.9473123550415, 102.97700013936881, 201.4731744222923
1883.7222380638123, 1804.376105259008, 12972.670955128007
1885.747813463211, 2949.8244975384036, 36108.33256851647
1886.5057842731476, 2949.8244975384036, 36108.33256851647
1888.6869435310364, 2654.711166286765, 91.49948054322948
1889.4219751358032, 2654.711166286765, 91.49948054322948
1890.7793407440186, 2425.163891515444, 300.5081641281608
1891.4764740467072, 2425.163891515444, 300.5081641281608
1891.9920935630798, 2425.163891515444, 300.5081641281608
1892.4797875881195, 2425.163891515444, 300.5081641281608
1892.9605016708374, 2425.163891515444, 300.5081641281608
1893.4342329502106, 2425.163891515444, 300.5081641281608
1894.0785081386566, 1428.013418048542, 2204.7425751418773
1894.36274600029, 1428.013418048542, 2204.7425751418773
1894.8544294834137, 1428.013418048542, 2204.7425751418773
1895.6114015579224, 1422.621862042381, 2206.7934336006583
1896.331473827362, 1422.621862042381, 2206.7934336006583
1896.8151803016663, 1422.621862042381, 2206.7934336006583
1897.6329891681671, 1423.3811607488442, 2206.884429772994
1898.5974085330963, 1426.2530114481817, 2206.306542192474
1899.0701413154602, 1423.6231912773812, 2206.806057169547
1899.3214683532715, 1423.6231912773812, 2206.806057169547
1900.0604889392853, 1428.2862613081509, 2206.559042919452
1900.5970525741577, 1423.1725394009504, 2206.7002780475414
1900.8603479862213, 1423.1725394009504, 2206.7002780475414
1901.57044672966, 1423.8307332882391, 2206.823624232312
1901.8347384929657, 1423.8307332882391, 2206.823624232312
1902.323147535324, 1423.8307332882391, 2206.823624232312
1902.8477420806885, 1423.8307332882391, 2206.823624232312
1903.6346347332, 1422.0787678719792, 2206.839305857274
1904.6050367355347, 1426.3601727053262, 2206.605619580286
1905.108687877655, 1422.4019797628555, 2206.6046931916335
1905.8457140922546, 1422.4019797628555, 2206.6046931916335
1906.3164553642273, 1422.4019797628555, 2206.6046931916335
1907.1053416728973, 1423.387633430655, 2207.0119395446313
1907.3087961673737, 1423.387633430655, 2207.0119395446313
1907.846356868744, 1423.387633430655, 2207.0119395446313
1908.327071428299, 1423.387633430655, 2207.0119395446313
1908.8726089000702, 1423.387633430655, 2207.0119395446313
1909.6166172027588, 1425.144144449727, 2206.4710831196244
1910.5920052528381, 1426.48895457394, 2206.5226155563564
1911.0956575870514, 1421.949945975325, 2206.621194742119
1911.3260400295258, 1421.949945975325, 2206.621194742119
1911.8546254634857, 1421.949945975325, 2206.621194742119
1912.3323452472687, 1421.949945975325, 2206.621194742119
1913.0793459415436, 1422.1404160990942, 2206.642163460504
1913.3127207756042, 1422.1404160990942, 2206.642163460504
1914.0936295986176, 1422.4966932601494, 2206.532616631328
1914.6202204227448, 1421.083124919878, 2206.6089466912067
1915.5607011318207, 1421.283338466801, 2206.8786179375634
1916.1192061901093, 1421.5162693112136, 2206.7264112679213
1916.851245880127, 1421.5162693112136, 2206.7264112679213
1917.5782985687256, 1422.462376128292, 2206.788214339698
1918.1128780841827, 1423.4473512856935, 2206.6573985535647
1918.86186170578, 1423.4473512856935, 2206.6573985535647
1919.335594177246, 1423.4473512856935, 2206.6573985535647
1920.0307323932648, 1425.2740403044425, 2206.1474195478545
1920.296021938324, 1425.2740403044425, 2206.1474195478545
1921.0839128494263, 1423.2976323326216, 2206.535938356283
1921.554651260376, 1422.7337460193312, 2206.6800792482004
1921.8598341941833, 1422.7337460193312, 2206.6800792482004
1922.3415439128876, 1422.7337460193312, 2206.6800792482004
1922.8521764278412, 1422.7337460193312, 2206.6800792482004
1923.3398716449738, 1422.7337460193312, 2206.6800792482004
1924.1088128089905, 1425.8547237835958, 2206.5600836109456
1925.091182231903, 1423.3617658205137, 2206.6934632489465
1925.5429730415344, 1424.5865348630919, 2206.759625636257
1926.09050655365, 1422.0538654412173, 2206.9463652896884
1926.3348515033722, 1422.0538654412173, 2206.9463652896884
1927.1097764968872, 1422.4471861792572, 2206.848439524073
1928.0991275310516, 1423.1212607630796, 2207.010853012181
1928.8551034927368, 1423.1212607630796, 2207.010853012181
1929.2929317951202, 1423.1212607630796, 2207.010853012181
1930.081818819046, 1424.16941726752, 2206.701162554386
1930.347109079361, 1424.16941726752, 2206.701162554386
1931.14098238945, 1424.1812006197194, 2206.7607080769535
1931.8431026935577, 1424.1812006197194, 2206.7607080769535
1932.5701558589935, 1422.5010974280058, 2206.905538889569
1933.1695516109467, 1422.8527953475284, 2206.690462316562
1934.146933555603, 1424.5761425559008, 2206.8122948927535
1935.1612186431885, 1423.5389984191818, 2206.832144977462
1936.0558228492737, 1421.3436197218716, 2206.9308417105526
1936.5744347572327, 1423.9457289452926, 2206.6778403756975
1937.126954317093, 1423.6056545519393, 2206.843473573029
1938.1641778945923, 1419.4308789437623, 2206.5322805308733
1939.110642671585, 1423.3684609628745, 2206.6093092686497
1940.1059784889221, 1422.5028863600064, 2206.7497415495827
1940.5497903823853, 1425.0632161819196, 2207.0180075142353
1941.0733873844147, 1424.031271534432, 2206.886103685485
1941.3376801013947, 1424.031271534432, 2206.886103685485
1942.1913933753967, 1422.2558251131854, 2206.9831280533235
1943.0929794311523, 1423.1145439903403, 2206.5900089864667
1943.6056072711945, 1422.9155700631054, 2206.788833816595
1944.1272103786469, 1423.247866016882, 2207.102227504105
1945.1394999027252, 1422.7753764503836, 2206.553283297562
1946.1168825626373, 1423.7771781311972, 2206.824184924205
1946.838950395584, 1423.7771781311972, 2206.824184924205
1947.562014579773, 1422.0764501883816, 2207.1196860660984
1948.1314890384674, 1422.3226309632257, 2206.716289826389
1949.149761915207, 1422.0521687541382, 2206.6545804966586
1950.0842599868774, 1421.382781257453, 2206.9749573861163
1950.342568397522, 1421.382781257453, 2206.9749573861163
1951.0795948505402, 1422.0557884058112, 2206.797078076201
1951.346878528595, 1422.0557884058112, 2206.797078076201
1951.8305842876434, 1422.0557884058112, 2206.797078076201
1952.3791143894196, 1422.0557884058112, 2206.797078076201
1952.8209314346313, 1422.0557884058112, 2206.797078076201
1953.3435320854187, 1422.0557884058112, 2206.797078076201
1953.8162672519684, 1422.0557884058112, 2206.797078076201
1954.3468463420868, 1422.0557884058112, 2206.797078076201
1954.809607744217, 1422.0557884058112, 2206.797078076201
1955.3790826797485, 1422.0557884058112, 2206.797078076201
1956.1171057224274, 1420.8339032290837, 2206.571627440327
1956.8222184181213, 1420.8339032290837, 2206.571627440327
1957.6470093727112, 1422.7155141117657, 2206.6938866491037
1958.329183101654, 1422.7155141117657, 2206.6938866491037
1958.8258531093597, 1422.7155141117657, 2206.6938866491037
1959.59579372406, 1421.9932679026124, 2206.6684760151893
1960.0755071640015, 1423.4868405165155, 2206.862763231813
1960.3457834720612, 1423.4868405165155, 2206.862763231813
1961.0788204669952, 1424.342512721732, 2206.922571620849
1961.404948234558, 1424.342512721732, 2206.922571620849
1961.842774629593, 1424.342512721732, 2206.922571620849
1962.6147084236145, 1422.4029832263607, 2206.8127802585886
1963.5970768928528, 1422.4423883592453, 2207.0291166534057
1963.841424703598, 1422.4423883592453, 2207.0291166534057
1964.6981298923492, 1423.677695140453, 2206.942925947777
1965.37930560112, 1423.677695140453, 2206.942925947777
1965.8699922561646, 1423.677695140453, 2206.942925947777
1966.3656632900238, 1423.677695140453, 2206.942925947777
1966.8593425750732, 1423.677695140453, 2206.942925947777
1967.6951038837433, 1423.310143107026, 2206.7924603629785
1968.4291384220123, 1423.310143107026, 2206.7924603629785
1968.9307956695557, 1423.310143107026, 2206.7924603629785
1969.6608419418335, 1422.0176678343705, 2206.8184364880217
1970.7389545440674, 1422.6706910683013, 2207.0441060432936
1971.611618757248, 1422.4010168448442, 2206.92718848426
1972.6268997192383, 1421.5073426803012, 2206.691572093558
1973.3768911361694, 1421.5073426803012, 2206.691572093558
1974.1388530731201, 1422.1073015087293, 2206.847570457989
1975.0773394107819, 1422.0758778460547, 2206.868142055858
1975.676733493805, 1422.4159681940816, 2206.890420336656
1976.6411516666412, 1422.5527282580622, 2207.009620566625
1977.4031138420105, 1422.5527282580622, 2207.009620566625
1977.8539052009583, 1422.5527282580622, 2207.009620566625
1978.3894703388214, 1422.5527282580622, 2207.009620566625
1978.914068222046, 1422.5527282580622, 2207.009620566625
1979.6251623630524, 1421.7065026744567, 2206.8031791227836
1980.395100593567, 1421.7065026744567, 2206.8031791227836
1980.868833065033, 1421.7065026744567, 2206.8031791227836
1981.4083876609802, 1421.7065026744567, 2206.8031791227836
1982.0845777988434, 1426.2418310022222, 2206.5504176590343
1982.8345696926117, 1426.2418310022222, 2206.5504176590343
1983.6384177207947, 1422.0889549292792, 2206.646809356629
1984.625773191452, 1422.3416711166133, 2207.0391882991753
1985.3917229175568, 1422.3416711166133, 2207.0391882991753
1985.8714418411255, 1422.3416711166133, 2207.0391882991753
1986.6314034461975, 1421.4057757888406, 2206.9960680415866
1987.6776027679443, 1422.1228367766182, 2207.1238559937547
1988.3906939029694, 1422.1228367766182, 2207.1238559937547
1989.1107654571533, 1422.096679979821, 2207.07288738481
1990.0721929073334, 1420.232502594717, 2206.899706814598
1990.6626102924347, 1422.3108137383438, 2207.109776337112
1991.3886666297913, 1422.3108137383438, 2207.109776337112
1992.1566236019135, 1422.2676467574013, 2206.9388548175625
1993.1409752368927, 1421.7283651433545, 2206.871348314531
1994.0834515094757, 1423.166275627654, 2206.797522266834
1994.6619024276733, 1421.2592060050533, 2206.933086724258
1995.3739964962006, 1421.2592060050533, 2206.933086724258
1996.1369547843933, 1419.24990314812, 2206.8829346767825
1996.8749768733978, 1419.24990314812, 2206.8829346767825
1997.373642206192, 1419.24990314812, 2206.8829346767825
1997.8473737239838, 1419.24990314812, 2206.8829346767825
1998.646234512329, 1421.8331850054972, 2206.7475926217603
1999.364313364029, 1421.8331850054972, 2206.7475926217603
1999.8839201927185, 1421.8331850054972, 2206.7475926217603
2000.6369059085846, 1422.144354335958, 2206.93014785983
2001.5883612632751, 1421.8722554717604, 2206.773728256504
2002.1239273548126, 1421.9637670009736, 2206.933017962387
2002.890873670578, 1421.9637670009736, 2206.933017962387
2003.5850162506104, 1422.2269646260781, 2207.0603808267424
2003.8732438087463, 1422.2269646260781, 2207.0603808267424
2004.6292202472687, 1423.0716033902797, 2207.0390673677684
2005.6614561080933, 1421.7036574569581, 2206.9601373674645
2006.632854938507, 1422.5064652329047, 2207.0782258515346
2007.5683500766754, 1421.9145586764337, 2207.1303203360508
2007.883507013321, 1421.9145586764337, 2207.1303203360508
2008.3402826786041, 1421.9145586764337, 2207.1303203360508
2008.9037749767303, 1421.9145586764337, 2207.1303203360508
2009.377506494522, 1421.9145586764337, 2207.1303203360508
2010.166393995285, 1422.9469362953976, 2206.786857541676
2011.1647210121155, 1422.5269073449638, 2207.0780405414766
2011.8917744159698, 1422.5269073449638, 2207.0780405414766
2012.3665034770966, 1422.5269073449638, 2207.0780405414766
2012.8831202983856, 1422.5269073449638, 2207.0780405414766
2013.3817846775055, 1422.5269073449638, 2207.0780405414766
2013.9113674163818, 1422.5269073449638, 2207.0780405414766
2014.3701405525208, 1422.5269073449638, 2207.0780405414766
2015.1809675693512, 1421.322854740714, 2206.886883257274
2015.8501768112183, 1421.322854740714, 2206.886883257274
2016.5911931991577, 1422.461197051062, 2207.029735429937
2017.1905870437622, 1419.225006325549, 2206.8905345064313
2018.1131176948547, 1421.472021861321, 2206.97833581357
2019.1533324718475, 1418.576265052044, 2206.7228973707533
2020.1885619163513, 1421.7370334623165, 2207.130184486572
2020.8926751613617, 1421.7370334623165, 2207.130184486572
2021.3753831386566, 1421.7370334623165, 2207.130184486572
2022.1902017593384, 1420.9733865533956, 2206.714415721139
2023.1376650333405, 1420.145650408637, 2206.9893737877073
2024.111058473587, 1422.4804204053214, 2206.664298589141
2025.1821908950806, 1439.1003035418917, 2211.0229844733817
2026.2114346027374, 3247.2093620745304, 1383.9262053794341
2027.236689567566, 3393.841119142393, 309.80010581744324
2028.3646702766418, 3504.8885911909083, 321.3333285177463
2029.398900270462, 3417.1977620485272, 592.4197715254538
2030.3832654953003, 2343.939255303862, 90.44894462180828
2031.3646371364594, 3637.612174913741, 342.3297626225454
2032.4407567977905, 3960.912773130854, 456.8859348034076
2033.1727979183197, 3960.912773130854, 456.8859348034076
2034.3556303977966, 805.4696499336727, 39.9975632963564
2035.3768954277039, 2550.211860020477, 326.60006954646286
2036.4879212379456, 3035.260634574933, 1170.5034046214412
2037.0763444900513, 3035.260634574933, 1170.5034046214412
2037.8602466583252, 3357.738452393355, 467.16840186056237
2038.5793204307556, 3357.738452393355, 467.16840186056237
2039.1458039283752, 3357.738452393355, 467.16840186056237
2040.2348897457123, 1193.1560364958682, 2351.4637440785586
2041.3439183235168, 100707.61723147, 2038.578562294173
2041.9891910552979, 100707.61723147, 2038.578562294173
2042.5028166770935, 100707.61723147, 2038.578562294173
2043.3146433830261, 1437.4931720202926, 2252.745764647881
2044.3339138031006, 3441.458850188873, 220.0047808670299
2045.0629622936249, 3441.458850188873, 220.0047808670299
2045.7411465644836, 1425.1539203991283, 2265.402541699772
2046.538013458252, 1425.1539203991283, 2265.402541699772
2046.9529011249542, 1425.1539203991283, 2265.402541699772
2047.549304008484, 1425.1539203991283, 2265.402541699772
2048.306277036667, 674.6451356647099, 534.5664704142756
2049.274684906006, 1450.5558643754414, 496.9281976033122
2050.325870037079, 4856.764674548765, 40.115646502221786
2051.277323961258, 3676.0336964609214, 290.5551687899375
2051.9485251903534, 3676.0336964609214, 290.5551687899375
2052.7703263759613, 3396.4128099599175, 2142.6188793483393
2053.513335943222, 3396.4128099599175, 2142.6188793483393
2053.967120885849, 3396.4128099599175, 2142.6188793483393
2054.4857325553894, 3396.4128099599175, 2142.6188793483393
2054.905608892441, 3396.4128099599175, 2142.6188793483393
2055.6755475997925, 3407.7267508653435, 2224.0619085593103
2056.4644362926483, 3407.7267508653435, 2224.0619085593103
2056.9511313438416, 3407.7267508653435, 2224.0619085593103
2057.485700368881, 3407.7267508653435, 2224.0619085593103
2058.4351584911346, 1540.4478085281744, 848.0661026981921
2059.1951234340668, 1540.4478085281744, 848.0661026981921
2060.1116693019867, 1540.4478085281744, 848.0661026981921
2061.216710090637, 1540.4478085281744, 848.0661026981921
2062.148216485977, 1540.4478085281744, 848.0661026981921
2063.091691017151, 1257.487464634932, 2431.2659881737327
2063.6412189006805, 1251.3108818358712, 2428.5481704978397
2064.640543460846, 1259.8736796508845, 2430.1803893122064
2065.390536546707, 1259.8736796508845, 2430.1803893122064
2065.910144329071, 1259.8736796508845, 2430.1803893122064
2066.639193058014, 1260.0447904315213, 2430.7462379243716
2067.6295409202576, 1263.6537076219367, 2430.093379789061
2068.6059260368347, 1251.358238519325, 2430.399395827732
2069.6471388339996, 1259.8171163369582, 2428.8249959729696
2070.6624207496643, 1261.3592222929146, 2430.1087071953702
2071.689670085907, 1257.125386866992, 2430.4454895460394
2072.6939811706543, 1261.004377613737, 2429.497859164956
2073.67435669899, 1253.199580719508, 2429.4793038929683
2074.66171169281, 1247.574172688445, 2428.539533656241
2075.6809837818146, 1260.496043992518, 2430.6073426977464
2076.3272540569305, 1260.496043992518, 2430.6073426977464
2076.851847887039, 1260.496043992518, 2430.6073426977464
2077.6965882778168, 6190.961917154609, 243.42796586362684
2078.783676147461, 3563.3769471124688, 111.90403741394965
2079.3681120872498, 3563.3769471124688, 111.90403741394965
2080.182929992676, 1925.9843728056035, -36150.09058701395
2081.192227125168, 2161.864702095252, 371.2099740774437
2081.910304784775, 2161.864702095252, 371.2099740774437
2082.6453380584717, 1312.4472492665668, 1576.0449363089172
2083.5658729076385, 3239.2740632213636, 224.2463486109453
2084.0745103359222, 3506.038943048436, 714.3717060867331
2084.560209751129, 3506.038943048436, 714.3717060867331
2084.9501659870148, 3506.038943048436, 714.3717060867331
2085.685198068619, 1900.8330211561674, 124.44281062741503
2086.4302027225494, 1900.8330211561674, 124.44281062741503
2087.1363129615784, 1134.9434295538922, 498.3974811012665
2087.977061510086, 1134.9434295538922, 498.3974811012665
2088.4059150218964, 1134.9434295538922, 498.3974811012665
2089.2336971759796, 328.8147954346689, 13.976069792548245
2090.3028349876404, 2922.168132424173, 270.4702273744253
2090.9381353855133, 2922.168132424173, 270.4702273744253
2091.666183948517, 3508.7276832152365, 287.66168944071626
2094.1724746227264, 3957.614153628192, 404.02202723790185
2095.2745242118835, 1411.1379841600617, 288.75896899441733
2096.433420419693, 2642.4354582506226, 172.04157078779932
2097.1435191631317, 2642.4354582506226, 172.04157078779932
2098.1986961364746, 1202.60338647219, 2447.7533263988034
2099.1800661087036, 1217.2612464039278, 2448.0303724464693
2100.297075510025, 1492.0874221681115, 2364.3367546821005
2101.1996591091156, 3282.284170775235, 2449.0090339415765
2102.321655511856, 1259.475362967721, 2432.1572995840756
2102.963935613632, 1259.475362967721, 2432.1572995840756
2103.5832772254944, 1431.1915468722943, 2131.0397499580213
2104.241514444351, 1150.8198005755291, 2367.474425206548
2105.119164466858, 1422.9932580826191, 2207.0075023791705
2106.139433145523, 1422.1918355885105, 2206.588691810935
2107.122800588608, 1423.2763972401945, 2206.9570804928157
2108.1610202789307, 1422.9346953239776, 2206.5352090928222
2109.156356573105, 1422.579436284401, 2207.1838148835022
2110.1496958732605, 1421.9316662226813, 2206.724472737186
2111.114113807678, 1423.0423095040403, 2206.846687354226
2112.087507724762, 1423.4312872893238, 2206.925669450873
2112.3737409114838, 1423.4312872893238, 2206.925669450873
2113.088826417923, 1421.8676404076532, 2206.6638053256233
2113.349129676819, 1421.8676404076532, 2206.6638053256233
2114.1629502773285, 1422.178656462728, 2206.8640168190304
2114.8900039196014, 1422.178656462728, 2206.8640168190304
2115.6499712467194, 1421.2557551847353, 2206.788444232469
2116.3690435886383, 1421.2557551847353, 2206.788444232469
2117.4641132354736, 1421.2557551847353, 2206.788444232469
2118.079464673996, 1421.2489512302411, 2206.8139147912216
2118.579126596451, 1421.2756779686897, 2206.8244538237072
2118.832448720932, 1421.2756779686897, 2206.8244538237072
2119.642280101776, 1421.9053346814167, 2206.796158279296
2120.3404116630554, 1421.9053346814167, 2206.796158279296
2121.1671969890594, 1423.4860631200038, 2207.119664381572
2121.83740401268, 1423.4860631200038, 2207.119664381572
2122.591384410858, 1423.7245598707555, 2206.511365493639
2123.1359260082245, 1424.2046800817295, 2206.7862792411115
2124.0335228443146, 1422.3687359832086, 2206.576792781298
2124.6069881916046, 1426.8083921464288, 2206.592731776944
2125.0896949768066, 1425.0023306140645, 2206.980974014027
2125.3829097747803, 1425.0023306140645, 2206.980974014027
2125.8496611118317, 1425.0023306140645, 2206.980974014027
2126.3772473335266, 1425.0023306140645, 2206.980974014027
2126.83203125, 1425.0023306140645, 2206.980974014027
2127.3626091480255, 1425.0023306140645, 2206.980974014027
2127.8413281440735, 1425.0023306140645, 2206.980974014027
2128.641185760498, 1422.1588396093628, 2206.6081552672877
2129.400153875351, 1422.1588396093628, 2206.6081552672877
2129.8559341430664, 1422.1588396093628, 2206.6081552672877
2130.6906991004944, 1422.7715765938385, 2206.6449112791906
2131.747867822647, 2781.3312462080357, 412.7556777995314
2132.485892057419, 2781.3312462080357, 412.7556777995314
2132.9257147312164, 2781.3312462080357, 412.7556777995314
2133.7136056423187, 1740.6747854179307, 543.7917820396666
2134.4675862789154, 1740.6747854179307, 543.7917820396666
2134.9293506145477, 1740.6747854179307, 543.7917820396666
2135.476884365082, 1740.6747854179307, 543.7917820396666
2135.8967599868774, 1740.6747854179307, 543.7917820396666
2137.797694206238, 4520.44526442142, 575.0461183381944
2138.7481484413147, 1701.56014350394, 62.04365459104059
2139.5310521125793, 1701.56014350394, 62.04365459104059
2140.1454083919525, -2862.175703615135, 330.90358156046887
2140.9342958927155, -2862.175703615135, 330.90358156046887
2141.8129422664642, 2692.1456940388234, 211.51554434325914
2142.4512333869934, 2692.1456940388234, 211.51554434325914
2142.9349386692047, 2692.1456940388234, 211.51554434325914
2143.7048783302307, 2985.2478993391965, 254.33121476204275
2144.7839884757996, 2589.878464018056, 217.96422029980783
2145.4113092422485, 2589.878464018056, 217.96422029980783
2145.9249353408813, 2589.878464018056, 217.96422029980783
2146.396669626236, 2589.878464018056, 217.96422029980783
2147.1516497135162, 2480.743868846305, 2203.874498449084
2147.919593334198, 2480.743868846305, 2203.874498449084
2148.3823540210724, 2480.743868846305, 2203.874498449084
2148.9119358062744, 2480.743868846305, 2203.874498449084
2149.366718530655, 2480.743868846305, 2203.874498449084
2150.0867908000946, 2472.280222550631, 2203.8971491720677
2150.341110229492, 2472.280222550631, 2203.8971491720677
2150.870691537857, 2472.280222550631, 2203.8971491720677
2151.364369392395, 2472.280222550631, 2203.8971491720677
2152.174201965332, 2469.914897089214, 2204.2232061688474
2152.8603641986847, 2469.914897089214, 2204.2232061688474
2153.5684695243835, 2481.648270560389, 2204.14717475707
2154.1757714748383, 2484.0634055742657, 2204.2594414919713
2155.0973048210144, 2465.1253088704025, 2203.893703167257
2155.370573282242, 2465.1253088704025, 2203.893703167257
2156.1255514621735, 2473.935514387859, 2203.8937445866245
2157.1438252925873, 2463.8060373081844, 2204.1644159334687
2158.09627532959, 2477.2205997966844, 2204.04752123021
2158.364556789398, 2477.2205997966844, 2204.04752123021
2159.1554396152496, 2488.7090818382544, 2204.1597645155775
2159.8755116462708, 2488.7090818382544, 2204.1597645155775
2160.6175243854523, 2481.5787681327206, 2204.043407390286
2161.3545525074005, 2481.5787681327206, 2204.043407390286
2162.2451663017273, 2939.81241392273, 879.4226238544395
2162.929334640503, 2939.81241392273, 879.4226238544395
2163.4808588027954, 2939.81241392273, 879.4226238544395
2163.8698165416718, 2939.81241392273, 879.4226238544395
2164.691615819931, 3925.0109872457324, 226.4959953602242
2165.4605581760406, 3925.0109872457324, 226.4959953602242
2165.884423494339, 3925.0109872457324, 226.4959953602242
2166.676302909851, 1684.3831439134224, 192.37603731684794
2167.4901247024536, 1684.3831439134224, 192.37603731684794
2167.9718356132507, 1684.3831439134224, 192.37603731684794
2168.7487540245056, 2418.3018533900195, 450.0775673772597
2169.5067245960236, 2418.3018533900195, 450.0775673772597
2172.7051615715027, 1439.529866923495, 434.50660933498904
2173.4741020202637, 1439.529866923495, 434.50660933498904
2173.949828863144, 1439.529866923495, 434.50660933498904
2174.4883875846863, 1439.529866923495, 434.50660933498904
2174.959125995636, 1439.529866923495, 434.50660933498904
2175.603401184082, 2849.215241376577, -1369.280665499127
2176.1678903102875, 3890.39471059248, 633.7781050353607
2177.220072746277, 2121.233327705767, 356.6830731241057
2177.9590952396393, 2121.233327705767, 356.6830731241057
2180.080414056778, 1455.987950531777, 2208.4411632683587
2180.4314749240875, 1455.987950531777, 2208.4411632683587
2181.1266124248505, 1456.587275444285, 2208.8110009188676
2181.8746111392975, 1456.587275444285, 2208.8110009188676
2182.3722791671753, 1456.587275444285, 2208.8110009188676
2182.8908898830414, 1456.587275444285, 2208.8110009188676
2183.659830570221, 1453.4215594573504, 2208.595968051146
2184.3619503974915, 1453.4215594573504, 2208.595968051146
2185.1099479198456, 1451.245223451099, 2208.4107946363974
2185.886867046356, 1451.245223451099, 2208.4107946363974
2186.395505428314, 1451.245223451099, 2208.4107946363974
2186.869236946106, 1451.245223451099, 2208.4107946363974
2187.611251115799, 1451.7141499744587, 2208.8501920759686
2188.1597826480865, 1451.4888815302247, 2208.5190698104443
2189.135170698166, 1451.721742434308, 2208.7835066239604
2190.1145498752594, 1449.6291845946237, 2208.2954157641207
2191.1727159023285, 1451.2749645362508, 2208.3955192226645
2191.8718445301056, 1451.2749645362508, 2208.3955192226645
2192.3974363803864, 1451.2749645362508, 2208.3955192226645
2192.8831367492676, 1451.2749645362508, 2208.3955192226645
2193.7009465694427, 1451.937247731719, 2208.66696170219
2194.6474125385284, 1449.2918398487006, 2208.342383729996
2195.397403717041, 1449.2918398487006, 2208.342383729996
2195.883103132248, 1449.2918398487006, 2208.342383729996
2196.3747873306274, 1449.2918398487006, 2208.342383729996
2196.858493566513, 1449.2918398487006, 2208.342383729996
2197.542660713196, 1452.9097409949902, 2208.1996193972063
2197.838867664337, 1452.9097409949902, 2208.1996193972063
2198.5459740161896, 1452.479414262734, 2208.126733141307
2199.062591314316, 1453.0210511035352, 2208.242681203314
2199.526348590851, 1452.924514057628, 2208.280126299919
2200.0349872112274, 1453.684609547282, 2208.093849359618
2200.611444234848, 1456.2993088066548, 2208.689201328636
2201.12407207489, 1455.34241990962, 2208.629044999818
2201.8321754932404, 1455.34241990962, 2208.629044999818
2202.5741894245148, 1452.8701804189823, 2208.3542479607895
2203.107759952545, 1454.2768593816934, 2208.470063788987
2204.123042821884, 1452.5372982191154, 2208.446294055874
2205.09344291687, 1453.2963732897815, 2208.526152895579
2205.3347964286804, 1453.2963732897815, 2208.526152895579
2205.8853232860565, 1453.2963732897815, 2208.526152895579
2206.6093847751617, 1453.6998136954105, 2208.5089885682187
2207.3304555416107, 1453.6998136954105, 2208.5089885682187
2208.1791818141937, 1452.5068534647405, 2208.4090743450975
2209.1575627326965, 1452.2814483099114, 2208.4089347741583
2209.913538455963, 1452.2814483099114, 2208.4089347741583
2210.389264822006, 1452.2814483099114, 2208.4089347741583
2210.928819656372, 1452.2814483099114, 2208.4089347741583
2211.3616604804993, 1452.2814483099114, 2208.4089347741583
2211.890245437622, 1452.2814483099114, 2208.4089347741583
2212.380931377411, 1452.2814483099114, 2208.4089347741583
2213.196746826172, 1453.9689075949725, 2208.2164255570924
2214.180114507675, 1451.9488122679759, 2208.508326736605
2214.876250743866, 1451.9488122679759, 2208.508326736605
2215.355968236923, 1451.9488122679759, 2208.508326736605
2216.1937239170074, 1453.3658352863365, 2208.8119844244707
2216.863929271698, 1453.3658352863365, 2208.8119844244707
2217.3695755004883, 1453.3658352863365, 2208.8119844244707
2218.116574525833, 1453.3026256931576, 2208.715384772487
2219.378196954727, 1936.2227090278323, 102.16512985145137
2220.259835958481, 2038.8679275792672, 938.5849201347659
2220.917078256607, 2038.8679275792672, 938.5849201347659
2222.6903302669525, 3687.5895373450526, 511.0500767986445
2223.4901883602142, 3687.5895373450526, 511.0500767986445
2224.2471601963043, 2032.5374456730844, 94.27625849662714
2225.151738166809, 2413.352987918253, 252.04393883863685
2225.905720949173, 2413.352987918253, 252.04393883863685
2226.4712057113647, 2413.352987918253, 252.04393883863685
2226.938954591751, 2413.352987918253, 252.04393883863685
2227.7088928222656, 2838.259250680863, 1525.0361271160841
2228.63840341568, 3854.0701341842973, 430.2923081858102
2229.641719341278, 1515.475980298727, 632.0501798390931
2230.6749505996704, 348.7397569521289, 406.8297018249817
2231.455860853195, 348.7397569521289, 406.8297018249817
2232.1490042209625, 3738.4474706151063, 870.4472755988365
2232.9718017578125, 3738.4474706151063, 870.4472755988365
2233.785622358322, 578.3461737320687, 443.45447783673404
2235.6665852069855, 1997.209112088479, 462.2710936610538
2236.497362136841, 1997.209112088479, 462.2710936610538
2236.9651095867157, 1997.209112088479, 462.2710936610538
2237.5395715236664, 1997.209112088479, 462.2710936610538
2237.930524110794, 1997.209112088479, 462.2710936610538
2238.4621024131775, 1997.209112088479, 462.2710936610538
2239.2380242347717, 2946.40194352363, 216.40824295566588
2240.29519367218, 2856.9804939989294, 323.7154177803238
2240.942460536957, 2856.9804939989294, 323.7154177803238
2241.462069749832, 2856.9804939989294, 323.7154177803238
2241.9587395191193, 2856.9804939989294, 323.7154177803238
2242.489319086075, 2856.9804939989294, 323.7154177803238
2242.966042280197, 2856.9804939989294, 323.7154177803238
2243.752935409546, 3434.0651423671575, 197.0673143071111
2244.685438156128, 3298.0935064169826, 567.965768567694
2245.461361169815, 3298.0935064169826, 567.965768567694
2246.0148799419403, 3298.0935064169826, 567.965768567694
2246.4407386779785, 3298.0935064169826, 567.965768567694
2247.2046930789948, 144.9961538984961, 55.46727618688987
2247.9746329784393, 144.9961538984961, 55.46727618688987
2248.7196373939514, 3477.6439873287395, 426.21090472250694
2249.4746170043945, 3477.6439873287395, 426.21090472250694
2249.985249519348, 3477.6439873287395, 426.21090472250694
2250.4400322437286, 3477.6439873287395, 426.21090472250694
2251.01349568367, 3477.6439873287395, 426.21090472250694
2251.493211746216, 3477.6439873287395, 426.21090472250694
2252.257166862488, 2382.760869035047, 304.42437009804144
2253.193682193756, -24744.34852587425, 429.60802712271004
2254.250851392746, 2994.21969664217, 27.711237125091316
2255.0108172893524, 2994.21969664217, 27.711237125091316
2255.422714471817, 2994.21969664217, 27.711237125091316
2257.285726070404, 3677.671463441895, 218.19808645634
2258.00879073143, 3677.671463441895, 218.19808645634
2258.461578130722, 3677.671463441895, 218.19808645634
2259.2225420475006, 3418.6549728136115, 1046.3650962514803
2260.2986595630646, 2467.580741816072, 328.81035396366775
2260.977840900421, 2467.580741816072, 328.81035396366775
2261.4465868473053, 2467.580741816072, 328.81035396366775
2262.2235054969788, 3083.7300457178385, 573.3396463167097
2262.957540512085, 3083.7300457178385, 573.3396463167097
2263.501084804535, 3083.7300457178385, 573.3396463167097
2263.9708268642426, 3083.7300457178385, 573.3396463167097
2264.4505429267883, 3083.7300457178385, 573.3396463167097
2265.26935005188, 165.54754306144642, 550.7677592461632
2265.874730348587, 165.54754306144642, 550.7677592461632
2266.487090587616, 165.54754306144642, 550.7677592461632
2267.2101538181305, 3043.9643171236476, 411.246112636792
2268.3042249679565, 1826.5707850487795, 169.21381298953403
2269.149959564209, 3937.4773503067627, 275.7160172503673
2269.9498193264008, 3937.4773503067627, 275.7160172503673
2270.4694266319275, 3937.4773503067627, 275.7160172503673
2270.9281980991364, 3937.4773503067627, 275.7160172503673
2271.67320394516, 10199.496613752252, 1008.0995577429086
2272.738352060318, 3447.109786038649, 844.605484673191
2273.70276927948, 458.92652393511815, 444.1486924991173
2274.7419867515564, 470.66556188357146, 170.29508683328154
2275.478015422821, 470.66556188357146, 170.29508683328154
2276.017571210861, 470.66556188357146, 170.29508683328154
2276.776538848877, -71344.75741249918, 331.3614228812138
2277.471677541733, -71344.75741249918, 331.3614228812138
2277.9843044281006, -71344.75741249918, 331.3614228812138
2278.4919459819794, -71344.75741249918, 331.3614228812138
2279.3306996822357, 488.52375091932083, 325.22578861423494
2280.0088839530945, 488.52375091932083, 325.22578861423494
2280.4915919303894, 488.52375091932083, 325.22578861423494
2280.9942450523376, 488.52375091932083, 325.22578861423494
2281.4689769744873, 488.52375091932083, 325.22578861423494
2282.1351902484894, 2408.367656917901, 148.54550123001383
2283.328994512558, 2545.0472538769804, 112.72072235423694
2284.233572244644, 2034.874634790475, 250.28913644529635
2285.2458612918854, 1362.6259916660113, 513.6433552138728
2285.9923706054688, 1362.6259916660113, 513.6433552138728
2286.483056306839, 1362.6259916660113, 513.6433552138728
2286.880991458893, 1362.6259916660113, 513.6433552138728
2287.4813828468323, 1362.6259916660113, 513.6433552138728
2288.163556575775, 2247.4874498401005, 225.84257488062954
2289.227707386017, -68612.48550378777, 46010.86748493257
2289.9188566207886, -68612.48550378777, 46010.86748493257
2290.463399171829, -68612.48550378777, 46010.86748493257
2290.9052155017853, -68612.48550378777, 46010.86748493257
2291.4477622509003, -68612.48550378777, 46010.86748493257
2291.8885838985443, -68612.48550378777, 46010.86748493257
2292.6465532779694, -52.98680362704987, 2.3632369908598068
2293.7196798324585, 1958.033837639467, 348.32995561936264
2294.4995906352997, 1958.033837639467, 348.32995561936264
2294.984293460846, 1958.033837639467, 348.32995561936264
2295.7063608169556, 3338.2157774773023, 449.4453674756432
2296.7485694885254, 2686.5864308292776, 276.5652591861704
2297.4418523311615, 2686.5864308292776, 276.5652591861704
2297.890649795532, 2686.5864308292776, 276.5652591861704
2298.444167613983, 2686.5864308292776, 276.5652591861704
2298.948816537857, 2686.5864308292776, 276.5652591861704
2299.445486307144, 2686.5864308292776, 276.5652591861704
2300.218416452408, 2332.391706687739, 580.1146661952613
2301.205773115158, 2356.337696567017, 823.4164444477456
2301.978703737259, 2356.337696567017, 823.4164444477456
2302.496317625046, 2356.337696567017, 823.4164444477456
2302.969051361084, 2356.337696567017, 823.4164444477456
2303.463727712631, 2356.337696567017, 823.4164444477456
2303.883603334427, 2356.337696567017, 823.4164444477456
2304.626613855362, 1350.5499259589017, 35.95417166644816
2305.394556760788, 1350.5499259589017, 35.95417166644816
2306.16050696373, 2209.6638618369507, 423.72601391104814
2308.1721198558807, 2010.6344647577635, 144.92869250829338
2309.6371972560883, 455.5410829445839, 180.14796708813174
2310.4111256599426, 455.5410829445839, 180.14796708813174
2313.13183927536, 1474.6360678622075, 879.9701935948035
2314.1979846954346, 2994.243375224346, 668.0136516279786
2315.254156112671, 3446.4170187604036, 218.81762608900377
2315.9572734832764, 3446.4170187604036, 218.81762608900377
2316.4679067134857, 3446.4170187604036, 218.81762608900377
2316.8847925662994, 3446.4170187604036, 218.81762608900377
2317.4442937374115, 3446.4170187604036, 218.81762608900377
2318.1504015922546, 225.87293498809672, 210.37990714313784
2318.9023900032043, 225.87293498809672, 210.37990714313784
2319.4429404735565, 225.87293498809672, 210.37990714313784
2319.896726131439, 225.87293498809672, 210.37990714313784
2320.4033699035645, 225.87293498809672, 210.37990714313784
2321.0975103378296, 1348.4200762368278, 1490.8174035988125
2321.8215715885162, 1348.4200762368278, 1490.8174035988125
2322.647360563278, 1472.5199459949017, 1493.1321307695998
2323.6167669296265, 1454.0103857285328, 1493.1599468868067
2324.358470916748, 1454.0103857285328, 1493.1599468868067
2325.098488807678, 1464.1266123678674, 1492.7580791080043
2325.83647441864, 1464.1266123678674, 1492.7580791080043
2326.65727686882, 1434.4353077435342, 1490.3624896305575
2327.60573720932, 1458.9558062747133, 677.2839902396947
2328.378667116165, 1458.9558062747133, 677.2839902396947
2329.1017315387726, 1446.8257319412528, 2082.0972239253656
2329.3450803756714, 1446.8257319412528, 2082.0972239253656
2330.0950713157654, 1450.217382987285, 2055.899273966381
2331.1123483181, 1453.588058170997, 2059.9704522377338
2332.086738586426, 1456.2955193022933, 2081.796802578938
2332.5694468021393, 1456.1838942108052, 2079.7266781203007
2332.828751564026, 1456.1838942108052, 2079.7266781203007
2333.3473932743073, 1456.1838942108052, 2079.7266781203007
2333.8300704956055, 1456.1838942108052, 2079.7266781203007
2334.5940251350403, 1454.287803245961, 2070.187479993335
2335.1176228523254, 2473.402635032971, 2086.2480501848504
2336.076057434082, 1452.6388134604545, 2064.308034776255
2336.5448021888733, 1474.6506988607064, 1581.8364471570155
2337.0614178180695, 1486.4013358070897, 1543.677388642784
2337.5411338806152, 1479.3325883357054, 1533.4889882025616
2338.0208492279053, 1485.551112660168, 1540.2779487655237
2338.5973057746887, 1490.4652642767314, 1549.091358353517
2338.8217046260834, 1490.4652642767314, 1549.091358353517
2339.6175742149353, 1481.8924341513807, 1532.5546886506008
2340.3356528282166, 1481.8924341513807, 1532.5546886506008
2341.092623949051, 1486.485161583257, 1540.543746268445
2341.5673534870148, 1486.5021572299402, 1543.951407140247
2342.0759909152985, 1489.9953640207768, 1550.58857784477
2342.5646829605103, 1485.1070962644292, 1540.7302679663348
2343.1052350997925, 1485.4034711321178, 1542.6346819634637
2344.08660697937, 1483.9387091220854, 1537.5754206835009
2344.57230758667, 1492.8634207893679, 1553.6058165820525
2344.834604740143, 1492.8634207893679, 1553.6058165820525
2345.579610109329, 1486.0697852013773, 1538.8485590780413
2346.101213693619, 1481.158316557477, 1536.6240040672105
2346.5849180221558, 1482.0390833532242, 1533.9442021520342
2347.133449077606, 1483.5283303773892, 1536.3871179577031
2348.113823413849, 1479.3264844518628, 1532.9437574738572
2349.0991864204407, 1494.8311144127547, 1551.50781269978
2349.592863559723, 1484.5828171101202, 1539.6365483087045
2349.8392055034637, 1484.5828171101202, 1539.6365483087045
2350.332883119583, 1484.5828171101202, 1539.6365483087045
2351.0958395004272, 1482.9498844190837, 1538.5709445653054
2351.351155281067, 1482.9498844190837, 1538.5709445653054
2352.100149154663, 1486.1172798308748, 1538.2727612986987
2352.582857608795, 1481.4002190417975, 1538.000776063856
2352.839171409607, 1481.4002190417975, 1538.000776063856
2353.583178281784, 1486.753256224275, 1542.2939744510725
2354.1137585639954, 1489.9868539209874, 1541.4596353523211
2355.1070992946625, 1485.7914353568428, 1538.3784879528146
2356.1064229011536, 1483.5528931952717, 1538.315414746734
2356.3457832336426, 1483.5528931952717, 1538.315414746734
2357.2204394340515, 4613.771274483483, 72.20660793836261
2358.1918380260468, 2090.845103961902, 453.06622346776606
2359.1173605918884, 1186.404494877644, 180.44831610152656
2360.1067118644714, 1481.6843859334585, 1539.610088893965
2361.071128845215, 1490.5581671481907, 1542.275647874224
2361.535884618759, 1486.6074287745603, 1542.5918881411521
2361.8350830078125, 1486.6074287745603, 1542.5918881411521
2362.5591456890106, 1486.6243896915466, 1537.0757309776295
2362.8533585071564, 1486.6243896915466, 1537.0757309776295
2363.326092004776, 1486.6243896915466, 1537.0757309776295
2364.1119866371155, 2735.5446520137175, 113.86418131725505
2365.246947288513, 1309.9703576168836, 366.5433679672805
2366.2283203601837, 2959.7420149423847, 411.54303585890983
2367.676442861557, 1363.757299143124, 278.9077255609665
2368.7306191921234, 2049.430708214048, 36.83321041205469
2369.6322062015533, 436.82251281408327, 482.9318962222214
2370.369231939316, 436.82251281408327, 482.9318962222214
2371.1710851192474, 15105.181467210668, 407.85756621125194
2372.1883606910706, 2063.6623912093955, 5332.919063351078
2374.593919992447, 14010.203834008867, 429.0777404627315
2375.1983008384705, 1337.251611898603, 20.370441994892108
2376.171695947647, 3942.6324408083033, 972.1364385440143
2377.659710407257, 2072.376790126166, 590.7112835599686
2378.6360964775085, 3000.081123130723, 111.37955735260614
2380.1480479240417, 2878.6123094050804, 743.5107618963226
2381.2301499843597, 3242.6626988599996, 508.5835273317036
2381.9262866973877, 3242.6626988599996, 508.5835273317036
2382.6513452529907, 14.68678079858929, 314.3534067850136
2383.415299654007, 14.68678079858929, 314.3534067850136
2383.9508657455444, 14.68678079858929, 314.3534067850136
2385.1865570545197, 3440.5613583123004, 544.2903477686028
2386.18887257576, 3028.2502233268087, 347.32999352475355
2387.196175813675, 3309.237933950332, 314.0634360689176
2388.160593509674, 3481.2198340813834, 406.2279990680286
2389.1828560829163, 3477.500526062566, 667.5473208388997
2390.1702127456665, 2491.1315170522307, 57.19620003100978
2391.1456010341644, 2649.9899127754747, 315.7790042968555
2392.2127447128296, 57.19177114189711, 277.87824189984775
2392.982682466507, 57.19177114189711, 277.87824189984775
2393.669842004776, 2640.890675783868, 379.0059422997997
2395.7432894706726, 2643.6485079139898, 362.25398499700503
2396.669808626175, 2655.3133527213777, 32.72674044432454
2397.6601576805115, 3412.511963455537, -409.31081999338863
2398.614601612091, 1910.3310524896872, 280.99248383895645
2399.677754878998, 2564.1642362305197, 860.5004307265334
2400.6740868091583, 3347.7988403374443, 754.7455095325404
2401.9157614707947, 2768.575786434585, 136.51471227409476
2402.6278557777405, 2768.575786434585, 136.51471227409476
2403.6571006774902, 1859.3294504107714, 307.85246771320635
2404.6494419574738, 3176.1374757463727, 182.74735236069813
2405.6158549785614, 2865.3743071926824, 523.5666900925758
2406.443638086319, 2865.3743071926824, 523.5666900925758
2406.949285507202, 2865.3743071926824, 523.5666900925758
2407.50280213356, 2865.3743071926824, 523.5666900925758
2407.949605703354, 2865.3743071926824, 523.5666900925758
2408.48317694664, 2865.3743071926824, 523.5666900925758
2408.957906961441, 2865.3743071926824, 523.5666900925758
2409.4844958782196, 2865.3743071926824, 523.5666900925758
2409.96919798851, 2865.3743071926824, 523.5666900925758
2410.4209883213043, 2865.3743071926824, 523.5666900925758
2410.9246397018433, 2865.3743071926824, 523.5666900925758
2411.81326007843, 4348.513191993539, 366.15886606927484
2412.6679725646973, 3831.3769296528544, 577.7233448330575
2413.7610449790955, 2382.194264425765, 740.5412360004135
2414.4152929782867, 2382.194264425765, 740.5412360004135
2415.015685081482, 2382.194264425765, 740.5412360004135
2415.4794433116913, 2382.194264425765, 740.5412360004135
2416.2054986953735, 2946.7229070002904, 32.071528413476216
2416.9485108852386, 2946.7229070002904, 32.071528413476216
2417.7403910160065, -10503.463374687437, 214.86142643216192
2418.6469628810883, 314.05501987233487, 619.588920150004
2419.462778568268, 314.05501987233487, 619.588920150004
2419.8607127666473, 314.05501987233487, 619.588920150004
2420.4501333236694, 314.05501987233487, 619.588920150004
2421.217080116272, 2214.6502617862548, 68.57866511394198
2422.2144095897675, 3791.7233670269593, -7009.122622198742
2422.910547018051, 3791.7233670269593, -7009.122622198742
2423.4889962673187, 3791.7233670269593, -7009.122622198742
2423.978686094284, 3791.7233670269593, -7009.122622198742
2424.4893181324005, 3791.7233670269593, -7009.122622198742
2425.1974227428436, 3841.7015094129297, 296.5019265383461
2425.8805940151215, 3841.7015094129297, 296.5019265383461
2426.7652246952057, 3978.5578997963653, 137.7799354191655
2432.169821023941, 3465.9516077850385, 363.0723629538192
2432.984639406204, 3465.9516077850385, 363.0723629538192
2433.5231971740723, 3465.9516077850385, 363.0723629538192
2433.9819705486298, 3465.9516077850385, 363.0723629538192
2434.5374817848206, 3465.9516077850385, 363.0723629538192
2435.2356131076813, 3942.8857621864154, 148.92865600903716
2436.7385873794556, -2351.9448572603815, 47.80510221649829
2437.4845900535583, -2351.9448572603815, 47.80510221649829
2437.9413685798645, -2351.9448572603815, 47.80510221649829
2438.7711458206177, 3580.710405814856, 100.28142607318723
2439.495207309723, 3580.710405814856, 100.28142607318723
2439.949989080429, 3580.710405814856, 100.28142607318723
2440.8066947460175, 674.8534505226476, 633.2752873362032
2441.7262332439423, 1813.0496923209446, 440.921819625126
2442.7325389385223, 1972.094502829881, 271.34066992036065
2443.734854221344, 1941.3864664535756, 573.0524201716802
2444.78604054451, 4002.7389219311135, 42.44049547089358
2445.4522557258606, 4002.7389219311135, 42.44049547089358
2446.148391723633, 2799.6699606258417, -136.08188558729356
2447.168659925461, 345.83433457948126, 81.96316145022828
2448.184939146042, 1807.7423373514189, 286.3088086239674
2448.963853120804, 1807.7423373514189, 286.3088086239674
2449.713844537735, 2859.80996437881, 261.5829333704223
2450.4389164447784, 2859.80996437881, 261.5829333704223
2450.961503982544, 2859.80996437881, 261.5829333704223
2451.641683101654, 3563.1329279672877, 199.637200047818
2453.706155061722, 3587.498678086809, 243.96608947564914
2454.7134590148926, 519.9882791721676, 325.73302710719906
2455.6708936691284, 1779.2580666560725, 256.88837556420003
2456.683184146881, 1806.7062308680186, 92.17423429327071
2457.711430311203, 2565.7205285140244, 405.8140914409473
2458.3736567497253, 2565.7205285140244, 405.8140914409473
2458.945126771927, 2565.7205285140244, 405.8140914409473
2459.769918680191, 2431.4037026247406, 234.89338346558796
2460.3872661590576, 2431.4037026247406, 234.89338346558796
2460.9577379226685, 2431.4037026247406, 234.89338346558796
2461.424488544464, 2431.4037026247406, 234.89338346558796
2461.848353624344, 2431.4037026247406, 234.89338346558796
2462.720018863678, 1941.274893977425, 83382.6100277414
2463.502922773361, 1941.274893977425, 83382.6100277414
2464.030510187149, 1941.274893977425, 83382.6100277414
2464.5860221385956, 3987.8116842928844, 328.4898152795883
2465.2173323631287, 2546.264486517097, 229.5606955210195
2466.1637976169586, 3267.325508149373, 163.85981271376556
2466.9476988315582, 3267.325508149373, 163.85981271376556
2467.435392856598, 3267.325508149373, 163.85981271376556
2467.9669694900513, 3267.325508149373, 163.85981271376556
2468.390835046768, 3267.325508149373, 163.85981271376556
2468.963301897049, 3267.325508149373, 163.85981271376556
2469.4340415000916, 3267.325508149373, 163.85981271376556
2469.9456708431244, 3267.325508149373, 163.85981271376556
2470.601914167404, 335.21721779914907, 40.78052212541139
2471.438673734665, 335.21721779914907, 40.78052212541139
2471.9383358955383, 335.21721779914907, 40.78052212541139
2472.430019378662, 335.21721779914907, 40.78052212541139
2473.2059421539307, 2814.4513611230627, 87.88424184262655
2474.2451593875885, 1883.061806569927, 358.50223611259077
2475.2514641284943, 2545.2238635021254, 1876.7131839216158
2476.212890625, 3190.638534839074, 123.57793820963215
2477.268065214157, 1750.343071725163, 46.09103780068471
2477.9951179027557, 1750.343071725163, 46.09103780068471
2478.4897935390472, 1750.343071725163, 46.09103780068471
2479.236793279648, 82.15542836550965, 608.7116979790874
2479.9857878684998, 82.15542836550965, 608.7116979790874
2480.458522796631, 82.15542836550965, 608.7116979790874
2481.2125029563904, 304.2152123051821, 75.36558106004766
2482.1968886852264, 3363.6350804254957, 772.1982970771467
2482.931921005249, 3363.6350804254957, 772.1982970771467
2483.7347724437714, 87.43961429990406, 645.7251892905666
2484.6922075748444, 3946.57191781278, 153.98643780537938
2485.4571585655212, 3946.57191781278, 153.98643780537938
2486.206153154373, 3631.634753764778, 332.6470833422963
2487.244373321533, 3138.7781144827477, 195.79860681946965
2488.2018098831177, 3053.016437888445, 1100.8879198979987
2489.1343126296997, 956.6302609405233, 221.2189007980144
2490.2084369659424, 3507.7949856421374, 266.0235898111113
2491.2526412010193, 3848.9497077523506, 325.4052736821431
2491.95276761055, 3848.9497077523506, 325.4052736821431
2492.585073709488, 422.83697596848526, 676.1458950459984
2492.8822774887085, 422.83697596848526, 676.1458950459984
2493.685127735138, 3122.9446843806136, 299.1363896685226
2494.4690284729004, 3122.9446843806136, 299.1363896685226
2495.166162252426, 1441.745177711641, 1148.3914431207684
2496.2233312129974, 3233.836659292368, 231.5612448413855
2496.953375816345, 3233.836659292368, 231.5612448413855
2497.4061641693115, 3233.836659292368, 231.5612448413855
2498.2499046325684, 2628.7401817107548, 620.6259484101432
2498.9859340190887, 2628.7401817107548, 620.6259484101432
2499.509532690048, 2628.7401817107548, 620.6259484101432
2500.268500328064, 1260.0750227103417, 325.8663608016487
2501.245883703232, 2608.865923171706, 160.7148864156008
2502.1614322662354, 2475.050264685899, 246.92408817098917
2503.2195975780487, 47.05736567491153, 412.8168100991314
2503.906758546829, 47.05736567491153, 412.8168100991314
2504.495181798935, 47.05736567491153, 412.8168100991314
2505.1853342056274, 3040.4812160003526, 61.96724527481436
2506.004142522812, 3040.4812160003526, 61.96724527481436
2506.4998149871826, 3040.4812160003526, 61.96724527481436
2506.965567111969, 3040.4812160003526, 61.96724527481436
2507.8113033771515, 23.30772182884571, 50.54282157010427
2508.548329591751, 23.30772182884571, 50.54282157010427
2508.9961309432983, 23.30772182884571, 50.54282157010427
2509.714209794998, 2735.812827531003, 493.3546010152034
2510.733478784561, 2667.305052587086, 166.03316015672257
2511.7063941955566, 1719.8384727403286, 267.3711365979116
2512.454391479492, 1719.8384727403286, 267.3711365979116
2512.94806933403, 1719.8384727403286, 267.3711365979116
2513.745933532715, 120.67779430859652, 107.60512003787423
2514.7582228183746, 2079.5053536323126, 667.5911610489394
2515.795445203781, 3409.43549107732, 366.8485930063932
2516.651154279709, 738.0574395463713, 73.16578416846211
2517.6255452632904, 3193.073139749425, 176.84335030466025
2518.664762735367, 3826.628678845638, 184.20759657512195
2520.6733832359314, 2068.5387978941226, 727.7561531112369
2521.6966450214386, 2178.809981125676, 365.13813462422087
2522.4546163082123, 2178.809981125676, 365.13813462422087
2523.137786626816, 2585.3203428349093, 657.3356514660512
2524.2308583259583, 1045.2721980348617, 20.808167012105194
2524.9898262023926, 1045.2721980348617, 20.808167012105194
2525.417680501938, 1045.2721980348617, 20.808167012105194
2526.010094642639, 1045.2721980348617, 20.808167012105194
2527.183952331543, 2341.316033512659, 405.31091741788845
2527.9987688064575, 2341.316033512659, 405.31091741788845
2528.460534095764, 2341.316033512659, 405.31091741788845
2529.275352716446, 2075.4741195712922, 273.5376815199737
2530.3145685195923, 3256.422392931732, 97.43515283129291
2531.0545868873596, 3256.422392931732, 97.43515283129291
2531.4305827617645, 3256.422392931732, 97.43515283129291
2532.067873954773, 3256.422392931732, 97.43515283129291
2532.46182012558, 3256.422392931732, 97.43515283129291
2533.2347497940063, 6464.075578809377, 582.4517452773017
2533.936869621277, 6464.075578809377, 582.4517452773017
2534.602088212967, 223.45803888316888, 546.7268832746599
2535.746025085449, 1114.0456431570342, 506.99872156469354
2536.4032652378082, 1114.0456431570342, 506.99872156469354
2537.3337755203247, 3161.068422226, 1355.9861036610407
2538.278244972229, 3793.7789723064693, 171.42684400007315
2539.188806772232, 2355.620183124902, 270.4355315139252
2540.20707988739, 3761.505689842504, 313.05569111809103
2541.2193698883057, 3866.481186331451, 355.41941416163166
2542.236645460129, 1357.7786764399361, 553.3825970117615
2542.93577337265, 1357.7786764399361, 553.3825970117615
2543.4843044281006, 1357.7786764399361, 553.3825970117615
2544.470663547516, -2980.275129059713, 313.3222509278494
2545.119925260544, -2980.275129059713, 313.3222509278494
2546.207015514374, 3980.3572782044644, 20700.843118475623
2547.2173087596893, 949.8662078758109, 567.5617371100744
2547.958325624466, 949.8662078758109, 567.5617371100744
2548.46297454834, 949.8662078758109, 567.5617371100744
2548.8828506469727, 949.8662078758109, 567.5617371100744
2549.46529006958, 949.8662078758109, 567.5617371100744
2550.331969976425, 4586.886039379009, 332.7860959389251
2551.1946601867676, 3462.6990991953267, 118.9534278312453
2551.95063495636, 3462.6990991953267, 118.9534278312453
2552.4981684684753, 3462.6990991953267, 118.9534278312453
2552.953948736191, 3462.6990991953267, 118.9534278312453
2553.474555492401, 3462.6990991953267, 118.9534278312453
2554.1896398067474, 1654.6552973373725, 712.262583989337
2554.873808860779, 1654.6552973373725, 712.262583989337
2555.462233066559, 1654.6552973373725, 712.262583989337
2556.256106853485, 3721.6707311055984, 334.3870940278906
2556.933293581009, 3721.6707311055984, 334.3870940278906
2557.482822418213, 3721.6707311055984, 334.3870940278906
2557.9246397018433, 3721.6707311055984, 334.3870940278906
2558.664658308029, 3440.522256264989, 597.5199355642899
2559.560261487961, 3826.764751875668, 87.16647287157203
2560.1835911273956, 4666.6771991864425, 686.5001557185321
2561.1500029563904, 442.2087921315346, 154.4313683272129
2562.1981961727142, 2454.793652581271, 372.8037064325325
2563.1406729221344, 3290.653331636349, 34.48597203678324
2564.2357411384583, 3864.73248280062, 756.2532603869962
2564.9637904167175, 3864.73248280062, 756.2532603869962
2565.447496175766, 3864.73248280062, 756.2532603869962
2565.8873183727264, 3864.73248280062, 756.2532603869962
2566.7091176509857, 3769.3845288117027, 549.7030818114686
2567.7303841114044, 1417.2113240100668, 255.66982675271456
2568.42552113533, 1417.2113240100668, 255.66982675271456
2569.111685037613, 2985.0386911169376, 35.894276962030354
2569.7380077838898, 1979.1044672011296, 165.3562812732359
2570.4700474739075, 1979.1044672011296, 165.3562812732359
2570.9657208919525, 1979.1044672011296, 165.3562812732359
2571.451420545578, 1979.1044672011296, 165.3562812732359
2572.1186339855194, 3447.0029560068438, 266.5423413609512
2572.9224812984467, 3447.0029560068438, 266.5423413609512
2574.742609024048, 3766.699124062269, 148.04057272806574
2575.7568922042847, 3020.5339272020838, 531.4974717811024
2576.8729045391083, 2415.396362384788, 213.8208863401615
2577.672763109207, 3107.359565282923, 1332.0831288833836
2578.698018312454, 3470.2262014091634, -631.7420667038917
2579.3333175182343, 3470.2262014091634, -631.7420667038917
2579.919746875763, 3470.2262014091634, -631.7420667038917
2580.715615749359, 3966.1867320568376, 32.94763048623411
2581.679037094116, 3848.6601210972576, 460.86358997321094
2582.7092776298523, 3317.206096298928, 302.733324282615
2583.4502942562103, 3317.206096298928, 302.733324282615
2583.98286819458, 3317.206096298928, 302.733324282615
2584.730865240097, 2997.0726622503053, 385.22944742600197
2585.380127429962, 2997.0726622503053, 385.22944742600197
2586.2298517227173, 3177.4511496163764, 10428.647843667826
2586.8631567955017, 3177.4511496163764, 10428.647843667826
2587.6440658569336, 2836.9156907509137, 36.66557572533734
2592.1529924869537, 3842.8014252327735, 524.3975585640954
2592.914952278137, 3842.8014252327735, 524.3975585640954
2593.686886548996, 3560.6939912163975, 1103.191877858129
2594.5745091438293, 2591.9447698648873, 193.92490778729154
2594.927563905716, 2591.9447698648873, 193.92490778729154
2595.745374917984, 2245.245202087734, 372.5122067001927
2596.4155807495117, 2245.245202087734, 372.5122067001927
2597.206462621689, 3699.968951074142, 104.47095224353914
2597.8866415023804, 3699.968951074142, 104.47095224353914
2598.648601293564, 3662.8216424630023, 845.686421772184
2599.4833660125732, 3662.8216424630023, 845.686421772184
2599.982032060623, 3662.8216424630023, 845.686421772184
2600.608355283737, 3620.3159814446535, 294.3950504828531
2601.38627076149, 3620.3159814446535, 294.3950504828531
2603.1824622154236, 3533.9871042326554, 527.7044878901487
2604.2515993118286, 2009.5094799925953, 48.82813470053218
2604.934770822525, 2009.5094799925953, 48.82813470053218
2605.4444077014923, 2009.5094799925953, 48.82813470053218
2606.186419725418, 2756.290784574726, 81.61230629327005
2606.8685941696167, 2756.290784574726, 81.61230629327005
2607.481950521469, 2756.290784574726, 81.61230629327005
2607.9098052978516, 2756.290784574726, 81.61230629327005
2608.4264233112335, 2756.290784574726, 81.61230629327005
2609.22927570343, 962.6949411611955, 481.30623819545417
2609.903468132019, 962.6949411611955, 481.30623819545417
2610.63151884079, 3614.608820035547, 1113.4740745816255
2611.4583044052124, 3614.608820035547, 1113.4740745816255
2611.9579668045044, 3614.608820035547, 1113.4740745816255
2612.6965339183807, 3672.344831367682, -112.9624192054691
2613.6779062747955, 3372.4553575656428, 93.77192375646852
2614.6812200546265, 3856.7025576021247, 26.09453062517334
2615.5309455394745, 3856.7025576021247, 26.09453062517334
2615.980741739273, 3856.7025576021247, 26.09453062517334
2616.5083281993866, 3856.7025576021247, 26.09453062517334
2616.9002788066864, 3856.7025576021247, 26.09453062517334
2617.466762304306, 3856.7025576021247, 26.09453062517334
2621.6734988689423, 1980.9979952173312, 412.03373417095236
2622.474354505539, 1980.9979952173312, 412.03373417095236
2622.9321291446686, 1980.9979952173312, 412.03373417095236
2623.4647030830383, 1980.9979952173312, 412.03373417095236
2623.92746591568, 1980.9979952173312, 412.03373417095236
2624.6914184093475, 1741.6565099536983, 622.791794283959
2625.488735437393, 1741.6565099536983, 622.791794283959
2625.9794223308563, 1741.6565099536983, 622.791794283959
2626.837126016617, 2942.1490734377303, -23467.78190720832
2627.799548625946, 8503.333835499832, 323.4984611716909
2628.4378390312195, 8503.333835499832, 323.4984611716909
2628.9674232006073, 8503.333835499832, 323.4984611716909
2629.7303783893585, 3169.2555381014427, 428.19518492775626
2630.471395254135, 3169.2555381014427, 428.19518492775626
2630.969062805176, 3169.2555381014427, 428.19518492775626
2631.437808275223, 3169.2555381014427, 428.19518492775626
2631.961405277252, 3169.2555381014427, 428.19518492775626
2632.418182849884, 3169.2555381014427, 428.19518492775626
2632.980677843094, 3169.2555381014427, 428.19518492775626
2633.3955652713776, 3169.2555381014427, 428.19518492775626
2634.2422981262207, 235.9624681399511, 48.30207965621824
2635.021213054657, 235.9624681399511, 48.30207965621824
2635.3992009162903, 235.9624681399511, 48.30207965621824
2636.3237257003784, 3868.51383475993, 288.40293655747496
2637.236282348633, 3359.8984688350483, 229.7285568428646
2637.9992406368256, 3359.8984688350483, 229.7285568428646
2638.791119337082, 244.60732592180173, 323.7555362153363
2639.4902477264404, 244.60732592180173, 323.7555362153363
2640.0367834568024, 244.60732592180173, 323.7555362153363
2640.516500234604, 244.60732592180173, 323.7555362153363
2641.2416956424713, 2421.216139913117, 326.9666440989179
2642.2839062213898, 238.0346333152556, 469.7961291293284
2642.999990463257, 238.0346333152556, 469.7961291293284
2643.4986538887024, 238.0346333152556, 469.7961291293284
2644.2067573070526, 781.5987366236034, 388.3742174644863
2645.1452457904816, 3481.618533131699, 63.7505845198283
2645.9341328144073, 3481.618533131699, 63.7505845198283
2646.455735683441, 3481.618533131699, 63.7505845198283
2647.233654022217, 1935.075678346579, 465.7886070695789
2648.284838914871, 1409.80383854936, 21.510819932180485
2649.3150804042816, 710.593874209316, 357.28952485067634
2649.8855538368225, 710.593874209316, 357.28952485067634
2650.4749751091003, 710.593874209316, 357.28952485067634
2650.931752204895, 710.593874209316, 357.28952485067634
2651.483275413513, 710.593874209316, 357.28952485067634
2652.2023508548737, 3178.9961451017516, 97.85184086716451
2653.2505435943604, 3398.6457131029565, 41.48848644499341
2653.9247386455536, 3398.6457131029565, 41.48848644499341
2654.5071790218353, 3398.6457131029565, 41.48848644499341
2655.0297796726227, 3398.6457131029565, 41.48848644499341
2655.510493516922, 3398.6457131029565, 41.48848644499341
2655.9403414726257, 3398.6457131029565, 41.48848644499341
2656.5477154254913, 3398.6457131029565, 41.48848644499341
2656.96559715271, 3398.6457131029565, 41.48848644499341
2657.5201127529144, 3398.6457131029565, 41.48848644499341
2658.2810747623444, 2107.0451626970344, 522.2697246905994
2658.9492864608765, 2107.0451626970344, 522.2697246905994
2659.472885131836, 2107.0451626970344, 522.2697246905994
2659.8927595615387, 2107.0451626970344, 522.2697246905994
2660.5370349884033, 2107.0451626970344, 522.2697246905994
2660.9529209136963, 2107.0451626970344, 522.2697246905994
2661.4715328216553, 2107.0451626970344, 522.2697246905994
2663.6696467399597, 3663.048063644521, 298.3506579935043
2664.680939912796, 1817.0130140524943, 1080.5450182739457
2665.68225812912, 2416.883534126978, 42.234124047547866
2666.40532374382, 2416.883534126978, 42.234124047547866
2666.921939611435, 2416.883534126978, 42.234124047547866
2667.6320383548737, 774.6986770999168, 1170.913838498008
2668.6612832546234, 1857.753015212935, 186.35788607601202
2669.379360437393, 1857.753015212935, 186.35788607601202
2670.1921837329865, -470.57891029869734, 780.7611457134578
2670.9541444778442, -470.57891029869734, 780.7611457134578
2671.4149096012115, -470.57891029869734, 780.7611457134578
2672.2077865600586, 2384.340612660716, 391.68207553876204
2673.2150897979736, 2434.9802091111737, 443.50585700017683
2674.116675376892, 3393.01725338011, 564.9945491175343
2675.086080312729, 1481.9810957823934, 2154.5033593005237
2675.3314237594604, 1481.9810957823934, 2154.5033593005237
2676.1322798728943, 1479.9745369098707, 2142.5708576240486
2677.0687716007233, 1479.0138709219184, 2141.4417194692146
2677.5893788337708, 1482.945252190478, 2123.313836291032
2678.0900387763977, 1480.5536542872721, 2137.825177297739
2679.1601729393005, 1481.081791523086, 2138.4188359291797
2680.0996568202972, 1480.4032596194313, 2140.896863905439
2680.637217760086, 1481.1756267076792, 2144.373584340951
2681.583683490753, 1481.3927252306478, 2136.3983329332295
2681.80509018898, 1481.3927252306478, 2136.3983329332295
2682.570042848587, 1480.3127028163312, 2138.923540170779
2682.8153860569, 1480.3127028163312, 2138.923540170779
2683.349953889847, 1480.3127028163312, 2138.923540170779
2684.0979516506195, 1480.6676204495284, 2140.814349205345
2684.8329837322235, 1480.6676204495284, 2140.814349205345
2685.6188802719116, 1481.2138884457236, 2131.4535610750377
2686.595265865326, 1479.2647866253556, 2136.0724801718616
2687.0879468917847, 1480.909991925777, 2139.6685473278226
2687.6125423908234, 1481.1400617803304, 2137.292574723342
2687.883815765381, 1481.1400617803304, 2137.292574723342
2688.6377959251404, 1480.1020505167105, 2142.956836937815
2689.33193898201, 1480.1020505167105, 2142.956836937815
2690.0709602832794, 1482.6196946024693, 2153.840350662181
2690.614505290985, 1480.6005797281741, 2151.6191335798967
2691.6297857761383, 1480.7942651323942, 2152.064905549442
2692.591211795807, 1481.2034433635736, 2135.879708147514
2692.8176050186157, 1481.2034433635736, 2135.879708147514
2693.6583547592163, 1482.836363234393, 2148.3658923011776
2694.3325498104095, 1482.836363234393, 2148.3658923011776
2694.8691124916077, 1482.836363234393, 2148.3658923011776
2695.3328716754913, 1482.836363234393, 2148.3658923011776
2695.838520050049, 1482.836363234393, 2148.3658923011776
2696.296291589737, 1482.836363234393, 2148.3658923011776
2699.2244515419006, 3098.240876315759, 469.71537185333244
2700.204826593399, 904.7264780023576, 169.84570415292433
2702.1605904102325, 3476.4188065275293, -575.6929902113608
2702.918561697006, 3476.4188065275293, -575.6929902113608
2703.6476085186005, 2.0635026740674354, -71.80496855951375
2704.4135591983795, 2.0635026740674354, -71.80496855951375
2705.240344285965, -57551.539653009175, 1493.6328513283274
2706.286543607712, 2828.5171943044425, 124.43110753764063
2707.211068868637, 3097.075623821916, 493.64723857801033
2708.1365900039673, 412.58284051621075, 382.8211438289398
2709.198746442795, 1729.764888086618, 93.90289798503937
2710.1561818122864, 1226.1613110635094, 1954.5020922244053
2711.0976614952087, 3082.2385085730193, 1925.9240151891884
2711.5803694725037, 2926.7438370700315, 1995.4260098403352
2712.0949926376343, 3773.9512318266834, 1427.4820498611723
2712.861938238144, 3773.9512318266834, 1427.4820498611723
2713.557077884674, 3983.5466510289457, 1989.2970364269713
2714.0447721481323, 2922.739481008769, 1930.6556282949014
2714.32502245903, 2922.739481008769, 1930.6556282949014
2715.111913919449, 2041.4516625386145, 1990.3690764583919
2716.076331615448, -8263.544019924808, 2014.1207760765822
2716.396475315094, -8263.544019924808, 2014.1207760765822
2717.152451276779, 2700.5369241006006, 2046.2976479147842
2718.141802072525, 3073.0424144109966, 1989.0727332891238
2718.950635910034, 3073.0424144109966, 1989.0727332891238
2719.774430513382, 1597.2847414847336, 1375.6375479352464
2722.6656908988953, 3432.8404683942263, 1939.27724407044
2723.4256546497345, 3432.8404683942263, 1939.27724407044
2724.665335893631, 3194.469271347429, 1989.0350538603318
2725.447241783142, 3194.469271347429, 1989.0350538603318
2725.8451771736145, 3194.469271347429, 1989.0350538603318
2726.163324356079, 3194.469271347429, 1989.0350538603318
2726.4645187854767, 3194.469271347429, 1989.0350538603318
2727.2783391475677, 3616.923614298095, 1406.315440033009
2727.724145412445, 3616.923614298095, 1406.315440033009
2728.3554565906525, 147.39544494072462, 1424.603063559238
2729.2590358257294, 2508.1801881053143, 1983.7995233242998
2729.6250562667847, 2508.1801881053143, 1983.7995233242998
2731.2427258491516, 2530.3750670616264, 2137.0461335476543
2732.685861825943, 2321.1324489009075, 1937.5714716014757
2733.467767715454, 2321.1324489009075, 1937.5714716014757
2734.2736105918884, 3261.6678570527533, 1953.5866481428206
2734.931848049164, 3261.6678570527533, 1953.5866481428206
2735.7845644950867, 3316.165457255183, 1997.234137796247
2736.453772544861, 3316.165457255183, 1997.234137796247
2736.9205236434937, 3316.165457255183, 1997.234137796247
2737.459081172943, 3316.165457255183, 1997.234137796247
2737.9288234710693, 3316.165457255183, 1997.234137796247
2738.4683797359467, 3316.165457255183, 1997.234137796247
2739.3011496067047, 665.1319519574803, 1991.5643916326596
2739.9613814353943, 665.1319519574803, 1991.5643916326596
2740.5488493442535, 665.1319519574803, 1991.5643916326596
2740.9650173187256, 665.1319519574803, 1991.5643916326596
2741.692072868347, 2949.3043022486463, 2014.3695780493745
2742.7512350082397, 1122.6194744341208, 1977.4220962352902
2743.436399936676, 1122.6194744341208, 1977.4220962352902
2743.9410483837128, 1122.6194744341208, 1977.4220962352902
2748.177731990814, 3082.761264843767, 1403.8196473614237
2748.9855697155, 3082.761264843767, 1403.8196473614237
2749.4533171653748, 3082.761264843767, 1403.8196473614237
2750.1374847888947, -5008.905238730422, 2033.2578328352101
2752.242847442627, 2498.019566616212, 2033.9432126260322
2753.4196965694427, 64.25939112661402, 2085.89041931818
2754.2943546772003, 1377.5147369913345, 1449.7541537585096
2755.2717378139496, 2150.20508907567, 1964.2717908457728
2756.1763167381287, 2081.3608619090064, 226.93187090746343
2757.208552837372, 2522.987054216644, 2054.180944662296
2758.2866671085358, 2052.413609356111, 5217.712288058826
2759.2321360111237, 2391.442707248769, 2036.1346475548496
2759.976141691208, 2391.442707248769, 2036.1346475548496
2760.486775159836, 2391.442707248769, 2036.1346475548496
2760.9465441703796, 2391.442707248769, 2036.1346475548496
2761.435235977173, 2391.442707248769, 2036.1346475548496
2762.2430732250214, 2689.3069857642167, 2072.831372570179
2762.8993151187897, 2689.3069857642167, 2072.831372570179
2763.501702785492, 2689.3069857642167, 2072.831372570179
2763.902631998062, 2689.3069857642167, 2072.831372570179
2764.67157125473, 3935.598039412127, 1993.6914265313917
2765.558196783066, 3935.598039412127, 1993.6914265313917
2766.00998711586, 3935.598039412127, 1993.6914265313917
2766.7649664878845, 3341.4368826477707, 1427.7995954444382
2767.6266582012177, 2641.881859031854, 2130.4841245325133
2768.3706665039062, 2641.881859031854, 2130.4841245325133
2768.9441318511963, 2641.881859031854, 2130.4841245325133
2769.7210505008698, 2516.9447368485853, 2034.9020169440928
2770.7931802272797, 1653.6118590612302, 5500.96209652194
2771.4992904663086, 1653.6118590612302, 5500.96209652194
2772.149548768997, 2446.356036714246, 2016.5958851395471
2772.9095141887665, 2446.356036714246, 2016.5958851395471
2773.4171550273895, 2446.356036714246, 2016.5958851395471
2774.0873608589172, 2100.3364981379577, 2069.133600585841
2774.3696055412292, 2100.3364981379577, 2069.133600585841
2774.9111547470093, 2100.3364981379577, 2069.133600585841
2775.37890291214, 2100.3364981379577, 2069.133600585841
2775.9044959545135, 2100.3364981379577, 2069.133600585841
2776.6754307746887, 2385.149316035927, 190.7714764175987
2777.457337617874, 2385.149316035927, 190.7714764175987
2777.950018644333, 2385.149316035927, 190.7714764175987
2778.723464012146, 3151.714607079657, 2035.475955247567
2779.373723745346, 3151.714607079657, 2035.475955247567
2780.233423471451, 3063.3367937090834, 1453.1172796545804
2780.9574825763702, 3063.3367937090834, 1453.1172796545804
2781.66458940506, 3294.815859333055, 35.67256654150725
2782.374689102173, 3294.815859333055, 35.67256654150725
2783.2154376506805, 2964.5843286634476, 2101.894982559859
2783.883648633957, 2964.5843286634476, 2101.894982559859
2784.637629508972, 1239.332738923089, 2051.276736203539
2785.4205343723297, 1239.332738923089, 2051.276736203539
2787.203758955002, 483.98932012377435, 1980.3347745123328
2788.2535207271576, 3992.2658472358066, 2055.048629833004
2789.13117146492, 2442.210639231845, 2033.0291654313826
2790.1424629688263, 3790.9121178495575, 2060.4699323045147
2791.110870361328, 3231.9988365325357, 2096.9431613357697
2791.362197637558, 3231.9988365325357, 2096.9431613357697
2792.18599152565, 1955.6552327576376, 1401.77056304688
2793.139438390732, 3174.3761281113266, 2086.4602986243
2794.1736698150635, 2476.824310938255, 2013.9756434617175
2795.1311073303223, 2751.4519925145664, 1997.7296275476126
2795.8870816230774, 2751.4519925145664, 1997.7296275476126
2796.3907334804535, 2751.4519925145664, 1997.7296275476126
2796.8634691238403, 2751.4519925145664, 1997.7296275476126
2797.410004377365, 2751.4519925145664, 1997.7296275476126
2799.1453597545624, 3942.0804516166354, 2032.8745173495645
2802.698844432831, 2543.885089229938, 2046.1041596745397
2803.6393270492554, 3556.321675370094, 2064.4217098178156
2804.680538415909, 3047.285012040718, 2031.5553849872708
2805.415246486664, 3047.285012040718, 2031.5553849872708
2805.8411054611206, 3047.285012040718, 2031.5553849872708
2806.3467512130737, 3047.285012040718, 2031.5553849872708
2806.9431550502777, 3047.285012040718, 2031.5553849872708
2807.646272420883, 2446.373695218673, 1408.5665436245956
2808.6914739608765, 2818.3458123967634, 174.112728311608
2809.4035680294037, 2818.3458123967634, 174.112728311608
2809.938135623932, 2818.3458123967634, 174.112728311608
2810.4218411445618, 2818.3458123967634, 174.112728311608
2811.467043161392, 3786.0072634189696, 2002.6126539564007
2812.1591889858246, 2811.6717103531287, 2099.4200019702716
2813.238299369812, 2995.2027703134836, 2117.6207874550237
2813.9454069137573, 2995.2027703134836, 2117.6207874550237
2814.4001891613007, 2995.2027703134836, 2117.6207874550237
2815.1661381721497, 3688.9294690605943, 2078.673336237644
2815.910145998001, 3688.9294690605943, 2078.673336237644
2816.394847869873, 3688.9294690605943, 2078.673336237644
2817.2834684848785, 3876.180499704545, 2048.2751066548694
2818.099285364151, 2882.439830193004, 2024.2490388271265
2818.4403731822968, 2882.439830193004, 2024.2490388271265
2818.9290657043457, 2882.439830193004, 2024.2490388271265
2819.6481409072876, 3379.442826861218, 190.64121622676882
2820.7023153305054, 2831.446069422924, 2063.485450514076
2821.4582912921906, 2831.446069422924, 2063.485450514076
2821.974909067154, 2831.446069422924, 2063.485450514076
2822.719913482666, 3765.1147160534483, 2068.337795119603
2823.4399859905243, 3765.1147160534483, 2068.337795119603
2823.9426395893097, 3765.1147160534483, 2068.337795119603
2824.4442989826202, 3765.1147160534483, 2068.337795119603
2825.227202653885, 2771.8149505234455, 2082.769617870418
2825.8585097789764, 2771.8149505234455, 2082.769617870418
2826.442944765091, 2771.8149505234455, 2082.769617870418
2826.9605598449707, 2771.8149505234455, 2082.769617870418
2827.6616826057434, 1817.741414787463, 2011.4525984278482
2828.429626941681, 1817.741414787463, 2011.4525984278482
2829.2185146808624, 3013.42829474392, 1990.1467917213229
2829.8847308158875, 3013.42829474392, 1990.1467917213229
2830.586849927902, 3047.9362057255876, 2073.4888861739605
2831.1812591552734, 2936.4179434046355, 2081.1133110433066
2832.1845722198486, 3876.8714725266914, 2018.4770498873186
2833.1908786296844, 3013.874643106566, 2034.1552886048853
2834.2310938835144, 199.3081327955472, 1381.4143901232708
2835.660267353058, 1988.8765436725153, 246.1309195395453
2836.633661031723, 3217.4702915410203, 2071.4680795623262
2837.401604413986, 3217.4702915410203, 2071.4680795623262
2837.897276878357, 3217.4702915410203, 2071.4680795623262
2838.6702075004578, 3656.994021086828, 2015.802547479407
2839.6535744667053, 3365.343680111374, 2258.833461862892
2840.6668617725372, -76088.41760581174, 1993.686547071138
2841.684137582779, -2344.080801294606, 2033.7348839439348
2842.7353236675262, 3008.770668719796, 2022.6715062981132
2843.3726177215576, 3008.770668719796, 2022.6715062981132
2844.1226098537445, -66844.46549340426, 2023.8916212764266
2844.937427520752, 1964.7402035076775, 97.0905558425
2845.5497884750366, 1964.7402035076775, 97.0905558425
2846.1382126808167, 1964.7402035076775, 97.0905558425
2847.187403202057, 3020.1595117779943, 2034.710569822301
2847.8805475234985, 3020.1595117779943, 2034.710569822301
2848.6056072711945, 3382.332240361329, 2078.8581217517285
2850.257183790207, 1887.642207789069, 18.639569585611692
2850.923400402069, 1887.642207789069, 18.639569585611692
2851.5896167755127, 2507.063106551482, 2389.502000146781
2851.90776515007, 2507.063106551482, 2389.502000146781
2852.659752368927, 2475.1895153794712, 2065.262915086779
2853.610207080841, 2436.518743263391, 2060.524782241791
2853.9243659973145, 2436.518743263391, 2060.524782241791
2854.6554112434387, 3888.038334643296, 2024.9635407093606
2855.6926317214966, 3103.1151512910033, 2041.327931703904
2856.74681019783, 3764.2179497145357, 2025.568901641379
2857.6902828216553, 2237.8218347143847, 2020.985250222439
2859.714861869812, 3645.3136918021537, 238.01514045961653
2860.4838030338287, 3645.3136918021537, 238.01514045961653
2860.93758893013, 3645.3136918021537, 238.01514045961653
2861.4581944942474, 3645.3136918021537, 238.01514045961653
2862.1463532447815, 2071.599391308131, 2057.160661420926
2862.8734056949615, 2071.599391308131, 2057.160661420926
2864.1529796123505, 302.2211506353889, 1351.8775152578366
2864.9318945407867, 302.2211506353889, 1351.8775152578366
2865.4076204299927, 302.2211506353889, 1351.8775152578366
2865.906285047531, 302.2211506353889, 1351.8775152578366
2866.7051463127136, 2880.437832684069, 1670.1571586223295
2867.6516115665436, 2223.812919817296, 1253.986312649421
2868.425842523575, 2223.812919817296, 1253.986312649421
2868.9484434127808, 2223.812919817296, 1253.986312649421
2869.38228225708, 2223.812919817296, 1253.986312649421
2869.9318103790283, 2223.812919817296, 1253.986312649421
2870.424493074417, 2223.812919817296, 1253.986312649421
2870.9600570201874, 2223.812919817296, 1253.986312649421
2871.4307975769043, 2223.812919817296, 1253.986312649421
2871.939435005188, 2223.812919817296, 1253.986312649421
2872.4161581993103, 2223.812919817296, 1253.986312649421
2873.254914045334, 3890.6000102417674, 685.1672389282361
2874.237282514572, -12567.295590598693, 1410.3017586914773
2875.2596316337585, 20333.409219434292, 1319.8888448629616
2876.591066837311, 203.47040439417987, 1198.4222060795132
2877.2602751255035, 203.47040439417987, 1198.4222060795132
2878.3523499965668, 203.47040439417987, 1198.4222060795132
2879.2619144916534, 203.47040439417987, 1198.4222060795132
2880.2243378162384, 203.47040439417987, 1198.4222060795132
2881.2106969356537, 203.47040439417987, 1198.4222060795132
2882.2937977313995, 203.47040439417987, 1198.4222060795132
2883.273175239563, 203.47040439417987, 1198.4222060795132
2884.3153841495514, 203.47040439417987, 1198.4222060795132
2885.690700531006, 440.9437071420199, 1465.2330768862837
2886.383846282959, 440.9437071420199, 1465.2330768862837
2886.8884937763214, 440.9437071420199, 1465.2330768862837
2887.3721985816956, 440.9437071420199, 1465.2330768862837
2888.168068885803, 319.4407041408389, 1926.6214686918595
2889.1424584388733, 378.13796641649236, 665.3135180040377
2890.102886199951, 345.2862567202244, 1823.5045241071462
2890.6384530067444, 607.9140856687916, 1391.3236328668272
2891.6258087158203, 3499.703261358341, 1302.261033998436
2891.9359786510468, 3499.703261358341, 1302.261033998436
2892.355855703354, 3499.703261358341, 1302.261033998436
2893.1148221492767, 151.4627977161475, 1327.659656894896
2893.614483833313, 252.0074632226542, 2143.4666629048997
2893.903709411621, 252.0074632226542, 2143.4666629048997
2894.707556962967, 38.759218890786215, 1756.1653794675326
2896.2723681926727, 357.1158258435913, 960.6069199580497
2897.123089313507, 451.3866405548141, 2504.46875868229
2897.8990111351013, 451.3866405548141, 2504.46875868229
2898.6609711647034, 657.4759700272297, 1261.603181290372
2899.6832344532013, 914.0015390883409, 1816.6628942514944
2900.420261621475, 914.0015390883409, 1816.6628942514944
2901.1363446712494, 312.4999999999969, 1260.6054862685714
2901.940190553665, 312.4999999999969, 1260.6054862685714
2902.70614027977, 764.0349445634748, 1285.2981884794947
2903.692498922348, 117.34860052198975, 1329.1658377511847
2904.666890859604, -18270.488969919967, 1307.375480978041
2905.7499902248383, 129.8583092176548, 1223.8917811474532
2906.715405225754, 679.2505280090758, 1357.0612853816147
2907.3756370544434, 679.2505280090758, 1357.0612853816147
2908.200428247452, 881.811986248984, 282.80739945601084
2908.930473804474, 881.811986248984, 282.80739945601084
2909.3832623958588, 881.811986248984, 282.80739945601084
2910.2060577869415, 62.27346593494437, 1945.6254932296952
2910.970012664795, 62.27346593494437, 1945.6254932296952
2911.3988647460938, 62.27346593494437, 1945.6254932296952
2912.2366211414337, 110.34025889008157, 2125.6014540835768
2913.1651356220245, 53.941348952105436, 1233.9834118715085
2914.1405227184296, 420.45900864784045, 1204.4816246729665
2915.224619626999, 468.49144428247774, 1688.7754322579317
2915.956660747528, 468.49144428247774, 1688.7754322579317
2916.404461622238, 468.49144428247774, 1688.7754322579317
2917.1424849033356, 386.36155320702017, 2231.2688084418073
2918.103910446167, 168.38342834070497, 2070.805612640407
2918.407098531723, 168.38342834070497, 2070.805612640407
2918.8788356781006, 168.38342834070497, 2070.805612640407
2919.421382665634, 168.38342834070497, 2070.805612640407
2919.8452484607697, 168.38342834070497, 2070.805612640407
2920.384803056717, 168.38342834070497, 2070.805612640407
2920.891446828842, 168.38342834070497, 2070.805612640407
2921.4369859695435, 168.38342834070497, 2070.805612640407
2921.9087224006653, 168.38342834070497, 2070.805612640407
2922.3854455947876, 168.38342834070497, 2070.805612640407
2922.871145963669, 168.38342834070497, 2070.805612640407
2923.385767698288, 168.38342834070497, 2070.805612640407
2923.8744580745697, 168.38342834070497, 2070.805612640407
2924.6982538700104, 2012.134641619261, 1309.2227650385607
2925.6447196006775, 53.01599907410879, 1406.3481494453702
2926.5971710681915, 196.66390874117036, 1334.8259100431171
2927.1816034317017, 256.8234400934112, 1516.8902814893224
2928.092166185379, 138.20320782176395, 1819.9383045344932
2928.361445426941, 138.20320782176395, 1819.9383045344932
2929.126397371292, -53.64059970133189, 2319.6486143333273
2929.572202682495, 1991.1220172665726, -1166.131529668407
2929.866415500641, 1991.1220172665726, -1166.131529668407
2930.336157798767, 1991.1220172665726, -1166.131529668407
2930.890671491623, 1991.1220172665726, -1166.131529668407
2931.3833525180817, 1991.1220172665726, -1166.131529668407
2931.9139318466187, 1991.1220172665726, -1166.131529668407
2932.6369955539703, 743.9854843111968, 1334.7958631093968
2933.5575335025787, 361.83753903865096, 1651.951800702833
2934.1509425640106, 281.4782171410749, 1405.634162199075
2934.934842824936, 281.4782171410749, 1405.634162199075
2935.42054271698, 281.4782171410749, 1405.634162199075
2936.2912113666534, 505.5021677617279, 1378.986885320116
2936.9424703121185, 505.5021677617279, 1378.986885320116
2937.77822971344, -2901.5820042585283, 1289.6707365733032
2938.613993167877, 450.83006289696743, 1361.5558970176955
2938.862326145172, 450.83006289696743, 1361.5558970176955
2939.604339838028, 328.37997901842573, 1415.998655211262
2939.8875815868378, 328.37997901842573, 1415.998655211262
2940.6345813274384, 212.92916662702243, 1198.2979971225395
2941.15319275856, 27.499934599782566, 1957.5480175810694
2942.110630273819, -17919.49912426475, 1314.951114991477
2942.3807821273804, -17919.49912426475, 1314.951114991477
2943.1447370052338, 425.24831404809703, 1264.8385720316044
2944.1370782852173, 692.1226598631952, 688.9576913804408
2945.157346725464, 81.26767065551785, 1343.4143629712596
2946.202548980713, 174.0866419317917, 1507.8099946022057
2947.1998777389526, 1469.1405735650185, 1469.9762990486731
2948.1363706588745, 631.757469409422, 1614.1548988837915
2948.8833701610565, 631.757469409422, 1614.1548988837915
2949.559558868408, 870.9022342818146, 1065.115977092292
2950.114074230194, 689.308541705433, 719.0631878678935
2950.553896188736, 310.6506641695146, 1275.9303514734872
2951.0705144405365, 581.371370699814, 1333.785132909282
2951.538261413574, 312.42343192457434, 816.3719649249982
2952.1805415153503, 50.622265717850176, 2270.611600961042
2952.8896429538727, 50.622265717850176, 2270.611600961042
2953.3843178749084, 50.622265717850176, 2270.611600961042
2953.8929579257965, 50.622265717850176, 2270.611600961042
2954.554185152054, 198.34813530674438, 1183.0984882709142
2955.1954686641693, 1558.1592477560719, 50809.2236519223
2956.1578912734985, 336.71322162125426, 1222.4779518755854
2957.2220418453217, 588.0677926748795, 1051.3026772283106
2957.902731180191, 588.0677926748795, 1051.3026772283106
2958.3684842586517, 588.0677926748795, 1051.3026772283106
2959.181309700012, 477.3766909210434, 673.1306477875156
2960.1756443977356, -1546.1903625697603, 1789.638446862353
2961.1929206848145, 243.42605633700242, 46.49999999999941
2962.21618103981, 616.6650923131084, -732.2309186844856
2962.9242854118347, 616.6650923131084, -732.2309186844856
2963.7460844516754, 862.6910628307945, 1901.8402603300226
2964.677590370178, 888.9199138252645, 1996.822844123865
2965.397662639618, 888.9199138252645, 1996.822844123865
2966.2084906101227, 658.4357603461486, 1357.8144380233123
2968.596098423004, 753.6706055686399, 1382.2381180084894
2969.21244764328, 504.1823340317787, 1346.1865828245595
2970.1599102020264, 429.0131536602519, 1846.2287109966435
2971.240018606186, 185.25424021894455, 1748.828336233984
2972.2213904857635, 566.8222805057019, 1367.0558693751746
2972.9284975528717, 566.8222805057019, 1367.0558693751746
2973.4271624088287, 566.8222805057019, 1367.0558693751746
2974.177154302597, 1135.1535317095327, 2804.952601899318
2975.162515640259, 141.5795686419452, 2245.8334437845238
2975.8865790367126, 141.5795686419452, 2245.8334437845238
2976.7073788642883, 874.5881249090519, 1355.8682220043704
2977.743604660034, 589.2412794073307, 1230.8231795211639
2978.424781560898, 589.2412794073307, 1230.8231795211639
2981.1554691791534, 320.3823173985656, 71101.3498346423
2981.9633054733276, 320.3823173985656, 71101.3498346423
2982.4091141223907, 320.3823173985656, 71101.3498346423
2982.940688610077, 320.3823173985656, 71101.3498346423
2983.4214010238647, 320.3823173985656, 71101.3498346423
2986.1351351737976, 264.2241469940747, 2414.088967218743
2987.1818432807922, 320.34158965034663, 2342.613536393184
2988.1442658901215, 48.96739272292714, 2174.3621180099854
2988.8773024082184, 48.96739272292714, 2174.3621180099854
2989.423840045929, 48.96739272292714, 2174.3621180099854
2990.162862300873, 290.7820215257143, 1014.0534245647467
2991.1352577209473, 117.33689330279827, 1096.4941083212648
2992.191428422928, 482.1278573221911, 1327.8888638962364
2993.17080616951, 954.1112736219146, 421.2900117362357
2994.5112183094025, 495.3330346650992, 1867.854845372014
2995.1943888664246, 495.3330346650992, 1867.854845372014
2996.2016911506653, 495.3330346650992, 1867.854845372014
2997.224951028824, 495.3330346650992, 1867.854845372014
2998.2482118606567, 495.3330346650992, 1867.854845372014
2999.5766541957855, 1502.465954584966, 2245.1689974060914
3000.485221385956, 17.933961666326923, 618.4422031900353
3001.2342154979706, 17.933961666326923, 618.4422031900353
3002.378152370453, 788.1507387843267, 1395.7551217466348
3003.261786699295, 788.1507387843267, 1395.7551217466348
3004.517424106598, 26050.891120726064, 2244.690255744837
3005.2265255451202, 26050.891120726064, 2244.690255744837
3006.2278442382812, 26050.891120726064, 2244.690255744837
3007.1852810382843, 26050.891120726064, 2244.690255744837
3008.476823568344, 3463.434514007432, 2185.9517145450586
3009.2417755126953, 3463.434514007432, 2185.9517145450586
3010.289968252182, 3463.434514007432, 2185.9517145450586
3011.509721517563, 1134.12528917429, 341.3151198461003
3012.666623353958, 2598.442912669594, 2054.550728781693
3013.942207813263, 209.0233456670458, 1225.0938651600657
3015.055227994919, 869.9143339666969, 1316.604510692553
3015.725432872772, 869.9143339666969, 1316.604510692553
3016.7955679893494, 869.9143339666969, 1316.604510692553
3017.9584538936615, 1859.0832592047684, 1608.0159650543226
3018.736372232437, 1859.0832592047684, 1608.0159650543226
3019.784564971924, 1859.0832592047684, 1608.0159650543226
3021.0681278705597, 1706.7092188025633, 972.6135790851611
3022.073436498642, 1226.5590809856253, 16.408990759874793
3022.8403816223145, 1226.5590809856253, 16.408990759874793
3023.787845134735, 1226.5590809856253, 16.408990759874793
3024.789163827896, 1226.5590809856253, 16.408990759874793
3025.829379081726, 1226.5590809856253, 16.408990759874793
3026.8047666549683, 1226.5590809856253, 16.408990759874793
3027.8001022338867, 1226.5590809856253, 16.408990759874793
3028.994901895523, 3312.9072201256477, 2775.130050141937
3029.790771007538, 3312.9072201256477, 2775.130050141937
3030.7641649246216, 3312.9072201256477, 2775.130050141937
3031.7425451278687, 3312.9072201256477, 2775.130050141937
3032.759821176529, 3312.9072201256477, 2775.130050141937
3034.0947573184967, 2525.522337216899, 1562.9434598229248
3035.0601737499237, 16668.08907570897, 383.64584040559197
3035.6864948272705, 16668.08907570897, 383.64584040559197
3036.6868164539337, 16668.08907570897, 383.64584040559197
3037.8108072280884, 16668.08907570897, 383.64584040559197
3038.710398197174, 16668.08907570897, 383.64584040559197
3039.8135888576508, 16668.08907570897, 383.64584040559197
3040.783990383148, 16668.08907570897, 383.64584040559197
3041.837170124054, 16668.08907570897, 383.64584040559197
3042.772665977478, 16668.08907570897, 383.64584040559197
3043.9395413398743, 3962.938731401206, 1627.3781574955237
3044.7872717380524, 3962.938731401206, 1627.3781574955237
3047.6366415023804, 3285.8642193221717, 2848.5194730619805
3048.7177481651306, 3285.8642193221717, 2848.5194730619805
3049.7519776821136, 3285.8642193221717, 2848.5194730619805
3050.6924591064453, 3285.8642193221717, 2848.5194730619805
3051.653885602951, 3285.8642193221717, 2848.5194730619805
3053.0551335811615, 2768.322060416667, 2169.813392464944
3053.913833618164, 2768.322060416667, 2169.813392464944
3054.873264312744, 2768.322060416667, 2169.813392464944
3056.0052332878113, 1895.5301614238515, 295.41064351476626
3056.7133390903473, 1895.5301614238515, 295.41064351476626
3057.758538722992, 1895.5301614238515, 295.41064351476626
3058.6880497932434, 1895.5301614238515, 295.41064351476626
3059.670419216156, 1895.5301614238515, 295.41064351476626
3061.0537161827087, 3611.165816708813, 1239.3841534445405
3061.794730901718, 3611.165816708813, 1239.3841534445405
3063.335606098175, 277.99761817439804, 2464.244075860155
3064.582267999649, 277.99761817439804, 2464.244075860155
3065.4659020900726, 3833.2029322991666, 409.16396108848227
3066.7893571853638, 2600.991448699971, 2283.743945594809
3068.383091211319, 411.58509308797653, 29886.755962899588
3069.1011679172516, 411.58509308797653, 29886.755962899588
3069.678620815277, 411.58509308797653, 29886.755962899588
3071.7450878620148, 1873.702981870962, 1772.6349225973304
3072.4741353988647, 1873.702981870962, 1772.6349225973304
3072.99374461174, 1873.702981870962, 1772.6349225973304
3073.4824364185333, 1873.702981870962, 1772.6349225973304
3073.9621510505676, 1873.702981870962, 1772.6349225973304
3074.6802291870117, 1653.7866847402058, 566.349498804203
3076.6748881340027, 1687.5323193839004, 1123.3446247029892
3077.7240788936615, 2458.179433399631, 2805.241548638376
3078.6816172599792, 2346.511236963241, 1046.0838412100898
3079.6779491901398, 3380.6756332800146, 23.77799369630567
3080.669295310974, 3890.598246523793, 1342.9075252090436
3081.4093132019043, 3890.598246523793, 1342.9075252090436
3082.312893629074, 2517.472402135042, 2173.160281891911
3083.2543725967407, 2566.0295919185733, 1438.6474978082265
3084.310544729233, 2281.9081911039293, 889.9654413307135
3085.226092815399, 2465.271273158639, 1825.968744865317
3086.211454629898, 3081.468256508257, 641.1801385592332
3086.8806626796722, 3081.468256508257, 641.1801385592332
3087.5010035037994, 3081.468256508257, 641.1801385592332
3087.9797201156616, 3081.468256508257, 641.1801385592332
3088.4913506507874, 3081.468256508257, 641.1801385592332
3088.953113555908, 3081.468256508257, 641.1801385592332
3089.4527752399445, 3081.468256508257, 641.1801385592332
3089.9125440120697, 3081.468256508257, 641.1801385592332
3090.519918680191, 3081.468256508257, 641.1801385592332
3091.0145931243896, 3081.468256508257, 641.1801385592332
3091.490345954895, 3081.468256508257, 641.1801385592332
3091.976049423218, 3081.468256508257, 641.1801385592332
3092.68315410614, 3686.551706325726, 2758.0083564093375
3093.6395926475525, 2801.485795094531, 456.4754787279102
3094.60999417305, 1352.9181381733358, 751.7375362231057
3095.360983133316, 26.040438554200225, 710.1545037455257
3096.096014738083, 3587.450861475315, 1779.0917542049262
3096.651527404785, 2472.374045072896, 2619.147082424619
3097.629907608032, 3387.716350938891, -77317.89794227049
3097.89519572258, 3387.716350938891, -77317.89794227049
3100.4433732032776, 1563.7849715265459, 2954.1524041720313
3101.1564638614655, 1961.6869049730699, 1626.5440486738244
3102.2086474895477, 6987.320251271402, 1718.794889605341
3103.30371427536, 1304.2783222115986, 561.5634416236435
3104.219263076782, 2705.4368327065586, 2769.3887451794412
3105.469913959503, 377.98155678663295, 1831.5183116236256
3106.1102001667023, 377.98155678663295, 1831.5183116236256
3106.6926412582397, 377.98155678663295, 1831.5183116236256
3107.6530697345734, 3975.3810466369014, 163.06405750464484
3108.6753318309784, 3715.755206789938, 910.1310566988732
3109.446267604828, 3715.755206789938, 910.1310566988732
3109.9160101413727, 3715.755206789938, 910.1310566988732
3110.45356965065, 3715.755206789938, 910.1310566988732
3110.907354593277, 3715.755206789938, 910.1310566988732
3111.4110074043274, 3715.755206789938, 910.1310566988732
3112.173962831497, 2748.8954914284996, 1165.8871331233554
3112.8950328826904, 2748.8954914284996, 1165.8871331233554
3114.7380981445312, 3399.240271282255, 1348.232772248826
3115.7075016498566, 2557.18647277179, 1778.6974349591876
3116.636476993561, 2629.6323683671917, 1869.2473938431929
3117.3794870376587, 2629.6323683671917, 1869.2473938431929
3118.324955701828, 2974.725928565724, 214.96158288687033
3119.0380458831787, 2974.725928565724, 214.96158288687033
3119.507788658142, 2974.725928565724, 214.96158288687033
3120.234841823578, 1780.8729582147957, 418.39918524035505
3120.9868273735046, 1780.8729582147957, 418.39918524035505
3121.4585659503937, 1780.8729582147957, 418.39918524035505
3121.920328617096, 1780.8729582147957, 418.39918524035505
3122.444923400879, 1780.8729582147957, 418.39918524035505
3123.175966024399, 2270.193921004168, 1848.6353305373382
3124.2052099704742, 3138.341943931716, 1909.5406525777814
3125.2354514598846, 3172.7961829717324, 1931.7010710562263
3125.5974822044373, 3172.7961829717324, 1931.7010710562263
3126.189896583557, 2374.4445959574987, 1829.5573116070134
3126.527991294861, 2374.4445959574987, 1829.5573116070134
3126.8690774440765, 2374.4445959574987, 1829.5573116070134
3127.386691570282, 2233.6036665663064, 1818.6961001164236
3127.777644634247, 2233.6036665663064, 1818.6961001164236
3128.116736650467, 2233.6036665663064, 1818.6961001164236
3128.9764358997345, 2233.6036665663064, 1818.6961001164236
3129.7902553081512, 2739.6332108570946, 1826.7966530403899
3130.4584667682648, 2739.6332108570946, 1826.7966530403899
3131.225412607193, 2089.9631602904556, 1843.8167760145327
3137.1405754089355, 2645.424589047959, 1921.5565701052726
3138.2156958580017, 3541.165606436848, 63.33838866782641
3139.145206451416, 2604.8325144906826, 1875.8738047856186
3139.9011850357056, 2604.8325144906826, 1875.8738047856186
3140.4626784324646, 2604.8325144906826, 1875.8738047856186
3140.953934431076, 2604.8325144906826, 1875.8738047856186
3142.7182126045227, 2395.256569144571, 1889.5001828683874
3146.17395734787, 3214.2008573166268, 1868.8119005632138
3147.2789990901947, 2982.0691471827768, 1365.1106028960764
3148.01353931427, 2982.0691471827768, 1365.1106028960764
3148.519185066223, 2982.0691471827768, 1365.1106028960764
3149.2153227329254, 3187.5994318135367, 1860.0287144066565
3150.2126519680023, 2171.1095361437565, 1857.0769600717836
3151.180061340332, 2779.735336372256, 1796.278008999388
3153.275449991226, 3099.904133787933, 1373.876180024451
3154.0094850063324, 3099.904133787933, 1373.876180024451
3154.484215736389, 3099.904133787933, 1373.876180024451
3154.9908578395844, 3099.904133787933, 1373.876180024451
3155.4745614528656, 3099.904133787933, 1373.876180024451
3156.037056207657, 3099.904133787933, 1373.876180024451
3156.516771554947, 3099.904133787933, 1373.876180024451
3157.3485436439514, 2480.9142564001654, 1926.9607541423004
3157.9559178352356, 2480.9142564001654, 1926.9607541423004
3158.798660993576, 1183.0184551480188, 1862.3689606866888
3159.4439327716827, 1183.0184551480188, 1862.3689606866888
3159.9745123386383, 1183.0184551480188, 1862.3689606866888
3160.413337469101, 1183.0184551480188, 1862.3689606866888
3160.9528934955597, 1183.0184551480188, 1862.3689606866888
3161.6998920440674, 2444.1867525936796, 1813.532009016762
3162.713180541992, 2433.9016987467808, 1833.3150942754453
3163.8311853408813, 1469.3887454273085, 1744.8946678525272
3164.724793434143, 1878.4611986920524, 1856.9277799272593
3165.733097553253, 3304.5261590507293, 1901.675103341401
3166.768325805664, 2684.958515002707, 1877.3419281348486
3167.474434375763, 2684.958515002707, 1877.3419281348486
3167.9890558719635, 2684.958515002707, 1877.3419281348486
3168.5096628665924, 2684.958515002707, 1877.3419281348486
3169.191836833954, 3317.2183071291497, 1825.927775776138
3169.9597799777985, 3317.2183071291497, 1825.927775776138
3170.4484717845917, 3317.2183071291497, 1825.927775776138
3170.973065853119, 3317.2183071291497, 1825.927775776138
3171.4458010196686, 3317.2183071291497, 1825.927775776138
3171.97438454628, 3317.2183071291497, 1825.927775776138
3172.448116540909, 3317.2183071291497, 1825.927775776138
3173.2060866355896, 3382.211898946681, 1830.224276703219
3177.2403061389923, 3075.6888081710204, 1360.4735542912692
3177.9623725414276, 3075.6888081710204, 1360.4735542912692
3178.6804502010345, 2011.4933248074105, 1858.873427821759
3179.72066450119, 2274.0233305840584, 1361.730778797935
3180.7269694805145, 2541.829544539684, 1381.082086683806
3181.73726439476, 3384.7351397042835, 1950.0340632048021
3182.4094653129578, 3384.7351397042835, 1950.0340632048021
3183.217302083969, -70520.57738777935, 1830.8904813008203
3183.9154331684113, -70520.57738777935, 1830.8904813008203
3184.437034845352, -70520.57738777935, 1830.8904813008203
3184.9087727069855, -70520.57738777935, 1830.8904813008203
3185.4144203662872, -70520.57738777935, 1830.8904813008203
3185.9420058727264, -70520.57738777935, 1830.8904813008203
3186.7269039154053, 3470.129326770934, 1724.2676492613732
3187.726228237152, 2853.671534394795, 1845.1387454099665
3188.709594964981, 2872.0799264641882, 1409.0182263508111
3189.697949409485, 3008.638945762799, 1342.3206297235818
3190.710239648819, 2919.05249452716, 1883.9289645116671
3191.3834369182587, 2919.05249452716, 1883.9289645116671
3192.645057439804, 989.4256181236578, 1867.6760399229609
3193.4050228595734, 989.4256181236578, 1867.6760399229609
3194.1859312057495, 2763.789355587879, 1828.7520066468817
3195.7048649787903, 1025.2011342986946, 1909.0528393270235
3196.481785058975, 1025.2011342986946, 1909.0528393270235
3196.980450630188, 1025.2011342986946, 1909.0528393270235
3197.703513622284, 1253.2051309606798, 641.2794210330197
3198.7148048877716, 2615.8424647164707, 1787.981414625978
3199.6024301052094, 3196.1311999687914, 1895.3473372219999
3200.162931203842, 1829.7163765362336, 1945.527100019365
3201.0814673900604, 1117.7970864972858, 1924.6864645319934
3201.363712310791, 1117.7970864972858, 1924.6864645319934
3202.1376411914825, 1959.7299923376288, 1875.559296687158
3203.0930824279785, 1108.3562444655126, 1922.1340060028015
3203.3533866405487, 1108.3562444655126, 1922.1340060028015
3204.047526359558, 1292.590082549698, 1875.831048175968
3204.3397443294525, 1292.590082549698, 1875.831048175968
3205.144588947296, 1621.456082180142, 1372.2771678026045
3205.924010515213, 1621.456082180142, 1372.2771678026045
3206.384776830673, 1621.456082180142, 1372.2771678026045
3207.0729343891144, 1624.2703006377487, 1843.2527819020704
3207.3472003936768, 1624.2703006377487, 1843.2527819020704
3208.173985719681, 2000.6602169584628, 1855.8485064833874
3208.8591527938843, 2000.6602169584628, 1855.8485064833874
3209.647041082382, 1978.3427407654012, 1894.7766076022874
3210.6343982219696, 1659.1350720365792, 1820.2158179908754
3211.3823947906494, 1659.1350720365792, 1820.2158179908754
3212.1460247039795, 1656.3039097588169, 1330.8319159875716
3212.892026901245, 1656.3039097588169, 1330.8319159875716
3213.3827135562897, 1656.3039097588169, 1330.8319159875716
3213.900327682495, 1656.3039097588169, 1330.8319159875716
3214.398991584778, 1656.3039097588169, 1330.8319159875716
3214.9355552196503, 1656.3039097588169, 1330.8319159875716
3215.764335870743, 1715.5201266296328, 1320.009671616681
3216.432546377182, 1715.5201266296328, 1320.009671616681
3217.163589477539, 3781.7174905403945, 1193.4044648097254
3218.1659049987793, 973.6593120269732, 977.3044160334657
3219.2250735759735, 849.9973598314338, 848.9962736397865
3219.959103822708, 849.9973598314338, 848.9962736397865
3220.6283128261566, 1990.4470508579905, 1859.5225786163069
3220.9424715042114, 1990.4470508579905, 1859.5225786163069
3221.3563628196716, 1990.4470508579905, 1859.5225786163069
3221.8630051612854, 1990.4470508579905, 1859.5225786163069
3222.341723918915, 1990.4470508579905, 1859.5225786163069
3223.181476831436, 1984.5169815590466, 1880.9607038541808
3223.8536767959595, 1984.5169815590466, 1880.9607038541808
3224.36829829216, 1984.5169815590466, 1880.9607038541808
3225.206054210663, 2433.730059307661, 137688.82930138064
3225.8852365016937, 2433.730059307661, 137688.82930138064
3226.4028499126434, 2433.730059307661, 137688.82930138064
3227.142868757248, 2398.0685748431974, 865.1442596043842
3229.15647649765, 1970.7271121021156, 1913.587068803702
3230.146824836731, 1924.2177214862181, 1937.5527976738617
3230.8978142738342, 1924.2177214862181, 1937.5527976738617
3231.4034605026245, 1924.2177214862181, 1937.5527976738617
3231.8722052574158, 1924.2177214862181, 1937.5527976738617
3232.640148639679, 2873.946074512955, 1271.9320836526053
3233.5916023254395, 3007.18710341592, 1235.1306526625206
3233.832955598831, 3007.18710341592, 1235.1306526625206
3234.337604522705, 3007.18710341592, 1235.1306526625206
3234.847238779068, 3007.18710341592, 1235.1306526625206
3235.5693078041077, 3859.149428832865, 1255.6603685393036
3235.8625202178955, 3859.149428832865, 1255.6603685393036
3236.3701615333557, 3859.149428832865, 1255.6603685393036
3237.1460843086243, 3796.739895728618, 1297.8824105476754
3237.8571796417236, 3796.739895728618, 1297.8824105476754
3238.6121578216553, 3431.959937817696, 1297.0705161663532
3238.880439519882, 3431.959937817696, 1297.0705161663532
3239.3701288700104, 3431.959937817696, 1297.0705161663532
3239.873781681061, 3431.959937817696, 1297.0705161663532
3240.6287586688995, 2844.0043776721263, 1303.1132525704759
3241.423629283905, 2844.0043776721263, 1303.1132525704759
3241.875419855118, 2844.0043776721263, 1303.1132525704759
3242.6705782413483, 722.4865718645058, 1030.522108649018
3243.6619226932526, 698.1035186355488, 991.0376443368853
3244.7121107578278, 652.916705893633, 1032.91379596661
3245.449136734009, 652.916705893633, 1032.91379596661
3246.1402866840363, 3814.3172153558367, 1285.6266331418935
3246.8773131370544, 3814.3172153558367, 1285.6266331418935
3247.3650085926056, 3814.3172153558367, 1285.6266331418935
3248.173842191696, 1901.1426514574741, 1912.7737522022633
3249.208072900772, 1872.7921410080958, 1993.3662056851138
3250.351012945175, 3310.43165747913, 1379.9715022135179
3251.0242092609406, 3310.43165747913, 1379.9715022135179
3251.713364124298, 2072.0356079868225, 1894.9170620120374
3252.7266511917114, 1906.6571241112579, 1283.662517344342
3253.425778388977, 1906.6571241112579, 1283.662517344342
3253.9723150730133, 1906.6571241112579, 1283.662517344342
3254.442057609558, 1906.6571241112579, 1283.662517344342
3255.0773572921753, 2840.6250202372075, 1131.1088362263667
3255.6498239040375, 3021.9997483951934, 1202.4019770314017
3256.7089879512787, 3020.6926979813497, 1215.2412951516694
3257.40612077713, 3020.6926979813497, 1215.2412951516694
3257.922738790512, 3020.6926979813497, 1215.2412951516694
3258.6049115657806, 2621.5467750320404, 1217.6649939507188
3258.844269990921, 2621.5467750320404, 1217.6649939507188
3259.3479216098785, 2621.5467750320404, 1217.6649939507188
3259.885482311249, 2621.5467750320404, 1217.6649939507188
3260.361210823059, 2621.5467750320404, 1217.6649939507188
3261.597898006439, 2816.8807075576797, 1318.79399000136
3262.137452363968, 2792.758854646729, 1268.9601974871866
3262.8764731884003, 2792.758854646729, 1268.9601974871866
3263.36017870903, 2792.758854646729, 1268.9601974871866
3264.146073818207, 3010.914434347469, 1291.7292348473416
3264.862156152725, 3010.914434347469, 1291.7292348473416
3265.3797714710236, 3010.914434347469, 1291.7292348473416
3266.130760192871, 790.6316989644146, 970.7902904237
3266.7191858291626, 791.0519524063928, 972.0673764052243
3267.683601617813, 790.4002891595328, 972.6246995279214
3268.6709587574005, 1955.445391420576, 1911.0838870383654
3269.455856323242, 1955.445391420576, 1911.0838870383654
3269.926595687866, 1955.445391420576, 1911.0838870383654
3270.6895530223846, 792.036325346194, 972.9342418820333
3271.6499814987183, 789.7506952094964, 973.426713103945
3272.462806224823, 789.7506952094964, 973.426713103945
3272.953491449356, 789.7506952094964, 973.426713103945
3273.4252293109894, 789.7506952094964, 973.426713103945
3274.202148914337, 2051.5504628746585, 789.2431598867099
3275.186512231827, 3260.3177594458584, -1552.8732972823154
3276.253654718399, 3405.9864044924534, 721.9986512335823
3276.9487924575806, 3405.9864044924534, 721.9986512335823
3277.4155428409576, 3405.9864044924534, 721.9986512335823
3277.979034423828, 3405.9864044924534, 721.9986512335823
3278.928492307663, 3790.01137763373, 646.6327237247413
3279.699428319931, 2991.028350365398, 411.3728677876397
3280.437451839447, 2991.028350365398, 411.3728677876397
3280.96603679657, 2991.028350365398, 411.3728677876397
3281.476669073105, 2991.028350365398, 411.3728677876397
3281.9912910461426, 2991.028350365398, 411.3728677876397
3282.438095331192, 2991.028350365398, 411.3728677876397
3283.11528134346, 2775.4614324297045, 611.04533887815
3284.2283017635345, 1962.7933577248343, -145.4769474986462
3285.226628303528, 3332.070984297677, 179.49791988848952
3285.964652299881, 3332.070984297677, 179.49791988848952
3286.4663095474243, 3332.070984297677, 179.49791988848952
3286.9669682979584, 3332.070984297677, 179.49791988848952
3287.490565776825, 3332.070984297677, 179.49791988848952
3287.9493374824524, 3332.070984297677, 179.49791988848952
3288.8210039138794, 1930.5158746179513, 82.14409477582718
3289.5251190662384, 1930.5158746179513, 82.14409477582718
3290.06068444252, 1930.5158746179513, 82.14409477582718
3290.5503730773926, 1930.5158746179513, 82.14409477582718
3290.9682545661926, 1930.5158746179513, 82.14409477582718
3291.4748980998993, 1930.5158746179513, 82.14409477582718
3292.2119238376617, 2668.5631453621995, 210.1596074191161
3292.957926750183, 2668.5631453621995, 210.1596074191161
3293.3987460136414, 2668.5631453621995, 210.1596074191161
3293.8834488391876, 2668.5631453621995, 210.1596074191161
3294.4599046707153, 2668.5631453621995, 210.1596074191161
3294.9635558128357, 2668.5631453621995, 210.1596074191161
3295.4781782627106, 2668.5631453621995, 210.1596074191161
3296.193286895752, 801.9159824610305, 686.2472535847838
3296.9522540569305, 801.9159824610305, 686.2472535847838
3297.7910079956055, 3054.9204755030437, 642.5089575459014
3298.738471031189, 1687.5796141536032, 216.40300978042538
3299.738794326782, 3109.0063920784946, 464.43147126254934
3300.6673061847687, 2718.0783261013426, 475.094885493393
3302.146345615387, 2254.0313783348383, 290.6251180745662
3302.931244134903, 2254.0313783348383, 290.6251180745662
3303.395002603531, 2254.0313783348383, 290.6251180745662
3304.2217898368835, 1610.7832704724385, -22335.688844500102
3305.2350766658783, 2562.9833239199643, 231.44898980987352
3305.9591364860535, 2562.9833239199643, 231.44898980987352
3306.4737586975098, 2562.9833239199643, 231.44898980987352
3307.1908383369446, 3767.5560045957614, 87.82211525632002
3308.1762006282806, 873.0186980602263, 421.07453504932977
3309.2184109687805, 59.0590402345836, 353.3375627906
3310.2107524871826, 2493.63409350906, 49.772574262431114
3311.204093694687, 2607.6494468587084, 511.26190858087216
3314.649866104126, 2872.951455832067, 291.69938446163707
3315.7479259967804, 1044.6201148693883, 106.92498388725957
3316.6724739074707, 8714.45089052034, 226.77359820694667
3317.4663484096527, 8714.45089052034, 226.77359820694667
3318.164479494095, 2868.5595963386313, -2069.3348799625032
3319.262538909912, 2987.6705859757617, 1265.942915034094
3320.169112920761, 1991.753989788741, 102.22309825177659
3320.938052415848, 1991.753989788741, 102.22309825177659
3321.428739309311, 1991.753989788741, 102.22309825177659
3322.1757383346558, 2026.910776528226, 73.630439449595
3323.223930835724, 3205.5070890873258, 103.55445768747985
3324.2172722816467, 1785.8709715155248, 363.04861466462665
3325.2485105991364, 1958.8994381147438, 260.5883175353636
3326.2288851737976, 218.32006758381965, 63.82279846363176
3327.175350666046, 57.422171824023415, 93.17185333835715
3327.9881744384766, 57.422171824023415, 93.17185333835715
3328.802993297577, 1582.5117299671754, 418.28149210538976
3329.763421535492, 1607.1965339823896, 3.6400952140579173
3330.4286398887634, 1607.1965339823896, 3.6400952140579173
3331.240466594696, 1816.6663696446844, 247.61909419063807
3332.2866656780243, 1845.9010050935512, 164.13763117456682
3333.0167100429535, 1845.9010050935512, 164.13763117456682
3333.514377593994, 1845.9010050935512, 164.13763117456682
3333.9611809253693, 1845.9010050935512, 164.13763117456682
3334.7720108032227, 605.7190509127388, 23.196765394533777
3335.558902978897, 605.7190509127388, 23.196765394533777
3335.9797763824463, 605.7190509127388, 23.196765394533777
3336.5432670116425, 605.7190509127388, 23.196765394533777
3337.0289669036865, 605.7190509127388, 23.196765394533777
3337.7470438480377, 1506.6117602987624, 264.5924815771649
3338.7373929023743, 82.97803027858687, 74.2425887287978
3339.515308856964, 82.97803027858687, 74.2425887287978
3340.0169661045074, 82.97803027858687, 74.2425887287978
3342.166720867157, 1914.6556856532357, 207.66933805561314
3343.2079339027405, 1588.3968335330069, 75.17004395505197
3344.2451560497284, 380.5982612606969, 111.972912569652
3344.9472754001617, 380.5982612606969, 111.972912569652
3345.6334388256073, 177.2600517086291, -78.84175364019274
3346.6926033496857, 2181.280843948002, 139.88681550118184
3347.426637649536, 2181.280843948002, 139.88681550118184
3347.9781606197357, 2181.280843948002, 139.88681550118184
3348.464858531952, 2181.280843948002, 139.88681550118184
3349.2806730270386, 3359.2720029999386, 187.03422910356844
3349.932925462723, 3359.2720029999386, 187.03422910356844
3350.501404285431, 3359.2720029999386, 187.03422910356844
3350.9551894664764, 3359.2720029999386, 187.03422910356844
3351.5067138671875, 3359.2720029999386, 187.03422910356844
3351.9116299152374, 3359.2720029999386, 187.03422910356844
3352.492073535919, 3359.2720029999386, 187.03422910356844
3352.947852373123, 3359.2720029999386, 187.03422910356844
3353.479429244995, 3359.2720029999386, 187.03422910356844
3354.2633304595947, 1683.1545341901203, 1150.2925255636324
3354.9524857997894, 1683.1545341901203, 1150.2925255636324
3355.732397556305, 1689.993274913313, 1175.5474735147682
3356.4943568706512, 1689.993274913313, 1175.5474735147682
3356.942158460617, 1689.993274913313, 1175.5474735147682
3357.4707431793213, 1689.993274913313, 1175.5474735147682
3357.9953384399414, 1689.993274913313, 1175.5474735147682
3358.4740583896637, 1689.993274913313, 1175.5474735147682
3359.209088563919, 3172.944070932644, 1145.2551981734648
3360.3929188251495, 405368.4448059653, 1175.0863139533628
3361.129945039749, 405368.4448059653, 1175.0863139533628
3362.1103217601776, 405368.4448059653, 1175.0863139533628
3362.70472741127, 233.58049206143713, 1192.0097815113397
3363.44873547554, 233.58049206143713, 1192.0097815113397
3363.977320432663, 233.58049206143713, 1192.0097815113397
3364.4251222610474, 233.58049206143713, 1192.0097815113397
3364.963679790497, 233.58049206143713, 1192.0097815113397
3365.4683277606964, 233.58049206143713, 1192.0097815113397
3365.9640011787415, 233.58049206143713, 1192.0097815113397
3366.4281928539276, 233.58049206143713, 1192.0097815113397
3367.0964012145996, 1918.5992957311016, 1611.9622727865676
3367.3467309474945, 1918.5992957311016, 1611.9622727865676
3368.181497335434, 1297.5144824629183, 1256.6420585082753
3368.9095482826233, 1297.5144824629183, 1256.6420585082753
3369.45708155632, 1297.5144824629183, 1256.6420585082753
3369.913857460022, 1297.5144824629183, 1256.6420585082753
3370.6099939346313, 307.18457908865656, 1722.9329902520365
3370.865310192108, 307.18457908865656, 1722.9329902520365
3371.672150373459, 239.25097521322752, 1237.24203756995
3372.393218755722, 239.25097521322752, 1237.24203756995
3373.2000589370728, 3375.728973396841, 379.9209988324504
3374.18741607666, 2757.224129129007, 403.0757688043412
3375.1797580718994, -1044.6150019824236, 17.77809216429179
3375.9417169094086, -1044.6150019824236, 17.77809216429179
3376.4553422927856, -1044.6150019824236, 17.77809216429179
3376.921094894409, -1044.6150019824236, 17.77809216429179
3377.6431620121, 3626.7301498045044, -1637.1810096004995
3378.4200813770294, 3626.7301498045044, -1637.1810096004995
3378.9007935523987, 3626.7301498045044, -1637.1810096004995
3379.421400308609, 3626.7301498045044, -1637.1810096004995
3380.1079573631287, 3059.093261543706, 150.86045328004118
3380.6584820747375, 2960.433582670315, 209.35655857525538
3381.3775565624237, 2960.433582670315, 209.35655857525538
3382.1544766426086, 3109.2678339202153, 153.56649866724024
3382.93638420105, 3109.2678339202153, 153.56649866724024
3383.39515542984, 3109.2678339202153, 153.56649866724024
3383.9446828365326, 3109.2678339202153, 153.56649866724024
3384.436366558075, 3109.2678339202153, 153.56649866724024
3384.941015481949, 3109.2678339202153, 153.56649866724024
3385.417738676071, 3109.2678339202153, 153.56649866724024
3386.2485144138336, 2755.0557459948886, 287.4980910130321
3387.1830127239227, 2756.1096700134076, 176.56775007226952
3388.193306684494, 2720.0121965574294, 151.18764277525008
3388.9762103557587, 2720.0121965574294, 151.18764277525008
3389.725204706192, 2352.8278253913472, -971.6189520984929
3390.6936128139496, 3142.34379230423, 44.72587265334253
3391.8375492095947, 2405.8489027715073, -607.9966153357435
3392.6653327941895, 3036.932651016671, 318.65105817623345
3393.430284023285, 3036.932651016671, 318.65105817623345
3394.125423669815, 205.24530889139595, 1703.5130817224479
3395.121755361557, 418.33898625221826, 1673.4955650698762
3395.6403682231903, 415.6401767309842, 1261.0984523174675
3396.5928170681, 702.8686858381589, 1667.8404358614712
3396.879049062729, 702.8686858381589, 1667.8404358614712
3397.6769149303436, 1375.9154879058817, 1269.73063289577
3398.576504945755, 1390.5965241448412, 1663.1034088176204
3399.1320176124573, 1404.6325682867555, 1652.705481406769
3400.218108892441, 2049.998724483724, 1271.1268629480953
3401.197486639023, 2052.8893841037857, 1275.004893275481
3402.172876596451, 2046.891509000847, 1270.8269188433692
3402.9248616695404, 2046.891509000847, 1270.8269188433692
3403.4414777755737, 2046.891509000847, 1270.8269188433692
3403.938148498535, 2046.891509000847, 1270.8269188433692
3404.6512393951416, 2262.3747942932255, 1271.1053633333777
3405.411204099655, 2262.3747942932255, 1271.1053633333777
3405.887928009033, 2262.3747942932255, 1271.1053633333777
3406.4264857769012, 2262.3747942932255, 1271.1053633333777
3406.9261474609375, 2262.3747942932255, 1271.1053633333777
3407.7359783649445, 2515.8198482997436, 1262.6035650615881
3408.4331135749817, 2515.8198482997436, 1262.6035650615881
3409.0055797100067, 2515.8198482997436, 1262.6035650615881
3409.731635570526, 2459.7527813808238, 723286.7930388602
3410.610282421112, 2433.466151666602, 1681.8561168391493
3411.109945297241, 2407.274508048423, 598.6281582339572
3411.361271381378, 2407.274508048423, 598.6281582339572
3412.122235059738, 2332.7113644183664, 1694.51328023992
3412.6129202842712, 2328.2426389418224, 1692.2951694957846
3412.864247083664, 2328.2426389418224, 1692.2951694957846
3413.3429663181305, 2328.2426389418224, 1692.2951694957846
3414.0999386310577, 2034.6172352504052, 1717.7641840741403
3414.587632894516, 1835.2067037836139, 1722.8702613403152
3415.0683455467224, 1748.523399996879, 1697.3247971877186
3415.5739929676056, 1743.4705759115147, 1709.3558945061438
3416.1564316749573, 1701.2666541573417, 1730.0660744883755
3416.8974475860596, 1701.2666541573417, 1730.0660744883755
3417.433014392853, 1701.2666541573417, 1730.0660744883755
3418.203949689865, 601.5162265623087, 1248.0828551207044
3419.1863191127777, 388.0848913653263, 1776.5372291442702
3419.895420074463, 388.0848913653263, 1776.5372291442702
3420.3611736297607, 388.0848913653263, 1776.5372291442702
3421.157042503357, 213.79050482560632, 1771.6226391887042
3421.8721289634705, 213.79050482560632, 1771.6226391887042
3422.6650047302246, 2989.648112532988, 22.937705681897143
3423.6812851428986, 2799.588102376065, 367.97519054644806
3424.758401155472, 2820.526925793736, -728.2231242013119
3425.54030585289, 2820.526925793736, -728.2231242013119
3426.019024848938, 2820.526925793736, -728.2231242013119
3426.711171388626, 1507.8998149311408, 85.45123443898036
3427.64666557312, 3507.5946461092726, 83.51419700326106
3428.4684648513794, 3507.5946461092726, 83.51419700326106
3428.969125032425, 3507.5946461092726, 83.51419700326106
3429.4777624607086, 3507.5946461092726, 83.51419700326106
3429.9554829597473, 3507.5946461092726, 83.51419700326106
3430.808200597763, 1873.3225899254871, 12.258927593219681
3431.5312643051147, 1873.3225899254871, 12.258927593219681
3432.004995584488, 1873.3225899254871, 12.258927593219681
3432.5465457439423, 1873.3225899254871, 12.258927593219681
3432.9773914813995, 1873.3225899254871, 12.258927593219681
3433.750322341919, 3565.2921045783282, 79.7491120693564
3434.7227187156677, 536674.1023577002, 12.04257089863936
3435.445782661438, 536674.1023577002, 12.04257089863936
3436.189790725708, 3724.405463468374, 329.07788808514425
3436.924823284149, 3724.405463468374, 329.07788808514425
3437.4224894046783, 3724.405463468374, 329.07788808514425
3437.8792672157288, 3724.405463468374, 329.07788808514425
3438.6970760822296, 3628.4023184754483, 16.03889449784732
3439.7113609313965, 1458.3154496805848, 108.44566807004064
3442.6903834342957, 3792.1650260573133, 58.053716423258614
3443.6268768310547, 3430.9662467841167, 311.6462326235585
3444.110582113266, 3519.750604106279, 177.2889168332317
3444.6092467308044, 3473.7341291676207, 127.21602950975421
3445.146807193756, 3507.8889640036946, 421.60781708074603
3446.1580986976624, 3317.7749697242352, 116.72660651177718
3447.1454541683197, 3451.9436013169657, -2.030147692390745
3447.876497030258, 3451.9436013169657, -2.030147692390745
3448.6544148921967, 3144.599951945796, 71.0656742551385
3449.675679922104, 2968.049121676753, 144.52508499619617
3450.451602935791, 2968.049121676753, 144.52508499619617
3450.9512646198273, 2968.049121676753, 144.52508499619617
3451.674329996109, 3817.8658387079777, 334.1703707399303
3452.406878709793, 3817.8658387079777, 334.1703707399303
3454.7047255039215, 3841.330481408262, 50.1422976201077
3455.625260591507, 3360.056597759847, -826.2184979754859
3455.9533817768097, 3360.056597759847, -826.2184979754859
3456.609627008438, 2887.2632870845437, 91.77557992488516
3457.1372129917145, 2516.4596426597814, 130.4696592425605
3458.1006319522858, 4062.2500254482093, 380.30697441914634
3458.3679161071777, 4062.2500254482093, 380.30697441914634
3459.1697704792023, 3036.7814430515127, 664.7663901814078
3460.1162354946136, 2902.099455650623, 395.29713489601284
3460.6178929805756, 2755.2508949304333, 23.034458315496654
3461.144483089447, 2672.0854883152942, 227.61912506438426
3461.391820907593, 2672.0854883152942, 227.61912506438426
3462.159763813019, 2431.659874049575, 214.7990705374554
3463.1920008659363, 2747.210137494026, 352.23120855238534
3463.921048641205, 2747.210137494026, 352.23120855238534
3466.5998747348785, 2164.6554268545196, -141.70420596002435
3467.195280313492, 3043.446286946543, 34905.56498254067
3468.1746587753296, 2453.65673949199, 56.248922096599244
3469.1739826202393, 3838.9275343936156, -1324.9949435823944
3470.1174569129944, 2625.5800257267438, 35.44163081396281
3470.5842068195343, 2158.5345771707966, 647.6328672878147
3470.8854002952576, 2158.5345771707966, 647.6328672878147
3471.4129869937897, 2158.5345771707966, 647.6328672878147
3472.062249660492, 4045.897602145104, 155.5026149775365
3472.5948235988617, 2872.074862755905, 160.2144285021196
3473.1842453479767, 2301.100546554805, -3525.2957588666113
3474.1466693878174, 1853.3107304808648, 212.94747478952914
3474.9046392440796, 1853.3107304808648, 212.94747478952914
3475.6007759571075, 3116.191470277022, 817.8058973210625
3476.190197467804, 2755.725897521222, 528.9450168011882
3476.9182481765747, 2755.725897521222, 528.9450168011882
3477.6223633289337, 2661.64181744203, 1242.4255768273858
3477.90261220932, 2661.64181744203, 1242.4255768273858
3478.7104506492615, 2490.3660044340268, 1074.9661930491363
3479.6768617630005, 2365.379581299478, 499.70440745027497
3480.5654826164246, 2162.6865464665298, 1276.9276398290463
3481.171859025955, 131148.89247956502, 673.2120165695778
3482.091397047043, 1901.959652598595, 805.2709403625238
3482.715725660324, 2116.560780829175, 646.1477899301948
3483.593375682831, 2013.8185540211916, 271.04479029216327
3484.2486209869385, 2395.573430567815, 70.41506924197233
3485.1063253879547, 2295.5028443222236, 1264.5755914891572
3485.407519340515, 2295.5028443222236, 1264.5755914891572
3485.953057527542, 2295.5028443222236, 1264.5755914891572
3486.7090334892273, 2435.0684556652395, 792.6028320627006
3487.5846889019012, 222.8999275842001, 1656.9005450087275
3487.8699254989624, 222.8999275842001, 1656.9005450087275
3488.6099445819855, 1862.883858636308, 800.12625862884
3489.1445124149323, 791.2550089231636, 558.3504156825918
3490.130871772766, 2741.738850953855, 1005.225942606586
3490.6006150245667, 2205.6652979649157, 626.5236440378881
3491.1152369976044, 1936.3447277120943, 866.3019866449491
3494.1301641464233, -19231.939243016997, 1472.8612990379547
3495.1673862934113, 1306.7916471478418, 1336.1095770624281
3496.09490442276, 247.10523083653095, -3314.475831439563
3496.672358751297, 307.60919186483665, 57.38885461827072
3498.5890724658966, 164.17219177902427, 1351.3622756120192
3498.868324995041, 164.17219177902427, 1351.3622756120192
3499.3789699077606, 164.17219177902427, 1351.3622756120192
3500.1498930454254, 2410.060507647115, 72.7184768320227
3501.1292707920074, 2932.7362729646225, 63.21221470613933
3501.5940277576447, 3155.895575196706, 298.53399876853007
3502.144553899765, 2571.8916623638743, 135.57269080878768
3503.116949558258, 2566.4323397648686, 724.2951732694621
3503.5697371959686, 3252.4340883676387, 395.2364181499274
3504.1536865234375, 2110.4763849920437, -25196.59369116811
3505.0891847610474, 2612.556763497802, -15.871097197143856
3505.622754096985, 3206.862226887981, 35.23819050586702
3505.895025253296, 3206.862226887981, 35.23819050586702
3506.6500034332275, 1430.530026156311, 18.2221299391248
3507.5665488243103, 2686.9573986342098, 106.45428561420044
3508.0382857322693, 1481.4953841629251, 333.5043655435652
3509.244057416916, 3720.6678018206358, -46.35867089600094
3510.654281616211, 2754.967813246784, 438.5985840245989
3511.687515258789, 3005.527765091958, 701.1972093493898
3512.6210267543793, 2588.50231874893, 55.69409868857199
3513.1426198482513, 799.4712709501808, 246.2680168804745
3513.417881965637, 799.4712709501808, 246.2680168804745
3514.15989613533, 2797.0937325454993, 31.440961766548924
3515.1342873573303, 2754.469204566702, 164.80641813405785
3516.160539865494, 2374.782530749211, 98.78854427862908
3516.895570755005, 2374.782530749211, 98.78854427862908
3517.401218652725, 2374.782530749211, 98.78854427862908
3518.165172100067, 2658.138889447357, -1919.6100578256005
3519.1375687122345, 2006.4426555136145, 349.4978317475726
3519.6541867256165, 2632.2224279719962, 772.5197560308898
3520.649521589279, 3411.421115090084, 665.6135676528395
3521.1312308311462, 2581.0735648275704, 65.94972490460758
3521.6538319587708, 3224.127513566591, -48.123776243564
3522.622238636017, 2606.5808183468143, -828.0272333025388
3523.0999603271484, 2717.8515879840866, 131.98343885637942
3523.5986239910126, 2827.4877206539095, 546.8820948772038
3523.855934858322, 2827.4877206539095, 546.8820948772038
3524.3865144252777, 2827.4877206539095, 546.8820948772038
3525.148474931717, 2508.215482111457, 69.3066431215065
3526.050060033798, 3258.1488160464023, -5770.171010138265
3526.5616908073425, 2275.947618023825, 141.20509448221594
3527.222920656204, 2919.6077592963543, 162.53867300660448
3528.13547706604, 2558.1241783532732, 2.532344258500549
3528.588264942169, 3219.2398949384788, 428.1980141587348
3528.880483150482, 3219.2398949384788, 428.1980141587348
3529.673360347748, 3127.6702515900843, 169.70162012771823
3530.414375305176, 3127.6702515900843, 169.70162012771823
3531.139433860779, 3075.9981507190932, 136.5798101241738
3531.413702249527, 3075.9981507190932, 136.5798101241738
3532.1926140785217, 2293.2266789115097, 266.3516308011931
3533.1480569839478, 2790.232833442182, -1403.7602585749387
3534.1184587478638, 1972.7155950979745, 596.2898262466728
3534.605155944824, 3416.7545884274255, 37.13594152995608
3534.9003643989563, 3416.7545884274255, 37.13594152995608
3535.588522672653, 3241.5549312229864, 118.43384646908396
3535.889715909958, 3241.5549312229864, 118.43384646908396
3536.575879096985, 1880.2836767129336, 24.72083594317111
3537.1633067131042, 2420.2406575654013, 281.6006034784627
3537.9142961502075, 2420.2406575654013, 281.6006034784627
3538.6632900238037, 2647.63037040243, 44.27116758918951
3539.6506464481354, 2050.5539556027825, 216.6280246113455
3540.1353476047516, 2071.040494377825, 136.59729399689294
3541.109739780426, 2928.953662958552, 556.8275686664635
3541.6492953300476, 2654.383875516231, 602.97084444106
3541.9365260601044, 2654.383875516231, 602.97084444106
3542.656598806381, 3025.8475633759836, 179.01489444095773
3543.6589136123657, 2684.8183170358316, 608.4325753521924
3544.677188396454, 2936.802330718752, 42.147530399555
3545.6874837875366, 3909.1907390613737, 636.3699086607309
3546.673842191696, 3949.968320314521, 574.2107861222944
3547.6841366291046, 3349.314651318249, 319.27318427463814
3549.684783935547, 2769.1084149648714, 222.57479440913025
3550.6631605625153, 2508.724289511556, 335.8214493495453
3551.6904113292694, 2973.4776355108042, 269.52349000668016
3552.436413049698, 2973.4776355108042, 269.52349000668016
3552.91313624382, 2973.4776355108042, 269.52349000668016
3553.6302173137665, 3035.2567525139343, 141.4004402425513
3554.148827791214, 2420.88700088766, 326.8992710614942
3555.150146484375, 2452.1445725433473, 436.2361263174599
3556.681048631668, 2907.5338697002644, 4.953496584403208
3557.4170773029327, 2907.5338697002644, 4.953496584403208
3557.943667411804, 2907.5338697002644, 4.953496584403208
3558.4024403095245, 2907.5338697002644, 4.953496584403208
3559.161406993866, 2580.9668029635336, 53.61497175030572
3560.1268219947815, 2267.1562074982644, 253.3813993203046
3560.6344633102417, 2942.473390981311, 116.53088478601822
3560.9336626529694, 2942.473390981311, 116.53088478601822
3561.639772415161, 3115.4255825129735, 23.903626116670107
3562.188303232193, 2394.39237041864, 394.1947856019256
3563.151723384857, 3931.747651934345, 172.8648731189933
3564.1241211891174, 1528.0614548586166, 17.63693517385728
3564.6347527503967, 2480.1922870698013, 264.8058770511679
3565.1603453159332, -195175.0943426595, 32.935759813322115
3566.169643640518, 2562.067308440596, 135.2997854961915
3566.941576719284, 2562.067308440596, 135.2997854961915
3567.694559812546, 2334.463229504424, 100718.83921997975
3568.4475450515747, 2334.463229504424, 100718.83921997975
3569.763022184372, 3724.4233785999086, 259.6784375244811
3570.5070304870605, 3724.4233785999086, 259.6784375244811
3574.1632413864136, 3782.7988480184854, 93.80047966543665
3575.209440469742, 2845.6895072648836, -191.34352254618295
3577.1756632328033, 3766.896508107021, -154.68496546930183
3577.956573009491, 3766.896508107021, -154.68496546930183
3578.452245235443, 3766.896508107021, -154.68496546930183
3579.1433956623077, 2472.7028928287586, 110.60168128418603
3580.1776266098022, 2612.61472162027, 321.04765086942257
3581.19091296196, 2802.7940344041936, 369.73097500022413
3582.1742792129517, 3590.0450103728176, 328.9725114449277
3583.109775543213, 1802.1267687141, 784.3345309106583
3583.373070001602, 1802.1267687141, 784.3345309106583
3584.1469991207123, 2607.5187019809537, 1615.4733901252962
3585.666928052902, 2723.1366708475157, 426.71046696821645
3586.642317533493, 3215.0313988385437, 153.92867310520808
3587.165915966034, 4390.115261442137, 311.9557356351777
3588.6489446163177, 3112.387920472167, -425.096133226969
3589.1725437641144, 3052.999753720361, 462.25128193926616
3590.181839942932, 2616.7332431957248, 84.49223287111263
3591.146258354187, 2716.7829868350163, 157.97098325653252
3592.146579027176, -10861.864283492321, 535.400787920052
3593.1808104515076, 3492.8835527868987, -56.68921079763223
3594.184134721756, 2362.196658620562, -1016.4950971895922
3595.118622303009, -144128.16940041835, 191.41336979919467
3595.4108402729034, -144128.16940041835, 191.41336979919467
3596.197733640671, 2432.757167659892, 336.64795388200946
3597.178108215332, 2511.206366387492, 326.5285291095311
3598.1664612293243, 3496.9583081046258, -1451.0628658401322
3599.1358659267426, 3858.120937975847, 402.4170575147516
3599.6784126758575, 3943.2751310550075, 101.09188271422991
3600.4722876548767, 3943.2751310550075, 101.09188271422991
3601.2053258419037, 2608.415718793589, 208.91308389532637
3602.1727361679077, 2551.2093127640355, 103.65916422282257
3603.176050186157, 2900.2269540220113, 163.00206113489287
3604.700966358185, 2605.225316837558, 57841.02742884652
3605.465917825699, 2605.225316837558, 57841.02742884652
3605.9655804634094, 2605.225316837558, 57841.02742884652
3606.4083938598633, 2605.225316837558, 57841.02742884652
3607.7079150676727, 4297.750884061688, 273.6445482678044
3608.6394217014313, 2766.0453538054126, 282.5959122947306
3608.964550256729, 2766.0453538054126, 282.5959122947306
3610.6590135097504, 3476.59537684231, 124.5123493115845
3611.650358915329, 1992.3990028974472, 376.32665286126115
3612.65167760849, 3226.5434479801424, 536.7981194769183
3613.6420273780823, 3951.941344867498, 548.4026344667229
3613.962169408798, 3951.941344867498, 548.4026344667229
3614.677255153656, 3164.397017605037, 51.72901247609052
3615.627711057663, 3377.164201692751, 139.08064433440393
3616.1632766723633, 2793.4827483686, 390.6833031237891
3617.1596088409424, 2725.563143189806, 100.35963485242276
3618.1838665008545, 2247.2044949428873, 71.21894227639056
3618.910919904709, 2247.2044949428873, 71.21894227639056
3619.6808590888977, 2526.707335388599, -472.6478020524259
3620.606380701065, 3340.8468624141756, 213.839611685043
3621.148927927017, 2612.6311460538404, 131.14816930172114
3622.1472544670105, 2666.6786844026296, 389.11354656708164
3623.1535601615906, 777.042819193335, 63.02142859739107
3624.621630191803, 2426.6039714398553, 303.3126466498756
3625.16716837883, 2700.439124022315, 552.6738695153309
3626.119618654251, 2187.519849618672, 470.2704206424959
3626.6432180404663, 2574.924657808706, 321.8854289568489
3627.1488642692566, 2826.085670806669, 82.3670660969067
3628.1422049999237, 2796.8769174753925, 23.23651552940857
3628.665802001953, 3345.33640520757, 245.00548636112032
3629.6162583827972, 1438.0687525757223, 243.03585239264976
3629.8955092430115, 1438.0687525757223, 243.03585239264976
3630.4041476249695, 1438.0687525757223, 243.03585239264976
3630.893836736679, 1438.0687525757223, 243.03585239264976
3631.7056629657745, 2586.946983677466, 216.77756994962763
3632.648138999939, 3561.5916076281983, 93.03803429702425
3633.213626384735, 3598.2519817279335, 254.34868709462359
3634.2109549045563, 3539.6710538782713, -734.1221053678061
3635.183353662491, 3862.9741449405, 258.77715892834937
3637.718563556671, 2818.7639508732254, 366.14354360688725
3638.6740067005157, 2835.4650226113627, 122.4494211233728
3639.473865032196, 2835.4650226113627, 122.4494211233728
3639.9805071353912, 2835.4650226113627, 122.4494211233728
3640.746455669403, 3679.6990868027474, 44.24451817902224
3643.1520159244537, 2929.3382268193272, 454.9998280240811
3644.1363813877106, 2683.871364188936, 420.7713836993303
3644.3966839313507, 2683.871364188936, 420.7713836993303
3644.8893642425537, 2683.871364188936, 420.7713836993303
3645.623399734497, 3757.7035156754764, 169.33534084870692
3646.1679413318634, 2765.380814385867, 76.2186691125233
3646.9368817806244, 2765.380814385867, 76.2186691125233
3647.594122171402, 647.6690588682408, 197.5034952460211
3648.2024936676025, 2430.628492232697, 865.0268477664088
3649.194836616516, 2584.700334683312, 772.0632054055408
3650.2151067256927, 2452.8756448818663, 635.2493965570006
3651.1605751514435, 2450.971157815848, 192.26868261148903
3652.1798441410065, 2156.3992124643364, 400.54934633817066
3653.1173350811005, 2302.7226796704863, 285.40680491015775
3653.570122718811, 866.9314743845151, 144.13035602037567
3654.15655374527, 59.67474229764531, 171.49220800941418
3655.1528837680817, 2549.6013229573796, 807.6004785191254
3655.9188344478607, 2549.6013229573796, 807.6004785191254
3656.3965544700623, 2549.6013229573796, 807.6004785191254
3657.140563249588, -514673.73026531143, 137.27531206924397
3657.6472070217133, 2389.3014054879427, 487.4869623774089
3658.4779822826385, 2389.3014054879427, 487.4869623774089
3659.1820964813232, 1016.1672696977774, 936.4615383057537
3660.1325521469116, 2307.199110456241, 103.2861284054234
3660.690059900284, 2434.3900009149165, 808.0915879750452
3661.6564729213715, 2379.1480277209503, 341.1311409615526
3662.602937936783, 2345.0227341921664, 222.30974476455043
3662.892162322998, 2345.0227341921664, 222.30974476455043
3663.59627866745, 8541.401362832361, 97.40986583074401
3663.914426803589, 8541.401362832361, 97.40986583074401
3664.6374895572662, 1995.8105596953578, 37.86914842937796
3665.1471252441406, 1892.460221697692, 322.57975937066703
3666.162407398224, 2424.442274646177, 850.6859472678641
3667.151757955551, 2396.143718401721, 396.6837541161102
3668.1660435199738, 2315.1137430739604, 267.2130901409758
3669.158385515213, 2413.2014967591376, 809.6003624468037
3670.1995985507965, 2118.0000708487296, 339.00978544531387
3671.1919412612915, 2570.000006980043, 723.1215584200472
3672.1543645858765, 2055.813668145796, 95.23828561858359
3672.753758907318, 2380.5754857545267, 792.9352602621791
3673.4538855552673, 2380.5754857545267, 792.9352602621791
3673.9705011844635, 2380.5754857545267, 792.9352602621791
3674.686584711075, 2315.4591445060346, 201.79829951494818
3675.650004863739, 1844.3944268015412, 397.95880075353597
3676.6233987808228, 2306.543421054173, 267.4353379289927
3676.882703781128, 2306.543421054173, 267.4353379289927
3677.616738796234, -7147.227933192593, 122.38135018488913
3677.8860173225403, -7147.227933192593, 122.38135018488913
3678.6011052131653, 1972.1810243091536, 318.4221664540202
3679.241389989853, 2644.4746157620893, 897.0480381253776
3680.2716314792633, 2588.317262186096, 504.5413380140658
3681.2420337200165, 2553.371855895875, 376.27712780570795
3682.0977432727814, 1627.372697196726, 229.90313749394596
3682.3660237789154, 1627.372697196726, 229.90313749394596
3683.2346980571747, 4548.2532745032895, 72.1737623023531
3684.185153722763, 2322.0325217086283, 253.9870589472679
3685.1136655807495, 2088.542264750474, 101.42632697187638
3685.413862466812, 2088.542264750474, 101.42632697187638
3686.643570661545, 3100.6418953842326, 284.46531803921
3687.161184310913, 3526.473020427601, 130.5266964100685
3687.8832516670227, 3526.473020427601, 130.5266964100685
3688.4048552513123, 3526.473020427601, 130.5266964100685
3689.220670223236, 2644.0333039963098, 644.7182874701277
3689.9776442050934, 2644.0333039963098, 644.7182874701277
3690.6318912506104, 820.8712683770171, 419.82522085752726
3691.17244553566, 2270.1997914077483, 324.259163252648
3692.1917164325714, 2412.175164268576, 159.64849479511994
3692.9307363033295, 2412.175164268576, 159.64849479511994
3693.573018550873, 2427.847638526242, 340.7573094070351
3694.111575126648, 1687.0199613727877, 181.33820012099284
3694.357916355133, 1687.0199613727877, 181.33820012099284
3695.6903491020203, 2328.003959327775, 345.941434792085
3696.5979194641113, 3205.4848556472916, 181.65511445410945
3697.200305223465, 2386.39315057624, 842.9414895735106
3698.1806812286377, 2554.557024732274, 671.2833521000837
3698.9526143074036, 2554.557024732274, 671.2833521000837
3700.160379886627, 1968.0396796288003, 324.8549925090593
3700.966222047806, 1968.0396796288003, 324.8549925090593
3701.687291622162, 4389.785896588998, 44.678859535405344
3702.6527066230774, 1906.8196524385528, 312.24202041537586
3703.575237751007, 2594.6927088059524, 143.61369755994218
3704.1606698036194, 2359.1331426932807, 481.0152343707326
3705.1560044288635, 2521.1638774144863, 642.3365745066005
3705.9448924064636, 2521.1638774144863, 642.3365745066005
3706.6649644374847, 2713.039042156381, 38.87556077175627
3707.597467660904, 421.9828004409608, 127.59335028338477
3708.1489913463593, 2501.9279495612395, 134.95999574176747
3708.966801404953, 2501.9279495612395, 134.95999574176747
3709.416597366333, 2501.9279495612395, 134.95999574176747
3710.1007647514343, 2476.1327608795473, 120.35971310649481
3710.5804805755615, 4091.7850009565623, 30.107027808566674
3711.2457010746, 3827.7503807574853, 30.512373354453548
3712.1672327518463, 2081.045677804343, 120.05380194199164
3713.154589653015, 3789.4069105051553, 27.95281362040905
3714.1788465976715, 2645.6198640148323, 888.3066688397718
3715.198118209839, 2581.9375229919024, 786.8484575016006
3716.1336126327515, 2314.899516220572, 279.81348647397067
3716.399901151657, 2314.899516220572, 279.81348647397067
3717.1718327999115, 2322.635338045144, 114.13162753686879
3719.1375691890717, -377745.07602740324, 117.33367154489305
3719.7329757213593, 667.1986014472677, 797.217744267139
3720.6824328899384, 2641.867167477123, 628.7626887811822
3721.6109471321106, 2230.0121748864185, 143.9259237027315
3721.885214805603, 2230.0121748864185, 143.9259237027315
3722.6322135925293, 2261.8987617514044, 313.73484766646027
3723.461991548538, 2261.8987617514044, 313.73484766646027
3724.18306183815, 2504.4190186204064, 835.9976278833241
3725.2192873954773, 2499.0094101550058, 778.9708786664162
3726.1926803588867, 2249.0006408144177, 196.62423599451694
3727.205966949463, 2457.6161715592552, 59.024730067220986
3728.162406206131, 2485.573079178159, 911.5283003724628
3729.2485003471375, 2575.8470387898064, 73.70406890564368
3729.9725613594055, 2575.8470387898064, 73.70406890564368
3732.143748521805, 2493.1720385657077, 751.4396509604283
3732.653383255005, 2306.53258935786, 255.13279800545874
3733.2408106327057, 2267.1872276118766, 257.87663399849185
3734.264070749283, 2312.7604836345754, 425.7857815641819
3735.265388727188, 2302.5672414342316, 266.19994151806947
3736.2268154621124, 2401.6115655872404, 779.8266328621288
3737.1682946681976, -285180.5355936582, 30.775704979357997
3738.1626312732697, 2294.9421018769276, 123.73004978308511
3739.107103586197, 3814.5499246146946, 31.84453349155807
3739.642669916153, 2294.154151214266, 307.0933865271837
3739.958822250366, 2294.154151214266, 307.0933865271837
3740.565199613571, 1590.89759773615, 161.3313875464222
3740.8693840503693, 1590.89759773615, 161.3313875464222
3741.3670518398285, 1590.89759773615, 161.3313875464222
3741.871701002121, 1590.89759773615, 161.3313875464222
3743.1403048038483, 2209.0398337375955, 206.85567693516927
3743.3746778964996, 2209.0398337375955, 206.85567693516927
3744.209442138672, 2296.688553661617, 378.4966689115768
3745.1559085845947, 2282.0585213305953, 230.3217981053944
3746.2689292430878, 2367.0083741151366, 404.9152038815231
3746.9710490703583, 2367.0083741151366, 404.9152038815231
3747.497640132904, 2367.0083741151366, 404.9152038815231
3748.210729122162, 2442.6333895878965, 88.10509198997778
3748.881931781769, 2442.6333895878965, 88.10509198997778
3749.6628403663635, 2337.056061187621, 265.6177690576731
3750.4457445144653, 2337.056061187621, 265.6177690576731
3751.204712152481, 2404.3206372910035, 28.010946827844485
3752.174118041992, 2382.2579123081673, 279.3722720817063
3752.8882052898407, 2382.2579123081673, 279.3722720817063
3753.40083360672, 2382.2579123081673, 279.3722720817063
3754.1817421913147, 2392.5017966760356, 286.60401685641534
3755.1371834278107, 2471.6960373697325, 125.03002200699494
3755.6916987895966, 2547.8562332324627, 796.5738251120063
3756.667087316513, 2460.5617711573836, 598.027415251339
3757.463953733444, 2460.5617711573836, 598.027415251339
3757.9506525993347, 2460.5617711573836, 598.027415251339
3758.5989153385162, 2505.63760458482, 252.93045641335559
3759.1713814735413, 2451.519393300454, 577.5237892696382
3760.2365307807922, 2594.019588343459, 396.123569764493
3761.1600580215454, 1052.7868529945913, 216.13438833679223
3762.181324005127, 1924.4177892707226, 373.03794188267415
3763.69327545166, 2640.121708170705, 527.8807570238483
3764.714540719986, 2561.7462442784563, 283635.4234135209
3765.6380684375763, 653.8562979498749, 184.75905740482483
3766.2364659309387, 2410.8565692853454, 844.8871814602437
3767.150019645691, 2103.5035818114716, 893.7476367827499
3767.902006149292, 2103.5035818114716, 893.7476367827499
3768.6460156440735, 2250.776799966724, 332.82776886054955
3769.000066757202, 2250.776799966724, 332.82776886054955
3769.6553118228912, -512530.02167778596, 162.904905494784
3770.7214572429657, 2329.011030339927, -99.3948491015294
3771.517326593399, 2329.011030339927, -99.3948491015294
3772.1795525550842, 2462.312024478998, 208.527601541114
3773.1609256267548, 2497.5139493471916, -342.29029135280666
3774.195156812668, 2627.0937890750265, 884.9443647023736
3776.1608922481537, 2481.37422819488, 579.541818375662
3778.6232998371124, 2716.823658028855, 546.14061648849
3778.92249751091, 2716.823658028855, 546.14061648849
3779.6385803222656, 2585.5951665071443, 799.8532682266512
3780.1821246147156, 2475.5401687479416, 169843.61267213855
3781.187432527542, 4161.7547292056115, 66.07698690838606
3782.0760543346405, 2476.1574412440164, 205.40944737585642
3782.6126177310944, 2310.0869588160986, 207.99049412916014
3783.1122789382935, 3089.6202967412387, 67.89645930965703
3784.1893949508667, 2581.414095072411, 805.7500354888197
3784.9643199443817, 2581.414095072411, 805.7500354888197
3786.6418278217316, 2290.521994328647, 246.23389444619582
3787.6022572517395, 1585.6066019637224, 94.63774316556442
3788.1348304748535, 1989.8218445986472, 102.83695228953707
3788.37718129158, 1989.8218445986472, 102.83695228953707
3789.6906657218933, 2602.540006080465, 898.2492913437385
3790.6291513442993, 1378.2057446251588, 186.92282483630353
3790.911395549774, 1378.2057446251588, 186.92282483630353
3791.6534094810486, 2272.797124470921, 381.8937511519042
3792.5869104862213, 1911.2157860933507, 249.48030293890739
3793.204256772995, 2637.910341567216, 888.6074323270585
3794.1726644039154, 2509.9118640450365, 468.4458079774
3795.0592908859253, 1145.0074891137074, 330.96634824210645
3795.585879087448, 2227.8491335333792, 180.55879569620123
3796.182281970978, 2554.381074705115, 848.5761997808348
3797.0479650497437, 1716.8550068825182, 36.7773746760682
3797.687251806259, 2708.608944449018, 722.1113889239625
3798.658652305603, 2417.8334397085086, 573.72435868834
3799.6958751678467, 2317.9376899005847, 424.68199541758855
3800.6912100315094, 2453.472074498639, 889.9082965869648
3801.7802929878235, 2558.0992374720886, 448.2928045182442
3802.5811483860016, 2558.0992374720886, 448.2928045182442
3803.123697280884, 2576.022293195201, 619.9131892500322
3803.421897649765, 2576.022293195201, 619.9131892500322
3804.186849594116, 2515.625703239923, 795.8967375327753
3805.6842839717865, 2406.112332483139, 892.577890638073
3806.6257634162903, 4081.385522702145, 1600.3633157510153
3807.181275844574, 2210.442286538884, 270.9000541361342
3807.9392483234406, 2210.442286538884, 270.9000541361342
3808.711179256439, 2610.4480342695765, 193458.59334133082
3809.638695001602, 2303.041844927901, 229.50011748559635
3810.0904858112335, 769.764446508256, 61.028434547780876
3810.6180732250214, 2297.852549787219, 376.2541337603215
3810.9561684131622, 2297.852549787219, 376.2541337603215
3811.482757329941, 2297.852549787219, 376.2541337603215
3811.9694559574127, 2297.852549787219, 376.2541337603215
3812.7334101200104, 2486.0177154135417, 450.03238091061235
3813.6589303016663, 3400.424181928625, 186.41450809007736
3814.688175678253, 2699.0930774277685, 839.442214097501
3815.461105823517, 2699.0930774277685, 839.442214097501
3816.1722021102905, 2264.6397532774395, 159.74512557315623
3817.134624481201, 3850.992190197253, 31.355585506175093
3817.681161880493, 2310.374055047354, 301.0307477296512
3818.698436975479, 2373.863089289366, 800.9844128455456
3819.5671117305756, 2069.0769125675124, 24.9998345914234
3820.166506290436, 3032.35532075221, 609.3478988278853
3821.150869846344, 2393.048483176325, 98.69178353409067
3822.0963385105133, 2343.2138031400746, 249.68810146620922
3822.635893344879, 2449.509526999115, 574.5297103878876
3822.9450674057007, 2449.509526999115, 574.5297103878876
3823.6501784324646, 2651.8371100300324, 934.6035823807914
3824.645512342453, 2319.581743085494, 222.4856859638665
3825.6498239040375, 2273.56183541617, 383.77266650462263
3826.1634488105774, 3704.748528942767, 714.5802715285455
3827.1488122940063, 2422.634932688231, 473.68380961091026
3828.168080806732, 2384.731808795242, 805.6911442886889
3829.234226703644, 2450.537428767222, 549.6957271980551
3829.9552958011627, 2450.537428767222, 549.6957271980551
3830.683856487274, 2469.815735104437, 1143.1593225904228
3832.0861020088196, 7117.569184380292, 54.88833798451497
3832.36834692955, 7117.569184380292, 54.88833798451497
3833.0993888378143, 2672.3580269264153, 727.2788448675396
3833.433495283127, 2672.3580269264153, 727.2788448675396
3834.259283542633, 2157.9950410358574, 69.02914244881333
3836.5710928440094, 2281.1266987747467, 117.71965715321197
3837.230327606201, 2357.356454924479, 451.79957940563133
3838.1528584957123, 2611.5601440715586, 635.8502390978934
3838.6156187057495, 2251.239115789381, 149.00667548690924
3839.2728583812714, 2365.3916751009565, 828.9774604878882
3840.222318172455, 526.1231764556308, 770.4669280306337
3841.133875846863, 1650.2367780063514, 204.06639783195698
3841.801089525223, 2576.482812880879, 863.7496884869914
3842.7286055088043, 2307.640732853918, 664.5095745822446
3843.6002717018127, 2078.658536361856, 257.8152645143863
3843.8835146427155, 2078.658536361856, 257.8152645143863
3844.6823737621307, 2561.3512059529526, 442.5188701321168
3845.747522354126, -290700.58854906977, 305.5398909483178
3846.504494905472, -290700.58854906977, 305.5398909483178
3847.1776921749115, 2408.813952832878, 937.2136329339847
3847.933669090271, 2408.813952832878, 937.2136329339847
3848.661719083786, 3246.317106002629, 1049.656670343525
3849.6490767002106, 2293.1575625210853, 83.69432287898118
3850.1936168670654, 2615.518618163207, 440.8709277755877
3851.1171448230743, 2351.212799721687, 312.4321444972231
3851.672658443451, 2520.016628345992, 171.01243560845063
3852.6540291309357, 2483.441918452299, 536.5303154525203
3853.698234319687, -908.5739943629843, 917.5629588940801
3854.7354559898376, 2594.344337247982, 646.4919990496411
3855.7008712291718, 2439.5919468277652, 1361.5700877005231
3856.650328397751, 2069.9517120481023, 740.4661363278483
3857.4252548217773, 2069.9517120481023, 740.4661363278483
3858.186215877533, 760.8487972664176, 158.65042678583927
3859.2423889636993, 2594.6931227738146, 868.6522020173817
3860.1818721294403, 2351.8898300277388, 500.07780681741815
3861.2729501724243, 2582.869764648921, 651.479641247527
3862.003993034363, 2582.869764648921, 651.479641247527
3862.637298107147, 2415.2296876781948, 74.3186409845604
3863.2446711063385, 2604.6104921434694, 754.5163147232373
3864.1751799583435, 2475.9522579192176, 905.5779713440617
3865.6562144756317, 2408.7337271985466, 66.19036902193389
3866.542840719223, 2425.775331981181, 242.2749997679414
3867.2868490219116, 2384.90949453096, 593.4186000607709
3868.1874368190765, 2394.718163384182, 467.48727639426085
3869.1608300209045, 2087.991976966243, 342.0183298907206
3869.888881921768, 2087.991976966243, 342.0183298907206
3870.4254438877106, 2087.991976966243, 342.0183298907206
3871.219319343567, 5640.1081358372485, 104.26823775232457
3872.1578052043915, 1902.3530475544405, 315.79807060853057
3873.1820628643036, 2314.7462087179833, 202.01806939418793
3874.1833820343018, 3980.2209335661514, 73.21797931636287
3875.2595002651215, 1323.6820224186392, 32.429903895375496
3876.2159390449524, 2623.1121992971707, 897.873403109963
3877.1743733882904, 2190.0522985599873, 66.07838191115198
3878.255477666855, 2458.016212523915, 923.8697846644045
3879.0084614753723, 2458.016212523915, 923.8697846644045
3879.6278035640717, 2874.6863915316426, 139.38155483529764
3880.01775932312, 2874.6863915316426, 139.38155483529764
3880.8445451259613, 3695.773979176881, 446.2213832165375
3881.680307149887, 2593.886537695199, 973.1833136371972
3882.7424640655518, 2191.549847957949, 92.27127599910143
3883.8145928382874, 2072.7264852893895, 476.7580608685728
3884.6712985038757, 3241.651847331856, 233749.94649350437
3885.452208042145, 3241.651847331856, 233749.94649350437
3886.1623060703278, 2514.552069196764, 828.8176845577685
3886.923269510269, 2514.552069196764, 828.8176845577685
3887.6688363552094, 1161.0076345420707, 621.1115311830353
3888.68012881279, 2150.4879130285976, 490.6217627383274
3889.721340894699, 2721.429238152172, 690.9943596919577
3890.4613587856293, 2721.429238152172, 690.9943596919577
3891.194395303726, 1451.3703774505211, 589.1538647535407
3892.0231766700745, 1451.3703774505211, 589.1538647535407
3892.671442270279, 2440.581732831067, 314.77471839026225
3893.7006850242615, 2445.6603288875417, 190.82226115584922
3894.6032679080963, 2318.009523754395, 62.275721336154575
3895.125869512558, 2511.4278254258024, 413.9631498496694
3895.63849568367, -172517.2917734447, 769.9641061792837
3895.904783010483, -172517.2917734447, 769.9641061792837
3896.705639362335, -1301.7014285111645, 642.360660292214
3897.6361470222473, 2306.4918625635128, 18.68946492778465
3898.172709941864, 819.4226270478151, 365.2927671066904
3899.2209038734436, 2476.7114213770196, 880.4523291768279
3900.097556114197, 1490.3465901098552, 128.66531884957405
3901.189633131027, 2208.3281395484114, 759.802423621105
3902.1700065135956, 2278.001709732819, 205.42104827782083
3903.1453969478607, 2433.6542931084196, 80.51038917554354
3903.420659303665, 2433.6542931084196, 80.51038917554354
3903.9133398532867, 2433.6542931084196, 80.51038917554354
3904.62842464447, 2126.753832482219, 306.75651754478884
3904.919644832611, 2126.753832482219, 306.75651754478884
3905.70653796196, 2233.503263808036, 846.4255616545836
3906.4704914093018, 2233.503263808036, 846.4255616545836
3907.22048330307, 2469.3729205375826, 929.1357514276823
3908.1480000019073, 2667.6502073659467, 622.7611750765784
3908.9129514694214, 2667.6502073659467, 622.7611750765784
3909.6270406246185, 4385.221625161314, 56.07293156524536
3910.18554520607, 2427.3084551585152, 366.5703355445937
3911.239721298218, 2153.715610507924, 240.34052060957546
3912.1442997455597, 2203.3239893468053, 443.24144016262386
3913.224408388138, 2468.6635539972017, 905.3272855906524
3914.1718707084656, 2104.2319616734426, 190.3911689588957
3915.120330095291, 2168.0814010766335, 402.14571545616593
3916.6402609348297, 1315.4838920932414, 307.3887231328984
3917.136930704117, 2542.8120266348446, 640.2215968880876
3917.6345987319946, 2390.06656727987, 186.39254322534737
3918.2070665359497, 3729.797370475587, 38.709522932554336
3919.135579586029, 2533.8643982591443, 953.0210792967999
3919.631253004074, 954.681913548386, 258.6060027087318
3920.196738243103, 3297.1295314415725, 139.50921755886745
3921.157166481018, 744.5448972143193, 46.64464356319141
3922.231290578842, 4529.276532374995, 918.1971723316109
3923.138860464096, 2131.8479832235807, 588.5173577404925
3923.6235616207123, 2228.485968908928, 791.2745952314947
3924.3216936588287, 3561.4510564110474, 45.401416935606306
3925.093626022339, 1946.709495251173, 342.9715701765466
3925.6172251701355, -207701.99710949094, 708.5648090430315
3925.93936252594, -207701.99710949094, 708.5648090430315
3926.596603155136, 2139.4943803295632, 82.56237326349434
3927.168071269989, 1619.60292148252, 119.94888144483208
3927.8921337127686, 1619.60292148252, 119.94888144483208
3928.594253540039, 1301.7431613869912, 907.1020769011601
3928.884475708008, 1301.7431613869912, 907.1020769011601
3929.3671839237213, 1301.7431613869912, 907.1020769011601
3930.1022152900696, 4391.699477671836, 372.04733255728854
3930.5869166851044, 3378.8356952128743, 414.2623722502647
3931.123481273651, 2622.022995477892, 771.6399655308212
3931.6161608695984, 3007.7023616837578, 899.5069123245811
3932.1577110290527, 141373.86710628695, 145.22100957336056
3933.173990726471, 2139.429676065577, 450.07552013458064
3934.1852815151215, 2162.131090096485, 80690.89948121672
3935.1297528743744, 3927.897343801962, 106.50668828688286
3935.4090054035187, 3927.897343801962, 106.50668828688286
3936.146031856537, 2064.5281173278836, 836.6070887857837
3936.900013446808, 2064.5281173278836, 836.6070887857837
3937.5881690979004, 2095.618675184435, 194.8544582606764
3938.1067814826965, 527.702633908502, 63.643792089283394
3938.6583049297333, 2298.135539399379, 88.01708936720698
3939.4980561733246, 2298.135539399379, 88.01708936720698
3940.1253759860992, 2390.213615455725, 615.9756899273194
3940.5472469329834, 2258.838787126108, 628.7297910003916
3941.713125705719, 2047.09171927966, 43.478832354804474
3942.6466257572174, 2047.2461304308893, 699.491130922538
3943.6479444503784, 2368.3074350406064, 574.7895626384014
3944.211435317993, 1904.009442177916, 93.07906253380419
3944.932506084442, 1904.009442177916, 93.07906253380419
3945.673520565033, 2412.7841463203827, 310.3033862867755
3946.6828186511993, 2401.9099619584467, 499.73331155072833
3947.6831386089325, 2860.581302138892, 346.62882381377705
3948.6694991588593, 1826.1936110158983, 220.1707760929048
3949.6289291381836, 3482.4630818239716, 95.53206058236384
3950.181450366974, 2771.9027891588453, 425.65771294188795
3951.6086282730103, 2150.618529376834, 144.01316094745567
3952.110285758972, 2756.367195053382, 484.10620167777995
3952.6119430065155, 2307.1892262158767, 422.0330902863073
3953.123571872711, 2386.9853062529396, 673.1963807795131
3953.6152567863464, 3502.006224201434, 891.3242050358605
3953.909467458725, 3502.006224201434, 891.3242050358605
3955.125211954117, 3123.028845345421, 411.3556285794511
3956.1773948669434, 2022.5086980780231, 288.47526555583966
3957.144805431366, 2045.6347435341945, 167.7290937521039
3958.1271748542786, 2895.7469659166927, 64.37000427219567
3958.6308262348175, 2067.8344910953165, 396.4931622171455
3959.137469768524, 2213.404196317031, 245.99053714786018
3959.374832868576, 2213.404196317031, 245.99053714786018
3960.174691915512, 1517.1873538828593, 124.32044129570328
3961.1450934410095, 2012.6058019581794, 35.01827200342965
3961.41437292099, 2012.6058019581794, 35.01827200342965
3962.1434211730957, 1962.1766378893465, 153623.11371912248
3962.5932166576385, 2587.5751050302424, 224.0457143966272
3963.205575466156, 2388.5356148368696, 577.6463042181283
3964.1600222587585, -8641.958205277298, -2746.412907183397
3965.1982412338257, 1848.6479685528757, 637.5802560770211
3966.141714334488, 2137.2469673095115, 506.89197529829244
3967.13206243515, 1261.4344409978512, 808.3246972694503
3967.629729986191, 2673.191146318233, 742.0533547157062
3968.1363735198975, 1721.0278880371086, 260.8846806615981
3968.6539871692657, 2140.895055828218, 898.783782886193
3970.1310334205627, 2127.4360308964187, 328.95206247224303
3970.3713879585266, 2127.4360308964187, 328.95206247224303
3971.1323516368866, 1847.7047661341858, 209.9092957135133
3971.6040892601013, 2357.211651163251, 558.3836831402107
3972.13965344429, 2216.4161074913573, 69.15167491298831
3972.4159150123596, 2216.4161074913573, 69.15167491298831
3973.1599225997925, 2271.173844646158, 279.8611675114586
3974.175205230713, 3239.6068206149016, 164.99092367534146
3975.642275571823, 2595.1158208170673, 719.8769710912451
3975.9075651168823, 2595.1158208170673, 719.8769710912451
3976.6146714687347, 2346.9092248114375, 897.8235013842461
3977.1831488609314, 2506.411340188605, 906.988882075931
3978.1914501190186, 2318.5224411451622, 831.7071904790587
3979.1349234580994, 2475.649570059549, 695.0299947207134
3980.5970089435577, 2086.1765026674125, 419.389308232974
3981.6332342624664, 7570.46948981265, 23.14280608708698
3982.1757805347443, 3683.293944265042, 315.79034831749243
3983.2060248851776, 3817.7823537750137, 188.4239767625887
3984.1913845539093, 3366.681254710385, 397.7199988804119
3985.1159076690674, 2270.111970201917, 271.410083220047
3985.703336238861, 2274.7363047762387, 903.8395287220027
3986.4254019260406, 2274.7363047762387, 903.8395287220027
3987.1863644123077, 3853.9633058531454, 442.4237949068317
3988.1517798900604, 2095.919516406741, 227.49363576287516
3989.1810228824615, 349.0110540172641, 102.34798497471688
3990.222235918045, 2795.221779174564, -474.62188214293354
3991.2225580215454, 1246.1713995465495, 927.5346021397672
3992.181988477707, 3412.636445304073, 78.56151285689222
3993.1483998298645, 2477.5042986806725, 437.8350766476942
3994.1567001342773, 1642.3760352823529, 313.3367477424723
3994.889737844467, 1642.3760352823529, 313.3367477424723
3996.1723034381866, 3140.8060820910378, 391.451441079976
3997.1676387786865, 2550.3953392609315, 895.9806438059127
3997.9405677318573, 2550.3953392609315, 895.9806438059127
3998.677595615387, 1947.7378149899262, 843.2470237574175
3999.648993730545, 2082.4885831412125, 363.66280068313176
4000.165610551834, 559.6505683933605, 208.843530822863
4001.229761123657, 2899.867533190606, 16.428349466096638
4003.588446378708, 2448.4407185664836, 425.81517545466244
4004.710441350937, 2125.741444823121, 924.8961289024874
4005.505313873291, 2125.741444823121, 924.8961289024874
4006.1984572410583, 993.8074432135852, 930.4246787852796
4007.1688594818115, 900.2476358783957, 284.0610560412637
4007.904889345169, 900.2476358783957, 284.0610560412637
4008.724692106247, 2506.814208048185, 812.8490394266024
4009.599350452423, 3322.717311607876, 628.4935859256246
4010.1907670497894, 1827.2642509813586, 142.12968362795624
4011.1731379032135, 2131.171306919004, 309.852733012231
4012.2462639808655, 2512.0850190234064, 911.7448201993797
4013.238605260849, 2721.6954246073724, 41.19055471107456
4014.172107696533, 3522.6709336876966, 661.0332713581724
4015.176418066025, 2700.7629291750927, 849.0696866572778
4016.189705133438, 3979.5108599236664, 904.1147180247208
4017.7076392173767, 2229.5098184328713, 38.35308175852166
4018.4705970287323, 2229.5098184328713, 38.35308175852166
4019.131828069687, 2155.600444274086, 135.38317428016953
4019.6893343925476, 2197.229579810087, 430.0125705237747
4020.639788389206, 2141.521553821073, 275.2166645960012
4020.9449739456177, 2141.521553821073, 275.2166645960012
4021.6371183395386, 1912.61820010888, 427.8307393530942
4022.1976182460785, 1029.138858636853, 776.385573601915
4023.186970472336, 2114.5581624727197, 279.9675312120514
4023.9229974746704, 2114.5581624727197, 279.9675312120514
4024.6620223522186, 653.2046621947369, 25.813093553863936
4025.4020369052887, 653.2046621947369, 25.813093553863936
4026.134076833725, 1793.8239005596165, 497.5148707907428
4026.6337399482727, 2489.061388315019, 859.5638641733822
4026.9309434890747, 2489.061388315019, 859.5638641733822
4028.2304644584656, -272233.0378726066, 229.25756023102684
4029.2078471183777, 3828.9135821166774, 78.9177589414681
4030.230108976364, 3958.2669330108415, 44.057416032754816
4031.6722481250763, 2156.1662211923, 520.8184757421054
4033.1084022521973, 1920.7324110491215, 751.5601795543927
4033.4006202220917, 1920.7324110491215, 751.5601795543927
4033.929204940796, 1920.7324110491215, 751.5601795543927
4034.661245584488, 1546.7362414520846, 152.03291540808974
4035.409240961075, 1546.7362414520846, 152.03291540808974
4036.207106113434, 2369.564721887794, 378.68373556536653
4037.238344669342, 2341.0171208133997, 896.2480760426487
4038.1459152698517, 5790.048311666725, 448.9405253501468
4039.246966123581, 1778.6016411706682, 310.9958302702606
4040.2482850551605, 7822.797544557349, 176.8775453087897
4041.211706638336, 2216.070412712916, 72.38671165440113
4042.184100627899, 3940.926874133864, 239.7729784130712
4043.173451900482, 2069.6370634626574, 110.05807950848974
4044.223640203476, 3786.5763482372845, 43.507428228918194
4044.994575738907, 3786.5763482372845, 43.507428228918194
4047.1148986816406, 2278.7055081056546, 703.6927993749414
4047.3871686458588, 2278.7055081056546, 703.6927993749414
4048.1541154384613, 2409.92496542986, 565.8430145060994
4049.119530916214, 2557.803353368155, 420.35868031767063
4049.415738105774, 2557.803353368155, 420.35868031767063
4050.1457827091217, 3971.5952308883693, 282.3015182301181
4051.177022457123, 2269.281219684357, 819.9681452269012
4052.147423028946, 1993.6830412550032, 319.4467272723828
4053.2115738391876, 2282.019255020365, 163.48936569043417
4054.189953327179, 660.8130823947978, 58.307338153370175
4055.156365633011, 2126.0656318710094, 685.5821293376094
4056.2145318984985, 2860.2893308177736, 859.6972932845947
4057.1440443992615, 2105.1151365443798, 344.26081667344687
4058.1353888511658, 255.5698143786164, 830.4219536346402
4058.6909029483795, 2122.5245116864808, 37.486464388493424
4059.6313841342926, 980.378382324197, 109.1278208267135
4060.1669495105743, 2175.9679508938434, 785.9137613967841
4061.1802372932434, 2282.0553399603286, 739.9394337188356
4061.9182596206665, 2282.0553399603286, 739.9394337188356
4062.6722404956818, -411324.6737083876, 382.77335367875895
4063.6047444343567, 1610.0236777451507, 211.57137318070866
4063.8770158290863, 1610.0236777451507, 211.57137318070866
4064.5093216896057, 2382.356501605461, 59.56183115516288
4064.8563935756683, 2382.356501605461, 59.56183115516288
4065.698139667511, 2436.7776833542116, 913.7904188758482
4066.584766149521, 2398.1651312788354, 488.70014982755583
4067.1153450012207, 1897.7778458327275, 45.887561584128534
4067.6259768009186, 2368.646657465116, 902.2148761894728
4068.1475801467896, 1182.9450412136332, 7861.786227969156
4069.202755689621, -2184.558727604706, -417.2450718549952
4070.176258802414, 2333.1292280044236, 903.3065043374748
4070.948701620102, 2333.1292280044236, 903.3065043374748
4071.665295600891, 1696.5474282102018, 266.59806351109086
4072.3953425884247, 1696.5474282102018, 266.59806351109086
4073.1373546123505, 2153.544706458963, 407.48815134161134
4074.135379076004, 3333.5082098026037, 231.69669198995842
4077.111253261566, 2154.1250979732467, 60.44252802773963
4077.407809972763, 2154.1250979732467, 60.44252802773963
4078.2146508693695, 2326.374218316573, 135041.91272677775
4079.2183797359467, -92844.76486387929, 42.72689427984644
4080.166351079941, 3011.102667204686, 914.6138381756127
4081.1302950382233, 911.1786026471841, 765.073694090569
4082.100697517395, 1716.0322003079998, 228.90855644659794
4082.3420493602753, 1716.0322003079998, 228.90855644659794
4083.174819946289, 3993.025154271925, 64.44273127888316
4084.1452221870422, 2794.571966567653, 186.04575305406377
4084.6359090805054, 3939.569179599754, 510.4961641249903
4084.936104297638, 3939.569179599754, 510.4961641249903
4085.6641550064087, 1712.0218638559456, 46.874232927813175
4086.6664719581604, 1825.4080219810944, 166.35630973542686
4087.6887345314026, 677.4520621510984, 42.29410850715995
4088.6361978054047, 2511.223275131148, 906.1132765150248
4089.146831512451, 1320.5833810785061, 462.7458211070178
4090.577001094818, 1588.1197419281887, 264.63716164498976
4091.111570596695, 679.6683454723077, 93.92755902675466
4091.3748648166656, 679.6683454723077, 93.92755902675466
4091.865551710129, 679.6683454723077, 93.92755902675466
4092.3941371440887, 679.6683454723077, 93.92755902675466
4093.109221935272, 2357.4381411394315, 564.6253164534465
4093.650771379471, 2239.7314393490014, 72.28092240246262
4094.6421184539795, 9047.379754605616, 210.9450803157089
4094.949294567108, 9047.379754605616, 210.9450803157089
4096.61284160614, 3196.219603037847, 185.92743707467355
4097.083579778671, 2631.830854451619, 171.23962085568937
4097.360838651657, 2631.830854451619, 171.23962085568937
4098.219539642334, 3158.133652822094, 425.5135333880244
4099.188942909241, 3666.010797948737, 162.29375756180184
4100.124439001083, 2195.470173279727, 470.4934358469123
4100.691919326782, 2431.688585232821, 29.703028230891338
4101.673598527908, 3119.6692658847705, 134.4480850619494
4102.626047849655, 468.3586252531969, 297.2568242872352
4103.132693052292, -202107.2975263473, 302.5410334331169
4103.384019613266, -202107.2975263473, 302.5410334331169
4104.134010314941, 2420.017763804017, 824.158316662733
4104.645640611649, 2059.611563719367, 813.849564682749
4104.908936023712, 2059.611563719367, 813.849564682749
4105.6010825634, 2621.751436554097, 907.6074379268849
4106.147619485855, 1966.4931806318066, 603.8343792242072
4108.15424656868, 2611.6148017675328, 591.636451886564
4109.106696844101, 2397.068642310772, 17.858275512595018
4109.598380804062, 2327.8196346638038, 231.9272481976556
4110.106022357941, 6121.299651220761, 547.7502584961854
4111.166182279587, 2164.8942305564096, 361.5881071698842
4112.213378667831, 3409.6219394738832, 188.80469326249593
4112.998277902603, 3409.6219394738832, 188.80469326249593
4113.57373547554, 2541.711726691103, 910.5505309217212
4114.102321386337, 20013.970282086688, 152.1176684576171
4114.663818359375, 1419.855343239897, 151.48696776498934
4116.223642110825, 2306.1802981876926, 625.1276813923478
4117.135200977325, 2101.015572706742, 434.8172758095049
4118.15846157074, 1661.0974071430423, 900.5822020825599
4118.924410104752, 1661.0974071430423, 900.5822020825599
4119.619549751282, 1912.737863737248, 746.6048163057278
4120.142150402069, 3787.1569505783796, 236.2434729413526
4121.591269731522, 266.12036758958527, 809.9216240198373
4121.901439905167, 266.12036758958527, 809.9216240198373
4122.38964509964, 266.12036758958527, 809.9216240198373
4123.10572552681, 2107.8594012523117, 511.8504405705967
4123.591425180435, 2118.6401843636118, 346.7222772979067
4123.884641885757, 2118.6401843636118, 346.7222772979067
4124.563822031021, 2128.6694860621187, 167.56258633052465
4125.244998455048, 2289.055900252929, 138.25689158428202
4126.100707292557, 2350.2629086970496, 745.0294839659309
4126.638267278671, 1919.3795337964973, 644.2403573018912
4126.893583536148, 1919.3795337964973, 644.2403573018912
4127.596702098846, 2205.781186810416, 464.3736793395674
4127.875953912735, 2205.781186810416, 464.3736793395674
4128.643898010254, 2414.9289027779887, 616.0020575965608
4129.156525373459, 3939.174153200716, 129.79508603197422
4130.090025424957, 2468.662825936498, 715.3716721601886
4130.586696147919, 2246.789461981058, 273.35833826923675
4131.19806098938, 2274.8226726759995, 902.516421370087
4132.133554697037, 2736.8381230116524, 147990.31758025655
4133.114927530289, 471.3630698845239, 597.5446597000805
4133.610599756241, 432.13475592649445, 594.0200042229148
4133.878881692886, 432.13475592649445, 594.0200042229148
4134.373558998108, 432.13475592649445, 594.0200042229148
4135.155463218689, 2295.5217683076594, 262.6033843381517
4136.123870611191, 1023.8818898295865, 102.95157366543368
4136.3841733932495, 1023.8818898295865, 102.95157366543368
4137.181041717529, 3189.741376964057, 462.4739709088287
4137.908095121384, 3189.741376964057, 462.4739709088287
4138.592261791229, 2541.6260296847518, 420.0455405339907
4139.148772716522, 2184.8308811468196, 929.661989564377
4140.008469820023, 2184.8308811468196, 929.661989564377
4140.583928823471, 865.9011259517752, 68.6131830212171
4140.85919213295, 865.9011259517752, 68.6131830212171
4141.369337558746, 865.9011259517752, 68.6131830212171
4142.130300998688, 1678.499981304138, 250.04985447056183
4142.720719575882, 2138.9939119789024, 886.9796391786292
4143.434806585312, 2138.9939119789024, 886.9796391786292
4144.844033241272, 2165.299956400003, 886.0524670101009
4145.606992006302, 2142.8627445089965, 379.2227451873156
4146.184445381165, 2597.3194400729085, 215.4623113386977
4146.890555858612, 2597.3194400729085, 215.4623113386977
4147.61062669754, 1929.4119301030566, 779.762660115546
4148.140208244324, 2347.588178478372, 906.7807447119768
4149.311074256897, 3609.34196073034, 493.8949986176028
4150.083007335663, 2353.5565398307667, 674.5797414476006
4150.617575407028, 2928.4516735566476, 919.8944487119534
4150.91876912117, 2928.4516735566476, 919.8944487119534
4151.615904331207, 2719.896875581002, 54.12378279518841
4152.066696166992, 1437.758546510197, 42.28166528927358
4152.621212720871, 2564.4901998440605, 315.7148781390922
4153.144810676575, 2471.95120496356, 913.9987411899494
4154.608889579773, 2144.1847799962325, 319.48458348162876
4155.088605165482, 3226.082357212827, 667.6997074253339
4155.721910953522, 3578.3273367358424, 849.6927367750624
4156.421038866043, 3578.3273367358424, 849.6927367750624
4157.127146959305, -328252.16828262067, 700.2062355920539
4157.635785102844, 680.2020783858494, 205.0187713755755
4158.172349691391, -255724.6540695824, 866.7576230989532
4159.163695812225, 1252.9826302134857, 75.51282712945184
4160.141078233719, 23658.709189248777, 227.66301946260376
4160.643731355667, 2355.944883438021, 578.0773299390016
4161.665995121002, 2331.774069513071, 767.5381466685834
4162.659335374832, 2439.9323031122008, 39.39556558720274
4163.41032409668, 2439.9323031122008, 39.39556558720274
4164.138375520706, 2891.3389209320553, 793.2010875962364
4164.395686864853, 2891.3389209320553, 793.2010875962364
4165.115759372711, 2419.806294693216, 596.3888430406657
4165.38503742218, 2419.806294693216, 596.3888430406657
4166.169936180115, 2323.475932679333, 767.7285930746606
4167.105432748795, 1736.011795953178, 281.7846114140631
4167.561210155487, 2058.597208813944, 605.7696225065297
4168.03294801712, 2135.476230696718, 441.8336345671256
4168.587463617325, 3680.06375409294, 43.901804580122736
4170.224081993103, 3970.730659956805, 193.1480177486061
4171.099736213684, 1275.3400737051845, 5914.98239695058
4171.363033056259, 1275.3400737051845, 5914.98239695058
4171.880645275116, 1275.3400737051845, 5914.98239695058
4172.601715564728, -32.36110299786299, 125.22654303311039
4172.887948274612, -32.36110299786299, 125.22654303311039
4173.577103614807, 7621.5663090800645, 283.3675752863305
4174.094717502594, 975.2359358310594, 122.56748772859633
4174.359009742737, 975.2359358310594, 122.56748772859633
4174.8756275177, 975.2359358310594, 122.56748772859633
4175.625619649887, 2258.0336026851214, 279.3490076906046
4176.185121297836, 2403.947749882174, 908.2587705847731
4177.109644651413, 2092.398186626939, 418.5122861522235
4178.049131155014, 1332.1809909642761, 235.47313161418145
4178.32838344574, 1332.1809909642761, 235.47313161418145
4179.153174638748, 1261.7315323150465, 31.97379079497527
4180.134547948837, 2534.5813531014073, 925.2483611903349
4180.609275817871, 2487.947185259618, 541.5678681060904
4181.183738231659, 2334.5989048308193, 858.9949329419934
4181.91079044342, 2334.5989048308193, 858.9949329419934
4182.620889902115, 1982.0935686168389, 196.3945800884427
4183.148477077484, -80137.78870835024, 845.00222103728
4187.101892948151, 3003.261980028969, 157.01393146950346
4187.581606864929, 4341.36482999208, 85.28217268744883
4188.139117002487, 2144.047881260816, 28.06313984144301
4188.567965745926, 1794.0369507058947, 759.3628126879123
4189.14741563797, 2169.954361904485, 659.4083847439207
4190.114826440811, 2048.0645809131624, 843.8178065004325
4190.377122402191, 2048.0645809131624, 843.8178065004325
4191.101183891296, 2204.285554343259, 673.0123949323695
4191.41933298111, 2204.285554343259, 673.0123949323695
4192.160348653793, 2069.1206187829216, 522.6871159670513
4192.8824145793915, 2069.1206187829216, 522.6871159670513
4193.382077693939, 2069.1206187829216, 522.6871159670513
4194.3714282512665, 1042.640368003975, 234.03228192856128
4195.104465484619, 1741.8379803098505, 83.34762865534583
4195.64102935791, 670.710323417044, 767.4259818222286
4196.155651330948, 2606.1739564790714, 284.6376852422111
4197.100121974945, 1148.124247462743, 169.2006166659808
4197.61075592041, 1864.5351983177586, 845.1761570118501
4197.9009783267975, 1864.5351983177586, 845.1761570118501
4198.569189548492, 2396.7735952967632, 394.7418066728301
4199.13866353035, 2362.4281677939475, 997.5440335137876
4199.5894565582275, 2098.6017897630704, 265.03443842931125
4200.090116739273, 1146.0016597031688, 121.04294237536185
4200.578808546066, 52903.24699212864, 153.88724485053342
4201.136315584183, 2131.967347295059, 504.03358237925227
4201.671881198883, 430.1130473547582, 457.2087629743524
4202.57945227623, 2040.115970032779, 238.5066456137897
4203.149925708771, 3039.620591500217, 590.5680354405599
4203.5917410850525, 670.9476370317867, 95.97756691960011
4204.233025074005, 57.25660702575801, -384.3355993645689
4205.103693008423, 1663.257234703174, 777.303067792308
4205.665189981461, 1964.4119218684414, 209.70027393063137
4206.626616001129, 2366.353873568328, 98.24117503512095
4207.157194852829, 1912.427025948457, 123.30989023720745
4208.169484615326, 3343.6919911798336, 329.7856616245371
4209.173795938492, 2295.044036794268, 520.6248405611897
4210.1332268714905, 826.7588043600128, 52.96193423039779
4210.566067457199, 2365.090393767654, 800.0065018655494
4211.058748483658, 2278.0590389905974, 282.39111167225417
4211.353959083557, 2278.0590389905974, 282.39111167225417
4212.139853954315, 3279.4344570123994, 653.8220985895597
4212.892838478088, 3279.4344570123994, 653.8220985895597
4213.594959020615, 1385.9255556580765, 377.81251187375574
4214.091628789902, 2497.9282501327434, 221.0726442855733
4214.575333118439, 2053.1068045520014, 255.9526463043387
4215.630508422852, 2391.9693197000033, 453.5056491691947
4215.909761190414, 2391.9693197000033, 453.5056491691947
4216.388478517532, 2391.9693197000033, 453.5056491691947
4217.119521141052, 2380.9773087309113, 681.63872825826
4217.400769710541, 2380.9773087309113, 681.63872825826
4218.12084031105, 2646.151267751784, 163862.24452002297
4218.619505405426, 45460.86501139821, 81.8266213305756
4219.141109228134, 2161.973324567365, 442.3652512935161
4219.372489690781, 2161.973324567365, 442.3652512935161
4219.873149871826, 2161.973324567365, 442.3652512935161
4220.353862047195, 2161.973324567365, 442.3652512935161
4221.205581903458, 2307.720634797548, 522.1610529333499
4222.161023139954, 2044.3882364268156, 387.5111850347528
4222.894061565399, 2044.3882364268156, 387.5111850347528
4223.398710489273, 2044.3882364268156, 387.5111850347528
4224.076894521713, 1031.2683875073683, 462.35013180188383
4224.637394189835, 295.97734143177723, 50.29418224071943
4224.919637918472, 295.97734143177723, 50.29418224071943
4225.623752117157, 3792.472563453245, 705.2270281456603
4225.906993865967, 3792.472563453245, 705.2270281456603
4226.603130340576, 2369.6573197316056, 581.473166383078
4226.899337053299, 2369.6573197316056, 581.473166383078
4227.645339250565, 3955.6519019092884, -0.824847209484338
4227.93755698204, 3955.6519019092884, -0.824847209484338
4228.411288022995, 3955.6519019092884, -0.824847209484338
4229.087479352951, 2060.7275375545487, 921.5386118227576
4229.584149599075, 2514.971017047768, 506.11544600538707
4230.122707366943, 1859.5567598213165, 463.3466744277657
4230.391985416412, 1859.5567598213165, 463.3466744277657
4231.633663654327, 2291.237093107906, 252.52586193199105
4232.177206516266, 1676.4138339429471, 224348.15908975512
4232.923209190369, 1676.4138339429471, 224348.15908975512
4233.6712057590485, 2051.8933417359212, 316.1525094650358
4234.434164524078, 2051.8933417359212, 316.1525094650358
4235.241004943848, -454442.84680670634, 882.3588609282671
4236.147576570511, 3096.333424245565, 760.1093165035761
4236.677157878876, 2526.029049142008, 447.0690940312385
4237.4062063694, 2526.029049142008, 447.0690940312385
4238.123286247253, 2150.94937805543, 506.0094968696508
4238.645886421204, 1802.9250200695697, 535.0400677929724
4239.401861906052, 1802.9250200695697, 535.0400677929724
4240.126921653748, 1962.2044303516632, 257.80044831000725
4240.933762311935, 1962.2044303516632, 257.80044831000725
4241.713673353195, 1134.5164128771366, 841.8399096078541
4243.631538152695, 1978.6187430257298, 570.4131363051579
4243.917771577835, 1978.6187430257298, 570.4131363051579
4244.641832590103, 14977.74205269824, 108.28034879309052
4245.414762973785, 14977.74205269824, 108.28034879309052
4245.922404766083, 14977.74205269824, 108.28034879309052
4246.422065734863, 14977.74205269824, 108.28034879309052
4246.914747953415, 14977.74205269824, 108.28034879309052
4247.648783445358, 831.0138792355887, 56.92499465173121
4249.154749631882, 2175.9356290711894, 626.6532388104681
4250.631795167923, 509.7422186330504, 59.57013242923768
4251.1254732608795, 2282.6002411271365, 363.1060636674785
4251.605188846588, 909.8031506535532, 911.8726592722805
4251.933310031891, 909.8031506535532, 911.8726592722805
4252.625458240509, 2114.323190175602, 74.98770770890638
4253.169999361038, 4042.302344917057, 83.31742298178087
4254.094524145126, 2043.0828359450388, 255.41255049934097
4254.600170373917, 2388.01928101674, 894.3703215937605
4254.917321443558, 2388.01928101674, 894.3703215937605
4255.6204397678375, 2485.22637776045, 783.3142675721862
4256.210857868195, 2943.308471460983, 90098.6746171891
4257.103468418121, 2414.3113350465856, 594.9727653012053
4257.752728462219, 204.97186268447714, 97.19228302149561
4259.718466043472, 3906.549774373662, 98.15260983517601
4260.606090307236, 1846.8820781373297, 986.7745718078617
4260.902296304703, 1846.8820781373297, 986.7745718078617
4261.389990091324, 1846.8820781373297, 986.7745718078617
4262.189849615097, 3762.6597264124985, 69.86862638417647
4263.579129934311, 2493.2057099291956, 516.9922549929495
4264.138630628586, 2102.3470404230184, 350.7143738991785
4264.663227319717, 2194.311662990923, 348.99843590358705
4265.580770730972, 1371.8349896468637, 165.44243772141965
4266.166202545166, 2535.4203067171525, 830.7161287468992
4267.134609937668, 1436.4247589855406, 302.25439856288267
4268.595698595047, 2363.8495030095532, 446.3795867640568
4268.884924411774, 2363.8495030095532, 446.3795867640568
4269.624942779541, 2236.70704311106, 833.556012211358
4270.200402021408, 1061.437718266182, 868.348175410516
4271.171800374985, 2446.9854359471806, 944.8660896311584
4271.947724103928, 2446.9854359471806, 944.8660896311584
4272.447385787964, 2446.9854359471806, 944.8660896311584
4273.157484531403, -206132.05907739743, 381.6666463363741
4274.193722486496, 1965.9441176901578, 869.7366284182704
4274.888848543167, 1965.9441176901578, 869.7366284182704
4275.38751411438, 1965.9441176901578, 869.7366284182704
4276.208315849304, 161.23600529306228, 174.0093662852418
4277.108904123306, 1657.782695827985, 37.58575948335708
4277.649458169937, 4587.163214786782, 321.8805057088733
4279.215266227722, 3900.892133030734, 17.3351164762431
4280.108874797821, 2744.9238236350725, 278.135032710592
4280.377153635025, 2744.9238236350725, 278.135032710592
4281.144101381302, 2847.672292995392, 432.23568247443245
4282.730851888657, 1221.971291697187, 68.69211267849104
4283.653381824493, 2506.598656783111, 824.0196986977164
4284.618798017502, 2163.633520312639, 874.9882305972817
4285.182288169861, 2222.2734636500054, 54.52675870958852
4286.16764998436, 2345.2391680231394, 135575.08955907996
4287.124089241028, 169187.5914262276, 59.64684872100835
4287.575879812241, 2111.580560260672, 317.7100905402786
4288.10546207428, 2319.786852465649, 643.9822640679838
4288.382721424103, 2319.786852465649, 643.9822640679838
4289.162631511688, 2266.6199905388776, 820.2042131605479
4290.079177618027, 2052.044243834829, 276.14967417439783
4290.339479923248, 2052.044243834829, 276.14967417439783
4291.127370595932, 3915.2097119947075, 71.47875109603343
4291.577166080475, 2486.9108553122446, 426.09022776337093
4292.161602258682, 2343.1663408283393, -3430.3550456216267
4293.211790561676, 2055.7959425720105, 55.8267048391887
4294.133322954178, 2140.7431838735283, 917.8324885153647
4294.674872636795, 1604.5668180162024, 214.3955502983948
4295.445810079575, 1604.5668180162024, 214.3955502983948
4296.142942428589, 2270.4507962650277, 692.4727138686188
4297.132293224335, 1876.9186951146146, 170.98425054391052
4297.406559228897, 1876.9186951146146, 170.98425054391052
4298.095714092255, -1.258331536426617, 326.97433394696
4298.362998723984, -1.258331536426617, 326.97433394696
4298.878617525101, -1.258331536426617, 326.97433394696
4299.579740524292, 1489.0809532654619, 809.8627582223623
4300.088377714157, 1888.0323359565073, 289.8657928083307
4300.588040113449, -2409.5685919161965, 272.7537273737795
4301.180454015732, 2242.684750883667, 898.90174611251
4302.0650861263275, 3355.794395957145, 771.8580241449819
4302.548790693283, 2256.662215295457, 1000.9099216118473
4303.116272449493, 2084.0682699944127, 231.52114850078274
4303.67106294632, 603.5555295615833, 91.50813269982869
4304.593592643738, 2111.080264838557, 709.4032090360719
4305.115197658539, 2190.5276290805805, 526.468544666532
4305.3844747543335, 2190.5276290805805, 526.468544666532
4306.080612182617, 1743.1642846592251, 448.7553369893221
4307.075946092606, 2084.111032262313, 163.77223421802142
4307.594558000565, 2188.7480982678053, 484.0501969194773
4308.154059886932, 2250.4670257292223, 823.3196816009981
4309.585228443146, 992.0017775784889, 106.04423249958472
4309.863482713699, 992.0017775784889, 106.04423249958472
4310.348186016083, 992.0017775784889, 106.04423249958472
4311.210875749588, 664.00084735972, 590.4021999668571
4311.969843387604, 664.00084735972, 590.4021999668571
4312.644038200378, 104163.6285574743, 404.71824125096657
4313.143700122833, 2246.2875483032394, 243.4672997304858
4313.883718490601, 2246.2875483032394, 243.4672997304858
4314.599802494049, 3370.307802349019, 808.5541628440913
4316.173588037491, 2400.5665717603993, 858.0472829953304
4316.901638507843, 2400.5665717603993, 858.0472829953304
4317.668585538864, 3951.339661973964, 133.99269574610108
4320.621679544449, 5134.660561856485, 764.6631270105324
4320.901928424835, 5134.660561856485, 764.6631270105324
4321.412560939789, 5134.660561856485, 764.6631270105324
4322.177513122559, 709.0420971498734, 97.491777539531
4323.147915124893, 2422.0267962139924, 1093.2675518300123
4324.144248008728, 2771.121197040975, 864.9058505611747
4325.652210474014, 995.6228718617928, 888.355407313637
4326.166832685471, 2557.3561330534712, 487.00810474750614
4328.196398258209, 3558.4804361570627, 130.56638594056338
4329.1398730278015, 3330.1410760670597, 284.8067738737532
4330.155153036118, 2405.0375492067683, 897.1336575771327
4331.119572162628, 1755.2471302387005, 757.6432030463784
4331.600284814835, 1895.5905819460656, 242.26238557139794
4332.1717846393585, 2539.50812743791, 575.6367720676957
4333.1950442790985, 3968.772233372341, 81.12751865594021
4334.583328008652, 2386.8069615703107, 540.1845177721868
4335.146818161011, 1837.9314390465142, 457.8805800546332
4335.929722070694, 1837.9314390465142, 457.8805800546332
4336.4523229599, 1837.9314390465142, 457.8805800546332
4337.156436920166, 6336.295073196415, 14.759642065617625
4338.237543582916, 2142.5966441058745, 921.768923721545
4339.176030158997, 3834.838051021529, 786.071868327713
4341.575605392456, 2166.2146561963036, 1100.493080953894
4341.876798629761, 2166.2146561963036, 1100.493080953894
4342.652721166611, 2187.568653973151, 205.24299982903094
4343.539348125458, 2544.055434992802, 339.81604211885985
4344.1118149757385, 1778.5066676629249, 670.0488835593529
4344.369126796722, 1778.5066676629249, 670.0488835593529
4345.114131689072, 1697.2401221769903, 832.12486867309
4345.377426147461, 1697.2401221769903, 832.12486867309
4346.170303821564, 993.1986436395798, 299.4401441262078
4347.140706062317, 2336.6791279414288, 795.7613105528983
4348.1639659404755, 3605.561437306803, 259.36067698677437
4349.259033203125, 4195.629909327828, 6.9241219083782255
4350.1695964336395, 2052.5442378060743, 717.9683722808765
4351.1878707408905, 2092.798881014468, 57.688212361524734
4352.149296283722, 3164.4005565687266, 920.903437664678
4353.125681877136, 888.4532002021153, 818.6221098176508
4353.672217607498, 702.1466785597039, 402.9811392679981
4354.449137210846, 702.1466785597039, 402.9811392679981
4355.182174921036, 2301.1540171744027, 797.142136274478
4356.665204524994, -110591.12878977218, 885.1768407377787
4359.075750827789, 3031.8237025273274, 554.2332552816621
4359.358993053436, 3031.8237025273274, 554.2332552816621
4361.169145107269, 2469.070574688979, 527.5601656125235
4362.229307889938, 2283.3023534811687, 344.41313944945244
4363.171782255173, 1424.6329976847471, 179.05140570087016
4364.161134719849, 2959.4978885406463, 314.0873151151493
4365.181402683258, 2458.2356474636917, 616.1066542490147
4366.164770126343, 2475.9010774409626, 27.13529387184435
4367.18603515625, 2171.4754099585607, 904.7708771672893
4369.1537663936615, 2406.582171372119, 563.3105385226967
4369.901763916016, 2406.582171372119, 563.3105385226967
4370.686661720276, 2362.369320681101, 699.910307061337
4371.699949502945, 2734.2246123678115, 864.5478768218507
4372.453930616379, 2734.2246123678115, 864.5478768218507
4372.917688846588, 2734.2246123678115, 864.5478768218507
4374.162356138229, 2323.53604212567, 475.2722649211515
4374.935285329819, 2323.53604212567, 475.2722649211515
4375.657352685928, 2237.1570622677455, 123.29360903005951
4376.469178676605, 2237.1570622677455, 123.29360903005951
4377.668965816498, 2715.3383463811588, 907.105500871791
4378.617427349091, 2483.4917169156106, 405.47533449209624
4379.178922891617, 2422.903792470831, 716.5322490085015
4380.143340587616, 4516.4349692970445, 88.20976923612311
4381.214471817017, 880.9334776932782, 364.9705179774232
4381.942522525787, 880.9334776932782, 364.9705179774232
4382.594775915146, 3936.7214886012625, 66.13162506528391
4383.095435380936, 2143.638738837465, 766.0919597835923
4383.627012729645, 2440.4029362084248, 633.843660020042
4383.920227527618, 2440.4029362084248, 633.843660020042
4384.616364002228, 2942.170619108205, 32.183067940056375
4386.1532480716705, 3459.3496084189837, 122.08989047236632
4387.131628990173, 2176.6679287478787, 788.6746679124
4387.41187787056, 2176.6679287478787, 788.6746679124
4388.082083463669, 2898.6073705503013, 602.8859994617607
4388.591719865799, 2398.471208699384, 790.5903181662192
4389.208068609238, 2751.031753057444, 941.4964848420408
4390.124614715576, 2638.4427846502676, 569.5803930983593
4390.88058924675, 2638.4427846502676, 569.5803930983593
4391.374268054962, 2638.4427846502676, 569.5803930983593
4392.153183221817, 1442.2086684918117, 544.0235274022788
4393.329034090042, 3927.01326665746, 70.44471863383579
4394.05110001564, 3927.01326665746, 70.44471863383579
4394.599632263184, 2636.625175804123, 801.0892094749564
4395.179080247879, 2837.581330058876, 37.74393916524141
4396.177407503128, 1743.5749051050618, 909.5764615593288
4397.138832807541, 901.9684236100476, 436.37550737879343
4397.433044910431, 901.9684236100476, 436.37550737879343
4398.1271867752075, 2230.9845237695213, 890.5074573218402
4399.122521400452, 1404.5593705975564, 51.938039194715415
4399.575309514999, 2325.1847496828264, -47371.68812163838
4399.89844417572, 2325.1847496828264, -47371.68812163838
4400.705284118652, 2017.9298845017167, 857.2270443872569
4401.622826576233, 2098.631022415717, 346.6141649866621
4402.149416923523, 2253.6537263587893, 923.7737419597156
4403.220548152924, 3756.4768827511693, 835.0314250026444
4404.2248594760895, 2181.6484877429707, 919.7720136884097
4405.232162237167, 3441.4852024940396, 124.01680897683465
4406.110810756683, 1411.6512590192165, 272.71921878598187
4406.415992975235, 1411.6512590192165, 272.71921878598187
4407.64869260788, 3207.4338042252225, 418.16654894053664
4408.607125997543, 2477.5440057289325, 563.4248375154419
4409.140695810318, 943.5360375999211, 489.0762491186193
4409.590492725372, 2375.5827929680063, 383.01762145059524
4411.635348558426, 3094.438000059417, 62.279351964734815
4412.5967717170715, 656.652275525214, 163.77352087285632
4413.152286052704, 857.061034452603, 161.85005269234418
4414.143630981445, 825.5604709767451, 810.3391086446411
4415.15691781044, 2417.322779471293, 151.21059973369935
4416.160231351852, 1944.5711904008122, 279.18499559519296
4417.094728946686, 2318.1017572132023, 590.2381597145984
4417.674176931381, 2401.2796919216307, 104.55969837594611
4419.657865524292, 1621.4558179275493, 866.3559420350856
4420.426807165146, 1621.4558179275493, 866.3559420350856
4421.273539304733, 2167.3920252082335, 192.03024943452166
4422.1252591609955, 2085.148665471333, 349.8531255313819
4422.358634471893, 2085.148665471333, 349.8531255313819
4423.091670751572, 2205.851067505364, 666.7963934286665
4423.654165267944, 2252.069097846968, 493.6896656122781
4424.62257194519, 108992.04804458343, 320.96888443701954
4425.200027227402, 184.49400891624612, 150.1933933470846
4426.0477566719055, 1786.0232454013494, 444.61345346310674
4429.174383878708, -1079.6372177260675, 244.99170297724106
4430.677359580994, 3157.0169141189726, 401.64157461691224
4431.663717508316, 3621.33925471763, 204.90919260168099
4432.456596136093, 3621.33925471763, 204.90919260168099
4433.156721353531, 2500.579116255757, 800.5228369839716
4434.207128286362, 2316.4733670681485, 872.8524831596184
4435.175908327103, 1128.861417466874, 770.7351053982429
4435.901965141296, 1128.861417466874, 770.7351053982429
4436.388661146164, 1128.861417466874, 770.7351053982429
4438.278601169586, 2836.1377661453967, 143.25498108820005
4439.650926589966, 1828.2136569658387, 286.56979105345124
4440.728041648865, 3098.1185283130353, 84.70541672027187
4441.624640464783, 2133.1555477412085, 927.596354302735
4442.209074497223, -278771.54815048014, 582.7715300801922
4442.987990140915, -278771.54815048014, 582.7715300801922
4443.708062648773, 2584.6898844454713, 391.26152556680313
4444.813103199005, 3524.9019395076616, 538.2562739807656
4445.789488554001, 2226.926756326969, 341.57327195106365
4446.700727701187, 2328.7397174195075, 507.60088452989845
4447.774851560593, 3877.0793334238083, 46.47137346361986
4448.653499126434, 832.1469151242484, 137.67445166156202
4449.693712711334, 3907.333078351824, 7.733973659553452
4450.727946996689, 116.42340914340383, 72.99724904672249
4451.625540733337, -149908.56888719034, 777.3413827192662
4452.205985069275, 3971.4605937629794, 21.38302360533057
4452.907108783722, 3971.4605937629794, 21.38302360533057
4453.666076421738, 2299.9040195769926, 811.1542538122998
4455.1929886341095, 2192.6583416086446, 866.3941105040362
4456.699953317642, 22060.39230340329, 916.2945687260594
4457.711245059967, 37925.46097657565, 42.60997744313746
4458.696606636047, 2609.909264417812, 917.12012900345
4459.705904006958, 526.5831001028935, 807.2150890137738
4460.647382259369, 1990.3621732649563, 273.08830044814744
4461.383412837982, 1990.3621732649563, 273.08830044814744
4462.146368503571, 1723.581918164335, 939.2671799083557
4462.432603597641, 1723.581918164335, 939.2671799083557
4462.922291517258, 1723.581918164335, 939.2671799083557
4463.4528703689575, 1723.581918164335, 939.2671799083557
4464.200868368149, -8.225199530937388, 820.4198543439438
4465.122402429581, 2177.1112064733584, 201.63694958925493
4465.615081787109, 2316.8239750542907, 868.1630194807235
4465.933229923248, 2316.8239750542907, 868.1630194807235
4467.1529631614685, 2524.657557033399, 168.74613619554344
4468.197168111801, 3956.8160971875404, 49.750330619454495
4468.970098018646, 3956.8160971875404, 49.750330619454495
4469.686179637909, 2093.7263496486908, 133.92851664616526
4472.196459531784, 2173.7040446695764, 440.0171544959954
4473.123975992203, 2484.432572447981, 257.0327264642545
4473.691148281097, 2573.9272014371268, 886.4979965129963
4474.656562566757, 2111.556318956739, 821.0988625616491
4475.634943246841, 979.1764141632902, 217.10454765425501
4476.372966766357, 9470.870805452016, 463.6865384304762
4478.181124925613, 2839.2524334269756, 803.2801844336706
4479.120610713959, 1610.966548213486, 314.3060408379787
4480.251581907272, 1015.7641387973986, 156.8330110810864
4481.655822515488, 1262.9106970292964, 641.3142048849128
4482.413791418076, 1262.9106970292964, 641.3142048849128
4484.1710867881775, -170643.53555130912, 922.1441019405006
4485.179387331009, 2122.3094088272946, 842.5117362051915
4485.933367729187, 2122.3094088272946, 842.5117362051915
4486.624516248703, 1614.8919523518705, 214.47480118154618
4487.164072751999, 2929.699353912283, 885.0965435492864
4488.216255664825, 2166.7677212947506, 98.61623052753399
4489.125818967819, 3568.173004564925, 299.99924009418237
4489.365178108215, 3568.173004564925, 299.99924009418237
4490.178999900818, 3436.3173317409687, 178.41552456382385
4491.097539901733, 3997.611757964663, 370.7803755679548
4491.5603013038635, 1676.3952086958461, 377.5175065091209
4492.161689996719, 2274.8552800522284, 901.8724110184875
4493.130097866058, 22979.77679307222, 36.42814422941962
4493.64671421051, 2556.035896576308, 812.5549979266736
4493.930953025818, 2556.035896576308, 812.5549979266736
4494.431612491608, 2556.035896576308, 812.5549979266736
4495.169636726379, 1084.7769500275308, 899.2194411822603
4496.393359422684, 668.6895137550499, 442.0531099510621
4497.117422580719, 1694.3719676066848, 699.3627065271545
4497.59913277626, 2220.300152032551, 210.9909784789539
4498.181571006775, 1637.531078258648, 82.78407947869839
4499.710477590561, 2122.644693215005, 232.46056695793573
4500.674894332886, 2490.835005340884, 569.1133850944499
4501.654272079468, 2588.6463135120116, 777.4036448481938
4502.613703250885, 2772.158980429808, 566.076004826951
4503.138298749924, 1906.0730683179997, 63.29338879576884
4504.1785135269165, 2475.7830651840573, 717.6283914349501
4506.12729549408, 2242.2688255893218, 779.6133897749077
4507.762917041779, 696.2375624456083, 45.00559049252057
4508.450076818466, 696.2375624456083, 45.00559049252057
4509.191092967987, 786.4544346074783, 153.0502757388602
4510.168985366821, 995.2062555670883, 799.0684961562656
4510.906012535095, 995.2062555670883, 799.0684961562656
4511.449556827545, 995.2062555670883, 799.0684961562656
4512.232461452484, 681.0847905749981, 1149.3205993661838
4513.2387664318085, 2335.871922311164, 593.0632812341171
4514.169274806976, 2013.262337901448, 400.70501644644304
4514.923254966736, 2013.262337901448, 400.70501644644304
4515.386016130447, 2013.262337901448, 400.70501644644304
4516.1828825473785, 3139.7423672045543, 374.13792592544365
4517.2480318546295, 2778.3455834241763, 205.2749860681768
4518.177540779114, 1139.5852654696346, 354.07002766158126
4519.13298368454, 2247.771775557718, 657.9739408568516
4520.196136713028, 2186.951693607339, 478.5105564725483
4521.176511764526, 2780.965359504923, 305.45109577528194
4522.158881187439, 2720.655424684536, 467.16122436185884
4523.16718173027, 1321.7034827877887, 301.98176239522417
4524.242302179337, 1111.4241335891247, 133.34911025107274
4526.697727680206, 5136.1413670149, 24.03794352825502
4527.646187782288, 1894.637665378989, 274.97771366820956
4528.408147573471, 1894.637665378989, 274.97771366820956
4529.185068130493, 1712.1556176131267, 441.8983302107392
4529.888184547424, 1712.1556176131267, 441.8983302107392
4530.76583480835, 3983.649295834647, 62.8920050965631
4531.553726911545, 3983.649295834647, 62.8920050965631
4532.103253602982, 3983.649295834647, 62.8920050965631
4532.803379058838, 1806.0254108152296, 909.7432381475742
4533.727904319763, 2329.229574229562, 912.4580669436882
4535.771430969238, 2639.595136270141, 514.2325988118599
4536.565305709839, 2639.595136270141, 514.2325988118599
4537.067960262299, 2639.595136270141, 514.2325988118599
4537.524739027023, 2639.595136270141, 514.2325988118599
4539.22718000412, -73623.94095196312, 273.11515391642126
4539.972183704376, -73623.94095196312, 273.11515391642126
4540.907678604126, 3791.855110325434, 161.98234074061853
4541.7534148693085, 789.1373584142407, 58.768621203402056
4542.496425151825, 789.1373584142407, 58.768621203402056
4543.298278570175, 1980.4927030185868, 850.7644343312505
4544.035304069519, 1980.4927030185868, 850.7644343312505
4544.494075298309, 1980.4927030185868, 850.7644343312505
4545.173256158829, 236.67777473907, 588.7334375229655
4545.885351657867, 236.67777473907, 588.7334375229655
4546.8128662109375, 1306.4135340004466, 479.142209862467
4547.728415489197, 1733.4390122957125, 332.26884726343184
4548.82747220993, 2342.508137708374, 856.3027597108382
4552.192462444305, 2008.0245948443735, 376.237120601666
4552.934476137161, 2008.0245948443735, 376.237120601666
4553.763256072998, 2078.2210328325386, 886.6800405700684
4554.476346254349, 2078.2210328325386, 886.6800405700684
4555.212375640869, 2255.4218581931054, 225.79403924219991
4556.126927614212, 2163.9365093888637, 79.14829785231595
4556.3832421302795, 2163.9365093888637, 79.14829785231595
4556.932769775391, 2163.9365093888637, 79.14829785231595
4557.666805744171, 92.07348509116432, 879.5723410982297
4558.626234292984, 2111.00369111758, 50.00145848459692
4559.1378655433655, 2285.6052383338397, 714.6061064646841
4560.260857582092, 281.52025544009985, 877.416570876658
4561.199345827103, 2347.3614104482785, 377.92742945308976
4562.218615531921, 1560.72643978281, 221.83997779764164
4562.920736074448, 1560.72643978281, 221.83997779764164
4563.71361207962, 2651.8446055349173, 952.153878940438
4564.487540960312, 2651.8446055349173, 952.153878940438
4565.253489255905, 2344.903875056729, 73.68071510735946
4566.2298748493195, 2369.3671282687856, 938.8383107482031
4567.222217798233, 2438.603501193152, 888.2281673192505
4568.1766612529755, 1879.1205261696168, 438.3763401009263
4569.215393066406, 572.1268342510327, 907.680923168074
4570.2306752204895, 2120.0459151065916, 803.2895907742355
4571.279866933823, 4068.0865914167407, 633.8583855521516
4572.156517744064, 1582.6436329521982, 154.0523848305361
4575.211338996887, 2553.9552506794676, 76.07256783763874
4577.220957517624, 3986.9894474592634, -365.6610694519703
4577.955989122391, 3986.9894474592634, -365.6610694519703
4578.621208667755, 1354.738734096215, 282.89184525174795
4579.164752006531, 2203.7654484072846, 906.7991575959387
4583.757473230362, 3959.004448666972, 194.78931599039126
4584.673022508621, 2561.498790726109, 545.6696259724148
4585.709249258041, 2170.694465316753, 381.5719493603265
4586.764422416687, 1764.245106566868, 217.6386420839611
4587.780700922012, 3978.0351954160187, 376.09251153692054
4588.64039850235, 2265.2140778413905, 217.3299384668226
4588.899704456329, 2265.2140778413905, 217.3299384668226
4589.753419876099, -909.03623645896, 71.04448116486098
4590.689911365509, 2425.2569895531765, 193.31488903154298
4591.725139141083, 2327.7512432159956, 850.360761110508
4592.713493824005, 2545.7191375238863, 910.796532452824
4593.672924041748, 3006.187609352483, 159.9410674979784
4594.729094982147, 2091.6151918065925, 307.1496402218458
4595.683540582657, 1293.3499585639984, 159.33692377349334
4598.409241199493, 1683.2749033082935, 846.3620502223289
4599.227053403854, 282617.7140801671, 340.27253836344767
4600.221390485764, 1319.258418186186, 192.96683932917574
4601.236670970917, 2222.1085324990145, 378.82074799485326
4602.216049194336, 2402.9724005936614, 252.763196374669
4604.227662086487, 3595.3490617446464, 307.8239068896722
4604.891883134842, 3595.3490617446464, 307.8239068896722
4605.692739248276, 2357.631454349068, 872.6315690077649
4606.476640224457, 2357.631454349068, 872.6315690077649
4607.25555562973, 2331.4820184777714, 1008.9175139687227
4608.234933137894, 3325.3501304283277, 233627.05825161235
4609.23325920105, 3536.1082633076853, 471.90716806921046
4610.19867515564, -129842.74705330865, 755.2173577673329
4611.176057100296, -56350.02393749887, 195.13526550076287
4612.227242946625, 3281.5837546934526, 382.54952567635985
4612.951303243637, 3281.5837546934526, 382.54952567635985
4613.451962709427, 3281.5837546934526, 382.54952567635985
4613.960601091385, 3281.5837546934526, 382.54952567635985
4614.443308591843, 3281.5837546934526, 382.54952567635985
4615.329934358597, 3946.989938051429, 258.0337077660997
4616.026070356369, 3946.989938051429, 258.0337077660997
4616.515759468079, 3946.989938051429, 258.0337077660997
4617.007442235947, 3946.989938051429, 258.0337077660997
4617.4741933345795, 3946.989938051429, 258.0337077660997
4617.987818479538, 3946.989938051429, 258.0337077660997
4618.489474534988, 3946.989938051429, 258.0337077660997
4619.144719362259, 3707.534303648873, 894.1004351758334
4619.398041963577, 3707.534303648873, 894.1004351758334
4620.17396402359, 4055.8695562400467, 1254.4331105228323
4621.189247131348, 3343.517092234898, 741.5531838153336
4622.129727125168, 2538.136865144222, 674.9345953270893
4624.1832280159, 2286.4719569623558, 913.4130965641926
4625.188537359238, 1127.2153471320528, 856.5193907780609
4626.167914390564, 298.6831753675529, 777.9298921460444
4627.237051963806, 524.8425614022616, 873.5339811867507
4628.119688510895, 3251.501282301013, 366.1798726360274
4630.66188120842, 96.29515978871741, 227.13002731077543
4631.622310400009, 2442.3606599507616, 578.6395909612673
4633.160191297531, 2327.6413912236567, 282.28136464348506
4633.901209831238, 2327.6413912236567, 282.28136464348506
4634.699070453644, 2426.333938697247, 832.2687128865247
4635.635563135147, 1346.1469294442757, 775.7301502619298
4636.180104494095, 2312.134006909802, 187.05597336111526
4637.108619689941, 1135.8557880943797, 29.975403176989573
4637.358947992325, 1135.8557880943797, 29.975403176989573
4638.675423622131, 2673.125413170405, -23734.6625576268
4639.398487091064, 2673.125413170405, -23734.6625576268
4639.904134273529, 2673.125413170405, -23734.6625576268
4642.722587347031, 3404.736828561978, 487.7829771317188
4643.701964855194, 3825.6786901159026, 430.63604850073386
4644.502820730209, 3825.6786901159026, 430.63604850073386
4645.182999610901, 3531.6338182839077, 138.91297175195814
4646.221219062805, 2989.348700471064, 64.78778006642813
4646.983178138733, 2989.348700471064, 64.78778006642813
4647.480846643448, 2989.348700471064, 64.78778006642813
4648.215878725052, 410.5924269730592, 909.5987235231898
4649.193261146545, 2076.1222408397734, -421.12513681107646
4650.195576906204, 2030.1408970897046, 918.8560772126136
4650.964517593384, 2030.1408970897046, 918.8560772126136
4651.748419284821, 2694.8015964022024, 468.24880631386543
4652.4974138736725, 2694.8015964022024, 468.24880631386543
4654.195865154266, 250.3451896281519, 427.39740020523
4655.2320919036865, 2387.043510124952, 932.4349325013267
4656.27729177475, 3924.072148637836, 134.8980156912729
4657.35141658783, 1753.9275992621058, 49.279352315836675
4657.986716032028, 1753.9275992621058, 49.279352315836675
4658.702797651291, 2459.744120774441, 490.7074397840289
4659.468747377396, 2459.744120774441, 490.7074397840289
4660.024259328842, 2459.744120774441, 490.7074397840289
4660.894927978516, 1750.5548998746187, 1018.622951625501
4661.634945869446, 3841.0524014176467, 1703.978931690082
4661.905223369598, 3841.0524014176467, 1703.978931690082
4662.704084157944, 2300.7139255632733, 723.4909606065314
4663.67747759819, 2794.9614950229147, 1719.5586659187227
4664.4643704891205, 2794.9614950229147, 1719.5586659187227
4665.2392954826355, 621.2751336529666, 224.081759072172
4666.305951118469, 2520.5631578516245, 82.30667002132152
4668.272683620453, 2640.5602144770473, 1447.7701635624694
4669.28497505188, 965.2776256952549, 481.4299818208163
4670.258367538452, 2423.7661006767376, 672.4922450164428
4671.197853088379, 2571.6528392964156, 193.84931530091782
4672.238067865372, 1684.205848921615, 369.5736643942483
4673.307204961777, 2058.3312837558833, 221.8071698186797
4674.053209066391, 2058.3312837558833, 221.8071698186797
4674.712443351746, 2121.706238380598, 421.5967663822972
4675.419550895691, 2121.706238380598, 421.5967663822972
4677.2795696258545, 1796.9717921457789, -7.2109281408455494
4678.1691880226135, 1224.5802504403334, 180.05180177297746
4679.16751408577, 21.46334905514465, 68.47496423429011
4680.371291875839, 1038.7011073677763, 381.92609436348056
4681.228994369507, 2280.1861483236253, 563.7390730182561
4681.953056812286, 2280.1861483236253, 563.7390730182561
4682.714018821716, 2000.1793763346875, 259.6187713786306
4683.445064306259, 2000.1793763346875, 259.6187713786306
4684.1890704631805, 3643.581532564889, 428.86019229194477
4685.182410240173, 3924.8800443182126, 925.6312836262804
4686.1747534275055, 1896.5004268477298, 952.4081784515673
4687.196288108826, 2335.3064531030373, 1390.6179214719218
4688.135772943497, 1251.7756583645478, 113.07748425457109
4688.736164808273, 2151.299750445078, 800.0040668942731
4689.755435466766, 2244.8316612876447, 254.02874798910682
4690.804626703262, 2775.1938353078604, 83.65933683898233
4691.848831176758, 2157.533359521213, 875.9634119089994
4692.4970943927765, 2157.533359521213, 875.9634119089994
4693.279001951218, 2055.219250401769, 397.08147477932334
4693.912306070328, 2055.219250401769, 397.08147477932334
4694.656314134598, 3465.6693837097796, 1183.1886999443313
4695.610759019852, 2046.705298148443, 938.8497455781337
4696.125380516052, 3969.1081052434097, 911.9252219374696
4696.754697561264, 3615.942360243534, 1008.5274992608902
4697.584473609924, 3979.661820589435, 351.1714119532048
4698.260664224625, 2358.4859338338692, 959.0578382756014
4699.281929731369, 2070.5866428136023, 887.8540195742183
4700.258314609528, 2027.0691169614554, 799.9715063529381
4700.941486597061, 2027.0691169614554, 799.9715063529381
4701.738352537155, 2892.64053316046, 42.63009154633323
4702.682823419571, 341.1109635728588, 786.1275646210307
4705.153209924698, 3768.285228472725, 1507.4351978512182
4706.181456565857, 2719.381363712077, 2155.374301216299
4707.172802686691, 3945.5886328345186, 335.62109652679453
4708.1451988220215, 3938.8570377939536, 35.23708144169296
4708.395527601242, 3938.8570377939536, 35.23708144169296
4709.157488822937, 3799.2530715154858, 277.1689399941068
4709.898504495621, 3799.2530715154858, 277.1689399941068
4710.658472061157, 3669.8690067058246, 423.5752367904434
4712.158452987671, 4685.364504084522, 37.26549205052666
4713.170743227005, 4094.553081991138, 22.361687401253363
4714.162087917328, 3573.91074781703, 561.5172835738722
4715.239206314087, 3765.3038525436486, 355.76348829059964
4716.220577001572, 3892.5794860449937, 210.29930051828853
4716.9027507305145, 3892.5794860449937, 210.29930051828853
4717.681664943695, 2179.907388591213, 784.5026316510703
4718.705923318863, 1912.7289979412094, 516.163127363081
4719.688294410706, 1887.7241880781025, 770.6341490486234
4720.474188566208, 1887.7241880781025, 770.6341490486234
4720.974847793579, 1887.7241880781025, 770.6341490486234
4721.739799499512, 781.6632841334175, 47.35708528058958
4722.687262535095, 2198.1356604172915, 671.0317171151581
4723.718502998352, 3265.8287710743944, 986.7173470682847
4724.651005029678, 2087.665231178001, 692.2034144142949
4725.446874856949, 2087.665231178001, 692.2034144142949
4726.206839084625, 3823.9453562077842, 29.153158021183213
4726.9159417152405, 3823.9453562077842, 29.153158021183213
4728.711135149002, 2955.0049685440354, 764.401773763782
4729.686524391174, 2306.219582170285, 612.439949503495
4730.635982513428, 2381.994478934178, 150.78512185282358
4731.343088626862, 3376.498231852403, 401.4426467783523
4732.130978822708, 3376.498231852403, 401.4426467783523
4732.538886785507, 3376.498231852403, 401.4426467783523
4733.311816692352, 4118.047472209486, 199.38389401480617
4736.182131052017, 2675.8748602669684, 110.98633134729018
4737.1754722595215, 2165.6157349620544, 309.84517586544325
4737.887566566467, 2165.6157349620544, 309.84517586544325
4738.778180837631, -252961.36225930508, 864.3025554989758
4739.703703165054, 2223.2772474567737, 392.1109385282454
4740.75887799263, 2623.6739999236534, 911.8979868947658
4742.679735183716, 1516.199657144808, 312.3120680921088
4743.424739599228, 1516.199657144808, 312.3120680921088
4744.217617988586, 2221.4679521593653, 541.135391924877
4745.20098400116, 1602.9243826970196, 421.4252190461134
4746.202303171158, 2205.1766364142663, 288.15458806703754
4746.884476423264, 2205.1766364142663, 288.15458806703754
4747.758136749268, 1655.6660361447482, 45.7951706346492
4748.657729148865, 1950.1698613255257, 696.0871727058299
4749.395753145218, 1950.1698613255257, 696.0871727058299
4750.251462697983, 2244.7068524413926, 70.4810645097833
4751.2039132118225, 3220.8192366417125, 273.0624092034574
4752.25110912323, 629.6033959396467, 646.4167686161016
4753.711199998856, 2587.7597560466297, 786.7411647661094
4754.6626517772675, 1782.866570447339, 231.69822141230068
4756.687230587006, 204.4152710963742, 263.3297632107889
4757.418273448944, 204.4152710963742, 263.3297632107889
4758.152632474899, 2305.465111933186, 438.1037127368764
4759.175892829895, 2846.5342414071356, 258.9399320074089
4760.153277158737, 641.1373350135847, 35.64638485628062
4761.16855764389, 2384.6715567384144, 735.0478165590677
4761.93757891655, 2384.6715567384144, 735.0478165590677
4762.646679162979, 579.8904536745155, 370.1143301418151
4765.694518327713, 2527.9132603525773, 922.0930668684305
4766.696835517883, 2072.485347949519, 37.19724086109704
4767.698153734207, 10420.200696958022, 671.9550075896508
4768.461112976074, 10420.200696958022, 671.9550075896508
4768.991691350937, 10420.200696958022, 671.9550075896508
4769.652921438217, 3488.715344101715, 754.8714341262929
4770.624319791794, 2058.5355052506648, 498.8409067542791
4771.173849582672, 1436.61857326185, 46.63030818314796
4771.937803506851, 1436.61857326185, 46.63030818314796
4772.480350017548, 1436.61857326185, 46.63030818314796
4773.238322496414, 3968.8992641255213, 849.3861200420332
4774.183790683746, 2140.492099781773, 304.7567740317896
4774.902864694595, 2140.492099781773, 304.7567740317896
4775.67080950737, 2290.5944465989087, 811.4454579998496
4776.693070650101, 1726.4389716461094, 910.4279971040664
4777.708353996277, 1037.7899560365638, 102.74907231818085
4778.46333193779, 1037.7899560365638, 102.74907231818085
4778.942051887512, 1037.7899560365638, 102.74907231818085
4779.6691036224365, 2382.4037317575653, 403.8056280834531
4780.673415660858, 2200.029697887989, 723.3653365076322
4781.760502576828, 1739.756524661116, 68.68993151081654
4782.6700694561005, 2474.20501729132, 711.4868642089039
4783.668394804001, 2098.134006984215, 524.6068867260918
4785.203287124634, 2538.11655401567, 669.1942484779727
4786.246493816376, 2951.1605481399724, 42.35771645548978
4787.178995847702, 2229.1650272029724, 912.7186081012787
4788.706906557083, 1681.13436202426, 42.946044710983486
4789.443932056427, 1681.13436202426, 42.946044710983486
4790.125108957291, 2633.8663667600367, 132.3295947694098
4790.673639059067, 2220.4136690821056, 813.8583953907184
4791.6071400642395, 3792.2321090929736, 620.4086666489201
4792.083863735199, 2421.279347332804, 117.08327675103777
4792.652435541153, 2310.467198632495, 810.2001897532326
4792.9775648117065, 2310.467198632495, 810.2001897532326
4793.461270093918, 2310.467198632495, 810.2001897532326
4793.924030303955, 2310.467198632495, 810.2001897532326
4795.174681901932, 2396.218600806169, 796.4794351303757
4795.942625284195, 2396.218600806169, 796.4794351303757
4796.647739648819, 1543.9341303374233, 78.95990743956726
4797.713884592056, 2842.1725000254596, 20.68190454760227
4798.701239109039, 2124.1866588269986, 888.8897910301275
4799.489130973816, 2124.1866588269986, 888.8897910301275
4799.930949449539, 2124.1866588269986, 888.8897910301275
4800.439585447311, 2124.1866588269986, 888.8897910301275
4800.928277254105, 2124.1866588269986, 888.8897910301275
4801.730129003525, 5012.844270924413, 779.6046060368611
4802.663630247116, 2320.6463580637687, 516.9232866450008
4803.766678094864, 189.92837397906786, 434.03289947520034
4804.632359027863, 1802.5308849809069, 658.084798579297
4804.920588254929, 1802.5308849809069, 658.084798579297
4805.388335466385, 1802.5308849809069, 658.084798579297
4806.253022670746, 12184.278912906717, 49.71977388008916
4807.007001399994, 12184.278912906717, 49.71977388008916
4807.701142787933, 1986.3260900214366, 816.3437134524413
4808.640627622604, 1937.2007770941054, 282.91357671331536
4808.878989934921, 1937.2007770941054, 282.91357671331536
4809.749657869339, 60321.78405855343, 68.80601255327753
4810.477707862854, 60321.78405855343, 68.80601255327753
4811.242661237717, 2197.6111116073903, 912.8674898955956
4812.169179916382, 2330.5498312706636, 740.5128728301247
4813.123624324799, 894.6490340159231, 226.84878356365314
4815.677786111832, 447.3461768885236, 514.0343412306078
4816.684091329575, 3321.4609794455573, 344.35832885033
4817.691394805908, 2656.3155923402987, 861.455416933511
4818.689722299576, 632.5540598909563, 51.561858731257566
4819.439713716507, 632.5540598909563, 51.561858731257566
4820.146821260452, 1862.6309421626524, 508.226803967757
4822.193341016769, 5533.197154096577, 190.7652286656221
4823.171721458435, 2313.3572882010617, 793.8049809268655
4824.238864183426, 3236.727275682243, 116.83784832125372
4825.273094892502, 3739.46801952587, 76.10947421872937
4826.124814033508, 3739.46801952587, 76.10947421872937
4826.620488882065, 2236.758019354381, 268.76742251693986
4826.883784532547, 2236.758019354381, 268.76742251693986
4827.403391361237, 2236.758019354381, 268.76742251693986
4828.252119779587, 3621.73726517688, 51.55046897262105
4829.199583292007, 3164.4376837281493, 339.7358694732575
4830.19491815567, 2428.9199813784535, 512.1302041126395
4831.194242954254, 781.8217861854091, 379.6442364099289
4832.197555780411, 859.0316899113519, 241.3697082162673
4832.887707710266, 859.0316899113519, 241.3697082162673
4833.709506988525, 2483.659629546294, 759.9676414716445
4834.433084011078, 2483.659629546294, 759.9676414716445
4835.279820203781, 3654.4359352967535, 121.08080204242692
4837.599605321884, 747.8215265764139, 173.35264885777877
4838.191030740738, 2663.100892177938, 515.823599303141
4839.366874456406, 2255.527720087689, 915.9382360104502
4840.216599702835, 2438.1264569142795, 549.070204126019
4841.021444320679, 2438.1264569142795, 549.070204126019
4841.713590621948, 2403.0660205226122, 739.1586330473882
4842.693966150284, 2349.0060057226115, 60.9449033810274
4843.5626401901245, 2349.0060057226115, 60.9449033810274
4844.263763427734, 9544.86627678471, 277.5355574367016
4845.273061513901, 243.40816859892703, 175.7186329417465
4846.285351276398, 3530.7050106401894, 25.75424868888317
4847.198903799057, 2207.236117999039, 919.1901276091816
4847.914987325668, 2207.236117999039, 919.1901276091816
4848.738782167435, 2465.0592531241655, 11.811194558320654
4849.639899730682, 2096.3401247906504, 146.29976028522287
4850.190235137939, 2124.824864950581, 1307.2975947416032
4851.0090436935425, 2124.824864950581, 1307.2975947416032
4851.74470448494, 2655.1543958664697, 647.7461980088985
4852.672221660614, 2132.3067318010485, 818.9679639852974
4853.4551248550415, 2132.3067318010485, 818.9679639852974
4853.980718135834, 2132.3067318010485, 818.9679639852974
4854.44846534729, 2132.3067318010485, 818.9679639852974
4855.233364105225, 1754.208199060999, 931.2208187113476
4856.2506403923035, 2397.3747042838954, 611.6523882546759
4856.966723442078, 2397.3747042838954, 611.6523882546759
4857.734666585922, 5945.53103518221, 37.00946352661857
4858.7130472660065, 3211.501495982821, 94.74691296193814
4859.469022512436, 3211.501495982821, 94.74691296193814
4860.227991104126, 2218.3313575724324, 279.96899852601615
4861.301118612289, -382.25531024283595, 453.0572546296594
4862.341332435608, 196.43797500938842, 296.56688800268245
4863.070381641388, 196.43797500938842, 296.56688800268245
4863.750558853149, 2113.646325158482, 480.8391866343347
4864.983258724213, 2165.4682836644606, 259452.2523741126
4865.67440867424, 2165.4682836644606, 259452.2523741126
4866.607910394669, 2165.4682836644606, 259452.2523741126
4867.028783082962, 2165.4682836644606, 259452.2523741126
4867.666075706482, 2165.4682836644606, 259452.2523741126
4868.614536046982, 2165.4682836644606, 259452.2523741126
4869.293719291687, 2995.843771759445, 46.39784937278985
4869.997833490372, 2995.843771759445, 46.39784937278985
4870.511457681656, 2995.843771759445, 46.39784937278985
4871.021093130112, 2995.843771759445, 46.39784937278985
4871.515768766403, 2995.843771759445, 46.39784937278985
4872.029393196106, 2995.843771759445, 46.39784937278985
4872.532047748566, 2995.843771759445, 46.39784937278985
4873.069608449936, 2995.843771759445, 46.39784937278985
4873.493473291397, 2995.843771759445, 46.39784937278985
4873.985157012939, 2995.843771759445, 46.39784937278985
4874.485816478729, 2995.843771759445, 46.39784937278985
4875.031355381012, 2995.843771759445, 46.39784937278985
4875.482148885727, 2995.843771759445, 46.39784937278985
4876.032675266266, 2995.843771759445, 46.39784937278985
4876.506406784058, 2995.843771759445, 46.39784937278985
4877.010058879852, 2995.843771759445, 46.39784937278985
4877.468829154968, 2995.843771759445, 46.39784937278985
4878.017360687256, 2995.843771759445, 46.39784937278985
4878.489098310471, 2995.843771759445, 46.39784937278985
4879.002725124359, 2995.843771759445, 46.39784937278985
4879.468475818634, 2995.843771759445, 46.39784937278985
4880.026981115341, 2995.843771759445, 46.39784937278985
4880.488746166229, 2995.843771759445, 46.39784937278985
4880.948513031006, 2995.843771759445, 46.39784937278985
4881.4401977062225, 2995.843771759445, 46.39784937278985
4882.016653299332, 2995.843771759445, 46.39784937278985
4882.5143213272095, 2995.843771759445, 46.39784937278985
4883.201481580734, -703.1694696864878, 380.29498840848896
4884.261643409729, 2185.859816722429, 561.8465233698832
4885.263958692551, 1320.517259078279, 84.70391299383807
4886.21840262413, 2007.120350310941, 272.7464055687579
4886.930496931076, 2007.120350310941, 272.7464055687579
4887.403232097626, 2007.120350310941, 272.7464055687579
4887.904887676239, 2007.120350310941, 272.7464055687579
4888.644906997681, 2442.9873771784187, 285.8726044162619
4889.423821210861, 2442.9873771784187, 285.8726044162619
4890.296484231949, 3275.4457960027366, 763.6977086599559
4890.966690778732, 3275.4457960027366, 763.6977086599559
4891.505271911621, 3275.4457960027366, 763.6977086599559
4892.226689577103, 2387.305429104, 23.274353955846458
4893.009593009949, 2387.305429104, 23.274353955846458
4893.524214744568, 2387.305429104, 23.274353955846458
4894.401865005493, 1738.4031595551246, 66.24404976044727
4895.182773590088, 2188.9634215926653, 213.47052414455908
4896.265874147415, 3782.6616752894174, 70.32007664374964
4897.233283281326, 1053.293432310465, 788.4195477167802
4897.987265348434, 1053.293432310465, 788.4195477167802
4898.477951288223, 1053.293432310465, 788.4195477167802
4899.254871368408, 3501.1017689563896, 685.6294118582863
4900.36789059639, 1969.758825286176, 164.36897209659932
4901.277456521988, 2477.885827848461, 321.88513428019553
4901.898792028427, 2477.885827848461, 321.88513428019553
4902.441339492798, 2477.885827848461, 321.88513428019553
4903.314002990723, 2165.316290503103, 302.4446906801843
4903.933346271515, 2165.316290503103, 302.4446906801843
4905.336587905884, 690.7992622851149, 803.9899728092231
4906.04568862915, 690.7992622851149, 803.9899728092231
4906.82560133934, 2690.177977225433, 76.84342723296491
4907.674329996109, 1342.9892914216803, 241.02272626356742
4908.641739606857, 2171.0316460771737, 877.1881608667973
4909.461543560028, 2171.0316460771737, 877.1881608667973
4909.961205244064, 2171.0316460771737, 877.1881608667973
4910.800957202911, 2304.790473545084, 205.69315542005907
4911.561921834946, 2304.790473545084, 205.69315542005907
4911.972820281982, 2304.790473545084, 205.69315542005907
4912.5472819805145, 2304.790473545084, 205.69315542005907
4913.033978939056, 2304.790473545084, 205.69315542005907
4913.553587675095, 2304.790473545084, 205.69315542005907
4914.003383159637, 2304.790473545084, 205.69315542005907
4917.7054708004, 2171.441093793762, 509.44982879094425
4918.5153024196625, 2171.441093793762, 509.44982879094425
4919.044885635376, 2171.441093793762, 509.44982879094425
4919.578456401825, 2171.441093793762, 509.44982879094425
4920.029248952866, 2171.441093793762, 509.44982879094425
4920.499988794327, 2171.441093793762, 509.44982879094425
4921.251975774765, -794.7944641534853, 891.4146695943076
4921.977034807205, -794.7944641534853, 891.4146695943076
4922.481683015823, -794.7944641534853, 891.4146695943076
4923.282538890839, 3739.287908038639, 257.23072514464826
4923.934792280197, 3739.287908038639, 257.23072514464826
4924.87726855278, 2180.7760904988727, 913.5125707191814
4925.578392505646, 2180.7760904988727, 913.5125707191814
4926.026194810867, 2180.7760904988727, 913.5125707191814
4926.748259544373, 1752.3614652977656, 335.9222754671849
4927.781493902206, 3355.726155384998, 153.2209220779019
4930.712645292282, 2191.9306193341745, 257.66980997895683
4931.875532865524, 2243.6330965303678, 901.0016920287136
4932.562691926956, 2243.6330965303678, 901.0016920287136
4933.008499383926, 2243.6330965303678, 901.0016920287136
4933.851241827011, 2573.9358723378073, 880.9253586632315
4934.526434183121, 2573.9358723378073, 880.9253586632315
4935.0430517196655, 2573.9358723378073, 880.9253586632315
4935.49783372879, 2573.9358723378073, 880.9253586632315
4936.210926294327, 3490.435051836963, 503.68428958589783
4936.942965507507, 3490.435051836963, 503.68428958589783
4937.38788485527, 3490.435051836963, 503.68428958589783
4937.980296611786, 3490.435051836963, 503.68428958589783
4938.9377348423, -1657.9431611359262, 45.500766754918246
4939.588990688324, -1657.9431611359262, 45.500766754918246
4940.144504070282, -1657.9431611359262, 45.500766754918246
4944.224579572678, 2404.770853013509, 584.9192647026042
4944.932683229446, 2404.770853013509, 584.9192647026042
4945.667714834213, 2338.586605375351, 733.3608935858335
4946.471562385559, 2338.586605375351, 733.3608935858335
4946.928339958191, 2338.586605375351, 733.3608935858335
4947.750139951706, 2339.735510877043, 702.8565281270613
4948.652723073959, 1864.9230527622371, 178.89294706118116
4949.470534563065, 1864.9230527622371, 178.89294706118116
4949.9602217674255, 1864.9230527622371, 178.89294706118116
4950.444924354553, 1864.9230527622371, 178.89294706118116
4950.9076862335205, 1864.9230527622371, 178.89294706118116
4951.42031288147, 1864.9230527622371, 178.89294706118116
4951.944908618927, 1864.9230527622371, 178.89294706118116
4952.432602882385, 1864.9230527622371, 178.89294706118116
4953.462844610214, 773.9873028114181, 119.30467985268857
4953.981457233429, 773.9873028114181, 119.30467985268857
4954.560450792313, 773.9873028114181, 119.30467985268857
4955.02321267128, 773.9873028114181, 119.30467985268857
4955.552794218063, 773.9873028114181, 119.30467985268857
4957.188415050507, 2235.9032451790586, 886.336341490593
4958.299439668655, 537.0162848068669, 716.7584694628445
4959.056413650513, 537.0162848068669, 716.7584694628445
4959.520170927048, 537.0162848068669, 716.7584694628445
4960.251213550568, 2383.7467583276284, 358.4130404328618
4960.92640542984, 2383.7467583276284, 358.4130404328618
4961.467956781387, 2383.7467583276284, 358.4130404328618
4964.902759313583, 3750.683047620728, 80.14694666651887
4965.628816366196, 3750.683047620728, 80.14694666651887
4966.207267045975, 2269.187990656633, 881.6177015031315
4966.973216056824, 2269.187990656633, 881.6177015031315
4967.784044742584, 3896.7375950369947, 931.4965325723008
4968.76541686058, 1555.6719332165198, 108.96408339041949
4970.745117425919, 1712.6353783942805, 915.2831382085357
4971.744441509247, 2131.882143246655, 860.9292793166102
4972.456534862518, 2131.882143246655, 860.9292793166102
4973.2214868068695, 2411.872603760024, 930.2593545456615
4974.23876285553, 3985.875616111025, 124.89868028651385
4975.650980472565, 978.4615351699758, 294.28063366002914
4976.423911571503, 978.4615351699758, 294.28063366002914
4976.957483053207, 978.4615351699758, 294.28063366002914
4977.405283689499, 978.4615351699758, 294.28063366002914
4977.934864997864, 978.4615351699758, 294.28063366002914
4978.6459608078, 2449.4509072242363, 731.0962893351057
4979.700137853622, 2858.950555121626, 81.99751760137951
4980.470075845718, 2858.950555121626, 81.99751760137951
4981.249988794327, 2040.8345404645256, 286.996328848913
4982.249313116074, 3666.528400243241, 804.4199012336343
4983.177826166153, 1996.9634708979231, 315.2785050492759
4983.926820516586, 1996.9634708979231, 315.2785050492759
4987.1749386787415, 2137.2497916256943, 878.8110084542794
4987.980779647827, 2137.2497916256943, 878.8110084542794
4988.450522899628, 2137.2497916256943, 878.8110084542794
4989.015011072159, 2137.2497916256943, 878.8110084542794
4989.439873933792, 2137.2497916256943, 878.8110084542794
4990.2217807769775, 1901.9387699027384, 721.3921981869038
4991.252021551132, 2787.75727008947, 567.9224525918838
4992.177543401718, 1395.326187593547, 402.43934464319966
4993.217757701874, 1946.0042810738655, 247.80389887100267
4994.159236431122, 1661.7368849119098, 88.13591629483538
4995.300181388855, 701.9493602081415, 761.6447775799743
4996.122978448868, 3479.802265617661, 590.5881393612652
4996.344384908676, 3479.802265617661, 590.5881393612652
4997.342712879181, 1699.992772409857, 753.7967499846571
4998.339046955109, 2131.8334781940416, 895.9253159680003
4999.317426919937, 2309.652563411977, 775.6906352817155
5000.209037542343, 2049.9094057827597, 272.65333125825066
5001.178442239761, -3356.8057997627147, 749.4361634755821
5002.161808490753, 1484.3089555226059, 258.0007558783333
5002.913795232773, 1484.3089555226059, 258.0007558783333
5003.4114627838135, 1484.3089555226059, 258.0007558783333
5005.251536846161, 2367.9243025808382, 884.138293373773
5006.286767959595, 2264.7152858249037, 943.4393607229011
5007.201316356659, 2108.5884097727417, 555.5069596241692
5008.198644161224, 1391.5368181285455, 366.9564766401704
5009.248832464218, 1999.3781533651447, 203.79048154905107
5010.244167327881, 3612.3510026041963, 364.85699545002683
5011.21955537796, 1217.6468602239581, 203.69066389984647
5013.2790405750275, 2335.5069337606446, 920.2627661545096
5014.248445749283, 3363.2741722609153, 512.2670054356659
5015.256746053696, 2084.379862853181, 339.7782116210597
5016.241111040115, 1936.2081966021572, 163.04022595797392
5017.218492507935, 2083.9639828300515, 314.67671653891625
5018.236765623093, 3588.596422009521, 223603.3957730998
5019.311887264252, 2721.798455987549, 34.30308695272781
5020.2164652347565, 2138.47189359637, 617.1841873481244
5020.95748090744, 2138.47189359637, 617.1841873481244
5021.540919780731, 2138.47189359637, 617.1841873481244
5021.982734918594, 2138.47189359637, 617.1841873481244
5022.677874803543, 1684.4895218046343, 115.49935441215938
5023.477732658386, 1684.4895218046343, 115.49935441215938
5024.259638786316, 2438.7332095274255, 585.9382201365493
5025.361688137054, 2143.186053426539, 417.0965664045979
5025.994992494583, 2143.186053426539, 417.0965664045979
5026.6412625312805, 1982.5954193052585, 254.8654930930575
5027.365322351456, 2367.4342191410615, 896.6488488776301
5028.251948595047, 2323.970764492525, 253.406609462006
5029.154531478882, 2128.000473157341, 1010.4194987019177
5029.962370157242, 2128.000473157341, 1010.4194987019177
5030.511897802353, 2128.000473157341, 1010.4194987019177
5031.321729183197, 1507.2155818411582, 280.9308911566736
5031.943067550659, 1507.2155818411582, 280.9308911566736
5032.476636648178, 1507.2155818411582, 280.9308911566736
5032.966325521469, 1507.2155818411582, 280.9308911566736
5033.408144950867, 1507.2155818411582, 280.9308911566736
5035.720950126648, 847.3311751083615, 172.25014720209055
5036.7043170928955, 2297.346447212986, 865.8309511847534
5037.5470604896545, 2297.346447212986, 865.8309511847534
5038.004834651947, 2297.346447212986, 865.8309511847534
5038.730890512466, 2046.7772272205725, 868.6568918239051
5039.489858388901, 2046.7772272205725, 868.6568918239051
5040.280740022659, 2191.3590587372787, 369.4385223917707
5040.979868412018, 2191.3590587372787, 369.4385223917707
5041.525409221649, 2191.3590587372787, 369.4385223917707
5041.971214056015, 2191.3590587372787, 369.4385223917707
5042.476861715317, 2191.3590587372787, 369.4385223917707
5042.937626123428, 2191.3590587372787, 369.4385223917707
5043.775383710861, 1802.4344956329453, 852.4842931285589
5044.769722223282, 2474.1291247960808, 669.1994355246347
5045.548634767532, 2474.1291247960808, 669.1994355246347
5045.997433423996, 2474.1291247960808, 669.1994355246347
5046.502082109451, 2474.1291247960808, 669.1994355246347
5047.2111830711365, 2294.0178676941514, 638.9379029679438
5048.18258357048, 2258.239085752911, 443.2549035699432
5048.946536064148, 2258.239085752911, 443.2549035699432
5049.642672300339, 2191.8870545253953, 615.3812906508925
5050.763670921326, 2256.978167246762, 801.3278969015316
5051.842800617218, -2555.724507673202, 607.1366626912175
5052.777300596237, 2186.944810527437, 797.1477119767325
5053.773633003235, 2220.1767399596365, 287.1201493020628
5054.49071097374, 2220.1767399596365, 287.1201493020628
5054.995359659195, 2220.1767399596365, 287.1201493020628
5055.760311603546, 1639.7478141269316, 297.62207066504743
5057.817802906036, 687.1091797245765, 817.4970211706511
5058.737339735031, 1887.8855783316988, 656.8244910877004
5059.416522502899, 1887.8855783316988, 656.8244910877004
5060.224358320236, 965.6258795662992, 54.38950445947501
5061.022222518921, 965.6258795662992, 54.38950445947501
5061.528864860535, 965.6258795662992, 54.38950445947501
5062.056453943253, 965.6258795662992, 54.38950445947501
5062.502259016037, 965.6258795662992, 54.38950445947501
5063.327050924301, 3384.7932995178157, 921.7191997035553
5064.004236936569, 3384.7932995178157, 921.7191997035553
5064.493926525116, 3384.7932995178157, 921.7191997035553
5065.017523288727, 3384.7932995178157, 921.7191997035553
5065.4653244018555, 3384.7932995178157, 921.7191997035553
5066.065717935562, 3384.7932995178157, 921.7191997035553
5066.86457824707, 3754.656400279644, 470.43267459404467
5067.916761398315, 1506.4134476145653, 701.1292415931787
5068.603920221329, 1506.4134476145653, 701.1292415931787
5069.332968950272, 1133.7521499842644, 455.49073244094734
5070.217599868774, 1070.7791988493566, 190.77881759138074
5071.306684494019, 3765.0155959246526, 51.54460104404381
5072.10654258728, 3765.0155959246526, 51.54460104404381
5072.538385391235, 3765.0155959246526, 51.54460104404381
5073.066970586777, 3765.0155959246526, 51.54460104404381
5073.525742769241, 3765.0155959246526, 51.54460104404381
5074.077265262604, 3765.0155959246526, 51.54460104404381
5074.516089916229, 3765.0155959246526, 51.54460104404381
5075.038690805435, 3765.0155959246526, 51.54460104404381
5075.536358356476, 3765.0155959246526, 51.54460104404381
5076.293331623077, 2054.2992648975905, 315.7144623393215
5077.314596652985, 2533.1088212885234, 125.77611532258769
5078.1024878025055, 2533.1088212885234, 125.77611532258769
5078.586192369461, 2533.1088212885234, 125.77611532258769
5079.107796192169, 2533.1088212885234, 125.77611532258769
5079.592498779297, 2533.1088212885234, 125.77611532258769
5080.224804401398, 2533.1088212885234, 125.77611532258769
5081.214182376862, 2708.258398451353, 922.2462884981459
5084.21614408493, 1681.664371754795, 809.8419074204095
5085.312209844589, 3387.785678592893, 912.9686812299449
5086.059208869934, 3387.785678592893, 912.9686812299449
5086.681542634964, 2205.669498842196, 408.5840590302051
5087.436522245407, 2205.669498842196, 408.5840590302051
5087.944162130356, 2205.669498842196, 408.5840590302051
5088.450805902481, 2205.669498842196, 408.5840590302051
5088.9125690460205, 2205.669498842196, 408.5840590302051
5090.357700109482, 1695.8557988467219, 242.39138188861477
5091.237344264984, 2112.685696016166, 397.1664434818644
5092.2127323150635, 2031.414910411991, 229.91758587220554
5093.432465791702, 3936.603039851004, 395.7845238011026
5094.138576030731, 2901.1292109502024, 244.27666784538872
5095.283510923386, 3036.725740163584, 574.8208120668222
5096.173129558563, 1974.4590273696308, 232.7253523220298
5097.457688331604, -330.27101466978604, 888.2629673047845
5098.223638534546, 2314.70390190363, 723.7823410790402
5099.182070732117, 2090.2986523870527, 219.38020060556738
5099.916106700897, 2090.2986523870527, 219.38020060556738
5100.420753240585, 2090.2986523870527, 219.38020060556738
5100.878528833389, 2090.2986523870527, 219.38020060556738
5101.413097143173, 2090.2986523870527, 219.38020060556738
5102.220933437347, 2934.313109558475, 433.22248539519546
5103.263143062592, 2346.9150712062265, 660.7730257825023
5104.277427196503, 1668.0810534089521, 26.337872604006993
5105.219903469086, 2306.122034677847, 639.5814198395437
5106.282060146332, 3598.1461619148126, 451.10799474455104
5106.991162538528, 3598.1461619148126, 451.10799474455104
5107.460904121399, 3598.1461619148126, 451.10799474455104
5108.190948963165, 2082.4890598690713, 798.1269791759429
5109.797646999359, 2412.835501079385, 903.1716537057127
5110.711200714111, 2361.14815976634, 401.88944904463705
5111.675618171692, 3860.765926357132, 233.1818766777655
5112.478467702866, 3860.765926357132, 233.1818766777655
5112.933250427246, 3860.765926357132, 233.1818766777655
5113.756047010422, 3061.37064528408, 210.49172426475357
5114.699520349503, 2658.178319766305, 529.4867784091955
5115.521320581436, 2658.178319766305, 529.4867784091955
5115.968123912811, 2658.178319766305, 529.4867784091955
5116.4847407341, 2658.178319766305, 529.4867784091955
5116.95348572731, 2658.178319766305, 529.4867784091955
5118.248018741608, 2514.2717249856782, 165.18056083920985
5119.002001523972, 2514.2717249856782, 165.18056083920985
5119.6801841259, 2122.0642309610535, 314.26288228521213
5120.3833022117615, 2122.0642309610535, 314.26288228521213
5121.255965948105, 804.0301878864678, 801.1498754097576
5122.015929937363, 804.0301878864678, 801.1498754097576
5123.160376548767, 3803.2924624423035, 96.94309778242001
5123.942284107208, 3803.2924624423035, 96.94309778242001
5124.867804527283, 1699.210727819171, 595.9090800827726
5125.914004087448, 1647.9389896939963, 424.80135391217146
5126.579222679138, 1647.9389896939963, 424.80135391217146
5127.049963474274, 1647.9389896939963, 424.80135391217146
5127.5935072898865, 1647.9389896939963, 424.80135391217146
5128.062252283096, 1647.9389896939963, 424.80135391217146
5128.728467464447, 3922.3735711329728, 752.265642168155
5129.561237573624, 3922.3735711329728, 752.265642168155
5130.0489320755005, 3922.3735711329728, 752.265642168155
5130.572529792786, 3922.3735711329728, 752.265642168155
5131.045264482498, 3922.3735711329728, 752.265642168155
5131.441204071045, 3922.3735711329728, 752.265642168155
5132.233084201813, 3205.915959015305, -887.5840225543335
5133.191517353058, 2318.9057382577007, 723.8425187146358
5133.965445280075, 2318.9057382577007, 723.8425187146358
5134.696487903595, 2404.505501640176, 800.2733068104462
5135.685838937759, 2285.607962265917, 216.8960321133155
5137.703435897827, 2056.017102293089, 692.8802678238228
5138.5112726688385, 2056.017102293089, 692.8802678238228
5139.224364042282, 764.7479177816527, 369.16001525401157
5139.933665037155, 764.7479177816527, 369.16001525401157
5140.450281381607, 764.7479177816527, 369.16001525401157
5140.961911201477, 764.7479177816527, 369.16001525401157
5141.412704229355, 764.7479177816527, 369.16001525401157
5141.884440660477, 764.7479177816527, 369.16001525401157
5142.4519209861755, 764.7479177816527, 369.16001525401157
5142.921664476395, 764.7479177816527, 369.16001525401157
5143.460221529007, 764.7479177816527, 369.16001525401157
5143.929963350296, 764.7479177816527, 369.16001525401157
5144.454558610916, 764.7479177816527, 369.16001525401157
5144.922305583954, 764.7479177816527, 369.16001525401157
5145.464854001999, 764.7479177816527, 369.16001525401157
5145.954542398453, 764.7479177816527, 369.16001525401157
5146.447222709656, 764.7479177816527, 369.16001525401157
5146.937908887863, 764.7479177816527, 369.16001525401157
5147.435576915741, 764.7479177816527, 369.16001525401157
5147.929255247116, 764.7479177816527, 369.16001525401157
5148.412959814072, 764.7479177816527, 369.16001525401157
5149.281633615494, 2140.0719548588513, 814.9759378153342
5150.161277770996, 3154.2057091191796, 266.7999442705209
5150.897307872772, 3154.2057091191796, 266.7999442705209
5151.714120149612, 3583.150747952528, 58.619887926895316
5152.4481546878815, 3583.150747952528, 58.619887926895316
5152.934851408005, 3583.150747952528, 58.619887926895316
5153.768620014191, 2070.370444617816, 65.68977242216917
5154.661229610443, 1993.2420883884263, 223.97895485004622
5155.378309011459, 1993.2420883884263, 223.97895485004622
5155.885949611664, 1993.2420883884263, 223.97895485004622
5158.174822092056, 2356.716403737328, 49.75244809751436
5159.020555734634, 2356.716403737328, 49.75244809751436
5159.553129911423, 2356.716403737328, 49.75244809751436
5160.011901855469, 2356.716403737328, 49.75244809751436
5160.508572340012, 2356.716403737328, 49.75244809751436
5160.992277383804, 2356.716403737328, 49.75244809751436
5161.822054862976, 2193.3368402443, 255778.93719059267
5162.545118093491, 2193.3368402443, 255778.93719059267
5163.003891468048, 2193.3368402443, 255778.93719059267
5163.630213499069, 3686.793384151857, 596.6166909807739
5164.211656808853, -5358.837032902654, 92.88555663020018
5165.134187221527, -5358.837032902654, 92.88555663020018
5165.599938392639, -5358.837032902654, 92.88555663020018
5166.226263523102, 2256.6897586598984, 564.2173285704365
5166.9952030181885, 2256.6897586598984, 564.2173285704365
5167.539744377136, 2256.6897586598984, 564.2173285704365
5168.000511646271, 2256.6897586598984, 564.2173285704365
5168.498178243637, 2256.6897586598984, 564.2173285704365
5169.05468916893, 2256.6897586598984, 564.2173285704365
5169.498500823975, 2256.6897586598984, 564.2173285704365
5170.212588787079, 1413.5611983128708, 178.08637375021047
5171.023416996002, 1413.5611983128708, 178.08637375021047
5171.544023513794, 1413.5611983128708, 178.08637375021047
5172.0456802845, 1413.5611983128708, 178.08637375021047
5172.762759685516, 1530.6307797575769, 920.4279643631244
5173.482831954956, 1530.6307797575769, 920.4279643631244
5173.964541912079, 1530.6307797575769, 920.4279643631244
5174.447249650955, 1530.6307797575769, 920.4279643631244
5175.279023170471, 2007.8459188489983, 396.78309157641127
5176.197562217712, 2430.3569067025182, 626.8162069855191
5176.992434501648, 2430.3569067025182, 626.8162069855191
5177.476140737534, 2430.3569067025182, 626.8162069855191
5178.280985355377, 2877.164222231237, 269.9142865517371
5179.0170130729675, 2877.164222231237, 269.9142865517371
5179.939543247223, 1955.9301343318423, 943.8336512317073
5180.597780227661, 1955.9301343318423, 943.8336512317073
5181.14431810379, 1955.9301343318423, 943.8336512317073
5182.1526165008545, 3986.7175146770037, 209.92278064099958
5183.038245677948, 3986.7175146770037, 209.92278064099958
5183.445157051086, 3986.7175146770037, 209.92278064099958
5184.197144269943, 617.8657457178429, 346.6096689931498
5184.934168815613, 617.8657457178429, 346.6096689931498
5185.42186331749, 617.8657457178429, 346.6096689931498
5185.953439474106, 617.8657457178429, 346.6096689931498
5186.429168462753, 617.8657457178429, 346.6096689931498
5186.949772357941, 617.8657457178429, 346.6096689931498
5187.425500154495, 617.8657457178429, 346.6096689931498
5187.904216766357, 617.8657457178429, 346.6096689931498
5188.7310037612915, 2228.8704658062397, 280.90683167084296
5189.489971160889, 2228.8704658062397, 280.90683167084296
5190.0205500125885, 2228.8704658062397, 280.90683167084296
5190.796473264694, 2280.362164483105, 251.05403538098392
5191.475654125214, 2280.362164483105, 251.05403538098392
5192.017203330994, 2280.362164483105, 251.05403538098392
5192.505895137787, 2280.362164483105, 251.05403538098392
5194.249226808548, 2172.005434917383, 482.9190067835989
5195.270492076874, 1846.2683860189954, 206.81107765650887
5195.960644006729, 1846.2683860189954, 206.81107765650887
5196.899131536484, 1915.9151312859933, 776.1139754033449
5197.636158943176, 1915.9151312859933, 776.1139754033449
5198.137814998627, 1915.9151312859933, 776.1139754033449
5199.105224847794, 1915.9151312859933, 776.1139754033449
5199.6527581214905, 2233.695538144709, 160.86516954777832
5200.480542182922, 2233.695538144709, 160.86516954777832
5203.271070718765, 1358.8920859807358, 28.31785315544907
5204.055969238281, 1358.8920859807358, 28.31785315544907
5204.6743133068085, 3811.723885747129, 101.39524718047224
5205.427296876907, 3811.723885747129, 101.39524718047224
5207.22647857666, 2106.7487011921467, 386.9418996224586
5208.1789293289185, 2233.698136369638, 209.81274024982727
5209.465482950211, 1599.2979548693495, 450.03526266190187
5210.196526527405, 1599.2979548693495, 450.03526266190187
5212.314854860306, 2278.2496427538963, 915.4720288857808
5213.231399774551, 2142.440345426295, 468.7238324034608
5214.222744941711, 1954.116683615655, 278.9344888222772
5217.364332914352, 419.5784337477421, 60.32255403598087
5218.3307473659515, 2523.83156338514, 986.4378449390541
5218.985991001129, 2523.83156338514, 986.4378449390541
5219.4896421432495, 2523.83156338514, 986.4378449390541
5220.324406862259, 3734.508904116167, 76112.13981432837
5220.978655338287, 3734.508904116167, 76112.13981432837
5221.548130273819, 3734.508904116167, 76112.13981432837
5222.01687669754, 3734.508904116167, 76112.13981432837
5222.536483764648, 3734.508904116167, 76112.13981432837
5222.992264032364, 3734.508904116167, 76112.13981432837
5223.437072753906, 3734.508904116167, 76112.13981432837
5224.067385196686, 3734.508904116167, 76112.13981432837
5224.529149055481, 3734.508904116167, 76112.13981432837
5225.017840147018, 3734.508904116167, 76112.13981432837
5225.5005469322205, 3734.508904116167, 76112.13981432837
5226.001206636429, 3734.508904116167, 76112.13981432837
5226.773139715195, 1298.2625009152957, 659.6283528817344
5227.480246543884, 1298.2625009152957, 659.6283528817344
5228.214281797409, 2432.5113110486063, 502.40305416134566
5228.946321249008, 2432.5113110486063, 502.40305416134566
5229.747176647186, 2804.6151785444536, 173.76710648939675
5230.484203577042, 2804.6151785444536, 173.76710648939675
5230.959929943085, 2804.6151785444536, 173.76710648939675
5231.7029395103455, 2395.5957107016366, 898.8621666972632
5232.510776758194, 2395.5957107016366, 898.8621666972632
5232.97652888298, 2395.5957107016366, 898.8621666972632
5233.737491369247, 72100.67340026784, 767.9948175641531
5234.702907323837, -33141.95893270208, 176.65096164119052
5235.714198589325, 1947.7878824593126, 349.3305478943059
5236.700558423996, 3824.925416820908, 197.02485375933549
5237.665972709656, 3969.0057916721903, 57.141466508406815
5243.73970913887, 3853.7169090554066, 198.80076683785114
5244.748010158539, 1940.0657808883539, 342.27218621175416
5245.680513143539, 1911.0085097443298, 168.05234640684225
5246.750647783279, 754.9001311397473, 408.4005992329751
5247.754959106445, 3462.8090253599526, 145.27933525967458
5252.127615451813, 2300.2101050569563, 137.7553757036066
5252.733010292053, 3385.8732181683636, 56.513112106964485
5253.498698472977, 3385.8732181683636, 56.513112106964485
5254.216477155685, 2119.048989051677, 634.4988740672352
5255.0302991867065, 2119.048989051677, 634.4988740672352
5256.181641578674, 2210.1561134805706, 298.1647732295278
5256.931853532791, 2210.1561134805706, 298.1647732295278
5257.3736708164215, 2210.1561134805706, 298.1647732295278
5257.941150903702, 2210.1561134805706, 298.1647732295278
5258.444892168045, 2210.1561134805706, 298.1647732295278
5259.239943265915, 3192.126024498885, 915.318816135614
5260.054761886597, 3192.126024498885, 915.318816135614
5260.588334560394, 3192.126024498885, 915.318816135614
5261.037130832672, 3192.126024498885, 915.318816135614
5261.449028015137, 3192.126024498885, 915.318816135614
5262.020498275757, 3192.126024498885, 915.318816135614
5264.179718494415, 2290.6842790989253, 544.1248055881523
5266.1963176727295, 663.3879815779542, 265.18351538625626
5268.197957754135, 970.4499213554398, 317.3295777518158
5269.264103651047, 1024.5594804204422, 113.29568770946744
5270.214558839798, 3017.2137654372045, 59.21619448886462
5271.303642749786, 2404.345702661059, 930.7866778550979
5272.215202093124, 2493.607984411872, 633.678963353018
5273.319246053696, 718.3702396033293, 54.15122218419454
5274.271695613861, -2890.1023689494396, 687.1620964758135
5274.971820116043, -2890.1023689494396, 687.1620964758135
5275.671946287155, 1306.2808660574983, 88.90784382264253
5276.50671172142, 1306.2808660574983, 88.90784382264253
5277.276650428772, 3890.637164720744, 906.5027274642594
5277.99871635437, 3890.637164720744, 906.5027274642594
5278.482422113419, 3890.637164720744, 906.5027274642594
5279.201497077942, 1821.02800192676, 334.97247059371153
5280.178879499435, 1962.0291095827263, 203.61422677785364
5281.1851851940155, 2604.805509435447, 89.59955959655102
5282.33610367775, 2030.344611049483, 247.34321724474802
5282.974395036697, 2030.344611049483, 247.34321724474802
5283.636621952057, 2294.601352654002, 819.4365794328598
5284.480362176895, 3788.0509964965795, 423.94477159163125
5285.18447804451, 3788.0509964965795, 423.94477159163125
5286.227684736252, 2410.804976919936, 846.2149912184555
5288.188435077667, 728.8710529336598, 294.47543420539824
5289.213682413101, 3063.478641985865, 838.5639917022962
5290.224974393845, 2147.4262003730128, 345.81888575540427
5291.184405326843, 220.10251819923573, 540.6937826709301
5292.146830797195, 2449.18213454096, 413.35570221780705
5292.876874923706, 2449.18213454096, 413.35570221780705
5293.624871730804, 2163.156587542426, 909.6908103235794
5294.269146442413, 1013.6913499497523, 125.08146350096024
5294.96528339386, 1013.6913499497523, 125.08146350096024
5295.668400764465, 2029.594994134197, 342.29296685839034
5296.399443149567, 2029.594994134197, 342.29296685839034
5297.319978475571, 2769.970093848995, 79.39942451258882
5297.968243122101, 2769.970093848995, 79.39942451258882
5298.688314199448, 2137.0042935834244, 259.0894586588883
5299.692627906799, 1040.389640926392, 124.72474186148999
5300.744807958603, 2338.45595773757, 27.427578890595072
5301.510757684708, 2338.45595773757, 27.427578890595072
5301.929636955261, 2338.45595773757, 27.427578890595072
5302.515068531036, 2338.45595773757, 27.427578890595072
5302.983813762665, 2338.45595773757, 27.427578890595072
5303.725827932358, 2251.42746046764, 209.86113754650518
5307.169606208801, 1272.049135652118, 123.50712931493378
5308.223784208298, 3147.8610605173326, 410.10474262937674
5308.9697868824005, 3147.8610605173326, 410.10474262937674
5309.751692771912, 2070.352560717449, 183.43036515418459
5310.497695922852, 2070.352560717449, 183.43036515418459
5310.991374015808, 2070.352560717449, 183.43036515418459
5311.7373769283295, 528.9117624118419, 221.47033037202016
5312.5033259391785, 528.9117624118419, 221.47033037202016
5312.982044935226, 528.9117624118419, 221.47033037202016
5314.188812971115, 3046.9990605474213, 286.48841174596737
5314.980692863464, 3046.9990605474213, 286.48841174596737
5315.534210681915, 3046.9990605474213, 286.48841174596737
5316.156545162201, 2019.7068129575778, 356.47915107717205
5316.894569158554, 2019.7068129575778, 356.47915107717205
5317.668496847153, 2690.312457688858, 589.5026989951773
5318.417491197586, 2690.312457688858, 589.5026989951773
5318.8862364292145, 2690.312457688858, 589.5026989951773
5319.660164117813, 2674.8386801265056, 919.5826375329566
5320.731295824051, 2882.387351843087, 155.32135983473069
5321.431421756744, 2882.387351843087, 155.32135983473069
5322.236267089844, 2756.2204124233313, 694.4297083521968
5323.244567155838, 2385.9625716378573, 884.0664556987946
5324.190035104752, 2284.5100905887675, -49502.869994421584
5325.008843898773, 2284.5100905887675, -49502.869994421584
5325.875523090363, 3398.968875718803, -0.8740199085089585
5326.5237865448, 3398.968875718803, -0.8740199085089585
5327.044393062592, 3398.968875718803, -0.8740199085089585
5327.761473417282, 2415.4192186304513, 533.2541683192394
5328.460601568222, 2415.4192186304513, 533.2541683192394
5328.931340932846, 2415.4192186304513, 533.2541683192394
5329.65939283371, 4771.085054774925, 166.96169646589445
5330.756453990936, 2840.3298896827478, 67.93595179474899
5331.629118204117, 1055.9524597114546, 116.34167043596976
5331.973196029663, 1055.9524597114546, 116.34167043596976
5332.407034635544, 1055.9524597114546, 116.34167043596976
5333.006430387497, 1055.9524597114546, 116.34167043596976
5334.62210392952, 335.44668914701947, 762.6717147285843
5335.123760223389, 1357.17898544575, 746.0242709528922
5335.354145526886, 1357.17898544575, 746.0242709528922
5335.933592796326, 1357.17898544575, 746.0242709528922
5336.435249567032, 1357.17898544575, 746.0242709528922
5336.936906576157, 1357.17898544575, 746.0242709528922
5337.386702299118, 1357.17898544575, 746.0242709528922
5337.933239221573, 1357.17898544575, 746.0242709528922
5338.3999898433685, 1357.17898544575, 746.0242709528922
5339.196856975555, 1965.1128492842963, 13.268395561712378
5340.177232027054, 583.1398129251306, 886.3738593261065
5341.1855318546295, 2387.675342801378, 382.8447866036865
5342.153938531876, 2173.5564353794302, 206.57670011359616
5342.947813034058, 2173.5564353794302, 206.57670011359616
5343.422542095184, 2173.5564353794302, 206.57670011359616
5343.960102796555, 2173.5564353794302, 206.57670011359616
5344.407904148102, 2173.5564353794302, 206.57670011359616
5344.928510665894, 2173.5564353794302, 206.57670011359616
5345.395259857178, 2173.5564353794302, 206.57670011359616
5345.938804864883, 2173.5564353794302, 206.57670011359616
5346.414530992508, 2173.5564353794302, 206.57670011359616
5349.584045648575, 1630.5903325503461, 184.6764206298953
5350.251258611679, 2335.2253374455927, 787.6084358340557
5350.9852929115295, 2335.2253374455927, 787.6084358340557
5351.4570298194885, 2335.2253374455927, 787.6084358340557
5352.272845745087, 2544.105056027212, 52.76083175042848
5352.956016302109, 2544.105056027212, 52.76083175042848
5353.666115283966, 4644.350749443897, 186.49525736614524
5354.459990739822, 4644.350749443897, 186.49525736614524
5355.269821405411, 283.2791203583175, 346.6083311150417
5356.303055047989, -210594.96982043373, 503.74474524953706
5357.537748813629, 921.438042328201, 767.2810913901177
5358.2847492694855, 4490.37124949321, 169.84271945927327
5359.41472530365, 434.9175616705655, 47.99384185675707
5360.242507457733, 2178.0689842375914, 906.9036417002748
5360.978537321091, 2178.0689842375914, 906.9036417002748
5361.505127429962, 2178.0689842375914, 906.9036417002748
5362.201262712479, 2270.9666240158845, 921.3086470294512
5362.98815703392, 2270.9666240158845, 921.3086470294512
5363.515743732452, 2270.9666240158845, 921.3086470294512
5364.361479520798, 2496.498238857537, 645.1260891108959
5365.2451140880585, 2233.714027190621, 477.519144252126
5366.277349948883, 2015.0372904710066, 308.2452732341577
5366.992434501648, 2015.0372904710066, 308.2452732341577
5367.712507724762, 532.1869627543616, 831.0765085355762
5368.53231215477, 532.1869627543616, 831.0765085355762
5369.016017198563, 532.1869627543616, 831.0765085355762
5369.558564424515, 532.1869627543616, 831.0765085355762
5369.961485385895, 532.1869627543616, 831.0765085355762
5370.564870357513, 532.1869627543616, 831.0765085355762
5371.037605762482, 532.1869627543616, 831.0765085355762
5371.578157186508, 532.1869627543616, 831.0765085355762
5372.045905590057, 532.1869627543616, 831.0765085355762
5372.758508682251, 439.3142227217391, 929.525406327666
5373.596266508102, 439.3142227217391, 929.525406327666
5374.054040193558, 439.3142227217391, 929.525406327666
5374.695324420929, 3993.9470445786487, 422.1568735843458
5375.66672205925, 2409.3562030613493, 569.6264693605204
